	.text
	.syntax unified
	.eabi_attribute	67, "2.09"	@ Tag_conformance
	.cpu	cortex-m0plus
	.eabi_attribute	6, 12	@ Tag_CPU_arch
	.eabi_attribute	7, 77	@ Tag_CPU_arch_profile
	.eabi_attribute	8, 0	@ Tag_ARM_ISA_use
	.eabi_attribute	9, 1	@ Tag_THUMB_ISA_use
	.eabi_attribute	34, 0	@ Tag_CPU_unaligned_access
	.eabi_attribute	17, 1	@ Tag_ABI_PCS_GOT_use
	.eabi_attribute	20, 2	@ Tag_ABI_FP_denormal
	.eabi_attribute	21, 0	@ Tag_ABI_FP_exceptions
	.eabi_attribute	23, 1	@ Tag_ABI_FP_number_model
	.eabi_attribute	24, 1	@ Tag_ABI_align_needed
	.eabi_attribute	25, 1	@ Tag_ABI_align_preserved
	.eabi_attribute	38, 1	@ Tag_ABI_FP_16bit_format
	.eabi_attribute	18, 2	@ Tag_ABI_PCS_wchar_t
	.eabi_attribute	26, 1	@ Tag_ABI_enum_size
	.eabi_attribute	14, 0	@ Tag_ABI_PCS_R9_use
	.file	"adc_531.c"
	.file	1 "C:\\Users\\teodor\\Desktop\\stem\\codeless\\6.0.24.1464\\projects\\target_apps\\ble_examples\\empty_peripheral_template\\Keil_5" "../../../../../sdk/platform/driver/adc\\adc_531.h"
	.file	2 "C:\\Users\\teodor\\Desktop\\stem\\codeless\\6.0.24.1464\\projects\\target_apps\\ble_examples\\empty_peripheral_template\\Keil_5" "../../../../../sdk/platform/driver/adc/adc_531.c"
	.file	3 "C:\\Users\\teodor" "AppData\\Local\\Keil_v5\\ARM\\ARMCLANG\\bin\\..\\include\\stdint.h"
	.file	4 "C:\\Users\\teodor\\Desktop\\stem\\codeless\\6.0.24.1464\\projects\\target_apps\\ble_examples\\empty_peripheral_template\\Keil_5" "./../../../../../sdk/platform/include\\da14535.h"
	.file	5 "C:\\Users\\teodor\\Desktop\\stem\\codeless\\6.0.24.1464\\projects\\target_apps\\ble_examples\\empty_peripheral_template\\Keil_5" "../../../../../sdk/platform/include/CMSIS/5.9.0/CMSIS/Core/Include\\core_cm0plus.h"
	.hidden	adc_init                        @ -- Begin function adc_init
	.globl	adc_init
	.p2align	2
	.type	adc_init,%function
	.code	16                              @ @adc_init
	.thumb_func
adc_init:
.Lfunc_begin0:
	.loc	2 260 0                         @ ../../../../../sdk/platform/driver/adc/adc_531.c:260:0
	.fnstart
	.cfi_sections .debug_frame
	.cfi_startproc
@ %bb.0:
	@DEBUG_VALUE: adc_init:cfg <- $r0
	.save	{r4, r5, r6, lr}
	.pad	#16
	push	{r0, r1, r2, r3, r4, r5, r6, lr}
	.cfi_def_cfa_offset 32
	.cfi_offset lr, -4
	.cfi_offset r6, -8
	.cfi_offset r5, -12
	.cfi_offset r4, -16
.Ltmp0:
	.loc	2 262 28 prologue_end           @ ../../../../../sdk/platform/driver/adc/adc_531.c:262:28
	ldr	r1, __arm_cp.0_0
	add	r3, sp, #4
	mov	r2, r3
	ldm	r1!, {r4, r5, r6}
	stm	r2!, {r4, r5, r6}
	movs	r1, #124
.Ltmp1:
	.file	6 "C:\\Users\\teodor\\Desktop\\stem\\codeless\\6.0.24.1464\\projects\\target_apps\\ble_examples\\empty_peripheral_template\\Keil_5" "./../../../../../sdk/platform/utilities/otp_cs\\otp_cs.h"
	.loc	6 377 31                        @ ./../../../../../sdk/platform/utilities/otp_cs\otp_cs.h:377:31
	ldr	r2, __arm_cp.0_1
	ldrh	r1, [r2, r1]
.Ltmp2:
	.loc	2 263 51                        @ ../../../../../sdk/platform/driver/adc/adc_531.c:263:51
	lsrs	r1, r1, #4
	.loc	2 263 21 is_stmt 0              @ ../../../../../sdk/platform/driver/adc/adc_531.c:263:21
	strb	r1, [r3, #4]
	.loc	2 264 5 is_stmt 1               @ ../../../../../sdk/platform/driver/adc/adc_531.c:264:5
	ldr	r1, __arm_cp.0_2
	bl	adc_init_ROM
.Ltmp3:
	@DEBUG_VALUE: adc_init:cfg <- [DW_OP_LLVM_entry_value 1] $r0
	.loc	2 268 1 epilogue_begin          @ ../../../../../sdk/platform/driver/adc/adc_531.c:268:1
	pop	{r0, r1, r2, r3, r4, r5, r6, pc}
.Ltmp4:
	.loc	2 0 1 is_stmt 0                 @ :0:1
.Ltmp5:
	.p2align	2
@ %bb.1:
__arm_cp.0_0:
	.long	.L__const.adc_offset_calibrate.fixed
.Lcpi_end0:
	.size	__arm_cp.0_0, .Lcpi_end0-__arm_cp.0_0
__arm_cp.0_1:
	.long	otp_cs
.Lcpi_end1:
	.size	__arm_cp.0_1, .Lcpi_end1-__arm_cp.0_1
__arm_cp.0_2:
	.long	cal_val
.Lcpi_end2:
	.size	__arm_cp.0_2, .Lcpi_end2-__arm_cp.0_2
.Lfunc_end0:
	.size	adc_init, .Lfunc_end0-adc_init
	.cfi_endproc
	.cantunwind
	.fnend
                                        @ -- End function
	.hidden	adc_input_shift_enable          @ -- Begin function adc_input_shift_enable
	.globl	adc_input_shift_enable
	.p2align	1
	.type	adc_input_shift_enable,%function
	.code	16                              @ @adc_input_shift_enable
	.thumb_func
adc_input_shift_enable:
.Lfunc_begin1:
	.fnstart
	.cfi_startproc
@ %bb.0:
	.loc	2 313 1 prologue_end is_stmt 1  @ ../../../../../sdk/platform/driver/adc/adc_531.c:313:1
	bx	lr
.Ltmp6:
.Lfunc_end1:
	.size	adc_input_shift_enable, .Lfunc_end1-adc_input_shift_enable
	.cfi_endproc
	.cantunwind
	.fnend
                                        @ -- End function
	.hidden	adc_input_shift_disable         @ -- Begin function adc_input_shift_disable
	.globl	adc_input_shift_disable
	.p2align	1
	.type	adc_input_shift_disable,%function
	.code	16                              @ @adc_input_shift_disable
	.thumb_func
adc_input_shift_disable:
.Lfunc_begin2:
	.fnstart
	.cfi_startproc
@ %bb.0:
	.loc	2 320 1 prologue_end            @ ../../../../../sdk/platform/driver/adc/adc_531.c:320:1
	bx	lr
.Ltmp7:
.Lfunc_end2:
	.size	adc_input_shift_disable, .Lfunc_end2-adc_input_shift_disable
	.cfi_endproc
	.cantunwind
	.fnend
                                        @ -- End function
	.hidden	adc_input_shift_config          @ -- Begin function adc_input_shift_config
	.globl	adc_input_shift_config
	.p2align	1
	.type	adc_input_shift_config,%function
	.code	16                              @ @adc_input_shift_config
	.thumb_func
adc_input_shift_config:
.Lfunc_begin3:
	.fnstart
	.cfi_startproc
@ %bb.0:
	@DEBUG_VALUE: adc_input_shift_config:gain <- $r0
	@DEBUG_VALUE: adc_input_shift_config:cm <- $r1
	.loc	2 330 1 prologue_end            @ ../../../../../sdk/platform/driver/adc/adc_531.c:330:1
	bx	lr
.Ltmp8:
.Lfunc_end3:
	.size	adc_input_shift_config, .Lfunc_end3-adc_input_shift_config
	.cfi_endproc
	.cantunwind
	.fnend
                                        @ -- End function
	.hidden	adc_register_interrupt          @ -- Begin function adc_register_interrupt
	.globl	adc_register_interrupt
	.p2align	2
	.type	adc_register_interrupt,%function
	.code	16                              @ @adc_register_interrupt
	.thumb_func
adc_register_interrupt:
.Lfunc_begin4:
	.loc	2 345 0                         @ ../../../../../sdk/platform/driver/adc/adc_531.c:345:0
	.fnstart
	.cfi_startproc
@ %bb.0:
	@DEBUG_VALUE: adc_register_interrupt:callback <- $r0
	ldr	r1, __arm_cp.4_0
.Ltmp9:
	.loc	2 347 5 prologue_end            @ ../../../../../sdk/platform/driver/adc/adc_531.c:347:5
	ldrh	r2, [r1]
	movs	r3, #32
	orrs	r3, r2
	strh	r3, [r1]
	.loc	2 346 13                        @ ../../../../../sdk/platform/driver/adc/adc_531.c:346:13
	ldr	r1, __arm_cp.4_1
	str	r0, [r1]
	movs	r0, #255
.Ltmp10:
	@DEBUG_VALUE: adc_register_interrupt:callback <- [DW_OP_LLVM_entry_value 1] $r0
	.loc	2 0 13 is_stmt 0                @ ../../../../../sdk/platform/driver/adc/adc_531.c:0:13
	lsls	r0, r0, #16
	ldr	r1, __arm_cp.4_2
.Ltmp11:
	@DEBUG_VALUE: __NVIC_SetPriority:priority <- 2
	@DEBUG_VALUE: __NVIC_SetPriority:IRQn <- 6
	.loc	5 854 44 is_stmt 1              @ ../../../../../sdk/platform/include/CMSIS/5.9.0/CMSIS/Core/Include\core_cm0plus.h:854:44
	ldr	r2, [r1]
	.loc	5 854 69 is_stmt 0              @ ../../../../../sdk/platform/include/CMSIS/5.9.0/CMSIS/Core/Include\core_cm0plus.h:854:69
	bics	r2, r0
	movs	r0, #1
	lsls	r0, r0, #23
	.loc	5 854 102                       @ ../../../../../sdk/platform/include/CMSIS/5.9.0/CMSIS/Core/Include\core_cm0plus.h:854:102
	adds	r0, r2, r0
	.loc	5 854 30                        @ ../../../../../sdk/platform/include/CMSIS/5.9.0/CMSIS/Core/Include\core_cm0plus.h:854:30
	str	r0, [r1]
.Ltmp12:
	@DEBUG_VALUE: __NVIC_EnableIRQ:IRQn <- 6
	.loc	5 745 5 is_stmt 1               @ ../../../../../sdk/platform/include/CMSIS/5.9.0/CMSIS/Core/Include\core_cm0plus.h:745:5
	@APP
	@NO_APP
	ldr	r0, __arm_cp.4_3
	movs	r1, #64
	.loc	5 746 20                        @ ../../../../../sdk/platform/include/CMSIS/5.9.0/CMSIS/Core/Include\core_cm0plus.h:746:20
	str	r1, [r0]
	.loc	5 747 5                         @ ../../../../../sdk/platform/include/CMSIS/5.9.0/CMSIS/Core/Include\core_cm0plus.h:747:5
	@APP
	@NO_APP
.Ltmp13:
	.loc	2 353 1                         @ ../../../../../sdk/platform/driver/adc/adc_531.c:353:1
	bx	lr
.Ltmp14:
	.loc	2 0 1 is_stmt 0                 @ :0:1
.Ltmp15:
	.p2align	2
@ %bb.1:
__arm_cp.4_0:
	.long	1342182656                      @ 0x50001500
.Lcpi_end3:
	.size	__arm_cp.4_0, .Lcpi_end3-__arm_cp.4_0
__arm_cp.4_1:
	.long	intr_cb
.Lcpi_end4:
	.size	__arm_cp.4_1, .Lcpi_end4-__arm_cp.4_1
__arm_cp.4_2:
	.long	3758154756                      @ 0xe000e404
.Lcpi_end5:
	.size	__arm_cp.4_2, .Lcpi_end5-__arm_cp.4_2
__arm_cp.4_3:
	.long	3758153984                      @ 0xe000e100
.Lcpi_end6:
	.size	__arm_cp.4_3, .Lcpi_end6-__arm_cp.4_3
.Lfunc_end4:
	.size	adc_register_interrupt, .Lfunc_end4-adc_register_interrupt
	.cfi_endproc
	.cantunwind
	.fnend
                                        @ -- End function
	.hidden	adc_unregister_interrupt        @ -- Begin function adc_unregister_interrupt
	.globl	adc_unregister_interrupt
	.p2align	2
	.type	adc_unregister_interrupt,%function
	.code	16                              @ @adc_unregister_interrupt
	.thumb_func
adc_unregister_interrupt:
.Lfunc_begin5:
	.loc	2 356 0 is_stmt 1               @ ../../../../../sdk/platform/driver/adc/adc_531.c:356:0
	.fnstart
	.cfi_startproc
@ %bb.0:
	ldr	r0, __arm_cp.5_0
	movs	r1, #64
.Ltmp16:
	@DEBUG_VALUE: __NVIC_DisableIRQ:IRQn <- 6
	.loc	5 783 20 prologue_end           @ ../../../../../sdk/platform/include/CMSIS/5.9.0/CMSIS/Core/Include\core_cm0plus.h:783:20
	str	r1, [r0]
	.loc	5 784 5                         @ ../../../../../sdk/platform/include/CMSIS/5.9.0/CMSIS/Core/Include\core_cm0plus.h:784:5
	dsb	sy
	.loc	5 785 5                         @ ../../../../../sdk/platform/include/CMSIS/5.9.0/CMSIS/Core/Include\core_cm0plus.h:785:5
	isb	sy
	ldr	r0, __arm_cp.5_1
.Ltmp17:
	.loc	2 358 5                         @ ../../../../../sdk/platform/driver/adc/adc_531.c:358:5
	ldrh	r2, [r0]
	movs	r3, #32
	bics	r2, r3
	strh	r2, [r0]
	.loc	2 360 13                        @ ../../../../../sdk/platform/driver/adc/adc_531.c:360:13
	ldr	r0, __arm_cp.5_2
	movs	r2, #0
	str	r2, [r0]
	ldr	r0, __arm_cp.5_3
.Ltmp18:
	@DEBUG_VALUE: __NVIC_ClearPendingIRQ:IRQn <- 6
	.loc	5 836 20                        @ ../../../../../sdk/platform/include/CMSIS/5.9.0/CMSIS/Core/Include\core_cm0plus.h:836:20
	str	r1, [r0]
.Ltmp19:
	.loc	2 361 1                         @ ../../../../../sdk/platform/driver/adc/adc_531.c:361:1
	bx	lr
.Ltmp20:
	.loc	2 0 1 is_stmt 0                 @ :0:1
.Ltmp21:
	.p2align	2
@ %bb.1:
__arm_cp.5_0:
	.long	3758154112                      @ 0xe000e180
.Lcpi_end7:
	.size	__arm_cp.5_0, .Lcpi_end7-__arm_cp.5_0
__arm_cp.5_1:
	.long	1342182656                      @ 0x50001500
.Lcpi_end8:
	.size	__arm_cp.5_1, .Lcpi_end8-__arm_cp.5_1
__arm_cp.5_2:
	.long	intr_cb
.Lcpi_end9:
	.size	__arm_cp.5_2, .Lcpi_end9-__arm_cp.5_2
__arm_cp.5_3:
	.long	3758154368                      @ 0xe000e280
.Lcpi_end10:
	.size	__arm_cp.5_3, .Lcpi_end10-__arm_cp.5_3
.Lfunc_end5:
	.size	adc_unregister_interrupt, .Lfunc_end5-adc_unregister_interrupt
	.cfi_endproc
	.cantunwind
	.fnend
                                        @ -- End function
	.hidden	adc_offset_calibrate            @ -- Begin function adc_offset_calibrate
	.globl	adc_offset_calibrate
	.p2align	2
	.type	adc_offset_calibrate,%function
	.code	16                              @ @adc_offset_calibrate
	.thumb_func
adc_offset_calibrate:
.Lfunc_begin6:
	.loc	2 418 0 is_stmt 1               @ ../../../../../sdk/platform/driver/adc/adc_531.c:418:0
	.fnstart
	.cfi_startproc
@ %bb.0:
	@DEBUG_VALUE: adc_offset_calibrate:input_mode <- $r0
	.save	{r4, r5, r6, lr}
	.pad	#16
	push	{r0, r1, r2, r3, r4, r5, r6, lr}
	.cfi_def_cfa_offset 32
	.cfi_offset lr, -4
	.cfi_offset r6, -8
	.cfi_offset r5, -12
	.cfi_offset r4, -16
.Ltmp22:
	.loc	2 420 28 prologue_end           @ ../../../../../sdk/platform/driver/adc/adc_531.c:420:28
	ldr	r1, __arm_cp.6_0
	add	r3, sp, #4
	mov	r2, r3
	ldm	r1!, {r4, r5, r6}
	stm	r2!, {r4, r5, r6}
	movs	r1, #124
.Ltmp23:
	.loc	6 377 31                        @ ./../../../../../sdk/platform/utilities/otp_cs\otp_cs.h:377:31
	ldr	r2, __arm_cp.6_1
	ldrh	r1, [r2, r1]
.Ltmp24:
	.loc	2 421 51                        @ ../../../../../sdk/platform/driver/adc/adc_531.c:421:51
	lsrs	r1, r1, #4
	.loc	2 421 21 is_stmt 0              @ ../../../../../sdk/platform/driver/adc/adc_531.c:421:21
	strb	r1, [r3, #4]
	.loc	2 422 5 is_stmt 1               @ ../../../../../sdk/platform/driver/adc/adc_531.c:422:5
	ldr	r1, __arm_cp.6_2
	bl	adc_offset_calibrate_ROM
.Ltmp25:
	@DEBUG_VALUE: adc_offset_calibrate:input_mode <- [DW_OP_LLVM_entry_value 1] $r0
	.loc	2 426 1 epilogue_begin          @ ../../../../../sdk/platform/driver/adc/adc_531.c:426:1
	pop	{r0, r1, r2, r3, r4, r5, r6, pc}
.Ltmp26:
	.loc	2 0 1 is_stmt 0                 @ :0:1
.Ltmp27:
	.p2align	2
@ %bb.1:
__arm_cp.6_0:
	.long	.L__const.adc_offset_calibrate.fixed
.Lcpi_end11:
	.size	__arm_cp.6_0, .Lcpi_end11-__arm_cp.6_0
__arm_cp.6_1:
	.long	otp_cs
.Lcpi_end12:
	.size	__arm_cp.6_1, .Lcpi_end12-__arm_cp.6_1
__arm_cp.6_2:
	.long	cal_val
.Lcpi_end13:
	.size	__arm_cp.6_2, .Lcpi_end13-__arm_cp.6_2
.Lfunc_end6:
	.size	adc_offset_calibrate, .Lfunc_end6-adc_offset_calibrate
	.cfi_endproc
	.cantunwind
	.fnend
                                        @ -- End function
	.hidden	ADC_Handler                     @ -- Begin function ADC_Handler
	.globl	ADC_Handler
	.p2align	2
	.type	ADC_Handler,%function
	.code	16                              @ @ADC_Handler
	.thumb_func
ADC_Handler:
.Lfunc_begin7:
	.loc	2 516 0 is_stmt 1               @ ../../../../../sdk/platform/driver/adc/adc_531.c:516:0
	.fnstart
	.cfi_startproc
@ %bb.0:
	.save	{r7, lr}
	push	{r7, lr}
	.cfi_def_cfa_offset 8
	.cfi_offset lr, -4
	.cfi_offset r7, -8
	ldr	r0, __arm_cp.7_0
	movs	r1, #1
.Ltmp28:
	.loc	1 288 5 prologue_end            @ ../../../../../sdk/platform/driver/adc\adc_531.h:288:5
	strh	r1, [r0]
.Ltmp29:
	.loc	2 519 9                         @ ../../../../../sdk/platform/driver/adc/adc_531.c:519:9
	ldr	r0, __arm_cp.7_1
	ldr	r0, [r0]
.Ltmp30:
	.loc	2 519 9 is_stmt 0               @ ../../../../../sdk/platform/driver/adc/adc_531.c:519:9
	cmp	r0, #0
	beq	.LBB7_2
@ %bb.1:
.Ltmp31:
	.loc	2 521 9 is_stmt 1               @ ../../../../../sdk/platform/driver/adc/adc_531.c:521:9
	blx	r0
.Ltmp32:
.LBB7_2:
	.loc	2 523 1 epilogue_begin          @ ../../../../../sdk/platform/driver/adc/adc_531.c:523:1
	pop	{r7, pc}
.Ltmp33:
	.loc	2 0 1 is_stmt 0                 @ :0:1
.Ltmp34:
	.p2align	2
@ %bb.3:
__arm_cp.7_0:
	.long	1342182670                      @ 0x5000150e
.Lcpi_end14:
	.size	__arm_cp.7_0, .Lcpi_end14-__arm_cp.7_0
__arm_cp.7_1:
	.long	intr_cb
.Lcpi_end15:
	.size	__arm_cp.7_1, .Lcpi_end15-__arm_cp.7_1
.Lfunc_end7:
	.size	ADC_Handler, .Lfunc_end7-ADC_Handler
	.cfi_endproc
	.cantunwind
	.fnend
                                        @ -- End function
	.hidden	adc_correct_sample              @ -- Begin function adc_correct_sample
	.globl	adc_correct_sample
	.p2align	2
	.type	adc_correct_sample,%function
	.code	16                              @ @adc_correct_sample
	.thumb_func
adc_correct_sample:
.Lfunc_begin8:
	.loc	2 593 0 is_stmt 1               @ ../../../../../sdk/platform/driver/adc/adc_531.c:593:0
	.fnstart
	.cfi_startproc
@ %bb.0:
	@DEBUG_VALUE: adc_correct_sample:adc_val <- $r0
	.save	{r7, lr}
	push	{r7, lr}
	.cfi_def_cfa_offset 8
	.cfi_offset lr, -4
	.cfi_offset r7, -8
.Ltmp35:
	@DEBUG_VALUE: adc_correct_sample:oversample <- 6
	.loc	2 595 12 prologue_end           @ ../../../../../sdk/platform/driver/adc/adc_531.c:595:12
	ldr	r1, __arm_cp.8_0
	movs	r2, #6
	bl	adc_correct_sample_ROM
.Ltmp36:
	@DEBUG_VALUE: adc_correct_sample:adc_val <- [DW_OP_LLVM_entry_value 1] $r0
	.loc	2 595 5 epilogue_begin is_stmt 0 @ ../../../../../sdk/platform/driver/adc/adc_531.c:595:5
	pop	{r7, pc}
.Ltmp37:
	.loc	2 0 5                           @ :0:5
.Ltmp38:
	.p2align	2
@ %bb.1:
__arm_cp.8_0:
	.long	otp_cs
.Lcpi_end16:
	.size	__arm_cp.8_0, .Lcpi_end16-__arm_cp.8_0
.Lfunc_end8:
	.size	adc_correct_sample, .Lfunc_end8-adc_correct_sample
	.cfi_endproc
	.cantunwind
	.fnend
                                        @ -- End function
	.hidden	adc_temp_sensor_enable          @ -- Begin function adc_temp_sensor_enable
	.globl	adc_temp_sensor_enable
	.p2align	2
	.type	adc_temp_sensor_enable,%function
	.code	16                              @ @adc_temp_sensor_enable
	.thumb_func
adc_temp_sensor_enable:
.Lfunc_begin9:
	.loc	2 606 0 is_stmt 1               @ ../../../../../sdk/platform/driver/adc/adc_531.c:606:0
	.fnstart
	.cfi_startproc
@ %bb.0:
	movs	r0, #1
	lsls	r0, r0, #12
	ldr	r1, __arm_cp.9_0
.Ltmp39:
	.loc	2 607 5 prologue_end            @ ../../../../../sdk/platform/driver/adc/adc_531.c:607:5
	ldrh	r2, [r1]
	orrs	r2, r0
	strh	r2, [r1]
	.loc	2 614 1                         @ ../../../../../sdk/platform/driver/adc/adc_531.c:614:1
	bx	lr
.Ltmp40:
	.loc	2 0 1 is_stmt 0                 @ :0:1
.Ltmp41:
	.p2align	2
@ %bb.1:
__arm_cp.9_0:
	.long	1342182656                      @ 0x50001500
.Lcpi_end17:
	.size	__arm_cp.9_0, .Lcpi_end17-__arm_cp.9_0
.Lfunc_end9:
	.size	adc_temp_sensor_enable, .Lfunc_end9-adc_temp_sensor_enable
	.cfi_endproc
	.cantunwind
	.fnend
                                        @ -- End function
	.hidden	adc_get_temp                    @ -- Begin function adc_get_temp
	.globl	adc_get_temp
	.p2align	1
	.type	adc_get_temp,%function
	.code	16                              @ @adc_get_temp
	.thumb_func
adc_get_temp:
.Lfunc_begin10:
	.loc	2 655 0 is_stmt 1               @ ../../../../../sdk/platform/driver/adc/adc_531.c:655:0
	.fnstart
	.cfi_startproc
@ %bb.0:
	.save	{r7, lr}
	push	{r7, lr}
	.cfi_def_cfa_offset 8
	.cfi_offset lr, -4
	.cfi_offset r7, -8
.Ltmp42:
	.loc	2 656 22 prologue_end           @ ../../../../../sdk/platform/driver/adc/adc_531.c:656:22
	bl	adc_get_temp_ROM
.Ltmp43:
	.loc	2 656 12 is_stmt 0              @ ../../../../../sdk/platform/driver/adc/adc_531.c:656:12
	bl	temp_calc
.Ltmp44:
	.loc	2 656 5 epilogue_begin          @ ../../../../../sdk/platform/driver/adc/adc_531.c:656:5
	pop	{r7, pc}
.Ltmp45:
.Lfunc_end10:
	.size	adc_get_temp, .Lfunc_end10-adc_get_temp
	.cfi_endproc
	.cantunwind
	.fnend
                                        @ -- End function
	.p2align	2                               @ -- Begin function temp_calc
	.type	temp_calc,%function
	.code	16                              @ @temp_calc
	.thumb_func
temp_calc:
.Lfunc_begin11:
	.loc	2 627 0 is_stmt 1               @ ../../../../../sdk/platform/driver/adc/adc_531.c:627:0
	.fnstart
	.cfi_startproc
@ %bb.0:
	@DEBUG_VALUE: temp_calc:adc_sample <- $r0
	.save	{r7, lr}
	push	{r7, lr}
	.cfi_def_cfa_offset 8
	.cfi_offset lr, -4
	.cfi_offset r7, -8
.Ltmp46:
	@DEBUG_VALUE: temp_calc:temp_coef <- 2300
	.loc	2 635 45 prologue_end           @ ../../../../../sdk/platform/driver/adc/adc_531.c:635:45
	ldr	r1, __arm_cp.11_0
	ldrh	r1, [r1]
	.loc	2 635 43 is_stmt 0              @ ../../../../../sdk/platform/driver/adc/adc_531.c:635:43
	subs	r0, r0, r1
.Ltmp47:
	@DEBUG_VALUE: temp_calc:adc_sample <- [DW_OP_LLVM_entry_value 1] $r0
	.loc	2 0 43                          @ ../../../../../sdk/platform/driver/adc/adc_531.c:0:43
	movs	r1, #125
	lsls	r2, r1, #3
	.loc	2 635 54                        @ ../../../../../sdk/platform/driver/adc/adc_531.c:635:54
	mov	r1, r2
	muls	r1, r0, r1
.Ltmp48:
	@DEBUG_VALUE: temp_calc:temp <- $r1
	.loc	2 636 9 is_stmt 1               @ ../../../../../sdk/platform/driver/adc/adc_531.c:636:9
	cmp	r0, #0
	bgt	.LBB11_2
.Ltmp49:
@ %bb.1:
	@DEBUG_VALUE: temp_calc:temp <- $r1
	@DEBUG_VALUE: temp_calc:adc_sample <- [DW_OP_LLVM_entry_value 1] $r0
	@DEBUG_VALUE: temp_calc:temp_coef <- 2300
	.loc	2 0 9 is_stmt 0                 @ ../../../../../sdk/platform/driver/adc/adc_531.c:0:9
	ldr	r2, __arm_cp.11_1
	adds	r1, r1, r2
.Ltmp50:
	asrs	r0, r0, #31
	ands	r0, r1
	b	.LBB11_3
.Ltmp51:
.LBB11_2:
	@DEBUG_VALUE: temp_calc:temp <- $r1
	@DEBUG_VALUE: temp_calc:adc_sample <- [DW_OP_LLVM_entry_value 1] $r0
	@DEBUG_VALUE: temp_calc:temp_coef <- 2300
	.loc	2 636 9                         @ ../../../../../sdk/platform/driver/adc/adc_531.c:636:9
	adds	r0, r1, r2
	adds	r0, #150
.Ltmp52:
.LBB11_3:
	@DEBUG_VALUE: temp_calc:adc_sample <- [DW_OP_LLVM_entry_value 1] $r0
	@DEBUG_VALUE: temp_calc:temp_coef <- 2300
	@DEBUG_VALUE: temp_calc:temp <- $r0
	.loc	2 0 9                           @ ../../../../../sdk/platform/driver/adc/adc_531.c:0:9
	ldr	r1, __arm_cp.11_2
	.loc	2 644 35 is_stmt 1              @ ../../../../../sdk/platform/driver/adc/adc_531.c:644:35
	bl	__aeabi_idiv
.Ltmp53:
	.loc	2 644 48 is_stmt 0              @ ../../../../../sdk/platform/driver/adc/adc_531.c:644:48
	lsrs	r0, r0, #6
	.loc	2 644 13                        @ ../../../../../sdk/platform/driver/adc/adc_531.c:644:13
	adds	r0, #25
	.loc	2 644 5                         @ ../../../../../sdk/platform/driver/adc/adc_531.c:644:5
	sxtb	r0, r0
	.loc	2 644 5 epilogue_begin          @ ../../../../../sdk/platform/driver/adc/adc_531.c:644:5
	pop	{r7, pc}
.Ltmp54:
	.loc	2 0 5                           @ :0:5
.Ltmp55:
	.p2align	2
@ %bb.4:
__arm_cp.11_0:
	.long	cal_val
.Lcpi_end18:
	.size	__arm_cp.11_0, .Lcpi_end18-__arm_cp.11_0
__arm_cp.11_1:
	.long	4294966146                      @ 0xfffffb82
.Lcpi_end19:
	.size	__arm_cp.11_1, .Lcpi_end19-__arm_cp.11_1
__arm_cp.11_2:
	.long	2300                            @ 0x8fc
.Lcpi_end20:
	.size	__arm_cp.11_2, .Lcpi_end20-__arm_cp.11_2
.Lfunc_end11:
	.size	temp_calc, .Lfunc_end11-temp_calc
	.cfi_endproc
	.cantunwind
	.fnend
                                        @ -- End function
	.hidden	adc_get_temp_async              @ -- Begin function adc_get_temp_async
	.globl	adc_get_temp_async
	.p2align	2
	.type	adc_get_temp_async,%function
	.code	16                              @ @adc_get_temp_async
	.thumb_func
adc_get_temp_async:
.Lfunc_begin12:
	.loc	2 681 0 is_stmt 1               @ ../../../../../sdk/platform/driver/adc/adc_531.c:681:0
	.fnstart
	.cfi_startproc
@ %bb.0:
	@DEBUG_VALUE: adc_get_temp_async:adc_samples <- $r0
	@DEBUG_VALUE: adc_get_temp_async:len <- $r1
	@DEBUG_VALUE: adc_get_temp_async:temp_values <- $r2
	.save	{r4, r5, r6, lr}
	push	{r4, r5, r6, lr}
	.cfi_def_cfa_offset 16
	.cfi_offset lr, -4
	.cfi_offset r6, -8
	.cfi_offset r5, -12
	.cfi_offset r4, -16
	mov	r4, r2
.Ltmp56:
	@DEBUG_VALUE: adc_get_temp_async:temp_values <- $r4
	mov	r5, r1
.Ltmp57:
	@DEBUG_VALUE: adc_get_temp_async:len <- $r5
	mov	r6, r0
.Ltmp58:
	@DEBUG_VALUE: adc_get_temp_async:adc_samples <- $r6
	ldr	r0, __arm_cp.12_0
	movs	r1, #1
.Ltmp59:
	.loc	1 288 5 prologue_end            @ ../../../../../sdk/platform/driver/adc\adc_531.h:288:5
	strh	r1, [r0]
.Ltmp60:
	@DEBUG_VALUE: i <- 0
.LBB12_1:                               @ =>This Inner Loop Header: Depth=1
	@DEBUG_VALUE: i <- [DW_OP_LLVM_arg 0, DW_OP_LLVM_arg 0, DW_OP_LLVM_convert 32 7, DW_OP_minus, DW_OP_consts 18446744073709551615, DW_OP_div, DW_OP_stack_value] undef
	.loc	2 685 5                         @ ../../../../../sdk/platform/driver/adc/adc_531.c:685:5
	cmp	r5, #0
	beq	.LBB12_3
.Ltmp61:
@ %bb.2:                                @   in Loop: Header=BB12_1 Depth=1
	.loc	2 687 36                        @ ../../../../../sdk/platform/driver/adc/adc_531.c:687:36
	ldrh	r0, [r6]
	.loc	2 687 26 is_stmt 0              @ ../../../../../sdk/platform/driver/adc/adc_531.c:687:26
	bl	temp_calc
.Ltmp62:
	.loc	2 687 24                        @ ../../../../../sdk/platform/driver/adc/adc_531.c:687:24
	strb	r0, [r4]
.Ltmp63:
	.loc	2 685 5 is_stmt 1               @ ../../../../../sdk/platform/driver/adc/adc_531.c:685:5
	adds	r6, r6, #2
.Ltmp64:
	@DEBUG_VALUE: adc_get_temp_async:adc_samples <- [DW_OP_LLVM_entry_value 1] $r0
	adds	r4, r4, #1
.Ltmp65:
	@DEBUG_VALUE: adc_get_temp_async:temp_values <- [DW_OP_LLVM_entry_value 1] $r2
	@DEBUG_VALUE: i <- [DW_OP_LLVM_arg 0, DW_OP_LLVM_arg 0, DW_OP_LLVM_convert 32 7, DW_OP_minus, DW_OP_consts 18446744073709551615, DW_OP_div, DW_OP_consts 1, DW_OP_plus, DW_OP_stack_value] undef
	subs	r5, r5, #1
.Ltmp66:
	@DEBUG_VALUE: adc_get_temp_async:len <- [DW_OP_LLVM_entry_value 1] $r1
	b	.LBB12_1
.Ltmp67:
.LBB12_3:
	.loc	2 689 1 epilogue_begin          @ ../../../../../sdk/platform/driver/adc/adc_531.c:689:1
	pop	{r4, r5, r6, pc}
.Ltmp68:
	.loc	2 0 1 is_stmt 0                 @ :0:1
.Ltmp69:
	.p2align	2
@ %bb.4:
__arm_cp.12_0:
	.long	1342182670                      @ 0x5000150e
.Lcpi_end21:
	.size	__arm_cp.12_0, .Lcpi_end21-__arm_cp.12_0
.Lfunc_end12:
	.size	adc_get_temp_async, .Lfunc_end12-adc_get_temp_async
	.cfi_endproc
	.cantunwind
	.fnend
                                        @ -- End function
	.hidden	adc_store_offsets               @ -- Begin function adc_store_offsets
	.globl	adc_store_offsets
	.p2align	2
	.type	adc_store_offsets,%function
	.code	16                              @ @adc_store_offsets
	.thumb_func
adc_store_offsets:
.Lfunc_begin13:
	.loc	2 693 0 is_stmt 1               @ ../../../../../sdk/platform/driver/adc/adc_531.c:693:0
	.fnstart
	.cfi_startproc
@ %bb.0:
	ldr	r0, __arm_cp.13_0
.Ltmp70:
	.file	7 "C:\\Users\\teodor\\Desktop\\stem\\codeless\\6.0.24.1464\\projects\\target_apps\\ble_examples\\empty_peripheral_template\\Keil_5" "../../../../../sdk/platform/driver/adc\\adc.h"
	.loc	7 233 13 prologue_end           @ ../../../../../sdk/platform/driver/adc\adc.h:233:13
	ldrh	r1, [r0]
	ldr	r2, __arm_cp.13_1
	ands	r1, r2
.Ltmp71:
	.loc	2 694 10                        @ ../../../../../sdk/platform/driver/adc/adc_531.c:694:10
	ldr	r3, __arm_cp.13_2
	strh	r1, [r3]
.Ltmp72:
	.loc	7 258 13                        @ ../../../../../sdk/platform/driver/adc\adc.h:258:13
	ldrh	r0, [r0, #2]
	ands	r0, r2
.Ltmp73:
	.loc	2 695 10                        @ ../../../../../sdk/platform/driver/adc/adc_531.c:695:10
	strh	r0, [r3, #2]
	.loc	2 696 1                         @ ../../../../../sdk/platform/driver/adc/adc_531.c:696:1
	bx	lr
.Ltmp74:
	.loc	2 0 1 is_stmt 0                 @ :0:1
.Ltmp75:
	.p2align	2
@ %bb.1:
__arm_cp.13_0:
	.long	1342182664                      @ 0x50001508
.Lcpi_end22:
	.size	__arm_cp.13_0, .Lcpi_end22-__arm_cp.13_0
__arm_cp.13_1:
	.long	1023                            @ 0x3ff
.Lcpi_end23:
	.size	__arm_cp.13_1, .Lcpi_end23-__arm_cp.13_1
__arm_cp.13_2:
	.long	.L_MergedGlobals
.Lcpi_end24:
	.size	__arm_cp.13_2, .Lcpi_end24-__arm_cp.13_2
.Lfunc_end13:
	.size	adc_store_offsets, .Lfunc_end13-adc_store_offsets
	.cfi_endproc
	.cantunwind
	.fnend
                                        @ -- End function
	.hidden	adc_load_offsets                @ -- Begin function adc_load_offsets
	.globl	adc_load_offsets
	.p2align	2
	.type	adc_load_offsets,%function
	.code	16                              @ @adc_load_offsets
	.thumb_func
adc_load_offsets:
.Lfunc_begin14:
	.loc	2 699 0 is_stmt 1               @ ../../../../../sdk/platform/driver/adc/adc_531.c:699:0
	.fnstart
	.cfi_startproc
@ %bb.0:
	.save	{r4, lr}
	push	{r4, lr}
	.cfi_def_cfa_offset 8
	.cfi_offset lr, -4
	.cfi_offset r4, -8
.Ltmp76:
	.loc	2 700 29 prologue_end           @ ../../../../../sdk/platform/driver/adc/adc_531.c:700:29
	ldr	r0, __arm_cp.14_0
	ldrh	r1, [r0]
	ldr	r2, __arm_cp.14_1
.Ltmp77:
	@DEBUG_VALUE: adc_set_offset_positive:offset <- $r1
	.loc	7 222 5                         @ ../../../../../sdk/platform/driver/adc\adc.h:222:5
	ldrh	r3, [r2]
	ldr	r4, __arm_cp.14_2
	ands	r3, r4
	orrs	r3, r1
	strh	r3, [r2]
.Ltmp78:
	.loc	2 701 29                        @ ../../../../../sdk/platform/driver/adc/adc_531.c:701:29
	ldrh	r0, [r0, #2]
.Ltmp79:
	@DEBUG_VALUE: adc_set_offset_negative:offset <- $r0
	.loc	7 247 5                         @ ../../../../../sdk/platform/driver/adc\adc.h:247:5
	ldrh	r1, [r2, #2]
.Ltmp80:
	ands	r1, r4
	orrs	r1, r0
	strh	r1, [r2, #2]
.Ltmp81:
	.loc	2 702 1 epilogue_begin          @ ../../../../../sdk/platform/driver/adc/adc_531.c:702:1
	pop	{r4, pc}
.Ltmp82:
	.loc	2 0 1 is_stmt 0                 @ :0:1
.Ltmp83:
	.p2align	2
@ %bb.1:
__arm_cp.14_0:
	.long	.L_MergedGlobals
.Lcpi_end25:
	.size	__arm_cp.14_0, .Lcpi_end25-__arm_cp.14_0
__arm_cp.14_1:
	.long	1342182664                      @ 0x50001508
.Lcpi_end26:
	.size	__arm_cp.14_1, .Lcpi_end26-__arm_cp.14_1
__arm_cp.14_2:
	.long	4294966272                      @ 0xfffffc00
.Lcpi_end27:
	.size	__arm_cp.14_2, .Lcpi_end27-__arm_cp.14_2
.Lfunc_end14:
	.size	adc_load_offsets, .Lfunc_end14-adc_load_offsets
	.cfi_endproc
	.cantunwind
	.fnend
                                        @ -- End function
	.hidden	adc_reset_offsets               @ -- Begin function adc_reset_offsets
	.globl	adc_reset_offsets
	.p2align	2
	.type	adc_reset_offsets,%function
	.code	16                              @ @adc_reset_offsets
	.thumb_func
adc_reset_offsets:
.Lfunc_begin15:
	.loc	2 705 0 is_stmt 1               @ ../../../../../sdk/platform/driver/adc/adc_531.c:705:0
	.fnstart
	.cfi_startproc
@ %bb.0:
	ldr	r0, __arm_cp.15_0
.Ltmp84:
	@DEBUG_VALUE: adc_set_offset_positive:offset <- 512
	.loc	7 222 5 prologue_end            @ ../../../../../sdk/platform/driver/adc\adc.h:222:5
	ldrh	r1, [r0]
	ldr	r2, __arm_cp.15_1
	ands	r1, r2
	movs	r3, #1
	lsls	r3, r3, #9
	adds	r1, r1, r3
	strh	r1, [r0]
.Ltmp85:
	@DEBUG_VALUE: adc_set_offset_negative:offset <- 512
	.loc	7 247 5                         @ ../../../../../sdk/platform/driver/adc\adc.h:247:5
	ldrh	r1, [r0, #2]
	ands	r1, r2
	adds	r1, r1, r3
	strh	r1, [r0, #2]
.Ltmp86:
	.loc	2 708 1                         @ ../../../../../sdk/platform/driver/adc/adc_531.c:708:1
	bx	lr
.Ltmp87:
	.loc	2 0 1 is_stmt 0                 @ :0:1
.Ltmp88:
	.p2align	2
@ %bb.1:
__arm_cp.15_0:
	.long	1342182664                      @ 0x50001508
.Lcpi_end28:
	.size	__arm_cp.15_0, .Lcpi_end28-__arm_cp.15_0
__arm_cp.15_1:
	.long	4294966272                      @ 0xfffffc00
.Lcpi_end29:
	.size	__arm_cp.15_1, .Lcpi_end29-__arm_cp.15_1
.Lfunc_end15:
	.size	adc_reset_offsets, .Lfunc_end15-adc_reset_offsets
	.cfi_endproc
	.cantunwind
	.fnend
                                        @ -- End function
	.type	cal_val,%object                 @ @cal_val
	.section	.bss.cal_val,"aw",%nobits
	.p2align	1, 0x0
cal_val:
	.short	0                               @ 0x0
	.size	cal_val, 2

	.type	intr_cb,%object                 @ @intr_cb
	.section	.bss.retention_mem_area0,"aw",%nobits
	.p2align	2, 0x0
intr_cb:
	.long	0
	.size	intr_cb, 4

	.type	.L__const.adc_offset_calibrate.fixed,%object @ @__const.adc_offset_calibrate.fixed
	.section	.rodata..L__const.adc_offset_calibrate.fixed,"a",%progbits
	.p2align	2, 0x0
.L__const.adc_offset_calibrate.fixed:
	.short	45147                           @ 0xb05b
	.byte	5                               @ 0x5
	.byte	2                               @ 0x2
	.byte	0                               @ 0x0
	.zero	3
	.long	50                              @ 0x32
	.size	.L__const.adc_offset_calibrate.fixed, 12

	.type	.L_MergedGlobals,%object        @ @_MergedGlobals
	.section	.bss.retention_mem_area0,"aw",%nobits
	.p2align	1, 0x0
.L_MergedGlobals:
	.zero	4
	.size	.L_MergedGlobals, 4

.set offp, .L_MergedGlobals
	.size	offp, 2
.set offn, .L_MergedGlobals+2
	.size	offn, 2
	.section	.debug_loc,"",%progbits
.Ldebug_loc0:
	.long	.Lfunc_begin0-.Lfunc_begin0
	.long	.Ltmp3-.Lfunc_begin0
	.short	1                               @ Loc expr size
	.byte	80                              @ DW_OP_reg0
	.long	.Ltmp3-.Lfunc_begin0
	.long	.Ltmp4-.Lfunc_begin0
	.short	4                               @ Loc expr size
	.byte	243                             @ DW_OP_GNU_entry_value
	.byte	1                               @ 1
	.byte	80                              @ DW_OP_reg0
	.byte	159                             @ DW_OP_stack_value
	.long	0
	.long	0
.Ldebug_loc1:
	.long	.Lfunc_begin4-.Lfunc_begin0
	.long	.Ltmp10-.Lfunc_begin0
	.short	1                               @ Loc expr size
	.byte	80                              @ DW_OP_reg0
	.long	.Ltmp10-.Lfunc_begin0
	.long	.Ltmp14-.Lfunc_begin0
	.short	4                               @ Loc expr size
	.byte	243                             @ DW_OP_GNU_entry_value
	.byte	1                               @ 1
	.byte	80                              @ DW_OP_reg0
	.byte	159                             @ DW_OP_stack_value
	.long	0
	.long	0
.Ldebug_loc2:
	.long	.Lfunc_begin6-.Lfunc_begin0
	.long	.Ltmp25-.Lfunc_begin0
	.short	1                               @ Loc expr size
	.byte	80                              @ DW_OP_reg0
	.long	.Ltmp25-.Lfunc_begin0
	.long	.Ltmp26-.Lfunc_begin0
	.short	4                               @ Loc expr size
	.byte	243                             @ DW_OP_GNU_entry_value
	.byte	1                               @ 1
	.byte	80                              @ DW_OP_reg0
	.byte	159                             @ DW_OP_stack_value
	.long	0
	.long	0
.Ldebug_loc3:
	.long	.Lfunc_begin8-.Lfunc_begin0
	.long	.Ltmp36-.Lfunc_begin0
	.short	1                               @ Loc expr size
	.byte	80                              @ DW_OP_reg0
	.long	.Ltmp36-.Lfunc_begin0
	.long	.Ltmp37-.Lfunc_begin0
	.short	4                               @ Loc expr size
	.byte	243                             @ DW_OP_GNU_entry_value
	.byte	1                               @ 1
	.byte	80                              @ DW_OP_reg0
	.byte	159                             @ DW_OP_stack_value
	.long	0
	.long	0
.Ldebug_loc4:
	.long	.Lfunc_begin11-.Lfunc_begin0
	.long	.Ltmp47-.Lfunc_begin0
	.short	1                               @ Loc expr size
	.byte	80                              @ DW_OP_reg0
	.long	.Ltmp47-.Lfunc_begin0
	.long	.Ltmp54-.Lfunc_begin0
	.short	4                               @ Loc expr size
	.byte	243                             @ DW_OP_GNU_entry_value
	.byte	1                               @ 1
	.byte	80                              @ DW_OP_reg0
	.byte	159                             @ DW_OP_stack_value
	.long	0
	.long	0
.Ldebug_loc5:
	.long	.Ltmp48-.Lfunc_begin0
	.long	.Ltmp50-.Lfunc_begin0
	.short	1                               @ Loc expr size
	.byte	81                              @ DW_OP_reg1
	.long	.Ltmp51-.Lfunc_begin0
	.long	.Ltmp52-.Lfunc_begin0
	.short	1                               @ Loc expr size
	.byte	81                              @ DW_OP_reg1
	.long	.Ltmp52-.Lfunc_begin0
	.long	.Ltmp53-.Lfunc_begin0
	.short	1                               @ Loc expr size
	.byte	80                              @ DW_OP_reg0
	.long	0
	.long	0
.Ldebug_loc6:
	.long	.Lfunc_begin12-.Lfunc_begin0
	.long	.Ltmp58-.Lfunc_begin0
	.short	1                               @ Loc expr size
	.byte	80                              @ DW_OP_reg0
	.long	.Ltmp58-.Lfunc_begin0
	.long	.Ltmp60-.Lfunc_begin0
	.short	1                               @ Loc expr size
	.byte	86                              @ DW_OP_reg6
	.long	.Ltmp64-.Lfunc_begin0
	.long	.Ltmp67-.Lfunc_begin0
	.short	4                               @ Loc expr size
	.byte	243                             @ DW_OP_GNU_entry_value
	.byte	1                               @ 1
	.byte	80                              @ DW_OP_reg0
	.byte	159                             @ DW_OP_stack_value
	.long	0
	.long	0
.Ldebug_loc7:
	.long	.Lfunc_begin12-.Lfunc_begin0
	.long	.Ltmp57-.Lfunc_begin0
	.short	1                               @ Loc expr size
	.byte	81                              @ DW_OP_reg1
	.long	.Ltmp57-.Lfunc_begin0
	.long	.Ltmp60-.Lfunc_begin0
	.short	1                               @ Loc expr size
	.byte	85                              @ DW_OP_reg5
	.long	.Ltmp66-.Lfunc_begin0
	.long	.Ltmp67-.Lfunc_begin0
	.short	4                               @ Loc expr size
	.byte	243                             @ DW_OP_GNU_entry_value
	.byte	1                               @ 1
	.byte	81                              @ DW_OP_reg1
	.byte	159                             @ DW_OP_stack_value
	.long	0
	.long	0
.Ldebug_loc8:
	.long	.Lfunc_begin12-.Lfunc_begin0
	.long	.Ltmp56-.Lfunc_begin0
	.short	1                               @ Loc expr size
	.byte	82                              @ DW_OP_reg2
	.long	.Ltmp56-.Lfunc_begin0
	.long	.Ltmp60-.Lfunc_begin0
	.short	1                               @ Loc expr size
	.byte	84                              @ DW_OP_reg4
	.long	.Ltmp65-.Lfunc_begin0
	.long	.Ltmp67-.Lfunc_begin0
	.short	4                               @ Loc expr size
	.byte	243                             @ DW_OP_GNU_entry_value
	.byte	1                               @ 1
	.byte	82                              @ DW_OP_reg2
	.byte	159                             @ DW_OP_stack_value
	.long	0
	.long	0
	.section	.debug_abbrev,"",%progbits
	.byte	1                               @ Abbreviation Code
	.byte	17                              @ DW_TAG_compile_unit
	.byte	1                               @ DW_CHILDREN_yes
	.byte	37                              @ DW_AT_producer
	.byte	14                              @ DW_FORM_strp
	.byte	19                              @ DW_AT_language
	.byte	5                               @ DW_FORM_data2
	.byte	3                               @ DW_AT_name
	.byte	14                              @ DW_FORM_strp
	.byte	16                              @ DW_AT_stmt_list
	.byte	23                              @ DW_FORM_sec_offset
	.byte	27                              @ DW_AT_comp_dir
	.byte	14                              @ DW_FORM_strp
	.byte	17                              @ DW_AT_low_pc
	.byte	1                               @ DW_FORM_addr
	.byte	18                              @ DW_AT_high_pc
	.byte	6                               @ DW_FORM_data4
	.byte	0                               @ EOM(1)
	.byte	0                               @ EOM(2)
	.byte	2                               @ Abbreviation Code
	.byte	52                              @ DW_TAG_variable
	.byte	0                               @ DW_CHILDREN_no
	.byte	3                               @ DW_AT_name
	.byte	14                              @ DW_FORM_strp
	.byte	73                              @ DW_AT_type
	.byte	19                              @ DW_FORM_ref4
	.byte	58                              @ DW_AT_decl_file
	.byte	11                              @ DW_FORM_data1
	.byte	59                              @ DW_AT_decl_line
	.byte	11                              @ DW_FORM_data1
	.byte	2                               @ DW_AT_location
	.byte	24                              @ DW_FORM_exprloc
	.byte	0                               @ EOM(1)
	.byte	0                               @ EOM(2)
	.byte	3                               @ Abbreviation Code
	.byte	22                              @ DW_TAG_typedef
	.byte	0                               @ DW_CHILDREN_no
	.byte	73                              @ DW_AT_type
	.byte	19                              @ DW_FORM_ref4
	.byte	3                               @ DW_AT_name
	.byte	14                              @ DW_FORM_strp
	.byte	58                              @ DW_AT_decl_file
	.byte	11                              @ DW_FORM_data1
	.byte	59                              @ DW_AT_decl_line
	.byte	11                              @ DW_FORM_data1
	.byte	0                               @ EOM(1)
	.byte	0                               @ EOM(2)
	.byte	4                               @ Abbreviation Code
	.byte	15                              @ DW_TAG_pointer_type
	.byte	0                               @ DW_CHILDREN_no
	.byte	73                              @ DW_AT_type
	.byte	19                              @ DW_FORM_ref4
	.byte	0                               @ EOM(1)
	.byte	0                               @ EOM(2)
	.byte	5                               @ Abbreviation Code
	.byte	21                              @ DW_TAG_subroutine_type
	.byte	0                               @ DW_CHILDREN_no
	.byte	39                              @ DW_AT_prototyped
	.byte	25                              @ DW_FORM_flag_present
	.byte	0                               @ EOM(1)
	.byte	0                               @ EOM(2)
	.byte	6                               @ Abbreviation Code
	.byte	36                              @ DW_TAG_base_type
	.byte	0                               @ DW_CHILDREN_no
	.byte	3                               @ DW_AT_name
	.byte	14                              @ DW_FORM_strp
	.byte	62                              @ DW_AT_encoding
	.byte	11                              @ DW_FORM_data1
	.byte	11                              @ DW_AT_byte_size
	.byte	11                              @ DW_FORM_data1
	.byte	0                               @ EOM(1)
	.byte	0                               @ EOM(2)
	.byte	7                               @ Abbreviation Code
	.byte	4                               @ DW_TAG_enumeration_type
	.byte	1                               @ DW_CHILDREN_yes
	.byte	73                              @ DW_AT_type
	.byte	19                              @ DW_FORM_ref4
	.byte	11                              @ DW_AT_byte_size
	.byte	11                              @ DW_FORM_data1
	.byte	58                              @ DW_AT_decl_file
	.byte	11                              @ DW_FORM_data1
	.byte	59                              @ DW_AT_decl_line
	.byte	11                              @ DW_FORM_data1
	.byte	0                               @ EOM(1)
	.byte	0                               @ EOM(2)
	.byte	8                               @ Abbreviation Code
	.byte	40                              @ DW_TAG_enumerator
	.byte	0                               @ DW_CHILDREN_no
	.byte	3                               @ DW_AT_name
	.byte	14                              @ DW_FORM_strp
	.byte	28                              @ DW_AT_const_value
	.byte	15                              @ DW_FORM_udata
	.byte	0                               @ EOM(1)
	.byte	0                               @ EOM(2)
	.byte	9                               @ Abbreviation Code
	.byte	4                               @ DW_TAG_enumeration_type
	.byte	1                               @ DW_CHILDREN_yes
	.byte	73                              @ DW_AT_type
	.byte	19                              @ DW_FORM_ref4
	.byte	3                               @ DW_AT_name
	.byte	14                              @ DW_FORM_strp
	.byte	11                              @ DW_AT_byte_size
	.byte	11                              @ DW_FORM_data1
	.byte	58                              @ DW_AT_decl_file
	.byte	11                              @ DW_FORM_data1
	.byte	59                              @ DW_AT_decl_line
	.byte	11                              @ DW_FORM_data1
	.byte	0                               @ EOM(1)
	.byte	0                               @ EOM(2)
	.byte	10                              @ Abbreviation Code
	.byte	40                              @ DW_TAG_enumerator
	.byte	0                               @ DW_CHILDREN_no
	.byte	3                               @ DW_AT_name
	.byte	14                              @ DW_FORM_strp
	.byte	28                              @ DW_AT_const_value
	.byte	13                              @ DW_FORM_sdata
	.byte	0                               @ EOM(1)
	.byte	0                               @ EOM(2)
	.byte	11                              @ Abbreviation Code
	.byte	53                              @ DW_TAG_volatile_type
	.byte	0                               @ DW_CHILDREN_no
	.byte	73                              @ DW_AT_type
	.byte	19                              @ DW_FORM_ref4
	.byte	0                               @ EOM(1)
	.byte	0                               @ EOM(2)
	.byte	12                              @ Abbreviation Code
	.byte	22                              @ DW_TAG_typedef
	.byte	0                               @ DW_CHILDREN_no
	.byte	73                              @ DW_AT_type
	.byte	19                              @ DW_FORM_ref4
	.byte	3                               @ DW_AT_name
	.byte	14                              @ DW_FORM_strp
	.byte	58                              @ DW_AT_decl_file
	.byte	11                              @ DW_FORM_data1
	.byte	59                              @ DW_AT_decl_line
	.byte	5                               @ DW_FORM_data2
	.byte	0                               @ EOM(1)
	.byte	0                               @ EOM(2)
	.byte	13                              @ Abbreviation Code
	.byte	19                              @ DW_TAG_structure_type
	.byte	1                               @ DW_CHILDREN_yes
	.byte	11                              @ DW_AT_byte_size
	.byte	5                               @ DW_FORM_data2
	.byte	58                              @ DW_AT_decl_file
	.byte	11                              @ DW_FORM_data1
	.byte	59                              @ DW_AT_decl_line
	.byte	5                               @ DW_FORM_data2
	.byte	0                               @ EOM(1)
	.byte	0                               @ EOM(2)
	.byte	14                              @ Abbreviation Code
	.byte	13                              @ DW_TAG_member
	.byte	0                               @ DW_CHILDREN_no
	.byte	3                               @ DW_AT_name
	.byte	14                              @ DW_FORM_strp
	.byte	73                              @ DW_AT_type
	.byte	19                              @ DW_FORM_ref4
	.byte	58                              @ DW_AT_decl_file
	.byte	11                              @ DW_FORM_data1
	.byte	59                              @ DW_AT_decl_line
	.byte	5                               @ DW_FORM_data2
	.byte	56                              @ DW_AT_data_member_location
	.byte	11                              @ DW_FORM_data1
	.byte	0                               @ EOM(1)
	.byte	0                               @ EOM(2)
	.byte	15                              @ Abbreviation Code
	.byte	13                              @ DW_TAG_member
	.byte	0                               @ DW_CHILDREN_no
	.byte	3                               @ DW_AT_name
	.byte	14                              @ DW_FORM_strp
	.byte	73                              @ DW_AT_type
	.byte	19                              @ DW_FORM_ref4
	.byte	58                              @ DW_AT_decl_file
	.byte	11                              @ DW_FORM_data1
	.byte	59                              @ DW_AT_decl_line
	.byte	5                               @ DW_FORM_data2
	.byte	56                              @ DW_AT_data_member_location
	.byte	5                               @ DW_FORM_data2
	.byte	0                               @ EOM(1)
	.byte	0                               @ EOM(2)
	.byte	16                              @ Abbreviation Code
	.byte	1                               @ DW_TAG_array_type
	.byte	1                               @ DW_CHILDREN_yes
	.byte	73                              @ DW_AT_type
	.byte	19                              @ DW_FORM_ref4
	.byte	0                               @ EOM(1)
	.byte	0                               @ EOM(2)
	.byte	17                              @ Abbreviation Code
	.byte	33                              @ DW_TAG_subrange_type
	.byte	0                               @ DW_CHILDREN_no
	.byte	73                              @ DW_AT_type
	.byte	19                              @ DW_FORM_ref4
	.byte	55                              @ DW_AT_count
	.byte	11                              @ DW_FORM_data1
	.byte	0                               @ EOM(1)
	.byte	0                               @ EOM(2)
	.byte	18                              @ Abbreviation Code
	.byte	36                              @ DW_TAG_base_type
	.byte	0                               @ DW_CHILDREN_no
	.byte	3                               @ DW_AT_name
	.byte	14                              @ DW_FORM_strp
	.byte	11                              @ DW_AT_byte_size
	.byte	11                              @ DW_FORM_data1
	.byte	62                              @ DW_AT_encoding
	.byte	11                              @ DW_FORM_data1
	.byte	0                               @ EOM(1)
	.byte	0                               @ EOM(2)
	.byte	19                              @ Abbreviation Code
	.byte	19                              @ DW_TAG_structure_type
	.byte	1                               @ DW_CHILDREN_yes
	.byte	11                              @ DW_AT_byte_size
	.byte	11                              @ DW_FORM_data1
	.byte	58                              @ DW_AT_decl_file
	.byte	11                              @ DW_FORM_data1
	.byte	59                              @ DW_AT_decl_line
	.byte	5                               @ DW_FORM_data2
	.byte	0                               @ EOM(1)
	.byte	0                               @ EOM(2)
	.byte	20                              @ Abbreviation Code
	.byte	38                              @ DW_TAG_const_type
	.byte	0                               @ DW_CHILDREN_no
	.byte	73                              @ DW_AT_type
	.byte	19                              @ DW_FORM_ref4
	.byte	0                               @ EOM(1)
	.byte	0                               @ EOM(2)
	.byte	21                              @ Abbreviation Code
	.byte	46                              @ DW_TAG_subprogram
	.byte	0                               @ DW_CHILDREN_no
	.byte	3                               @ DW_AT_name
	.byte	14                              @ DW_FORM_strp
	.byte	58                              @ DW_AT_decl_file
	.byte	11                              @ DW_FORM_data1
	.byte	59                              @ DW_AT_decl_line
	.byte	5                               @ DW_FORM_data2
	.byte	39                              @ DW_AT_prototyped
	.byte	25                              @ DW_FORM_flag_present
	.byte	73                              @ DW_AT_type
	.byte	19                              @ DW_FORM_ref4
	.byte	32                              @ DW_AT_inline
	.byte	11                              @ DW_FORM_data1
	.byte	0                               @ EOM(1)
	.byte	0                               @ EOM(2)
	.byte	22                              @ Abbreviation Code
	.byte	46                              @ DW_TAG_subprogram
	.byte	1                               @ DW_CHILDREN_yes
	.byte	17                              @ DW_AT_low_pc
	.byte	1                               @ DW_FORM_addr
	.byte	18                              @ DW_AT_high_pc
	.byte	6                               @ DW_FORM_data4
	.byte	64                              @ DW_AT_frame_base
	.byte	24                              @ DW_FORM_exprloc
	.ascii	"\227B"                         @ DW_AT_GNU_all_call_sites
	.byte	25                              @ DW_FORM_flag_present
	.byte	3                               @ DW_AT_name
	.byte	14                              @ DW_FORM_strp
	.byte	58                              @ DW_AT_decl_file
	.byte	11                              @ DW_FORM_data1
	.byte	59                              @ DW_AT_decl_line
	.byte	5                               @ DW_FORM_data2
	.byte	39                              @ DW_AT_prototyped
	.byte	25                              @ DW_FORM_flag_present
	.byte	63                              @ DW_AT_external
	.byte	25                              @ DW_FORM_flag_present
	.byte	0                               @ EOM(1)
	.byte	0                               @ EOM(2)
	.byte	23                              @ Abbreviation Code
	.byte	5                               @ DW_TAG_formal_parameter
	.byte	0                               @ DW_CHILDREN_no
	.byte	2                               @ DW_AT_location
	.byte	23                              @ DW_FORM_sec_offset
	.byte	3                               @ DW_AT_name
	.byte	14                              @ DW_FORM_strp
	.byte	58                              @ DW_AT_decl_file
	.byte	11                              @ DW_FORM_data1
	.byte	59                              @ DW_AT_decl_line
	.byte	5                               @ DW_FORM_data2
	.byte	73                              @ DW_AT_type
	.byte	19                              @ DW_FORM_ref4
	.byte	0                               @ EOM(1)
	.byte	0                               @ EOM(2)
	.byte	24                              @ Abbreviation Code
	.byte	52                              @ DW_TAG_variable
	.byte	0                               @ DW_CHILDREN_no
	.byte	2                               @ DW_AT_location
	.byte	24                              @ DW_FORM_exprloc
	.byte	3                               @ DW_AT_name
	.byte	14                              @ DW_FORM_strp
	.byte	58                              @ DW_AT_decl_file
	.byte	11                              @ DW_FORM_data1
	.byte	59                              @ DW_AT_decl_line
	.byte	5                               @ DW_FORM_data2
	.byte	73                              @ DW_AT_type
	.byte	19                              @ DW_FORM_ref4
	.byte	0                               @ EOM(1)
	.byte	0                               @ EOM(2)
	.byte	25                              @ Abbreviation Code
	.byte	29                              @ DW_TAG_inlined_subroutine
	.byte	0                               @ DW_CHILDREN_no
	.byte	49                              @ DW_AT_abstract_origin
	.byte	19                              @ DW_FORM_ref4
	.byte	17                              @ DW_AT_low_pc
	.byte	1                               @ DW_FORM_addr
	.byte	18                              @ DW_AT_high_pc
	.byte	6                               @ DW_FORM_data4
	.byte	88                              @ DW_AT_call_file
	.byte	11                              @ DW_FORM_data1
	.byte	89                              @ DW_AT_call_line
	.byte	5                               @ DW_FORM_data2
	.byte	87                              @ DW_AT_call_column
	.byte	11                              @ DW_FORM_data1
	.byte	0                               @ EOM(1)
	.byte	0                               @ EOM(2)
	.byte	26                              @ Abbreviation Code
	.byte	46                              @ DW_TAG_subprogram
	.byte	0                               @ DW_CHILDREN_no
	.byte	17                              @ DW_AT_low_pc
	.byte	1                               @ DW_FORM_addr
	.byte	18                              @ DW_AT_high_pc
	.byte	6                               @ DW_FORM_data4
	.byte	64                              @ DW_AT_frame_base
	.byte	24                              @ DW_FORM_exprloc
	.ascii	"\227B"                         @ DW_AT_GNU_all_call_sites
	.byte	25                              @ DW_FORM_flag_present
	.byte	3                               @ DW_AT_name
	.byte	14                              @ DW_FORM_strp
	.byte	58                              @ DW_AT_decl_file
	.byte	11                              @ DW_FORM_data1
	.byte	59                              @ DW_AT_decl_line
	.byte	5                               @ DW_FORM_data2
	.byte	39                              @ DW_AT_prototyped
	.byte	25                              @ DW_FORM_flag_present
	.byte	63                              @ DW_AT_external
	.byte	25                              @ DW_FORM_flag_present
	.byte	0                               @ EOM(1)
	.byte	0                               @ EOM(2)
	.byte	27                              @ Abbreviation Code
	.byte	5                               @ DW_TAG_formal_parameter
	.byte	0                               @ DW_CHILDREN_no
	.byte	2                               @ DW_AT_location
	.byte	24                              @ DW_FORM_exprloc
	.byte	3                               @ DW_AT_name
	.byte	14                              @ DW_FORM_strp
	.byte	58                              @ DW_AT_decl_file
	.byte	11                              @ DW_FORM_data1
	.byte	59                              @ DW_AT_decl_line
	.byte	5                               @ DW_FORM_data2
	.byte	73                              @ DW_AT_type
	.byte	19                              @ DW_FORM_ref4
	.byte	0                               @ EOM(1)
	.byte	0                               @ EOM(2)
	.byte	28                              @ Abbreviation Code
	.byte	46                              @ DW_TAG_subprogram
	.byte	1                               @ DW_CHILDREN_yes
	.byte	3                               @ DW_AT_name
	.byte	14                              @ DW_FORM_strp
	.byte	58                              @ DW_AT_decl_file
	.byte	11                              @ DW_FORM_data1
	.byte	59                              @ DW_AT_decl_line
	.byte	5                               @ DW_FORM_data2
	.byte	39                              @ DW_AT_prototyped
	.byte	25                              @ DW_FORM_flag_present
	.byte	32                              @ DW_AT_inline
	.byte	11                              @ DW_FORM_data1
	.byte	0                               @ EOM(1)
	.byte	0                               @ EOM(2)
	.byte	29                              @ Abbreviation Code
	.byte	5                               @ DW_TAG_formal_parameter
	.byte	0                               @ DW_CHILDREN_no
	.byte	3                               @ DW_AT_name
	.byte	14                              @ DW_FORM_strp
	.byte	58                              @ DW_AT_decl_file
	.byte	11                              @ DW_FORM_data1
	.byte	59                              @ DW_AT_decl_line
	.byte	5                               @ DW_FORM_data2
	.byte	73                              @ DW_AT_type
	.byte	19                              @ DW_FORM_ref4
	.byte	0                               @ EOM(1)
	.byte	0                               @ EOM(2)
	.byte	30                              @ Abbreviation Code
	.byte	29                              @ DW_TAG_inlined_subroutine
	.byte	1                               @ DW_CHILDREN_yes
	.byte	49                              @ DW_AT_abstract_origin
	.byte	19                              @ DW_FORM_ref4
	.byte	17                              @ DW_AT_low_pc
	.byte	1                               @ DW_FORM_addr
	.byte	18                              @ DW_AT_high_pc
	.byte	6                               @ DW_FORM_data4
	.byte	88                              @ DW_AT_call_file
	.byte	11                              @ DW_FORM_data1
	.byte	89                              @ DW_AT_call_line
	.byte	5                               @ DW_FORM_data2
	.byte	87                              @ DW_AT_call_column
	.byte	11                              @ DW_FORM_data1
	.byte	0                               @ EOM(1)
	.byte	0                               @ EOM(2)
	.byte	31                              @ Abbreviation Code
	.byte	5                               @ DW_TAG_formal_parameter
	.byte	0                               @ DW_CHILDREN_no
	.byte	28                              @ DW_AT_const_value
	.byte	13                              @ DW_FORM_sdata
	.byte	49                              @ DW_AT_abstract_origin
	.byte	19                              @ DW_FORM_ref4
	.byte	0                               @ EOM(1)
	.byte	0                               @ EOM(2)
	.byte	32                              @ Abbreviation Code
	.byte	5                               @ DW_TAG_formal_parameter
	.byte	0                               @ DW_CHILDREN_no
	.byte	28                              @ DW_AT_const_value
	.byte	15                              @ DW_FORM_udata
	.byte	49                              @ DW_AT_abstract_origin
	.byte	19                              @ DW_FORM_ref4
	.byte	0                               @ EOM(1)
	.byte	0                               @ EOM(2)
	.byte	33                              @ Abbreviation Code
	.byte	46                              @ DW_TAG_subprogram
	.byte	0                               @ DW_CHILDREN_no
	.byte	3                               @ DW_AT_name
	.byte	14                              @ DW_FORM_strp
	.byte	58                              @ DW_AT_decl_file
	.byte	11                              @ DW_FORM_data1
	.byte	59                              @ DW_AT_decl_line
	.byte	5                               @ DW_FORM_data2
	.byte	39                              @ DW_AT_prototyped
	.byte	25                              @ DW_FORM_flag_present
	.byte	32                              @ DW_AT_inline
	.byte	11                              @ DW_FORM_data1
	.byte	0                               @ EOM(1)
	.byte	0                               @ EOM(2)
	.byte	34                              @ Abbreviation Code
	.byte	46                              @ DW_TAG_subprogram
	.byte	1                               @ DW_CHILDREN_yes
	.byte	17                              @ DW_AT_low_pc
	.byte	1                               @ DW_FORM_addr
	.byte	18                              @ DW_AT_high_pc
	.byte	6                               @ DW_FORM_data4
	.byte	64                              @ DW_AT_frame_base
	.byte	24                              @ DW_FORM_exprloc
	.ascii	"\227B"                         @ DW_AT_GNU_all_call_sites
	.byte	25                              @ DW_FORM_flag_present
	.byte	3                               @ DW_AT_name
	.byte	14                              @ DW_FORM_strp
	.byte	58                              @ DW_AT_decl_file
	.byte	11                              @ DW_FORM_data1
	.byte	59                              @ DW_AT_decl_line
	.byte	5                               @ DW_FORM_data2
	.byte	39                              @ DW_AT_prototyped
	.byte	25                              @ DW_FORM_flag_present
	.byte	73                              @ DW_AT_type
	.byte	19                              @ DW_FORM_ref4
	.byte	63                              @ DW_AT_external
	.byte	25                              @ DW_FORM_flag_present
	.byte	0                               @ EOM(1)
	.byte	0                               @ EOM(2)
	.byte	35                              @ Abbreviation Code
	.byte	52                              @ DW_TAG_variable
	.byte	0                               @ DW_CHILDREN_no
	.byte	28                              @ DW_AT_const_value
	.byte	15                              @ DW_FORM_udata
	.byte	3                               @ DW_AT_name
	.byte	14                              @ DW_FORM_strp
	.byte	58                              @ DW_AT_decl_file
	.byte	11                              @ DW_FORM_data1
	.byte	59                              @ DW_AT_decl_line
	.byte	5                               @ DW_FORM_data2
	.byte	73                              @ DW_AT_type
	.byte	19                              @ DW_FORM_ref4
	.byte	0                               @ EOM(1)
	.byte	0                               @ EOM(2)
	.byte	36                              @ Abbreviation Code
	.byte	46                              @ DW_TAG_subprogram
	.byte	0                               @ DW_CHILDREN_no
	.byte	17                              @ DW_AT_low_pc
	.byte	1                               @ DW_FORM_addr
	.byte	18                              @ DW_AT_high_pc
	.byte	6                               @ DW_FORM_data4
	.byte	64                              @ DW_AT_frame_base
	.byte	24                              @ DW_FORM_exprloc
	.ascii	"\227B"                         @ DW_AT_GNU_all_call_sites
	.byte	25                              @ DW_FORM_flag_present
	.byte	3                               @ DW_AT_name
	.byte	14                              @ DW_FORM_strp
	.byte	58                              @ DW_AT_decl_file
	.byte	11                              @ DW_FORM_data1
	.byte	59                              @ DW_AT_decl_line
	.byte	5                               @ DW_FORM_data2
	.byte	39                              @ DW_AT_prototyped
	.byte	25                              @ DW_FORM_flag_present
	.byte	73                              @ DW_AT_type
	.byte	19                              @ DW_FORM_ref4
	.byte	63                              @ DW_AT_external
	.byte	25                              @ DW_FORM_flag_present
	.byte	0                               @ EOM(1)
	.byte	0                               @ EOM(2)
	.byte	37                              @ Abbreviation Code
	.byte	46                              @ DW_TAG_subprogram
	.byte	1                               @ DW_CHILDREN_yes
	.byte	17                              @ DW_AT_low_pc
	.byte	1                               @ DW_FORM_addr
	.byte	18                              @ DW_AT_high_pc
	.byte	6                               @ DW_FORM_data4
	.byte	64                              @ DW_AT_frame_base
	.byte	24                              @ DW_FORM_exprloc
	.ascii	"\227B"                         @ DW_AT_GNU_all_call_sites
	.byte	25                              @ DW_FORM_flag_present
	.byte	3                               @ DW_AT_name
	.byte	14                              @ DW_FORM_strp
	.byte	58                              @ DW_AT_decl_file
	.byte	11                              @ DW_FORM_data1
	.byte	59                              @ DW_AT_decl_line
	.byte	5                               @ DW_FORM_data2
	.byte	39                              @ DW_AT_prototyped
	.byte	25                              @ DW_FORM_flag_present
	.byte	73                              @ DW_AT_type
	.byte	19                              @ DW_FORM_ref4
	.byte	0                               @ EOM(1)
	.byte	0                               @ EOM(2)
	.byte	38                              @ Abbreviation Code
	.byte	52                              @ DW_TAG_variable
	.byte	0                               @ DW_CHILDREN_no
	.byte	28                              @ DW_AT_const_value
	.byte	13                              @ DW_FORM_sdata
	.byte	3                               @ DW_AT_name
	.byte	14                              @ DW_FORM_strp
	.byte	58                              @ DW_AT_decl_file
	.byte	11                              @ DW_FORM_data1
	.byte	59                              @ DW_AT_decl_line
	.byte	5                               @ DW_FORM_data2
	.byte	73                              @ DW_AT_type
	.byte	19                              @ DW_FORM_ref4
	.byte	0                               @ EOM(1)
	.byte	0                               @ EOM(2)
	.byte	39                              @ Abbreviation Code
	.byte	52                              @ DW_TAG_variable
	.byte	0                               @ DW_CHILDREN_no
	.byte	2                               @ DW_AT_location
	.byte	23                              @ DW_FORM_sec_offset
	.byte	3                               @ DW_AT_name
	.byte	14                              @ DW_FORM_strp
	.byte	58                              @ DW_AT_decl_file
	.byte	11                              @ DW_FORM_data1
	.byte	59                              @ DW_AT_decl_line
	.byte	5                               @ DW_FORM_data2
	.byte	73                              @ DW_AT_type
	.byte	19                              @ DW_FORM_ref4
	.byte	0                               @ EOM(1)
	.byte	0                               @ EOM(2)
	.byte	40                              @ Abbreviation Code
	.byte	11                              @ DW_TAG_lexical_block
	.byte	1                               @ DW_CHILDREN_yes
	.byte	17                              @ DW_AT_low_pc
	.byte	1                               @ DW_FORM_addr
	.byte	18                              @ DW_AT_high_pc
	.byte	6                               @ DW_FORM_data4
	.byte	0                               @ EOM(1)
	.byte	0                               @ EOM(2)
	.byte	41                              @ Abbreviation Code
	.byte	52                              @ DW_TAG_variable
	.byte	0                               @ DW_CHILDREN_no
	.byte	3                               @ DW_AT_name
	.byte	14                              @ DW_FORM_strp
	.byte	58                              @ DW_AT_decl_file
	.byte	11                              @ DW_FORM_data1
	.byte	59                              @ DW_AT_decl_line
	.byte	5                               @ DW_FORM_data2
	.byte	73                              @ DW_AT_type
	.byte	19                              @ DW_FORM_ref4
	.byte	0                               @ EOM(1)
	.byte	0                               @ EOM(2)
	.byte	42                              @ Abbreviation Code
	.byte	46                              @ DW_TAG_subprogram
	.byte	0                               @ DW_CHILDREN_no
	.byte	3                               @ DW_AT_name
	.byte	14                              @ DW_FORM_strp
	.byte	58                              @ DW_AT_decl_file
	.byte	11                              @ DW_FORM_data1
	.byte	59                              @ DW_AT_decl_line
	.byte	11                              @ DW_FORM_data1
	.byte	39                              @ DW_AT_prototyped
	.byte	25                              @ DW_FORM_flag_present
	.byte	73                              @ DW_AT_type
	.byte	19                              @ DW_FORM_ref4
	.byte	32                              @ DW_AT_inline
	.byte	11                              @ DW_FORM_data1
	.byte	0                               @ EOM(1)
	.byte	0                               @ EOM(2)
	.byte	43                              @ Abbreviation Code
	.byte	46                              @ DW_TAG_subprogram
	.byte	1                               @ DW_CHILDREN_yes
	.byte	3                               @ DW_AT_name
	.byte	14                              @ DW_FORM_strp
	.byte	58                              @ DW_AT_decl_file
	.byte	11                              @ DW_FORM_data1
	.byte	59                              @ DW_AT_decl_line
	.byte	11                              @ DW_FORM_data1
	.byte	39                              @ DW_AT_prototyped
	.byte	25                              @ DW_FORM_flag_present
	.byte	32                              @ DW_AT_inline
	.byte	11                              @ DW_FORM_data1
	.byte	0                               @ EOM(1)
	.byte	0                               @ EOM(2)
	.byte	44                              @ Abbreviation Code
	.byte	5                               @ DW_TAG_formal_parameter
	.byte	0                               @ DW_CHILDREN_no
	.byte	3                               @ DW_AT_name
	.byte	14                              @ DW_FORM_strp
	.byte	58                              @ DW_AT_decl_file
	.byte	11                              @ DW_FORM_data1
	.byte	59                              @ DW_AT_decl_line
	.byte	11                              @ DW_FORM_data1
	.byte	73                              @ DW_AT_type
	.byte	19                              @ DW_FORM_ref4
	.byte	0                               @ EOM(1)
	.byte	0                               @ EOM(2)
	.byte	45                              @ Abbreviation Code
	.byte	5                               @ DW_TAG_formal_parameter
	.byte	0                               @ DW_CHILDREN_no
	.byte	2                               @ DW_AT_location
	.byte	24                              @ DW_FORM_exprloc
	.byte	49                              @ DW_AT_abstract_origin
	.byte	19                              @ DW_FORM_ref4
	.byte	0                               @ EOM(1)
	.byte	0                               @ EOM(2)
	.byte	46                              @ Abbreviation Code
	.byte	19                              @ DW_TAG_structure_type
	.byte	1                               @ DW_CHILDREN_yes
	.byte	11                              @ DW_AT_byte_size
	.byte	11                              @ DW_FORM_data1
	.byte	58                              @ DW_AT_decl_file
	.byte	11                              @ DW_FORM_data1
	.byte	59                              @ DW_AT_decl_line
	.byte	11                              @ DW_FORM_data1
	.byte	0                               @ EOM(1)
	.byte	0                               @ EOM(2)
	.byte	47                              @ Abbreviation Code
	.byte	13                              @ DW_TAG_member
	.byte	0                               @ DW_CHILDREN_no
	.byte	3                               @ DW_AT_name
	.byte	14                              @ DW_FORM_strp
	.byte	73                              @ DW_AT_type
	.byte	19                              @ DW_FORM_ref4
	.byte	58                              @ DW_AT_decl_file
	.byte	11                              @ DW_FORM_data1
	.byte	59                              @ DW_AT_decl_line
	.byte	11                              @ DW_FORM_data1
	.byte	56                              @ DW_AT_data_member_location
	.byte	11                              @ DW_FORM_data1
	.byte	0                               @ EOM(1)
	.byte	0                               @ EOM(2)
	.byte	0                               @ EOM(3)
	.section	.debug_info,"",%progbits
.Lcu_begin0:
	.long	.Ldebug_info_end0-.Ldebug_info_start0 @ Length of Unit
.Ldebug_info_start0:
	.short	4                               @ DWARF version number
	.long	.debug_abbrev                   @ Offset Into Abbrev. Section
	.byte	4                               @ Address Size (in bytes)
	.byte	1                               @ Abbrev [1] 0xb:0x8ad DW_TAG_compile_unit
	.long	.Linfo_string0                  @ DW_AT_producer
	.short	12                              @ DW_AT_language
	.long	.Linfo_string1                  @ DW_AT_name
	.long	.Lline_table_start0             @ DW_AT_stmt_list
	.long	.Linfo_string2                  @ DW_AT_comp_dir
	.long	.Lfunc_begin0                   @ DW_AT_low_pc
	.long	.Lfunc_end15-.Lfunc_begin0      @ DW_AT_high_pc
	.byte	2                               @ Abbrev [2] 0x26:0x11 DW_TAG_variable
	.long	.Linfo_string3                  @ DW_AT_name
	.long	55                              @ DW_AT_type
	.byte	2                               @ DW_AT_decl_file
	.byte	63                              @ DW_AT_decl_line
	.byte	5                               @ DW_AT_location
	.byte	3
	.long	intr_cb
	.byte	3                               @ Abbrev [3] 0x37:0xb DW_TAG_typedef
	.long	66                              @ DW_AT_type
	.long	.Linfo_string4                  @ DW_AT_name
	.byte	1                               @ DW_AT_decl_file
	.byte	173                             @ DW_AT_decl_line
	.byte	4                               @ Abbrev [4] 0x42:0x5 DW_TAG_pointer_type
	.long	71                              @ DW_AT_type
	.byte	5                               @ Abbrev [5] 0x47:0x1 DW_TAG_subroutine_type
                                        @ DW_AT_prototyped
	.byte	2                               @ Abbrev [2] 0x48:0x11 DW_TAG_variable
	.long	.Linfo_string5                  @ DW_AT_name
	.long	89                              @ DW_AT_type
	.byte	2                               @ DW_AT_decl_file
	.byte	66                              @ DW_AT_decl_line
	.byte	5                               @ DW_AT_location
	.byte	3
	.long	cal_val
	.byte	3                               @ Abbrev [3] 0x59:0xb DW_TAG_typedef
	.long	100                             @ DW_AT_type
	.long	.Linfo_string7                  @ DW_AT_name
	.byte	3                               @ DW_AT_decl_file
	.byte	63                              @ DW_AT_decl_line
	.byte	6                               @ Abbrev [6] 0x64:0x7 DW_TAG_base_type
	.long	.Linfo_string6                  @ DW_AT_name
	.byte	7                               @ DW_AT_encoding
	.byte	2                               @ DW_AT_byte_size
	.byte	2                               @ Abbrev [2] 0x6b:0x11 DW_TAG_variable
	.long	.Linfo_string8                  @ DW_AT_name
	.long	89                              @ DW_AT_type
	.byte	2                               @ DW_AT_decl_file
	.byte	70                              @ DW_AT_decl_line
	.byte	5                               @ DW_AT_location
	.byte	3
	.long	.L_MergedGlobals
	.byte	2                               @ Abbrev [2] 0x7c:0x13 DW_TAG_variable
	.long	.Linfo_string9                  @ DW_AT_name
	.long	89                              @ DW_AT_type
	.byte	2                               @ DW_AT_decl_file
	.byte	71                              @ DW_AT_decl_line
	.byte	7                               @ DW_AT_location
	.byte	3
	.long	.L_MergedGlobals
	.byte	35
	.byte	2
	.byte	7                               @ Abbrev [7] 0x8f:0x15 DW_TAG_enumeration_type
	.long	164                             @ DW_AT_type
	.byte	1                               @ DW_AT_byte_size
	.byte	1                               @ DW_AT_decl_file
	.byte	65                              @ DW_AT_decl_line
	.byte	8                               @ Abbrev [8] 0x97:0x6 DW_TAG_enumerator
	.long	.Linfo_string11                 @ DW_AT_name
	.byte	0                               @ DW_AT_const_value
	.byte	8                               @ Abbrev [8] 0x9d:0x6 DW_TAG_enumerator
	.long	.Linfo_string12                 @ DW_AT_name
	.byte	1                               @ DW_AT_const_value
	.byte	0                               @ End Of Children Mark
	.byte	6                               @ Abbrev [6] 0xa4:0x7 DW_TAG_base_type
	.long	.Linfo_string10                 @ DW_AT_name
	.byte	8                               @ DW_AT_encoding
	.byte	1                               @ DW_AT_byte_size
	.byte	7                               @ Abbrev [7] 0xab:0x21 DW_TAG_enumeration_type
	.long	164                             @ DW_AT_type
	.byte	1                               @ DW_AT_byte_size
	.byte	1                               @ DW_AT_decl_file
	.byte	119                             @ DW_AT_decl_line
	.byte	8                               @ Abbrev [8] 0xb3:0x6 DW_TAG_enumerator
	.long	.Linfo_string13                 @ DW_AT_name
	.byte	0                               @ DW_AT_const_value
	.byte	8                               @ Abbrev [8] 0xb9:0x6 DW_TAG_enumerator
	.long	.Linfo_string14                 @ DW_AT_name
	.byte	1                               @ DW_AT_const_value
	.byte	8                               @ Abbrev [8] 0xbf:0x6 DW_TAG_enumerator
	.long	.Linfo_string15                 @ DW_AT_name
	.byte	2                               @ DW_AT_const_value
	.byte	8                               @ Abbrev [8] 0xc5:0x6 DW_TAG_enumerator
	.long	.Linfo_string16                 @ DW_AT_name
	.byte	3                               @ DW_AT_const_value
	.byte	0                               @ End Of Children Mark
	.byte	7                               @ Abbrev [7] 0xcc:0x15 DW_TAG_enumeration_type
	.long	164                             @ DW_AT_type
	.byte	1                               @ DW_AT_byte_size
	.byte	1                               @ DW_AT_decl_file
	.byte	135                             @ DW_AT_decl_line
	.byte	8                               @ Abbrev [8] 0xd4:0x6 DW_TAG_enumerator
	.long	.Linfo_string17                 @ DW_AT_name
	.byte	0                               @ DW_AT_const_value
	.byte	8                               @ Abbrev [8] 0xda:0x6 DW_TAG_enumerator
	.long	.Linfo_string18                 @ DW_AT_name
	.byte	1                               @ DW_AT_const_value
	.byte	0                               @ End Of Children Mark
	.byte	7                               @ Abbrev [7] 0xe1:0x21 DW_TAG_enumeration_type
	.long	164                             @ DW_AT_type
	.byte	1                               @ DW_AT_byte_size
	.byte	1                               @ DW_AT_decl_file
	.byte	145                             @ DW_AT_decl_line
	.byte	8                               @ Abbrev [8] 0xe9:0x6 DW_TAG_enumerator
	.long	.Linfo_string19                 @ DW_AT_name
	.byte	0                               @ DW_AT_const_value
	.byte	8                               @ Abbrev [8] 0xef:0x6 DW_TAG_enumerator
	.long	.Linfo_string20                 @ DW_AT_name
	.byte	1                               @ DW_AT_const_value
	.byte	8                               @ Abbrev [8] 0xf5:0x6 DW_TAG_enumerator
	.long	.Linfo_string21                 @ DW_AT_name
	.byte	2                               @ DW_AT_const_value
	.byte	8                               @ Abbrev [8] 0xfb:0x6 DW_TAG_enumerator
	.long	.Linfo_string22                 @ DW_AT_name
	.byte	3                               @ DW_AT_const_value
	.byte	0                               @ End Of Children Mark
	.byte	9                               @ Abbrev [9] 0x102:0xbb DW_TAG_enumeration_type
	.long	445                             @ DW_AT_type
	.long	.Linfo_string53                 @ DW_AT_name
	.byte	1                               @ DW_AT_byte_size
	.byte	4                               @ DW_AT_decl_file
	.byte	71                              @ DW_AT_decl_line
	.byte	10                              @ Abbrev [10] 0x10e:0x6 DW_TAG_enumerator
	.long	.Linfo_string24                 @ DW_AT_name
	.byte	114                             @ DW_AT_const_value
	.byte	10                              @ Abbrev [10] 0x114:0x6 DW_TAG_enumerator
	.long	.Linfo_string25                 @ DW_AT_name
	.byte	115                             @ DW_AT_const_value
	.byte	10                              @ Abbrev [10] 0x11a:0x6 DW_TAG_enumerator
	.long	.Linfo_string26                 @ DW_AT_name
	.byte	123                             @ DW_AT_const_value
	.byte	10                              @ Abbrev [10] 0x120:0x6 DW_TAG_enumerator
	.long	.Linfo_string27                 @ DW_AT_name
	.byte	126                             @ DW_AT_const_value
	.byte	10                              @ Abbrev [10] 0x126:0x6 DW_TAG_enumerator
	.long	.Linfo_string28                 @ DW_AT_name
	.byte	127                             @ DW_AT_const_value
	.byte	10                              @ Abbrev [10] 0x12c:0x6 DW_TAG_enumerator
	.long	.Linfo_string29                 @ DW_AT_name
	.byte	0                               @ DW_AT_const_value
	.byte	10                              @ Abbrev [10] 0x132:0x6 DW_TAG_enumerator
	.long	.Linfo_string30                 @ DW_AT_name
	.byte	1                               @ DW_AT_const_value
	.byte	10                              @ Abbrev [10] 0x138:0x6 DW_TAG_enumerator
	.long	.Linfo_string31                 @ DW_AT_name
	.byte	2                               @ DW_AT_const_value
	.byte	10                              @ Abbrev [10] 0x13e:0x6 DW_TAG_enumerator
	.long	.Linfo_string32                 @ DW_AT_name
	.byte	3                               @ DW_AT_const_value
	.byte	10                              @ Abbrev [10] 0x144:0x6 DW_TAG_enumerator
	.long	.Linfo_string33                 @ DW_AT_name
	.byte	4                               @ DW_AT_const_value
	.byte	10                              @ Abbrev [10] 0x14a:0x6 DW_TAG_enumerator
	.long	.Linfo_string34                 @ DW_AT_name
	.byte	5                               @ DW_AT_const_value
	.byte	10                              @ Abbrev [10] 0x150:0x6 DW_TAG_enumerator
	.long	.Linfo_string35                 @ DW_AT_name
	.byte	6                               @ DW_AT_const_value
	.byte	10                              @ Abbrev [10] 0x156:0x6 DW_TAG_enumerator
	.long	.Linfo_string36                 @ DW_AT_name
	.byte	7                               @ DW_AT_const_value
	.byte	10                              @ Abbrev [10] 0x15c:0x6 DW_TAG_enumerator
	.long	.Linfo_string37                 @ DW_AT_name
	.byte	8                               @ DW_AT_const_value
	.byte	10                              @ Abbrev [10] 0x162:0x6 DW_TAG_enumerator
	.long	.Linfo_string38                 @ DW_AT_name
	.byte	9                               @ DW_AT_const_value
	.byte	10                              @ Abbrev [10] 0x168:0x6 DW_TAG_enumerator
	.long	.Linfo_string39                 @ DW_AT_name
	.byte	10                              @ DW_AT_const_value
	.byte	10                              @ Abbrev [10] 0x16e:0x6 DW_TAG_enumerator
	.long	.Linfo_string40                 @ DW_AT_name
	.byte	11                              @ DW_AT_const_value
	.byte	10                              @ Abbrev [10] 0x174:0x6 DW_TAG_enumerator
	.long	.Linfo_string41                 @ DW_AT_name
	.byte	12                              @ DW_AT_const_value
	.byte	10                              @ Abbrev [10] 0x17a:0x6 DW_TAG_enumerator
	.long	.Linfo_string42                 @ DW_AT_name
	.byte	13                              @ DW_AT_const_value
	.byte	10                              @ Abbrev [10] 0x180:0x6 DW_TAG_enumerator
	.long	.Linfo_string43                 @ DW_AT_name
	.byte	14                              @ DW_AT_const_value
	.byte	10                              @ Abbrev [10] 0x186:0x6 DW_TAG_enumerator
	.long	.Linfo_string44                 @ DW_AT_name
	.byte	15                              @ DW_AT_const_value
	.byte	10                              @ Abbrev [10] 0x18c:0x6 DW_TAG_enumerator
	.long	.Linfo_string45                 @ DW_AT_name
	.byte	16                              @ DW_AT_const_value
	.byte	10                              @ Abbrev [10] 0x192:0x6 DW_TAG_enumerator
	.long	.Linfo_string46                 @ DW_AT_name
	.byte	17                              @ DW_AT_const_value
	.byte	10                              @ Abbrev [10] 0x198:0x6 DW_TAG_enumerator
	.long	.Linfo_string47                 @ DW_AT_name
	.byte	18                              @ DW_AT_const_value
	.byte	10                              @ Abbrev [10] 0x19e:0x6 DW_TAG_enumerator
	.long	.Linfo_string48                 @ DW_AT_name
	.byte	19                              @ DW_AT_const_value
	.byte	10                              @ Abbrev [10] 0x1a4:0x6 DW_TAG_enumerator
	.long	.Linfo_string49                 @ DW_AT_name
	.byte	20                              @ DW_AT_const_value
	.byte	10                              @ Abbrev [10] 0x1aa:0x6 DW_TAG_enumerator
	.long	.Linfo_string50                 @ DW_AT_name
	.byte	21                              @ DW_AT_const_value
	.byte	10                              @ Abbrev [10] 0x1b0:0x6 DW_TAG_enumerator
	.long	.Linfo_string51                 @ DW_AT_name
	.byte	22                              @ DW_AT_const_value
	.byte	10                              @ Abbrev [10] 0x1b6:0x6 DW_TAG_enumerator
	.long	.Linfo_string52                 @ DW_AT_name
	.byte	23                              @ DW_AT_const_value
	.byte	0                               @ End Of Children Mark
	.byte	6                               @ Abbrev [6] 0x1bd:0x7 DW_TAG_base_type
	.long	.Linfo_string23                 @ DW_AT_name
	.byte	6                               @ DW_AT_encoding
	.byte	1                               @ DW_AT_byte_size
	.byte	4                               @ Abbrev [4] 0x1c4:0x5 DW_TAG_pointer_type
	.long	457                             @ DW_AT_type
	.byte	11                              @ Abbrev [11] 0x1c9:0x5 DW_TAG_volatile_type
	.long	89                              @ DW_AT_type
	.byte	3                               @ Abbrev [3] 0x1ce:0xb DW_TAG_typedef
	.long	473                             @ DW_AT_type
	.long	.Linfo_string55                 @ DW_AT_name
	.byte	3                               @ DW_AT_decl_file
	.byte	58                              @ DW_AT_decl_line
	.byte	6                               @ Abbrev [6] 0x1d9:0x7 DW_TAG_base_type
	.long	.Linfo_string54                 @ DW_AT_name
	.byte	5                               @ DW_AT_encoding
	.byte	4                               @ DW_AT_byte_size
	.byte	3                               @ Abbrev [3] 0x1e0:0xb DW_TAG_typedef
	.long	491                             @ DW_AT_type
	.long	.Linfo_string57                 @ DW_AT_name
	.byte	3                               @ DW_AT_decl_file
	.byte	64                              @ DW_AT_decl_line
	.byte	6                               @ Abbrev [6] 0x1eb:0x7 DW_TAG_base_type
	.long	.Linfo_string56                 @ DW_AT_name
	.byte	7                               @ DW_AT_encoding
	.byte	4                               @ DW_AT_byte_size
	.byte	4                               @ Abbrev [4] 0x1f2:0x5 DW_TAG_pointer_type
	.long	503                             @ DW_AT_type
	.byte	12                              @ Abbrev [12] 0x1f7:0xc DW_TAG_typedef
	.long	515                             @ DW_AT_type
	.long	.Linfo_string69                 @ DW_AT_name
	.byte	5                               @ DW_AT_decl_file
	.short	340                             @ DW_AT_decl_line
	.byte	13                              @ Abbrev [13] 0x203:0x8f DW_TAG_structure_type
	.short	800                             @ DW_AT_byte_size
	.byte	5                               @ DW_AT_decl_file
	.short	328                             @ DW_AT_decl_line
	.byte	14                              @ Abbrev [14] 0x209:0xd DW_TAG_member
	.long	.Linfo_string58                 @ DW_AT_name
	.long	658                             @ DW_AT_type
	.byte	5                               @ DW_AT_decl_file
	.short	330                             @ DW_AT_decl_line
	.byte	0                               @ DW_AT_data_member_location
	.byte	14                              @ Abbrev [14] 0x216:0xd DW_TAG_member
	.long	.Linfo_string60                 @ DW_AT_name
	.long	682                             @ DW_AT_type
	.byte	5                               @ DW_AT_decl_file
	.short	331                             @ DW_AT_decl_line
	.byte	4                               @ DW_AT_data_member_location
	.byte	14                              @ Abbrev [14] 0x223:0xd DW_TAG_member
	.long	.Linfo_string61                 @ DW_AT_name
	.long	658                             @ DW_AT_type
	.byte	5                               @ DW_AT_decl_file
	.short	332                             @ DW_AT_decl_line
	.byte	128                             @ DW_AT_data_member_location
	.byte	14                              @ Abbrev [14] 0x230:0xd DW_TAG_member
	.long	.Linfo_string62                 @ DW_AT_name
	.long	682                             @ DW_AT_type
	.byte	5                               @ DW_AT_decl_file
	.short	333                             @ DW_AT_decl_line
	.byte	132                             @ DW_AT_data_member_location
	.byte	15                              @ Abbrev [15] 0x23d:0xe DW_TAG_member
	.long	.Linfo_string63                 @ DW_AT_name
	.long	658                             @ DW_AT_type
	.byte	5                               @ DW_AT_decl_file
	.short	334                             @ DW_AT_decl_line
	.short	256                             @ DW_AT_data_member_location
	.byte	15                              @ Abbrev [15] 0x24b:0xe DW_TAG_member
	.long	.Linfo_string64                 @ DW_AT_name
	.long	682                             @ DW_AT_type
	.byte	5                               @ DW_AT_decl_file
	.short	335                             @ DW_AT_decl_line
	.short	260                             @ DW_AT_data_member_location
	.byte	15                              @ Abbrev [15] 0x259:0xe DW_TAG_member
	.long	.Linfo_string65                 @ DW_AT_name
	.long	658                             @ DW_AT_type
	.byte	5                               @ DW_AT_decl_file
	.short	336                             @ DW_AT_decl_line
	.short	384                             @ DW_AT_data_member_location
	.byte	15                              @ Abbrev [15] 0x267:0xe DW_TAG_member
	.long	.Linfo_string66                 @ DW_AT_name
	.long	682                             @ DW_AT_type
	.byte	5                               @ DW_AT_decl_file
	.short	337                             @ DW_AT_decl_line
	.short	388                             @ DW_AT_data_member_location
	.byte	15                              @ Abbrev [15] 0x275:0xe DW_TAG_member
	.long	.Linfo_string67                 @ DW_AT_name
	.long	694                             @ DW_AT_type
	.byte	5                               @ DW_AT_decl_file
	.short	338                             @ DW_AT_decl_line
	.short	512                             @ DW_AT_data_member_location
	.byte	15                              @ Abbrev [15] 0x283:0xe DW_TAG_member
	.long	.Linfo_string68                 @ DW_AT_name
	.long	706                             @ DW_AT_type
	.byte	5                               @ DW_AT_decl_file
	.short	339                             @ DW_AT_decl_line
	.short	768                             @ DW_AT_data_member_location
	.byte	0                               @ End Of Children Mark
	.byte	16                              @ Abbrev [16] 0x292:0xc DW_TAG_array_type
	.long	670                             @ DW_AT_type
	.byte	17                              @ Abbrev [17] 0x297:0x6 DW_TAG_subrange_type
	.long	675                             @ DW_AT_type
	.byte	1                               @ DW_AT_count
	.byte	0                               @ End Of Children Mark
	.byte	11                              @ Abbrev [11] 0x29e:0x5 DW_TAG_volatile_type
	.long	480                             @ DW_AT_type
	.byte	18                              @ Abbrev [18] 0x2a3:0x7 DW_TAG_base_type
	.long	.Linfo_string59                 @ DW_AT_name
	.byte	8                               @ DW_AT_byte_size
	.byte	7                               @ DW_AT_encoding
	.byte	16                              @ Abbrev [16] 0x2aa:0xc DW_TAG_array_type
	.long	480                             @ DW_AT_type
	.byte	17                              @ Abbrev [17] 0x2af:0x6 DW_TAG_subrange_type
	.long	675                             @ DW_AT_type
	.byte	31                              @ DW_AT_count
	.byte	0                               @ End Of Children Mark
	.byte	16                              @ Abbrev [16] 0x2b6:0xc DW_TAG_array_type
	.long	480                             @ DW_AT_type
	.byte	17                              @ Abbrev [17] 0x2bb:0x6 DW_TAG_subrange_type
	.long	675                             @ DW_AT_type
	.byte	64                              @ DW_AT_count
	.byte	0                               @ End Of Children Mark
	.byte	16                              @ Abbrev [16] 0x2c2:0xc DW_TAG_array_type
	.long	670                             @ DW_AT_type
	.byte	17                              @ Abbrev [17] 0x2c7:0x6 DW_TAG_subrange_type
	.long	675                             @ DW_AT_type
	.byte	8                               @ DW_AT_count
	.byte	0                               @ End Of Children Mark
	.byte	4                               @ Abbrev [4] 0x2ce:0x5 DW_TAG_pointer_type
	.long	723                             @ DW_AT_type
	.byte	12                              @ Abbrev [12] 0x2d3:0xc DW_TAG_typedef
	.long	735                             @ DW_AT_type
	.long	.Linfo_string77                 @ DW_AT_name
	.byte	5                               @ DW_AT_decl_file
	.short	370                             @ DW_AT_decl_line
	.byte	19                              @ Abbrev [19] 0x2df:0x7b DW_TAG_structure_type
	.byte	40                              @ DW_AT_byte_size
	.byte	5                               @ DW_AT_decl_file
	.short	355                             @ DW_AT_decl_line
	.byte	14                              @ Abbrev [14] 0x2e4:0xd DW_TAG_member
	.long	.Linfo_string70                 @ DW_AT_name
	.long	858                             @ DW_AT_type
	.byte	5                               @ DW_AT_decl_file
	.short	357                             @ DW_AT_decl_line
	.byte	0                               @ DW_AT_data_member_location
	.byte	14                              @ Abbrev [14] 0x2f1:0xd DW_TAG_member
	.long	.Linfo_string71                 @ DW_AT_name
	.long	670                             @ DW_AT_type
	.byte	5                               @ DW_AT_decl_file
	.short	358                             @ DW_AT_decl_line
	.byte	4                               @ DW_AT_data_member_location
	.byte	14                              @ Abbrev [14] 0x2fe:0xd DW_TAG_member
	.long	.Linfo_string60                 @ DW_AT_name
	.long	480                             @ DW_AT_type
	.byte	5                               @ DW_AT_decl_file
	.short	362                             @ DW_AT_decl_line
	.byte	8                               @ DW_AT_data_member_location
	.byte	14                              @ Abbrev [14] 0x30b:0xd DW_TAG_member
	.long	.Linfo_string72                 @ DW_AT_name
	.long	670                             @ DW_AT_type
	.byte	5                               @ DW_AT_decl_file
	.short	364                             @ DW_AT_decl_line
	.byte	12                              @ DW_AT_data_member_location
	.byte	14                              @ Abbrev [14] 0x318:0xd DW_TAG_member
	.long	.Linfo_string73                 @ DW_AT_name
	.long	670                             @ DW_AT_type
	.byte	5                               @ DW_AT_decl_file
	.short	365                             @ DW_AT_decl_line
	.byte	16                              @ DW_AT_data_member_location
	.byte	14                              @ Abbrev [14] 0x325:0xd DW_TAG_member
	.long	.Linfo_string74                 @ DW_AT_name
	.long	670                             @ DW_AT_type
	.byte	5                               @ DW_AT_decl_file
	.short	366                             @ DW_AT_decl_line
	.byte	20                              @ DW_AT_data_member_location
	.byte	14                              @ Abbrev [14] 0x332:0xd DW_TAG_member
	.long	.Linfo_string62                 @ DW_AT_name
	.long	480                             @ DW_AT_type
	.byte	5                               @ DW_AT_decl_file
	.short	367                             @ DW_AT_decl_line
	.byte	24                              @ DW_AT_data_member_location
	.byte	14                              @ Abbrev [14] 0x33f:0xd DW_TAG_member
	.long	.Linfo_string75                 @ DW_AT_name
	.long	863                             @ DW_AT_type
	.byte	5                               @ DW_AT_decl_file
	.short	368                             @ DW_AT_decl_line
	.byte	28                              @ DW_AT_data_member_location
	.byte	14                              @ Abbrev [14] 0x34c:0xd DW_TAG_member
	.long	.Linfo_string76                 @ DW_AT_name
	.long	670                             @ DW_AT_type
	.byte	5                               @ DW_AT_decl_file
	.short	369                             @ DW_AT_decl_line
	.byte	36                              @ DW_AT_data_member_location
	.byte	0                               @ End Of Children Mark
	.byte	20                              @ Abbrev [20] 0x35a:0x5 DW_TAG_const_type
	.long	670                             @ DW_AT_type
	.byte	16                              @ Abbrev [16] 0x35f:0xc DW_TAG_array_type
	.long	670                             @ DW_AT_type
	.byte	17                              @ Abbrev [17] 0x364:0x6 DW_TAG_subrange_type
	.long	675                             @ DW_AT_type
	.byte	2                               @ DW_AT_count
	.byte	0                               @ End Of Children Mark
	.byte	3                               @ Abbrev [3] 0x36b:0xb DW_TAG_typedef
	.long	445                             @ DW_AT_type
	.long	.Linfo_string78                 @ DW_AT_name
	.byte	3                               @ DW_AT_decl_file
	.byte	56                              @ DW_AT_decl_line
	.byte	21                              @ Abbrev [21] 0x376:0xd DW_TAG_subprogram
	.long	.Linfo_string79                 @ DW_AT_name
	.byte	6                               @ DW_AT_decl_file
	.short	375                             @ DW_AT_decl_line
                                        @ DW_AT_prototyped
	.long	89                              @ DW_AT_type
	.byte	1                               @ DW_AT_inline
	.byte	22                              @ Abbrev [22] 0x383:0x43 DW_TAG_subprogram
	.long	.Lfunc_begin0                   @ DW_AT_low_pc
	.long	.Lfunc_end0-.Lfunc_begin0       @ DW_AT_high_pc
	.byte	1                               @ DW_AT_frame_base
	.byte	93
                                        @ DW_AT_GNU_all_call_sites
	.long	.Linfo_string92                 @ DW_AT_name
	.byte	2                               @ DW_AT_decl_file
	.short	259                             @ DW_AT_decl_line
                                        @ DW_AT_prototyped
                                        @ DW_AT_external
	.byte	23                              @ Abbrev [23] 0x395:0x10 DW_TAG_formal_parameter
	.long	.Ldebug_loc0                    @ DW_AT_location
	.long	.Linfo_string115                @ DW_AT_name
	.byte	2                               @ DW_AT_decl_file
	.short	259                             @ DW_AT_decl_line
	.long	2038                            @ DW_AT_type
	.byte	24                              @ Abbrev [24] 0x3a5:0xf DW_TAG_variable
	.byte	2                               @ DW_AT_location
	.byte	145
	.byte	4
	.long	.Linfo_string108                @ DW_AT_name
	.byte	2                               @ DW_AT_decl_file
	.short	262                             @ DW_AT_decl_line
	.long	1951                            @ DW_AT_type
	.byte	25                              @ Abbrev [25] 0x3b4:0x11 DW_TAG_inlined_subroutine
	.long	886                             @ DW_AT_abstract_origin
	.long	.Ltmp1                          @ DW_AT_low_pc
	.long	.Ltmp2-.Ltmp1                   @ DW_AT_high_pc
	.byte	2                               @ DW_AT_call_file
	.short	263                             @ DW_AT_call_line
	.byte	24                              @ DW_AT_call_column
	.byte	0                               @ End Of Children Mark
	.byte	26                              @ Abbrev [26] 0x3c6:0x12 DW_TAG_subprogram
	.long	.Lfunc_begin1                   @ DW_AT_low_pc
	.long	.Lfunc_end1-.Lfunc_begin1       @ DW_AT_high_pc
	.byte	1                               @ DW_AT_frame_base
	.byte	93
                                        @ DW_AT_GNU_all_call_sites
	.long	.Linfo_string93                 @ DW_AT_name
	.byte	2                               @ DW_AT_decl_file
	.short	304                             @ DW_AT_decl_line
                                        @ DW_AT_prototyped
                                        @ DW_AT_external
	.byte	26                              @ Abbrev [26] 0x3d8:0x12 DW_TAG_subprogram
	.long	.Lfunc_begin2                   @ DW_AT_low_pc
	.long	.Lfunc_end2-.Lfunc_begin2       @ DW_AT_high_pc
	.byte	1                               @ DW_AT_frame_base
	.byte	93
                                        @ DW_AT_GNU_all_call_sites
	.long	.Linfo_string94                 @ DW_AT_name
	.byte	2                               @ DW_AT_decl_file
	.short	315                             @ DW_AT_decl_line
                                        @ DW_AT_prototyped
                                        @ DW_AT_external
	.byte	22                              @ Abbrev [22] 0x3ea:0x2f DW_TAG_subprogram
	.long	.Lfunc_begin3                   @ DW_AT_low_pc
	.long	.Lfunc_end3-.Lfunc_begin3       @ DW_AT_high_pc
	.byte	1                               @ DW_AT_frame_base
	.byte	93
                                        @ DW_AT_GNU_all_call_sites
	.long	.Linfo_string95                 @ DW_AT_name
	.byte	2                               @ DW_AT_decl_file
	.short	322                             @ DW_AT_decl_line
                                        @ DW_AT_prototyped
                                        @ DW_AT_external
	.byte	27                              @ Abbrev [27] 0x3fc:0xe DW_TAG_formal_parameter
	.byte	1                               @ DW_AT_location
	.byte	80
	.long	.Linfo_string128                @ DW_AT_name
	.byte	2                               @ DW_AT_decl_file
	.short	322                             @ DW_AT_decl_line
	.long	2189                            @ DW_AT_type
	.byte	27                              @ Abbrev [27] 0x40a:0xe DW_TAG_formal_parameter
	.byte	1                               @ DW_AT_location
	.byte	81
	.long	.Linfo_string130                @ DW_AT_name
	.byte	2                               @ DW_AT_decl_file
	.short	322                             @ DW_AT_decl_line
	.long	2200                            @ DW_AT_type
	.byte	0                               @ End Of Children Mark
	.byte	28                              @ Abbrev [28] 0x419:0x22 DW_TAG_subprogram
	.long	.Linfo_string80                 @ DW_AT_name
	.byte	5                               @ DW_AT_decl_file
	.short	850                             @ DW_AT_decl_line
                                        @ DW_AT_prototyped
	.byte	1                               @ DW_AT_inline
	.byte	29                              @ Abbrev [29] 0x422:0xc DW_TAG_formal_parameter
	.long	.Linfo_string53                 @ DW_AT_name
	.byte	5                               @ DW_AT_decl_file
	.short	850                             @ DW_AT_decl_line
	.long	1083                            @ DW_AT_type
	.byte	29                              @ Abbrev [29] 0x42e:0xc DW_TAG_formal_parameter
	.long	.Linfo_string82                 @ DW_AT_name
	.byte	5                               @ DW_AT_decl_file
	.short	850                             @ DW_AT_decl_line
	.long	480                             @ DW_AT_type
	.byte	0                               @ End Of Children Mark
	.byte	3                               @ Abbrev [3] 0x43b:0xb DW_TAG_typedef
	.long	258                             @ DW_AT_type
	.long	.Linfo_string81                 @ DW_AT_name
	.byte	4                               @ DW_AT_decl_file
	.byte	130                             @ DW_AT_decl_line
	.byte	28                              @ Abbrev [28] 0x446:0x16 DW_TAG_subprogram
	.long	.Linfo_string83                 @ DW_AT_name
	.byte	5                               @ DW_AT_decl_file
	.short	741                             @ DW_AT_decl_line
                                        @ DW_AT_prototyped
	.byte	1                               @ DW_AT_inline
	.byte	29                              @ Abbrev [29] 0x44f:0xc DW_TAG_formal_parameter
	.long	.Linfo_string53                 @ DW_AT_name
	.byte	5                               @ DW_AT_decl_file
	.short	741                             @ DW_AT_decl_line
	.long	1083                            @ DW_AT_type
	.byte	0                               @ End Of Children Mark
	.byte	22                              @ Abbrev [22] 0x45c:0x59 DW_TAG_subprogram
	.long	.Lfunc_begin4                   @ DW_AT_low_pc
	.long	.Lfunc_end4-.Lfunc_begin4       @ DW_AT_high_pc
	.byte	1                               @ DW_AT_frame_base
	.byte	93
                                        @ DW_AT_GNU_all_call_sites
	.long	.Linfo_string96                 @ DW_AT_name
	.byte	2                               @ DW_AT_decl_file
	.short	344                             @ DW_AT_decl_line
                                        @ DW_AT_prototyped
                                        @ DW_AT_external
	.byte	23                              @ Abbrev [23] 0x46e:0x10 DW_TAG_formal_parameter
	.long	.Ldebug_loc1                    @ DW_AT_location
	.long	.Linfo_string132                @ DW_AT_name
	.byte	2                               @ DW_AT_decl_file
	.short	344                             @ DW_AT_decl_line
	.long	55                              @ DW_AT_type
	.byte	30                              @ Abbrev [30] 0x47e:0x1e DW_TAG_inlined_subroutine
	.long	1049                            @ DW_AT_abstract_origin
	.long	.Ltmp11                         @ DW_AT_low_pc
	.long	.Ltmp12-.Ltmp11                 @ DW_AT_high_pc
	.byte	2                               @ DW_AT_call_file
	.short	350                             @ DW_AT_call_line
	.byte	5                               @ DW_AT_call_column
	.byte	31                              @ Abbrev [31] 0x48f:0x6 DW_TAG_formal_parameter
	.byte	6                               @ DW_AT_const_value
	.long	1058                            @ DW_AT_abstract_origin
	.byte	32                              @ Abbrev [32] 0x495:0x6 DW_TAG_formal_parameter
	.byte	2                               @ DW_AT_const_value
	.long	1070                            @ DW_AT_abstract_origin
	.byte	0                               @ End Of Children Mark
	.byte	30                              @ Abbrev [30] 0x49c:0x18 DW_TAG_inlined_subroutine
	.long	1094                            @ DW_AT_abstract_origin
	.long	.Ltmp12                         @ DW_AT_low_pc
	.long	.Ltmp13-.Ltmp12                 @ DW_AT_high_pc
	.byte	2                               @ DW_AT_call_file
	.short	352                             @ DW_AT_call_line
	.byte	5                               @ DW_AT_call_column
	.byte	31                              @ Abbrev [31] 0x4ad:0x6 DW_TAG_formal_parameter
	.byte	6                               @ DW_AT_const_value
	.long	1103                            @ DW_AT_abstract_origin
	.byte	0                               @ End Of Children Mark
	.byte	0                               @ End Of Children Mark
	.byte	28                              @ Abbrev [28] 0x4b5:0x16 DW_TAG_subprogram
	.long	.Linfo_string84                 @ DW_AT_name
	.byte	5                               @ DW_AT_decl_file
	.short	779                             @ DW_AT_decl_line
                                        @ DW_AT_prototyped
	.byte	1                               @ DW_AT_inline
	.byte	29                              @ Abbrev [29] 0x4be:0xc DW_TAG_formal_parameter
	.long	.Linfo_string53                 @ DW_AT_name
	.byte	5                               @ DW_AT_decl_file
	.short	779                             @ DW_AT_decl_line
	.long	1083                            @ DW_AT_type
	.byte	0                               @ End Of Children Mark
	.byte	28                              @ Abbrev [28] 0x4cb:0x16 DW_TAG_subprogram
	.long	.Linfo_string85                 @ DW_AT_name
	.byte	5                               @ DW_AT_decl_file
	.short	832                             @ DW_AT_decl_line
                                        @ DW_AT_prototyped
	.byte	1                               @ DW_AT_inline
	.byte	29                              @ Abbrev [29] 0x4d4:0xc DW_TAG_formal_parameter
	.long	.Linfo_string53                 @ DW_AT_name
	.byte	5                               @ DW_AT_decl_file
	.short	832                             @ DW_AT_decl_line
	.long	1083                            @ DW_AT_type
	.byte	0                               @ End Of Children Mark
	.byte	22                              @ Abbrev [22] 0x4e1:0x43 DW_TAG_subprogram
	.long	.Lfunc_begin5                   @ DW_AT_low_pc
	.long	.Lfunc_end5-.Lfunc_begin5       @ DW_AT_high_pc
	.byte	1                               @ DW_AT_frame_base
	.byte	93
                                        @ DW_AT_GNU_all_call_sites
	.long	.Linfo_string97                 @ DW_AT_name
	.byte	2                               @ DW_AT_decl_file
	.short	355                             @ DW_AT_decl_line
                                        @ DW_AT_prototyped
                                        @ DW_AT_external
	.byte	30                              @ Abbrev [30] 0x4f3:0x18 DW_TAG_inlined_subroutine
	.long	1205                            @ DW_AT_abstract_origin
	.long	.Ltmp16                         @ DW_AT_low_pc
	.long	.Ltmp17-.Ltmp16                 @ DW_AT_high_pc
	.byte	2                               @ DW_AT_call_file
	.short	357                             @ DW_AT_call_line
	.byte	5                               @ DW_AT_call_column
	.byte	31                              @ Abbrev [31] 0x504:0x6 DW_TAG_formal_parameter
	.byte	6                               @ DW_AT_const_value
	.long	1214                            @ DW_AT_abstract_origin
	.byte	0                               @ End Of Children Mark
	.byte	30                              @ Abbrev [30] 0x50b:0x18 DW_TAG_inlined_subroutine
	.long	1227                            @ DW_AT_abstract_origin
	.long	.Ltmp18                         @ DW_AT_low_pc
	.long	.Ltmp19-.Ltmp18                 @ DW_AT_high_pc
	.byte	2                               @ DW_AT_call_file
	.short	359                             @ DW_AT_call_line
	.byte	5                               @ DW_AT_call_column
	.byte	31                              @ Abbrev [31] 0x51c:0x6 DW_TAG_formal_parameter
	.byte	6                               @ DW_AT_const_value
	.long	1236                            @ DW_AT_abstract_origin
	.byte	0                               @ End Of Children Mark
	.byte	0                               @ End Of Children Mark
	.byte	22                              @ Abbrev [22] 0x524:0x43 DW_TAG_subprogram
	.long	.Lfunc_begin6                   @ DW_AT_low_pc
	.long	.Lfunc_end6-.Lfunc_begin6       @ DW_AT_high_pc
	.byte	1                               @ DW_AT_frame_base
	.byte	93
                                        @ DW_AT_GNU_all_call_sites
	.long	.Linfo_string98                 @ DW_AT_name
	.byte	2                               @ DW_AT_decl_file
	.short	417                             @ DW_AT_decl_line
                                        @ DW_AT_prototyped
                                        @ DW_AT_external
	.byte	23                              @ Abbrev [23] 0x536:0x10 DW_TAG_formal_parameter
	.long	.Ldebug_loc2                    @ DW_AT_location
	.long	.Linfo_string116                @ DW_AT_name
	.byte	2                               @ DW_AT_decl_file
	.short	417                             @ DW_AT_decl_line
	.long	2160                            @ DW_AT_type
	.byte	24                              @ Abbrev [24] 0x546:0xf DW_TAG_variable
	.byte	2                               @ DW_AT_location
	.byte	145
	.byte	4
	.long	.Linfo_string108                @ DW_AT_name
	.byte	2                               @ DW_AT_decl_file
	.short	420                             @ DW_AT_decl_line
	.long	1951                            @ DW_AT_type
	.byte	25                              @ Abbrev [25] 0x555:0x11 DW_TAG_inlined_subroutine
	.long	886                             @ DW_AT_abstract_origin
	.long	.Ltmp23                         @ DW_AT_low_pc
	.long	.Ltmp24-.Ltmp23                 @ DW_AT_high_pc
	.byte	2                               @ DW_AT_call_file
	.short	421                             @ DW_AT_call_line
	.byte	24                              @ DW_AT_call_column
	.byte	0                               @ End Of Children Mark
	.byte	33                              @ Abbrev [33] 0x567:0x9 DW_TAG_subprogram
	.long	.Linfo_string86                 @ DW_AT_name
	.byte	1                               @ DW_AT_decl_file
	.short	286                             @ DW_AT_decl_line
                                        @ DW_AT_prototyped
	.byte	1                               @ DW_AT_inline
	.byte	22                              @ Abbrev [22] 0x570:0x24 DW_TAG_subprogram
	.long	.Lfunc_begin7                   @ DW_AT_low_pc
	.long	.Lfunc_end7-.Lfunc_begin7       @ DW_AT_high_pc
	.byte	1                               @ DW_AT_frame_base
	.byte	93
                                        @ DW_AT_GNU_all_call_sites
	.long	.Linfo_string99                 @ DW_AT_name
	.byte	2                               @ DW_AT_decl_file
	.short	515                             @ DW_AT_decl_line
                                        @ DW_AT_prototyped
                                        @ DW_AT_external
	.byte	25                              @ Abbrev [25] 0x582:0x11 DW_TAG_inlined_subroutine
	.long	1383                            @ DW_AT_abstract_origin
	.long	.Ltmp28                         @ DW_AT_low_pc
	.long	.Ltmp29-.Ltmp28                 @ DW_AT_high_pc
	.byte	2                               @ DW_AT_call_file
	.short	517                             @ DW_AT_call_line
	.byte	5                               @ DW_AT_call_column
	.byte	0                               @ End Of Children Mark
	.byte	34                              @ Abbrev [34] 0x594:0x34 DW_TAG_subprogram
	.long	.Lfunc_begin8                   @ DW_AT_low_pc
	.long	.Lfunc_end8-.Lfunc_begin8       @ DW_AT_high_pc
	.byte	1                               @ DW_AT_frame_base
	.byte	93
                                        @ DW_AT_GNU_all_call_sites
	.long	.Linfo_string100                @ DW_AT_name
	.byte	2                               @ DW_AT_decl_file
	.short	592                             @ DW_AT_decl_line
                                        @ DW_AT_prototyped
	.long	89                              @ DW_AT_type
                                        @ DW_AT_external
	.byte	23                              @ Abbrev [23] 0x5aa:0x10 DW_TAG_formal_parameter
	.long	.Ldebug_loc3                    @ DW_AT_location
	.long	.Linfo_string133                @ DW_AT_name
	.byte	2                               @ DW_AT_decl_file
	.short	592                             @ DW_AT_decl_line
	.long	2211                            @ DW_AT_type
	.byte	35                              @ Abbrev [35] 0x5ba:0xd DW_TAG_variable
	.byte	6                               @ DW_AT_const_value
	.long	.Linfo_string111                @ DW_AT_name
	.byte	2                               @ DW_AT_decl_file
	.short	594                             @ DW_AT_decl_line
	.long	2027                            @ DW_AT_type
	.byte	0                               @ End Of Children Mark
	.byte	26                              @ Abbrev [26] 0x5c8:0x12 DW_TAG_subprogram
	.long	.Lfunc_begin9                   @ DW_AT_low_pc
	.long	.Lfunc_end9-.Lfunc_begin9       @ DW_AT_high_pc
	.byte	1                               @ DW_AT_frame_base
	.byte	93
                                        @ DW_AT_GNU_all_call_sites
	.long	.Linfo_string101                @ DW_AT_name
	.byte	2                               @ DW_AT_decl_file
	.short	605                             @ DW_AT_decl_line
                                        @ DW_AT_prototyped
                                        @ DW_AT_external
	.byte	36                              @ Abbrev [36] 0x5da:0x16 DW_TAG_subprogram
	.long	.Lfunc_begin10                  @ DW_AT_low_pc
	.long	.Lfunc_end10-.Lfunc_begin10     @ DW_AT_high_pc
	.byte	1                               @ DW_AT_frame_base
	.byte	93
                                        @ DW_AT_GNU_all_call_sites
	.long	.Linfo_string102                @ DW_AT_name
	.byte	2                               @ DW_AT_decl_file
	.short	654                             @ DW_AT_decl_line
                                        @ DW_AT_prototyped
	.long	875                             @ DW_AT_type
                                        @ DW_AT_external
	.byte	37                              @ Abbrev [37] 0x5f0:0x45 DW_TAG_subprogram
	.long	.Lfunc_begin11                  @ DW_AT_low_pc
	.long	.Lfunc_end11-.Lfunc_begin11     @ DW_AT_high_pc
	.byte	1                               @ DW_AT_frame_base
	.byte	93
                                        @ DW_AT_GNU_all_call_sites
	.long	.Linfo_string103                @ DW_AT_name
	.byte	2                               @ DW_AT_decl_file
	.short	626                             @ DW_AT_decl_line
                                        @ DW_AT_prototyped
	.long	875                             @ DW_AT_type
	.byte	23                              @ Abbrev [23] 0x606:0x10 DW_TAG_formal_parameter
	.long	.Ldebug_loc4                    @ DW_AT_location
	.long	.Linfo_string134                @ DW_AT_name
	.byte	2                               @ DW_AT_decl_file
	.short	626                             @ DW_AT_decl_line
	.long	89                              @ DW_AT_type
	.byte	38                              @ Abbrev [38] 0x616:0xe DW_TAG_variable
	.ascii	"\374\021"                      @ DW_AT_const_value
	.long	.Linfo_string135                @ DW_AT_name
	.byte	2                               @ DW_AT_decl_file
	.short	629                             @ DW_AT_decl_line
	.long	2216                            @ DW_AT_type
	.byte	39                              @ Abbrev [39] 0x624:0x10 DW_TAG_variable
	.long	.Ldebug_loc5                    @ DW_AT_location
	.long	.Linfo_string136                @ DW_AT_name
	.byte	2                               @ DW_AT_decl_file
	.short	635                             @ DW_AT_decl_line
	.long	462                             @ DW_AT_type
	.byte	0                               @ End Of Children Mark
	.byte	22                              @ Abbrev [22] 0x635:0x6a DW_TAG_subprogram
	.long	.Lfunc_begin12                  @ DW_AT_low_pc
	.long	.Lfunc_end12-.Lfunc_begin12     @ DW_AT_high_pc
	.byte	1                               @ DW_AT_frame_base
	.byte	93
                                        @ DW_AT_GNU_all_call_sites
	.long	.Linfo_string104                @ DW_AT_name
	.byte	2                               @ DW_AT_decl_file
	.short	680                             @ DW_AT_decl_line
                                        @ DW_AT_prototyped
                                        @ DW_AT_external
	.byte	23                              @ Abbrev [23] 0x647:0x10 DW_TAG_formal_parameter
	.long	.Ldebug_loc6                    @ DW_AT_location
	.long	.Linfo_string137                @ DW_AT_name
	.byte	2                               @ DW_AT_decl_file
	.short	680                             @ DW_AT_decl_line
	.long	2221                            @ DW_AT_type
	.byte	23                              @ Abbrev [23] 0x657:0x10 DW_TAG_formal_parameter
	.long	.Ldebug_loc7                    @ DW_AT_location
	.long	.Linfo_string138                @ DW_AT_name
	.byte	2                               @ DW_AT_decl_file
	.short	680                             @ DW_AT_decl_line
	.long	89                              @ DW_AT_type
	.byte	23                              @ Abbrev [23] 0x667:0x10 DW_TAG_formal_parameter
	.long	.Ldebug_loc8                    @ DW_AT_location
	.long	.Linfo_string139                @ DW_AT_name
	.byte	2                               @ DW_AT_decl_file
	.short	680                             @ DW_AT_decl_line
	.long	2226                            @ DW_AT_type
	.byte	25                              @ Abbrev [25] 0x677:0x11 DW_TAG_inlined_subroutine
	.long	1383                            @ DW_AT_abstract_origin
	.long	.Ltmp59                         @ DW_AT_low_pc
	.long	.Ltmp60-.Ltmp59                 @ DW_AT_high_pc
	.byte	2                               @ DW_AT_call_file
	.short	683                             @ DW_AT_call_line
	.byte	5                               @ DW_AT_call_column
	.byte	40                              @ Abbrev [40] 0x688:0x16 DW_TAG_lexical_block
	.long	.Ltmp60                         @ DW_AT_low_pc
	.long	.Ltmp67-.Ltmp60                 @ DW_AT_high_pc
	.byte	41                              @ Abbrev [41] 0x691:0xc DW_TAG_variable
	.long	.Linfo_string140                @ DW_AT_name
	.byte	2                               @ DW_AT_decl_file
	.short	685                             @ DW_AT_decl_line
	.long	89                              @ DW_AT_type
	.byte	0                               @ End Of Children Mark
	.byte	0                               @ End Of Children Mark
	.byte	42                              @ Abbrev [42] 0x69f:0xc DW_TAG_subprogram
	.long	.Linfo_string87                 @ DW_AT_name
	.byte	7                               @ DW_AT_decl_file
	.byte	231                             @ DW_AT_decl_line
                                        @ DW_AT_prototyped
	.long	89                              @ DW_AT_type
	.byte	1                               @ DW_AT_inline
	.byte	21                              @ Abbrev [21] 0x6ab:0xd DW_TAG_subprogram
	.long	.Linfo_string88                 @ DW_AT_name
	.byte	7                               @ DW_AT_decl_file
	.short	256                             @ DW_AT_decl_line
                                        @ DW_AT_prototyped
	.long	89                              @ DW_AT_type
	.byte	1                               @ DW_AT_inline
	.byte	22                              @ Abbrev [22] 0x6b8:0x35 DW_TAG_subprogram
	.long	.Lfunc_begin13                  @ DW_AT_low_pc
	.long	.Lfunc_end13-.Lfunc_begin13     @ DW_AT_high_pc
	.byte	1                               @ DW_AT_frame_base
	.byte	93
                                        @ DW_AT_GNU_all_call_sites
	.long	.Linfo_string105                @ DW_AT_name
	.byte	2                               @ DW_AT_decl_file
	.short	692                             @ DW_AT_decl_line
                                        @ DW_AT_prototyped
                                        @ DW_AT_external
	.byte	25                              @ Abbrev [25] 0x6ca:0x11 DW_TAG_inlined_subroutine
	.long	1695                            @ DW_AT_abstract_origin
	.long	.Ltmp70                         @ DW_AT_low_pc
	.long	.Ltmp71-.Ltmp70                 @ DW_AT_high_pc
	.byte	2                               @ DW_AT_call_file
	.short	694                             @ DW_AT_call_line
	.byte	12                              @ DW_AT_call_column
	.byte	25                              @ Abbrev [25] 0x6db:0x11 DW_TAG_inlined_subroutine
	.long	1707                            @ DW_AT_abstract_origin
	.long	.Ltmp72                         @ DW_AT_low_pc
	.long	.Ltmp73-.Ltmp72                 @ DW_AT_high_pc
	.byte	2                               @ DW_AT_call_file
	.short	695                             @ DW_AT_call_line
	.byte	12                              @ DW_AT_call_column
	.byte	0                               @ End Of Children Mark
	.byte	43                              @ Abbrev [43] 0x6ed:0x14 DW_TAG_subprogram
	.long	.Linfo_string89                 @ DW_AT_name
	.byte	7                               @ DW_AT_decl_file
	.byte	219                             @ DW_AT_decl_line
                                        @ DW_AT_prototyped
	.byte	1                               @ DW_AT_inline
	.byte	44                              @ Abbrev [44] 0x6f5:0xb DW_TAG_formal_parameter
	.long	.Linfo_string90                 @ DW_AT_name
	.byte	7                               @ DW_AT_decl_file
	.byte	219                             @ DW_AT_decl_line
	.long	89                              @ DW_AT_type
	.byte	0                               @ End Of Children Mark
	.byte	43                              @ Abbrev [43] 0x701:0x14 DW_TAG_subprogram
	.long	.Linfo_string91                 @ DW_AT_name
	.byte	7                               @ DW_AT_decl_file
	.byte	244                             @ DW_AT_decl_line
                                        @ DW_AT_prototyped
	.byte	1                               @ DW_AT_inline
	.byte	44                              @ Abbrev [44] 0x709:0xb DW_TAG_formal_parameter
	.long	.Linfo_string90                 @ DW_AT_name
	.byte	7                               @ DW_AT_decl_file
	.byte	244                             @ DW_AT_decl_line
	.long	89                              @ DW_AT_type
	.byte	0                               @ End Of Children Mark
	.byte	22                              @ Abbrev [22] 0x715:0x45 DW_TAG_subprogram
	.long	.Lfunc_begin14                  @ DW_AT_low_pc
	.long	.Lfunc_end14-.Lfunc_begin14     @ DW_AT_high_pc
	.byte	1                               @ DW_AT_frame_base
	.byte	93
                                        @ DW_AT_GNU_all_call_sites
	.long	.Linfo_string106                @ DW_AT_name
	.byte	2                               @ DW_AT_decl_file
	.short	698                             @ DW_AT_decl_line
                                        @ DW_AT_prototyped
                                        @ DW_AT_external
	.byte	30                              @ Abbrev [30] 0x727:0x19 DW_TAG_inlined_subroutine
	.long	1773                            @ DW_AT_abstract_origin
	.long	.Ltmp77                         @ DW_AT_low_pc
	.long	.Ltmp78-.Ltmp77                 @ DW_AT_high_pc
	.byte	2                               @ DW_AT_call_file
	.short	700                             @ DW_AT_call_line
	.byte	5                               @ DW_AT_call_column
	.byte	45                              @ Abbrev [45] 0x738:0x7 DW_TAG_formal_parameter
	.byte	1                               @ DW_AT_location
	.byte	81
	.long	1781                            @ DW_AT_abstract_origin
	.byte	0                               @ End Of Children Mark
	.byte	30                              @ Abbrev [30] 0x740:0x19 DW_TAG_inlined_subroutine
	.long	1793                            @ DW_AT_abstract_origin
	.long	.Ltmp79                         @ DW_AT_low_pc
	.long	.Ltmp81-.Ltmp79                 @ DW_AT_high_pc
	.byte	2                               @ DW_AT_call_file
	.short	701                             @ DW_AT_call_line
	.byte	5                               @ DW_AT_call_column
	.byte	45                              @ Abbrev [45] 0x751:0x7 DW_TAG_formal_parameter
	.byte	1                               @ DW_AT_location
	.byte	80
	.long	1801                            @ DW_AT_abstract_origin
	.byte	0                               @ End Of Children Mark
	.byte	0                               @ End Of Children Mark
	.byte	22                              @ Abbrev [22] 0x75a:0x45 DW_TAG_subprogram
	.long	.Lfunc_begin15                  @ DW_AT_low_pc
	.long	.Lfunc_end15-.Lfunc_begin15     @ DW_AT_high_pc
	.byte	1                               @ DW_AT_frame_base
	.byte	93
                                        @ DW_AT_GNU_all_call_sites
	.long	.Linfo_string107                @ DW_AT_name
	.byte	2                               @ DW_AT_decl_file
	.short	704                             @ DW_AT_decl_line
                                        @ DW_AT_prototyped
                                        @ DW_AT_external
	.byte	30                              @ Abbrev [30] 0x76c:0x19 DW_TAG_inlined_subroutine
	.long	1773                            @ DW_AT_abstract_origin
	.long	.Ltmp84                         @ DW_AT_low_pc
	.long	.Ltmp85-.Ltmp84                 @ DW_AT_high_pc
	.byte	2                               @ DW_AT_call_file
	.short	706                             @ DW_AT_call_line
	.byte	5                               @ DW_AT_call_column
	.byte	32                              @ Abbrev [32] 0x77d:0x7 DW_TAG_formal_parameter
	.ascii	"\200\004"                      @ DW_AT_const_value
	.long	1781                            @ DW_AT_abstract_origin
	.byte	0                               @ End Of Children Mark
	.byte	30                              @ Abbrev [30] 0x785:0x19 DW_TAG_inlined_subroutine
	.long	1793                            @ DW_AT_abstract_origin
	.long	.Ltmp85                         @ DW_AT_low_pc
	.long	.Ltmp86-.Ltmp85                 @ DW_AT_high_pc
	.byte	2                               @ DW_AT_call_file
	.short	707                             @ DW_AT_call_line
	.byte	5                               @ DW_AT_call_column
	.byte	32                              @ Abbrev [32] 0x796:0x7 DW_TAG_formal_parameter
	.ascii	"\200\004"                      @ DW_AT_const_value
	.long	1801                            @ DW_AT_abstract_origin
	.byte	0                               @ End Of Children Mark
	.byte	0                               @ End Of Children Mark
	.byte	3                               @ Abbrev [3] 0x79f:0xb DW_TAG_typedef
	.long	1962                            @ DW_AT_type
	.long	.Linfo_string114                @ DW_AT_name
	.byte	2                               @ DW_AT_decl_file
	.byte	94                              @ DW_AT_decl_line
	.byte	46                              @ Abbrev [46] 0x7aa:0x41 DW_TAG_structure_type
	.byte	12                              @ DW_AT_byte_size
	.byte	2                               @ DW_AT_decl_file
	.byte	87                              @ DW_AT_decl_line
	.byte	47                              @ Abbrev [47] 0x7ae:0xc DW_TAG_member
	.long	.Linfo_string5                  @ DW_AT_name
	.long	89                              @ DW_AT_type
	.byte	2                               @ DW_AT_decl_file
	.byte	89                              @ DW_AT_decl_line
	.byte	0                               @ DW_AT_data_member_location
	.byte	47                              @ Abbrev [47] 0x7ba:0xc DW_TAG_member
	.long	.Linfo_string109                @ DW_AT_name
	.long	2027                            @ DW_AT_type
	.byte	2                               @ DW_AT_decl_file
	.byte	90                              @ DW_AT_decl_line
	.byte	2                               @ DW_AT_data_member_location
	.byte	47                              @ Abbrev [47] 0x7c6:0xc DW_TAG_member
	.long	.Linfo_string111                @ DW_AT_name
	.long	2027                            @ DW_AT_type
	.byte	2                               @ DW_AT_decl_file
	.byte	91                              @ DW_AT_decl_line
	.byte	3                               @ DW_AT_data_member_location
	.byte	47                              @ Abbrev [47] 0x7d2:0xc DW_TAG_member
	.long	.Linfo_string112                @ DW_AT_name
	.long	2027                            @ DW_AT_type
	.byte	2                               @ DW_AT_decl_file
	.byte	92                              @ DW_AT_decl_line
	.byte	4                               @ DW_AT_data_member_location
	.byte	47                              @ Abbrev [47] 0x7de:0xc DW_TAG_member
	.long	.Linfo_string113                @ DW_AT_name
	.long	473                             @ DW_AT_type
	.byte	2                               @ DW_AT_decl_file
	.byte	93                              @ DW_AT_decl_line
	.byte	8                               @ DW_AT_data_member_location
	.byte	0                               @ End Of Children Mark
	.byte	3                               @ Abbrev [3] 0x7eb:0xb DW_TAG_typedef
	.long	164                             @ DW_AT_type
	.long	.Linfo_string110                @ DW_AT_name
	.byte	3                               @ DW_AT_decl_file
	.byte	62                              @ DW_AT_decl_line
	.byte	4                               @ Abbrev [4] 0x7f6:0x5 DW_TAG_pointer_type
	.long	2043                            @ DW_AT_type
	.byte	20                              @ Abbrev [20] 0x7fb:0x5 DW_TAG_const_type
	.long	2048                            @ DW_AT_type
	.byte	3                               @ Abbrev [3] 0x800:0xb DW_TAG_typedef
	.long	2059                            @ DW_AT_type
	.long	.Linfo_string127                @ DW_AT_name
	.byte	1                               @ DW_AT_decl_file
	.byte	224                             @ DW_AT_decl_line
	.byte	46                              @ Abbrev [46] 0x80b:0x65 DW_TAG_structure_type
	.byte	8                               @ DW_AT_byte_size
	.byte	1                               @ DW_AT_decl_file
	.byte	176                             @ DW_AT_decl_line
	.byte	47                              @ Abbrev [47] 0x80f:0xc DW_TAG_member
	.long	.Linfo_string116                @ DW_AT_name
	.long	2160                            @ DW_AT_type
	.byte	1                               @ DW_AT_decl_file
	.byte	179                             @ DW_AT_decl_line
	.byte	0                               @ DW_AT_data_member_location
	.byte	47                              @ Abbrev [47] 0x81b:0xc DW_TAG_member
	.long	.Linfo_string118                @ DW_AT_name
	.long	2027                            @ DW_AT_type
	.byte	1                               @ DW_AT_decl_file
	.byte	185                             @ DW_AT_decl_line
	.byte	1                               @ DW_AT_data_member_location
	.byte	47                              @ Abbrev [47] 0x827:0xc DW_TAG_member
	.long	.Linfo_string119                @ DW_AT_name
	.long	2027                            @ DW_AT_type
	.byte	1                               @ DW_AT_decl_file
	.byte	188                             @ DW_AT_decl_line
	.byte	2                               @ DW_AT_data_member_location
	.byte	47                              @ Abbrev [47] 0x833:0xc DW_TAG_member
	.long	.Linfo_string120                @ DW_AT_name
	.long	2171                            @ DW_AT_type
	.byte	1                               @ DW_AT_decl_file
	.byte	191                             @ DW_AT_decl_line
	.byte	3                               @ DW_AT_data_member_location
	.byte	47                              @ Abbrev [47] 0x83f:0xc DW_TAG_member
	.long	.Linfo_string122                @ DW_AT_name
	.long	2027                            @ DW_AT_type
	.byte	1                               @ DW_AT_decl_file
	.byte	194                             @ DW_AT_decl_line
	.byte	4                               @ DW_AT_data_member_location
	.byte	47                              @ Abbrev [47] 0x84b:0xc DW_TAG_member
	.long	.Linfo_string123                @ DW_AT_name
	.long	2178                            @ DW_AT_type
	.byte	1                               @ DW_AT_decl_file
	.byte	197                             @ DW_AT_decl_line
	.byte	5                               @ DW_AT_data_member_location
	.byte	47                              @ Abbrev [47] 0x857:0xc DW_TAG_member
	.long	.Linfo_string125                @ DW_AT_name
	.long	2171                            @ DW_AT_type
	.byte	1                               @ DW_AT_decl_file
	.byte	200                             @ DW_AT_decl_line
	.byte	6                               @ DW_AT_data_member_location
	.byte	47                              @ Abbrev [47] 0x863:0xc DW_TAG_member
	.long	.Linfo_string126                @ DW_AT_name
	.long	2027                            @ DW_AT_type
	.byte	1                               @ DW_AT_decl_file
	.byte	203                             @ DW_AT_decl_line
	.byte	7                               @ DW_AT_data_member_location
	.byte	0                               @ End Of Children Mark
	.byte	3                               @ Abbrev [3] 0x870:0xb DW_TAG_typedef
	.long	143                             @ DW_AT_type
	.long	.Linfo_string117                @ DW_AT_name
	.byte	1                               @ DW_AT_decl_file
	.byte	72                              @ DW_AT_decl_line
	.byte	6                               @ Abbrev [6] 0x87b:0x7 DW_TAG_base_type
	.long	.Linfo_string121                @ DW_AT_name
	.byte	2                               @ DW_AT_encoding
	.byte	1                               @ DW_AT_byte_size
	.byte	3                               @ Abbrev [3] 0x882:0xb DW_TAG_typedef
	.long	171                             @ DW_AT_type
	.long	.Linfo_string124                @ DW_AT_name
	.byte	1                               @ DW_AT_decl_file
	.byte	132                             @ DW_AT_decl_line
	.byte	3                               @ Abbrev [3] 0x88d:0xb DW_TAG_typedef
	.long	204                             @ DW_AT_type
	.long	.Linfo_string129                @ DW_AT_name
	.byte	1                               @ DW_AT_decl_file
	.byte	142                             @ DW_AT_decl_line
	.byte	3                               @ Abbrev [3] 0x898:0xb DW_TAG_typedef
	.long	225                             @ DW_AT_type
	.long	.Linfo_string131                @ DW_AT_name
	.byte	1                               @ DW_AT_decl_file
	.byte	158                             @ DW_AT_decl_line
	.byte	20                              @ Abbrev [20] 0x8a3:0x5 DW_TAG_const_type
	.long	89                              @ DW_AT_type
	.byte	20                              @ Abbrev [20] 0x8a8:0x5 DW_TAG_const_type
	.long	462                             @ DW_AT_type
	.byte	4                               @ Abbrev [4] 0x8ad:0x5 DW_TAG_pointer_type
	.long	89                              @ DW_AT_type
	.byte	4                               @ Abbrev [4] 0x8b2:0x5 DW_TAG_pointer_type
	.long	875                             @ DW_AT_type
	.byte	0                               @ End Of Children Mark
.Ldebug_info_end0:
	.section	.debug_str,"MS",%progbits,1
.Linfo_string0:
	.asciz	"Component: Arm Compiler for Embedded 6.23 Tool: armclang [5f103000]" @ string offset=0
.Linfo_string1:
	.asciz	"../../../../../sdk/platform/driver/adc\\adc_531.c" @ string offset=68
.Linfo_string2:
	.asciz	"C:\\Users\\teodor\\Desktop\\stem\\codeless\\6.0.24.1464\\projects\\target_apps\\ble_examples\\empty_peripheral_template\\Keil_5" @ string offset=117
.Linfo_string3:
	.asciz	"intr_cb"                       @ string offset=234
.Linfo_string4:
	.asciz	"adc_interrupt_cb_t"            @ string offset=242
.Linfo_string5:
	.asciz	"cal_val"                       @ string offset=261
.Linfo_string6:
	.asciz	"unsigned short"                @ string offset=269
.Linfo_string7:
	.asciz	"uint16_t"                      @ string offset=284
.Linfo_string8:
	.asciz	"offp"                          @ string offset=293
.Linfo_string9:
	.asciz	"offn"                          @ string offset=298
.Linfo_string10:
	.asciz	"unsigned char"                 @ string offset=303
.Linfo_string11:
	.asciz	"ADC_INPUT_MODE_DIFFERENTIAL"   @ string offset=317
.Linfo_string12:
	.asciz	"ADC_INPUT_MODE_SINGLE_ENDED"   @ string offset=345
.Linfo_string13:
	.asciz	"ADC_INPUT_ATTN_NO"             @ string offset=373
.Linfo_string14:
	.asciz	"ADC_INPUT_ATTN_2X"             @ string offset=391
.Linfo_string15:
	.asciz	"ADC_INPUT_ATTN_3X"             @ string offset=409
.Linfo_string16:
	.asciz	"ADC_INPUT_ATTN_4X"             @ string offset=427
.Linfo_string17:
	.asciz	"ADC_INPUT_SH_GAIN_2X"          @ string offset=445
.Linfo_string18:
	.asciz	"ADC_INPUT_SH_GAIN_2X25"        @ string offset=466
.Linfo_string19:
	.asciz	"ADC_INPUT_SH_CM_1V25"          @ string offset=489
.Linfo_string20:
	.asciz	"ADC_INPUT_SH_CM_1V30"          @ string offset=510
.Linfo_string21:
	.asciz	"ADC_INPUT_SH_CM_1V35"          @ string offset=531
.Linfo_string22:
	.asciz	"ADC_INPUT_SH_CM_1V40"          @ string offset=552
.Linfo_string23:
	.asciz	"signed char"                   @ string offset=573
.Linfo_string24:
	.asciz	"NonMaskableInt_IRQn"           @ string offset=585
.Linfo_string25:
	.asciz	"HardFault_IRQn"                @ string offset=605
.Linfo_string26:
	.asciz	"SVCall_IRQn"                   @ string offset=620
.Linfo_string27:
	.asciz	"PendSV_IRQn"                   @ string offset=632
.Linfo_string28:
	.asciz	"SysTick_IRQn"                  @ string offset=644
.Linfo_string29:
	.asciz	"BLE_WAKEUP_LP_IRQn"            @ string offset=657
.Linfo_string30:
	.asciz	"BLE_GEN_IRQn"                  @ string offset=676
.Linfo_string31:
	.asciz	"UART_IRQn"                     @ string offset=689
.Linfo_string32:
	.asciz	"UART2_IRQn"                    @ string offset=699
.Linfo_string33:
	.asciz	"I2C_IRQn"                      @ string offset=710
.Linfo_string34:
	.asciz	"SPI_IRQn"                      @ string offset=719
.Linfo_string35:
	.asciz	"ADC_IRQn"                      @ string offset=728
.Linfo_string36:
	.asciz	"KEYBRD_IRQn"                   @ string offset=737
.Linfo_string37:
	.asciz	"BLE_RF_DIAG_IRQn"              @ string offset=749
.Linfo_string38:
	.asciz	"RF_CAL_IRQn"                   @ string offset=766
.Linfo_string39:
	.asciz	"GPIO0_IRQn"                    @ string offset=778
.Linfo_string40:
	.asciz	"GPIO1_IRQn"                    @ string offset=789
.Linfo_string41:
	.asciz	"GPIO2_IRQn"                    @ string offset=800
.Linfo_string42:
	.asciz	"GPIO3_IRQn"                    @ string offset=811
.Linfo_string43:
	.asciz	"GPIO4_IRQn"                    @ string offset=822
.Linfo_string44:
	.asciz	"SWTIM_IRQn"                    @ string offset=833
.Linfo_string45:
	.asciz	"WKUP_QUADEC_IRQn"              @ string offset=844
.Linfo_string46:
	.asciz	"SWTIM1_IRQn"                   @ string offset=861
.Linfo_string47:
	.asciz	"RTC_IRQn"                      @ string offset=873
.Linfo_string48:
	.asciz	"DMA_IRQn"                      @ string offset=882
.Linfo_string49:
	.asciz	"XTAL32M_RDY_IRQn"              @ string offset=891
.Linfo_string50:
	.asciz	"RESERVED21_IRQn"               @ string offset=908
.Linfo_string51:
	.asciz	"RESERVED22_IRQn"               @ string offset=924
.Linfo_string52:
	.asciz	"RESERVED23_IRQn"               @ string offset=940
.Linfo_string53:
	.asciz	"IRQn"                          @ string offset=956
.Linfo_string54:
	.asciz	"int"                           @ string offset=961
.Linfo_string55:
	.asciz	"int32_t"                       @ string offset=965
.Linfo_string56:
	.asciz	"unsigned int"                  @ string offset=973
.Linfo_string57:
	.asciz	"uint32_t"                      @ string offset=986
.Linfo_string58:
	.asciz	"ISER"                          @ string offset=995
.Linfo_string59:
	.asciz	"__ARRAY_SIZE_TYPE__"           @ string offset=1000
.Linfo_string60:
	.asciz	"RESERVED0"                     @ string offset=1020
.Linfo_string61:
	.asciz	"ICER"                          @ string offset=1030
.Linfo_string62:
	.asciz	"RESERVED1"                     @ string offset=1035
.Linfo_string63:
	.asciz	"ISPR"                          @ string offset=1045
.Linfo_string64:
	.asciz	"RESERVED2"                     @ string offset=1050
.Linfo_string65:
	.asciz	"ICPR"                          @ string offset=1060
.Linfo_string66:
	.asciz	"RESERVED3"                     @ string offset=1065
.Linfo_string67:
	.asciz	"RESERVED4"                     @ string offset=1075
.Linfo_string68:
	.asciz	"IP"                            @ string offset=1085
.Linfo_string69:
	.asciz	"NVIC_Type"                     @ string offset=1088
.Linfo_string70:
	.asciz	"CPUID"                         @ string offset=1098
.Linfo_string71:
	.asciz	"ICSR"                          @ string offset=1104
.Linfo_string72:
	.asciz	"AIRCR"                         @ string offset=1109
.Linfo_string73:
	.asciz	"SCR"                           @ string offset=1115
.Linfo_string74:
	.asciz	"CCR"                           @ string offset=1119
.Linfo_string75:
	.asciz	"SHP"                           @ string offset=1123
.Linfo_string76:
	.asciz	"SHCSR"                         @ string offset=1127
.Linfo_string77:
	.asciz	"SCB_Type"                      @ string offset=1133
.Linfo_string78:
	.asciz	"int8_t"                        @ string offset=1142
.Linfo_string79:
	.asciz	"otp_cs_get_adc_trim_val"       @ string offset=1149
.Linfo_string80:
	.asciz	"__NVIC_SetPriority"            @ string offset=1173
.Linfo_string81:
	.asciz	"IRQn_Type"                     @ string offset=1192
.Linfo_string82:
	.asciz	"priority"                      @ string offset=1202
.Linfo_string83:
	.asciz	"__NVIC_EnableIRQ"              @ string offset=1211
.Linfo_string84:
	.asciz	"__NVIC_DisableIRQ"             @ string offset=1228
.Linfo_string85:
	.asciz	"__NVIC_ClearPendingIRQ"        @ string offset=1246
.Linfo_string86:
	.asciz	"adc_clear_interrupt"           @ string offset=1269
.Linfo_string87:
	.asciz	"adc_get_offset_positive"       @ string offset=1289
.Linfo_string88:
	.asciz	"adc_get_offset_negative"       @ string offset=1313
.Linfo_string89:
	.asciz	"adc_set_offset_positive"       @ string offset=1337
.Linfo_string90:
	.asciz	"offset"                        @ string offset=1361
.Linfo_string91:
	.asciz	"adc_set_offset_negative"       @ string offset=1368
.Linfo_string92:
	.asciz	"adc_init"                      @ string offset=1392
.Linfo_string93:
	.asciz	"adc_input_shift_enable"        @ string offset=1401
.Linfo_string94:
	.asciz	"adc_input_shift_disable"       @ string offset=1424
.Linfo_string95:
	.asciz	"adc_input_shift_config"        @ string offset=1448
.Linfo_string96:
	.asciz	"adc_register_interrupt"        @ string offset=1471
.Linfo_string97:
	.asciz	"adc_unregister_interrupt"      @ string offset=1494
.Linfo_string98:
	.asciz	"adc_offset_calibrate"          @ string offset=1519
.Linfo_string99:
	.asciz	"ADC_Handler"                   @ string offset=1540
.Linfo_string100:
	.asciz	"adc_correct_sample"            @ string offset=1552
.Linfo_string101:
	.asciz	"adc_temp_sensor_enable"        @ string offset=1571
.Linfo_string102:
	.asciz	"adc_get_temp"                  @ string offset=1594
.Linfo_string103:
	.asciz	"temp_calc"                     @ string offset=1607
.Linfo_string104:
	.asciz	"adc_get_temp_async"            @ string offset=1617
.Linfo_string105:
	.asciz	"adc_store_offsets"             @ string offset=1636
.Linfo_string106:
	.asciz	"adc_load_offsets"              @ string offset=1654
.Linfo_string107:
	.asciz	"adc_reset_offsets"             @ string offset=1671
.Linfo_string108:
	.asciz	"fixed"                         @ string offset=1689
.Linfo_string109:
	.asciz	"sample_time"                   @ string offset=1695
.Linfo_string110:
	.asciz	"uint8_t"                       @ string offset=1707
.Linfo_string111:
	.asciz	"oversample"                    @ string offset=1715
.Linfo_string112:
	.asciz	"ldo_level"                     @ string offset=1726
.Linfo_string113:
	.asciz	"us_delay"                      @ string offset=1736
.Linfo_string114:
	.asciz	"adc_531_fixed_values_t"        @ string offset=1745
.Linfo_string115:
	.asciz	"cfg"                           @ string offset=1768
.Linfo_string116:
	.asciz	"input_mode"                    @ string offset=1772
.Linfo_string117:
	.asciz	"adc_input_mode_t"              @ string offset=1783
.Linfo_string118:
	.asciz	"input"                         @ string offset=1800
.Linfo_string119:
	.asciz	"smpl_time_mult"                @ string offset=1806
.Linfo_string120:
	.asciz	"continuous"                    @ string offset=1821
.Linfo_string121:
	.asciz	"_Bool"                         @ string offset=1832
.Linfo_string122:
	.asciz	"interval_mult"                 @ string offset=1838
.Linfo_string123:
	.asciz	"input_attenuator"              @ string offset=1852
.Linfo_string124:
	.asciz	"adc_input_attn_t"              @ string offset=1869
.Linfo_string125:
	.asciz	"chopping"                      @ string offset=1886
.Linfo_string126:
	.asciz	"oversampling"                  @ string offset=1895
.Linfo_string127:
	.asciz	"adc_config_t"                  @ string offset=1908
.Linfo_string128:
	.asciz	"gain"                          @ string offset=1921
.Linfo_string129:
	.asciz	"adc_input_sh_gain_t"           @ string offset=1926
.Linfo_string130:
	.asciz	"cm"                            @ string offset=1946
.Linfo_string131:
	.asciz	"adc_input_sh_cm_t"             @ string offset=1949
.Linfo_string132:
	.asciz	"callback"                      @ string offset=1967
.Linfo_string133:
	.asciz	"adc_val"                       @ string offset=1976
.Linfo_string134:
	.asciz	"adc_sample"                    @ string offset=1984
.Linfo_string135:
	.asciz	"temp_coef"                     @ string offset=1995
.Linfo_string136:
	.asciz	"temp"                          @ string offset=2005
.Linfo_string137:
	.asciz	"adc_samples"                   @ string offset=2010
.Linfo_string138:
	.asciz	"len"                           @ string offset=2022
.Linfo_string139:
	.asciz	"temp_values"                   @ string offset=2026
.Linfo_string140:
	.asciz	"i"                             @ string offset=2038
	.ident	"Component: Arm Compiler for Embedded 6.23 Tool: armclang [5f103000]"
	.section	".note.GNU-stack","",%progbits
	.eabi_attribute	30, 4	@ Tag_ABI_optimization_goals
	.ARM_attribute	16, 1	@ Tag_AV_eba
	.section	.debug_line,"",%progbits
.Lline_table_start0:
