	.text
	.syntax unified
	.eabi_attribute	67, "2.09"	@ Tag_conformance
	.cpu	cortex-m0plus
	.eabi_attribute	6, 12	@ Tag_CPU_arch
	.eabi_attribute	7, 77	@ Tag_CPU_arch_profile
	.eabi_attribute	8, 0	@ Tag_ARM_ISA_use
	.eabi_attribute	9, 1	@ Tag_THUMB_ISA_use
	.eabi_attribute	34, 0	@ Tag_CPU_unaligned_access
	.eabi_attribute	17, 1	@ Tag_ABI_PCS_GOT_use
	.eabi_attribute	20, 2	@ Tag_ABI_FP_denormal
	.eabi_attribute	21, 0	@ Tag_ABI_FP_exceptions
	.eabi_attribute	23, 1	@ Tag_ABI_FP_number_model
	.eabi_attribute	24, 1	@ Tag_ABI_align_needed
	.eabi_attribute	25, 1	@ Tag_ABI_align_preserved
	.eabi_attribute	38, 1	@ Tag_ABI_FP_16bit_format
	.eabi_attribute	18, 2	@ Tag_ABI_PCS_wchar_t
	.eabi_attribute	26, 1	@ Tag_ABI_enum_size
	.eabi_attribute	14, 0	@ Tag_ABI_PCS_R9_use
	.file	"app.c"
	.file	1 "C:\\Users\\teodor\\Desktop\\stem\\codeless\\6.0.24.1464\\projects\\target_apps\\ble_examples\\empty_peripheral_template\\Keil_5" "./../../../../../sdk/platform/core_modules/rwip/api\\rwip_config.h"
	.file	2 "C:\\Users\\teodor\\Desktop\\stem\\codeless\\6.0.24.1464\\projects\\target_apps\\ble_examples\\empty_peripheral_template\\Keil_5" "./../../../../../sdk/app_modules/api\\app_prf_types.h"
	.file	3 "C:\\Users\\teodor" "AppData\\Local\\Keil_v5\\ARM\\ARMCLANG\\bin\\..\\include\\stdint.h"
	.file	4 "C:\\Users\\teodor\\Desktop\\stem\\codeless\\6.0.24.1464\\projects\\target_apps\\ble_examples\\empty_peripheral_template\\Keil_5" "../../../../../sdk/app_modules/src/app_common/app.c"
	.file	5 "C:\\Users\\teodor\\Desktop\\stem\\codeless\\6.0.24.1464\\projects\\target_apps\\ble_examples\\empty_peripheral_template\\Keil_5" "./../../../../../sdk/app_modules/api\\app.h"
	.file	6 "C:\\Users\\teodor\\Desktop\\stem\\codeless\\6.0.24.1464\\projects\\target_apps\\ble_examples\\empty_peripheral_template\\Keil_5" "./../../../../../sdk/platform/core_modules/common/api\\co_bt.h"
	.file	7 "C:\\Users\\teodor\\Desktop\\stem\\codeless\\6.0.24.1464\\projects\\target_apps\\ble_examples\\empty_peripheral_template\\Keil_5" "./../../../../../sdk/app_modules/api\\app_prf_perm_types.h"
	.file	8 "C:\\Users\\teodor\\Desktop\\stem\\codeless\\6.0.24.1464\\projects\\target_apps\\ble_examples\\empty_peripheral_template\\Keil_5" "./../../../../../sdk/ble_stack/host/gap/gapc\\gapc_task.h"
	.file	9 "C:\\Users\\teodor\\Desktop\\stem\\codeless\\6.0.24.1464\\projects\\target_apps\\ble_examples\\empty_peripheral_template\\Keil_5" "./../../../../../sdk/ble_stack/host/gap/gapm\\gapm_task.h"
	.file	10 "C:\\Users\\teodor\\Desktop\\stem\\codeless\\6.0.24.1464\\projects\\target_apps\\ble_examples\\empty_peripheral_template\\Keil_5" "./../../../../../sdk/ble_stack/host/gap\\gap.h"
	.file	11 "C:\\Users\\teodor\\Desktop\\stem\\codeless\\6.0.24.1464\\projects\\target_apps\\ble_examples\\empty_peripheral_template\\Keil_5" "./../../../../../sdk/app_modules/api\\app_easy_timer.h"
	.file	12 "C:\\Users\\teodor\\Desktop\\stem\\codeless\\6.0.24.1464\\projects\\target_apps\\ble_examples\\empty_peripheral_template\\Keil_5" "./../src/config\\user_callback_config.h"
	.file	13 "C:\\Users\\teodor\\Desktop\\stem\\codeless\\6.0.24.1464\\projects\\target_apps\\ble_examples\\empty_peripheral_template\\Keil_5" "./../../../../../sdk/platform/core_modules/ke/api\\ke_msg.h"
	.file	14 "C:\\Users\\teodor\\Desktop\\stem\\codeless\\6.0.24.1464\\projects\\target_apps\\ble_examples\\empty_peripheral_template\\Keil_5" "./../../../../../sdk/platform/core_modules/ke/api\\ke_task.h"
	.file	15 "C:\\Users\\teodor\\Desktop\\stem\\codeless\\6.0.24.1464\\projects\\target_apps\\ble_examples\\empty_peripheral_template\\Keil_5" "./../../../../../sdk/app_modules/api\\app_user_config.h"
	.file	16 "C:\\Users\\teodor\\Desktop\\stem\\codeless\\6.0.24.1464\\projects\\target_apps\\ble_examples\\empty_peripheral_template\\Keil_5" "./../src/config\\user_config.h"
	.file	17 "C:\\Users\\teodor\\Desktop\\stem\\codeless\\6.0.24.1464\\projects\\target_apps\\ble_examples\\empty_peripheral_template\\Keil_5" "./../../../../../sdk/app_modules/api\\app_task.h"
	.hidden	app_db_init_next                @ -- Begin function app_db_init_next
	.globl	app_db_init_next
	.p2align	2
	.type	app_db_init_next,%function
	.code	16                              @ @app_db_init_next
	.thumb_func
app_db_init_next:
.Lfunc_begin0:
	.loc	4 251 0                         @ ../../../../../sdk/app_modules/src/app_common/app.c:251:0
	.fnstart
	.cfi_sections .debug_frame
	.cfi_startproc
@ %bb.0:
	.save	{r4, lr}
	push	{r4, lr}
	.cfi_def_cfa_offset 8
	.cfi_offset lr, -4
	.cfi_offset r4, -8
	ldr	r0, __arm_cp.0_0
	ldrb	r1, [r0]
	ldr	r2, __arm_cp.0_1
.LBB0_1:                                @ =>This Inner Loop Header: Depth=1
.Ltmp0:
	.loc	4 267 11 prologue_end           @ ../../../../../sdk/app_modules/src/app_common/app.c:267:11
	uxtb	r4, r1
	movs	r3, #12
	muls	r3, r4, r3
	.loc	4 267 24 is_stmt 0              @ ../../../../../sdk/app_modules/src/app_common/app.c:267:24
	ldrb	r4, [r2, r3]
	.loc	4 267 5                         @ ../../../../../sdk/app_modules/src/app_common/app.c:267:5
	cmp	r4, #255
	beq	.LBB0_3
@ %bb.2:                                @   in Loop: Header=BB0_1 Depth=1
	.loc	4 0 0                           @ ../../../../../sdk/app_modules/src/app_common/app.c:0:0
	adds	r3, r2, r3
.Ltmp1:
	adds	r1, r1, #1
	strb	r1, [r0]
	.loc	4 269 27 is_stmt 1              @ ../../../../../sdk/app_modules/src/app_common/app.c:269:27
	ldr	r3, [r3, #4]
	.loc	4 270 13                        @ ../../../../../sdk/app_modules/src/app_common/app.c:270:13
	cmp	r3, #0
	beq	.LBB0_1
	b	.LBB0_6
.Ltmp2:
.LBB0_3:
	.loc	4 0 13 is_stmt 0                @ ../../../../../sdk/app_modules/src/app_common/app.c:0:13
	ldrb	r1, [r0, #1]
	ldr	r2, __arm_cp.0_2
.LBB0_4:                                @ =>This Inner Loop Header: Depth=1
.Ltmp3:
	.loc	4 282 15 is_stmt 1              @ ../../../../../sdk/app_modules/src/app_common/app.c:282:15
	uxtb	r4, r1
	movs	r3, #28
	muls	r3, r4, r3
	.loc	4 282 33 is_stmt 0              @ ../../../../../sdk/app_modules/src/app_common/app.c:282:33
	ldrb	r4, [r2, r3]
	.loc	4 282 9                         @ ../../../../../sdk/app_modules/src/app_common/app.c:282:9
	cmp	r4, #255
	beq	.LBB0_7
@ %bb.5:                                @   in Loop: Header=BB0_4 Depth=1
	.loc	4 0 0                           @ ../../../../../sdk/app_modules/src/app_common/app.c:0:0
	adds	r3, r2, r3
.Ltmp4:
	adds	r1, r1, #1
	strb	r1, [r0, #1]
	.loc	4 284 34 is_stmt 1              @ ../../../../../sdk/app_modules/src/app_common/app.c:284:34
	ldr	r3, [r3, #12]
.Ltmp5:
	.loc	4 284 16 is_stmt 0              @ ../../../../../sdk/app_modules/src/app_common/app.c:284:16
	cmp	r3, #0
	beq	.LBB0_4
.Ltmp6:
.LBB0_6:
	.loc	4 0 0                           @ ../../../../../sdk/app_modules/src/app_common/app.c:0:0
	blx	r3
.Ltmp7:
	movs	r0, #0
	.loc	4 299 1 epilogue_begin is_stmt 1 @ ../../../../../sdk/app_modules/src/app_common/app.c:299:1
	pop	{r4, pc}
.LBB0_7:
	.loc	4 0 1 is_stmt 0                 @ ../../../../../sdk/app_modules/src/app_common/app.c:0:1
	movs	r1, #0
	.loc	4 296 7 is_stmt 1               @ ../../../../../sdk/app_modules/src/app_common/app.c:296:7
	strh	r1, [r0]
	movs	r0, #1
	.loc	4 299 1 epilogue_begin          @ ../../../../../sdk/app_modules/src/app_common/app.c:299:1
	pop	{r4, pc}
.Ltmp8:
	.loc	4 0 1 is_stmt 0                 @ :0:1
.Ltmp9:
	.p2align	2
@ %bb.8:
__arm_cp.0_0:
	.long	.L_MergedGlobals
.Lcpi_end0:
	.size	__arm_cp.0_0, .Lcpi_end0-__arm_cp.0_0
__arm_cp.0_1:
	.long	prf_funcs
.Lcpi_end1:
	.size	__arm_cp.0_1, .Lcpi_end1-__arm_cp.0_1
__arm_cp.0_2:
	.long	cust_prf_funcs
.Lcpi_end2:
	.size	__arm_cp.0_2, .Lcpi_end2-__arm_cp.0_2
.Lfunc_end0:
	.size	app_db_init_next, .Lfunc_end0-app_db_init_next
	.cfi_endproc
	.cantunwind
	.fnend
                                        @ -- End function
	.hidden	app_prf_enable                  @ -- Begin function app_prf_enable
	.globl	app_prf_enable
	.p2align	2
	.type	app_prf_enable,%function
	.code	16                              @ @app_prf_enable
	.thumb_func
app_prf_enable:
.Lfunc_begin1:
	.loc	4 351 0 is_stmt 1               @ ../../../../../sdk/app_modules/src/app_common/app.c:351:0
	.fnstart
	.cfi_startproc
@ %bb.0:
	@DEBUG_VALUE: app_prf_enable:conidx <- $r0
	.save	{r4, r5, r6, lr}
	push	{r4, r5, r6, lr}
	.cfi_def_cfa_offset 16
	.cfi_offset lr, -4
	.cfi_offset r6, -8
	.cfi_offset r5, -12
	.cfi_offset r4, -16
	mov	r4, r0
.Ltmp10:
	@DEBUG_VALUE: app_prf_enable:conidx <- $r4
	movs	r5, #0
	ldr	r6, __arm_cp.1_0
.Ltmp11:
.LBB1_1:                                @ =>This Inner Loop Header: Depth=1
	@DEBUG_VALUE: app_prf_enable:conidx <- $r4
	@DEBUG_VALUE: app_prf_enable:i <- $r5
	.loc	4 380 11 prologue_end           @ ../../../../../sdk/app_modules/src/app_common/app.c:380:11
	uxtb	r1, r5
	movs	r0, #28
	muls	r0, r1, r0
	.loc	4 380 29 is_stmt 0              @ ../../../../../sdk/app_modules/src/app_common/app.c:380:29
	ldrb	r1, [r6, r0]
	.loc	4 380 5                         @ ../../../../../sdk/app_modules/src/app_common/app.c:380:5
	cmp	r1, #255
	beq	.LBB1_5
.Ltmp12:
@ %bb.2:                                @   in Loop: Header=BB1_1 Depth=1
	@DEBUG_VALUE: app_prf_enable:i <- $r5
	@DEBUG_VALUE: app_prf_enable:conidx <- $r4
	.loc	4 0 0                           @ ../../../../../sdk/app_modules/src/app_common/app.c:0:0
	adds	r0, r6, r0
.Ltmp13:
	.loc	4 382 30 is_stmt 1              @ ../../../../../sdk/app_modules/src/app_common/app.c:382:30
	ldr	r1, [r0, #16]
.Ltmp14:
	.loc	4 382 12 is_stmt 0              @ ../../../../../sdk/app_modules/src/app_common/app.c:382:12
	cmp	r1, #0
	beq	.LBB1_4
.Ltmp15:
@ %bb.3:                                @   in Loop: Header=BB1_1 Depth=1
	@DEBUG_VALUE: app_prf_enable:i <- $r5
	@DEBUG_VALUE: app_prf_enable:conidx <- $r4
	@DEBUG_VALUE: app_prf_enable:i <- [DW_OP_plus_uconst 1, DW_OP_stack_value] $r5
	.loc	4 384 13 is_stmt 1              @ ../../../../../sdk/app_modules/src/app_common/app.c:384:13
	mov	r0, r4
	blx	r1
.Ltmp16:
.LBB1_4:                                @   in Loop: Header=BB1_1 Depth=1
	@DEBUG_VALUE: app_prf_enable:conidx <- $r4
	.loc	4 0 0 is_stmt 0                 @ ../../../../../sdk/app_modules/src/app_common/app.c:0:0
	adds	r5, r5, #1
.Ltmp17:
	@DEBUG_VALUE: app_prf_enable:i <- $r5
	.loc	4 380 5 is_stmt 1               @ ../../../../../sdk/app_modules/src/app_common/app.c:380:5
	b	.LBB1_1
.Ltmp18:
.LBB1_5:
	@DEBUG_VALUE: app_prf_enable:i <- $r5
	@DEBUG_VALUE: app_prf_enable:conidx <- $r4
	.loc	4 389 1 epilogue_begin          @ ../../../../../sdk/app_modules/src/app_common/app.c:389:1
	pop	{r4, r5, r6, pc}
.Ltmp19:
	.loc	4 0 1 is_stmt 0                 @ :0:1
.Ltmp20:
	.p2align	2
@ %bb.6:
__arm_cp.1_0:
	.long	cust_prf_funcs
.Lcpi_end3:
	.size	__arm_cp.1_0, .Lcpi_end3-__arm_cp.1_0
.Lfunc_end1:
	.size	app_prf_enable, .Lfunc_end1-app_prf_enable
	.cfi_endproc
	.cantunwind
	.fnend
                                        @ -- End function
	.hidden	app_init                        @ -- Begin function app_init
	.globl	app_init
	.p2align	2
	.type	app_init,%function
	.code	16                              @ @app_init
	.thumb_func
app_init:
.Lfunc_begin2:
	.loc	4 847 0 is_stmt 1               @ ../../../../../sdk/app_modules/src/app_common/app.c:847:0
	.fnstart
	.cfi_startproc
@ %bb.0:
	.save	{r4, r5, r6, lr}
	push	{r4, r5, r6, lr}
	.cfi_def_cfa_offset 16
	.cfi_offset lr, -4
	.cfi_offset r6, -8
	.cfi_offset r5, -12
	.cfi_offset r4, -16
.Ltmp21:
	.loc	4 849 5 prologue_end            @ ../../../../../sdk/app_modules/src/app_common/app.c:849:5
	ldr	r6, __arm_cp.2_0
	movs	r4, #0
	str	r4, [r6, #8]
	str	r4, [r6, #12]
	str	r4, [r6, #16]
	movs	r2, #10
	.loc	4 852 33                        @ ../../../../../sdk/app_modules/src/app_common/app.c:852:33
	strb	r2, [r6, #20]
	.loc	4 853 5                         @ ../../../../../sdk/app_modules/src/app_common/app.c:853:5
	mov	r0, r6
	adds	r0, #21
	ldr	r1, __arm_cp.2_1
	bl	__aeabi_memcpy
.Ltmp22:
	.loc	4 854 28                        @ ../../../../../sdk/app_modules/src/app_common/app.c:854:28
	strh	r4, [r6, #54]
	movs	r5, #4
	.loc	4 857 5                         @ ../../../../../sdk/app_modules/src/app_common/app.c:857:5
	ldr	r1, __arm_cp.2_2
	mov	r0, r5
	bl	ke_task_create
.Ltmp23:
	.loc	4 0 5 is_stmt 0                 @ ../../../../../sdk/app_modules/src/app_common/app.c:0:5
	movs	r0, #255
.Ltmp24:
	.loc	4 862 29 is_stmt 1              @ ../../../../../sdk/app_modules/src/app_common/app.c:862:29
	strb	r0, [r6, #10]
	.loc	4 863 9                         @ ../../../../../sdk/app_modules/src/app_common/app.c:863:9
	mov	r0, r5
	mov	r1, r4
	bl	ke_state_set
.Ltmp25:
	.loc	4 865 1 epilogue_begin          @ ../../../../../sdk/app_modules/src/app_common/app.c:865:1
	pop	{r4, r5, r6, pc}
.Ltmp26:
	.loc	4 0 1 is_stmt 0                 @ :0:1
.Ltmp27:
	.p2align	2
@ %bb.1:
__arm_cp.2_0:
	.long	.L_MergedGlobals
.Lcpi_end4:
	.size	__arm_cp.2_0, .Lcpi_end4-__arm_cp.2_0
__arm_cp.2_1:
	.long	.L.str
.Lcpi_end5:
	.size	__arm_cp.2_1, .Lcpi_end5-__arm_cp.2_1
__arm_cp.2_2:
	.long	TASK_DESC_APP
.Lcpi_end6:
	.size	__arm_cp.2_2, .Lcpi_end6-__arm_cp.2_2
.Lfunc_end2:
	.size	app_init, .Lfunc_end2-app_init
	.cfi_endproc
	.cantunwind
	.fnend
                                        @ -- End function
	.hidden	app_easy_gap_undirected_advertise_get_active @ -- Begin function app_easy_gap_undirected_advertise_get_active
	.globl	app_easy_gap_undirected_advertise_get_active
	.p2align	1
	.type	app_easy_gap_undirected_advertise_get_active,%function
	.code	16                              @ @app_easy_gap_undirected_advertise_get_active
	.thumb_func
app_easy_gap_undirected_advertise_get_active:
.Lfunc_begin3:
	.loc	4 893 0 is_stmt 1               @ ../../../../../sdk/app_modules/src/app_common/app.c:893:0
	.fnstart
	.cfi_startproc
@ %bb.0:
	.save	{r7, lr}
	push	{r7, lr}
	.cfi_def_cfa_offset 8
	.cfi_offset lr, -4
	.cfi_offset r7, -8
.Ltmp28:
	.loc	4 894 12 prologue_end           @ ../../../../../sdk/app_modules/src/app_common/app.c:894:12
	bl	app_easy_gap_undirected_advertise_start_create_msg
.Ltmp29:
	.loc	4 894 5 epilogue_begin is_stmt 0 @ ../../../../../sdk/app_modules/src/app_common/app.c:894:5
	pop	{r7, pc}
.Ltmp30:
.Lfunc_end3:
	.size	app_easy_gap_undirected_advertise_get_active, .Lfunc_end3-app_easy_gap_undirected_advertise_get_active
	.cfi_endproc
	.cantunwind
	.fnend
                                        @ -- End function
	.p2align	2                               @ -- Begin function app_easy_gap_undirected_advertise_start_create_msg
	.type	app_easy_gap_undirected_advertise_start_create_msg,%function
	.code	16                              @ @app_easy_gap_undirected_advertise_start_create_msg
	.thumb_func
app_easy_gap_undirected_advertise_start_create_msg:
.Lfunc_begin4:
	.loc	4 486 0 is_stmt 1               @ ../../../../../sdk/app_modules/src/app_common/app.c:486:0
	.fnstart
	.cfi_startproc
@ %bb.0:
	.save	{r4, r5, r6, lr}
	push	{r4, r5, r6, lr}
	.cfi_def_cfa_offset 16
	.cfi_offset lr, -4
	.cfi_offset r6, -8
	.cfi_offset r5, -12
	.cfi_offset r4, -16
.Ltmp31:
	.loc	4 488 9 prologue_end            @ ../../../../../sdk/app_modules/src/app_common/app.c:488:9
	ldr	r5, __arm_cp.4_0
	ldr	r0, [r5]
.Ltmp32:
	.loc	4 488 9 is_stmt 0               @ ../../../../../sdk/app_modules/src/app_common/app.c:488:9
	cmp	r0, #0
	beq	.LBB4_2
@ %bb.1:
	.loc	4 566 5 epilogue_begin is_stmt 1 @ ../../../../../sdk/app_modules/src/app_common/app.c:566:5
	pop	{r4, r5, r6, pc}
.LBB4_2:
	.loc	4 0 5 is_stmt 0                 @ ../../../../../sdk/app_modules/src/app_common/app.c:0:5
	ldr	r0, __arm_cp.4_1
	movs	r1, #9
	movs	r2, #4
	movs	r3, #82
.Ltmp33:
	.file	18 "C:\\Users\\teodor\\Desktop\\stem\\codeless\\6.0.24.1464\\projects\\target_apps\\ble_examples\\empty_peripheral_template\\Keil_5" "./../../../../../sdk/app_modules/api\\app_mid.h"
	.loc	18 141 44 is_stmt 1             @ ./../../../../../sdk/app_modules/api\app_mid.h:141:44
	bl	ke_msg_alloc
.Ltmp34:
	mov	r4, r0
.Ltmp35:
	@DEBUG_VALUE: cmd <- $r4
	@DEBUG_VALUE: app_advertise_start_msg_create:cmd <- $r4
	.loc	4 495 17                        @ ../../../../../sdk/app_modules/src/app_common/app.c:495:17
	str	r0, [r5]
	movs	r6, #0
	.loc	4 502 40                        @ ../../../../../sdk/app_modules/src/app_common/app.c:502:40
	strb	r6, [r0, #10]
	ldr	r0, __arm_cp.4_2
	.loc	4 500 23                        @ ../../../../../sdk/app_modules/src/app_common/app.c:500:23
	strh	r0, [r4, #6]
	.loc	4 499 23                        @ ../../../../../sdk/app_modules/src/app_common/app.c:499:23
	strh	r0, [r4, #4]
	movs	r0, #13
	.loc	4 497 22                        @ ../../../../../sdk/app_modules/src/app_common/app.c:497:22
	strh	r0, [r4]
	movs	r2, #22
	.loc	4 511 41                        @ ../../../../../sdk/app_modules/src/app_common/app.c:511:41
	strb	r2, [r4, #11]
	movs	r0, #255
	adds	r0, #8
	.loc	4 501 26                        @ ../../../../../sdk/app_modules/src/app_common/app.c:501:26
	strh	r0, [r4, #8]
	.loc	4 512 33                        @ ../../../../../sdk/app_modules/src/app_common/app.c:512:33
	mov	r0, r4
	adds	r0, #12
	.loc	4 512 9 is_stmt 0               @ ../../../../../sdk/app_modules/src/app_common/app.c:512:9
	ldr	r1, __arm_cp.4_3
	bl	__aeabi_memcpy
.Ltmp36:
	.loc	4 0 9                           @ ../../../../../sdk/app_modules/src/app_common/app.c:0:9
	movs	r0, #43
	.loc	4 513 46 is_stmt 1              @ ../../../../../sdk/app_modules/src/app_common/app.c:513:46
	strb	r6, [r4, r0]
	.loc	4 513 28 is_stmt 0              @ ../../../../../sdk/app_modules/src/app_common/app.c:513:28
	mov	r0, r4
	adds	r0, #43
	.loc	4 514 33 is_stmt 1              @ ../../../../../sdk/app_modules/src/app_common/app.c:514:33
	adds	r4, #44
.Ltmp37:
	@DEBUG_VALUE: total_scan_space <- [DW_OP_plus_uconst 12, DW_OP_stack_value] 0
	@DEBUG_VALUE: total_adv_space <- [DW_OP_plus_uconst 15, DW_OP_stack_value] 22
	.loc	4 0 33 is_stmt 0                @ ../../../../../sdk/app_modules/src/app_common/app.c:0:33
	movs	r1, #10
.Ltmp38:
	.loc	4 559 17 is_stmt 1              @ ../../../../../sdk/app_modules/src/app_common/app.c:559:17
	ldr	r3, __arm_cp.4_4
	mov	r2, r4
	bl	append_device_name
.Ltmp39:
	.loc	4 566 12                        @ ../../../../../sdk/app_modules/src/app_common/app.c:566:12
	ldr	r0, [r5]
	.loc	4 566 5 epilogue_begin is_stmt 0 @ ../../../../../sdk/app_modules/src/app_common/app.c:566:5
	pop	{r4, r5, r6, pc}
.Ltmp40:
	.loc	4 0 5                           @ :0:5
.Ltmp41:
	.p2align	2
@ %bb.3:
__arm_cp.4_0:
	.long	adv_cmd
.Lcpi_end7:
	.size	__arm_cp.4_0, .Lcpi_end7-__arm_cp.4_0
__arm_cp.4_1:
	.long	3341                            @ 0xd0d
.Lcpi_end8:
	.size	__arm_cp.4_1, .Lcpi_end8-__arm_cp.4_1
__arm_cp.4_2:
	.long	1100                            @ 0x44c
.Lcpi_end9:
	.size	__arm_cp.4_2, .Lcpi_end9-__arm_cp.4_2
__arm_cp.4_3:
	.long	.L.str.1
.Lcpi_end10:
	.size	__arm_cp.4_3, .Lcpi_end10-__arm_cp.4_3
__arm_cp.4_4:
	.long	.L.str
.Lcpi_end11:
	.size	__arm_cp.4_4, .Lcpi_end11-__arm_cp.4_4
.Lfunc_end4:
	.size	app_easy_gap_undirected_advertise_start_create_msg, .Lfunc_end4-app_easy_gap_undirected_advertise_start_create_msg
	.cfi_endproc
	.cantunwind
	.fnend
                                        @ -- End function
	.hidden	app_easy_gap_undirected_advertise_start @ -- Begin function app_easy_gap_undirected_advertise_start
	.globl	app_easy_gap_undirected_advertise_start
	.p2align	2
	.type	app_easy_gap_undirected_advertise_start,%function
	.code	16                              @ @app_easy_gap_undirected_advertise_start
	.thumb_func
app_easy_gap_undirected_advertise_start:
.Lfunc_begin5:
	.loc	4 898 0 is_stmt 1               @ ../../../../../sdk/app_modules/src/app_common/app.c:898:0
	.fnstart
	.cfi_startproc
@ %bb.0:
	.save	{r7, lr}
	push	{r7, lr}
	.cfi_def_cfa_offset 8
	.cfi_offset lr, -4
	.cfi_offset r7, -8
.Ltmp42:
	.loc	4 900 11 prologue_end           @ ../../../../../sdk/app_modules/src/app_common/app.c:900:11
	bl	app_easy_gap_undirected_advertise_start_create_msg
.Ltmp43:
	@DEBUG_VALUE: app_advertise_start_msg_send:cmd <- $r0
	@DEBUG_VALUE: app_easy_gap_undirected_advertise_start:cmd <- $r0
	.loc	18 157 5                        @ ./../../../../../sdk/app_modules/api\app_mid.h:157:5
	bl	ke_msg_send
.Ltmp44:
	.loc	4 904 13                        @ ../../../../../sdk/app_modules/src/app_common/app.c:904:13
	ldr	r0, __arm_cp.5_0
	movs	r1, #0
	str	r1, [r0]
	movs	r0, #4
	movs	r1, #2
	.loc	4 920 5                         @ ../../../../../sdk/app_modules/src/app_common/app.c:920:5
	bl	ke_state_set
.Ltmp45:
	.loc	4 922 1 epilogue_begin          @ ../../../../../sdk/app_modules/src/app_common/app.c:922:1
	pop	{r7, pc}
.Ltmp46:
	.loc	4 0 1 is_stmt 0                 @ :0:1
.Ltmp47:
	.p2align	2
@ %bb.1:
__arm_cp.5_0:
	.long	adv_cmd
.Lcpi_end12:
	.size	__arm_cp.5_0, .Lcpi_end12-__arm_cp.5_0
.Lfunc_end5:
	.size	app_easy_gap_undirected_advertise_start, .Lfunc_end5-app_easy_gap_undirected_advertise_start
	.cfi_endproc
	.cantunwind
	.fnend
                                        @ -- End function
	.hidden	app_easy_gap_directed_advertise_get_active @ -- Begin function app_easy_gap_directed_advertise_get_active
	.globl	app_easy_gap_directed_advertise_get_active
	.p2align	1
	.type	app_easy_gap_directed_advertise_get_active,%function
	.code	16                              @ @app_easy_gap_directed_advertise_get_active
	.thumb_func
app_easy_gap_directed_advertise_get_active:
.Lfunc_begin6:
	.loc	4 925 0 is_stmt 1               @ ../../../../../sdk/app_modules/src/app_common/app.c:925:0
	.fnstart
	.cfi_startproc
@ %bb.0:
	@DEBUG_VALUE: app_easy_gap_directed_advertise_get_active:ldc_enable <- $r0
	.save	{r7, lr}
	push	{r7, lr}
	.cfi_def_cfa_offset 8
	.cfi_offset lr, -4
	.cfi_offset r7, -8
.Ltmp48:
	.loc	4 926 12 prologue_end           @ ../../../../../sdk/app_modules/src/app_common/app.c:926:12
	bl	app_easy_gap_directed_advertise_start_create_msg
.Ltmp49:
	@DEBUG_VALUE: app_easy_gap_directed_advertise_get_active:ldc_enable <- [DW_OP_LLVM_entry_value 1] $r0
	.loc	4 926 5 epilogue_begin is_stmt 0 @ ../../../../../sdk/app_modules/src/app_common/app.c:926:5
	pop	{r7, pc}
.Ltmp50:
.Lfunc_end6:
	.size	app_easy_gap_directed_advertise_get_active, .Lfunc_end6-app_easy_gap_directed_advertise_get_active
	.cfi_endproc
	.cantunwind
	.fnend
                                        @ -- End function
	.p2align	2                               @ -- Begin function app_easy_gap_directed_advertise_start_create_msg
	.type	app_easy_gap_directed_advertise_start_create_msg,%function
	.code	16                              @ @app_easy_gap_directed_advertise_start_create_msg
	.thumb_func
app_easy_gap_directed_advertise_start_create_msg:
.Lfunc_begin7:
	.loc	4 580 0 is_stmt 1               @ ../../../../../sdk/app_modules/src/app_common/app.c:580:0
	.fnstart
	.cfi_startproc
@ %bb.0:
	@DEBUG_VALUE: app_easy_gap_directed_advertise_start_create_msg:ldc_enable <- $r0
	@DEBUG_VALUE: app_easy_gap_directed_advertise_start_create_msg:ldc_enable <- $r0
	.save	{r4, r5, r6, lr}
	push	{r4, r5, r6, lr}
	.cfi_def_cfa_offset 16
	.cfi_offset lr, -4
	.cfi_offset r6, -8
	.cfi_offset r5, -12
	.cfi_offset r4, -16
.Ltmp51:
	.loc	4 582 9 prologue_end            @ ../../../../../sdk/app_modules/src/app_common/app.c:582:9
	ldr	r6, __arm_cp.7_0
	ldr	r4, [r6]
.Ltmp52:
	.loc	4 582 9 is_stmt 0               @ ../../../../../sdk/app_modules/src/app_common/app.c:582:9
	cmp	r4, #0
	bne	.LBB7_10
.Ltmp53:
@ %bb.1:
	@DEBUG_VALUE: app_easy_gap_directed_advertise_start_create_msg:ldc_enable <- $r0
	.loc	4 0 9                           @ ../../../../../sdk/app_modules/src/app_common/app.c:0:9
	mov	r5, r0
.Ltmp54:
	@DEBUG_VALUE: app_easy_gap_directed_advertise_start_create_msg:ldc_enable <- $r5
	ldr	r0, __arm_cp.7_1
	movs	r1, #9
	movs	r2, #4
	movs	r3, #82
.Ltmp55:
	.loc	18 141 44 is_stmt 1             @ ./../../../../../sdk/app_modules/api\app_mid.h:141:44
	bl	ke_msg_alloc
.Ltmp56:
	mov	r4, r0
.Ltmp57:
	@DEBUG_VALUE: cmd <- $r4
	@DEBUG_VALUE: app_advertise_start_msg_create:cmd <- $r4
	.loc	4 586 17                        @ ../../../../../sdk/app_modules/src/app_common/app.c:586:17
	str	r0, [r6]
	ldr	r0, __arm_cp.7_2
	.loc	4 588 13                        @ ../../../../../sdk/app_modules/src/app_common/app.c:588:13
	cmp	r5, #0
	beq	.LBB7_3
.Ltmp58:
@ %bb.2:
	@DEBUG_VALUE: app_advertise_start_msg_create:cmd <- $r4
	@DEBUG_VALUE: cmd <- $r4
	@DEBUG_VALUE: app_easy_gap_directed_advertise_start_create_msg:ldc_enable <- $r5
	.loc	4 0 13 is_stmt 0                @ ../../../../../sdk/app_modules/src/app_common/app.c:0:13
	mov	r1, r0
	b	.LBB7_4
.Ltmp59:
.LBB7_3:
	@DEBUG_VALUE: app_advertise_start_msg_create:cmd <- $r4
	@DEBUG_VALUE: cmd <- $r4
	@DEBUG_VALUE: app_easy_gap_directed_advertise_start_create_msg:ldc_enable <- $r5
	movs	r1, #32
.Ltmp60:
.LBB7_4:
	@DEBUG_VALUE: cmd <- $r4
	@DEBUG_VALUE: app_easy_gap_directed_advertise_start_create_msg:ldc_enable <- $r5
	strh	r1, [r4, #4]
	movs	r1, #7
.Ltmp61:
	.loc	4 601 26 is_stmt 1              @ ../../../../../sdk/app_modules/src/app_common/app.c:601:26
	strb	r1, [r4, #8]
	movs	r6, #0
	.loc	4 600 26                        @ ../../../../../sdk/app_modules/src/app_common/app.c:600:26
	strb	r6, [r4, #1]
	.loc	4 588 13                        @ ../../../../../sdk/app_modules/src/app_common/app.c:588:13
	cmp	r5, #0
	beq	.LBB7_6
.Ltmp62:
@ %bb.5:
	@DEBUG_VALUE: cmd <- $r4
	@DEBUG_VALUE: app_easy_gap_directed_advertise_start_create_msg:ldc_enable <- $r5
	.loc	4 0 13 is_stmt 0                @ ../../../../../sdk/app_modules/src/app_common/app.c:0:13
	movs	r1, #15
	b	.LBB7_7
.Ltmp63:
.LBB7_6:
	@DEBUG_VALUE: cmd <- $r4
	@DEBUG_VALUE: app_easy_gap_directed_advertise_start_create_msg:ldc_enable <- $r5
	movs	r1, #14
.Ltmp64:
.LBB7_7:
	@DEBUG_VALUE: cmd <- $r4
	@DEBUG_VALUE: app_easy_gap_directed_advertise_start_create_msg:ldc_enable <- $r5
	strb	r1, [r4]
.Ltmp65:
	.loc	4 588 13                        @ ../../../../../sdk/app_modules/src/app_common/app.c:588:13
	cmp	r5, #0
	bne	.LBB7_9
.Ltmp66:
@ %bb.8:
	@DEBUG_VALUE: cmd <- $r4
	@DEBUG_VALUE: app_easy_gap_directed_advertise_start_create_msg:ldc_enable <- $r5
	.loc	4 0 13                          @ ../../../../../sdk/app_modules/src/app_common/app.c:0:13
	movs	r0, #1
	lsls	r0, r0, #14
.Ltmp67:
.LBB7_9:
	@DEBUG_VALUE: cmd <- $r4
	@DEBUG_VALUE: app_easy_gap_directed_advertise_start_create_msg:ldc_enable <- $r5
	strh	r0, [r4, #6]
.Ltmp68:
	.loc	4 602 21 is_stmt 1              @ ../../../../../sdk/app_modules/src/app_common/app.c:602:21
	mov	r0, r4
	adds	r0, #9
	.loc	4 602 9 is_stmt 0               @ ../../../../../sdk/app_modules/src/app_common/app.c:602:9
	adr	r1, .LCPI7_3
	adds	r1, #9
	movs	r2, #6
	bl	__aeabi_memcpy
.Ltmp69:
	.loc	4 603 36 is_stmt 1              @ ../../../../../sdk/app_modules/src/app_common/app.c:603:36
	strb	r6, [r4, #15]
.Ltmp70:
.LBB7_10:
	.loc	4 605 5                         @ ../../../../../sdk/app_modules/src/app_common/app.c:605:5
	mov	r0, r4
	.loc	4 605 5 epilogue_begin is_stmt 0 @ ../../../../../sdk/app_modules/src/app_common/app.c:605:5
	pop	{r4, r5, r6, pc}
.Ltmp71:
	.loc	4 0 5                           @ :0:5
.Ltmp72:
	.p2align	2
@ %bb.11:
__arm_cp.7_0:
	.long	adv_cmd
.Lcpi_end13:
	.size	__arm_cp.7_0, .Lcpi_end13-__arm_cp.7_0
__arm_cp.7_1:
	.long	3341                            @ 0xd0d
.Lcpi_end14:
	.size	__arm_cp.7_1, .Lcpi_end14-__arm_cp.7_1
__arm_cp.7_2:
	.long	1100                            @ 0x44c
.Lcpi_end15:
	.size	__arm_cp.7_2, .Lcpi_end15-__arm_cp.7_2
.LCPI7_3:
user_adv_conf:
	.byte	0                               @ 0x0
	.zero	1
	.short	1100                            @ 0x44c
	.short	1100                            @ 0x44c
	.byte	7                               @ 0x7
	.byte	1                               @ 0x1
	.byte	0                               @ 0x0
	.ascii	"\001\002\003\004\005\006"
	.byte	0                               @ 0x0
.Lfunc_end7:
	.size	app_easy_gap_directed_advertise_start_create_msg, .Lfunc_end7-app_easy_gap_directed_advertise_start_create_msg
	.cfi_endproc
	.cantunwind
	.fnend
                                        @ -- End function
	.hidden	app_easy_gap_directed_advertise_start @ -- Begin function app_easy_gap_directed_advertise_start
	.globl	app_easy_gap_directed_advertise_start
	.p2align	2
	.type	app_easy_gap_directed_advertise_start,%function
	.code	16                              @ @app_easy_gap_directed_advertise_start
	.thumb_func
app_easy_gap_directed_advertise_start:
.Lfunc_begin8:
	.loc	4 930 0 is_stmt 1               @ ../../../../../sdk/app_modules/src/app_common/app.c:930:0
	.fnstart
	.cfi_startproc
@ %bb.0:
	@DEBUG_VALUE: app_easy_gap_directed_advertise_start:ldc_enable <- $r0
	.save	{r7, lr}
	push	{r7, lr}
	.cfi_def_cfa_offset 8
	.cfi_offset lr, -4
	.cfi_offset r7, -8
.Ltmp73:
	.loc	4 932 11 prologue_end           @ ../../../../../sdk/app_modules/src/app_common/app.c:932:11
	bl	app_easy_gap_directed_advertise_start_create_msg
.Ltmp74:
	@DEBUG_VALUE: app_easy_gap_directed_advertise_start:ldc_enable <- [DW_OP_LLVM_entry_value 1] $r0
	@DEBUG_VALUE: app_advertise_start_msg_send:cmd <- $r0
	@DEBUG_VALUE: app_easy_gap_directed_advertise_start:cmd <- $r0
	.loc	18 157 5                        @ ./../../../../../sdk/app_modules/api\app_mid.h:157:5
	bl	ke_msg_send
.Ltmp75:
	.loc	4 936 13                        @ ../../../../../sdk/app_modules/src/app_common/app.c:936:13
	ldr	r0, __arm_cp.8_0
	movs	r1, #0
	str	r1, [r0]
	movs	r0, #4
	movs	r1, #2
	.loc	4 952 5                         @ ../../../../../sdk/app_modules/src/app_common/app.c:952:5
	bl	ke_state_set
.Ltmp76:
	.loc	4 954 1 epilogue_begin          @ ../../../../../sdk/app_modules/src/app_common/app.c:954:1
	pop	{r7, pc}
.Ltmp77:
	.loc	4 0 1 is_stmt 0                 @ :0:1
.Ltmp78:
	.p2align	2
@ %bb.1:
__arm_cp.8_0:
	.long	adv_cmd
.Lcpi_end16:
	.size	__arm_cp.8_0, .Lcpi_end16-__arm_cp.8_0
.Lfunc_end8:
	.size	app_easy_gap_directed_advertise_start, .Lfunc_end8-app_easy_gap_directed_advertise_start
	.cfi_endproc
	.cantunwind
	.fnend
                                        @ -- End function
	.hidden	app_easy_gap_non_connectable_advertise_get_active @ -- Begin function app_easy_gap_non_connectable_advertise_get_active
	.globl	app_easy_gap_non_connectable_advertise_get_active
	.p2align	1
	.type	app_easy_gap_non_connectable_advertise_get_active,%function
	.code	16                              @ @app_easy_gap_non_connectable_advertise_get_active
	.thumb_func
app_easy_gap_non_connectable_advertise_get_active:
.Lfunc_begin9:
	.loc	4 957 0 is_stmt 1               @ ../../../../../sdk/app_modules/src/app_common/app.c:957:0
	.fnstart
	.cfi_startproc
@ %bb.0:
	.save	{r7, lr}
	push	{r7, lr}
	.cfi_def_cfa_offset 8
	.cfi_offset lr, -4
	.cfi_offset r7, -8
.Ltmp79:
	.loc	4 958 12 prologue_end           @ ../../../../../sdk/app_modules/src/app_common/app.c:958:12
	bl	app_easy_gap_non_connectable_advertise_start_create_msg
.Ltmp80:
	.loc	4 958 5 epilogue_begin is_stmt 0 @ ../../../../../sdk/app_modules/src/app_common/app.c:958:5
	pop	{r7, pc}
.Ltmp81:
.Lfunc_end9:
	.size	app_easy_gap_non_connectable_advertise_get_active, .Lfunc_end9-app_easy_gap_non_connectable_advertise_get_active
	.cfi_endproc
	.cantunwind
	.fnend
                                        @ -- End function
	.p2align	2                               @ -- Begin function app_easy_gap_non_connectable_advertise_start_create_msg
	.type	app_easy_gap_non_connectable_advertise_start_create_msg,%function
	.code	16                              @ @app_easy_gap_non_connectable_advertise_start_create_msg
	.thumb_func
app_easy_gap_non_connectable_advertise_start_create_msg:
.Lfunc_begin10:
	.loc	4 429 0 is_stmt 1               @ ../../../../../sdk/app_modules/src/app_common/app.c:429:0
	.fnstart
	.cfi_startproc
@ %bb.0:
	.save	{r4, r5, r6, lr}
	push	{r4, r5, r6, lr}
	.cfi_def_cfa_offset 16
	.cfi_offset lr, -4
	.cfi_offset r6, -8
	.cfi_offset r5, -12
	.cfi_offset r4, -16
.Ltmp82:
	.loc	4 431 9 prologue_end            @ ../../../../../sdk/app_modules/src/app_common/app.c:431:9
	ldr	r5, __arm_cp.10_0
	ldr	r0, [r5]
.Ltmp83:
	.loc	4 431 9 is_stmt 0               @ ../../../../../sdk/app_modules/src/app_common/app.c:431:9
	cmp	r0, #0
	beq	.LBB10_2
@ %bb.1:
	.loc	4 476 5 epilogue_begin is_stmt 1 @ ../../../../../sdk/app_modules/src/app_common/app.c:476:5
	pop	{r4, r5, r6, pc}
.LBB10_2:
	.loc	4 0 5 is_stmt 0                 @ ../../../../../sdk/app_modules/src/app_common/app.c:0:5
	ldr	r0, __arm_cp.10_1
	movs	r1, #9
	movs	r2, #4
	movs	r3, #82
.Ltmp84:
	.loc	18 141 44 is_stmt 1             @ ./../../../../../sdk/app_modules/api\app_mid.h:141:44
	bl	ke_msg_alloc
.Ltmp85:
	mov	r4, r0
.Ltmp86:
	@DEBUG_VALUE: cmd <- $r4
	@DEBUG_VALUE: app_advertise_start_msg_create:cmd <- $r4
	.loc	4 438 17                        @ ../../../../../sdk/app_modules/src/app_common/app.c:438:17
	str	r0, [r5]
	movs	r2, #22
	.loc	4 447 37                        @ ../../../../../sdk/app_modules/src/app_common/app.c:447:37
	strb	r2, [r0, #11]
	movs	r6, #0
	.loc	4 446 40                        @ ../../../../../sdk/app_modules/src/app_common/app.c:446:40
	strb	r6, [r0, #10]
	movs	r0, #255
	adds	r0, #8
	.loc	4 444 26                        @ ../../../../../sdk/app_modules/src/app_common/app.c:444:26
	strh	r0, [r4, #8]
	ldr	r0, __arm_cp.10_2
	.loc	4 443 23                        @ ../../../../../sdk/app_modules/src/app_common/app.c:443:23
	strh	r0, [r4, #6]
	.loc	4 442 23                        @ ../../../../../sdk/app_modules/src/app_common/app.c:442:23
	strh	r0, [r4, #4]
	movs	r0, #12
	.loc	4 440 22                        @ ../../../../../sdk/app_modules/src/app_common/app.c:440:22
	strh	r0, [r4]
	.loc	4 448 33                        @ ../../../../../sdk/app_modules/src/app_common/app.c:448:33
	mov	r0, r4
	adds	r0, #12
	.loc	4 448 9 is_stmt 0               @ ../../../../../sdk/app_modules/src/app_common/app.c:448:9
	ldr	r1, __arm_cp.10_3
	bl	__aeabi_memcpy
.Ltmp87:
	.loc	4 0 9                           @ ../../../../../sdk/app_modules/src/app_common/app.c:0:9
	movs	r0, #43
	.loc	4 449 42 is_stmt 1              @ ../../../../../sdk/app_modules/src/app_common/app.c:449:42
	strb	r6, [r4, r0]
	.loc	4 449 24 is_stmt 0              @ ../../../../../sdk/app_modules/src/app_common/app.c:449:24
	mov	r0, r4
	adds	r0, #43
	.loc	4 450 33 is_stmt 1              @ ../../../../../sdk/app_modules/src/app_common/app.c:450:33
	adds	r4, #44
.Ltmp88:
	@DEBUG_VALUE: total_scan_space <- [DW_OP_plus_uconst 12, DW_OP_stack_value] 0
	@DEBUG_VALUE: total_adv_space <- [DW_OP_plus_uconst 12, DW_OP_stack_value] 22
	.loc	4 0 33 is_stmt 0                @ ../../../../../sdk/app_modules/src/app_common/app.c:0:33
	movs	r1, #10
.Ltmp89:
	.loc	4 469 17 is_stmt 1              @ ../../../../../sdk/app_modules/src/app_common/app.c:469:17
	ldr	r3, __arm_cp.10_4
	mov	r2, r4
	bl	append_device_name
.Ltmp90:
	.loc	4 476 12                        @ ../../../../../sdk/app_modules/src/app_common/app.c:476:12
	ldr	r0, [r5]
	.loc	4 476 5 epilogue_begin is_stmt 0 @ ../../../../../sdk/app_modules/src/app_common/app.c:476:5
	pop	{r4, r5, r6, pc}
.Ltmp91:
	.loc	4 0 5                           @ :0:5
.Ltmp92:
	.p2align	2
@ %bb.3:
__arm_cp.10_0:
	.long	adv_cmd
.Lcpi_end17:
	.size	__arm_cp.10_0, .Lcpi_end17-__arm_cp.10_0
__arm_cp.10_1:
	.long	3341                            @ 0xd0d
.Lcpi_end18:
	.size	__arm_cp.10_1, .Lcpi_end18-__arm_cp.10_1
__arm_cp.10_2:
	.long	1100                            @ 0x44c
.Lcpi_end19:
	.size	__arm_cp.10_2, .Lcpi_end19-__arm_cp.10_2
__arm_cp.10_3:
	.long	.L.str.1
.Lcpi_end20:
	.size	__arm_cp.10_3, .Lcpi_end20-__arm_cp.10_3
__arm_cp.10_4:
	.long	.L.str
.Lcpi_end21:
	.size	__arm_cp.10_4, .Lcpi_end21-__arm_cp.10_4
.Lfunc_end10:
	.size	app_easy_gap_non_connectable_advertise_start_create_msg, .Lfunc_end10-app_easy_gap_non_connectable_advertise_start_create_msg
	.cfi_endproc
	.cantunwind
	.fnend
                                        @ -- End function
	.hidden	app_easy_gap_non_connectable_advertise_start @ -- Begin function app_easy_gap_non_connectable_advertise_start
	.globl	app_easy_gap_non_connectable_advertise_start
	.p2align	2
	.type	app_easy_gap_non_connectable_advertise_start,%function
	.code	16                              @ @app_easy_gap_non_connectable_advertise_start
	.thumb_func
app_easy_gap_non_connectable_advertise_start:
.Lfunc_begin11:
	.loc	4 962 0 is_stmt 1               @ ../../../../../sdk/app_modules/src/app_common/app.c:962:0
	.fnstart
	.cfi_startproc
@ %bb.0:
	.save	{r7, lr}
	push	{r7, lr}
	.cfi_def_cfa_offset 8
	.cfi_offset lr, -4
	.cfi_offset r7, -8
.Ltmp93:
	.loc	4 964 11 prologue_end           @ ../../../../../sdk/app_modules/src/app_common/app.c:964:11
	bl	app_easy_gap_non_connectable_advertise_start_create_msg
.Ltmp94:
	@DEBUG_VALUE: app_advertise_start_msg_send:cmd <- $r0
	@DEBUG_VALUE: app_easy_gap_non_connectable_advertise_start:cmd <- $r0
	.loc	18 157 5                        @ ./../../../../../sdk/app_modules/api\app_mid.h:157:5
	bl	ke_msg_send
.Ltmp95:
	.loc	4 968 13                        @ ../../../../../sdk/app_modules/src/app_common/app.c:968:13
	ldr	r0, __arm_cp.11_0
	movs	r1, #0
	str	r1, [r0]
	movs	r0, #4
	.loc	4 984 21                        @ ../../../../../sdk/app_modules/src/app_common/app.c:984:21
	bl	ke_state_get
.Ltmp96:
	@DEBUG_VALUE: app_easy_gap_non_connectable_advertise_start:state <- $r0
	.loc	4 987 9                         @ ../../../../../sdk/app_modules/src/app_common/app.c:987:9
	cmp	r0, #3
	beq	.LBB11_2
.Ltmp97:
@ %bb.1:
	@DEBUG_VALUE: app_easy_gap_non_connectable_advertise_start:state <- $r0
	.loc	4 0 9 is_stmt 0                 @ ../../../../../sdk/app_modules/src/app_common/app.c:0:9
	movs	r0, #4
.Ltmp98:
	movs	r1, #2
.Ltmp99:
	.loc	4 990 9 is_stmt 1               @ ../../../../../sdk/app_modules/src/app_common/app.c:990:9
	bl	ke_state_set
.Ltmp100:
.LBB11_2:
	.loc	4 993 1 epilogue_begin          @ ../../../../../sdk/app_modules/src/app_common/app.c:993:1
	pop	{r7, pc}
.Ltmp101:
	.loc	4 0 1 is_stmt 0                 @ :0:1
.Ltmp102:
	.p2align	2
@ %bb.3:
__arm_cp.11_0:
	.long	adv_cmd
.Lcpi_end22:
	.size	__arm_cp.11_0, .Lcpi_end22-__arm_cp.11_0
.Lfunc_end11:
	.size	app_easy_gap_non_connectable_advertise_start, .Lfunc_end11-app_easy_gap_non_connectable_advertise_start
	.cfi_endproc
	.cantunwind
	.fnend
                                        @ -- End function
	.hidden	app_easy_gap_undirected_advertise_with_timeout_start @ -- Begin function app_easy_gap_undirected_advertise_with_timeout_start
	.globl	app_easy_gap_undirected_advertise_with_timeout_start
	.p2align	2
	.type	app_easy_gap_undirected_advertise_with_timeout_start,%function
	.code	16                              @ @app_easy_gap_undirected_advertise_with_timeout_start
	.thumb_func
app_easy_gap_undirected_advertise_with_timeout_start:
.Lfunc_begin12:
	.loc	4 1007 0 is_stmt 1              @ ../../../../../sdk/app_modules/src/app_common/app.c:1007:0
	.fnstart
	.cfi_startproc
@ %bb.0:
	@DEBUG_VALUE: app_easy_gap_undirected_advertise_with_timeout_start:delay <- $r0
	@DEBUG_VALUE: app_easy_gap_undirected_advertise_with_timeout_start:timeout_callback <- $r1
	.save	{r4, r5, r6, lr}
	push	{r4, r5, r6, lr}
	.cfi_def_cfa_offset 16
	.cfi_offset lr, -4
	.cfi_offset r6, -8
	.cfi_offset r5, -12
	.cfi_offset r4, -16
	mov	r5, r1
.Ltmp103:
	@DEBUG_VALUE: app_easy_gap_undirected_advertise_with_timeout_start:timeout_callback <- $r5
	mov	r4, r0
.Ltmp104:
	@DEBUG_VALUE: app_easy_gap_undirected_advertise_with_timeout_start:delay <- $r4
	.loc	4 1009 8 prologue_end           @ ../../../../../sdk/app_modules/src/app_common/app.c:1009:8
	ldr	r6, __arm_cp.12_0
	ldrb	r0, [r6, #2]
.Ltmp105:
	.loc	4 1009 8 is_stmt 0              @ ../../../../../sdk/app_modules/src/app_common/app.c:1009:8
	cmp	r0, #0
	beq	.LBB12_2
.Ltmp106:
@ %bb.1:
	@DEBUG_VALUE: app_easy_gap_undirected_advertise_with_timeout_start:delay <- $r4
	@DEBUG_VALUE: app_easy_gap_undirected_advertise_with_timeout_start:timeout_callback <- $r5
	.loc	4 1010 9 is_stmt 1              @ ../../../../../sdk/app_modules/src/app_common/app.c:1010:9
	bl	app_easy_timer_cancel
.Ltmp107:
.LBB12_2:
	@DEBUG_VALUE: app_easy_gap_undirected_advertise_with_timeout_start:delay <- $r4
	@DEBUG_VALUE: app_easy_gap_undirected_advertise_with_timeout_start:timeout_callback <- $r5
	.loc	4 1011 8                        @ ../../../../../sdk/app_modules/src/app_common/app.c:1011:8
	cmp	r5, #0
	beq	.LBB12_4
.Ltmp108:
@ %bb.3:
	@DEBUG_VALUE: app_easy_gap_undirected_advertise_with_timeout_start:delay <- $r4
	@DEBUG_VALUE: app_easy_gap_undirected_advertise_with_timeout_start:timeout_callback <- $r5
	.loc	4 1012 30                       @ ../../../../../sdk/app_modules/src/app_common/app.c:1012:30
	str	r5, [r6, #4]
.Ltmp109:
.LBB12_4:
	@DEBUG_VALUE: app_easy_gap_undirected_advertise_with_timeout_start:delay <- $r4
	@DEBUG_VALUE: app_easy_gap_undirected_advertise_with_timeout_start:timeout_callback <- $r5
	.loc	4 1013 20                       @ ../../../../../sdk/app_modules/src/app_common/app.c:1013:20
	ldr	r1, __arm_cp.12_1
	mov	r0, r4
	bl	app_easy_timer
.Ltmp110:
	.loc	4 1013 18 is_stmt 0             @ ../../../../../sdk/app_modules/src/app_common/app.c:1013:18
	strb	r0, [r6, #2]
	.loc	4 1014 5 is_stmt 1              @ ../../../../../sdk/app_modules/src/app_common/app.c:1014:5
	bl	app_easy_gap_undirected_advertise_start
.Ltmp111:
	.loc	4 1015 1 epilogue_begin         @ ../../../../../sdk/app_modules/src/app_common/app.c:1015:1
	pop	{r4, r5, r6, pc}
.Ltmp112:
	.loc	4 0 1 is_stmt 0                 @ :0:1
.Ltmp113:
	.p2align	2
@ %bb.5:
__arm_cp.12_0:
	.long	.L_MergedGlobals
.Lcpi_end23:
	.size	__arm_cp.12_0, .Lcpi_end23-__arm_cp.12_0
__arm_cp.12_1:
	.long	app_easy_gap_advertise_stop_handler
.Lcpi_end24:
	.size	__arm_cp.12_1, .Lcpi_end24-__arm_cp.12_1
.Lfunc_end12:
	.size	app_easy_gap_undirected_advertise_with_timeout_start, .Lfunc_end12-app_easy_gap_undirected_advertise_with_timeout_start
	.cfi_endproc
	.cantunwind
	.fnend
                                        @ -- End function
	.p2align	2                               @ -- Begin function app_easy_gap_advertise_stop_handler
	.type	app_easy_gap_advertise_stop_handler,%function
	.code	16                              @ @app_easy_gap_advertise_stop_handler
	.thumb_func
app_easy_gap_advertise_stop_handler:
.Lfunc_begin13:
	.loc	4 809 0 is_stmt 1               @ ../../../../../sdk/app_modules/src/app_common/app.c:809:0
	.fnstart
	.cfi_startproc
@ %bb.0:
	.save	{r7, lr}
	push	{r7, lr}
	.cfi_def_cfa_offset 8
	.cfi_offset lr, -4
	.cfi_offset r7, -8
.Ltmp114:
	.loc	4 811 5 prologue_end            @ ../../../../../sdk/app_modules/src/app_common/app.c:811:5
	bl	app_easy_gap_advertise_stop
.Ltmp115:
	.loc	4 812 17                        @ ../../../../../sdk/app_modules/src/app_common/app.c:812:17
	ldr	r0, __arm_cp.13_0
	movs	r2, #0
	strb	r2, [r0, #2]
.Ltmp116:
	.loc	4 813 8                         @ ../../../../../sdk/app_modules/src/app_common/app.c:813:8
	ldr	r1, [r0, #4]
.Ltmp117:
	.loc	4 813 8 is_stmt 0               @ ../../../../../sdk/app_modules/src/app_common/app.c:813:8
	cmp	r1, #0
	beq	.LBB13_2
@ %bb.1:
.Ltmp118:
	@DEBUG_VALUE: app_easy_gap_advertise_stop_handler:timeout_callback <- $r1
	.loc	4 816 30 is_stmt 1              @ ../../../../../sdk/app_modules/src/app_common/app.c:816:30
	str	r2, [r0, #4]
	.loc	4 817 9                         @ ../../../../../sdk/app_modules/src/app_common/app.c:817:9
	blx	r1
.Ltmp119:
.LBB13_2:
	.loc	4 819 1 epilogue_begin          @ ../../../../../sdk/app_modules/src/app_common/app.c:819:1
	pop	{r7, pc}
.Ltmp120:
	.loc	4 0 1 is_stmt 0                 @ :0:1
.Ltmp121:
	.p2align	2
@ %bb.3:
__arm_cp.13_0:
	.long	.L_MergedGlobals
.Lcpi_end25:
	.size	__arm_cp.13_0, .Lcpi_end25-__arm_cp.13_0
.Lfunc_end13:
	.size	app_easy_gap_advertise_stop_handler, .Lfunc_end13-app_easy_gap_advertise_stop_handler
	.cfi_endproc
	.cantunwind
	.fnend
                                        @ -- End function
	.hidden	app_easy_gap_advertise_with_timeout_stop @ -- Begin function app_easy_gap_advertise_with_timeout_stop
	.globl	app_easy_gap_advertise_with_timeout_stop
	.p2align	2
	.type	app_easy_gap_advertise_with_timeout_stop,%function
	.code	16                              @ @app_easy_gap_advertise_with_timeout_stop
	.thumb_func
app_easy_gap_advertise_with_timeout_stop:
.Lfunc_begin14:
	.loc	4 1018 0 is_stmt 1              @ ../../../../../sdk/app_modules/src/app_common/app.c:1018:0
	.fnstart
	.cfi_startproc
@ %bb.0:
	.save	{r4, lr}
	push	{r4, lr}
	.cfi_def_cfa_offset 8
	.cfi_offset lr, -4
	.cfi_offset r4, -8
.Ltmp122:
	.loc	4 1020 9 prologue_end           @ ../../../../../sdk/app_modules/src/app_common/app.c:1020:9
	ldr	r4, __arm_cp.14_0
	ldrb	r0, [r4, #2]
.Ltmp123:
	.loc	4 1020 9 is_stmt 0              @ ../../../../../sdk/app_modules/src/app_common/app.c:1020:9
	cmp	r0, #0
	beq	.LBB14_2
@ %bb.1:
.Ltmp124:
	.loc	4 1022 9 is_stmt 1              @ ../../../../../sdk/app_modules/src/app_common/app.c:1022:9
	bl	app_easy_timer_cancel
.Ltmp125:
.LBB14_2:
	.loc	4 0 9 is_stmt 0                 @ ../../../../../sdk/app_modules/src/app_common/app.c:0:9
	movs	r0, #0
	.loc	4 1025 26 is_stmt 1             @ ../../../../../sdk/app_modules/src/app_common/app.c:1025:26
	str	r0, [r4, #4]
	.loc	4 1024 18                       @ ../../../../../sdk/app_modules/src/app_common/app.c:1024:18
	strb	r0, [r4, #2]
	.loc	4 1026 1 epilogue_begin         @ ../../../../../sdk/app_modules/src/app_common/app.c:1026:1
	pop	{r4, pc}
.Ltmp126:
	.loc	4 0 1 is_stmt 0                 @ :0:1
.Ltmp127:
	.p2align	2
@ %bb.3:
__arm_cp.14_0:
	.long	.L_MergedGlobals
.Lcpi_end26:
	.size	__arm_cp.14_0, .Lcpi_end26-__arm_cp.14_0
.Lfunc_end14:
	.size	app_easy_gap_advertise_with_timeout_stop, .Lfunc_end14-app_easy_gap_advertise_with_timeout_stop
	.cfi_endproc
	.cantunwind
	.fnend
                                        @ -- End function
	.hidden	app_easy_gap_param_update_get_active @ -- Begin function app_easy_gap_param_update_get_active
	.globl	app_easy_gap_param_update_get_active
	.p2align	1
	.type	app_easy_gap_param_update_get_active,%function
	.code	16                              @ @app_easy_gap_param_update_get_active
	.thumb_func
app_easy_gap_param_update_get_active:
.Lfunc_begin15:
	.loc	4 1030 0 is_stmt 1              @ ../../../../../sdk/app_modules/src/app_common/app.c:1030:0
	.fnstart
	.cfi_startproc
@ %bb.0:
	@DEBUG_VALUE: app_easy_gap_param_update_get_active:conidx <- $r0
	.save	{r7, lr}
	push	{r7, lr}
	.cfi_def_cfa_offset 8
	.cfi_offset lr, -4
	.cfi_offset r7, -8
.Ltmp128:
	.loc	4 1031 12 prologue_end          @ ../../../../../sdk/app_modules/src/app_common/app.c:1031:12
	bl	app_easy_gap_param_update_msg_create
.Ltmp129:
	@DEBUG_VALUE: app_easy_gap_param_update_get_active:conidx <- [DW_OP_LLVM_entry_value 1] $r0
	.loc	4 1031 5 epilogue_begin is_stmt 0 @ ../../../../../sdk/app_modules/src/app_common/app.c:1031:5
	pop	{r7, pc}
.Ltmp130:
.Lfunc_end15:
	.size	app_easy_gap_param_update_get_active, .Lfunc_end15-app_easy_gap_param_update_get_active
	.cfi_endproc
	.cantunwind
	.fnend
                                        @ -- End function
	.p2align	2                               @ -- Begin function app_easy_gap_param_update_msg_create
	.type	app_easy_gap_param_update_msg_create,%function
	.code	16                              @ @app_easy_gap_param_update_msg_create
	.thumb_func
app_easy_gap_param_update_msg_create:
.Lfunc_begin16:
	.loc	4 638 0 is_stmt 1               @ ../../../../../sdk/app_modules/src/app_common/app.c:638:0
	.fnstart
	.cfi_startproc
@ %bb.0:
	@DEBUG_VALUE: app_easy_gap_param_update_msg_create:conidx <- $r0
	.save	{r4, lr}
	push	{r4, lr}
	.cfi_def_cfa_offset 8
	.cfi_offset lr, -4
	.cfi_offset r4, -8
	mov	r1, r0
.Ltmp131:
	@DEBUG_VALUE: app_easy_gap_param_update_msg_create:conidx <- $r1
	.loc	4 639 5 prologue_end            @ ../../../../../sdk/app_modules/src/app_common/app.c:639:5
	cmp	r0, #0
	beq	.LBB16_2
.Ltmp132:
@ %bb.1:
	@DEBUG_VALUE: app_easy_gap_param_update_msg_create:conidx <- $r1
	.loc	4 639 5 is_stmt 0               @ ../../../../../sdk/app_modules/src/app_common/app.c:639:5
	@APP
	bkpt	#0
	@NO_APP
.Ltmp133:
.LBB16_2:
	@DEBUG_VALUE: app_easy_gap_param_update_msg_create:conidx <- $r1
	.loc	4 641 9 is_stmt 1               @ ../../../../../sdk/app_modules/src/app_common/app.c:641:9
	lsls	r2, r1, #2
	ldr	r3, __arm_cp.16_0
	ldr	r0, [r3, r2]
.Ltmp134:
	.loc	4 641 9 is_stmt 0               @ ../../../../../sdk/app_modules/src/app_common/app.c:641:9
	cmp	r0, #0
	beq	.LBB16_4
.Ltmp135:
@ %bb.3:
	@DEBUG_VALUE: app_easy_gap_param_update_msg_create:conidx <- $r1
	.loc	4 654 5 epilogue_begin is_stmt 1 @ ../../../../../sdk/app_modules/src/app_common/app.c:654:5
	pop	{r4, pc}
.Ltmp136:
.LBB16_4:
	@DEBUG_VALUE: app_easy_gap_param_update_msg_create:conidx <- $r1
	.loc	4 0 0 is_stmt 0                 @ ../../../../../sdk/app_modules/src/app_common/app.c:0:0
	adds	r4, r3, r2
.Ltmp137:
	@DEBUG_VALUE: app_param_update_msg_create:conidx <- $r1
	.loc	18 219 41 is_stmt 1             @ ./../../../../../sdk/app_modules/api\app_mid.h:219:41
	lsls	r1, r1, #8
.Ltmp138:
	adds	r1, #10
	ldr	r0, __arm_cp.16_1
	movs	r2, #4
	movs	r3, #14
	bl	ke_msg_alloc
.Ltmp139:
	@DEBUG_VALUE: cmd <- $r0
	@DEBUG_VALUE: app_param_update_msg_create:cmd <- $r0
	.loc	18 0 41 is_stmt 0               @ ./../../../../../sdk/app_modules/api\app_mid.h:0:41
	movs	r1, #9
	.loc	18 224 20 is_stmt 1             @ ./../../../../../sdk/app_modules/api\app_mid.h:224:20
	strb	r1, [r0]
.Ltmp140:
	.loc	4 645 34                        @ ../../../../../sdk/app_modules/src/app_common/app.c:645:34
	str	r0, [r4]
	movs	r1, #16
	.loc	4 647 23                        @ ../../../../../sdk/app_modules/src/app_common/app.c:647:23
	strh	r1, [r0, #4]
	movs	r1, #0
	.loc	4 652 25                        @ ../../../../../sdk/app_modules/src/app_common/app.c:652:25
	strh	r1, [r0, #12]
	.loc	4 651 25                        @ ../../../../../sdk/app_modules/src/app_common/app.c:651:25
	strh	r1, [r0, #10]
	movs	r2, #125
	.loc	4 650 23                        @ ../../../../../sdk/app_modules/src/app_common/app.c:650:23
	strh	r2, [r0, #8]
	.loc	4 649 22                        @ ../../../../../sdk/app_modules/src/app_common/app.c:649:22
	strh	r1, [r0, #6]
	movs	r1, #8
	.loc	4 648 23                        @ ../../../../../sdk/app_modules/src/app_common/app.c:648:23
	strh	r1, [r0, #2]
.Ltmp141:
	.loc	4 654 5 epilogue_begin          @ ../../../../../sdk/app_modules/src/app_common/app.c:654:5
	pop	{r4, pc}
.Ltmp142:
	.loc	4 0 5 is_stmt 0                 @ :0:5
.Ltmp143:
	.p2align	2
@ %bb.5:
__arm_cp.16_0:
	.long	param_update_cmd
.Lcpi_end27:
	.size	__arm_cp.16_0, .Lcpi_end27-__arm_cp.16_0
__arm_cp.16_1:
	.long	3598                            @ 0xe0e
.Lcpi_end28:
	.size	__arm_cp.16_1, .Lcpi_end28-__arm_cp.16_1
.Lfunc_end16:
	.size	app_easy_gap_param_update_msg_create, .Lfunc_end16-app_easy_gap_param_update_msg_create
	.cfi_endproc
	.cantunwind
	.fnend
                                        @ -- End function
	.hidden	app_easy_gap_param_update_start @ -- Begin function app_easy_gap_param_update_start
	.globl	app_easy_gap_param_update_start
	.p2align	2
	.type	app_easy_gap_param_update_start,%function
	.code	16                              @ @app_easy_gap_param_update_start
	.thumb_func
app_easy_gap_param_update_start:
.Lfunc_begin17:
	.loc	4 1035 0 is_stmt 1              @ ../../../../../sdk/app_modules/src/app_common/app.c:1035:0
	.fnstart
	.cfi_startproc
@ %bb.0:
	@DEBUG_VALUE: app_easy_gap_param_update_start:conidx <- $r0
	.save	{r4, lr}
	push	{r4, lr}
	.cfi_def_cfa_offset 8
	.cfi_offset lr, -4
	.cfi_offset r4, -8
	mov	r4, r0
.Ltmp144:
	@DEBUG_VALUE: app_easy_gap_param_update_start:conidx <- $r4
	.loc	4 1037 11 prologue_end          @ ../../../../../sdk/app_modules/src/app_common/app.c:1037:11
	bl	app_easy_gap_param_update_msg_create
.Ltmp145:
	@DEBUG_VALUE: app_param_update_msg_send:cmd <- $r0
	@DEBUG_VALUE: app_easy_gap_param_update_start:cmd <- $r0
	.loc	18 237 5                        @ ./../../../../../sdk/app_modules/api\app_mid.h:237:5
	bl	ke_msg_send
.Ltmp146:
	.loc	4 1041 5                        @ ../../../../../sdk/app_modules/src/app_common/app.c:1041:5
	lsls	r0, r4, #2
	ldr	r1, __arm_cp.17_0
	movs	r2, #0
	.loc	4 1041 30 is_stmt 0             @ ../../../../../sdk/app_modules/src/app_common/app.c:1041:30
	str	r2, [r1, r0]
	.loc	4 1042 1 epilogue_begin is_stmt 1 @ ../../../../../sdk/app_modules/src/app_common/app.c:1042:1
	pop	{r4, pc}
.Ltmp147:
	.loc	4 0 1 is_stmt 0                 @ :0:1
.Ltmp148:
	.p2align	2
@ %bb.1:
__arm_cp.17_0:
	.long	param_update_cmd
.Lcpi_end29:
	.size	__arm_cp.17_0, .Lcpi_end29-__arm_cp.17_0
.Lfunc_end17:
	.size	app_easy_gap_param_update_start, .Lfunc_end17-app_easy_gap_param_update_start
	.cfi_endproc
	.cantunwind
	.fnend
                                        @ -- End function
	.hidden	app_easy_gap_start_connection_to_get_active @ -- Begin function app_easy_gap_start_connection_to_get_active
	.globl	app_easy_gap_start_connection_to_get_active
	.p2align	1
	.type	app_easy_gap_start_connection_to_get_active,%function
	.code	16                              @ @app_easy_gap_start_connection_to_get_active
	.thumb_func
app_easy_gap_start_connection_to_get_active:
.Lfunc_begin18:
	.loc	4 1064 0 is_stmt 1              @ ../../../../../sdk/app_modules/src/app_common/app.c:1064:0
	.fnstart
	.cfi_startproc
@ %bb.0:
	.save	{r7, lr}
	push	{r7, lr}
	.cfi_def_cfa_offset 8
	.cfi_offset lr, -4
	.cfi_offset r7, -8
.Ltmp149:
	.loc	4 1065 13 prologue_end          @ ../../../../../sdk/app_modules/src/app_common/app.c:1065:13
	bl	app_easy_gap_start_connection_to_msg_create
.Ltmp150:
	.loc	4 1065 5 epilogue_begin is_stmt 0 @ ../../../../../sdk/app_modules/src/app_common/app.c:1065:5
	pop	{r7, pc}
.Ltmp151:
.Lfunc_end18:
	.size	app_easy_gap_start_connection_to_get_active, .Lfunc_end18-app_easy_gap_start_connection_to_get_active
	.cfi_endproc
	.cantunwind
	.fnend
                                        @ -- End function
	.p2align	2                               @ -- Begin function app_easy_gap_start_connection_to_msg_create
	.type	app_easy_gap_start_connection_to_msg_create,%function
	.code	16                              @ @app_easy_gap_start_connection_to_msg_create
	.thumb_func
app_easy_gap_start_connection_to_msg_create:
.Lfunc_begin19:
	.loc	4 666 0 is_stmt 1               @ ../../../../../sdk/app_modules/src/app_common/app.c:666:0
	.fnstart
	.cfi_startproc
@ %bb.0:
	.save	{r4, lr}
	push	{r4, lr}
	.cfi_def_cfa_offset 8
	.cfi_offset lr, -4
	.cfi_offset r4, -8
.Ltmp152:
	.loc	4 668 9 prologue_end            @ ../../../../../sdk/app_modules/src/app_common/app.c:668:9
	ldr	r4, __arm_cp.19_0
	ldr	r0, [r4]
.Ltmp153:
	.loc	4 668 9 is_stmt 0               @ ../../../../../sdk/app_modules/src/app_common/app.c:668:9
	cmp	r0, #0
	beq	.LBB19_2
@ %bb.1:
	.loc	4 737 5 epilogue_begin is_stmt 1 @ ../../../../../sdk/app_modules/src/app_common/app.c:737:5
	pop	{r4, pc}
.LBB19_2:
	.loc	4 0 5 is_stmt 0                 @ ../../../../../sdk/app_modules/src/app_common/app.c:0:5
	ldr	r0, __arm_cp.19_1
	movs	r1, #9
	movs	r2, #4
	movs	r3, #29
.Ltmp154:
	.loc	18 249 45 is_stmt 1             @ ./../../../../../sdk/app_modules/api\app_mid.h:249:45
	bl	ke_msg_alloc
.Ltmp155:
	@DEBUG_VALUE: cmd <- $r0
	@DEBUG_VALUE: app_connect_start_msg_create:cmd <- $r0
	.loc	4 672 30                        @ ../../../../../sdk/app_modules/src/app_common/app.c:672:30
	str	r0, [r4]
	movs	r1, #1
.Ltmp156:
	.loc	4 690 27                        @ ../../../../../sdk/app_modules/src/app_common/app.c:690:27
	strb	r1, [r0, #20]
	movs	r1, #5
.Ltmp157:
	.loc	4 683 25                        @ ../../../../../sdk/app_modules/src/app_common/app.c:683:25
	strh	r1, [r0, #18]
	movs	r1, #0
	.loc	4 682 25                        @ ../../../../../sdk/app_modules/src/app_common/app.c:682:25
	strh	r1, [r0, #16]
	.loc	4 680 26                        @ ../../../../../sdk/app_modules/src/app_common/app.c:680:26
	strh	r1, [r0, #12]
	movs	r1, #100
	.loc	4 679 27                        @ ../../../../../sdk/app_modules/src/app_common/app.c:679:27
	strh	r1, [r0, #10]
	.loc	4 678 27                        @ ../../../../../sdk/app_modules/src/app_common/app.c:678:27
	strh	r1, [r0, #8]
	movs	r1, #11
	lsls	r1, r1, #5
	.loc	4 677 26                        @ ../../../../../sdk/app_modules/src/app_common/app.c:677:26
	strh	r1, [r0, #6]
	movs	r2, #19
	.loc	4 674 22                        @ ../../../../../sdk/app_modules/src/app_common/app.c:674:22
	strh	r2, [r0]
	.loc	4 681 24                        @ ../../../../../sdk/app_modules/src/app_common/app.c:681:24
	mov	r2, r1
	adds	r2, #148
	strh	r2, [r0, #14]
	.loc	4 676 28                        @ ../../../../../sdk/app_modules/src/app_common/app.c:676:28
	adds	r1, #32
	strh	r1, [r0, #4]
.Ltmp158:
	.loc	4 737 5 epilogue_begin          @ ../../../../../sdk/app_modules/src/app_common/app.c:737:5
	pop	{r4, pc}
.Ltmp159:
	.loc	4 0 5 is_stmt 0                 @ :0:5
.Ltmp160:
	.p2align	2
@ %bb.3:
__arm_cp.19_0:
	.long	start_connection_cmd
.Lcpi_end30:
	.size	__arm_cp.19_0, .Lcpi_end30-__arm_cp.19_0
__arm_cp.19_1:
	.long	3345                            @ 0xd11
.Lcpi_end31:
	.size	__arm_cp.19_1, .Lcpi_end31-__arm_cp.19_1
.Lfunc_end19:
	.size	app_easy_gap_start_connection_to_msg_create, .Lfunc_end19-app_easy_gap_start_connection_to_msg_create
	.cfi_endproc
	.cantunwind
	.fnend
                                        @ -- End function
	.hidden	app_easy_gap_start_connection_to_set @ -- Begin function app_easy_gap_start_connection_to_set
	.globl	app_easy_gap_start_connection_to_set
	.p2align	1
	.type	app_easy_gap_start_connection_to_set,%function
	.code	16                              @ @app_easy_gap_start_connection_to_set
	.thumb_func
app_easy_gap_start_connection_to_set:
.Lfunc_begin20:
	.loc	4 1070 0 is_stmt 1              @ ../../../../../sdk/app_modules/src/app_common/app.c:1070:0
	.fnstart
	.cfi_startproc
@ %bb.0:
	@DEBUG_VALUE: app_easy_gap_start_connection_to_set:peer_addr_type <- $r0
	@DEBUG_VALUE: app_easy_gap_start_connection_to_set:peer_addr <- $r1
	@DEBUG_VALUE: app_easy_gap_start_connection_to_set:intv <- $r2
	.save	{r4, r5, r6, r7, lr}
	.pad	#4
	push	{r3, r4, r5, r6, r7, lr}
	.cfi_def_cfa_offset 24
	.cfi_offset lr, -4
	.cfi_offset r7, -8
	.cfi_offset r6, -12
	.cfi_offset r5, -16
	.cfi_offset r4, -20
	mov	r4, r2
.Ltmp161:
	@DEBUG_VALUE: app_easy_gap_start_connection_to_set:intv <- $r4
	mov	r5, r1
.Ltmp162:
	@DEBUG_VALUE: app_easy_gap_start_connection_to_set:peer_addr <- $r5
	mov	r6, r0
.Ltmp163:
	@DEBUG_VALUE: app_easy_gap_start_connection_to_set:peer_addr_type <- $r6
	.loc	4 1072 11 prologue_end          @ ../../../../../sdk/app_modules/src/app_common/app.c:1072:11
	bl	app_easy_gap_start_connection_to_msg_create
.Ltmp164:
	mov	r7, r0
.Ltmp165:
	@DEBUG_VALUE: app_easy_gap_start_connection_to_set:msg <- $r7
	.loc	4 0 11 is_stmt 0                @ ../../../../../sdk/app_modules/src/app_common/app.c:0:11
	movs	r0, #1
	.loc	4 1073 19 is_stmt 1             @ ../../../../../sdk/app_modules/src/app_common/app.c:1073:19
	strb	r0, [r7, #20]
	.loc	4 1074 18                       @ ../../../../../sdk/app_modules/src/app_common/app.c:1074:18
	mov	r0, r7
	adds	r0, #21
	movs	r2, #6
	.loc	4 1074 5 is_stmt 0              @ ../../../../../sdk/app_modules/src/app_common/app.c:1074:5
	mov	r1, r5
.Ltmp166:
	@DEBUG_VALUE: app_easy_gap_start_connection_to_set:peer_addr <- $r1
	bl	__aeabi_memcpy
.Ltmp167:
	.loc	4 1075 29 is_stmt 1             @ ../../../../../sdk/app_modules/src/app_common/app.c:1075:29
	strb	r6, [r7, #27]
	.loc	4 1076 23                       @ ../../../../../sdk/app_modules/src/app_common/app.c:1076:23
	strh	r4, [r7, #10]
	.loc	4 1077 23                       @ ../../../../../sdk/app_modules/src/app_common/app.c:1077:23
	strh	r4, [r7, #8]
	.loc	4 1079 1 epilogue_begin         @ ../../../../../sdk/app_modules/src/app_common/app.c:1079:1
	pop	{r3, r4, r5, r6, r7, pc}
.Ltmp168:
.Lfunc_end20:
	.size	app_easy_gap_start_connection_to_set, .Lfunc_end20-app_easy_gap_start_connection_to_set
	.cfi_endproc
	.cantunwind
	.fnend
                                        @ -- End function
	.hidden	app_easy_gap_start_connection_to @ -- Begin function app_easy_gap_start_connection_to
	.globl	app_easy_gap_start_connection_to
	.p2align	2
	.type	app_easy_gap_start_connection_to,%function
	.code	16                              @ @app_easy_gap_start_connection_to
	.thumb_func
app_easy_gap_start_connection_to:
.Lfunc_begin21:
	.loc	4 1082 0                        @ ../../../../../sdk/app_modules/src/app_common/app.c:1082:0
	.fnstart
	.cfi_startproc
@ %bb.0:
	.save	{r7, lr}
	push	{r7, lr}
	.cfi_def_cfa_offset 8
	.cfi_offset lr, -4
	.cfi_offset r7, -8
.Ltmp169:
	.loc	4 1084 11 prologue_end          @ ../../../../../sdk/app_modules/src/app_common/app.c:1084:11
	bl	app_easy_gap_start_connection_to_msg_create
.Ltmp170:
	@DEBUG_VALUE: app_connect_start_msg_send:cmd <- $r0
	@DEBUG_VALUE: app_easy_gap_start_connection_to:msg <- $r0
	.loc	18 268 5                        @ ./../../../../../sdk/app_modules/api\app_mid.h:268:5
	bl	ke_msg_send
.Ltmp171:
	.loc	4 1086 26                       @ ../../../../../sdk/app_modules/src/app_common/app.c:1086:26
	ldr	r0, __arm_cp.21_0
	movs	r1, #0
	str	r1, [r0]
	.loc	4 1087 1 epilogue_begin         @ ../../../../../sdk/app_modules/src/app_common/app.c:1087:1
	pop	{r7, pc}
.Ltmp172:
	.loc	4 0 1 is_stmt 0                 @ :0:1
.Ltmp173:
	.p2align	2
@ %bb.1:
__arm_cp.21_0:
	.long	start_connection_cmd
.Lcpi_end32:
	.size	__arm_cp.21_0, .Lcpi_end32-__arm_cp.21_0
.Lfunc_end21:
	.size	app_easy_gap_start_connection_to, .Lfunc_end21-app_easy_gap_start_connection_to
	.cfi_endproc
	.cantunwind
	.fnend
                                        @ -- End function
	.hidden	app_easy_gap_start_scan_get_active @ -- Begin function app_easy_gap_start_scan_get_active
	.globl	app_easy_gap_start_scan_get_active
	.p2align	2
	.type	app_easy_gap_start_scan_get_active,%function
	.code	16                              @ @app_easy_gap_start_scan_get_active
	.thumb_func
app_easy_gap_start_scan_get_active:
.Lfunc_begin22:
	.loc	4 1128 0 is_stmt 1              @ ../../../../../sdk/app_modules/src/app_common/app.c:1128:0
	.fnstart
	.cfi_startproc
@ %bb.0:
	.save	{r4, lr}
	push	{r4, lr}
	.cfi_def_cfa_offset 8
	.cfi_offset lr, -4
	.cfi_offset r4, -8
.Ltmp174:
	.loc	4 1091 8 prologue_end           @ ../../../../../sdk/app_modules/src/app_common/app.c:1091:8
	ldr	r4, __arm_cp.22_0
	ldr	r0, [r4]
.Ltmp175:
	.loc	4 1091 8 is_stmt 0              @ ../../../../../sdk/app_modules/src/app_common/app.c:1091:8
	cmp	r0, #0
	beq	.LBB22_2
.Ltmp176:
@ %bb.1:
	.loc	4 1129 5 epilogue_begin is_stmt 1 @ ../../../../../sdk/app_modules/src/app_common/app.c:1129:5
	pop	{r4, pc}
.LBB22_2:
	.loc	4 0 5 is_stmt 0                 @ ../../../../../sdk/app_modules/src/app_common/app.c:0:5
	ldr	r0, __arm_cp.22_1
	movs	r1, #9
	movs	r2, #4
	movs	r3, #12
.Ltmp177:
	.loc	18 280 39 is_stmt 1             @ ./../../../../../sdk/app_modules/api\app_mid.h:280:39
	bl	ke_msg_alloc
.Ltmp178:
	@DEBUG_VALUE: cmd <- $r0
	@DEBUG_VALUE: app_start_scan_msg_create:cmd <- $r0
	.loc	4 1094 24                       @ ../../../../../sdk/app_modules/src/app_common/app.c:1094:24
	str	r0, [r4]
	movs	r1, #1
	.loc	4 1121 28                       @ ../../../../../sdk/app_modules/src/app_common/app.c:1121:28
	strb	r1, [r0, #10]
	movs	r1, #2
	.loc	4 1111 19                       @ ../../../../../sdk/app_modules/src/app_common/app.c:1111:19
	strh	r1, [r0, #8]
	movs	r1, #11
	lsls	r1, r1, #5
	.loc	4 1105 21                       @ ../../../../../sdk/app_modules/src/app_common/app.c:1105:21
	strh	r1, [r0, #6]
	movs	r2, #0
	.loc	4 1099 23                       @ ../../../../../sdk/app_modules/src/app_common/app.c:1099:23
	strh	r2, [r0, #2]
	movs	r2, #17
	.loc	4 1097 22                       @ ../../../../../sdk/app_modules/src/app_common/app.c:1097:22
	strh	r2, [r0]
	.loc	4 1102 23                       @ ../../../../../sdk/app_modules/src/app_common/app.c:1102:23
	adds	r1, #32
	strh	r1, [r0, #4]
.Ltmp179:
	.loc	4 1129 5 epilogue_begin         @ ../../../../../sdk/app_modules/src/app_common/app.c:1129:5
	pop	{r4, pc}
.Ltmp180:
	.loc	4 0 5 is_stmt 0                 @ :0:5
.Ltmp181:
	.p2align	2
@ %bb.3:
__arm_cp.22_0:
	.long	start_scan_cmd
.Lcpi_end33:
	.size	__arm_cp.22_0, .Lcpi_end33-__arm_cp.22_0
__arm_cp.22_1:
	.long	3343                            @ 0xd0f
.Lcpi_end34:
	.size	__arm_cp.22_1, .Lcpi_end34-__arm_cp.22_1
.Lfunc_end22:
	.size	app_easy_gap_start_scan_get_active, .Lfunc_end22-app_easy_gap_start_scan_get_active
	.cfi_endproc
	.cantunwind
	.fnend
                                        @ -- End function
	.hidden	app_easy_gap_start_scan         @ -- Begin function app_easy_gap_start_scan
	.globl	app_easy_gap_start_scan
	.p2align	2
	.type	app_easy_gap_start_scan,%function
	.code	16                              @ @app_easy_gap_start_scan
	.thumb_func
app_easy_gap_start_scan:
.Lfunc_begin23:
	.loc	4 1133 0 is_stmt 1              @ ../../../../../sdk/app_modules/src/app_common/app.c:1133:0
	.fnstart
	.cfi_startproc
@ %bb.0:
	.save	{r7, lr}
	push	{r7, lr}
	.cfi_def_cfa_offset 8
	.cfi_offset lr, -4
	.cfi_offset r7, -8
.Ltmp182:
	.loc	4 1135 29 prologue_end          @ ../../../../../sdk/app_modules/src/app_common/app.c:1135:29
	bl	app_easy_gap_start_scan_get_active
.Ltmp183:
	@DEBUG_VALUE: app_start_scan_msg_send:cmd <- $r0
	.loc	18 297 5                        @ ./../../../../../sdk/app_modules/api\app_mid.h:297:5
	bl	ke_msg_send
.Ltmp184:
	.loc	4 1136 20                       @ ../../../../../sdk/app_modules/src/app_common/app.c:1136:20
	ldr	r0, __arm_cp.23_0
	movs	r1, #0
	str	r1, [r0]
	movs	r0, #4
	movs	r1, #2
	.loc	4 1153 5                        @ ../../../../../sdk/app_modules/src/app_common/app.c:1153:5
	bl	ke_state_set
.Ltmp185:
	.loc	4 1155 1 epilogue_begin         @ ../../../../../sdk/app_modules/src/app_common/app.c:1155:1
	pop	{r7, pc}
.Ltmp186:
	.loc	4 0 1 is_stmt 0                 @ :0:1
.Ltmp187:
	.p2align	2
@ %bb.1:
__arm_cp.23_0:
	.long	start_scan_cmd
.Lcpi_end35:
	.size	__arm_cp.23_0, .Lcpi_end35-__arm_cp.23_0
.Lfunc_end23:
	.size	app_easy_gap_start_scan, .Lfunc_end23-app_easy_gap_start_scan
	.cfi_endproc
	.cantunwind
	.fnend
                                        @ -- End function
	.hidden	app_easy_gap_scan_stop          @ -- Begin function app_easy_gap_scan_stop
	.globl	app_easy_gap_scan_stop
	.p2align	2
	.type	app_easy_gap_scan_stop,%function
	.code	16                              @ @app_easy_gap_scan_stop
	.thumb_func
app_easy_gap_scan_stop:
.Lfunc_begin24:
	.loc	4 1158 0 is_stmt 1              @ ../../../../../sdk/app_modules/src/app_common/app.c:1158:0
	.fnstart
	.cfi_startproc
@ %bb.0:
	.save	{r7, lr}
	push	{r7, lr}
	.cfi_def_cfa_offset 8
	.cfi_offset lr, -4
	.cfi_offset r7, -8
	ldr	r0, __arm_cp.24_0
	movs	r1, #9
	movs	r2, #4
	movs	r3, #1
.Ltmp188:
	.loc	18 168 35 prologue_end          @ ./../../../../../sdk/app_modules/api\app_mid.h:168:35
	bl	ke_msg_alloc
.Ltmp189:
	@DEBUG_VALUE: app_easy_gap_scan_stop:cmd <- $r0
	@DEBUG_VALUE: app_gapm_cancel_msg_create:cmd <- $r0
	.loc	18 0 35 is_stmt 0               @ ./../../../../../sdk/app_modules/api\app_mid.h:0:35
	movs	r1, #2
	.loc	18 173 20 is_stmt 1             @ ./../../../../../sdk/app_modules/api\app_mid.h:173:20
	strb	r1, [r0]
.Ltmp190:
	@DEBUG_VALUE: app_gapm_cancel_msg_send:cmd <- $r0
	.loc	18 185 5                        @ ./../../../../../sdk/app_modules/api\app_mid.h:185:5
	bl	ke_msg_send
.Ltmp191:
	.loc	4 1164 1 epilogue_begin         @ ../../../../../sdk/app_modules/src/app_common/app.c:1164:1
	pop	{r7, pc}
.Ltmp192:
	.loc	4 0 1 is_stmt 0                 @ :0:1
.Ltmp193:
	.p2align	2
@ %bb.1:
__arm_cp.24_0:
	.long	3331                            @ 0xd03
.Lcpi_end36:
	.size	__arm_cp.24_0, .Lcpi_end36-__arm_cp.24_0
.Lfunc_end24:
	.size	app_easy_gap_scan_stop, .Lfunc_end24-app_easy_gap_scan_stop
	.cfi_endproc
	.cantunwind
	.fnend
                                        @ -- End function
	.hidden	app_easy_gap_dev_config_get_active @ -- Begin function app_easy_gap_dev_config_get_active
	.globl	app_easy_gap_dev_config_get_active
	.p2align	1
	.type	app_easy_gap_dev_config_get_active,%function
	.code	16                              @ @app_easy_gap_dev_config_get_active
	.thumb_func
app_easy_gap_dev_config_get_active:
.Lfunc_begin25:
	.loc	4 1168 0 is_stmt 1              @ ../../../../../sdk/app_modules/src/app_common/app.c:1168:0
	.fnstart
	.cfi_startproc
@ %bb.0:
	.save	{r7, lr}
	push	{r7, lr}
	.cfi_def_cfa_offset 8
	.cfi_offset lr, -4
	.cfi_offset r7, -8
.Ltmp194:
	.loc	4 1169 13 prologue_end          @ ../../../../../sdk/app_modules/src/app_common/app.c:1169:13
	bl	app_easy_gap_dev_config_create_msg
.Ltmp195:
	.loc	4 1169 6 epilogue_begin is_stmt 0 @ ../../../../../sdk/app_modules/src/app_common/app.c:1169:6
	pop	{r7, pc}
.Ltmp196:
.Lfunc_end25:
	.size	app_easy_gap_dev_config_get_active, .Lfunc_end25-app_easy_gap_dev_config_get_active
	.cfi_endproc
	.cantunwind
	.fnend
                                        @ -- End function
	.p2align	2                               @ -- Begin function app_easy_gap_dev_config_create_msg
	.type	app_easy_gap_dev_config_create_msg,%function
	.code	16                              @ @app_easy_gap_dev_config_create_msg
	.thumb_func
app_easy_gap_dev_config_create_msg:
.Lfunc_begin26:
	.loc	4 748 0 is_stmt 1               @ ../../../../../sdk/app_modules/src/app_common/app.c:748:0
	.fnstart
	.cfi_startproc
@ %bb.0:
	.save	{r4, r5, r7, lr}
	push	{r4, r5, r7, lr}
	.cfi_def_cfa_offset 16
	.cfi_offset lr, -4
	.cfi_offset r7, -8
	.cfi_offset r5, -12
	.cfi_offset r4, -16
.Ltmp197:
	.loc	4 750 9 prologue_end            @ ../../../../../sdk/app_modules/src/app_common/app.c:750:9
	ldr	r5, __arm_cp.26_0
	ldr	r4, [r5]
.Ltmp198:
	.loc	4 750 9 is_stmt 0               @ ../../../../../sdk/app_modules/src/app_common/app.c:750:9
	cmp	r4, #0
	bne	.LBB26_6
@ %bb.1:
	.loc	4 0 9                           @ ../../../../../sdk/app_modules/src/app_common/app.c:0:9
	ldr	r0, __arm_cp.26_1
	movs	r1, #9
	movs	r2, #4
	movs	r3, #44
.Ltmp199:
	.loc	18 308 43 is_stmt 1             @ ./../../../../../sdk/app_modules/api\app_mid.h:308:43
	bl	ke_msg_alloc
.Ltmp200:
	mov	r4, r0
.Ltmp201:
	@DEBUG_VALUE: cmd <- $r4
	@DEBUG_VALUE: app_gapm_configure_msg_create:cmd <- $r4
	.loc	4 754 28                        @ ../../../../../sdk/app_modules/src/app_common/app.c:754:28
	str	r0, [r5]
	movs	r0, #23
	.loc	4 757 22                        @ ../../../../../sdk/app_modules/src/app_common/app.c:757:22
	strh	r0, [r4, #32]
	ldr	r0, __arm_cp.26_2
.Ltmp202:
	.loc	18 313 20                       @ ./../../../../../sdk/app_modules/api\app_mid.h:313:20
	strh	r0, [r4]
	movs	r5, #0
.Ltmp203:
	.loc	4 761 24                        @ ../../../../../sdk/app_modules/src/app_common/app.c:761:24
	strh	r5, [r4, #2]
	.loc	4 762 21                        @ ../../../../../sdk/app_modules/src/app_common/app.c:762:21
	mov	r0, r4
	adds	r0, #10
	movs	r1, #17
	.loc	4 762 9 is_stmt 0               @ ../../../../../sdk/app_modules/src/app_common/app.c:762:9
	bl	__aeabi_memclr
.Ltmp204:
	.loc	4 796 22 is_stmt 1              @ ../../../../../sdk/app_modules/src/app_common/app.c:796:22
	strh	r5, [r4, #34]
	.loc	4 795 29                        @ ../../../../../sdk/app_modules/src/app_common/app.c:795:29
	strh	r5, [r4, #30]
	.loc	4 794 28                        @ ../../../../../sdk/app_modules/src/app_common/app.c:794:28
	strh	r5, [r4, #28]
	movs	r0, #32
	.loc	4 793 22                        @ ../../../../../sdk/app_modules/src/app_common/app.c:793:22
	strb	r0, [r4, #27]
	movs	r1, #126
	.loc	4 797 76                        @ ../../../../../sdk/app_modules/src/app_common/app.c:797:76
	ldr	r0, __arm_cp.26_3
	ldrh	r1, [r0, r1]
.Ltmp205:
	@DEBUG_VALUE: co_min:a <- 251
	@DEBUG_VALUE: co_min:b <- [DW_OP_LLVM_convert 16 7, DW_OP_LLVM_convert 32 7, DW_OP_stack_value] $r1
	.file	19 "C:\\Users\\teodor\\Desktop\\stem\\codeless\\6.0.24.1464\\projects\\target_apps\\ble_examples\\empty_peripheral_template\\Keil_5" "./../../../../../sdk/platform/core_modules/common/api\\co_math.h"
	.loc	19 179 12                       @ ./../../../../../sdk/platform/core_modules/common/api\co_math.h:179:12
	cmp	r1, #251
	blo	.LBB26_3
.Ltmp206:
@ %bb.2:
	@DEBUG_VALUE: co_min:b <- [DW_OP_LLVM_convert 16 7, DW_OP_LLVM_convert 32 7, DW_OP_stack_value] $r1
	@DEBUG_VALUE: co_min:a <- 251
	@DEBUG_VALUE: app_gapm_configure_msg_create:cmd <- $r4
	@DEBUG_VALUE: cmd <- $r4
	.loc	19 0 12 is_stmt 0               @ ./../../../../../sdk/platform/core_modules/common/api\co_math.h:0:12
	movs	r1, #251
.Ltmp207:
.LBB26_3:
	@DEBUG_VALUE: cmd <- $r4
	.loc	4 797 27 is_stmt 1              @ ../../../../../sdk/app_modules/src/app_common/app.c:797:27
	strh	r1, [r4, #38]
	movs	r1, #128
	.loc	4 798 72                        @ ../../../../../sdk/app_modules/src/app_common/app.c:798:72
	ldrh	r0, [r0, r1]
	ldr	r1, __arm_cp.26_4
.Ltmp208:
	@DEBUG_VALUE: co_min:a <- 2120
	@DEBUG_VALUE: co_min:b <- [DW_OP_LLVM_convert 16 7, DW_OP_LLVM_convert 32 7, DW_OP_stack_value] $r0
	.loc	19 179 12                       @ ./../../../../../sdk/platform/core_modules/common/api\co_math.h:179:12
	cmp	r0, r1
	blo	.LBB26_5
.Ltmp209:
@ %bb.4:
	@DEBUG_VALUE: co_min:b <- [DW_OP_LLVM_convert 16 7, DW_OP_LLVM_convert 32 7, DW_OP_stack_value] $r0
	@DEBUG_VALUE: co_min:a <- 2120
	@DEBUG_VALUE: cmd <- $r4
	.loc	19 0 12 is_stmt 0               @ ./../../../../../sdk/platform/core_modules/common/api\co_math.h:0:12
	mov	r0, r1
.Ltmp210:
.LBB26_5:
	@DEBUG_VALUE: cmd <- $r4
	.loc	4 798 25 is_stmt 1              @ ../../../../../sdk/app_modules/src/app_common/app.c:798:25
	strh	r0, [r4, #40]
.Ltmp211:
.LBB26_6:
	.loc	4 800 5                         @ ../../../../../sdk/app_modules/src/app_common/app.c:800:5
	mov	r0, r4
	.loc	4 800 5 epilogue_begin is_stmt 0 @ ../../../../../sdk/app_modules/src/app_common/app.c:800:5
	pop	{r4, r5, r7, pc}
.Ltmp212:
	.loc	4 0 5                           @ :0:5
.Ltmp213:
	.p2align	2
@ %bb.7:
__arm_cp.26_0:
	.long	set_dev_config_cmd
.Lcpi_end37:
	.size	__arm_cp.26_0, .Lcpi_end37-__arm_cp.26_0
__arm_cp.26_1:
	.long	3332                            @ 0xd04
.Lcpi_end38:
	.size	__arm_cp.26_1, .Lcpi_end38-__arm_cp.26_1
__arm_cp.26_2:
	.long	2563                            @ 0xa03
.Lcpi_end39:
	.size	__arm_cp.26_2, .Lcpi_end39-__arm_cp.26_2
__arm_cp.26_3:
	.long	llm_le_env
.Lcpi_end40:
	.size	__arm_cp.26_3, .Lcpi_end40-__arm_cp.26_3
__arm_cp.26_4:
	.long	2120                            @ 0x848
.Lcpi_end41:
	.size	__arm_cp.26_4, .Lcpi_end41-__arm_cp.26_4
.Lfunc_end26:
	.size	app_easy_gap_dev_config_create_msg, .Lfunc_end26-app_easy_gap_dev_config_create_msg
	.cfi_endproc
	.cantunwind
	.fnend
                                        @ -- End function
	.hidden	app_easy_gap_dev_configure      @ -- Begin function app_easy_gap_dev_configure
	.globl	app_easy_gap_dev_configure
	.p2align	2
	.type	app_easy_gap_dev_configure,%function
	.code	16                              @ @app_easy_gap_dev_configure
	.thumb_func
app_easy_gap_dev_configure:
.Lfunc_begin27:
	.loc	4 1173 0 is_stmt 1              @ ../../../../../sdk/app_modules/src/app_common/app.c:1173:0
	.fnstart
	.cfi_startproc
@ %bb.0:
	.save	{r7, lr}
	push	{r7, lr}
	.cfi_def_cfa_offset 8
	.cfi_offset lr, -4
	.cfi_offset r7, -8
.Ltmp214:
	.loc	4 1174 43 prologue_end          @ ../../../../../sdk/app_modules/src/app_common/app.c:1174:43
	bl	app_easy_gap_dev_config_create_msg
.Ltmp215:
	@DEBUG_VALUE: app_gapm_configure_msg_send:cmd <- $r0
	@DEBUG_VALUE: app_easy_gap_dev_configure:cmd <- $r0
	.loc	18 326 5                        @ ./../../../../../sdk/app_modules/api\app_mid.h:326:5
	bl	ke_msg_send
.Ltmp216:
	.loc	4 1176 24                       @ ../../../../../sdk/app_modules/src/app_common/app.c:1176:24
	ldr	r0, __arm_cp.27_0
	movs	r1, #0
	str	r1, [r0]
	.loc	4 1177 1 epilogue_begin         @ ../../../../../sdk/app_modules/src/app_common/app.c:1177:1
	pop	{r7, pc}
.Ltmp217:
	.loc	4 0 1 is_stmt 0                 @ :0:1
.Ltmp218:
	.p2align	2
@ %bb.1:
__arm_cp.27_0:
	.long	set_dev_config_cmd
.Lcpi_end42:
	.size	__arm_cp.27_0, .Lcpi_end42-__arm_cp.27_0
.Lfunc_end27:
	.size	app_easy_gap_dev_configure, .Lfunc_end27-app_easy_gap_dev_configure
	.cfi_endproc
	.cantunwind
	.fnend
                                        @ -- End function
	.hidden	app_easy_gap_get_peer_features  @ -- Begin function app_easy_gap_get_peer_features
	.globl	app_easy_gap_get_peer_features
	.p2align	2
	.type	app_easy_gap_get_peer_features,%function
	.code	16                              @ @app_easy_gap_get_peer_features
	.thumb_func
app_easy_gap_get_peer_features:
.Lfunc_begin28:
	.loc	4 1180 0 is_stmt 1              @ ../../../../../sdk/app_modules/src/app_common/app.c:1180:0
	.fnstart
	.cfi_startproc
@ %bb.0:
	@DEBUG_VALUE: app_easy_gap_get_peer_features:conidx <- $r0
	.save	{r4, lr}
	push	{r4, lr}
	.cfi_def_cfa_offset 8
	.cfi_offset lr, -4
	.cfi_offset r4, -8
.Ltmp219:
	.loc	4 1181 37 prologue_end          @ ../../../../../sdk/app_modules/src/app_common/app.c:1181:37
	lsls	r1, r0, #8
	adds	r1, #10
	ldr	r0, __arm_cp.28_0
.Ltmp220:
	@DEBUG_VALUE: app_easy_gap_get_peer_features:conidx <- [DW_OP_LLVM_entry_value 1] $r0
	.loc	4 0 37 is_stmt 0                @ ../../../../../sdk/app_modules/src/app_common/app.c:0:37
	movs	r4, #4
	movs	r3, #1
	.loc	4 1181 37                       @ ../../../../../sdk/app_modules/src/app_common/app.c:1181:37
	mov	r2, r4
	bl	ke_msg_alloc
.Ltmp221:
	@DEBUG_VALUE: app_easy_gap_get_peer_features:pkt <- $r0
	.loc	4 1185 20 is_stmt 1             @ ../../../../../sdk/app_modules/src/app_common/app.c:1185:20
	strb	r4, [r0]
	.loc	4 1186 5                        @ ../../../../../sdk/app_modules/src/app_common/app.c:1186:5
	bl	ke_msg_send
.Ltmp222:
	.loc	4 1187 1 epilogue_begin         @ ../../../../../sdk/app_modules/src/app_common/app.c:1187:1
	pop	{r4, pc}
.Ltmp223:
	.loc	4 0 1 is_stmt 0                 @ :0:1
.Ltmp224:
	.p2align	2
@ %bb.1:
__arm_cp.28_0:
	.long	3589                            @ 0xe05
.Lcpi_end43:
	.size	__arm_cp.28_0, .Lcpi_end43-__arm_cp.28_0
.Lfunc_end28:
	.size	app_easy_gap_get_peer_features, .Lfunc_end28-app_easy_gap_get_peer_features
	.cfi_endproc
	.cantunwind
	.fnend
                                        @ -- End function
	.hidden	prf_funcs                       @ @prf_funcs
	.type	prf_funcs,%object
	.section	.rodata.prf_funcs,"a",%progbits
	.globl	prf_funcs
	.p2align	2, 0x0
prf_funcs:
	.byte	20                              @ 0x14
	.zero	3
	.long	app_diss_create_db
	.long	0
	.byte	255                             @ 0xff
	.zero	3
	.long	0
	.long	0
	.size	prf_funcs, 24

	.type	.L.str,%object                  @ @.str
	.section	.rodata.str1.4,"aMS",%progbits,1
	.p2align	2, 0x0
.L.str:
	.asciz	"DIALOG-TTT"
	.size	.L.str, 11

	.type	TASK_DESC_APP,%object           @ @TASK_DESC_APP
	.section	.rodata.TASK_DESC_APP,"a",%progbits
	.p2align	2, 0x0
TASK_DESC_APP:
	.long	0
	.long	app_default_handler
	.long	app_state
	.short	4                               @ 0x4
	.short	1                               @ 0x1
	.size	TASK_DESC_APP, 16

	.type	adv_cmd,%object                 @ @adv_cmd
	.section	.bss.retention_mem_area0,"aw",%nobits
	.p2align	2, 0x0
adv_cmd:
	.long	0
	.size	adv_cmd, 4

	.type	param_update_cmd,%object        @ @param_update_cmd
	.p2align	2, 0x0
param_update_cmd:
	.zero	4
	.size	param_update_cmd, 4

	.type	start_connection_cmd,%object    @ @start_connection_cmd
	.p2align	2, 0x0
start_connection_cmd:
	.long	0
	.size	start_connection_cmd, 4

	.type	start_scan_cmd,%object          @ @start_scan_cmd
	.p2align	2, 0x0
start_scan_cmd:
	.long	0
	.size	start_scan_cmd, 4

	.type	set_dev_config_cmd,%object      @ @set_dev_config_cmd
	.p2align	2, 0x0
set_dev_config_cmd:
	.long	0
	.size	set_dev_config_cmd, 4

	.hidden	app_prf_srv_perm                @ @app_prf_srv_perm
	.type	app_prf_srv_perm,%object
	.globl	app_prf_srv_perm
app_prf_srv_perm:
	.zero	20
	.size	app_prf_srv_perm, 20

	.type	.L.str.1,%object                @ @.str.1
	.section	.rodata.str1.4,"aMS",%progbits,1
	.p2align	2, 0x0
.L.str.1:
	.asciz	"\003\003\n\030\021\007YZ\b\344\206*\236\217\351\021\274|\230CB\030"
	.size	.L.str.1, 23

	.type	.L_MergedGlobals,%object        @ @_MergedGlobals
	.section	.bss.retention_mem_area0,"aw",%nobits
	.p2align	2, 0x0
.L_MergedGlobals:
	.zero	56
	.size	.L_MergedGlobals, 56

.set app_db_init_next.i, .L_MergedGlobals
	.size	app_db_init_next.i, 1
.set app_db_init_next.j, .L_MergedGlobals+1
	.size	app_db_init_next.j, 1
.set adv_timer_id, .L_MergedGlobals+2
	.size	adv_timer_id, 1
.set adv_timeout_callback, .L_MergedGlobals+4
	.size	adv_timeout_callback, 4
	.globl	app_env
	.hidden	app_env
.set app_env, .L_MergedGlobals+8
	.size	app_env, 12
	.globl	device_info
	.hidden	device_info
.set device_info, .L_MergedGlobals+20
	.size	device_info, 36
	.section	.debug_loc,"",%progbits
.Ldebug_loc0:
	.long	.Lfunc_begin1-.Lfunc_begin0
	.long	.Ltmp10-.Lfunc_begin0
	.short	1                               @ Loc expr size
	.byte	80                              @ DW_OP_reg0
	.long	.Ltmp10-.Lfunc_begin0
	.long	.Ltmp19-.Lfunc_begin0
	.short	1                               @ Loc expr size
	.byte	84                              @ DW_OP_reg4
	.long	0
	.long	0
.Ldebug_loc1:
	.long	.Ltmp11-.Lfunc_begin0
	.long	.Ltmp15-.Lfunc_begin0
	.short	1                               @ Loc expr size
	.byte	85                              @ DW_OP_reg5
	.long	.Ltmp15-.Lfunc_begin0
	.long	.Ltmp16-.Lfunc_begin0
	.short	3                               @ Loc expr size
	.byte	117                             @ DW_OP_breg5
	.byte	1                               @ 1
	.byte	159                             @ DW_OP_stack_value
	.long	.Ltmp17-.Lfunc_begin0
	.long	.Ltmp19-.Lfunc_begin0
	.short	1                               @ Loc expr size
	.byte	85                              @ DW_OP_reg5
	.long	0
	.long	0
.Ldebug_loc2:
	.long	.Ltmp35-.Lfunc_begin0
	.long	.Ltmp37-.Lfunc_begin0
	.short	1                               @ Loc expr size
	.byte	84                              @ DW_OP_reg4
	.long	0
	.long	0
.Ldebug_loc3:
	.long	.Ltmp43-.Lfunc_begin0
	.long	.Ltmp44-.Lfunc_begin0
	.short	1                               @ Loc expr size
	.byte	80                              @ DW_OP_reg0
	.long	0
	.long	0
.Ldebug_loc4:
	.long	.Lfunc_begin6-.Lfunc_begin0
	.long	.Ltmp49-.Lfunc_begin0
	.short	1                               @ Loc expr size
	.byte	80                              @ DW_OP_reg0
	.long	.Ltmp49-.Lfunc_begin0
	.long	.Lfunc_end6-.Lfunc_begin0
	.short	4                               @ Loc expr size
	.byte	243                             @ DW_OP_GNU_entry_value
	.byte	1                               @ 1
	.byte	80                              @ DW_OP_reg0
	.byte	159                             @ DW_OP_stack_value
	.long	0
	.long	0
.Ldebug_loc5:
	.long	.Lfunc_begin7-.Lfunc_begin0
	.long	.Ltmp54-.Lfunc_begin0
	.short	1                               @ Loc expr size
	.byte	80                              @ DW_OP_reg0
	.long	.Ltmp54-.Lfunc_begin0
	.long	.Ltmp70-.Lfunc_begin0
	.short	1                               @ Loc expr size
	.byte	85                              @ DW_OP_reg5
	.long	0
	.long	0
.Ldebug_loc6:
	.long	.Ltmp57-.Lfunc_begin0
	.long	.Ltmp70-.Lfunc_begin0
	.short	1                               @ Loc expr size
	.byte	84                              @ DW_OP_reg4
	.long	0
	.long	0
.Ldebug_loc7:
	.long	.Lfunc_begin8-.Lfunc_begin0
	.long	.Ltmp74-.Lfunc_begin0
	.short	1                               @ Loc expr size
	.byte	80                              @ DW_OP_reg0
	.long	.Ltmp74-.Lfunc_begin0
	.long	.Ltmp77-.Lfunc_begin0
	.short	4                               @ Loc expr size
	.byte	243                             @ DW_OP_GNU_entry_value
	.byte	1                               @ 1
	.byte	80                              @ DW_OP_reg0
	.byte	159                             @ DW_OP_stack_value
	.long	0
	.long	0
.Ldebug_loc8:
	.long	.Ltmp74-.Lfunc_begin0
	.long	.Ltmp75-.Lfunc_begin0
	.short	1                               @ Loc expr size
	.byte	80                              @ DW_OP_reg0
	.long	0
	.long	0
.Ldebug_loc9:
	.long	.Ltmp86-.Lfunc_begin0
	.long	.Ltmp88-.Lfunc_begin0
	.short	1                               @ Loc expr size
	.byte	84                              @ DW_OP_reg4
	.long	0
	.long	0
.Ldebug_loc10:
	.long	.Ltmp94-.Lfunc_begin0
	.long	.Ltmp95-.Lfunc_begin0
	.short	1                               @ Loc expr size
	.byte	80                              @ DW_OP_reg0
	.long	0
	.long	0
.Ldebug_loc11:
	.long	.Ltmp96-.Lfunc_begin0
	.long	.Ltmp98-.Lfunc_begin0
	.short	1                               @ Loc expr size
	.byte	80                              @ DW_OP_reg0
	.long	0
	.long	0
.Ldebug_loc12:
	.long	.Lfunc_begin12-.Lfunc_begin0
	.long	.Ltmp104-.Lfunc_begin0
	.short	1                               @ Loc expr size
	.byte	80                              @ DW_OP_reg0
	.long	.Ltmp104-.Lfunc_begin0
	.long	.Ltmp112-.Lfunc_begin0
	.short	1                               @ Loc expr size
	.byte	84                              @ DW_OP_reg4
	.long	0
	.long	0
.Ldebug_loc13:
	.long	.Lfunc_begin12-.Lfunc_begin0
	.long	.Ltmp103-.Lfunc_begin0
	.short	1                               @ Loc expr size
	.byte	81                              @ DW_OP_reg1
	.long	.Ltmp103-.Lfunc_begin0
	.long	.Ltmp112-.Lfunc_begin0
	.short	1                               @ Loc expr size
	.byte	85                              @ DW_OP_reg5
	.long	0
	.long	0
.Ldebug_loc14:
	.long	.Ltmp118-.Lfunc_begin0
	.long	.Ltmp119-.Lfunc_begin0
	.short	1                               @ Loc expr size
	.byte	81                              @ DW_OP_reg1
	.long	0
	.long	0
.Ldebug_loc15:
	.long	.Lfunc_begin15-.Lfunc_begin0
	.long	.Ltmp129-.Lfunc_begin0
	.short	1                               @ Loc expr size
	.byte	80                              @ DW_OP_reg0
	.long	.Ltmp129-.Lfunc_begin0
	.long	.Lfunc_end15-.Lfunc_begin0
	.short	4                               @ Loc expr size
	.byte	243                             @ DW_OP_GNU_entry_value
	.byte	1                               @ 1
	.byte	80                              @ DW_OP_reg0
	.byte	159                             @ DW_OP_stack_value
	.long	0
	.long	0
.Ldebug_loc16:
	.long	.Lfunc_begin16-.Lfunc_begin0
	.long	.Ltmp131-.Lfunc_begin0
	.short	1                               @ Loc expr size
	.byte	80                              @ DW_OP_reg0
	.long	.Ltmp131-.Lfunc_begin0
	.long	.Ltmp138-.Lfunc_begin0
	.short	1                               @ Loc expr size
	.byte	81                              @ DW_OP_reg1
	.long	0
	.long	0
.Ldebug_loc17:
	.long	.Ltmp137-.Lfunc_begin0
	.long	.Ltmp138-.Lfunc_begin0
	.short	1                               @ Loc expr size
	.byte	81                              @ DW_OP_reg1
	.long	0
	.long	0
.Ldebug_loc18:
	.long	.Ltmp139-.Lfunc_begin0
	.long	.Ltmp142-.Lfunc_begin0
	.short	1                               @ Loc expr size
	.byte	80                              @ DW_OP_reg0
	.long	0
	.long	0
.Ldebug_loc19:
	.long	.Ltmp139-.Lfunc_begin0
	.long	.Ltmp142-.Lfunc_begin0
	.short	1                               @ Loc expr size
	.byte	80                              @ DW_OP_reg0
	.long	0
	.long	0
.Ldebug_loc20:
	.long	.Lfunc_begin17-.Lfunc_begin0
	.long	.Ltmp144-.Lfunc_begin0
	.short	1                               @ Loc expr size
	.byte	80                              @ DW_OP_reg0
	.long	.Ltmp144-.Lfunc_begin0
	.long	.Ltmp147-.Lfunc_begin0
	.short	1                               @ Loc expr size
	.byte	84                              @ DW_OP_reg4
	.long	0
	.long	0
.Ldebug_loc21:
	.long	.Ltmp145-.Lfunc_begin0
	.long	.Ltmp146-.Lfunc_begin0
	.short	1                               @ Loc expr size
	.byte	80                              @ DW_OP_reg0
	.long	0
	.long	0
.Ldebug_loc22:
	.long	.Ltmp155-.Lfunc_begin0
	.long	.Ltmp159-.Lfunc_begin0
	.short	1                               @ Loc expr size
	.byte	80                              @ DW_OP_reg0
	.long	0
	.long	0
.Ldebug_loc23:
	.long	.Lfunc_begin20-.Lfunc_begin0
	.long	.Ltmp163-.Lfunc_begin0
	.short	1                               @ Loc expr size
	.byte	80                              @ DW_OP_reg0
	.long	.Ltmp163-.Lfunc_begin0
	.long	.Ltmp168-.Lfunc_begin0
	.short	1                               @ Loc expr size
	.byte	86                              @ DW_OP_reg6
	.long	0
	.long	0
.Ldebug_loc24:
	.long	.Lfunc_begin20-.Lfunc_begin0
	.long	.Ltmp162-.Lfunc_begin0
	.short	1                               @ Loc expr size
	.byte	81                              @ DW_OP_reg1
	.long	.Ltmp162-.Lfunc_begin0
	.long	.Ltmp166-.Lfunc_begin0
	.short	1                               @ Loc expr size
	.byte	85                              @ DW_OP_reg5
	.long	.Ltmp166-.Lfunc_begin0
	.long	.Ltmp167-.Lfunc_begin0
	.short	1                               @ Loc expr size
	.byte	81                              @ DW_OP_reg1
	.long	0
	.long	0
.Ldebug_loc25:
	.long	.Lfunc_begin20-.Lfunc_begin0
	.long	.Ltmp161-.Lfunc_begin0
	.short	1                               @ Loc expr size
	.byte	82                              @ DW_OP_reg2
	.long	.Ltmp161-.Lfunc_begin0
	.long	.Ltmp168-.Lfunc_begin0
	.short	1                               @ Loc expr size
	.byte	84                              @ DW_OP_reg4
	.long	0
	.long	0
.Ldebug_loc26:
	.long	.Ltmp165-.Lfunc_begin0
	.long	.Ltmp168-.Lfunc_begin0
	.short	1                               @ Loc expr size
	.byte	87                              @ DW_OP_reg7
	.long	0
	.long	0
.Ldebug_loc27:
	.long	.Ltmp170-.Lfunc_begin0
	.long	.Ltmp171-.Lfunc_begin0
	.short	1                               @ Loc expr size
	.byte	80                              @ DW_OP_reg0
	.long	0
	.long	0
.Ldebug_loc28:
	.long	.Ltmp178-.Lfunc_begin0
	.long	.Ltmp180-.Lfunc_begin0
	.short	1                               @ Loc expr size
	.byte	80                              @ DW_OP_reg0
	.long	0
	.long	0
.Ldebug_loc29:
	.long	.Ltmp189-.Lfunc_begin0
	.long	.Ltmp191-.Lfunc_begin0
	.short	1                               @ Loc expr size
	.byte	80                              @ DW_OP_reg0
	.long	0
	.long	0
.Ldebug_loc30:
	.long	.Ltmp189-.Lfunc_begin0
	.long	.Ltmp191-.Lfunc_begin0
	.short	1                               @ Loc expr size
	.byte	80                              @ DW_OP_reg0
	.long	0
	.long	0
.Ldebug_loc31:
	.long	.Ltmp201-.Lfunc_begin0
	.long	.Ltmp211-.Lfunc_begin0
	.short	1                               @ Loc expr size
	.byte	84                              @ DW_OP_reg4
	.long	0
	.long	0
.Ldebug_loc32:
	.long	.Ltmp201-.Lfunc_begin0
	.long	.Ltmp206-.Lfunc_begin0
	.short	1                               @ Loc expr size
	.byte	84                              @ DW_OP_reg4
	.long	0
	.long	0
.Ldebug_loc33:
	.long	.Ltmp215-.Lfunc_begin0
	.long	.Ltmp216-.Lfunc_begin0
	.short	1                               @ Loc expr size
	.byte	80                              @ DW_OP_reg0
	.long	0
	.long	0
.Ldebug_loc34:
	.long	.Lfunc_begin28-.Lfunc_begin0
	.long	.Ltmp220-.Lfunc_begin0
	.short	1                               @ Loc expr size
	.byte	80                              @ DW_OP_reg0
	.long	.Ltmp220-.Lfunc_begin0
	.long	.Ltmp223-.Lfunc_begin0
	.short	4                               @ Loc expr size
	.byte	243                             @ DW_OP_GNU_entry_value
	.byte	1                               @ 1
	.byte	80                              @ DW_OP_reg0
	.byte	159                             @ DW_OP_stack_value
	.long	0
	.long	0
.Ldebug_loc35:
	.long	.Ltmp221-.Lfunc_begin0
	.long	.Ltmp222-.Lfunc_begin0
	.short	1                               @ Loc expr size
	.byte	80                              @ DW_OP_reg0
	.long	0
	.long	0
	.section	.debug_abbrev,"",%progbits
	.byte	1                               @ Abbreviation Code
	.byte	17                              @ DW_TAG_compile_unit
	.byte	1                               @ DW_CHILDREN_yes
	.byte	37                              @ DW_AT_producer
	.byte	14                              @ DW_FORM_strp
	.byte	19                              @ DW_AT_language
	.byte	5                               @ DW_FORM_data2
	.byte	3                               @ DW_AT_name
	.byte	14                              @ DW_FORM_strp
	.byte	16                              @ DW_AT_stmt_list
	.byte	23                              @ DW_FORM_sec_offset
	.byte	27                              @ DW_AT_comp_dir
	.byte	14                              @ DW_FORM_strp
	.byte	17                              @ DW_AT_low_pc
	.byte	1                               @ DW_FORM_addr
	.byte	18                              @ DW_AT_high_pc
	.byte	6                               @ DW_FORM_data4
	.byte	0                               @ EOM(1)
	.byte	0                               @ EOM(2)
	.byte	2                               @ Abbreviation Code
	.byte	52                              @ DW_TAG_variable
	.byte	0                               @ DW_CHILDREN_no
	.byte	3                               @ DW_AT_name
	.byte	14                              @ DW_FORM_strp
	.byte	73                              @ DW_AT_type
	.byte	19                              @ DW_FORM_ref4
	.byte	63                              @ DW_AT_external
	.byte	25                              @ DW_FORM_flag_present
	.byte	58                              @ DW_AT_decl_file
	.byte	11                              @ DW_FORM_data1
	.byte	59                              @ DW_AT_decl_line
	.byte	11                              @ DW_FORM_data1
	.byte	2                               @ DW_AT_location
	.byte	24                              @ DW_FORM_exprloc
	.byte	0                               @ EOM(1)
	.byte	0                               @ EOM(2)
	.byte	3                               @ Abbreviation Code
	.byte	1                               @ DW_TAG_array_type
	.byte	1                               @ DW_CHILDREN_yes
	.byte	73                              @ DW_AT_type
	.byte	19                              @ DW_FORM_ref4
	.byte	0                               @ EOM(1)
	.byte	0                               @ EOM(2)
	.byte	4                               @ Abbreviation Code
	.byte	33                              @ DW_TAG_subrange_type
	.byte	0                               @ DW_CHILDREN_no
	.byte	73                              @ DW_AT_type
	.byte	19                              @ DW_FORM_ref4
	.byte	55                              @ DW_AT_count
	.byte	11                              @ DW_FORM_data1
	.byte	0                               @ EOM(1)
	.byte	0                               @ EOM(2)
	.byte	5                               @ Abbreviation Code
	.byte	38                              @ DW_TAG_const_type
	.byte	0                               @ DW_CHILDREN_no
	.byte	73                              @ DW_AT_type
	.byte	19                              @ DW_FORM_ref4
	.byte	0                               @ EOM(1)
	.byte	0                               @ EOM(2)
	.byte	6                               @ Abbreviation Code
	.byte	19                              @ DW_TAG_structure_type
	.byte	1                               @ DW_CHILDREN_yes
	.byte	3                               @ DW_AT_name
	.byte	14                              @ DW_FORM_strp
	.byte	11                              @ DW_AT_byte_size
	.byte	11                              @ DW_FORM_data1
	.byte	58                              @ DW_AT_decl_file
	.byte	11                              @ DW_FORM_data1
	.byte	59                              @ DW_AT_decl_line
	.byte	11                              @ DW_FORM_data1
	.byte	0                               @ EOM(1)
	.byte	0                               @ EOM(2)
	.byte	7                               @ Abbreviation Code
	.byte	13                              @ DW_TAG_member
	.byte	0                               @ DW_CHILDREN_no
	.byte	3                               @ DW_AT_name
	.byte	14                              @ DW_FORM_strp
	.byte	73                              @ DW_AT_type
	.byte	19                              @ DW_FORM_ref4
	.byte	58                              @ DW_AT_decl_file
	.byte	11                              @ DW_FORM_data1
	.byte	59                              @ DW_AT_decl_line
	.byte	11                              @ DW_FORM_data1
	.byte	56                              @ DW_AT_data_member_location
	.byte	11                              @ DW_FORM_data1
	.byte	0                               @ EOM(1)
	.byte	0                               @ EOM(2)
	.byte	8                               @ Abbreviation Code
	.byte	4                               @ DW_TAG_enumeration_type
	.byte	1                               @ DW_CHILDREN_yes
	.byte	73                              @ DW_AT_type
	.byte	19                              @ DW_FORM_ref4
	.byte	3                               @ DW_AT_name
	.byte	14                              @ DW_FORM_strp
	.byte	11                              @ DW_AT_byte_size
	.byte	11                              @ DW_FORM_data1
	.byte	58                              @ DW_AT_decl_file
	.byte	11                              @ DW_FORM_data1
	.byte	59                              @ DW_AT_decl_line
	.byte	5                               @ DW_FORM_data2
	.byte	0                               @ EOM(1)
	.byte	0                               @ EOM(2)
	.byte	9                               @ Abbreviation Code
	.byte	40                              @ DW_TAG_enumerator
	.byte	0                               @ DW_CHILDREN_no
	.byte	3                               @ DW_AT_name
	.byte	14                              @ DW_FORM_strp
	.byte	28                              @ DW_AT_const_value
	.byte	15                              @ DW_FORM_udata
	.byte	0                               @ EOM(1)
	.byte	0                               @ EOM(2)
	.byte	10                              @ Abbreviation Code
	.byte	36                              @ DW_TAG_base_type
	.byte	0                               @ DW_CHILDREN_no
	.byte	3                               @ DW_AT_name
	.byte	14                              @ DW_FORM_strp
	.byte	62                              @ DW_AT_encoding
	.byte	11                              @ DW_FORM_data1
	.byte	11                              @ DW_AT_byte_size
	.byte	11                              @ DW_FORM_data1
	.byte	0                               @ EOM(1)
	.byte	0                               @ EOM(2)
	.byte	11                              @ Abbreviation Code
	.byte	22                              @ DW_TAG_typedef
	.byte	0                               @ DW_CHILDREN_no
	.byte	73                              @ DW_AT_type
	.byte	19                              @ DW_FORM_ref4
	.byte	3                               @ DW_AT_name
	.byte	14                              @ DW_FORM_strp
	.byte	58                              @ DW_AT_decl_file
	.byte	11                              @ DW_FORM_data1
	.byte	59                              @ DW_AT_decl_line
	.byte	11                              @ DW_FORM_data1
	.byte	0                               @ EOM(1)
	.byte	0                               @ EOM(2)
	.byte	12                              @ Abbreviation Code
	.byte	15                              @ DW_TAG_pointer_type
	.byte	0                               @ DW_CHILDREN_no
	.byte	73                              @ DW_AT_type
	.byte	19                              @ DW_FORM_ref4
	.byte	0                               @ EOM(1)
	.byte	0                               @ EOM(2)
	.byte	13                              @ Abbreviation Code
	.byte	21                              @ DW_TAG_subroutine_type
	.byte	0                               @ DW_CHILDREN_no
	.byte	39                              @ DW_AT_prototyped
	.byte	25                              @ DW_FORM_flag_present
	.byte	0                               @ EOM(1)
	.byte	0                               @ EOM(2)
	.byte	14                              @ Abbreviation Code
	.byte	21                              @ DW_TAG_subroutine_type
	.byte	1                               @ DW_CHILDREN_yes
	.byte	39                              @ DW_AT_prototyped
	.byte	25                              @ DW_FORM_flag_present
	.byte	0                               @ EOM(1)
	.byte	0                               @ EOM(2)
	.byte	15                              @ Abbreviation Code
	.byte	5                               @ DW_TAG_formal_parameter
	.byte	0                               @ DW_CHILDREN_no
	.byte	73                              @ DW_AT_type
	.byte	19                              @ DW_FORM_ref4
	.byte	0                               @ EOM(1)
	.byte	0                               @ EOM(2)
	.byte	16                              @ Abbreviation Code
	.byte	36                              @ DW_TAG_base_type
	.byte	0                               @ DW_CHILDREN_no
	.byte	3                               @ DW_AT_name
	.byte	14                              @ DW_FORM_strp
	.byte	11                              @ DW_AT_byte_size
	.byte	11                              @ DW_FORM_data1
	.byte	62                              @ DW_AT_encoding
	.byte	11                              @ DW_FORM_data1
	.byte	0                               @ EOM(1)
	.byte	0                               @ EOM(2)
	.byte	17                              @ Abbreviation Code
	.byte	46                              @ DW_TAG_subprogram
	.byte	1                               @ DW_CHILDREN_yes
	.byte	17                              @ DW_AT_low_pc
	.byte	1                               @ DW_FORM_addr
	.byte	18                              @ DW_AT_high_pc
	.byte	6                               @ DW_FORM_data4
	.byte	64                              @ DW_AT_frame_base
	.byte	24                              @ DW_FORM_exprloc
	.ascii	"\227B"                         @ DW_AT_GNU_all_call_sites
	.byte	25                              @ DW_FORM_flag_present
	.byte	3                               @ DW_AT_name
	.byte	14                              @ DW_FORM_strp
	.byte	58                              @ DW_AT_decl_file
	.byte	11                              @ DW_FORM_data1
	.byte	59                              @ DW_AT_decl_line
	.byte	11                              @ DW_FORM_data1
	.byte	39                              @ DW_AT_prototyped
	.byte	25                              @ DW_FORM_flag_present
	.byte	73                              @ DW_AT_type
	.byte	19                              @ DW_FORM_ref4
	.byte	63                              @ DW_AT_external
	.byte	25                              @ DW_FORM_flag_present
	.byte	0                               @ EOM(1)
	.byte	0                               @ EOM(2)
	.byte	18                              @ Abbreviation Code
	.byte	52                              @ DW_TAG_variable
	.byte	0                               @ DW_CHILDREN_no
	.byte	3                               @ DW_AT_name
	.byte	14                              @ DW_FORM_strp
	.byte	73                              @ DW_AT_type
	.byte	19                              @ DW_FORM_ref4
	.byte	58                              @ DW_AT_decl_file
	.byte	11                              @ DW_FORM_data1
	.byte	59                              @ DW_AT_decl_line
	.byte	11                              @ DW_FORM_data1
	.byte	2                               @ DW_AT_location
	.byte	24                              @ DW_FORM_exprloc
	.byte	0                               @ EOM(1)
	.byte	0                               @ EOM(2)
	.byte	19                              @ Abbreviation Code
	.byte	52                              @ DW_TAG_variable
	.byte	0                               @ DW_CHILDREN_no
	.byte	3                               @ DW_AT_name
	.byte	14                              @ DW_FORM_strp
	.byte	73                              @ DW_AT_type
	.byte	19                              @ DW_FORM_ref4
	.byte	58                              @ DW_AT_decl_file
	.byte	11                              @ DW_FORM_data1
	.byte	59                              @ DW_AT_decl_line
	.byte	11                              @ DW_FORM_data1
	.byte	28                              @ DW_AT_const_value
	.byte	15                              @ DW_FORM_udata
	.byte	0                               @ EOM(1)
	.byte	0                               @ EOM(2)
	.byte	20                              @ Abbreviation Code
	.byte	52                              @ DW_TAG_variable
	.byte	0                               @ DW_CHILDREN_no
	.byte	3                               @ DW_AT_name
	.byte	14                              @ DW_FORM_strp
	.byte	73                              @ DW_AT_type
	.byte	19                              @ DW_FORM_ref4
	.byte	58                              @ DW_AT_decl_file
	.byte	11                              @ DW_FORM_data1
	.byte	59                              @ DW_AT_decl_line
	.byte	5                               @ DW_FORM_data2
	.byte	2                               @ DW_AT_location
	.byte	24                              @ DW_FORM_exprloc
	.byte	0                               @ EOM(1)
	.byte	0                               @ EOM(2)
	.byte	21                              @ Abbreviation Code
	.byte	52                              @ DW_TAG_variable
	.byte	0                               @ DW_CHILDREN_no
	.byte	73                              @ DW_AT_type
	.byte	19                              @ DW_FORM_ref4
	.byte	58                              @ DW_AT_decl_file
	.byte	11                              @ DW_FORM_data1
	.byte	59                              @ DW_AT_decl_line
	.byte	5                               @ DW_FORM_data2
	.byte	2                               @ DW_AT_location
	.byte	24                              @ DW_FORM_exprloc
	.byte	0                               @ EOM(1)
	.byte	0                               @ EOM(2)
	.byte	22                              @ Abbreviation Code
	.byte	13                              @ DW_TAG_member
	.byte	0                               @ DW_CHILDREN_no
	.byte	3                               @ DW_AT_name
	.byte	14                              @ DW_FORM_strp
	.byte	73                              @ DW_AT_type
	.byte	19                              @ DW_FORM_ref4
	.byte	58                              @ DW_AT_decl_file
	.byte	11                              @ DW_FORM_data1
	.byte	59                              @ DW_AT_decl_line
	.byte	5                               @ DW_FORM_data2
	.byte	56                              @ DW_AT_data_member_location
	.byte	11                              @ DW_FORM_data1
	.byte	0                               @ EOM(1)
	.byte	0                               @ EOM(2)
	.byte	23                              @ Abbreviation Code
	.byte	19                              @ DW_TAG_structure_type
	.byte	1                               @ DW_CHILDREN_yes
	.byte	3                               @ DW_AT_name
	.byte	14                              @ DW_FORM_strp
	.byte	11                              @ DW_AT_byte_size
	.byte	11                              @ DW_FORM_data1
	.byte	58                              @ DW_AT_decl_file
	.byte	11                              @ DW_FORM_data1
	.byte	59                              @ DW_AT_decl_line
	.byte	5                               @ DW_FORM_data2
	.byte	0                               @ EOM(1)
	.byte	0                               @ EOM(2)
	.byte	24                              @ Abbreviation Code
	.byte	4                               @ DW_TAG_enumeration_type
	.byte	1                               @ DW_CHILDREN_yes
	.byte	73                              @ DW_AT_type
	.byte	19                              @ DW_FORM_ref4
	.byte	3                               @ DW_AT_name
	.byte	14                              @ DW_FORM_strp
	.byte	11                              @ DW_AT_byte_size
	.byte	11                              @ DW_FORM_data1
	.byte	58                              @ DW_AT_decl_file
	.byte	11                              @ DW_FORM_data1
	.byte	59                              @ DW_AT_decl_line
	.byte	11                              @ DW_FORM_data1
	.byte	0                               @ EOM(1)
	.byte	0                               @ EOM(2)
	.byte	25                              @ Abbreviation Code
	.byte	23                              @ DW_TAG_union_type
	.byte	1                               @ DW_CHILDREN_yes
	.byte	3                               @ DW_AT_name
	.byte	14                              @ DW_FORM_strp
	.byte	11                              @ DW_AT_byte_size
	.byte	11                              @ DW_FORM_data1
	.byte	58                              @ DW_AT_decl_file
	.byte	11                              @ DW_FORM_data1
	.byte	59                              @ DW_AT_decl_line
	.byte	5                               @ DW_FORM_data2
	.byte	0                               @ EOM(1)
	.byte	0                               @ EOM(2)
	.byte	26                              @ Abbreviation Code
	.byte	33                              @ DW_TAG_subrange_type
	.byte	0                               @ DW_CHILDREN_no
	.byte	73                              @ DW_AT_type
	.byte	19                              @ DW_FORM_ref4
	.byte	0                               @ EOM(1)
	.byte	0                               @ EOM(2)
	.byte	27                              @ Abbreviation Code
	.byte	52                              @ DW_TAG_variable
	.byte	0                               @ DW_CHILDREN_no
	.byte	3                               @ DW_AT_name
	.byte	14                              @ DW_FORM_strp
	.byte	73                              @ DW_AT_type
	.byte	19                              @ DW_FORM_ref4
	.byte	58                              @ DW_AT_decl_file
	.byte	11                              @ DW_FORM_data1
	.byte	59                              @ DW_AT_decl_line
	.byte	11                              @ DW_FORM_data1
	.byte	0                               @ EOM(1)
	.byte	0                               @ EOM(2)
	.byte	28                              @ Abbreviation Code
	.byte	21                              @ DW_TAG_subroutine_type
	.byte	1                               @ DW_CHILDREN_yes
	.byte	73                              @ DW_AT_type
	.byte	19                              @ DW_FORM_ref4
	.byte	39                              @ DW_AT_prototyped
	.byte	25                              @ DW_FORM_flag_present
	.byte	0                               @ EOM(1)
	.byte	0                               @ EOM(2)
	.byte	29                              @ Abbreviation Code
	.byte	38                              @ DW_TAG_const_type
	.byte	0                               @ DW_CHILDREN_no
	.byte	0                               @ EOM(1)
	.byte	0                               @ EOM(2)
	.byte	30                              @ Abbreviation Code
	.byte	52                              @ DW_TAG_variable
	.byte	0                               @ DW_CHILDREN_no
	.byte	73                              @ DW_AT_type
	.byte	19                              @ DW_FORM_ref4
	.byte	58                              @ DW_AT_decl_file
	.byte	11                              @ DW_FORM_data1
	.byte	59                              @ DW_AT_decl_line
	.byte	5                               @ DW_FORM_data2
	.byte	0                               @ EOM(1)
	.byte	0                               @ EOM(2)
	.byte	31                              @ Abbreviation Code
	.byte	52                              @ DW_TAG_variable
	.byte	0                               @ DW_CHILDREN_no
	.byte	3                               @ DW_AT_name
	.byte	14                              @ DW_FORM_strp
	.byte	73                              @ DW_AT_type
	.byte	19                              @ DW_FORM_ref4
	.byte	58                              @ DW_AT_decl_file
	.byte	11                              @ DW_FORM_data1
	.byte	59                              @ DW_AT_decl_line
	.byte	5                               @ DW_FORM_data2
	.byte	0                               @ EOM(1)
	.byte	0                               @ EOM(2)
	.byte	32                              @ Abbreviation Code
	.byte	15                              @ DW_TAG_pointer_type
	.byte	0                               @ DW_CHILDREN_no
	.byte	0                               @ EOM(1)
	.byte	0                               @ EOM(2)
	.byte	33                              @ Abbreviation Code
	.byte	46                              @ DW_TAG_subprogram
	.byte	1                               @ DW_CHILDREN_yes
	.byte	17                              @ DW_AT_low_pc
	.byte	1                               @ DW_FORM_addr
	.byte	18                              @ DW_AT_high_pc
	.byte	6                               @ DW_FORM_data4
	.byte	64                              @ DW_AT_frame_base
	.byte	24                              @ DW_FORM_exprloc
	.ascii	"\227B"                         @ DW_AT_GNU_all_call_sites
	.byte	25                              @ DW_FORM_flag_present
	.byte	3                               @ DW_AT_name
	.byte	14                              @ DW_FORM_strp
	.byte	58                              @ DW_AT_decl_file
	.byte	11                              @ DW_FORM_data1
	.byte	59                              @ DW_AT_decl_line
	.byte	5                               @ DW_FORM_data2
	.byte	39                              @ DW_AT_prototyped
	.byte	25                              @ DW_FORM_flag_present
	.byte	63                              @ DW_AT_external
	.byte	25                              @ DW_FORM_flag_present
	.byte	0                               @ EOM(1)
	.byte	0                               @ EOM(2)
	.byte	34                              @ Abbreviation Code
	.byte	5                               @ DW_TAG_formal_parameter
	.byte	0                               @ DW_CHILDREN_no
	.byte	2                               @ DW_AT_location
	.byte	23                              @ DW_FORM_sec_offset
	.byte	3                               @ DW_AT_name
	.byte	14                              @ DW_FORM_strp
	.byte	58                              @ DW_AT_decl_file
	.byte	11                              @ DW_FORM_data1
	.byte	59                              @ DW_AT_decl_line
	.byte	5                               @ DW_FORM_data2
	.byte	73                              @ DW_AT_type
	.byte	19                              @ DW_FORM_ref4
	.byte	0                               @ EOM(1)
	.byte	0                               @ EOM(2)
	.byte	35                              @ Abbreviation Code
	.byte	52                              @ DW_TAG_variable
	.byte	0                               @ DW_CHILDREN_no
	.byte	2                               @ DW_AT_location
	.byte	23                              @ DW_FORM_sec_offset
	.byte	3                               @ DW_AT_name
	.byte	14                              @ DW_FORM_strp
	.byte	58                              @ DW_AT_decl_file
	.byte	11                              @ DW_FORM_data1
	.byte	59                              @ DW_AT_decl_line
	.byte	5                               @ DW_FORM_data2
	.byte	73                              @ DW_AT_type
	.byte	19                              @ DW_FORM_ref4
	.byte	0                               @ EOM(1)
	.byte	0                               @ EOM(2)
	.byte	36                              @ Abbreviation Code
	.byte	11                              @ DW_TAG_lexical_block
	.byte	1                               @ DW_CHILDREN_yes
	.byte	17                              @ DW_AT_low_pc
	.byte	1                               @ DW_FORM_addr
	.byte	18                              @ DW_AT_high_pc
	.byte	6                               @ DW_FORM_data4
	.byte	0                               @ EOM(1)
	.byte	0                               @ EOM(2)
	.byte	37                              @ Abbreviation Code
	.byte	52                              @ DW_TAG_variable
	.byte	0                               @ DW_CHILDREN_no
	.byte	3                               @ DW_AT_name
	.byte	14                              @ DW_FORM_strp
	.byte	58                              @ DW_AT_decl_file
	.byte	11                              @ DW_FORM_data1
	.byte	59                              @ DW_AT_decl_line
	.byte	5                               @ DW_FORM_data2
	.byte	73                              @ DW_AT_type
	.byte	19                              @ DW_FORM_ref4
	.byte	0                               @ EOM(1)
	.byte	0                               @ EOM(2)
	.byte	38                              @ Abbreviation Code
	.byte	46                              @ DW_TAG_subprogram
	.byte	0                               @ DW_CHILDREN_no
	.byte	17                              @ DW_AT_low_pc
	.byte	1                               @ DW_FORM_addr
	.byte	18                              @ DW_AT_high_pc
	.byte	6                               @ DW_FORM_data4
	.byte	64                              @ DW_AT_frame_base
	.byte	24                              @ DW_FORM_exprloc
	.ascii	"\227B"                         @ DW_AT_GNU_all_call_sites
	.byte	25                              @ DW_FORM_flag_present
	.byte	3                               @ DW_AT_name
	.byte	14                              @ DW_FORM_strp
	.byte	58                              @ DW_AT_decl_file
	.byte	11                              @ DW_FORM_data1
	.byte	59                              @ DW_AT_decl_line
	.byte	5                               @ DW_FORM_data2
	.byte	39                              @ DW_AT_prototyped
	.byte	25                              @ DW_FORM_flag_present
	.byte	73                              @ DW_AT_type
	.byte	19                              @ DW_FORM_ref4
	.byte	63                              @ DW_AT_external
	.byte	25                              @ DW_FORM_flag_present
	.byte	0                               @ EOM(1)
	.byte	0                               @ EOM(2)
	.byte	39                              @ Abbreviation Code
	.byte	46                              @ DW_TAG_subprogram
	.byte	1                               @ DW_CHILDREN_yes
	.byte	3                               @ DW_AT_name
	.byte	14                              @ DW_FORM_strp
	.byte	58                              @ DW_AT_decl_file
	.byte	11                              @ DW_FORM_data1
	.byte	59                              @ DW_AT_decl_line
	.byte	11                              @ DW_FORM_data1
	.byte	39                              @ DW_AT_prototyped
	.byte	25                              @ DW_FORM_flag_present
	.byte	73                              @ DW_AT_type
	.byte	19                              @ DW_FORM_ref4
	.byte	32                              @ DW_AT_inline
	.byte	11                              @ DW_FORM_data1
	.byte	0                               @ EOM(1)
	.byte	0                               @ EOM(2)
	.byte	40                              @ Abbreviation Code
	.byte	52                              @ DW_TAG_variable
	.byte	0                               @ DW_CHILDREN_no
	.byte	3                               @ DW_AT_name
	.byte	14                              @ DW_FORM_strp
	.byte	58                              @ DW_AT_decl_file
	.byte	11                              @ DW_FORM_data1
	.byte	59                              @ DW_AT_decl_line
	.byte	11                              @ DW_FORM_data1
	.byte	73                              @ DW_AT_type
	.byte	19                              @ DW_FORM_ref4
	.byte	0                               @ EOM(1)
	.byte	0                               @ EOM(2)
	.byte	41                              @ Abbreviation Code
	.byte	46                              @ DW_TAG_subprogram
	.byte	1                               @ DW_CHILDREN_yes
	.byte	17                              @ DW_AT_low_pc
	.byte	1                               @ DW_FORM_addr
	.byte	18                              @ DW_AT_high_pc
	.byte	6                               @ DW_FORM_data4
	.byte	64                              @ DW_AT_frame_base
	.byte	24                              @ DW_FORM_exprloc
	.ascii	"\227B"                         @ DW_AT_GNU_all_call_sites
	.byte	25                              @ DW_FORM_flag_present
	.byte	3                               @ DW_AT_name
	.byte	14                              @ DW_FORM_strp
	.byte	58                              @ DW_AT_decl_file
	.byte	11                              @ DW_FORM_data1
	.byte	59                              @ DW_AT_decl_line
	.byte	5                               @ DW_FORM_data2
	.byte	39                              @ DW_AT_prototyped
	.byte	25                              @ DW_FORM_flag_present
	.byte	73                              @ DW_AT_type
	.byte	19                              @ DW_FORM_ref4
	.byte	0                               @ EOM(1)
	.byte	0                               @ EOM(2)
	.byte	42                              @ Abbreviation Code
	.byte	29                              @ DW_TAG_inlined_subroutine
	.byte	0                               @ DW_CHILDREN_no
	.byte	49                              @ DW_AT_abstract_origin
	.byte	19                              @ DW_FORM_ref4
	.byte	17                              @ DW_AT_low_pc
	.byte	1                               @ DW_FORM_addr
	.byte	18                              @ DW_AT_high_pc
	.byte	6                               @ DW_FORM_data4
	.byte	88                              @ DW_AT_call_file
	.byte	11                              @ DW_FORM_data1
	.byte	89                              @ DW_AT_call_line
	.byte	5                               @ DW_FORM_data2
	.byte	87                              @ DW_AT_call_column
	.byte	11                              @ DW_FORM_data1
	.byte	0                               @ EOM(1)
	.byte	0                               @ EOM(2)
	.byte	43                              @ Abbreviation Code
	.byte	52                              @ DW_TAG_variable
	.byte	0                               @ DW_CHILDREN_no
	.byte	2                               @ DW_AT_location
	.byte	24                              @ DW_FORM_exprloc
	.byte	3                               @ DW_AT_name
	.byte	14                              @ DW_FORM_strp
	.byte	58                              @ DW_AT_decl_file
	.byte	11                              @ DW_FORM_data1
	.byte	59                              @ DW_AT_decl_line
	.byte	5                               @ DW_FORM_data2
	.byte	73                              @ DW_AT_type
	.byte	19                              @ DW_FORM_ref4
	.byte	0                               @ EOM(1)
	.byte	0                               @ EOM(2)
	.byte	44                              @ Abbreviation Code
	.byte	46                              @ DW_TAG_subprogram
	.byte	1                               @ DW_CHILDREN_yes
	.byte	3                               @ DW_AT_name
	.byte	14                              @ DW_FORM_strp
	.byte	58                              @ DW_AT_decl_file
	.byte	11                              @ DW_FORM_data1
	.byte	59                              @ DW_AT_decl_line
	.byte	11                              @ DW_FORM_data1
	.byte	39                              @ DW_AT_prototyped
	.byte	25                              @ DW_FORM_flag_present
	.byte	32                              @ DW_AT_inline
	.byte	11                              @ DW_FORM_data1
	.byte	0                               @ EOM(1)
	.byte	0                               @ EOM(2)
	.byte	45                              @ Abbreviation Code
	.byte	5                               @ DW_TAG_formal_parameter
	.byte	0                               @ DW_CHILDREN_no
	.byte	3                               @ DW_AT_name
	.byte	14                              @ DW_FORM_strp
	.byte	58                              @ DW_AT_decl_file
	.byte	11                              @ DW_FORM_data1
	.byte	59                              @ DW_AT_decl_line
	.byte	11                              @ DW_FORM_data1
	.byte	73                              @ DW_AT_type
	.byte	19                              @ DW_FORM_ref4
	.byte	0                               @ EOM(1)
	.byte	0                               @ EOM(2)
	.byte	46                              @ Abbreviation Code
	.byte	29                              @ DW_TAG_inlined_subroutine
	.byte	1                               @ DW_CHILDREN_yes
	.byte	49                              @ DW_AT_abstract_origin
	.byte	19                              @ DW_FORM_ref4
	.byte	17                              @ DW_AT_low_pc
	.byte	1                               @ DW_FORM_addr
	.byte	18                              @ DW_AT_high_pc
	.byte	6                               @ DW_FORM_data4
	.byte	88                              @ DW_AT_call_file
	.byte	11                              @ DW_FORM_data1
	.byte	89                              @ DW_AT_call_line
	.byte	5                               @ DW_FORM_data2
	.byte	87                              @ DW_AT_call_column
	.byte	11                              @ DW_FORM_data1
	.byte	0                               @ EOM(1)
	.byte	0                               @ EOM(2)
	.byte	47                              @ Abbreviation Code
	.byte	5                               @ DW_TAG_formal_parameter
	.byte	0                               @ DW_CHILDREN_no
	.byte	2                               @ DW_AT_location
	.byte	24                              @ DW_FORM_exprloc
	.byte	49                              @ DW_AT_abstract_origin
	.byte	19                              @ DW_FORM_ref4
	.byte	0                               @ EOM(1)
	.byte	0                               @ EOM(2)
	.byte	48                              @ Abbreviation Code
	.byte	46                              @ DW_TAG_subprogram
	.byte	1                               @ DW_CHILDREN_yes
	.byte	17                              @ DW_AT_low_pc
	.byte	1                               @ DW_FORM_addr
	.byte	18                              @ DW_AT_high_pc
	.byte	6                               @ DW_FORM_data4
	.byte	64                              @ DW_AT_frame_base
	.byte	24                              @ DW_FORM_exprloc
	.ascii	"\227B"                         @ DW_AT_GNU_all_call_sites
	.byte	25                              @ DW_FORM_flag_present
	.byte	3                               @ DW_AT_name
	.byte	14                              @ DW_FORM_strp
	.byte	58                              @ DW_AT_decl_file
	.byte	11                              @ DW_FORM_data1
	.byte	59                              @ DW_AT_decl_line
	.byte	5                               @ DW_FORM_data2
	.byte	39                              @ DW_AT_prototyped
	.byte	25                              @ DW_FORM_flag_present
	.byte	73                              @ DW_AT_type
	.byte	19                              @ DW_FORM_ref4
	.byte	63                              @ DW_AT_external
	.byte	25                              @ DW_FORM_flag_present
	.byte	0                               @ EOM(1)
	.byte	0                               @ EOM(2)
	.byte	49                              @ Abbreviation Code
	.byte	46                              @ DW_TAG_subprogram
	.byte	1                               @ DW_CHILDREN_yes
	.byte	17                              @ DW_AT_low_pc
	.byte	1                               @ DW_FORM_addr
	.byte	18                              @ DW_AT_high_pc
	.byte	6                               @ DW_FORM_data4
	.byte	64                              @ DW_AT_frame_base
	.byte	24                              @ DW_FORM_exprloc
	.ascii	"\227B"                         @ DW_AT_GNU_all_call_sites
	.byte	25                              @ DW_FORM_flag_present
	.byte	3                               @ DW_AT_name
	.byte	14                              @ DW_FORM_strp
	.byte	58                              @ DW_AT_decl_file
	.byte	11                              @ DW_FORM_data1
	.byte	59                              @ DW_AT_decl_line
	.byte	5                               @ DW_FORM_data2
	.byte	39                              @ DW_AT_prototyped
	.byte	25                              @ DW_FORM_flag_present
	.byte	0                               @ EOM(1)
	.byte	0                               @ EOM(2)
	.byte	50                              @ Abbreviation Code
	.byte	46                              @ DW_TAG_subprogram
	.byte	0                               @ DW_CHILDREN_no
	.byte	17                              @ DW_AT_low_pc
	.byte	1                               @ DW_FORM_addr
	.byte	18                              @ DW_AT_high_pc
	.byte	6                               @ DW_FORM_data4
	.byte	64                              @ DW_AT_frame_base
	.byte	24                              @ DW_FORM_exprloc
	.ascii	"\227B"                         @ DW_AT_GNU_all_call_sites
	.byte	25                              @ DW_FORM_flag_present
	.byte	3                               @ DW_AT_name
	.byte	14                              @ DW_FORM_strp
	.byte	58                              @ DW_AT_decl_file
	.byte	11                              @ DW_FORM_data1
	.byte	59                              @ DW_AT_decl_line
	.byte	5                               @ DW_FORM_data2
	.byte	39                              @ DW_AT_prototyped
	.byte	25                              @ DW_FORM_flag_present
	.byte	63                              @ DW_AT_external
	.byte	25                              @ DW_FORM_flag_present
	.byte	0                               @ EOM(1)
	.byte	0                               @ EOM(2)
	.byte	51                              @ Abbreviation Code
	.byte	5                               @ DW_TAG_formal_parameter
	.byte	0                               @ DW_CHILDREN_no
	.byte	2                               @ DW_AT_location
	.byte	23                              @ DW_FORM_sec_offset
	.byte	49                              @ DW_AT_abstract_origin
	.byte	19                              @ DW_FORM_ref4
	.byte	0                               @ EOM(1)
	.byte	0                               @ EOM(2)
	.byte	52                              @ Abbreviation Code
	.byte	52                              @ DW_TAG_variable
	.byte	0                               @ DW_CHILDREN_no
	.byte	2                               @ DW_AT_location
	.byte	23                              @ DW_FORM_sec_offset
	.byte	49                              @ DW_AT_abstract_origin
	.byte	19                              @ DW_FORM_ref4
	.byte	0                               @ EOM(1)
	.byte	0                               @ EOM(2)
	.byte	53                              @ Abbreviation Code
	.byte	46                              @ DW_TAG_subprogram
	.byte	1                               @ DW_CHILDREN_yes
	.byte	3                               @ DW_AT_name
	.byte	14                              @ DW_FORM_strp
	.byte	58                              @ DW_AT_decl_file
	.byte	11                              @ DW_FORM_data1
	.byte	59                              @ DW_AT_decl_line
	.byte	5                               @ DW_FORM_data2
	.byte	39                              @ DW_AT_prototyped
	.byte	25                              @ DW_FORM_flag_present
	.byte	32                              @ DW_AT_inline
	.byte	11                              @ DW_FORM_data1
	.byte	0                               @ EOM(1)
	.byte	0                               @ EOM(2)
	.byte	54                              @ Abbreviation Code
	.byte	5                               @ DW_TAG_formal_parameter
	.byte	0                               @ DW_CHILDREN_no
	.byte	3                               @ DW_AT_name
	.byte	14                              @ DW_FORM_strp
	.byte	58                              @ DW_AT_decl_file
	.byte	11                              @ DW_FORM_data1
	.byte	59                              @ DW_AT_decl_line
	.byte	5                               @ DW_FORM_data2
	.byte	73                              @ DW_AT_type
	.byte	19                              @ DW_FORM_ref4
	.byte	0                               @ EOM(1)
	.byte	0                               @ EOM(2)
	.byte	55                              @ Abbreviation Code
	.byte	46                              @ DW_TAG_subprogram
	.byte	1                               @ DW_CHILDREN_yes
	.byte	3                               @ DW_AT_name
	.byte	14                              @ DW_FORM_strp
	.byte	58                              @ DW_AT_decl_file
	.byte	11                              @ DW_FORM_data1
	.byte	59                              @ DW_AT_decl_line
	.byte	5                               @ DW_FORM_data2
	.byte	39                              @ DW_AT_prototyped
	.byte	25                              @ DW_FORM_flag_present
	.byte	73                              @ DW_AT_type
	.byte	19                              @ DW_FORM_ref4
	.byte	32                              @ DW_AT_inline
	.byte	11                              @ DW_FORM_data1
	.byte	0                               @ EOM(1)
	.byte	0                               @ EOM(2)
	.byte	56                              @ Abbreviation Code
	.byte	11                              @ DW_TAG_lexical_block
	.byte	1                               @ DW_CHILDREN_yes
	.byte	0                               @ EOM(1)
	.byte	0                               @ EOM(2)
	.byte	57                              @ Abbreviation Code
	.byte	29                              @ DW_TAG_inlined_subroutine
	.byte	1                               @ DW_CHILDREN_yes
	.byte	49                              @ DW_AT_abstract_origin
	.byte	19                              @ DW_FORM_ref4
	.byte	85                              @ DW_AT_ranges
	.byte	23                              @ DW_FORM_sec_offset
	.byte	88                              @ DW_AT_call_file
	.byte	11                              @ DW_FORM_data1
	.byte	89                              @ DW_AT_call_line
	.byte	5                               @ DW_FORM_data2
	.byte	87                              @ DW_AT_call_column
	.byte	11                              @ DW_FORM_data1
	.byte	0                               @ EOM(1)
	.byte	0                               @ EOM(2)
	.byte	58                              @ Abbreviation Code
	.byte	5                               @ DW_TAG_formal_parameter
	.byte	0                               @ DW_CHILDREN_no
	.byte	28                              @ DW_AT_const_value
	.byte	15                              @ DW_FORM_udata
	.byte	49                              @ DW_AT_abstract_origin
	.byte	19                              @ DW_FORM_ref4
	.byte	0                               @ EOM(1)
	.byte	0                               @ EOM(2)
	.byte	0                               @ EOM(3)
	.section	.debug_info,"",%progbits
.Lcu_begin0:
	.long	.Ldebug_info_end0-.Ldebug_info_start0 @ Length of Unit
.Ldebug_info_start0:
	.short	4                               @ DWARF version number
	.long	.debug_abbrev                   @ Offset Into Abbrev. Section
	.byte	4                               @ Address Size (in bytes)
	.byte	1                               @ Abbrev [1] 0xb:0x1b5f DW_TAG_compile_unit
	.long	.Linfo_string0                  @ DW_AT_producer
	.short	12                              @ DW_AT_language
	.long	.Linfo_string1                  @ DW_AT_name
	.long	.Lline_table_start0             @ DW_AT_stmt_list
	.long	.Linfo_string2                  @ DW_AT_comp_dir
	.long	.Lfunc_begin0                   @ DW_AT_low_pc
	.long	.Lfunc_end28-.Lfunc_begin0      @ DW_AT_high_pc
	.byte	2                               @ Abbrev [2] 0x26:0x11 DW_TAG_variable
	.long	.Linfo_string3                  @ DW_AT_name
	.long	55                              @ DW_AT_type
                                        @ DW_AT_external
	.byte	4                               @ DW_AT_decl_file
	.byte	73                              @ DW_AT_decl_line
	.byte	5                               @ DW_AT_location
	.byte	3
	.long	prf_funcs
	.byte	3                               @ Abbrev [3] 0x37:0xc DW_TAG_array_type
	.long	67                              @ DW_AT_type
	.byte	4                               @ Abbrev [4] 0x3c:0x6 DW_TAG_subrange_type
	.long	632                             @ DW_AT_type
	.byte	2                               @ DW_AT_count
	.byte	0                               @ End Of Children Mark
	.byte	5                               @ Abbrev [5] 0x43:0x5 DW_TAG_const_type
	.long	72                              @ DW_AT_type
	.byte	6                               @ Abbrev [6] 0x48:0x2d DW_TAG_structure_type
	.long	.Linfo_string85                 @ DW_AT_name
	.byte	12                              @ DW_AT_byte_size
	.byte	2                               @ DW_AT_decl_file
	.byte	62                              @ DW_AT_decl_line
	.byte	7                               @ Abbrev [7] 0x50:0xc DW_TAG_member
	.long	.Linfo_string4                  @ DW_AT_name
	.long	117                             @ DW_AT_type
	.byte	2                               @ DW_AT_decl_file
	.byte	65                              @ DW_AT_decl_line
	.byte	0                               @ DW_AT_data_member_location
	.byte	7                               @ Abbrev [7] 0x5c:0xc DW_TAG_member
	.long	.Linfo_string80                 @ DW_AT_name
	.long	581                             @ DW_AT_type
	.byte	2                               @ DW_AT_decl_file
	.byte	67                              @ DW_AT_decl_line
	.byte	4                               @ DW_AT_data_member_location
	.byte	7                               @ Abbrev [7] 0x68:0xc DW_TAG_member
	.long	.Linfo_string82                 @ DW_AT_name
	.long	598                             @ DW_AT_type
	.byte	2                               @ DW_AT_decl_file
	.byte	69                              @ DW_AT_decl_line
	.byte	8                               @ DW_AT_data_member_location
	.byte	0                               @ End Of Children Mark
	.byte	8                               @ Abbrev [8] 0x75:0x1c9 DW_TAG_enumeration_type
	.long	574                             @ DW_AT_type
	.long	.Linfo_string79                 @ DW_AT_name
	.byte	1                               @ DW_AT_byte_size
	.byte	1                               @ DW_AT_decl_file
	.short	514                             @ DW_AT_decl_line
	.byte	9                               @ Abbrev [9] 0x82:0x6 DW_TAG_enumerator
	.long	.Linfo_string6                  @ DW_AT_name
	.byte	0                               @ DW_AT_const_value
	.byte	9                               @ Abbrev [9] 0x88:0x6 DW_TAG_enumerator
	.long	.Linfo_string7                  @ DW_AT_name
	.byte	1                               @ DW_AT_const_value
	.byte	9                               @ Abbrev [9] 0x8e:0x6 DW_TAG_enumerator
	.long	.Linfo_string8                  @ DW_AT_name
	.byte	2                               @ DW_AT_const_value
	.byte	9                               @ Abbrev [9] 0x94:0x6 DW_TAG_enumerator
	.long	.Linfo_string9                  @ DW_AT_name
	.byte	3                               @ DW_AT_const_value
	.byte	9                               @ Abbrev [9] 0x9a:0x6 DW_TAG_enumerator
	.long	.Linfo_string10                 @ DW_AT_name
	.byte	4                               @ DW_AT_const_value
	.byte	9                               @ Abbrev [9] 0xa0:0x6 DW_TAG_enumerator
	.long	.Linfo_string11                 @ DW_AT_name
	.byte	5                               @ DW_AT_const_value
	.byte	9                               @ Abbrev [9] 0xa6:0x6 DW_TAG_enumerator
	.long	.Linfo_string12                 @ DW_AT_name
	.byte	6                               @ DW_AT_const_value
	.byte	9                               @ Abbrev [9] 0xac:0x6 DW_TAG_enumerator
	.long	.Linfo_string13                 @ DW_AT_name
	.byte	7                               @ DW_AT_const_value
	.byte	9                               @ Abbrev [9] 0xb2:0x6 DW_TAG_enumerator
	.long	.Linfo_string14                 @ DW_AT_name
	.byte	8                               @ DW_AT_const_value
	.byte	9                               @ Abbrev [9] 0xb8:0x6 DW_TAG_enumerator
	.long	.Linfo_string15                 @ DW_AT_name
	.byte	9                               @ DW_AT_const_value
	.byte	9                               @ Abbrev [9] 0xbe:0x6 DW_TAG_enumerator
	.long	.Linfo_string16                 @ DW_AT_name
	.byte	10                              @ DW_AT_const_value
	.byte	9                               @ Abbrev [9] 0xc4:0x6 DW_TAG_enumerator
	.long	.Linfo_string17                 @ DW_AT_name
	.byte	11                              @ DW_AT_const_value
	.byte	9                               @ Abbrev [9] 0xca:0x6 DW_TAG_enumerator
	.long	.Linfo_string18                 @ DW_AT_name
	.byte	12                              @ DW_AT_const_value
	.byte	9                               @ Abbrev [9] 0xd0:0x6 DW_TAG_enumerator
	.long	.Linfo_string19                 @ DW_AT_name
	.byte	13                              @ DW_AT_const_value
	.byte	9                               @ Abbrev [9] 0xd6:0x6 DW_TAG_enumerator
	.long	.Linfo_string20                 @ DW_AT_name
	.byte	14                              @ DW_AT_const_value
	.byte	9                               @ Abbrev [9] 0xdc:0x6 DW_TAG_enumerator
	.long	.Linfo_string21                 @ DW_AT_name
	.byte	15                              @ DW_AT_const_value
	.byte	9                               @ Abbrev [9] 0xe2:0x6 DW_TAG_enumerator
	.long	.Linfo_string22                 @ DW_AT_name
	.byte	16                              @ DW_AT_const_value
	.byte	9                               @ Abbrev [9] 0xe8:0x6 DW_TAG_enumerator
	.long	.Linfo_string23                 @ DW_AT_name
	.byte	20                              @ DW_AT_const_value
	.byte	9                               @ Abbrev [9] 0xee:0x6 DW_TAG_enumerator
	.long	.Linfo_string24                 @ DW_AT_name
	.byte	21                              @ DW_AT_const_value
	.byte	9                               @ Abbrev [9] 0xf4:0x6 DW_TAG_enumerator
	.long	.Linfo_string25                 @ DW_AT_name
	.byte	22                              @ DW_AT_const_value
	.byte	9                               @ Abbrev [9] 0xfa:0x6 DW_TAG_enumerator
	.long	.Linfo_string26                 @ DW_AT_name
	.byte	23                              @ DW_AT_const_value
	.byte	9                               @ Abbrev [9] 0x100:0x6 DW_TAG_enumerator
	.long	.Linfo_string27                 @ DW_AT_name
	.byte	24                              @ DW_AT_const_value
	.byte	9                               @ Abbrev [9] 0x106:0x6 DW_TAG_enumerator
	.long	.Linfo_string28                 @ DW_AT_name
	.byte	25                              @ DW_AT_const_value
	.byte	9                               @ Abbrev [9] 0x10c:0x6 DW_TAG_enumerator
	.long	.Linfo_string29                 @ DW_AT_name
	.byte	26                              @ DW_AT_const_value
	.byte	9                               @ Abbrev [9] 0x112:0x6 DW_TAG_enumerator
	.long	.Linfo_string30                 @ DW_AT_name
	.byte	27                              @ DW_AT_const_value
	.byte	9                               @ Abbrev [9] 0x118:0x6 DW_TAG_enumerator
	.long	.Linfo_string31                 @ DW_AT_name
	.byte	28                              @ DW_AT_const_value
	.byte	9                               @ Abbrev [9] 0x11e:0x6 DW_TAG_enumerator
	.long	.Linfo_string32                 @ DW_AT_name
	.byte	29                              @ DW_AT_const_value
	.byte	9                               @ Abbrev [9] 0x124:0x6 DW_TAG_enumerator
	.long	.Linfo_string33                 @ DW_AT_name
	.byte	30                              @ DW_AT_const_value
	.byte	9                               @ Abbrev [9] 0x12a:0x6 DW_TAG_enumerator
	.long	.Linfo_string34                 @ DW_AT_name
	.byte	31                              @ DW_AT_const_value
	.byte	9                               @ Abbrev [9] 0x130:0x6 DW_TAG_enumerator
	.long	.Linfo_string35                 @ DW_AT_name
	.byte	32                              @ DW_AT_const_value
	.byte	9                               @ Abbrev [9] 0x136:0x6 DW_TAG_enumerator
	.long	.Linfo_string36                 @ DW_AT_name
	.byte	33                              @ DW_AT_const_value
	.byte	9                               @ Abbrev [9] 0x13c:0x6 DW_TAG_enumerator
	.long	.Linfo_string37                 @ DW_AT_name
	.byte	34                              @ DW_AT_const_value
	.byte	9                               @ Abbrev [9] 0x142:0x6 DW_TAG_enumerator
	.long	.Linfo_string38                 @ DW_AT_name
	.byte	35                              @ DW_AT_const_value
	.byte	9                               @ Abbrev [9] 0x148:0x6 DW_TAG_enumerator
	.long	.Linfo_string39                 @ DW_AT_name
	.byte	36                              @ DW_AT_const_value
	.byte	9                               @ Abbrev [9] 0x14e:0x6 DW_TAG_enumerator
	.long	.Linfo_string40                 @ DW_AT_name
	.byte	37                              @ DW_AT_const_value
	.byte	9                               @ Abbrev [9] 0x154:0x6 DW_TAG_enumerator
	.long	.Linfo_string41                 @ DW_AT_name
	.byte	38                              @ DW_AT_const_value
	.byte	9                               @ Abbrev [9] 0x15a:0x6 DW_TAG_enumerator
	.long	.Linfo_string42                 @ DW_AT_name
	.byte	39                              @ DW_AT_const_value
	.byte	9                               @ Abbrev [9] 0x160:0x6 DW_TAG_enumerator
	.long	.Linfo_string43                 @ DW_AT_name
	.byte	40                              @ DW_AT_const_value
	.byte	9                               @ Abbrev [9] 0x166:0x6 DW_TAG_enumerator
	.long	.Linfo_string44                 @ DW_AT_name
	.byte	41                              @ DW_AT_const_value
	.byte	9                               @ Abbrev [9] 0x16c:0x6 DW_TAG_enumerator
	.long	.Linfo_string45                 @ DW_AT_name
	.byte	42                              @ DW_AT_const_value
	.byte	9                               @ Abbrev [9] 0x172:0x6 DW_TAG_enumerator
	.long	.Linfo_string46                 @ DW_AT_name
	.byte	43                              @ DW_AT_const_value
	.byte	9                               @ Abbrev [9] 0x178:0x6 DW_TAG_enumerator
	.long	.Linfo_string47                 @ DW_AT_name
	.byte	44                              @ DW_AT_const_value
	.byte	9                               @ Abbrev [9] 0x17e:0x6 DW_TAG_enumerator
	.long	.Linfo_string48                 @ DW_AT_name
	.byte	45                              @ DW_AT_const_value
	.byte	9                               @ Abbrev [9] 0x184:0x6 DW_TAG_enumerator
	.long	.Linfo_string49                 @ DW_AT_name
	.byte	46                              @ DW_AT_const_value
	.byte	9                               @ Abbrev [9] 0x18a:0x6 DW_TAG_enumerator
	.long	.Linfo_string50                 @ DW_AT_name
	.byte	47                              @ DW_AT_const_value
	.byte	9                               @ Abbrev [9] 0x190:0x6 DW_TAG_enumerator
	.long	.Linfo_string51                 @ DW_AT_name
	.byte	48                              @ DW_AT_const_value
	.byte	9                               @ Abbrev [9] 0x196:0x6 DW_TAG_enumerator
	.long	.Linfo_string52                 @ DW_AT_name
	.byte	49                              @ DW_AT_const_value
	.byte	9                               @ Abbrev [9] 0x19c:0x6 DW_TAG_enumerator
	.long	.Linfo_string53                 @ DW_AT_name
	.byte	50                              @ DW_AT_const_value
	.byte	9                               @ Abbrev [9] 0x1a2:0x6 DW_TAG_enumerator
	.long	.Linfo_string54                 @ DW_AT_name
	.byte	51                              @ DW_AT_const_value
	.byte	9                               @ Abbrev [9] 0x1a8:0x6 DW_TAG_enumerator
	.long	.Linfo_string55                 @ DW_AT_name
	.byte	52                              @ DW_AT_const_value
	.byte	9                               @ Abbrev [9] 0x1ae:0x6 DW_TAG_enumerator
	.long	.Linfo_string56                 @ DW_AT_name
	.byte	53                              @ DW_AT_const_value
	.byte	9                               @ Abbrev [9] 0x1b4:0x6 DW_TAG_enumerator
	.long	.Linfo_string57                 @ DW_AT_name
	.byte	54                              @ DW_AT_const_value
	.byte	9                               @ Abbrev [9] 0x1ba:0x6 DW_TAG_enumerator
	.long	.Linfo_string58                 @ DW_AT_name
	.byte	55                              @ DW_AT_const_value
	.byte	9                               @ Abbrev [9] 0x1c0:0x6 DW_TAG_enumerator
	.long	.Linfo_string59                 @ DW_AT_name
	.byte	56                              @ DW_AT_const_value
	.byte	9                               @ Abbrev [9] 0x1c6:0x6 DW_TAG_enumerator
	.long	.Linfo_string60                 @ DW_AT_name
	.byte	57                              @ DW_AT_const_value
	.byte	9                               @ Abbrev [9] 0x1cc:0x6 DW_TAG_enumerator
	.long	.Linfo_string61                 @ DW_AT_name
	.byte	58                              @ DW_AT_const_value
	.byte	9                               @ Abbrev [9] 0x1d2:0x6 DW_TAG_enumerator
	.long	.Linfo_string62                 @ DW_AT_name
	.byte	59                              @ DW_AT_const_value
	.byte	9                               @ Abbrev [9] 0x1d8:0x6 DW_TAG_enumerator
	.long	.Linfo_string63                 @ DW_AT_name
	.byte	60                              @ DW_AT_const_value
	.byte	9                               @ Abbrev [9] 0x1de:0x6 DW_TAG_enumerator
	.long	.Linfo_string64                 @ DW_AT_name
	.byte	61                              @ DW_AT_const_value
	.byte	9                               @ Abbrev [9] 0x1e4:0x6 DW_TAG_enumerator
	.long	.Linfo_string65                 @ DW_AT_name
	.byte	62                              @ DW_AT_const_value
	.byte	9                               @ Abbrev [9] 0x1ea:0x6 DW_TAG_enumerator
	.long	.Linfo_string66                 @ DW_AT_name
	.byte	63                              @ DW_AT_const_value
	.byte	9                               @ Abbrev [9] 0x1f0:0x6 DW_TAG_enumerator
	.long	.Linfo_string67                 @ DW_AT_name
	.byte	64                              @ DW_AT_const_value
	.byte	9                               @ Abbrev [9] 0x1f6:0x6 DW_TAG_enumerator
	.long	.Linfo_string68                 @ DW_AT_name
	.byte	65                              @ DW_AT_const_value
	.byte	9                               @ Abbrev [9] 0x1fc:0x6 DW_TAG_enumerator
	.long	.Linfo_string69                 @ DW_AT_name
	.byte	66                              @ DW_AT_const_value
	.byte	9                               @ Abbrev [9] 0x202:0x6 DW_TAG_enumerator
	.long	.Linfo_string70                 @ DW_AT_name
	.byte	69                              @ DW_AT_const_value
	.byte	9                               @ Abbrev [9] 0x208:0x6 DW_TAG_enumerator
	.long	.Linfo_string71                 @ DW_AT_name
	.byte	70                              @ DW_AT_const_value
	.byte	9                               @ Abbrev [9] 0x20e:0x6 DW_TAG_enumerator
	.long	.Linfo_string72                 @ DW_AT_name
	.byte	67                              @ DW_AT_const_value
	.byte	9                               @ Abbrev [9] 0x214:0x6 DW_TAG_enumerator
	.long	.Linfo_string73                 @ DW_AT_name
	.byte	68                              @ DW_AT_const_value
	.byte	9                               @ Abbrev [9] 0x21a:0x7 DW_TAG_enumerator
	.long	.Linfo_string74                 @ DW_AT_name
	.ascii	"\240\001"                      @ DW_AT_const_value
	.byte	9                               @ Abbrev [9] 0x221:0x7 DW_TAG_enumerator
	.long	.Linfo_string75                 @ DW_AT_name
	.ascii	"\374\001"                      @ DW_AT_const_value
	.byte	9                               @ Abbrev [9] 0x228:0x7 DW_TAG_enumerator
	.long	.Linfo_string76                 @ DW_AT_name
	.ascii	"\375\001"                      @ DW_AT_const_value
	.byte	9                               @ Abbrev [9] 0x22f:0x7 DW_TAG_enumerator
	.long	.Linfo_string77                 @ DW_AT_name
	.ascii	"\376\001"                      @ DW_AT_const_value
	.byte	9                               @ Abbrev [9] 0x236:0x7 DW_TAG_enumerator
	.long	.Linfo_string78                 @ DW_AT_name
	.ascii	"\377\001"                      @ DW_AT_const_value
	.byte	0                               @ End Of Children Mark
	.byte	10                              @ Abbrev [10] 0x23e:0x7 DW_TAG_base_type
	.long	.Linfo_string5                  @ DW_AT_name
	.byte	8                               @ DW_AT_encoding
	.byte	1                               @ DW_AT_byte_size
	.byte	11                              @ Abbrev [11] 0x245:0xb DW_TAG_typedef
	.long	592                             @ DW_AT_type
	.long	.Linfo_string81                 @ DW_AT_name
	.byte	2                               @ DW_AT_decl_file
	.byte	55                              @ DW_AT_decl_line
	.byte	12                              @ Abbrev [12] 0x250:0x5 DW_TAG_pointer_type
	.long	597                             @ DW_AT_type
	.byte	13                              @ Abbrev [13] 0x255:0x1 DW_TAG_subroutine_type
                                        @ DW_AT_prototyped
	.byte	11                              @ Abbrev [11] 0x256:0xb DW_TAG_typedef
	.long	609                             @ DW_AT_type
	.long	.Linfo_string84                 @ DW_AT_name
	.byte	2                               @ DW_AT_decl_file
	.byte	57                              @ DW_AT_decl_line
	.byte	12                              @ Abbrev [12] 0x261:0x5 DW_TAG_pointer_type
	.long	614                             @ DW_AT_type
	.byte	14                              @ Abbrev [14] 0x266:0x7 DW_TAG_subroutine_type
                                        @ DW_AT_prototyped
	.byte	15                              @ Abbrev [15] 0x267:0x5 DW_TAG_formal_parameter
	.long	621                             @ DW_AT_type
	.byte	0                               @ End Of Children Mark
	.byte	11                              @ Abbrev [11] 0x26d:0xb DW_TAG_typedef
	.long	574                             @ DW_AT_type
	.long	.Linfo_string83                 @ DW_AT_name
	.byte	3                               @ DW_AT_decl_file
	.byte	62                              @ DW_AT_decl_line
	.byte	16                              @ Abbrev [16] 0x278:0x7 DW_TAG_base_type
	.long	.Linfo_string86                 @ DW_AT_name
	.byte	8                               @ DW_AT_byte_size
	.byte	7                               @ DW_AT_encoding
	.byte	17                              @ Abbrev [17] 0x27f:0x47 DW_TAG_subprogram
	.long	.Lfunc_begin0                   @ DW_AT_low_pc
	.long	.Lfunc_end0-.Lfunc_begin0       @ DW_AT_high_pc
	.byte	1                               @ DW_AT_frame_base
	.byte	93
                                        @ DW_AT_GNU_all_call_sites
	.long	.Linfo_string473                @ DW_AT_name
	.byte	4                               @ DW_AT_decl_file
	.byte	250                             @ DW_AT_decl_line
                                        @ DW_AT_prototyped
	.long	875                             @ DW_AT_type
                                        @ DW_AT_external
	.byte	18                              @ Abbrev [18] 0x294:0x11 DW_TAG_variable
	.long	.Linfo_string87                 @ DW_AT_name
	.long	621                             @ DW_AT_type
	.byte	4                               @ DW_AT_decl_file
	.byte	252                             @ DW_AT_decl_line
	.byte	5                               @ DW_AT_location
	.byte	3
	.long	.L_MergedGlobals
	.byte	19                              @ Abbrev [19] 0x2a5:0xc DW_TAG_variable
	.long	.Linfo_string88                 @ DW_AT_name
	.long	621                             @ DW_AT_type
	.byte	4                               @ DW_AT_decl_file
	.byte	253                             @ DW_AT_decl_line
	.byte	0                               @ DW_AT_const_value
	.byte	20                              @ Abbrev [20] 0x2b1:0x14 DW_TAG_variable
	.long	.Linfo_string89                 @ DW_AT_name
	.long	621                             @ DW_AT_type
	.byte	4                               @ DW_AT_decl_file
	.short	280                             @ DW_AT_decl_line
	.byte	7                               @ DW_AT_location
	.byte	3
	.long	.L_MergedGlobals
	.byte	35
	.byte	1
	.byte	0                               @ End Of Children Mark
	.byte	21                              @ Abbrev [21] 0x2c6:0xe DW_TAG_variable
	.long	724                             @ DW_AT_type
	.byte	4                               @ DW_AT_decl_file
	.short	853                             @ DW_AT_decl_line
	.byte	5                               @ DW_AT_location
	.byte	3
	.long	.L.str
	.byte	3                               @ Abbrev [3] 0x2d4:0xc DW_TAG_array_type
	.long	736                             @ DW_AT_type
	.byte	4                               @ Abbrev [4] 0x2d9:0x6 DW_TAG_subrange_type
	.long	632                             @ DW_AT_type
	.byte	11                              @ DW_AT_count
	.byte	0                               @ End Of Children Mark
	.byte	10                              @ Abbrev [10] 0x2e0:0x7 DW_TAG_base_type
	.long	.Linfo_string90                 @ DW_AT_name
	.byte	8                               @ DW_AT_encoding
	.byte	1                               @ DW_AT_byte_size
	.byte	2                               @ Abbrev [2] 0x2e7:0x13 DW_TAG_variable
	.long	.Linfo_string91                 @ DW_AT_name
	.long	762                             @ DW_AT_type
                                        @ DW_AT_external
	.byte	4                               @ DW_AT_decl_file
	.byte	67                              @ DW_AT_decl_line
	.byte	7                               @ DW_AT_location
	.byte	3
	.long	.L_MergedGlobals
	.byte	35
	.byte	8
	.byte	3                               @ Abbrev [3] 0x2fa:0xc DW_TAG_array_type
	.long	774                             @ DW_AT_type
	.byte	4                               @ Abbrev [4] 0x2ff:0x6 DW_TAG_subrange_type
	.long	632                             @ DW_AT_type
	.byte	1                               @ DW_AT_count
	.byte	0                               @ End Of Children Mark
	.byte	6                               @ Abbrev [6] 0x306:0x53 DW_TAG_structure_type
	.long	.Linfo_string103                @ DW_AT_name
	.byte	12                              @ DW_AT_byte_size
	.byte	5                               @ DW_AT_decl_file
	.byte	238                             @ DW_AT_decl_line
	.byte	7                               @ Abbrev [7] 0x30e:0xc DW_TAG_member
	.long	.Linfo_string92                 @ DW_AT_name
	.long	857                             @ DW_AT_type
	.byte	5                               @ DW_AT_decl_file
	.byte	241                             @ DW_AT_decl_line
	.byte	0                               @ DW_AT_data_member_location
	.byte	7                               @ Abbrev [7] 0x31a:0xc DW_TAG_member
	.long	.Linfo_string95                 @ DW_AT_name
	.long	621                             @ DW_AT_type
	.byte	5                               @ DW_AT_decl_file
	.byte	244                             @ DW_AT_decl_line
	.byte	2                               @ DW_AT_data_member_location
	.byte	7                               @ Abbrev [7] 0x326:0xc DW_TAG_member
	.long	.Linfo_string96                 @ DW_AT_name
	.long	875                             @ DW_AT_type
	.byte	5                               @ DW_AT_decl_file
	.byte	247                             @ DW_AT_decl_line
	.byte	3                               @ DW_AT_data_member_location
	.byte	7                               @ Abbrev [7] 0x332:0xc DW_TAG_member
	.long	.Linfo_string98                 @ DW_AT_name
	.long	621                             @ DW_AT_type
	.byte	5                               @ DW_AT_decl_file
	.byte	253                             @ DW_AT_decl_line
	.byte	4                               @ DW_AT_data_member_location
	.byte	22                              @ Abbrev [22] 0x33e:0xd DW_TAG_member
	.long	.Linfo_string99                 @ DW_AT_name
	.long	882                             @ DW_AT_type
	.byte	5                               @ DW_AT_decl_file
	.short	256                             @ DW_AT_decl_line
	.byte	5                               @ DW_AT_data_member_location
	.byte	22                              @ Abbrev [22] 0x34b:0xd DW_TAG_member
	.long	.Linfo_string102                @ DW_AT_name
	.long	875                             @ DW_AT_type
	.byte	5                               @ DW_AT_decl_file
	.short	259                             @ DW_AT_decl_line
	.byte	11                              @ DW_AT_data_member_location
	.byte	0                               @ End Of Children Mark
	.byte	11                              @ Abbrev [11] 0x359:0xb DW_TAG_typedef
	.long	868                             @ DW_AT_type
	.long	.Linfo_string94                 @ DW_AT_name
	.byte	3                               @ DW_AT_decl_file
	.byte	63                              @ DW_AT_decl_line
	.byte	10                              @ Abbrev [10] 0x364:0x7 DW_TAG_base_type
	.long	.Linfo_string93                 @ DW_AT_name
	.byte	7                               @ DW_AT_encoding
	.byte	2                               @ DW_AT_byte_size
	.byte	10                              @ Abbrev [10] 0x36b:0x7 DW_TAG_base_type
	.long	.Linfo_string97                 @ DW_AT_name
	.byte	2                               @ DW_AT_encoding
	.byte	1                               @ DW_AT_byte_size
	.byte	23                              @ Abbrev [23] 0x372:0x17 DW_TAG_structure_type
	.long	.Linfo_string101                @ DW_AT_name
	.byte	6                               @ DW_AT_byte_size
	.byte	6                               @ DW_AT_decl_file
	.short	1718                            @ DW_AT_decl_line
	.byte	22                              @ Abbrev [22] 0x37b:0xd DW_TAG_member
	.long	.Linfo_string100                @ DW_AT_name
	.long	905                             @ DW_AT_type
	.byte	6                               @ DW_AT_decl_file
	.short	1721                            @ DW_AT_decl_line
	.byte	0                               @ DW_AT_data_member_location
	.byte	0                               @ End Of Children Mark
	.byte	3                               @ Abbrev [3] 0x389:0xc DW_TAG_array_type
	.long	621                             @ DW_AT_type
	.byte	4                               @ Abbrev [4] 0x38e:0x6 DW_TAG_subrange_type
	.long	632                             @ DW_AT_type
	.byte	6                               @ DW_AT_count
	.byte	0                               @ End Of Children Mark
	.byte	2                               @ Abbrev [2] 0x395:0x11 DW_TAG_variable
	.long	.Linfo_string104                @ DW_AT_name
	.long	934                             @ DW_AT_type
                                        @ DW_AT_external
	.byte	4                               @ DW_AT_decl_file
	.byte	69                              @ DW_AT_decl_line
	.byte	5                               @ DW_AT_location
	.byte	3
	.long	app_prf_srv_perm
	.byte	3                               @ Abbrev [3] 0x3a6:0xc DW_TAG_array_type
	.long	946                             @ DW_AT_type
	.byte	4                               @ Abbrev [4] 0x3ab:0x6 DW_TAG_subrange_type
	.long	632                             @ DW_AT_type
	.byte	10                              @ DW_AT_count
	.byte	0                               @ End Of Children Mark
	.byte	11                              @ Abbrev [11] 0x3b2:0xb DW_TAG_typedef
	.long	957                             @ DW_AT_type
	.long	.Linfo_string113                @ DW_AT_name
	.byte	7                               @ DW_AT_decl_file
	.byte	78                              @ DW_AT_decl_line
	.byte	6                               @ Abbrev [6] 0x3bd:0x21 DW_TAG_structure_type
	.long	.Linfo_string112                @ DW_AT_name
	.byte	2                               @ DW_AT_byte_size
	.byte	7                               @ DW_AT_decl_file
	.byte	70                              @ DW_AT_decl_line
	.byte	7                               @ Abbrev [7] 0x3c5:0xc DW_TAG_member
	.long	.Linfo_string4                  @ DW_AT_name
	.long	117                             @ DW_AT_type
	.byte	7                               @ DW_AT_decl_file
	.byte	73                              @ DW_AT_decl_line
	.byte	0                               @ DW_AT_data_member_location
	.byte	7                               @ Abbrev [7] 0x3d1:0xc DW_TAG_member
	.long	.Linfo_string105                @ DW_AT_name
	.long	990                             @ DW_AT_type
	.byte	7                               @ DW_AT_decl_file
	.byte	76                              @ DW_AT_decl_line
	.byte	1                               @ DW_AT_data_member_location
	.byte	0                               @ End Of Children Mark
	.byte	11                              @ Abbrev [11] 0x3de:0xb DW_TAG_typedef
	.long	1001                            @ DW_AT_type
	.long	.Linfo_string111                @ DW_AT_name
	.byte	7                               @ DW_AT_decl_file
	.byte	67                              @ DW_AT_decl_line
	.byte	24                              @ Abbrev [24] 0x3e9:0x2b DW_TAG_enumeration_type
	.long	574                             @ DW_AT_type
	.long	.Linfo_string104                @ DW_AT_name
	.byte	1                               @ DW_AT_byte_size
	.byte	7                               @ DW_AT_decl_file
	.byte	55                              @ DW_AT_decl_line
	.byte	9                               @ Abbrev [9] 0x3f5:0x6 DW_TAG_enumerator
	.long	.Linfo_string106                @ DW_AT_name
	.byte	0                               @ DW_AT_const_value
	.byte	9                               @ Abbrev [9] 0x3fb:0x6 DW_TAG_enumerator
	.long	.Linfo_string107                @ DW_AT_name
	.byte	4                               @ DW_AT_const_value
	.byte	9                               @ Abbrev [9] 0x401:0x6 DW_TAG_enumerator
	.long	.Linfo_string108                @ DW_AT_name
	.byte	8                               @ DW_AT_const_value
	.byte	9                               @ Abbrev [9] 0x407:0x6 DW_TAG_enumerator
	.long	.Linfo_string109                @ DW_AT_name
	.byte	12                              @ DW_AT_const_value
	.byte	9                               @ Abbrev [9] 0x40d:0x6 DW_TAG_enumerator
	.long	.Linfo_string110                @ DW_AT_name
	.byte	16                              @ DW_AT_const_value
	.byte	0                               @ End Of Children Mark
	.byte	2                               @ Abbrev [2] 0x414:0x13 DW_TAG_variable
	.long	.Linfo_string114                @ DW_AT_name
	.long	1063                            @ DW_AT_type
                                        @ DW_AT_external
	.byte	4                               @ DW_AT_decl_file
	.byte	71                              @ DW_AT_decl_line
	.byte	7                               @ DW_AT_location
	.byte	3
	.long	.L_MergedGlobals
	.byte	35
	.byte	20
	.byte	23                              @ Abbrev [23] 0x427:0x24 DW_TAG_structure_type
	.long	.Linfo_string120                @ DW_AT_name
	.byte	36                              @ DW_AT_byte_size
	.byte	5                               @ DW_AT_decl_file
	.short	272                             @ DW_AT_decl_line
	.byte	22                              @ Abbrev [22] 0x430:0xd DW_TAG_member
	.long	.Linfo_string115                @ DW_AT_name
	.long	1099                            @ DW_AT_type
	.byte	5                               @ DW_AT_decl_file
	.short	275                             @ DW_AT_decl_line
	.byte	0                               @ DW_AT_data_member_location
	.byte	22                              @ Abbrev [22] 0x43d:0xd DW_TAG_member
	.long	.Linfo_string119                @ DW_AT_name
	.long	857                             @ DW_AT_type
	.byte	5                               @ DW_AT_decl_file
	.short	278                             @ DW_AT_decl_line
	.byte	34                              @ DW_AT_data_member_location
	.byte	0                               @ End Of Children Mark
	.byte	23                              @ Abbrev [23] 0x44b:0x24 DW_TAG_structure_type
	.long	.Linfo_string118                @ DW_AT_name
	.byte	33                              @ DW_AT_byte_size
	.byte	5                               @ DW_AT_decl_file
	.short	263                             @ DW_AT_decl_line
	.byte	22                              @ Abbrev [22] 0x454:0xd DW_TAG_member
	.long	.Linfo_string116                @ DW_AT_name
	.long	621                             @ DW_AT_type
	.byte	5                               @ DW_AT_decl_file
	.short	266                             @ DW_AT_decl_line
	.byte	0                               @ DW_AT_data_member_location
	.byte	22                              @ Abbrev [22] 0x461:0xd DW_TAG_member
	.long	.Linfo_string117                @ DW_AT_name
	.long	1135                            @ DW_AT_type
	.byte	5                               @ DW_AT_decl_file
	.short	268                             @ DW_AT_decl_line
	.byte	1                               @ DW_AT_data_member_location
	.byte	0                               @ End Of Children Mark
	.byte	3                               @ Abbrev [3] 0x46f:0xc DW_TAG_array_type
	.long	621                             @ DW_AT_type
	.byte	4                               @ Abbrev [4] 0x474:0x6 DW_TAG_subrange_type
	.long	632                             @ DW_AT_type
	.byte	32                              @ DW_AT_count
	.byte	0                               @ End Of Children Mark
	.byte	18                              @ Abbrev [18] 0x47b:0x11 DW_TAG_variable
	.long	.Linfo_string121                @ DW_AT_name
	.long	1164                            @ DW_AT_type
	.byte	4                               @ DW_AT_decl_file
	.byte	202                             @ DW_AT_decl_line
	.byte	5                               @ DW_AT_location
	.byte	3
	.long	param_update_cmd
	.byte	3                               @ Abbrev [3] 0x48c:0xc DW_TAG_array_type
	.long	1176                            @ DW_AT_type
	.byte	4                               @ Abbrev [4] 0x491:0x6 DW_TAG_subrange_type
	.long	632                             @ DW_AT_type
	.byte	1                               @ DW_AT_count
	.byte	0                               @ End Of Children Mark
	.byte	12                              @ Abbrev [12] 0x498:0x5 DW_TAG_pointer_type
	.long	1181                            @ DW_AT_type
	.byte	23                              @ Abbrev [23] 0x49d:0x72 DW_TAG_structure_type
	.long	.Linfo_string130                @ DW_AT_name
	.byte	14                              @ DW_AT_byte_size
	.byte	8                               @ DW_AT_decl_file
	.short	647                             @ DW_AT_decl_line
	.byte	22                              @ Abbrev [22] 0x4a6:0xd DW_TAG_member
	.long	.Linfo_string122                @ DW_AT_name
	.long	621                             @ DW_AT_type
	.byte	8                               @ DW_AT_decl_file
	.short	651                             @ DW_AT_decl_line
	.byte	0                               @ DW_AT_data_member_location
	.byte	22                              @ Abbrev [22] 0x4b3:0xd DW_TAG_member
	.long	.Linfo_string123                @ DW_AT_name
	.long	621                             @ DW_AT_type
	.byte	8                               @ DW_AT_decl_file
	.short	653                             @ DW_AT_decl_line
	.byte	1                               @ DW_AT_data_member_location
	.byte	22                              @ Abbrev [22] 0x4c0:0xd DW_TAG_member
	.long	.Linfo_string124                @ DW_AT_name
	.long	857                             @ DW_AT_type
	.byte	8                               @ DW_AT_decl_file
	.short	655                             @ DW_AT_decl_line
	.byte	2                               @ DW_AT_data_member_location
	.byte	22                              @ Abbrev [22] 0x4cd:0xd DW_TAG_member
	.long	.Linfo_string125                @ DW_AT_name
	.long	857                             @ DW_AT_type
	.byte	8                               @ DW_AT_decl_file
	.short	657                             @ DW_AT_decl_line
	.byte	4                               @ DW_AT_data_member_location
	.byte	22                              @ Abbrev [22] 0x4da:0xd DW_TAG_member
	.long	.Linfo_string126                @ DW_AT_name
	.long	857                             @ DW_AT_type
	.byte	8                               @ DW_AT_decl_file
	.short	659                             @ DW_AT_decl_line
	.byte	6                               @ DW_AT_data_member_location
	.byte	22                              @ Abbrev [22] 0x4e7:0xd DW_TAG_member
	.long	.Linfo_string127                @ DW_AT_name
	.long	857                             @ DW_AT_type
	.byte	8                               @ DW_AT_decl_file
	.short	661                             @ DW_AT_decl_line
	.byte	8                               @ DW_AT_data_member_location
	.byte	22                              @ Abbrev [22] 0x4f4:0xd DW_TAG_member
	.long	.Linfo_string128                @ DW_AT_name
	.long	857                             @ DW_AT_type
	.byte	8                               @ DW_AT_decl_file
	.short	663                             @ DW_AT_decl_line
	.byte	10                              @ DW_AT_data_member_location
	.byte	22                              @ Abbrev [22] 0x501:0xd DW_TAG_member
	.long	.Linfo_string129                @ DW_AT_name
	.long	857                             @ DW_AT_type
	.byte	8                               @ DW_AT_decl_file
	.short	665                             @ DW_AT_decl_line
	.byte	12                              @ DW_AT_data_member_location
	.byte	0                               @ End Of Children Mark
	.byte	18                              @ Abbrev [18] 0x50f:0x11 DW_TAG_variable
	.long	.Linfo_string131                @ DW_AT_name
	.long	1312                            @ DW_AT_type
	.byte	4                               @ DW_AT_decl_file
	.byte	204                             @ DW_AT_decl_line
	.byte	5                               @ DW_AT_location
	.byte	3
	.long	set_dev_config_cmd
	.byte	12                              @ Abbrev [12] 0x520:0x5 DW_TAG_pointer_type
	.long	1317                            @ DW_AT_type
	.byte	23                              @ Abbrev [23] 0x525:0xcd DW_TAG_structure_type
	.long	.Linfo_string147                @ DW_AT_name
	.byte	44                              @ DW_AT_byte_size
	.byte	9                               @ DW_AT_decl_file
	.short	436                             @ DW_AT_decl_line
	.byte	22                              @ Abbrev [22] 0x52e:0xd DW_TAG_member
	.long	.Linfo_string122                @ DW_AT_name
	.long	621                             @ DW_AT_type
	.byte	9                               @ DW_AT_decl_file
	.short	441                             @ DW_AT_decl_line
	.byte	0                               @ DW_AT_data_member_location
	.byte	22                              @ Abbrev [22] 0x53b:0xd DW_TAG_member
	.long	.Linfo_string132                @ DW_AT_name
	.long	621                             @ DW_AT_type
	.byte	9                               @ DW_AT_decl_file
	.short	443                             @ DW_AT_decl_line
	.byte	1                               @ DW_AT_data_member_location
	.byte	22                              @ Abbrev [22] 0x548:0xd DW_TAG_member
	.long	.Linfo_string133                @ DW_AT_name
	.long	857                             @ DW_AT_type
	.byte	9                               @ DW_AT_decl_file
	.short	447                             @ DW_AT_decl_line
	.byte	2                               @ DW_AT_data_member_location
	.byte	22                              @ Abbrev [22] 0x555:0xd DW_TAG_member
	.long	.Linfo_string100                @ DW_AT_name
	.long	882                             @ DW_AT_type
	.byte	9                               @ DW_AT_decl_file
	.short	449                             @ DW_AT_decl_line
	.byte	4                               @ DW_AT_data_member_location
	.byte	22                              @ Abbrev [22] 0x562:0xd DW_TAG_member
	.long	.Linfo_string134                @ DW_AT_name
	.long	1522                            @ DW_AT_type
	.byte	9                               @ DW_AT_decl_file
	.short	451                             @ DW_AT_decl_line
	.byte	10                              @ DW_AT_data_member_location
	.byte	22                              @ Abbrev [22] 0x56f:0xd DW_TAG_member
	.long	.Linfo_string137                @ DW_AT_name
	.long	621                             @ DW_AT_type
	.byte	9                               @ DW_AT_decl_file
	.short	458                             @ DW_AT_decl_line
	.byte	26                              @ DW_AT_data_member_location
	.byte	22                              @ Abbrev [22] 0x57c:0xd DW_TAG_member
	.long	.Linfo_string138                @ DW_AT_name
	.long	621                             @ DW_AT_type
	.byte	9                               @ DW_AT_decl_file
	.short	473                             @ DW_AT_decl_line
	.byte	27                              @ DW_AT_data_member_location
	.byte	22                              @ Abbrev [22] 0x589:0xd DW_TAG_member
	.long	.Linfo_string139                @ DW_AT_name
	.long	857                             @ DW_AT_type
	.byte	9                               @ DW_AT_decl_file
	.short	475                             @ DW_AT_decl_line
	.byte	28                              @ DW_AT_data_member_location
	.byte	22                              @ Abbrev [22] 0x596:0xd DW_TAG_member
	.long	.Linfo_string140                @ DW_AT_name
	.long	857                             @ DW_AT_type
	.byte	9                               @ DW_AT_decl_file
	.short	477                             @ DW_AT_decl_line
	.byte	30                              @ DW_AT_data_member_location
	.byte	22                              @ Abbrev [22] 0x5a3:0xd DW_TAG_member
	.long	.Linfo_string141                @ DW_AT_name
	.long	857                             @ DW_AT_type
	.byte	9                               @ DW_AT_decl_file
	.short	479                             @ DW_AT_decl_line
	.byte	32                              @ DW_AT_data_member_location
	.byte	22                              @ Abbrev [22] 0x5b0:0xd DW_TAG_member
	.long	.Linfo_string142                @ DW_AT_name
	.long	857                             @ DW_AT_type
	.byte	9                               @ DW_AT_decl_file
	.short	481                             @ DW_AT_decl_line
	.byte	34                              @ DW_AT_data_member_location
	.byte	22                              @ Abbrev [22] 0x5bd:0xd DW_TAG_member
	.long	.Linfo_string143                @ DW_AT_name
	.long	857                             @ DW_AT_type
	.byte	9                               @ DW_AT_decl_file
	.short	483                             @ DW_AT_decl_line
	.byte	36                              @ DW_AT_data_member_location
	.byte	22                              @ Abbrev [22] 0x5ca:0xd DW_TAG_member
	.long	.Linfo_string144                @ DW_AT_name
	.long	857                             @ DW_AT_type
	.byte	9                               @ DW_AT_decl_file
	.short	486                             @ DW_AT_decl_line
	.byte	38                              @ DW_AT_data_member_location
	.byte	22                              @ Abbrev [22] 0x5d7:0xd DW_TAG_member
	.long	.Linfo_string145                @ DW_AT_name
	.long	857                             @ DW_AT_type
	.byte	9                               @ DW_AT_decl_file
	.short	488                             @ DW_AT_decl_line
	.byte	40                              @ DW_AT_data_member_location
	.byte	22                              @ Abbrev [22] 0x5e4:0xd DW_TAG_member
	.long	.Linfo_string146                @ DW_AT_name
	.long	621                             @ DW_AT_type
	.byte	9                               @ DW_AT_decl_file
	.short	490                             @ DW_AT_decl_line
	.byte	42                              @ DW_AT_data_member_location
	.byte	0                               @ End Of Children Mark
	.byte	23                              @ Abbrev [23] 0x5f2:0x17 DW_TAG_structure_type
	.long	.Linfo_string136                @ DW_AT_name
	.byte	16                              @ DW_AT_byte_size
	.byte	10                              @ DW_AT_decl_file
	.short	435                             @ DW_AT_decl_line
	.byte	22                              @ Abbrev [22] 0x5fb:0xd DW_TAG_member
	.long	.Linfo_string135                @ DW_AT_name
	.long	1545                            @ DW_AT_type
	.byte	10                              @ DW_AT_decl_file
	.short	438                             @ DW_AT_decl_line
	.byte	0                               @ DW_AT_data_member_location
	.byte	0                               @ End Of Children Mark
	.byte	3                               @ Abbrev [3] 0x609:0xc DW_TAG_array_type
	.long	621                             @ DW_AT_type
	.byte	4                               @ Abbrev [4] 0x60e:0x6 DW_TAG_subrange_type
	.long	632                             @ DW_AT_type
	.byte	16                              @ DW_AT_count
	.byte	0                               @ End Of Children Mark
	.byte	18                              @ Abbrev [18] 0x615:0x11 DW_TAG_variable
	.long	.Linfo_string148                @ DW_AT_name
	.long	1574                            @ DW_AT_type
	.byte	4                               @ DW_AT_decl_file
	.byte	206                             @ DW_AT_decl_line
	.byte	5                               @ DW_AT_location
	.byte	3
	.long	adv_cmd
	.byte	12                              @ Abbrev [12] 0x626:0x5 DW_TAG_pointer_type
	.long	1579                            @ DW_AT_type
	.byte	23                              @ Abbrev [23] 0x62b:0x4b DW_TAG_structure_type
	.long	.Linfo_string168                @ DW_AT_name
	.byte	82                              @ DW_AT_byte_size
	.byte	9                               @ DW_AT_decl_file
	.short	717                             @ DW_AT_decl_line
	.byte	22                              @ Abbrev [22] 0x634:0xd DW_TAG_member
	.long	.Linfo_string149                @ DW_AT_name
	.long	1654                            @ DW_AT_type
	.byte	9                               @ DW_AT_decl_file
	.short	724                             @ DW_AT_decl_line
	.byte	0                               @ DW_AT_data_member_location
	.byte	22                              @ Abbrev [22] 0x641:0xd DW_TAG_member
	.long	.Linfo_string124                @ DW_AT_name
	.long	857                             @ DW_AT_type
	.byte	9                               @ DW_AT_decl_file
	.short	727                             @ DW_AT_decl_line
	.byte	4                               @ DW_AT_data_member_location
	.byte	22                              @ Abbrev [22] 0x64e:0xd DW_TAG_member
	.long	.Linfo_string125                @ DW_AT_name
	.long	857                             @ DW_AT_type
	.byte	9                               @ DW_AT_decl_file
	.short	729                             @ DW_AT_decl_line
	.byte	6                               @ DW_AT_data_member_location
	.byte	22                              @ Abbrev [22] 0x65b:0xd DW_TAG_member
	.long	.Linfo_string154                @ DW_AT_name
	.long	621                             @ DW_AT_type
	.byte	9                               @ DW_AT_decl_file
	.short	732                             @ DW_AT_decl_line
	.byte	8                               @ DW_AT_data_member_location
	.byte	22                              @ Abbrev [22] 0x668:0xd DW_TAG_member
	.long	.Linfo_string155                @ DW_AT_name
	.long	1703                            @ DW_AT_type
	.byte	9                               @ DW_AT_decl_file
	.short	742                             @ DW_AT_decl_line
	.byte	9                               @ DW_AT_data_member_location
	.byte	0                               @ End Of Children Mark
	.byte	23                              @ Abbrev [23] 0x676:0x31 DW_TAG_structure_type
	.long	.Linfo_string153                @ DW_AT_name
	.byte	4                               @ DW_AT_byte_size
	.byte	9                               @ DW_AT_decl_file
	.short	698                             @ DW_AT_decl_line
	.byte	22                              @ Abbrev [22] 0x67f:0xd DW_TAG_member
	.long	.Linfo_string150                @ DW_AT_name
	.long	621                             @ DW_AT_type
	.byte	9                               @ DW_AT_decl_file
	.short	701                             @ DW_AT_decl_line
	.byte	0                               @ DW_AT_data_member_location
	.byte	22                              @ Abbrev [22] 0x68c:0xd DW_TAG_member
	.long	.Linfo_string151                @ DW_AT_name
	.long	621                             @ DW_AT_type
	.byte	9                               @ DW_AT_decl_file
	.short	709                             @ DW_AT_decl_line
	.byte	1                               @ DW_AT_data_member_location
	.byte	22                              @ Abbrev [22] 0x699:0xd DW_TAG_member
	.long	.Linfo_string152                @ DW_AT_name
	.long	857                             @ DW_AT_type
	.byte	9                               @ DW_AT_decl_file
	.short	712                             @ DW_AT_decl_line
	.byte	2                               @ DW_AT_data_member_location
	.byte	0                               @ End Of Children Mark
	.byte	25                              @ Abbrev [25] 0x6a7:0x24 DW_TAG_union_type
	.long	.Linfo_string167                @ DW_AT_name
	.byte	73                              @ DW_AT_byte_size
	.byte	9                               @ DW_AT_decl_file
	.short	735                             @ DW_AT_decl_line
	.byte	22                              @ Abbrev [22] 0x6b0:0xd DW_TAG_member
	.long	.Linfo_string156                @ DW_AT_name
	.long	1739                            @ DW_AT_type
	.byte	9                               @ DW_AT_decl_file
	.short	738                             @ DW_AT_decl_line
	.byte	0                               @ DW_AT_data_member_location
	.byte	22                              @ Abbrev [22] 0x6bd:0xd DW_TAG_member
	.long	.Linfo_string166                @ DW_AT_name
	.long	1852                            @ DW_AT_type
	.byte	9                               @ DW_AT_decl_file
	.short	741                             @ DW_AT_decl_line
	.byte	0                               @ DW_AT_data_member_location
	.byte	0                               @ End Of Children Mark
	.byte	23                              @ Abbrev [23] 0x6cb:0x65 DW_TAG_structure_type
	.long	.Linfo_string165                @ DW_AT_name
	.byte	73                              @ DW_AT_byte_size
	.byte	9                               @ DW_AT_decl_file
	.short	665                             @ DW_AT_decl_line
	.byte	22                              @ Abbrev [22] 0x6d4:0xd DW_TAG_member
	.long	.Linfo_string157                @ DW_AT_name
	.long	621                             @ DW_AT_type
	.byte	9                               @ DW_AT_decl_file
	.short	672                             @ DW_AT_decl_line
	.byte	0                               @ DW_AT_data_member_location
	.byte	22                              @ Abbrev [22] 0x6e1:0xd DW_TAG_member
	.long	.Linfo_string158                @ DW_AT_name
	.long	621                             @ DW_AT_type
	.byte	9                               @ DW_AT_decl_file
	.short	682                             @ DW_AT_decl_line
	.byte	1                               @ DW_AT_data_member_location
	.byte	22                              @ Abbrev [22] 0x6ee:0xd DW_TAG_member
	.long	.Linfo_string159                @ DW_AT_name
	.long	621                             @ DW_AT_type
	.byte	9                               @ DW_AT_decl_file
	.short	686                             @ DW_AT_decl_line
	.byte	2                               @ DW_AT_data_member_location
	.byte	22                              @ Abbrev [22] 0x6fb:0xd DW_TAG_member
	.long	.Linfo_string160                @ DW_AT_name
	.long	1840                            @ DW_AT_type
	.byte	9                               @ DW_AT_decl_file
	.short	688                             @ DW_AT_decl_line
	.byte	3                               @ DW_AT_data_member_location
	.byte	22                              @ Abbrev [22] 0x708:0xd DW_TAG_member
	.long	.Linfo_string161                @ DW_AT_name
	.long	621                             @ DW_AT_type
	.byte	9                               @ DW_AT_decl_file
	.short	690                             @ DW_AT_decl_line
	.byte	34                              @ DW_AT_data_member_location
	.byte	22                              @ Abbrev [22] 0x715:0xd DW_TAG_member
	.long	.Linfo_string162                @ DW_AT_name
	.long	1840                            @ DW_AT_type
	.byte	9                               @ DW_AT_decl_file
	.short	692                             @ DW_AT_decl_line
	.byte	35                              @ DW_AT_data_member_location
	.byte	22                              @ Abbrev [22] 0x722:0xd DW_TAG_member
	.long	.Linfo_string163                @ DW_AT_name
	.long	1852                            @ DW_AT_type
	.byte	9                               @ DW_AT_decl_file
	.short	694                             @ DW_AT_decl_line
	.byte	66                              @ DW_AT_data_member_location
	.byte	0                               @ End Of Children Mark
	.byte	3                               @ Abbrev [3] 0x730:0xc DW_TAG_array_type
	.long	621                             @ DW_AT_type
	.byte	4                               @ Abbrev [4] 0x735:0x6 DW_TAG_subrange_type
	.long	632                             @ DW_AT_type
	.byte	31                              @ DW_AT_count
	.byte	0                               @ End Of Children Mark
	.byte	23                              @ Abbrev [23] 0x73c:0x24 DW_TAG_structure_type
	.long	.Linfo_string164                @ DW_AT_name
	.byte	7                               @ DW_AT_byte_size
	.byte	10                              @ DW_AT_decl_file
	.short	425                             @ DW_AT_decl_line
	.byte	22                              @ Abbrev [22] 0x745:0xd DW_TAG_member
	.long	.Linfo_string100                @ DW_AT_name
	.long	882                             @ DW_AT_type
	.byte	10                              @ DW_AT_decl_file
	.short	428                             @ DW_AT_decl_line
	.byte	0                               @ DW_AT_data_member_location
	.byte	22                              @ Abbrev [22] 0x752:0xd DW_TAG_member
	.long	.Linfo_string137                @ DW_AT_name
	.long	621                             @ DW_AT_type
	.byte	10                              @ DW_AT_decl_file
	.short	430                             @ DW_AT_decl_line
	.byte	6                               @ DW_AT_data_member_location
	.byte	0                               @ End Of Children Mark
	.byte	18                              @ Abbrev [18] 0x760:0x11 DW_TAG_variable
	.long	.Linfo_string169                @ DW_AT_name
	.long	1905                            @ DW_AT_type
	.byte	4                               @ DW_AT_decl_file
	.byte	208                             @ DW_AT_decl_line
	.byte	5                               @ DW_AT_location
	.byte	3
	.long	start_connection_cmd
	.byte	12                              @ Abbrev [12] 0x771:0x5 DW_TAG_pointer_type
	.long	1910                            @ DW_AT_type
	.byte	23                              @ Abbrev [23] 0x776:0x99 DW_TAG_structure_type
	.long	.Linfo_string178                @ DW_AT_name
	.byte	22                              @ DW_AT_byte_size
	.byte	9                               @ DW_AT_decl_file
	.short	802                             @ DW_AT_decl_line
	.byte	22                              @ Abbrev [22] 0x77f:0xd DW_TAG_member
	.long	.Linfo_string149                @ DW_AT_name
	.long	1654                            @ DW_AT_type
	.byte	9                               @ DW_AT_decl_file
	.short	810                             @ DW_AT_decl_line
	.byte	0                               @ DW_AT_data_member_location
	.byte	22                              @ Abbrev [22] 0x78c:0xd DW_TAG_member
	.long	.Linfo_string170                @ DW_AT_name
	.long	857                             @ DW_AT_type
	.byte	9                               @ DW_AT_decl_file
	.short	813                             @ DW_AT_decl_line
	.byte	4                               @ DW_AT_data_member_location
	.byte	22                              @ Abbrev [22] 0x799:0xd DW_TAG_member
	.long	.Linfo_string171                @ DW_AT_name
	.long	857                             @ DW_AT_type
	.byte	9                               @ DW_AT_decl_file
	.short	815                             @ DW_AT_decl_line
	.byte	6                               @ DW_AT_data_member_location
	.byte	22                              @ Abbrev [22] 0x7a6:0xd DW_TAG_member
	.long	.Linfo_string172                @ DW_AT_name
	.long	857                             @ DW_AT_type
	.byte	9                               @ DW_AT_decl_file
	.short	818                             @ DW_AT_decl_line
	.byte	8                               @ DW_AT_data_member_location
	.byte	22                              @ Abbrev [22] 0x7b3:0xd DW_TAG_member
	.long	.Linfo_string173                @ DW_AT_name
	.long	857                             @ DW_AT_type
	.byte	9                               @ DW_AT_decl_file
	.short	820                             @ DW_AT_decl_line
	.byte	10                              @ DW_AT_data_member_location
	.byte	22                              @ Abbrev [22] 0x7c0:0xd DW_TAG_member
	.long	.Linfo_string174                @ DW_AT_name
	.long	857                             @ DW_AT_type
	.byte	9                               @ DW_AT_decl_file
	.short	822                             @ DW_AT_decl_line
	.byte	12                              @ DW_AT_data_member_location
	.byte	22                              @ Abbrev [22] 0x7cd:0xd DW_TAG_member
	.long	.Linfo_string175                @ DW_AT_name
	.long	857                             @ DW_AT_type
	.byte	9                               @ DW_AT_decl_file
	.short	824                             @ DW_AT_decl_line
	.byte	14                              @ DW_AT_data_member_location
	.byte	22                              @ Abbrev [22] 0x7da:0xd DW_TAG_member
	.long	.Linfo_string128                @ DW_AT_name
	.long	857                             @ DW_AT_type
	.byte	9                               @ DW_AT_decl_file
	.short	826                             @ DW_AT_decl_line
	.byte	16                              @ DW_AT_data_member_location
	.byte	22                              @ Abbrev [22] 0x7e7:0xd DW_TAG_member
	.long	.Linfo_string129                @ DW_AT_name
	.long	857                             @ DW_AT_type
	.byte	9                               @ DW_AT_decl_file
	.short	828                             @ DW_AT_decl_line
	.byte	18                              @ DW_AT_data_member_location
	.byte	22                              @ Abbrev [22] 0x7f4:0xd DW_TAG_member
	.long	.Linfo_string176                @ DW_AT_name
	.long	621                             @ DW_AT_type
	.byte	9                               @ DW_AT_decl_file
	.short	833                             @ DW_AT_decl_line
	.byte	20                              @ DW_AT_data_member_location
	.byte	22                              @ Abbrev [22] 0x801:0xd DW_TAG_member
	.long	.Linfo_string177                @ DW_AT_name
	.long	2063                            @ DW_AT_type
	.byte	9                               @ DW_AT_decl_file
	.short	836                             @ DW_AT_decl_line
	.byte	21                              @ DW_AT_data_member_location
	.byte	0                               @ End Of Children Mark
	.byte	3                               @ Abbrev [3] 0x80f:0xb DW_TAG_array_type
	.long	1852                            @ DW_AT_type
	.byte	26                              @ Abbrev [26] 0x814:0x5 DW_TAG_subrange_type
	.long	632                             @ DW_AT_type
	.byte	0                               @ End Of Children Mark
	.byte	18                              @ Abbrev [18] 0x81a:0x11 DW_TAG_variable
	.long	.Linfo_string179                @ DW_AT_name
	.long	2091                            @ DW_AT_type
	.byte	4                               @ DW_AT_decl_file
	.byte	210                             @ DW_AT_decl_line
	.byte	5                               @ DW_AT_location
	.byte	3
	.long	start_scan_cmd
	.byte	12                              @ Abbrev [12] 0x82b:0x5 DW_TAG_pointer_type
	.long	2096                            @ DW_AT_type
	.byte	23                              @ Abbrev [23] 0x830:0x58 DW_TAG_structure_type
	.long	.Linfo_string184                @ DW_AT_name
	.byte	12                              @ DW_AT_byte_size
	.byte	9                               @ DW_AT_decl_file
	.short	764                             @ DW_AT_decl_line
	.byte	22                              @ Abbrev [22] 0x839:0xd DW_TAG_member
	.long	.Linfo_string149                @ DW_AT_name
	.long	1654                            @ DW_AT_type
	.byte	9                               @ DW_AT_decl_file
	.short	769                             @ DW_AT_decl_line
	.byte	0                               @ DW_AT_data_member_location
	.byte	22                              @ Abbrev [22] 0x846:0xd DW_TAG_member
	.long	.Linfo_string180                @ DW_AT_name
	.long	857                             @ DW_AT_type
	.byte	9                               @ DW_AT_decl_file
	.short	772                             @ DW_AT_decl_line
	.byte	4                               @ DW_AT_data_member_location
	.byte	22                              @ Abbrev [22] 0x853:0xd DW_TAG_member
	.long	.Linfo_string181                @ DW_AT_name
	.long	857                             @ DW_AT_type
	.byte	9                               @ DW_AT_decl_file
	.short	774                             @ DW_AT_decl_line
	.byte	6                               @ DW_AT_data_member_location
	.byte	22                              @ Abbrev [22] 0x860:0xd DW_TAG_member
	.long	.Linfo_string157                @ DW_AT_name
	.long	621                             @ DW_AT_type
	.byte	9                               @ DW_AT_decl_file
	.short	780                             @ DW_AT_decl_line
	.byte	8                               @ DW_AT_data_member_location
	.byte	22                              @ Abbrev [22] 0x86d:0xd DW_TAG_member
	.long	.Linfo_string182                @ DW_AT_name
	.long	621                             @ DW_AT_type
	.byte	9                               @ DW_AT_decl_file
	.short	785                             @ DW_AT_decl_line
	.byte	9                               @ DW_AT_data_member_location
	.byte	22                              @ Abbrev [22] 0x87a:0xd DW_TAG_member
	.long	.Linfo_string183                @ DW_AT_name
	.long	621                             @ DW_AT_type
	.byte	9                               @ DW_AT_decl_file
	.short	789                             @ DW_AT_decl_line
	.byte	10                              @ DW_AT_data_member_location
	.byte	0                               @ End Of Children Mark
	.byte	18                              @ Abbrev [18] 0x888:0x13 DW_TAG_variable
	.long	.Linfo_string185                @ DW_AT_name
	.long	2203                            @ DW_AT_type
	.byte	4                               @ DW_AT_decl_file
	.byte	212                             @ DW_AT_decl_line
	.byte	7                               @ DW_AT_location
	.byte	3
	.long	.L_MergedGlobals
	.byte	35
	.byte	2
	.byte	11                              @ Abbrev [11] 0x89b:0xb DW_TAG_typedef
	.long	621                             @ DW_AT_type
	.long	.Linfo_string186                @ DW_AT_name
	.byte	11                              @ DW_AT_decl_file
	.byte	55                              @ DW_AT_decl_line
	.byte	18                              @ Abbrev [18] 0x8a6:0x13 DW_TAG_variable
	.long	.Linfo_string187                @ DW_AT_name
	.long	592                             @ DW_AT_type
	.byte	4                               @ DW_AT_decl_file
	.byte	214                             @ DW_AT_decl_line
	.byte	7                               @ DW_AT_location
	.byte	3
	.long	.L_MergedGlobals
	.byte	35
	.byte	4
	.byte	27                              @ Abbrev [27] 0x8b9:0xb DW_TAG_variable
	.long	.Linfo_string188                @ DW_AT_name
	.long	2244                            @ DW_AT_type
	.byte	12                              @ DW_AT_decl_file
	.byte	184                             @ DW_AT_decl_line
	.byte	3                               @ Abbrev [3] 0x8c4:0xc DW_TAG_array_type
	.long	67                              @ DW_AT_type
	.byte	4                               @ Abbrev [4] 0x8c9:0x6 DW_TAG_subrange_type
	.long	632                             @ DW_AT_type
	.byte	1                               @ DW_AT_count
	.byte	0                               @ End Of Children Mark
	.byte	18                              @ Abbrev [18] 0x8d0:0x11 DW_TAG_variable
	.long	.Linfo_string189                @ DW_AT_name
	.long	2273                            @ DW_AT_type
	.byte	4                               @ DW_AT_decl_file
	.byte	196                             @ DW_AT_decl_line
	.byte	5                               @ DW_AT_location
	.byte	3
	.long	TASK_DESC_APP
	.byte	5                               @ Abbrev [5] 0x8e1:0x5 DW_TAG_const_type
	.long	2278                            @ DW_AT_type
	.byte	6                               @ Abbrev [6] 0x8e6:0x45 DW_TAG_structure_type
	.long	.Linfo_string205                @ DW_AT_name
	.byte	16                              @ DW_AT_byte_size
	.byte	14                              @ DW_AT_decl_file
	.byte	111                             @ DW_AT_decl_line
	.byte	7                               @ Abbrev [7] 0x8ee:0xc DW_TAG_member
	.long	.Linfo_string190                @ DW_AT_name
	.long	2347                            @ DW_AT_type
	.byte	14                              @ DW_AT_decl_file
	.byte	114                             @ DW_AT_decl_line
	.byte	0                               @ DW_AT_data_member_location
	.byte	7                               @ Abbrev [7] 0x8fa:0xc DW_TAG_member
	.long	.Linfo_string201                @ DW_AT_name
	.long	2347                            @ DW_AT_type
	.byte	14                              @ DW_AT_decl_file
	.byte	116                             @ DW_AT_decl_line
	.byte	4                               @ DW_AT_data_member_location
	.byte	7                               @ Abbrev [7] 0x906:0xc DW_TAG_member
	.long	.Linfo_string152                @ DW_AT_name
	.long	2520                            @ DW_AT_type
	.byte	14                              @ DW_AT_decl_file
	.byte	118                             @ DW_AT_decl_line
	.byte	8                               @ DW_AT_data_member_location
	.byte	7                               @ Abbrev [7] 0x912:0xc DW_TAG_member
	.long	.Linfo_string203                @ DW_AT_name
	.long	857                             @ DW_AT_type
	.byte	14                              @ DW_AT_decl_file
	.byte	120                             @ DW_AT_decl_line
	.byte	12                              @ DW_AT_data_member_location
	.byte	7                               @ Abbrev [7] 0x91e:0xc DW_TAG_member
	.long	.Linfo_string204                @ DW_AT_name
	.long	857                             @ DW_AT_type
	.byte	14                              @ DW_AT_decl_file
	.byte	122                             @ DW_AT_decl_line
	.byte	14                              @ DW_AT_data_member_location
	.byte	0                               @ End Of Children Mark
	.byte	12                              @ Abbrev [12] 0x92b:0x5 DW_TAG_pointer_type
	.long	2352                            @ DW_AT_type
	.byte	5                               @ Abbrev [5] 0x930:0x5 DW_TAG_const_type
	.long	2357                            @ DW_AT_type
	.byte	6                               @ Abbrev [6] 0x935:0x21 DW_TAG_structure_type
	.long	.Linfo_string200                @ DW_AT_name
	.byte	8                               @ DW_AT_byte_size
	.byte	14                              @ DW_AT_decl_file
	.byte	96                              @ DW_AT_decl_line
	.byte	7                               @ Abbrev [7] 0x93d:0xc DW_TAG_member
	.long	.Linfo_string191                @ DW_AT_name
	.long	2390                            @ DW_AT_type
	.byte	14                              @ DW_AT_decl_file
	.byte	99                              @ DW_AT_decl_line
	.byte	0                               @ DW_AT_data_member_location
	.byte	7                               @ Abbrev [7] 0x949:0xc DW_TAG_member
	.long	.Linfo_string199                @ DW_AT_name
	.long	857                             @ DW_AT_type
	.byte	14                              @ DW_AT_decl_file
	.byte	101                             @ DW_AT_decl_line
	.byte	4                               @ DW_AT_data_member_location
	.byte	0                               @ End Of Children Mark
	.byte	12                              @ Abbrev [12] 0x956:0x5 DW_TAG_pointer_type
	.long	2395                            @ DW_AT_type
	.byte	5                               @ Abbrev [5] 0x95b:0x5 DW_TAG_const_type
	.long	2400                            @ DW_AT_type
	.byte	6                               @ Abbrev [6] 0x960:0x21 DW_TAG_structure_type
	.long	.Linfo_string198                @ DW_AT_name
	.byte	8                               @ DW_AT_byte_size
	.byte	14                              @ DW_AT_decl_file
	.byte	87                              @ DW_AT_decl_line
	.byte	7                               @ Abbrev [7] 0x968:0xc DW_TAG_member
	.long	.Linfo_string192                @ DW_AT_name
	.long	2433                            @ DW_AT_type
	.byte	14                              @ DW_AT_decl_file
	.byte	90                              @ DW_AT_decl_line
	.byte	0                               @ DW_AT_data_member_location
	.byte	7                               @ Abbrev [7] 0x974:0xc DW_TAG_member
	.long	.Linfo_string194                @ DW_AT_name
	.long	2444                            @ DW_AT_type
	.byte	14                              @ DW_AT_decl_file
	.byte	92                              @ DW_AT_decl_line
	.byte	4                               @ DW_AT_data_member_location
	.byte	0                               @ End Of Children Mark
	.byte	11                              @ Abbrev [11] 0x981:0xb DW_TAG_typedef
	.long	857                             @ DW_AT_type
	.long	.Linfo_string193                @ DW_AT_name
	.byte	13                              @ DW_AT_decl_file
	.byte	78                              @ DW_AT_decl_line
	.byte	11                              @ Abbrev [11] 0x98c:0xb DW_TAG_typedef
	.long	2455                            @ DW_AT_type
	.long	.Linfo_string197                @ DW_AT_name
	.byte	14                              @ DW_AT_decl_file
	.byte	64                              @ DW_AT_decl_line
	.byte	12                              @ Abbrev [12] 0x997:0x5 DW_TAG_pointer_type
	.long	2460                            @ DW_AT_type
	.byte	28                              @ Abbrev [28] 0x99c:0x1a DW_TAG_subroutine_type
	.long	2486                            @ DW_AT_type
                                        @ DW_AT_prototyped
	.byte	15                              @ Abbrev [15] 0x9a1:0x5 DW_TAG_formal_parameter
	.long	2493                            @ DW_AT_type
	.byte	15                              @ Abbrev [15] 0x9a6:0x5 DW_TAG_formal_parameter
	.long	2498                            @ DW_AT_type
	.byte	15                              @ Abbrev [15] 0x9ab:0x5 DW_TAG_formal_parameter
	.long	2504                            @ DW_AT_type
	.byte	15                              @ Abbrev [15] 0x9b0:0x5 DW_TAG_formal_parameter
	.long	2504                            @ DW_AT_type
	.byte	0                               @ End Of Children Mark
	.byte	10                              @ Abbrev [10] 0x9b6:0x7 DW_TAG_base_type
	.long	.Linfo_string195                @ DW_AT_name
	.byte	5                               @ DW_AT_encoding
	.byte	4                               @ DW_AT_byte_size
	.byte	5                               @ Abbrev [5] 0x9bd:0x5 DW_TAG_const_type
	.long	2433                            @ DW_AT_type
	.byte	12                              @ Abbrev [12] 0x9c2:0x5 DW_TAG_pointer_type
	.long	2503                            @ DW_AT_type
	.byte	29                              @ Abbrev [29] 0x9c7:0x1 DW_TAG_const_type
	.byte	5                               @ Abbrev [5] 0x9c8:0x5 DW_TAG_const_type
	.long	2509                            @ DW_AT_type
	.byte	11                              @ Abbrev [11] 0x9cd:0xb DW_TAG_typedef
	.long	857                             @ DW_AT_type
	.long	.Linfo_string196                @ DW_AT_name
	.byte	13                              @ DW_AT_decl_file
	.byte	60                              @ DW_AT_decl_line
	.byte	12                              @ Abbrev [12] 0x9d8:0x5 DW_TAG_pointer_type
	.long	2525                            @ DW_AT_type
	.byte	11                              @ Abbrev [11] 0x9dd:0xb DW_TAG_typedef
	.long	621                             @ DW_AT_type
	.long	.Linfo_string202                @ DW_AT_name
	.byte	13                              @ DW_AT_decl_file
	.byte	72                              @ DW_AT_decl_line
	.byte	21                              @ Abbrev [21] 0x9e8:0xe DW_TAG_variable
	.long	2550                            @ DW_AT_type
	.byte	4                               @ DW_AT_decl_file
	.short	512                             @ DW_AT_decl_line
	.byte	5                               @ DW_AT_location
	.byte	3
	.long	.L.str.1
	.byte	3                               @ Abbrev [3] 0x9f6:0xc DW_TAG_array_type
	.long	736                             @ DW_AT_type
	.byte	4                               @ Abbrev [4] 0x9fb:0x6 DW_TAG_subrange_type
	.long	632                             @ DW_AT_type
	.byte	23                              @ DW_AT_count
	.byte	0                               @ End Of Children Mark
	.byte	30                              @ Abbrev [30] 0xa02:0x8 DW_TAG_variable
	.long	2570                            @ DW_AT_type
	.byte	4                               @ DW_AT_decl_file
	.short	514                             @ DW_AT_decl_line
	.byte	3                               @ Abbrev [3] 0xa0a:0xc DW_TAG_array_type
	.long	736                             @ DW_AT_type
	.byte	4                               @ Abbrev [4] 0xa0f:0x6 DW_TAG_subrange_type
	.long	632                             @ DW_AT_type
	.byte	1                               @ DW_AT_count
	.byte	0                               @ End Of Children Mark
	.byte	18                              @ Abbrev [18] 0xa16:0x11 DW_TAG_variable
	.long	.Linfo_string206                @ DW_AT_name
	.long	2599                            @ DW_AT_type
	.byte	16                              @ DW_AT_decl_file
	.byte	84                              @ DW_AT_decl_line
	.byte	5                               @ DW_AT_location
	.byte	3
	.long	user_adv_conf
	.byte	5                               @ Abbrev [5] 0xa27:0x5 DW_TAG_const_type
	.long	2604                            @ DW_AT_type
	.byte	6                               @ Abbrev [6] 0xa2c:0x69 DW_TAG_structure_type
	.long	.Linfo_string207                @ DW_AT_name
	.byte	16                              @ DW_AT_byte_size
	.byte	15                              @ DW_AT_decl_file
	.byte	180                             @ DW_AT_decl_line
	.byte	7                               @ Abbrev [7] 0xa34:0xc DW_TAG_member
	.long	.Linfo_string151                @ DW_AT_name
	.long	621                             @ DW_AT_type
	.byte	15                              @ DW_AT_decl_file
	.byte	187                             @ DW_AT_decl_line
	.byte	0                               @ DW_AT_data_member_location
	.byte	7                               @ Abbrev [7] 0xa40:0xc DW_TAG_member
	.long	.Linfo_string124                @ DW_AT_name
	.long	857                             @ DW_AT_type
	.byte	15                              @ DW_AT_decl_file
	.byte	190                             @ DW_AT_decl_line
	.byte	2                               @ DW_AT_data_member_location
	.byte	7                               @ Abbrev [7] 0xa4c:0xc DW_TAG_member
	.long	.Linfo_string125                @ DW_AT_name
	.long	857                             @ DW_AT_type
	.byte	15                              @ DW_AT_decl_file
	.byte	193                             @ DW_AT_decl_line
	.byte	4                               @ DW_AT_data_member_location
	.byte	7                               @ Abbrev [7] 0xa58:0xc DW_TAG_member
	.long	.Linfo_string154                @ DW_AT_name
	.long	621                             @ DW_AT_type
	.byte	15                              @ DW_AT_decl_file
	.byte	196                             @ DW_AT_decl_line
	.byte	6                               @ DW_AT_data_member_location
	.byte	7                               @ Abbrev [7] 0xa64:0xc DW_TAG_member
	.long	.Linfo_string157                @ DW_AT_name
	.long	621                             @ DW_AT_type
	.byte	15                              @ DW_AT_decl_file
	.byte	209                             @ DW_AT_decl_line
	.byte	7                               @ DW_AT_data_member_location
	.byte	7                               @ Abbrev [7] 0xa70:0xc DW_TAG_member
	.long	.Linfo_string158                @ DW_AT_name
	.long	621                             @ DW_AT_type
	.byte	15                              @ DW_AT_decl_file
	.byte	219                             @ DW_AT_decl_line
	.byte	8                               @ DW_AT_data_member_location
	.byte	7                               @ Abbrev [7] 0xa7c:0xc DW_TAG_member
	.long	.Linfo_string99                 @ DW_AT_name
	.long	905                             @ DW_AT_type
	.byte	15                              @ DW_AT_decl_file
	.byte	223                             @ DW_AT_decl_line
	.byte	9                               @ DW_AT_data_member_location
	.byte	7                               @ Abbrev [7] 0xa88:0xc DW_TAG_member
	.long	.Linfo_string98                 @ DW_AT_name
	.long	621                             @ DW_AT_type
	.byte	15                              @ DW_AT_decl_file
	.byte	227                             @ DW_AT_decl_line
	.byte	15                              @ DW_AT_data_member_location
	.byte	0                               @ End Of Children Mark
	.byte	27                              @ Abbrev [27] 0xa95:0xb DW_TAG_variable
	.long	.Linfo_string208                @ DW_AT_name
	.long	2720                            @ DW_AT_type
	.byte	16                              @ DW_AT_decl_file
	.byte	208                             @ DW_AT_decl_line
	.byte	5                               @ Abbrev [5] 0xaa0:0x5 DW_TAG_const_type
	.long	2725                            @ DW_AT_type
	.byte	6                               @ Abbrev [6] 0xaa5:0x51 DW_TAG_structure_type
	.long	.Linfo_string209                @ DW_AT_name
	.byte	12                              @ DW_AT_byte_size
	.byte	15                              @ DW_AT_decl_file
	.byte	231                             @ DW_AT_decl_line
	.byte	7                               @ Abbrev [7] 0xaad:0xc DW_TAG_member
	.long	.Linfo_string124                @ DW_AT_name
	.long	857                             @ DW_AT_type
	.byte	15                              @ DW_AT_decl_file
	.byte	233                             @ DW_AT_decl_line
	.byte	0                               @ DW_AT_data_member_location
	.byte	7                               @ Abbrev [7] 0xab9:0xc DW_TAG_member
	.long	.Linfo_string125                @ DW_AT_name
	.long	857                             @ DW_AT_type
	.byte	15                              @ DW_AT_decl_file
	.byte	236                             @ DW_AT_decl_line
	.byte	2                               @ DW_AT_data_member_location
	.byte	7                               @ Abbrev [7] 0xac5:0xc DW_TAG_member
	.long	.Linfo_string126                @ DW_AT_name
	.long	857                             @ DW_AT_type
	.byte	15                              @ DW_AT_decl_file
	.byte	239                             @ DW_AT_decl_line
	.byte	4                               @ DW_AT_data_member_location
	.byte	7                               @ Abbrev [7] 0xad1:0xc DW_TAG_member
	.long	.Linfo_string127                @ DW_AT_name
	.long	857                             @ DW_AT_type
	.byte	15                              @ DW_AT_decl_file
	.byte	242                             @ DW_AT_decl_line
	.byte	6                               @ DW_AT_data_member_location
	.byte	7                               @ Abbrev [7] 0xadd:0xc DW_TAG_member
	.long	.Linfo_string128                @ DW_AT_name
	.long	857                             @ DW_AT_type
	.byte	15                              @ DW_AT_decl_file
	.byte	245                             @ DW_AT_decl_line
	.byte	8                               @ DW_AT_data_member_location
	.byte	7                               @ Abbrev [7] 0xae9:0xc DW_TAG_member
	.long	.Linfo_string129                @ DW_AT_name
	.long	857                             @ DW_AT_type
	.byte	15                              @ DW_AT_decl_file
	.byte	248                             @ DW_AT_decl_line
	.byte	10                              @ DW_AT_data_member_location
	.byte	0                               @ End Of Children Mark
	.byte	31                              @ Abbrev [31] 0xaf6:0xc DW_TAG_variable
	.long	.Linfo_string210                @ DW_AT_name
	.long	2818                            @ DW_AT_type
	.byte	16                              @ DW_AT_decl_file
	.short	259                             @ DW_AT_decl_line
	.byte	5                               @ Abbrev [5] 0xb02:0x5 DW_TAG_const_type
	.long	2823                            @ DW_AT_type
	.byte	23                              @ Abbrev [23] 0xb07:0x15c DW_TAG_structure_type
	.long	.Linfo_string227                @ DW_AT_name
	.byte	74                              @ DW_AT_byte_size
	.byte	15                              @ DW_AT_decl_file
	.short	319                             @ DW_AT_decl_line
	.byte	22                              @ Abbrev [22] 0xb10:0xd DW_TAG_member
	.long	.Linfo_string150                @ DW_AT_name
	.long	621                             @ DW_AT_type
	.byte	15                              @ DW_AT_decl_file
	.short	326                             @ DW_AT_decl_line
	.byte	0                               @ DW_AT_data_member_location
	.byte	22                              @ Abbrev [22] 0xb1d:0xd DW_TAG_member
	.long	.Linfo_string151                @ DW_AT_name
	.long	621                             @ DW_AT_type
	.byte	15                              @ DW_AT_decl_file
	.short	332                             @ DW_AT_decl_line
	.byte	1                               @ DW_AT_data_member_location
	.byte	22                              @ Abbrev [22] 0xb2a:0xd DW_TAG_member
	.long	.Linfo_string170                @ DW_AT_name
	.long	857                             @ DW_AT_type
	.byte	15                              @ DW_AT_decl_file
	.short	335                             @ DW_AT_decl_line
	.byte	2                               @ DW_AT_data_member_location
	.byte	22                              @ Abbrev [22] 0xb37:0xd DW_TAG_member
	.long	.Linfo_string171                @ DW_AT_name
	.long	857                             @ DW_AT_type
	.byte	15                              @ DW_AT_decl_file
	.short	338                             @ DW_AT_decl_line
	.byte	4                               @ DW_AT_data_member_location
	.byte	22                              @ Abbrev [22] 0xb44:0xd DW_TAG_member
	.long	.Linfo_string172                @ DW_AT_name
	.long	857                             @ DW_AT_type
	.byte	15                              @ DW_AT_decl_file
	.short	341                             @ DW_AT_decl_line
	.byte	6                               @ DW_AT_data_member_location
	.byte	22                              @ Abbrev [22] 0xb51:0xd DW_TAG_member
	.long	.Linfo_string173                @ DW_AT_name
	.long	857                             @ DW_AT_type
	.byte	15                              @ DW_AT_decl_file
	.short	344                             @ DW_AT_decl_line
	.byte	8                               @ DW_AT_data_member_location
	.byte	22                              @ Abbrev [22] 0xb5e:0xd DW_TAG_member
	.long	.Linfo_string174                @ DW_AT_name
	.long	857                             @ DW_AT_type
	.byte	15                              @ DW_AT_decl_file
	.short	347                             @ DW_AT_decl_line
	.byte	10                              @ DW_AT_data_member_location
	.byte	22                              @ Abbrev [22] 0xb6b:0xd DW_TAG_member
	.long	.Linfo_string175                @ DW_AT_name
	.long	857                             @ DW_AT_type
	.byte	15                              @ DW_AT_decl_file
	.short	350                             @ DW_AT_decl_line
	.byte	12                              @ DW_AT_data_member_location
	.byte	22                              @ Abbrev [22] 0xb78:0xd DW_TAG_member
	.long	.Linfo_string128                @ DW_AT_name
	.long	857                             @ DW_AT_type
	.byte	15                              @ DW_AT_decl_file
	.short	353                             @ DW_AT_decl_line
	.byte	14                              @ DW_AT_data_member_location
	.byte	22                              @ Abbrev [22] 0xb85:0xd DW_TAG_member
	.long	.Linfo_string129                @ DW_AT_name
	.long	857                             @ DW_AT_type
	.byte	15                              @ DW_AT_decl_file
	.short	356                             @ DW_AT_decl_line
	.byte	16                              @ DW_AT_data_member_location
	.byte	22                              @ Abbrev [22] 0xb92:0xd DW_TAG_member
	.long	.Linfo_string211                @ DW_AT_name
	.long	905                             @ DW_AT_type
	.byte	15                              @ DW_AT_decl_file
	.short	364                             @ DW_AT_decl_line
	.byte	18                              @ DW_AT_data_member_location
	.byte	22                              @ Abbrev [22] 0xb9f:0xd DW_TAG_member
	.long	.Linfo_string212                @ DW_AT_name
	.long	621                             @ DW_AT_type
	.byte	15                              @ DW_AT_decl_file
	.short	367                             @ DW_AT_decl_line
	.byte	24                              @ DW_AT_data_member_location
	.byte	22                              @ Abbrev [22] 0xbac:0xd DW_TAG_member
	.long	.Linfo_string213                @ DW_AT_name
	.long	905                             @ DW_AT_type
	.byte	15                              @ DW_AT_decl_file
	.short	370                             @ DW_AT_decl_line
	.byte	25                              @ DW_AT_data_member_location
	.byte	22                              @ Abbrev [22] 0xbb9:0xd DW_TAG_member
	.long	.Linfo_string214                @ DW_AT_name
	.long	621                             @ DW_AT_type
	.byte	15                              @ DW_AT_decl_file
	.short	373                             @ DW_AT_decl_line
	.byte	31                              @ DW_AT_data_member_location
	.byte	22                              @ Abbrev [22] 0xbc6:0xd DW_TAG_member
	.long	.Linfo_string215                @ DW_AT_name
	.long	905                             @ DW_AT_type
	.byte	15                              @ DW_AT_decl_file
	.short	376                             @ DW_AT_decl_line
	.byte	32                              @ DW_AT_data_member_location
	.byte	22                              @ Abbrev [22] 0xbd3:0xd DW_TAG_member
	.long	.Linfo_string216                @ DW_AT_name
	.long	621                             @ DW_AT_type
	.byte	15                              @ DW_AT_decl_file
	.short	379                             @ DW_AT_decl_line
	.byte	38                              @ DW_AT_data_member_location
	.byte	22                              @ Abbrev [22] 0xbe0:0xd DW_TAG_member
	.long	.Linfo_string217                @ DW_AT_name
	.long	905                             @ DW_AT_type
	.byte	15                              @ DW_AT_decl_file
	.short	382                             @ DW_AT_decl_line
	.byte	39                              @ DW_AT_data_member_location
	.byte	22                              @ Abbrev [22] 0xbed:0xd DW_TAG_member
	.long	.Linfo_string218                @ DW_AT_name
	.long	621                             @ DW_AT_type
	.byte	15                              @ DW_AT_decl_file
	.short	385                             @ DW_AT_decl_line
	.byte	45                              @ DW_AT_data_member_location
	.byte	22                              @ Abbrev [22] 0xbfa:0xd DW_TAG_member
	.long	.Linfo_string219                @ DW_AT_name
	.long	905                             @ DW_AT_type
	.byte	15                              @ DW_AT_decl_file
	.short	388                             @ DW_AT_decl_line
	.byte	46                              @ DW_AT_data_member_location
	.byte	22                              @ Abbrev [22] 0xc07:0xd DW_TAG_member
	.long	.Linfo_string220                @ DW_AT_name
	.long	621                             @ DW_AT_type
	.byte	15                              @ DW_AT_decl_file
	.short	391                             @ DW_AT_decl_line
	.byte	52                              @ DW_AT_data_member_location
	.byte	22                              @ Abbrev [22] 0xc14:0xd DW_TAG_member
	.long	.Linfo_string221                @ DW_AT_name
	.long	905                             @ DW_AT_type
	.byte	15                              @ DW_AT_decl_file
	.short	394                             @ DW_AT_decl_line
	.byte	53                              @ DW_AT_data_member_location
	.byte	22                              @ Abbrev [22] 0xc21:0xd DW_TAG_member
	.long	.Linfo_string222                @ DW_AT_name
	.long	621                             @ DW_AT_type
	.byte	15                              @ DW_AT_decl_file
	.short	397                             @ DW_AT_decl_line
	.byte	59                              @ DW_AT_data_member_location
	.byte	22                              @ Abbrev [22] 0xc2e:0xd DW_TAG_member
	.long	.Linfo_string223                @ DW_AT_name
	.long	905                             @ DW_AT_type
	.byte	15                              @ DW_AT_decl_file
	.short	400                             @ DW_AT_decl_line
	.byte	60                              @ DW_AT_data_member_location
	.byte	22                              @ Abbrev [22] 0xc3b:0xd DW_TAG_member
	.long	.Linfo_string224                @ DW_AT_name
	.long	621                             @ DW_AT_type
	.byte	15                              @ DW_AT_decl_file
	.short	403                             @ DW_AT_decl_line
	.byte	66                              @ DW_AT_data_member_location
	.byte	22                              @ Abbrev [22] 0xc48:0xd DW_TAG_member
	.long	.Linfo_string225                @ DW_AT_name
	.long	905                             @ DW_AT_type
	.byte	15                              @ DW_AT_decl_file
	.short	406                             @ DW_AT_decl_line
	.byte	67                              @ DW_AT_data_member_location
	.byte	22                              @ Abbrev [22] 0xc55:0xd DW_TAG_member
	.long	.Linfo_string226                @ DW_AT_name
	.long	621                             @ DW_AT_type
	.byte	15                              @ DW_AT_decl_file
	.short	409                             @ DW_AT_decl_line
	.byte	73                              @ DW_AT_data_member_location
	.byte	0                               @ End Of Children Mark
	.byte	27                              @ Abbrev [27] 0xc63:0xb DW_TAG_variable
	.long	.Linfo_string228                @ DW_AT_name
	.long	3182                            @ DW_AT_type
	.byte	16                              @ DW_AT_decl_file
	.byte	157                             @ DW_AT_decl_line
	.byte	5                               @ Abbrev [5] 0xc6e:0x5 DW_TAG_const_type
	.long	3187                            @ DW_AT_type
	.byte	6                               @ Abbrev [6] 0xc73:0xa4 DW_TAG_structure_type
	.long	.Linfo_string237                @ DW_AT_name
	.byte	42                              @ DW_AT_byte_size
	.byte	15                              @ DW_AT_decl_file
	.byte	252                             @ DW_AT_decl_line
	.byte	7                               @ Abbrev [7] 0xc7b:0xc DW_TAG_member
	.long	.Linfo_string132                @ DW_AT_name
	.long	3351                            @ DW_AT_type
	.byte	15                              @ DW_AT_decl_file
	.byte	254                             @ DW_AT_decl_line
	.byte	0                               @ DW_AT_data_member_location
	.byte	22                              @ Abbrev [22] 0xc87:0xd DW_TAG_member
	.long	.Linfo_string141                @ DW_AT_name
	.long	857                             @ DW_AT_type
	.byte	15                              @ DW_AT_decl_file
	.short	257                             @ DW_AT_decl_line
	.byte	2                               @ DW_AT_data_member_location
	.byte	22                              @ Abbrev [22] 0xc94:0xd DW_TAG_member
	.long	.Linfo_string137                @ DW_AT_name
	.long	621                             @ DW_AT_type
	.byte	15                              @ DW_AT_decl_file
	.short	263                             @ DW_AT_decl_line
	.byte	4                               @ DW_AT_data_member_location
	.byte	22                              @ Abbrev [22] 0xca1:0xd DW_TAG_member
	.long	.Linfo_string100                @ DW_AT_name
	.long	905                             @ DW_AT_type
	.byte	15                              @ DW_AT_decl_file
	.short	271                             @ DW_AT_decl_line
	.byte	5                               @ DW_AT_data_member_location
	.byte	22                              @ Abbrev [22] 0xcae:0xd DW_TAG_member
	.long	.Linfo_string133                @ DW_AT_name
	.long	857                             @ DW_AT_type
	.byte	15                              @ DW_AT_decl_file
	.short	274                             @ DW_AT_decl_line
	.byte	12                              @ DW_AT_data_member_location
	.byte	22                              @ Abbrev [22] 0xcbb:0xd DW_TAG_member
	.long	.Linfo_string134                @ DW_AT_name
	.long	1545                            @ DW_AT_type
	.byte	15                              @ DW_AT_decl_file
	.short	277                             @ DW_AT_decl_line
	.byte	14                              @ DW_AT_data_member_location
	.byte	22                              @ Abbrev [22] 0xcc8:0xd DW_TAG_member
	.long	.Linfo_string138                @ DW_AT_name
	.long	621                             @ DW_AT_type
	.byte	15                              @ DW_AT_decl_file
	.short	295                             @ DW_AT_decl_line
	.byte	30                              @ DW_AT_data_member_location
	.byte	22                              @ Abbrev [22] 0xcd5:0xd DW_TAG_member
	.long	.Linfo_string139                @ DW_AT_name
	.long	857                             @ DW_AT_type
	.byte	15                              @ DW_AT_decl_file
	.short	298                             @ DW_AT_decl_line
	.byte	32                              @ DW_AT_data_member_location
	.byte	22                              @ Abbrev [22] 0xce2:0xd DW_TAG_member
	.long	.Linfo_string140                @ DW_AT_name
	.long	857                             @ DW_AT_type
	.byte	15                              @ DW_AT_decl_file
	.short	301                             @ DW_AT_decl_line
	.byte	34                              @ DW_AT_data_member_location
	.byte	22                              @ Abbrev [22] 0xcef:0xd DW_TAG_member
	.long	.Linfo_string142                @ DW_AT_name
	.long	857                             @ DW_AT_type
	.byte	15                              @ DW_AT_decl_file
	.short	309                             @ DW_AT_decl_line
	.byte	36                              @ DW_AT_data_member_location
	.byte	22                              @ Abbrev [22] 0xcfc:0xd DW_TAG_member
	.long	.Linfo_string144                @ DW_AT_name
	.long	857                             @ DW_AT_type
	.byte	15                              @ DW_AT_decl_file
	.short	312                             @ DW_AT_decl_line
	.byte	38                              @ DW_AT_data_member_location
	.byte	22                              @ Abbrev [22] 0xd09:0xd DW_TAG_member
	.long	.Linfo_string145                @ DW_AT_name
	.long	857                             @ DW_AT_type
	.byte	15                              @ DW_AT_decl_file
	.short	315                             @ DW_AT_decl_line
	.byte	40                              @ DW_AT_data_member_location
	.byte	0                               @ End Of Children Mark
	.byte	24                              @ Abbrev [24] 0xd17:0x38 DW_TAG_enumeration_type
	.long	574                             @ DW_AT_type
	.long	.Linfo_string236                @ DW_AT_name
	.byte	1                               @ DW_AT_byte_size
	.byte	10                              @ DW_AT_decl_file
	.byte	198                             @ DW_AT_decl_line
	.byte	9                               @ Abbrev [9] 0xd23:0x6 DW_TAG_enumerator
	.long	.Linfo_string229                @ DW_AT_name
	.byte	0                               @ DW_AT_const_value
	.byte	9                               @ Abbrev [9] 0xd29:0x6 DW_TAG_enumerator
	.long	.Linfo_string230                @ DW_AT_name
	.byte	1                               @ DW_AT_const_value
	.byte	9                               @ Abbrev [9] 0xd2f:0x6 DW_TAG_enumerator
	.long	.Linfo_string231                @ DW_AT_name
	.byte	2                               @ DW_AT_const_value
	.byte	9                               @ Abbrev [9] 0xd35:0x6 DW_TAG_enumerator
	.long	.Linfo_string232                @ DW_AT_name
	.byte	5                               @ DW_AT_const_value
	.byte	9                               @ Abbrev [9] 0xd3b:0x6 DW_TAG_enumerator
	.long	.Linfo_string233                @ DW_AT_name
	.byte	10                              @ DW_AT_const_value
	.byte	9                               @ Abbrev [9] 0xd41:0x6 DW_TAG_enumerator
	.long	.Linfo_string234                @ DW_AT_name
	.byte	15                              @ DW_AT_const_value
	.byte	9                               @ Abbrev [9] 0xd47:0x7 DW_TAG_enumerator
	.long	.Linfo_string235                @ DW_AT_name
	.ascii	"\200\001"                      @ DW_AT_const_value
	.byte	0                               @ End Of Children Mark
	.byte	8                               @ Abbrev [8] 0xd4f:0x81 DW_TAG_enumeration_type
	.long	574                             @ DW_AT_type
	.long	.Linfo_string257                @ DW_AT_name
	.byte	1                               @ DW_AT_byte_size
	.byte	1                               @ DW_AT_decl_file
	.short	466                             @ DW_AT_decl_line
	.byte	9                               @ Abbrev [9] 0xd5c:0x6 DW_TAG_enumerator
	.long	.Linfo_string238                @ DW_AT_name
	.byte	0                               @ DW_AT_const_value
	.byte	9                               @ Abbrev [9] 0xd62:0x6 DW_TAG_enumerator
	.long	.Linfo_string239                @ DW_AT_name
	.byte	1                               @ DW_AT_const_value
	.byte	9                               @ Abbrev [9] 0xd68:0x6 DW_TAG_enumerator
	.long	.Linfo_string240                @ DW_AT_name
	.byte	2                               @ DW_AT_const_value
	.byte	9                               @ Abbrev [9] 0xd6e:0x6 DW_TAG_enumerator
	.long	.Linfo_string241                @ DW_AT_name
	.byte	3                               @ DW_AT_const_value
	.byte	9                               @ Abbrev [9] 0xd74:0x6 DW_TAG_enumerator
	.long	.Linfo_string242                @ DW_AT_name
	.byte	4                               @ DW_AT_const_value
	.byte	9                               @ Abbrev [9] 0xd7a:0x6 DW_TAG_enumerator
	.long	.Linfo_string243                @ DW_AT_name
	.byte	5                               @ DW_AT_const_value
	.byte	9                               @ Abbrev [9] 0xd80:0x6 DW_TAG_enumerator
	.long	.Linfo_string244                @ DW_AT_name
	.byte	6                               @ DW_AT_const_value
	.byte	9                               @ Abbrev [9] 0xd86:0x6 DW_TAG_enumerator
	.long	.Linfo_string245                @ DW_AT_name
	.byte	7                               @ DW_AT_const_value
	.byte	9                               @ Abbrev [9] 0xd8c:0x6 DW_TAG_enumerator
	.long	.Linfo_string246                @ DW_AT_name
	.byte	8                               @ DW_AT_const_value
	.byte	9                               @ Abbrev [9] 0xd92:0x6 DW_TAG_enumerator
	.long	.Linfo_string247                @ DW_AT_name
	.byte	9                               @ DW_AT_const_value
	.byte	9                               @ Abbrev [9] 0xd98:0x6 DW_TAG_enumerator
	.long	.Linfo_string248                @ DW_AT_name
	.byte	10                              @ DW_AT_const_value
	.byte	9                               @ Abbrev [9] 0xd9e:0x6 DW_TAG_enumerator
	.long	.Linfo_string249                @ DW_AT_name
	.byte	11                              @ DW_AT_const_value
	.byte	9                               @ Abbrev [9] 0xda4:0x6 DW_TAG_enumerator
	.long	.Linfo_string250                @ DW_AT_name
	.byte	12                              @ DW_AT_const_value
	.byte	9                               @ Abbrev [9] 0xdaa:0x6 DW_TAG_enumerator
	.long	.Linfo_string251                @ DW_AT_name
	.byte	13                              @ DW_AT_const_value
	.byte	9                               @ Abbrev [9] 0xdb0:0x6 DW_TAG_enumerator
	.long	.Linfo_string252                @ DW_AT_name
	.byte	14                              @ DW_AT_const_value
	.byte	9                               @ Abbrev [9] 0xdb6:0x6 DW_TAG_enumerator
	.long	.Linfo_string253                @ DW_AT_name
	.byte	15                              @ DW_AT_const_value
	.byte	9                               @ Abbrev [9] 0xdbc:0x6 DW_TAG_enumerator
	.long	.Linfo_string254                @ DW_AT_name
	.byte	25                              @ DW_AT_const_value
	.byte	9                               @ Abbrev [9] 0xdc2:0x6 DW_TAG_enumerator
	.long	.Linfo_string255                @ DW_AT_name
	.byte	26                              @ DW_AT_const_value
	.byte	9                               @ Abbrev [9] 0xdc8:0x7 DW_TAG_enumerator
	.long	.Linfo_string256                @ DW_AT_name
	.ascii	"\377\001"                      @ DW_AT_const_value
	.byte	0                               @ End Of Children Mark
	.byte	24                              @ Abbrev [24] 0xdd0:0x2b DW_TAG_enumeration_type
	.long	574                             @ DW_AT_type
	.long	.Linfo_string263                @ DW_AT_name
	.byte	1                               @ DW_AT_byte_size
	.byte	17                              @ DW_AT_decl_file
	.byte	74                              @ DW_AT_decl_line
	.byte	9                               @ Abbrev [9] 0xddc:0x6 DW_TAG_enumerator
	.long	.Linfo_string258                @ DW_AT_name
	.byte	0                               @ DW_AT_const_value
	.byte	9                               @ Abbrev [9] 0xde2:0x6 DW_TAG_enumerator
	.long	.Linfo_string259                @ DW_AT_name
	.byte	1                               @ DW_AT_const_value
	.byte	9                               @ Abbrev [9] 0xde8:0x6 DW_TAG_enumerator
	.long	.Linfo_string260                @ DW_AT_name
	.byte	2                               @ DW_AT_const_value
	.byte	9                               @ Abbrev [9] 0xdee:0x6 DW_TAG_enumerator
	.long	.Linfo_string261                @ DW_AT_name
	.byte	3                               @ DW_AT_const_value
	.byte	9                               @ Abbrev [9] 0xdf4:0x6 DW_TAG_enumerator
	.long	.Linfo_string262                @ DW_AT_name
	.byte	4                               @ DW_AT_const_value
	.byte	0                               @ End Of Children Mark
	.byte	24                              @ Abbrev [24] 0xdfb:0x18e DW_TAG_enumeration_type
	.long	868                             @ DW_AT_type
	.long	.Linfo_string319                @ DW_AT_name
	.byte	2                               @ DW_AT_byte_size
	.byte	8                               @ DW_AT_decl_file
	.byte	109                             @ DW_AT_decl_line
	.byte	9                               @ Abbrev [9] 0xe07:0x7 DW_TAG_enumerator
	.long	.Linfo_string264                @ DW_AT_name
	.ascii	"\200\034"                      @ DW_AT_const_value
	.byte	9                               @ Abbrev [9] 0xe0e:0x7 DW_TAG_enumerator
	.long	.Linfo_string265                @ DW_AT_name
	.ascii	"\201\034"                      @ DW_AT_const_value
	.byte	9                               @ Abbrev [9] 0xe15:0x7 DW_TAG_enumerator
	.long	.Linfo_string266                @ DW_AT_name
	.ascii	"\202\034"                      @ DW_AT_const_value
	.byte	9                               @ Abbrev [9] 0xe1c:0x7 DW_TAG_enumerator
	.long	.Linfo_string267                @ DW_AT_name
	.ascii	"\203\034"                      @ DW_AT_const_value
	.byte	9                               @ Abbrev [9] 0xe23:0x7 DW_TAG_enumerator
	.long	.Linfo_string268                @ DW_AT_name
	.ascii	"\204\034"                      @ DW_AT_const_value
	.byte	9                               @ Abbrev [9] 0xe2a:0x7 DW_TAG_enumerator
	.long	.Linfo_string269                @ DW_AT_name
	.ascii	"\205\034"                      @ DW_AT_const_value
	.byte	9                               @ Abbrev [9] 0xe31:0x7 DW_TAG_enumerator
	.long	.Linfo_string270                @ DW_AT_name
	.ascii	"\206\034"                      @ DW_AT_const_value
	.byte	9                               @ Abbrev [9] 0xe38:0x7 DW_TAG_enumerator
	.long	.Linfo_string271                @ DW_AT_name
	.ascii	"\207\034"                      @ DW_AT_const_value
	.byte	9                               @ Abbrev [9] 0xe3f:0x7 DW_TAG_enumerator
	.long	.Linfo_string272                @ DW_AT_name
	.ascii	"\210\034"                      @ DW_AT_const_value
	.byte	9                               @ Abbrev [9] 0xe46:0x7 DW_TAG_enumerator
	.long	.Linfo_string273                @ DW_AT_name
	.ascii	"\211\034"                      @ DW_AT_const_value
	.byte	9                               @ Abbrev [9] 0xe4d:0x7 DW_TAG_enumerator
	.long	.Linfo_string274                @ DW_AT_name
	.ascii	"\212\034"                      @ DW_AT_const_value
	.byte	9                               @ Abbrev [9] 0xe54:0x7 DW_TAG_enumerator
	.long	.Linfo_string275                @ DW_AT_name
	.ascii	"\213\034"                      @ DW_AT_const_value
	.byte	9                               @ Abbrev [9] 0xe5b:0x7 DW_TAG_enumerator
	.long	.Linfo_string276                @ DW_AT_name
	.ascii	"\214\034"                      @ DW_AT_const_value
	.byte	9                               @ Abbrev [9] 0xe62:0x7 DW_TAG_enumerator
	.long	.Linfo_string277                @ DW_AT_name
	.ascii	"\215\034"                      @ DW_AT_const_value
	.byte	9                               @ Abbrev [9] 0xe69:0x7 DW_TAG_enumerator
	.long	.Linfo_string278                @ DW_AT_name
	.ascii	"\216\034"                      @ DW_AT_const_value
	.byte	9                               @ Abbrev [9] 0xe70:0x7 DW_TAG_enumerator
	.long	.Linfo_string279                @ DW_AT_name
	.ascii	"\217\034"                      @ DW_AT_const_value
	.byte	9                               @ Abbrev [9] 0xe77:0x7 DW_TAG_enumerator
	.long	.Linfo_string280                @ DW_AT_name
	.ascii	"\220\034"                      @ DW_AT_const_value
	.byte	9                               @ Abbrev [9] 0xe7e:0x7 DW_TAG_enumerator
	.long	.Linfo_string281                @ DW_AT_name
	.ascii	"\221\034"                      @ DW_AT_const_value
	.byte	9                               @ Abbrev [9] 0xe85:0x7 DW_TAG_enumerator
	.long	.Linfo_string282                @ DW_AT_name
	.ascii	"\222\034"                      @ DW_AT_const_value
	.byte	9                               @ Abbrev [9] 0xe8c:0x7 DW_TAG_enumerator
	.long	.Linfo_string283                @ DW_AT_name
	.ascii	"\223\034"                      @ DW_AT_const_value
	.byte	9                               @ Abbrev [9] 0xe93:0x7 DW_TAG_enumerator
	.long	.Linfo_string284                @ DW_AT_name
	.ascii	"\224\034"                      @ DW_AT_const_value
	.byte	9                               @ Abbrev [9] 0xe9a:0x7 DW_TAG_enumerator
	.long	.Linfo_string285                @ DW_AT_name
	.ascii	"\225\034"                      @ DW_AT_const_value
	.byte	9                               @ Abbrev [9] 0xea1:0x7 DW_TAG_enumerator
	.long	.Linfo_string286                @ DW_AT_name
	.ascii	"\226\034"                      @ DW_AT_const_value
	.byte	9                               @ Abbrev [9] 0xea8:0x7 DW_TAG_enumerator
	.long	.Linfo_string287                @ DW_AT_name
	.ascii	"\227\034"                      @ DW_AT_const_value
	.byte	9                               @ Abbrev [9] 0xeaf:0x7 DW_TAG_enumerator
	.long	.Linfo_string288                @ DW_AT_name
	.ascii	"\230\034"                      @ DW_AT_const_value
	.byte	9                               @ Abbrev [9] 0xeb6:0x7 DW_TAG_enumerator
	.long	.Linfo_string289                @ DW_AT_name
	.ascii	"\231\034"                      @ DW_AT_const_value
	.byte	9                               @ Abbrev [9] 0xebd:0x7 DW_TAG_enumerator
	.long	.Linfo_string290                @ DW_AT_name
	.ascii	"\232\034"                      @ DW_AT_const_value
	.byte	9                               @ Abbrev [9] 0xec4:0x7 DW_TAG_enumerator
	.long	.Linfo_string291                @ DW_AT_name
	.ascii	"\233\034"                      @ DW_AT_const_value
	.byte	9                               @ Abbrev [9] 0xecb:0x7 DW_TAG_enumerator
	.long	.Linfo_string292                @ DW_AT_name
	.ascii	"\234\034"                      @ DW_AT_const_value
	.byte	9                               @ Abbrev [9] 0xed2:0x7 DW_TAG_enumerator
	.long	.Linfo_string293                @ DW_AT_name
	.ascii	"\235\034"                      @ DW_AT_const_value
	.byte	9                               @ Abbrev [9] 0xed9:0x7 DW_TAG_enumerator
	.long	.Linfo_string294                @ DW_AT_name
	.ascii	"\236\034"                      @ DW_AT_const_value
	.byte	9                               @ Abbrev [9] 0xee0:0x7 DW_TAG_enumerator
	.long	.Linfo_string295                @ DW_AT_name
	.ascii	"\237\034"                      @ DW_AT_const_value
	.byte	9                               @ Abbrev [9] 0xee7:0x7 DW_TAG_enumerator
	.long	.Linfo_string296                @ DW_AT_name
	.ascii	"\240\034"                      @ DW_AT_const_value
	.byte	9                               @ Abbrev [9] 0xeee:0x7 DW_TAG_enumerator
	.long	.Linfo_string297                @ DW_AT_name
	.ascii	"\241\034"                      @ DW_AT_const_value
	.byte	9                               @ Abbrev [9] 0xef5:0x7 DW_TAG_enumerator
	.long	.Linfo_string298                @ DW_AT_name
	.ascii	"\242\034"                      @ DW_AT_const_value
	.byte	9                               @ Abbrev [9] 0xefc:0x7 DW_TAG_enumerator
	.long	.Linfo_string299                @ DW_AT_name
	.ascii	"\243\034"                      @ DW_AT_const_value
	.byte	9                               @ Abbrev [9] 0xf03:0x7 DW_TAG_enumerator
	.long	.Linfo_string300                @ DW_AT_name
	.ascii	"\244\034"                      @ DW_AT_const_value
	.byte	9                               @ Abbrev [9] 0xf0a:0x7 DW_TAG_enumerator
	.long	.Linfo_string301                @ DW_AT_name
	.ascii	"\245\034"                      @ DW_AT_const_value
	.byte	9                               @ Abbrev [9] 0xf11:0x7 DW_TAG_enumerator
	.long	.Linfo_string302                @ DW_AT_name
	.ascii	"\246\034"                      @ DW_AT_const_value
	.byte	9                               @ Abbrev [9] 0xf18:0x7 DW_TAG_enumerator
	.long	.Linfo_string303                @ DW_AT_name
	.ascii	"\247\034"                      @ DW_AT_const_value
	.byte	9                               @ Abbrev [9] 0xf1f:0x7 DW_TAG_enumerator
	.long	.Linfo_string304                @ DW_AT_name
	.ascii	"\250\034"                      @ DW_AT_const_value
	.byte	9                               @ Abbrev [9] 0xf26:0x7 DW_TAG_enumerator
	.long	.Linfo_string305                @ DW_AT_name
	.ascii	"\251\034"                      @ DW_AT_const_value
	.byte	9                               @ Abbrev [9] 0xf2d:0x7 DW_TAG_enumerator
	.long	.Linfo_string306                @ DW_AT_name
	.ascii	"\252\034"                      @ DW_AT_const_value
	.byte	9                               @ Abbrev [9] 0xf34:0x7 DW_TAG_enumerator
	.long	.Linfo_string307                @ DW_AT_name
	.ascii	"\253\034"                      @ DW_AT_const_value
	.byte	9                               @ Abbrev [9] 0xf3b:0x7 DW_TAG_enumerator
	.long	.Linfo_string308                @ DW_AT_name
	.ascii	"\254\034"                      @ DW_AT_const_value
	.byte	9                               @ Abbrev [9] 0xf42:0x7 DW_TAG_enumerator
	.long	.Linfo_string309                @ DW_AT_name
	.ascii	"\255\034"                      @ DW_AT_const_value
	.byte	9                               @ Abbrev [9] 0xf49:0x7 DW_TAG_enumerator
	.long	.Linfo_string310                @ DW_AT_name
	.ascii	"\256\034"                      @ DW_AT_const_value
	.byte	9                               @ Abbrev [9] 0xf50:0x7 DW_TAG_enumerator
	.long	.Linfo_string311                @ DW_AT_name
	.ascii	"\257\034"                      @ DW_AT_const_value
	.byte	9                               @ Abbrev [9] 0xf57:0x7 DW_TAG_enumerator
	.long	.Linfo_string312                @ DW_AT_name
	.ascii	"\260\034"                      @ DW_AT_const_value
	.byte	9                               @ Abbrev [9] 0xf5e:0x7 DW_TAG_enumerator
	.long	.Linfo_string313                @ DW_AT_name
	.ascii	"\261\034"                      @ DW_AT_const_value
	.byte	9                               @ Abbrev [9] 0xf65:0x7 DW_TAG_enumerator
	.long	.Linfo_string314                @ DW_AT_name
	.ascii	"\262\034"                      @ DW_AT_const_value
	.byte	9                               @ Abbrev [9] 0xf6c:0x7 DW_TAG_enumerator
	.long	.Linfo_string315                @ DW_AT_name
	.ascii	"\263\034"                      @ DW_AT_const_value
	.byte	9                               @ Abbrev [9] 0xf73:0x7 DW_TAG_enumerator
	.long	.Linfo_string316                @ DW_AT_name
	.ascii	"\264\034"                      @ DW_AT_const_value
	.byte	9                               @ Abbrev [9] 0xf7a:0x7 DW_TAG_enumerator
	.long	.Linfo_string317                @ DW_AT_name
	.ascii	"\264\034"                      @ DW_AT_const_value
	.byte	9                               @ Abbrev [9] 0xf81:0x7 DW_TAG_enumerator
	.long	.Linfo_string318                @ DW_AT_name
	.ascii	"\264\034"                      @ DW_AT_const_value
	.byte	0                               @ End Of Children Mark
	.byte	8                               @ Abbrev [8] 0xf89:0xaa DW_TAG_enumeration_type
	.long	574                             @ DW_AT_type
	.long	.Linfo_string346                @ DW_AT_name
	.byte	1                               @ DW_AT_byte_size
	.byte	8                               @ DW_AT_decl_file
	.short	256                             @ DW_AT_decl_line
	.byte	9                               @ Abbrev [9] 0xf96:0x6 DW_TAG_enumerator
	.long	.Linfo_string320                @ DW_AT_name
	.byte	0                               @ DW_AT_const_value
	.byte	9                               @ Abbrev [9] 0xf9c:0x6 DW_TAG_enumerator
	.long	.Linfo_string321                @ DW_AT_name
	.byte	1                               @ DW_AT_const_value
	.byte	9                               @ Abbrev [9] 0xfa2:0x6 DW_TAG_enumerator
	.long	.Linfo_string322                @ DW_AT_name
	.byte	2                               @ DW_AT_const_value
	.byte	9                               @ Abbrev [9] 0xfa8:0x6 DW_TAG_enumerator
	.long	.Linfo_string323                @ DW_AT_name
	.byte	3                               @ DW_AT_const_value
	.byte	9                               @ Abbrev [9] 0xfae:0x6 DW_TAG_enumerator
	.long	.Linfo_string324                @ DW_AT_name
	.byte	4                               @ DW_AT_const_value
	.byte	9                               @ Abbrev [9] 0xfb4:0x6 DW_TAG_enumerator
	.long	.Linfo_string325                @ DW_AT_name
	.byte	5                               @ DW_AT_const_value
	.byte	9                               @ Abbrev [9] 0xfba:0x6 DW_TAG_enumerator
	.long	.Linfo_string326                @ DW_AT_name
	.byte	6                               @ DW_AT_const_value
	.byte	9                               @ Abbrev [9] 0xfc0:0x6 DW_TAG_enumerator
	.long	.Linfo_string327                @ DW_AT_name
	.byte	7                               @ DW_AT_const_value
	.byte	9                               @ Abbrev [9] 0xfc6:0x6 DW_TAG_enumerator
	.long	.Linfo_string328                @ DW_AT_name
	.byte	8                               @ DW_AT_const_value
	.byte	9                               @ Abbrev [9] 0xfcc:0x6 DW_TAG_enumerator
	.long	.Linfo_string329                @ DW_AT_name
	.byte	9                               @ DW_AT_const_value
	.byte	9                               @ Abbrev [9] 0xfd2:0x6 DW_TAG_enumerator
	.long	.Linfo_string330                @ DW_AT_name
	.byte	10                              @ DW_AT_const_value
	.byte	9                               @ Abbrev [9] 0xfd8:0x6 DW_TAG_enumerator
	.long	.Linfo_string331                @ DW_AT_name
	.byte	11                              @ DW_AT_const_value
	.byte	9                               @ Abbrev [9] 0xfde:0x6 DW_TAG_enumerator
	.long	.Linfo_string332                @ DW_AT_name
	.byte	12                              @ DW_AT_const_value
	.byte	9                               @ Abbrev [9] 0xfe4:0x6 DW_TAG_enumerator
	.long	.Linfo_string333                @ DW_AT_name
	.byte	13                              @ DW_AT_const_value
	.byte	9                               @ Abbrev [9] 0xfea:0x6 DW_TAG_enumerator
	.long	.Linfo_string334                @ DW_AT_name
	.byte	14                              @ DW_AT_const_value
	.byte	9                               @ Abbrev [9] 0xff0:0x6 DW_TAG_enumerator
	.long	.Linfo_string335                @ DW_AT_name
	.byte	15                              @ DW_AT_const_value
	.byte	9                               @ Abbrev [9] 0xff6:0x6 DW_TAG_enumerator
	.long	.Linfo_string336                @ DW_AT_name
	.byte	16                              @ DW_AT_const_value
	.byte	9                               @ Abbrev [9] 0xffc:0x6 DW_TAG_enumerator
	.long	.Linfo_string337                @ DW_AT_name
	.byte	17                              @ DW_AT_const_value
	.byte	9                               @ Abbrev [9] 0x1002:0x6 DW_TAG_enumerator
	.long	.Linfo_string338                @ DW_AT_name
	.byte	18                              @ DW_AT_const_value
	.byte	9                               @ Abbrev [9] 0x1008:0x6 DW_TAG_enumerator
	.long	.Linfo_string339                @ DW_AT_name
	.byte	19                              @ DW_AT_const_value
	.byte	9                               @ Abbrev [9] 0x100e:0x6 DW_TAG_enumerator
	.long	.Linfo_string340                @ DW_AT_name
	.byte	20                              @ DW_AT_const_value
	.byte	9                               @ Abbrev [9] 0x1014:0x6 DW_TAG_enumerator
	.long	.Linfo_string341                @ DW_AT_name
	.byte	21                              @ DW_AT_const_value
	.byte	9                               @ Abbrev [9] 0x101a:0x6 DW_TAG_enumerator
	.long	.Linfo_string342                @ DW_AT_name
	.byte	22                              @ DW_AT_const_value
	.byte	9                               @ Abbrev [9] 0x1020:0x6 DW_TAG_enumerator
	.long	.Linfo_string343                @ DW_AT_name
	.byte	23                              @ DW_AT_const_value
	.byte	9                               @ Abbrev [9] 0x1026:0x6 DW_TAG_enumerator
	.long	.Linfo_string344                @ DW_AT_name
	.byte	24                              @ DW_AT_const_value
	.byte	9                               @ Abbrev [9] 0x102c:0x6 DW_TAG_enumerator
	.long	.Linfo_string345                @ DW_AT_name
	.byte	25                              @ DW_AT_const_value
	.byte	0                               @ End Of Children Mark
	.byte	24                              @ Abbrev [24] 0x1033:0x11b DW_TAG_enumeration_type
	.long	574                             @ DW_AT_type
	.long	.Linfo_string392                @ DW_AT_name
	.byte	1                               @ DW_AT_byte_size
	.byte	9                               @ DW_AT_decl_file
	.byte	183                             @ DW_AT_decl_line
	.byte	9                               @ Abbrev [9] 0x103f:0x6 DW_TAG_enumerator
	.long	.Linfo_string347                @ DW_AT_name
	.byte	0                               @ DW_AT_const_value
	.byte	9                               @ Abbrev [9] 0x1045:0x6 DW_TAG_enumerator
	.long	.Linfo_string348                @ DW_AT_name
	.byte	1                               @ DW_AT_const_value
	.byte	9                               @ Abbrev [9] 0x104b:0x6 DW_TAG_enumerator
	.long	.Linfo_string349                @ DW_AT_name
	.byte	2                               @ DW_AT_const_value
	.byte	9                               @ Abbrev [9] 0x1051:0x6 DW_TAG_enumerator
	.long	.Linfo_string350                @ DW_AT_name
	.byte	3                               @ DW_AT_const_value
	.byte	9                               @ Abbrev [9] 0x1057:0x6 DW_TAG_enumerator
	.long	.Linfo_string351                @ DW_AT_name
	.byte	4                               @ DW_AT_const_value
	.byte	9                               @ Abbrev [9] 0x105d:0x6 DW_TAG_enumerator
	.long	.Linfo_string352                @ DW_AT_name
	.byte	5                               @ DW_AT_const_value
	.byte	9                               @ Abbrev [9] 0x1063:0x6 DW_TAG_enumerator
	.long	.Linfo_string353                @ DW_AT_name
	.byte	6                               @ DW_AT_const_value
	.byte	9                               @ Abbrev [9] 0x1069:0x6 DW_TAG_enumerator
	.long	.Linfo_string354                @ DW_AT_name
	.byte	7                               @ DW_AT_const_value
	.byte	9                               @ Abbrev [9] 0x106f:0x6 DW_TAG_enumerator
	.long	.Linfo_string355                @ DW_AT_name
	.byte	8                               @ DW_AT_const_value
	.byte	9                               @ Abbrev [9] 0x1075:0x6 DW_TAG_enumerator
	.long	.Linfo_string356                @ DW_AT_name
	.byte	9                               @ DW_AT_const_value
	.byte	9                               @ Abbrev [9] 0x107b:0x6 DW_TAG_enumerator
	.long	.Linfo_string357                @ DW_AT_name
	.byte	10                              @ DW_AT_const_value
	.byte	9                               @ Abbrev [9] 0x1081:0x6 DW_TAG_enumerator
	.long	.Linfo_string358                @ DW_AT_name
	.byte	11                              @ DW_AT_const_value
	.byte	9                               @ Abbrev [9] 0x1087:0x6 DW_TAG_enumerator
	.long	.Linfo_string359                @ DW_AT_name
	.byte	12                              @ DW_AT_const_value
	.byte	9                               @ Abbrev [9] 0x108d:0x6 DW_TAG_enumerator
	.long	.Linfo_string360                @ DW_AT_name
	.byte	13                              @ DW_AT_const_value
	.byte	9                               @ Abbrev [9] 0x1093:0x6 DW_TAG_enumerator
	.long	.Linfo_string361                @ DW_AT_name
	.byte	14                              @ DW_AT_const_value
	.byte	9                               @ Abbrev [9] 0x1099:0x6 DW_TAG_enumerator
	.long	.Linfo_string362                @ DW_AT_name
	.byte	15                              @ DW_AT_const_value
	.byte	9                               @ Abbrev [9] 0x109f:0x6 DW_TAG_enumerator
	.long	.Linfo_string363                @ DW_AT_name
	.byte	16                              @ DW_AT_const_value
	.byte	9                               @ Abbrev [9] 0x10a5:0x6 DW_TAG_enumerator
	.long	.Linfo_string364                @ DW_AT_name
	.byte	17                              @ DW_AT_const_value
	.byte	9                               @ Abbrev [9] 0x10ab:0x6 DW_TAG_enumerator
	.long	.Linfo_string365                @ DW_AT_name
	.byte	18                              @ DW_AT_const_value
	.byte	9                               @ Abbrev [9] 0x10b1:0x6 DW_TAG_enumerator
	.long	.Linfo_string366                @ DW_AT_name
	.byte	19                              @ DW_AT_const_value
	.byte	9                               @ Abbrev [9] 0x10b7:0x6 DW_TAG_enumerator
	.long	.Linfo_string367                @ DW_AT_name
	.byte	20                              @ DW_AT_const_value
	.byte	9                               @ Abbrev [9] 0x10bd:0x6 DW_TAG_enumerator
	.long	.Linfo_string368                @ DW_AT_name
	.byte	21                              @ DW_AT_const_value
	.byte	9                               @ Abbrev [9] 0x10c3:0x6 DW_TAG_enumerator
	.long	.Linfo_string369                @ DW_AT_name
	.byte	22                              @ DW_AT_const_value
	.byte	9                               @ Abbrev [9] 0x10c9:0x6 DW_TAG_enumerator
	.long	.Linfo_string370                @ DW_AT_name
	.byte	23                              @ DW_AT_const_value
	.byte	9                               @ Abbrev [9] 0x10cf:0x6 DW_TAG_enumerator
	.long	.Linfo_string371                @ DW_AT_name
	.byte	24                              @ DW_AT_const_value
	.byte	9                               @ Abbrev [9] 0x10d5:0x6 DW_TAG_enumerator
	.long	.Linfo_string372                @ DW_AT_name
	.byte	25                              @ DW_AT_const_value
	.byte	9                               @ Abbrev [9] 0x10db:0x6 DW_TAG_enumerator
	.long	.Linfo_string373                @ DW_AT_name
	.byte	26                              @ DW_AT_const_value
	.byte	9                               @ Abbrev [9] 0x10e1:0x6 DW_TAG_enumerator
	.long	.Linfo_string374                @ DW_AT_name
	.byte	27                              @ DW_AT_const_value
	.byte	9                               @ Abbrev [9] 0x10e7:0x6 DW_TAG_enumerator
	.long	.Linfo_string375                @ DW_AT_name
	.byte	28                              @ DW_AT_const_value
	.byte	9                               @ Abbrev [9] 0x10ed:0x6 DW_TAG_enumerator
	.long	.Linfo_string376                @ DW_AT_name
	.byte	29                              @ DW_AT_const_value
	.byte	9                               @ Abbrev [9] 0x10f3:0x6 DW_TAG_enumerator
	.long	.Linfo_string377                @ DW_AT_name
	.byte	30                              @ DW_AT_const_value
	.byte	9                               @ Abbrev [9] 0x10f9:0x6 DW_TAG_enumerator
	.long	.Linfo_string378                @ DW_AT_name
	.byte	31                              @ DW_AT_const_value
	.byte	9                               @ Abbrev [9] 0x10ff:0x6 DW_TAG_enumerator
	.long	.Linfo_string379                @ DW_AT_name
	.byte	32                              @ DW_AT_const_value
	.byte	9                               @ Abbrev [9] 0x1105:0x6 DW_TAG_enumerator
	.long	.Linfo_string380                @ DW_AT_name
	.byte	33                              @ DW_AT_const_value
	.byte	9                               @ Abbrev [9] 0x110b:0x6 DW_TAG_enumerator
	.long	.Linfo_string381                @ DW_AT_name
	.byte	34                              @ DW_AT_const_value
	.byte	9                               @ Abbrev [9] 0x1111:0x6 DW_TAG_enumerator
	.long	.Linfo_string382                @ DW_AT_name
	.byte	35                              @ DW_AT_const_value
	.byte	9                               @ Abbrev [9] 0x1117:0x6 DW_TAG_enumerator
	.long	.Linfo_string383                @ DW_AT_name
	.byte	36                              @ DW_AT_const_value
	.byte	9                               @ Abbrev [9] 0x111d:0x6 DW_TAG_enumerator
	.long	.Linfo_string384                @ DW_AT_name
	.byte	37                              @ DW_AT_const_value
	.byte	9                               @ Abbrev [9] 0x1123:0x6 DW_TAG_enumerator
	.long	.Linfo_string385                @ DW_AT_name
	.byte	38                              @ DW_AT_const_value
	.byte	9                               @ Abbrev [9] 0x1129:0x6 DW_TAG_enumerator
	.long	.Linfo_string386                @ DW_AT_name
	.byte	39                              @ DW_AT_const_value
	.byte	9                               @ Abbrev [9] 0x112f:0x6 DW_TAG_enumerator
	.long	.Linfo_string387                @ DW_AT_name
	.byte	40                              @ DW_AT_const_value
	.byte	9                               @ Abbrev [9] 0x1135:0x6 DW_TAG_enumerator
	.long	.Linfo_string388                @ DW_AT_name
	.byte	41                              @ DW_AT_const_value
	.byte	9                               @ Abbrev [9] 0x113b:0x6 DW_TAG_enumerator
	.long	.Linfo_string389                @ DW_AT_name
	.byte	42                              @ DW_AT_const_value
	.byte	9                               @ Abbrev [9] 0x1141:0x6 DW_TAG_enumerator
	.long	.Linfo_string390                @ DW_AT_name
	.byte	42                              @ DW_AT_const_value
	.byte	9                               @ Abbrev [9] 0x1147:0x6 DW_TAG_enumerator
	.long	.Linfo_string391                @ DW_AT_name
	.byte	43                              @ DW_AT_const_value
	.byte	0                               @ End Of Children Mark
	.byte	24                              @ Abbrev [24] 0x114e:0x13a DW_TAG_enumeration_type
	.long	868                             @ DW_AT_type
	.long	.Linfo_string436                @ DW_AT_name
	.byte	2                               @ DW_AT_byte_size
	.byte	9                               @ DW_AT_decl_file
	.byte	65                              @ DW_AT_decl_line
	.byte	9                               @ Abbrev [9] 0x115a:0x7 DW_TAG_enumerator
	.long	.Linfo_string393                @ DW_AT_name
	.ascii	"\200\032"                      @ DW_AT_const_value
	.byte	9                               @ Abbrev [9] 0x1161:0x7 DW_TAG_enumerator
	.long	.Linfo_string394                @ DW_AT_name
	.ascii	"\201\032"                      @ DW_AT_const_value
	.byte	9                               @ Abbrev [9] 0x1168:0x7 DW_TAG_enumerator
	.long	.Linfo_string395                @ DW_AT_name
	.ascii	"\202\032"                      @ DW_AT_const_value
	.byte	9                               @ Abbrev [9] 0x116f:0x7 DW_TAG_enumerator
	.long	.Linfo_string396                @ DW_AT_name
	.ascii	"\203\032"                      @ DW_AT_const_value
	.byte	9                               @ Abbrev [9] 0x1176:0x7 DW_TAG_enumerator
	.long	.Linfo_string397                @ DW_AT_name
	.ascii	"\204\032"                      @ DW_AT_const_value
	.byte	9                               @ Abbrev [9] 0x117d:0x7 DW_TAG_enumerator
	.long	.Linfo_string398                @ DW_AT_name
	.ascii	"\205\032"                      @ DW_AT_const_value
	.byte	9                               @ Abbrev [9] 0x1184:0x7 DW_TAG_enumerator
	.long	.Linfo_string399                @ DW_AT_name
	.ascii	"\206\032"                      @ DW_AT_const_value
	.byte	9                               @ Abbrev [9] 0x118b:0x7 DW_TAG_enumerator
	.long	.Linfo_string400                @ DW_AT_name
	.ascii	"\207\032"                      @ DW_AT_const_value
	.byte	9                               @ Abbrev [9] 0x1192:0x7 DW_TAG_enumerator
	.long	.Linfo_string401                @ DW_AT_name
	.ascii	"\210\032"                      @ DW_AT_const_value
	.byte	9                               @ Abbrev [9] 0x1199:0x7 DW_TAG_enumerator
	.long	.Linfo_string402                @ DW_AT_name
	.ascii	"\211\032"                      @ DW_AT_const_value
	.byte	9                               @ Abbrev [9] 0x11a0:0x7 DW_TAG_enumerator
	.long	.Linfo_string403                @ DW_AT_name
	.ascii	"\212\032"                      @ DW_AT_const_value
	.byte	9                               @ Abbrev [9] 0x11a7:0x7 DW_TAG_enumerator
	.long	.Linfo_string404                @ DW_AT_name
	.ascii	"\213\032"                      @ DW_AT_const_value
	.byte	9                               @ Abbrev [9] 0x11ae:0x7 DW_TAG_enumerator
	.long	.Linfo_string405                @ DW_AT_name
	.ascii	"\214\032"                      @ DW_AT_const_value
	.byte	9                               @ Abbrev [9] 0x11b5:0x7 DW_TAG_enumerator
	.long	.Linfo_string406                @ DW_AT_name
	.ascii	"\215\032"                      @ DW_AT_const_value
	.byte	9                               @ Abbrev [9] 0x11bc:0x7 DW_TAG_enumerator
	.long	.Linfo_string407                @ DW_AT_name
	.ascii	"\216\032"                      @ DW_AT_const_value
	.byte	9                               @ Abbrev [9] 0x11c3:0x7 DW_TAG_enumerator
	.long	.Linfo_string408                @ DW_AT_name
	.ascii	"\217\032"                      @ DW_AT_const_value
	.byte	9                               @ Abbrev [9] 0x11ca:0x7 DW_TAG_enumerator
	.long	.Linfo_string409                @ DW_AT_name
	.ascii	"\220\032"                      @ DW_AT_const_value
	.byte	9                               @ Abbrev [9] 0x11d1:0x7 DW_TAG_enumerator
	.long	.Linfo_string410                @ DW_AT_name
	.ascii	"\221\032"                      @ DW_AT_const_value
	.byte	9                               @ Abbrev [9] 0x11d8:0x7 DW_TAG_enumerator
	.long	.Linfo_string411                @ DW_AT_name
	.ascii	"\222\032"                      @ DW_AT_const_value
	.byte	9                               @ Abbrev [9] 0x11df:0x7 DW_TAG_enumerator
	.long	.Linfo_string412                @ DW_AT_name
	.ascii	"\223\032"                      @ DW_AT_const_value
	.byte	9                               @ Abbrev [9] 0x11e6:0x7 DW_TAG_enumerator
	.long	.Linfo_string413                @ DW_AT_name
	.ascii	"\224\032"                      @ DW_AT_const_value
	.byte	9                               @ Abbrev [9] 0x11ed:0x7 DW_TAG_enumerator
	.long	.Linfo_string414                @ DW_AT_name
	.ascii	"\225\032"                      @ DW_AT_const_value
	.byte	9                               @ Abbrev [9] 0x11f4:0x7 DW_TAG_enumerator
	.long	.Linfo_string415                @ DW_AT_name
	.ascii	"\226\032"                      @ DW_AT_const_value
	.byte	9                               @ Abbrev [9] 0x11fb:0x7 DW_TAG_enumerator
	.long	.Linfo_string416                @ DW_AT_name
	.ascii	"\227\032"                      @ DW_AT_const_value
	.byte	9                               @ Abbrev [9] 0x1202:0x7 DW_TAG_enumerator
	.long	.Linfo_string417                @ DW_AT_name
	.ascii	"\230\032"                      @ DW_AT_const_value
	.byte	9                               @ Abbrev [9] 0x1209:0x7 DW_TAG_enumerator
	.long	.Linfo_string418                @ DW_AT_name
	.ascii	"\231\032"                      @ DW_AT_const_value
	.byte	9                               @ Abbrev [9] 0x1210:0x7 DW_TAG_enumerator
	.long	.Linfo_string419                @ DW_AT_name
	.ascii	"\232\032"                      @ DW_AT_const_value
	.byte	9                               @ Abbrev [9] 0x1217:0x7 DW_TAG_enumerator
	.long	.Linfo_string420                @ DW_AT_name
	.ascii	"\233\032"                      @ DW_AT_const_value
	.byte	9                               @ Abbrev [9] 0x121e:0x7 DW_TAG_enumerator
	.long	.Linfo_string421                @ DW_AT_name
	.ascii	"\234\032"                      @ DW_AT_const_value
	.byte	9                               @ Abbrev [9] 0x1225:0x7 DW_TAG_enumerator
	.long	.Linfo_string422                @ DW_AT_name
	.ascii	"\235\032"                      @ DW_AT_const_value
	.byte	9                               @ Abbrev [9] 0x122c:0x7 DW_TAG_enumerator
	.long	.Linfo_string423                @ DW_AT_name
	.ascii	"\236\032"                      @ DW_AT_const_value
	.byte	9                               @ Abbrev [9] 0x1233:0x7 DW_TAG_enumerator
	.long	.Linfo_string424                @ DW_AT_name
	.ascii	"\237\032"                      @ DW_AT_const_value
	.byte	9                               @ Abbrev [9] 0x123a:0x7 DW_TAG_enumerator
	.long	.Linfo_string425                @ DW_AT_name
	.ascii	"\240\032"                      @ DW_AT_const_value
	.byte	9                               @ Abbrev [9] 0x1241:0x7 DW_TAG_enumerator
	.long	.Linfo_string426                @ DW_AT_name
	.ascii	"\241\032"                      @ DW_AT_const_value
	.byte	9                               @ Abbrev [9] 0x1248:0x7 DW_TAG_enumerator
	.long	.Linfo_string427                @ DW_AT_name
	.ascii	"\242\032"                      @ DW_AT_const_value
	.byte	9                               @ Abbrev [9] 0x124f:0x7 DW_TAG_enumerator
	.long	.Linfo_string428                @ DW_AT_name
	.ascii	"\243\032"                      @ DW_AT_const_value
	.byte	9                               @ Abbrev [9] 0x1256:0x7 DW_TAG_enumerator
	.long	.Linfo_string429                @ DW_AT_name
	.ascii	"\244\032"                      @ DW_AT_const_value
	.byte	9                               @ Abbrev [9] 0x125d:0x7 DW_TAG_enumerator
	.long	.Linfo_string430                @ DW_AT_name
	.ascii	"\245\032"                      @ DW_AT_const_value
	.byte	9                               @ Abbrev [9] 0x1264:0x7 DW_TAG_enumerator
	.long	.Linfo_string431                @ DW_AT_name
	.ascii	"\246\032"                      @ DW_AT_const_value
	.byte	9                               @ Abbrev [9] 0x126b:0x7 DW_TAG_enumerator
	.long	.Linfo_string432                @ DW_AT_name
	.ascii	"\247\032"                      @ DW_AT_const_value
	.byte	9                               @ Abbrev [9] 0x1272:0x7 DW_TAG_enumerator
	.long	.Linfo_string433                @ DW_AT_name
	.ascii	"\250\032"                      @ DW_AT_const_value
	.byte	9                               @ Abbrev [9] 0x1279:0x7 DW_TAG_enumerator
	.long	.Linfo_string434                @ DW_AT_name
	.ascii	"\251\032"                      @ DW_AT_const_value
	.byte	9                               @ Abbrev [9] 0x1280:0x7 DW_TAG_enumerator
	.long	.Linfo_string435                @ DW_AT_name
	.ascii	"\252\032"                      @ DW_AT_const_value
	.byte	0                               @ End Of Children Mark
	.byte	24                              @ Abbrev [24] 0x1288:0x25 DW_TAG_enumeration_type
	.long	574                             @ DW_AT_type
	.long	.Linfo_string441                @ DW_AT_name
	.byte	1                               @ DW_AT_byte_size
	.byte	10                              @ DW_AT_decl_file
	.byte	238                             @ DW_AT_decl_line
	.byte	9                               @ Abbrev [9] 0x1294:0x6 DW_TAG_enumerator
	.long	.Linfo_string437                @ DW_AT_name
	.byte	0                               @ DW_AT_const_value
	.byte	9                               @ Abbrev [9] 0x129a:0x6 DW_TAG_enumerator
	.long	.Linfo_string438                @ DW_AT_name
	.byte	1                               @ DW_AT_const_value
	.byte	9                               @ Abbrev [9] 0x12a0:0x6 DW_TAG_enumerator
	.long	.Linfo_string439                @ DW_AT_name
	.byte	2                               @ DW_AT_const_value
	.byte	9                               @ Abbrev [9] 0x12a6:0x6 DW_TAG_enumerator
	.long	.Linfo_string440                @ DW_AT_name
	.byte	3                               @ DW_AT_const_value
	.byte	0                               @ End Of Children Mark
	.byte	8                               @ Abbrev [8] 0x12ad:0x2c DW_TAG_enumeration_type
	.long	574                             @ DW_AT_type
	.long	.Linfo_string447                @ DW_AT_name
	.byte	1                               @ DW_AT_byte_size
	.byte	6                               @ DW_AT_decl_file
	.short	1448                            @ DW_AT_decl_line
	.byte	9                               @ Abbrev [9] 0x12ba:0x6 DW_TAG_enumerator
	.long	.Linfo_string442                @ DW_AT_name
	.byte	0                               @ DW_AT_const_value
	.byte	9                               @ Abbrev [9] 0x12c0:0x6 DW_TAG_enumerator
	.long	.Linfo_string443                @ DW_AT_name
	.byte	1                               @ DW_AT_const_value
	.byte	9                               @ Abbrev [9] 0x12c6:0x6 DW_TAG_enumerator
	.long	.Linfo_string444                @ DW_AT_name
	.byte	2                               @ DW_AT_const_value
	.byte	9                               @ Abbrev [9] 0x12cc:0x6 DW_TAG_enumerator
	.long	.Linfo_string445                @ DW_AT_name
	.byte	3                               @ DW_AT_const_value
	.byte	9                               @ Abbrev [9] 0x12d2:0x6 DW_TAG_enumerator
	.long	.Linfo_string446                @ DW_AT_name
	.byte	4                               @ DW_AT_const_value
	.byte	0                               @ End Of Children Mark
	.byte	8                               @ Abbrev [8] 0x12d9:0x20 DW_TAG_enumeration_type
	.long	574                             @ DW_AT_type
	.long	.Linfo_string451                @ DW_AT_name
	.byte	1                               @ DW_AT_byte_size
	.byte	6                               @ DW_AT_decl_file
	.short	1474                            @ DW_AT_decl_line
	.byte	9                               @ Abbrev [9] 0x12e6:0x6 DW_TAG_enumerator
	.long	.Linfo_string448                @ DW_AT_name
	.byte	0                               @ DW_AT_const_value
	.byte	9                               @ Abbrev [9] 0x12ec:0x6 DW_TAG_enumerator
	.long	.Linfo_string449                @ DW_AT_name
	.byte	1                               @ DW_AT_const_value
	.byte	9                               @ Abbrev [9] 0x12f2:0x6 DW_TAG_enumerator
	.long	.Linfo_string450                @ DW_AT_name
	.byte	2                               @ DW_AT_const_value
	.byte	0                               @ End Of Children Mark
	.byte	32                              @ Abbrev [32] 0x12f9:0x1 DW_TAG_pointer_type
	.byte	12                              @ Abbrev [12] 0x12fa:0x5 DW_TAG_pointer_type
	.long	4863                            @ DW_AT_type
	.byte	23                              @ Abbrev [23] 0x12ff:0x17 DW_TAG_structure_type
	.long	.Linfo_string452                @ DW_AT_name
	.byte	1                               @ DW_AT_byte_size
	.byte	8                               @ DW_AT_decl_file
	.short	476                             @ DW_AT_decl_line
	.byte	22                              @ Abbrev [22] 0x1308:0xd DW_TAG_member
	.long	.Linfo_string122                @ DW_AT_name
	.long	621                             @ DW_AT_type
	.byte	8                               @ DW_AT_decl_file
	.short	487                             @ DW_AT_decl_line
	.byte	0                               @ DW_AT_data_member_location
	.byte	0                               @ End Of Children Mark
	.byte	12                              @ Abbrev [12] 0x1316:0x5 DW_TAG_pointer_type
	.long	4891                            @ DW_AT_type
	.byte	23                              @ Abbrev [23] 0x131b:0x17 DW_TAG_structure_type
	.long	.Linfo_string453                @ DW_AT_name
	.byte	1                               @ DW_AT_byte_size
	.byte	9                               @ DW_AT_decl_file
	.short	552                             @ DW_AT_decl_line
	.byte	22                              @ Abbrev [22] 0x1324:0xd DW_TAG_member
	.long	.Linfo_string122                @ DW_AT_name
	.long	621                             @ DW_AT_type
	.byte	9                               @ DW_AT_decl_file
	.short	556                             @ DW_AT_decl_line
	.byte	0                               @ DW_AT_data_member_location
	.byte	0                               @ End Of Children Mark
	.byte	33                              @ Abbrev [33] 0x1332:0x33 DW_TAG_subprogram
	.long	.Lfunc_begin1                   @ DW_AT_low_pc
	.long	.Lfunc_end1-.Lfunc_begin1       @ DW_AT_high_pc
	.byte	1                               @ DW_AT_frame_base
	.byte	93
                                        @ DW_AT_GNU_all_call_sites
	.long	.Linfo_string474                @ DW_AT_name
	.byte	4                               @ DW_AT_decl_file
	.short	350                             @ DW_AT_decl_line
                                        @ DW_AT_prototyped
                                        @ DW_AT_external
	.byte	34                              @ Abbrev [34] 0x1344:0x10 DW_TAG_formal_parameter
	.long	.Ldebug_loc0                    @ DW_AT_location
	.long	.Linfo_string95                 @ DW_AT_name
	.byte	4                               @ DW_AT_decl_file
	.short	350                             @ DW_AT_decl_line
	.long	621                             @ DW_AT_type
	.byte	35                              @ Abbrev [35] 0x1354:0x10 DW_TAG_variable
	.long	.Ldebug_loc1                    @ DW_AT_location
	.long	.Linfo_string87                 @ DW_AT_name
	.byte	4                               @ DW_AT_decl_file
	.short	352                             @ DW_AT_decl_line
	.long	621                             @ DW_AT_type
	.byte	0                               @ End Of Children Mark
	.byte	33                              @ Abbrev [33] 0x1365:0x29 DW_TAG_subprogram
	.long	.Lfunc_begin2                   @ DW_AT_low_pc
	.long	.Lfunc_end2-.Lfunc_begin2       @ DW_AT_high_pc
	.byte	1                               @ DW_AT_frame_base
	.byte	93
                                        @ DW_AT_GNU_all_call_sites
	.long	.Linfo_string475                @ DW_AT_name
	.byte	4                               @ DW_AT_decl_file
	.short	846                             @ DW_AT_decl_line
                                        @ DW_AT_prototyped
                                        @ DW_AT_external
	.byte	36                              @ Abbrev [36] 0x1377:0x16 DW_TAG_lexical_block
	.long	.Ltmp24                         @ DW_AT_low_pc
	.long	.Ltmp25-.Ltmp24                 @ DW_AT_high_pc
	.byte	37                              @ Abbrev [37] 0x1380:0xc DW_TAG_variable
	.long	.Linfo_string502                @ DW_AT_name
	.byte	4                               @ DW_AT_decl_file
	.short	860                             @ DW_AT_decl_line
	.long	621                             @ DW_AT_type
	.byte	0                               @ End Of Children Mark
	.byte	0                               @ End Of Children Mark
	.byte	38                              @ Abbrev [38] 0x138e:0x16 DW_TAG_subprogram
	.long	.Lfunc_begin3                   @ DW_AT_low_pc
	.long	.Lfunc_end3-.Lfunc_begin3       @ DW_AT_high_pc
	.byte	1                               @ DW_AT_frame_base
	.byte	93
                                        @ DW_AT_GNU_all_call_sites
	.long	.Linfo_string476                @ DW_AT_name
	.byte	4                               @ DW_AT_decl_file
	.short	892                             @ DW_AT_decl_line
                                        @ DW_AT_prototyped
	.long	1574                            @ DW_AT_type
                                        @ DW_AT_external
	.byte	39                              @ Abbrev [39] 0x13a4:0x18 DW_TAG_subprogram
	.long	.Linfo_string454                @ DW_AT_name
	.byte	18                              @ DW_AT_decl_file
	.byte	139                             @ DW_AT_decl_line
                                        @ DW_AT_prototyped
	.long	1574                            @ DW_AT_type
	.byte	1                               @ DW_AT_inline
	.byte	40                              @ Abbrev [40] 0x13b0:0xb DW_TAG_variable
	.long	.Linfo_string455                @ DW_AT_name
	.byte	18                              @ DW_AT_decl_file
	.byte	141                             @ DW_AT_decl_line
	.long	1574                            @ DW_AT_type
	.byte	0                               @ End Of Children Mark
	.byte	41                              @ Abbrev [41] 0x13bc:0x6e DW_TAG_subprogram
	.long	.Lfunc_begin4                   @ DW_AT_low_pc
	.long	.Lfunc_end4-.Lfunc_begin4       @ DW_AT_high_pc
	.byte	1                               @ DW_AT_frame_base
	.byte	93
                                        @ DW_AT_GNU_all_call_sites
	.long	.Linfo_string477                @ DW_AT_name
	.byte	4                               @ DW_AT_decl_file
	.short	485                             @ DW_AT_decl_line
                                        @ DW_AT_prototyped
	.long	1574                            @ DW_AT_type
	.byte	36                              @ Abbrev [36] 0x13d2:0x57 DW_TAG_lexical_block
	.long	.Ltmp33                         @ DW_AT_low_pc
	.long	.Ltmp39-.Ltmp33                 @ DW_AT_high_pc
	.byte	35                              @ Abbrev [35] 0x13db:0x10 DW_TAG_variable
	.long	.Ldebug_loc2                    @ DW_AT_location
	.long	.Linfo_string455                @ DW_AT_name
	.byte	4                               @ DW_AT_decl_file
	.short	493                             @ DW_AT_decl_line
	.long	1574                            @ DW_AT_type
	.byte	42                              @ Abbrev [42] 0x13eb:0x11 DW_TAG_inlined_subroutine
	.long	5028                            @ DW_AT_abstract_origin
	.long	.Ltmp33                         @ DW_AT_low_pc
	.long	.Ltmp35-.Ltmp33                 @ DW_AT_high_pc
	.byte	4                               @ DW_AT_call_file
	.short	494                             @ DW_AT_call_line
	.byte	15                              @ DW_AT_call_column
	.byte	36                              @ Abbrev [36] 0x13fc:0x2c DW_TAG_lexical_block
	.long	.Ltmp38                         @ DW_AT_low_pc
	.long	.Ltmp39-.Ltmp38                 @ DW_AT_high_pc
	.byte	43                              @ Abbrev [43] 0x1405:0x11 DW_TAG_variable
	.byte	4                               @ DW_AT_location
	.byte	48
	.byte	35
	.byte	12
	.byte	159
	.long	.Linfo_string503                @ DW_AT_name
	.byte	4                               @ DW_AT_decl_file
	.short	548                             @ DW_AT_decl_line
	.long	857                             @ DW_AT_type
	.byte	43                              @ Abbrev [43] 0x1416:0x11 DW_TAG_variable
	.byte	4                               @ DW_AT_location
	.byte	70
	.byte	35
	.byte	15
	.byte	159
	.long	.Linfo_string504                @ DW_AT_name
	.byte	4                               @ DW_AT_decl_file
	.short	546                             @ DW_AT_decl_line
	.long	857                             @ DW_AT_type
	.byte	0                               @ End Of Children Mark
	.byte	0                               @ End Of Children Mark
	.byte	0                               @ End Of Children Mark
	.byte	44                              @ Abbrev [44] 0x142a:0x14 DW_TAG_subprogram
	.long	.Linfo_string456                @ DW_AT_name
	.byte	18                              @ DW_AT_decl_file
	.byte	155                             @ DW_AT_decl_line
                                        @ DW_AT_prototyped
	.byte	1                               @ DW_AT_inline
	.byte	45                              @ Abbrev [45] 0x1432:0xb DW_TAG_formal_parameter
	.long	.Linfo_string455                @ DW_AT_name
	.byte	18                              @ DW_AT_decl_file
	.byte	155                             @ DW_AT_decl_line
	.long	1574                            @ DW_AT_type
	.byte	0                               @ End Of Children Mark
	.byte	33                              @ Abbrev [33] 0x143e:0x3c DW_TAG_subprogram
	.long	.Lfunc_begin5                   @ DW_AT_low_pc
	.long	.Lfunc_end5-.Lfunc_begin5       @ DW_AT_high_pc
	.byte	1                               @ DW_AT_frame_base
	.byte	93
                                        @ DW_AT_GNU_all_call_sites
	.long	.Linfo_string478                @ DW_AT_name
	.byte	4                               @ DW_AT_decl_file
	.short	897                             @ DW_AT_decl_line
                                        @ DW_AT_prototyped
                                        @ DW_AT_external
	.byte	35                              @ Abbrev [35] 0x1450:0x10 DW_TAG_variable
	.long	.Ldebug_loc3                    @ DW_AT_location
	.long	.Linfo_string455                @ DW_AT_name
	.byte	4                               @ DW_AT_decl_file
	.short	899                             @ DW_AT_decl_line
	.long	1574                            @ DW_AT_type
	.byte	46                              @ Abbrev [46] 0x1460:0x19 DW_TAG_inlined_subroutine
	.long	5162                            @ DW_AT_abstract_origin
	.long	.Ltmp43                         @ DW_AT_low_pc
	.long	.Ltmp44-.Ltmp43                 @ DW_AT_high_pc
	.byte	4                               @ DW_AT_call_file
	.short	903                             @ DW_AT_call_line
	.byte	5                               @ DW_AT_call_column
	.byte	47                              @ Abbrev [47] 0x1471:0x7 DW_TAG_formal_parameter
	.byte	1                               @ DW_AT_location
	.byte	80
	.long	5170                            @ DW_AT_abstract_origin
	.byte	0                               @ End Of Children Mark
	.byte	0                               @ End Of Children Mark
	.byte	48                              @ Abbrev [48] 0x147a:0x27 DW_TAG_subprogram
	.long	.Lfunc_begin6                   @ DW_AT_low_pc
	.long	.Lfunc_end6-.Lfunc_begin6       @ DW_AT_high_pc
	.byte	1                               @ DW_AT_frame_base
	.byte	93
                                        @ DW_AT_GNU_all_call_sites
	.long	.Linfo_string479                @ DW_AT_name
	.byte	4                               @ DW_AT_decl_file
	.short	924                             @ DW_AT_decl_line
                                        @ DW_AT_prototyped
	.long	1574                            @ DW_AT_type
                                        @ DW_AT_external
	.byte	34                              @ Abbrev [34] 0x1490:0x10 DW_TAG_formal_parameter
	.long	.Ldebug_loc4                    @ DW_AT_location
	.long	.Linfo_string505                @ DW_AT_name
	.byte	4                               @ DW_AT_decl_file
	.short	924                             @ DW_AT_decl_line
	.long	621                             @ DW_AT_type
	.byte	0                               @ End Of Children Mark
	.byte	41                              @ Abbrev [41] 0x14a1:0x52 DW_TAG_subprogram
	.long	.Lfunc_begin7                   @ DW_AT_low_pc
	.long	.Lfunc_end7-.Lfunc_begin7       @ DW_AT_high_pc
	.byte	1                               @ DW_AT_frame_base
	.byte	93
                                        @ DW_AT_GNU_all_call_sites
	.long	.Linfo_string480                @ DW_AT_name
	.byte	4                               @ DW_AT_decl_file
	.short	579                             @ DW_AT_decl_line
                                        @ DW_AT_prototyped
	.long	1574                            @ DW_AT_type
	.byte	34                              @ Abbrev [34] 0x14b7:0x10 DW_TAG_formal_parameter
	.long	.Ldebug_loc5                    @ DW_AT_location
	.long	.Linfo_string505                @ DW_AT_name
	.byte	4                               @ DW_AT_decl_file
	.short	579                             @ DW_AT_decl_line
	.long	621                             @ DW_AT_type
	.byte	36                              @ Abbrev [36] 0x14c7:0x2b DW_TAG_lexical_block
	.long	.Ltmp55                         @ DW_AT_low_pc
	.long	.Ltmp70-.Ltmp55                 @ DW_AT_high_pc
	.byte	35                              @ Abbrev [35] 0x14d0:0x10 DW_TAG_variable
	.long	.Ldebug_loc6                    @ DW_AT_location
	.long	.Linfo_string455                @ DW_AT_name
	.byte	4                               @ DW_AT_decl_file
	.short	584                             @ DW_AT_decl_line
	.long	1574                            @ DW_AT_type
	.byte	42                              @ Abbrev [42] 0x14e0:0x11 DW_TAG_inlined_subroutine
	.long	5028                            @ DW_AT_abstract_origin
	.long	.Ltmp55                         @ DW_AT_low_pc
	.long	.Ltmp57-.Ltmp55                 @ DW_AT_high_pc
	.byte	4                               @ DW_AT_call_file
	.short	585                             @ DW_AT_call_line
	.byte	15                              @ DW_AT_call_column
	.byte	0                               @ End Of Children Mark
	.byte	0                               @ End Of Children Mark
	.byte	33                              @ Abbrev [33] 0x14f3:0x4c DW_TAG_subprogram
	.long	.Lfunc_begin8                   @ DW_AT_low_pc
	.long	.Lfunc_end8-.Lfunc_begin8       @ DW_AT_high_pc
	.byte	1                               @ DW_AT_frame_base
	.byte	93
                                        @ DW_AT_GNU_all_call_sites
	.long	.Linfo_string481                @ DW_AT_name
	.byte	4                               @ DW_AT_decl_file
	.short	929                             @ DW_AT_decl_line
                                        @ DW_AT_prototyped
                                        @ DW_AT_external
	.byte	34                              @ Abbrev [34] 0x1505:0x10 DW_TAG_formal_parameter
	.long	.Ldebug_loc7                    @ DW_AT_location
	.long	.Linfo_string505                @ DW_AT_name
	.byte	4                               @ DW_AT_decl_file
	.short	929                             @ DW_AT_decl_line
	.long	621                             @ DW_AT_type
	.byte	35                              @ Abbrev [35] 0x1515:0x10 DW_TAG_variable
	.long	.Ldebug_loc8                    @ DW_AT_location
	.long	.Linfo_string455                @ DW_AT_name
	.byte	4                               @ DW_AT_decl_file
	.short	931                             @ DW_AT_decl_line
	.long	1574                            @ DW_AT_type
	.byte	46                              @ Abbrev [46] 0x1525:0x19 DW_TAG_inlined_subroutine
	.long	5162                            @ DW_AT_abstract_origin
	.long	.Ltmp74                         @ DW_AT_low_pc
	.long	.Ltmp75-.Ltmp74                 @ DW_AT_high_pc
	.byte	4                               @ DW_AT_call_file
	.short	935                             @ DW_AT_call_line
	.byte	5                               @ DW_AT_call_column
	.byte	47                              @ Abbrev [47] 0x1536:0x7 DW_TAG_formal_parameter
	.byte	1                               @ DW_AT_location
	.byte	80
	.long	5170                            @ DW_AT_abstract_origin
	.byte	0                               @ End Of Children Mark
	.byte	0                               @ End Of Children Mark
	.byte	38                              @ Abbrev [38] 0x153f:0x16 DW_TAG_subprogram
	.long	.Lfunc_begin9                   @ DW_AT_low_pc
	.long	.Lfunc_end9-.Lfunc_begin9       @ DW_AT_high_pc
	.byte	1                               @ DW_AT_frame_base
	.byte	93
                                        @ DW_AT_GNU_all_call_sites
	.long	.Linfo_string482                @ DW_AT_name
	.byte	4                               @ DW_AT_decl_file
	.short	956                             @ DW_AT_decl_line
                                        @ DW_AT_prototyped
	.long	1574                            @ DW_AT_type
                                        @ DW_AT_external
	.byte	41                              @ Abbrev [41] 0x1555:0x6e DW_TAG_subprogram
	.long	.Lfunc_begin10                  @ DW_AT_low_pc
	.long	.Lfunc_end10-.Lfunc_begin10     @ DW_AT_high_pc
	.byte	1                               @ DW_AT_frame_base
	.byte	93
                                        @ DW_AT_GNU_all_call_sites
	.long	.Linfo_string483                @ DW_AT_name
	.byte	4                               @ DW_AT_decl_file
	.short	428                             @ DW_AT_decl_line
                                        @ DW_AT_prototyped
	.long	1574                            @ DW_AT_type
	.byte	36                              @ Abbrev [36] 0x156b:0x57 DW_TAG_lexical_block
	.long	.Ltmp84                         @ DW_AT_low_pc
	.long	.Ltmp90-.Ltmp84                 @ DW_AT_high_pc
	.byte	35                              @ Abbrev [35] 0x1574:0x10 DW_TAG_variable
	.long	.Ldebug_loc9                    @ DW_AT_location
	.long	.Linfo_string455                @ DW_AT_name
	.byte	4                               @ DW_AT_decl_file
	.short	436                             @ DW_AT_decl_line
	.long	1574                            @ DW_AT_type
	.byte	42                              @ Abbrev [42] 0x1584:0x11 DW_TAG_inlined_subroutine
	.long	5028                            @ DW_AT_abstract_origin
	.long	.Ltmp84                         @ DW_AT_low_pc
	.long	.Ltmp86-.Ltmp84                 @ DW_AT_high_pc
	.byte	4                               @ DW_AT_call_file
	.short	437                             @ DW_AT_call_line
	.byte	15                              @ DW_AT_call_column
	.byte	36                              @ Abbrev [36] 0x1595:0x2c DW_TAG_lexical_block
	.long	.Ltmp89                         @ DW_AT_low_pc
	.long	.Ltmp90-.Ltmp89                 @ DW_AT_high_pc
	.byte	43                              @ Abbrev [43] 0x159e:0x11 DW_TAG_variable
	.byte	4                               @ DW_AT_location
	.byte	48
	.byte	35
	.byte	12
	.byte	159
	.long	.Linfo_string503                @ DW_AT_name
	.byte	4                               @ DW_AT_decl_file
	.short	458                             @ DW_AT_decl_line
	.long	857                             @ DW_AT_type
	.byte	43                              @ Abbrev [43] 0x15af:0x11 DW_TAG_variable
	.byte	4                               @ DW_AT_location
	.byte	70
	.byte	35
	.byte	12
	.byte	159
	.long	.Linfo_string504                @ DW_AT_name
	.byte	4                               @ DW_AT_decl_file
	.short	456                             @ DW_AT_decl_line
	.long	857                             @ DW_AT_type
	.byte	0                               @ End Of Children Mark
	.byte	0                               @ End Of Children Mark
	.byte	0                               @ End Of Children Mark
	.byte	33                              @ Abbrev [33] 0x15c3:0x4c DW_TAG_subprogram
	.long	.Lfunc_begin11                  @ DW_AT_low_pc
	.long	.Lfunc_end11-.Lfunc_begin11     @ DW_AT_high_pc
	.byte	1                               @ DW_AT_frame_base
	.byte	93
                                        @ DW_AT_GNU_all_call_sites
	.long	.Linfo_string484                @ DW_AT_name
	.byte	4                               @ DW_AT_decl_file
	.short	961                             @ DW_AT_decl_line
                                        @ DW_AT_prototyped
                                        @ DW_AT_external
	.byte	35                              @ Abbrev [35] 0x15d5:0x10 DW_TAG_variable
	.long	.Ldebug_loc10                   @ DW_AT_location
	.long	.Linfo_string455                @ DW_AT_name
	.byte	4                               @ DW_AT_decl_file
	.short	963                             @ DW_AT_decl_line
	.long	1574                            @ DW_AT_type
	.byte	35                              @ Abbrev [35] 0x15e5:0x10 DW_TAG_variable
	.long	.Ldebug_loc11                   @ DW_AT_location
	.long	.Linfo_string152                @ DW_AT_name
	.byte	4                               @ DW_AT_decl_file
	.short	984                             @ DW_AT_decl_line
	.long	621                             @ DW_AT_type
	.byte	46                              @ Abbrev [46] 0x15f5:0x19 DW_TAG_inlined_subroutine
	.long	5162                            @ DW_AT_abstract_origin
	.long	.Ltmp94                         @ DW_AT_low_pc
	.long	.Ltmp95-.Ltmp94                 @ DW_AT_high_pc
	.byte	4                               @ DW_AT_call_file
	.short	967                             @ DW_AT_call_line
	.byte	5                               @ DW_AT_call_column
	.byte	47                              @ Abbrev [47] 0x1606:0x7 DW_TAG_formal_parameter
	.byte	1                               @ DW_AT_location
	.byte	80
	.long	5170                            @ DW_AT_abstract_origin
	.byte	0                               @ End Of Children Mark
	.byte	0                               @ End Of Children Mark
	.byte	33                              @ Abbrev [33] 0x160f:0x33 DW_TAG_subprogram
	.long	.Lfunc_begin12                  @ DW_AT_low_pc
	.long	.Lfunc_end12-.Lfunc_begin12     @ DW_AT_high_pc
	.byte	1                               @ DW_AT_frame_base
	.byte	93
                                        @ DW_AT_GNU_all_call_sites
	.long	.Linfo_string485                @ DW_AT_name
	.byte	4                               @ DW_AT_decl_file
	.short	1006                            @ DW_AT_decl_line
                                        @ DW_AT_prototyped
                                        @ DW_AT_external
	.byte	34                              @ Abbrev [34] 0x1621:0x10 DW_TAG_formal_parameter
	.long	.Ldebug_loc12                   @ DW_AT_location
	.long	.Linfo_string506                @ DW_AT_name
	.byte	4                               @ DW_AT_decl_file
	.short	1006                            @ DW_AT_decl_line
	.long	6706                            @ DW_AT_type
	.byte	34                              @ Abbrev [34] 0x1631:0x10 DW_TAG_formal_parameter
	.long	.Ldebug_loc13                   @ DW_AT_location
	.long	.Linfo_string507                @ DW_AT_name
	.byte	4                               @ DW_AT_decl_file
	.short	1006                            @ DW_AT_decl_line
	.long	592                             @ DW_AT_type
	.byte	0                               @ End Of Children Mark
	.byte	49                              @ Abbrev [49] 0x1642:0x23 DW_TAG_subprogram
	.long	.Lfunc_begin13                  @ DW_AT_low_pc
	.long	.Lfunc_end13-.Lfunc_begin13     @ DW_AT_high_pc
	.byte	1                               @ DW_AT_frame_base
	.byte	93
                                        @ DW_AT_GNU_all_call_sites
	.long	.Linfo_string486                @ DW_AT_name
	.byte	4                               @ DW_AT_decl_file
	.short	808                             @ DW_AT_decl_line
                                        @ DW_AT_prototyped
	.byte	35                              @ Abbrev [35] 0x1654:0x10 DW_TAG_variable
	.long	.Ldebug_loc14                   @ DW_AT_location
	.long	.Linfo_string507                @ DW_AT_name
	.byte	4                               @ DW_AT_decl_file
	.short	810                             @ DW_AT_decl_line
	.long	592                             @ DW_AT_type
	.byte	0                               @ End Of Children Mark
	.byte	50                              @ Abbrev [50] 0x1665:0x12 DW_TAG_subprogram
	.long	.Lfunc_begin14                  @ DW_AT_low_pc
	.long	.Lfunc_end14-.Lfunc_begin14     @ DW_AT_high_pc
	.byte	1                               @ DW_AT_frame_base
	.byte	93
                                        @ DW_AT_GNU_all_call_sites
	.long	.Linfo_string487                @ DW_AT_name
	.byte	4                               @ DW_AT_decl_file
	.short	1017                            @ DW_AT_decl_line
                                        @ DW_AT_prototyped
                                        @ DW_AT_external
	.byte	48                              @ Abbrev [48] 0x1677:0x27 DW_TAG_subprogram
	.long	.Lfunc_begin15                  @ DW_AT_low_pc
	.long	.Lfunc_end15-.Lfunc_begin15     @ DW_AT_high_pc
	.byte	1                               @ DW_AT_frame_base
	.byte	93
                                        @ DW_AT_GNU_all_call_sites
	.long	.Linfo_string488                @ DW_AT_name
	.byte	4                               @ DW_AT_decl_file
	.short	1029                            @ DW_AT_decl_line
                                        @ DW_AT_prototyped
	.long	1176                            @ DW_AT_type
                                        @ DW_AT_external
	.byte	34                              @ Abbrev [34] 0x168d:0x10 DW_TAG_formal_parameter
	.long	.Ldebug_loc15                   @ DW_AT_location
	.long	.Linfo_string95                 @ DW_AT_name
	.byte	4                               @ DW_AT_decl_file
	.short	1029                            @ DW_AT_decl_line
	.long	621                             @ DW_AT_type
	.byte	0                               @ End Of Children Mark
	.byte	39                              @ Abbrev [39] 0x169e:0x23 DW_TAG_subprogram
	.long	.Linfo_string457                @ DW_AT_name
	.byte	18                              @ DW_AT_decl_file
	.byte	217                             @ DW_AT_decl_line
                                        @ DW_AT_prototyped
	.long	1176                            @ DW_AT_type
	.byte	1                               @ DW_AT_inline
	.byte	45                              @ Abbrev [45] 0x16aa:0xb DW_TAG_formal_parameter
	.long	.Linfo_string95                 @ DW_AT_name
	.byte	18                              @ DW_AT_decl_file
	.byte	217                             @ DW_AT_decl_line
	.long	621                             @ DW_AT_type
	.byte	40                              @ Abbrev [40] 0x16b5:0xb DW_TAG_variable
	.long	.Linfo_string455                @ DW_AT_name
	.byte	18                              @ DW_AT_decl_file
	.byte	219                             @ DW_AT_decl_line
	.long	1176                            @ DW_AT_type
	.byte	0                               @ End Of Children Mark
	.byte	41                              @ Abbrev [41] 0x16c1:0x65 DW_TAG_subprogram
	.long	.Lfunc_begin16                  @ DW_AT_low_pc
	.long	.Lfunc_end16-.Lfunc_begin16     @ DW_AT_high_pc
	.byte	1                               @ DW_AT_frame_base
	.byte	93
                                        @ DW_AT_GNU_all_call_sites
	.long	.Linfo_string489                @ DW_AT_name
	.byte	4                               @ DW_AT_decl_file
	.short	637                             @ DW_AT_decl_line
                                        @ DW_AT_prototyped
	.long	1176                            @ DW_AT_type
	.byte	34                              @ Abbrev [34] 0x16d7:0x10 DW_TAG_formal_parameter
	.long	.Ldebug_loc16                   @ DW_AT_location
	.long	.Linfo_string95                 @ DW_AT_name
	.byte	4                               @ DW_AT_decl_file
	.short	637                             @ DW_AT_decl_line
	.long	621                             @ DW_AT_type
	.byte	36                              @ Abbrev [36] 0x16e7:0x3e DW_TAG_lexical_block
	.long	.Ltmp137                        @ DW_AT_low_pc
	.long	.Ltmp141-.Ltmp137               @ DW_AT_high_pc
	.byte	35                              @ Abbrev [35] 0x16f0:0x10 DW_TAG_variable
	.long	.Ldebug_loc18                   @ DW_AT_location
	.long	.Linfo_string455                @ DW_AT_name
	.byte	4                               @ DW_AT_decl_file
	.short	643                             @ DW_AT_decl_line
	.long	1176                            @ DW_AT_type
	.byte	46                              @ Abbrev [46] 0x1700:0x24 DW_TAG_inlined_subroutine
	.long	5790                            @ DW_AT_abstract_origin
	.long	.Ltmp137                        @ DW_AT_low_pc
	.long	.Ltmp140-.Ltmp137               @ DW_AT_high_pc
	.byte	4                               @ DW_AT_call_file
	.short	644                             @ DW_AT_call_line
	.byte	15                              @ DW_AT_call_column
	.byte	51                              @ Abbrev [51] 0x1711:0x9 DW_TAG_formal_parameter
	.long	.Ldebug_loc17                   @ DW_AT_location
	.long	5802                            @ DW_AT_abstract_origin
	.byte	52                              @ Abbrev [52] 0x171a:0x9 DW_TAG_variable
	.long	.Ldebug_loc19                   @ DW_AT_location
	.long	5813                            @ DW_AT_abstract_origin
	.byte	0                               @ End Of Children Mark
	.byte	0                               @ End Of Children Mark
	.byte	0                               @ End Of Children Mark
	.byte	44                              @ Abbrev [44] 0x1726:0x14 DW_TAG_subprogram
	.long	.Linfo_string458                @ DW_AT_name
	.byte	18                              @ DW_AT_decl_file
	.byte	235                             @ DW_AT_decl_line
                                        @ DW_AT_prototyped
	.byte	1                               @ DW_AT_inline
	.byte	45                              @ Abbrev [45] 0x172e:0xb DW_TAG_formal_parameter
	.long	.Linfo_string455                @ DW_AT_name
	.byte	18                              @ DW_AT_decl_file
	.byte	235                             @ DW_AT_decl_line
	.long	1176                            @ DW_AT_type
	.byte	0                               @ End Of Children Mark
	.byte	33                              @ Abbrev [33] 0x173a:0x4c DW_TAG_subprogram
	.long	.Lfunc_begin17                  @ DW_AT_low_pc
	.long	.Lfunc_end17-.Lfunc_begin17     @ DW_AT_high_pc
	.byte	1                               @ DW_AT_frame_base
	.byte	93
                                        @ DW_AT_GNU_all_call_sites
	.long	.Linfo_string490                @ DW_AT_name
	.byte	4                               @ DW_AT_decl_file
	.short	1034                            @ DW_AT_decl_line
                                        @ DW_AT_prototyped
                                        @ DW_AT_external
	.byte	34                              @ Abbrev [34] 0x174c:0x10 DW_TAG_formal_parameter
	.long	.Ldebug_loc20                   @ DW_AT_location
	.long	.Linfo_string95                 @ DW_AT_name
	.byte	4                               @ DW_AT_decl_file
	.short	1034                            @ DW_AT_decl_line
	.long	621                             @ DW_AT_type
	.byte	35                              @ Abbrev [35] 0x175c:0x10 DW_TAG_variable
	.long	.Ldebug_loc21                   @ DW_AT_location
	.long	.Linfo_string455                @ DW_AT_name
	.byte	4                               @ DW_AT_decl_file
	.short	1036                            @ DW_AT_decl_line
	.long	1176                            @ DW_AT_type
	.byte	46                              @ Abbrev [46] 0x176c:0x19 DW_TAG_inlined_subroutine
	.long	5926                            @ DW_AT_abstract_origin
	.long	.Ltmp145                        @ DW_AT_low_pc
	.long	.Ltmp146-.Ltmp145               @ DW_AT_high_pc
	.byte	4                               @ DW_AT_call_file
	.short	1040                            @ DW_AT_call_line
	.byte	5                               @ DW_AT_call_column
	.byte	47                              @ Abbrev [47] 0x177d:0x7 DW_TAG_formal_parameter
	.byte	1                               @ DW_AT_location
	.byte	80
	.long	5934                            @ DW_AT_abstract_origin
	.byte	0                               @ End Of Children Mark
	.byte	0                               @ End Of Children Mark
	.byte	38                              @ Abbrev [38] 0x1786:0x16 DW_TAG_subprogram
	.long	.Lfunc_begin18                  @ DW_AT_low_pc
	.long	.Lfunc_end18-.Lfunc_begin18     @ DW_AT_high_pc
	.byte	1                               @ DW_AT_frame_base
	.byte	93
                                        @ DW_AT_GNU_all_call_sites
	.long	.Linfo_string491                @ DW_AT_name
	.byte	4                               @ DW_AT_decl_file
	.short	1063                            @ DW_AT_decl_line
                                        @ DW_AT_prototyped
	.long	1905                            @ DW_AT_type
                                        @ DW_AT_external
	.byte	39                              @ Abbrev [39] 0x179c:0x18 DW_TAG_subprogram
	.long	.Linfo_string459                @ DW_AT_name
	.byte	18                              @ DW_AT_decl_file
	.byte	247                             @ DW_AT_decl_line
                                        @ DW_AT_prototyped
	.long	1905                            @ DW_AT_type
	.byte	1                               @ DW_AT_inline
	.byte	40                              @ Abbrev [40] 0x17a8:0xb DW_TAG_variable
	.long	.Linfo_string455                @ DW_AT_name
	.byte	18                              @ DW_AT_decl_file
	.byte	249                             @ DW_AT_decl_line
	.long	1905                            @ DW_AT_type
	.byte	0                               @ End Of Children Mark
	.byte	41                              @ Abbrev [41] 0x17b4:0x42 DW_TAG_subprogram
	.long	.Lfunc_begin19                  @ DW_AT_low_pc
	.long	.Lfunc_end19-.Lfunc_begin19     @ DW_AT_high_pc
	.byte	1                               @ DW_AT_frame_base
	.byte	93
                                        @ DW_AT_GNU_all_call_sites
	.long	.Linfo_string492                @ DW_AT_name
	.byte	4                               @ DW_AT_decl_file
	.short	665                             @ DW_AT_decl_line
                                        @ DW_AT_prototyped
	.long	1905                            @ DW_AT_type
	.byte	36                              @ Abbrev [36] 0x17ca:0x2b DW_TAG_lexical_block
	.long	.Ltmp154                        @ DW_AT_low_pc
	.long	.Ltmp158-.Ltmp154               @ DW_AT_high_pc
	.byte	35                              @ Abbrev [35] 0x17d3:0x10 DW_TAG_variable
	.long	.Ldebug_loc22                   @ DW_AT_location
	.long	.Linfo_string455                @ DW_AT_name
	.byte	4                               @ DW_AT_decl_file
	.short	670                             @ DW_AT_decl_line
	.long	1905                            @ DW_AT_type
	.byte	42                              @ Abbrev [42] 0x17e3:0x11 DW_TAG_inlined_subroutine
	.long	6044                            @ DW_AT_abstract_origin
	.long	.Ltmp154                        @ DW_AT_low_pc
	.long	.Ltmp155-.Ltmp154               @ DW_AT_high_pc
	.byte	4                               @ DW_AT_call_file
	.short	671                             @ DW_AT_call_line
	.byte	15                              @ DW_AT_call_column
	.byte	0                               @ End Of Children Mark
	.byte	0                               @ End Of Children Mark
	.byte	33                              @ Abbrev [33] 0x17f6:0x53 DW_TAG_subprogram
	.long	.Lfunc_begin20                  @ DW_AT_low_pc
	.long	.Lfunc_end20-.Lfunc_begin20     @ DW_AT_high_pc
	.byte	1                               @ DW_AT_frame_base
	.byte	93
                                        @ DW_AT_GNU_all_call_sites
	.long	.Linfo_string493                @ DW_AT_name
	.byte	4                               @ DW_AT_decl_file
	.short	1068                            @ DW_AT_decl_line
                                        @ DW_AT_prototyped
                                        @ DW_AT_external
	.byte	34                              @ Abbrev [34] 0x1808:0x10 DW_TAG_formal_parameter
	.long	.Ldebug_loc23                   @ DW_AT_location
	.long	.Linfo_string98                 @ DW_AT_name
	.byte	4                               @ DW_AT_decl_file
	.short	1068                            @ DW_AT_decl_line
	.long	621                             @ DW_AT_type
	.byte	34                              @ Abbrev [34] 0x1818:0x10 DW_TAG_formal_parameter
	.long	.Ldebug_loc24                   @ DW_AT_location
	.long	.Linfo_string99                 @ DW_AT_name
	.byte	4                               @ DW_AT_decl_file
	.short	1069                            @ DW_AT_decl_line
	.long	7007                            @ DW_AT_type
	.byte	34                              @ Abbrev [34] 0x1828:0x10 DW_TAG_formal_parameter
	.long	.Ldebug_loc25                   @ DW_AT_location
	.long	.Linfo_string508                @ DW_AT_name
	.byte	4                               @ DW_AT_decl_file
	.short	1069                            @ DW_AT_decl_line
	.long	857                             @ DW_AT_type
	.byte	35                              @ Abbrev [35] 0x1838:0x10 DW_TAG_variable
	.long	.Ldebug_loc26                   @ DW_AT_location
	.long	.Linfo_string509                @ DW_AT_name
	.byte	4                               @ DW_AT_decl_file
	.short	1071                            @ DW_AT_decl_line
	.long	1905                            @ DW_AT_type
	.byte	0                               @ End Of Children Mark
	.byte	53                              @ Abbrev [53] 0x1849:0x16 DW_TAG_subprogram
	.long	.Linfo_string460                @ DW_AT_name
	.byte	18                              @ DW_AT_decl_file
	.short	266                             @ DW_AT_decl_line
                                        @ DW_AT_prototyped
	.byte	1                               @ DW_AT_inline
	.byte	54                              @ Abbrev [54] 0x1852:0xc DW_TAG_formal_parameter
	.long	.Linfo_string455                @ DW_AT_name
	.byte	18                              @ DW_AT_decl_file
	.short	266                             @ DW_AT_decl_line
	.long	1905                            @ DW_AT_type
	.byte	0                               @ End Of Children Mark
	.byte	33                              @ Abbrev [33] 0x185f:0x3c DW_TAG_subprogram
	.long	.Lfunc_begin21                  @ DW_AT_low_pc
	.long	.Lfunc_end21-.Lfunc_begin21     @ DW_AT_high_pc
	.byte	1                               @ DW_AT_frame_base
	.byte	93
                                        @ DW_AT_GNU_all_call_sites
	.long	.Linfo_string494                @ DW_AT_name
	.byte	4                               @ DW_AT_decl_file
	.short	1081                            @ DW_AT_decl_line
                                        @ DW_AT_prototyped
                                        @ DW_AT_external
	.byte	35                              @ Abbrev [35] 0x1871:0x10 DW_TAG_variable
	.long	.Ldebug_loc27                   @ DW_AT_location
	.long	.Linfo_string509                @ DW_AT_name
	.byte	4                               @ DW_AT_decl_file
	.short	1083                            @ DW_AT_decl_line
	.long	1905                            @ DW_AT_type
	.byte	46                              @ Abbrev [46] 0x1881:0x19 DW_TAG_inlined_subroutine
	.long	6217                            @ DW_AT_abstract_origin
	.long	.Ltmp170                        @ DW_AT_low_pc
	.long	.Ltmp171-.Ltmp170               @ DW_AT_high_pc
	.byte	4                               @ DW_AT_call_file
	.short	1085                            @ DW_AT_call_line
	.byte	5                               @ DW_AT_call_column
	.byte	47                              @ Abbrev [47] 0x1892:0x7 DW_TAG_formal_parameter
	.byte	1                               @ DW_AT_location
	.byte	80
	.long	6226                            @ DW_AT_abstract_origin
	.byte	0                               @ End Of Children Mark
	.byte	0                               @ End Of Children Mark
	.byte	55                              @ Abbrev [55] 0x189b:0x1c DW_TAG_subprogram
	.long	.Linfo_string461                @ DW_AT_name
	.byte	4                               @ DW_AT_decl_file
	.short	1089                            @ DW_AT_decl_line
                                        @ DW_AT_prototyped
	.long	2091                            @ DW_AT_type
	.byte	1                               @ DW_AT_inline
	.byte	56                              @ Abbrev [56] 0x18a8:0xe DW_TAG_lexical_block
	.byte	37                              @ Abbrev [37] 0x18a9:0xc DW_TAG_variable
	.long	.Linfo_string455                @ DW_AT_name
	.byte	4                               @ DW_AT_decl_file
	.short	1093                            @ DW_AT_decl_line
	.long	2091                            @ DW_AT_type
	.byte	0                               @ End Of Children Mark
	.byte	0                               @ End Of Children Mark
	.byte	55                              @ Abbrev [55] 0x18b7:0x1a DW_TAG_subprogram
	.long	.Linfo_string462                @ DW_AT_name
	.byte	18                              @ DW_AT_decl_file
	.short	278                             @ DW_AT_decl_line
                                        @ DW_AT_prototyped
	.long	2091                            @ DW_AT_type
	.byte	1                               @ DW_AT_inline
	.byte	37                              @ Abbrev [37] 0x18c4:0xc DW_TAG_variable
	.long	.Linfo_string455                @ DW_AT_name
	.byte	18                              @ DW_AT_decl_file
	.short	280                             @ DW_AT_decl_line
	.long	2091                            @ DW_AT_type
	.byte	0                               @ End Of Children Mark
	.byte	48                              @ Abbrev [48] 0x18d1:0x49 DW_TAG_subprogram
	.long	.Lfunc_begin22                  @ DW_AT_low_pc
	.long	.Lfunc_end22-.Lfunc_begin22     @ DW_AT_high_pc
	.byte	1                               @ DW_AT_frame_base
	.byte	93
                                        @ DW_AT_GNU_all_call_sites
	.long	.Linfo_string495                @ DW_AT_name
	.byte	4                               @ DW_AT_decl_file
	.short	1127                            @ DW_AT_decl_line
                                        @ DW_AT_prototyped
	.long	2091                            @ DW_AT_type
                                        @ DW_AT_external
	.byte	57                              @ Abbrev [57] 0x18e7:0x32 DW_TAG_inlined_subroutine
	.long	6299                            @ DW_AT_abstract_origin
	.long	.Ldebug_ranges0                 @ DW_AT_ranges
	.byte	4                               @ DW_AT_call_file
	.short	1129                            @ DW_AT_call_line
	.byte	13                              @ DW_AT_call_column
	.byte	36                              @ Abbrev [36] 0x18f4:0x24 DW_TAG_lexical_block
	.long	.Ltmp177                        @ DW_AT_low_pc
	.long	.Ltmp179-.Ltmp177               @ DW_AT_high_pc
	.byte	52                              @ Abbrev [52] 0x18fd:0x9 DW_TAG_variable
	.long	.Ldebug_loc28                   @ DW_AT_location
	.long	6313                            @ DW_AT_abstract_origin
	.byte	42                              @ Abbrev [42] 0x1906:0x11 DW_TAG_inlined_subroutine
	.long	6327                            @ DW_AT_abstract_origin
	.long	.Ltmp177                        @ DW_AT_low_pc
	.long	.Ltmp178-.Ltmp177               @ DW_AT_high_pc
	.byte	4                               @ DW_AT_call_file
	.short	1093                            @ DW_AT_call_line
	.byte	43                              @ DW_AT_call_column
	.byte	0                               @ End Of Children Mark
	.byte	0                               @ End Of Children Mark
	.byte	0                               @ End Of Children Mark
	.byte	53                              @ Abbrev [53] 0x191a:0x16 DW_TAG_subprogram
	.long	.Linfo_string463                @ DW_AT_name
	.byte	18                              @ DW_AT_decl_file
	.short	295                             @ DW_AT_decl_line
                                        @ DW_AT_prototyped
	.byte	1                               @ DW_AT_inline
	.byte	54                              @ Abbrev [54] 0x1923:0xc DW_TAG_formal_parameter
	.long	.Linfo_string455                @ DW_AT_name
	.byte	18                              @ DW_AT_decl_file
	.short	295                             @ DW_AT_decl_line
	.long	2091                            @ DW_AT_type
	.byte	0                               @ End Of Children Mark
	.byte	33                              @ Abbrev [33] 0x1930:0x2c DW_TAG_subprogram
	.long	.Lfunc_begin23                  @ DW_AT_low_pc
	.long	.Lfunc_end23-.Lfunc_begin23     @ DW_AT_high_pc
	.byte	1                               @ DW_AT_frame_base
	.byte	93
                                        @ DW_AT_GNU_all_call_sites
	.long	.Linfo_string496                @ DW_AT_name
	.byte	4                               @ DW_AT_decl_file
	.short	1132                            @ DW_AT_decl_line
                                        @ DW_AT_prototyped
                                        @ DW_AT_external
	.byte	46                              @ Abbrev [46] 0x1942:0x19 DW_TAG_inlined_subroutine
	.long	6426                            @ DW_AT_abstract_origin
	.long	.Ltmp183                        @ DW_AT_low_pc
	.long	.Ltmp184-.Ltmp183               @ DW_AT_high_pc
	.byte	4                               @ DW_AT_call_file
	.short	1135                            @ DW_AT_call_line
	.byte	5                               @ DW_AT_call_column
	.byte	47                              @ Abbrev [47] 0x1953:0x7 DW_TAG_formal_parameter
	.byte	1                               @ DW_AT_location
	.byte	80
	.long	6435                            @ DW_AT_abstract_origin
	.byte	0                               @ End Of Children Mark
	.byte	0                               @ End Of Children Mark
	.byte	39                              @ Abbrev [39] 0x195c:0x18 DW_TAG_subprogram
	.long	.Linfo_string464                @ DW_AT_name
	.byte	18                              @ DW_AT_decl_file
	.byte	166                             @ DW_AT_decl_line
                                        @ DW_AT_prototyped
	.long	4886                            @ DW_AT_type
	.byte	1                               @ DW_AT_inline
	.byte	40                              @ Abbrev [40] 0x1968:0xb DW_TAG_variable
	.long	.Linfo_string455                @ DW_AT_name
	.byte	18                              @ DW_AT_decl_file
	.byte	168                             @ DW_AT_decl_line
	.long	4886                            @ DW_AT_type
	.byte	0                               @ End Of Children Mark
	.byte	44                              @ Abbrev [44] 0x1974:0x14 DW_TAG_subprogram
	.long	.Linfo_string465                @ DW_AT_name
	.byte	18                              @ DW_AT_decl_file
	.byte	183                             @ DW_AT_decl_line
                                        @ DW_AT_prototyped
	.byte	1                               @ DW_AT_inline
	.byte	45                              @ Abbrev [45] 0x197c:0xb DW_TAG_formal_parameter
	.long	.Linfo_string455                @ DW_AT_name
	.byte	18                              @ DW_AT_decl_file
	.byte	183                             @ DW_AT_decl_line
	.long	4886                            @ DW_AT_type
	.byte	0                               @ End Of Children Mark
	.byte	33                              @ Abbrev [33] 0x1988:0x57 DW_TAG_subprogram
	.long	.Lfunc_begin24                  @ DW_AT_low_pc
	.long	.Lfunc_end24-.Lfunc_begin24     @ DW_AT_high_pc
	.byte	1                               @ DW_AT_frame_base
	.byte	93
                                        @ DW_AT_GNU_all_call_sites
	.long	.Linfo_string497                @ DW_AT_name
	.byte	4                               @ DW_AT_decl_file
	.short	1157                            @ DW_AT_decl_line
                                        @ DW_AT_prototyped
                                        @ DW_AT_external
	.byte	35                              @ Abbrev [35] 0x199a:0x10 DW_TAG_variable
	.long	.Ldebug_loc29                   @ DW_AT_location
	.long	.Linfo_string455                @ DW_AT_name
	.byte	4                               @ DW_AT_decl_file
	.short	1160                            @ DW_AT_decl_line
	.long	4886                            @ DW_AT_type
	.byte	46                              @ Abbrev [46] 0x19aa:0x1b DW_TAG_inlined_subroutine
	.long	6492                            @ DW_AT_abstract_origin
	.long	.Ltmp188                        @ DW_AT_low_pc
	.long	.Ltmp190-.Ltmp188               @ DW_AT_high_pc
	.byte	4                               @ DW_AT_call_file
	.short	1160                            @ DW_AT_call_line
	.byte	35                              @ DW_AT_call_column
	.byte	52                              @ Abbrev [52] 0x19bb:0x9 DW_TAG_variable
	.long	.Ldebug_loc30                   @ DW_AT_location
	.long	6504                            @ DW_AT_abstract_origin
	.byte	0                               @ End Of Children Mark
	.byte	46                              @ Abbrev [46] 0x19c5:0x19 DW_TAG_inlined_subroutine
	.long	6516                            @ DW_AT_abstract_origin
	.long	.Ltmp190                        @ DW_AT_low_pc
	.long	.Ltmp191-.Ltmp190               @ DW_AT_high_pc
	.byte	4                               @ DW_AT_call_file
	.short	1163                            @ DW_AT_call_line
	.byte	5                               @ DW_AT_call_column
	.byte	47                              @ Abbrev [47] 0x19d6:0x7 DW_TAG_formal_parameter
	.byte	1                               @ DW_AT_location
	.byte	80
	.long	6524                            @ DW_AT_abstract_origin
	.byte	0                               @ End Of Children Mark
	.byte	0                               @ End Of Children Mark
	.byte	38                              @ Abbrev [38] 0x19df:0x16 DW_TAG_subprogram
	.long	.Lfunc_begin25                  @ DW_AT_low_pc
	.long	.Lfunc_end25-.Lfunc_begin25     @ DW_AT_high_pc
	.byte	1                               @ DW_AT_frame_base
	.byte	93
                                        @ DW_AT_GNU_all_call_sites
	.long	.Linfo_string498                @ DW_AT_name
	.byte	4                               @ DW_AT_decl_file
	.short	1167                            @ DW_AT_decl_line
                                        @ DW_AT_prototyped
	.long	1312                            @ DW_AT_type
                                        @ DW_AT_external
	.byte	55                              @ Abbrev [55] 0x19f5:0x1a DW_TAG_subprogram
	.long	.Linfo_string466                @ DW_AT_name
	.byte	18                              @ DW_AT_decl_file
	.short	306                             @ DW_AT_decl_line
                                        @ DW_AT_prototyped
	.long	1312                            @ DW_AT_type
	.byte	1                               @ DW_AT_inline
	.byte	37                              @ Abbrev [37] 0x1a02:0xc DW_TAG_variable
	.long	.Linfo_string455                @ DW_AT_name
	.byte	18                              @ DW_AT_decl_file
	.short	308                             @ DW_AT_decl_line
	.long	1312                            @ DW_AT_type
	.byte	0                               @ End Of Children Mark
	.byte	39                              @ Abbrev [39] 0x1a0f:0x23 DW_TAG_subprogram
	.long	.Linfo_string467                @ DW_AT_name
	.byte	19                              @ DW_AT_decl_file
	.byte	177                             @ DW_AT_decl_line
                                        @ DW_AT_prototyped
	.long	6706                            @ DW_AT_type
	.byte	1                               @ DW_AT_inline
	.byte	45                              @ Abbrev [45] 0x1a1b:0xb DW_TAG_formal_parameter
	.long	.Linfo_string470                @ DW_AT_name
	.byte	19                              @ DW_AT_decl_file
	.byte	177                             @ DW_AT_decl_line
	.long	6706                            @ DW_AT_type
	.byte	45                              @ Abbrev [45] 0x1a26:0xb DW_TAG_formal_parameter
	.long	.Linfo_string471                @ DW_AT_name
	.byte	19                              @ DW_AT_decl_file
	.byte	177                             @ DW_AT_decl_line
	.long	6706                            @ DW_AT_type
	.byte	0                               @ End Of Children Mark
	.byte	11                              @ Abbrev [11] 0x1a32:0xb DW_TAG_typedef
	.long	6717                            @ DW_AT_type
	.long	.Linfo_string469                @ DW_AT_name
	.byte	3                               @ DW_AT_decl_file
	.byte	64                              @ DW_AT_decl_line
	.byte	10                              @ Abbrev [10] 0x1a3d:0x7 DW_TAG_base_type
	.long	.Linfo_string468                @ DW_AT_name
	.byte	7                               @ DW_AT_encoding
	.byte	4                               @ DW_AT_byte_size
	.byte	41                              @ Abbrev [41] 0x1a44:0x96 DW_TAG_subprogram
	.long	.Lfunc_begin26                  @ DW_AT_low_pc
	.long	.Lfunc_end26-.Lfunc_begin26     @ DW_AT_high_pc
	.byte	1                               @ DW_AT_frame_base
	.byte	93
                                        @ DW_AT_GNU_all_call_sites
	.long	.Linfo_string499                @ DW_AT_name
	.byte	4                               @ DW_AT_decl_file
	.short	747                             @ DW_AT_decl_line
                                        @ DW_AT_prototyped
	.long	1312                            @ DW_AT_type
	.byte	36                              @ Abbrev [36] 0x1a5a:0x7f DW_TAG_lexical_block
	.long	.Ltmp199                        @ DW_AT_low_pc
	.long	.Ltmp211-.Ltmp199               @ DW_AT_high_pc
	.byte	35                              @ Abbrev [35] 0x1a63:0x10 DW_TAG_variable
	.long	.Ldebug_loc31                   @ DW_AT_location
	.long	.Linfo_string455                @ DW_AT_name
	.byte	4                               @ DW_AT_decl_file
	.short	752                             @ DW_AT_decl_line
	.long	1312                            @ DW_AT_type
	.byte	57                              @ Abbrev [57] 0x1a73:0x17 DW_TAG_inlined_subroutine
	.long	6645                            @ DW_AT_abstract_origin
	.long	.Ldebug_ranges1                 @ DW_AT_ranges
	.byte	4                               @ DW_AT_call_file
	.short	753                             @ DW_AT_call_line
	.byte	15                              @ DW_AT_call_column
	.byte	52                              @ Abbrev [52] 0x1a80:0x9 DW_TAG_variable
	.long	.Ldebug_loc32                   @ DW_AT_location
	.long	6658                            @ DW_AT_abstract_origin
	.byte	0                               @ End Of Children Mark
	.byte	46                              @ Abbrev [46] 0x1a8a:0x27 DW_TAG_inlined_subroutine
	.long	6671                            @ DW_AT_abstract_origin
	.long	.Ltmp205                        @ DW_AT_low_pc
	.long	.Ltmp206-.Ltmp205               @ DW_AT_high_pc
	.byte	4                               @ DW_AT_call_file
	.short	797                             @ DW_AT_call_line
	.byte	29                              @ DW_AT_call_column
	.byte	58                              @ Abbrev [58] 0x1a9b:0x7 DW_TAG_formal_parameter
	.ascii	"\373\001"                      @ DW_AT_const_value
	.long	6683                            @ DW_AT_abstract_origin
	.byte	47                              @ Abbrev [47] 0x1aa2:0xe DW_TAG_formal_parameter
	.byte	8                               @ DW_AT_location
	.byte	113
	.byte	0
	.byte	16
	.ascii	"\377\377\003"
	.byte	26
	.byte	159
	.long	6694                            @ DW_AT_abstract_origin
	.byte	0                               @ End Of Children Mark
	.byte	46                              @ Abbrev [46] 0x1ab1:0x27 DW_TAG_inlined_subroutine
	.long	6671                            @ DW_AT_abstract_origin
	.long	.Ltmp208                        @ DW_AT_low_pc
	.long	.Ltmp209-.Ltmp208               @ DW_AT_high_pc
	.byte	4                               @ DW_AT_call_file
	.short	798                             @ DW_AT_call_line
	.byte	27                              @ DW_AT_call_column
	.byte	58                              @ Abbrev [58] 0x1ac2:0x7 DW_TAG_formal_parameter
	.ascii	"\310\020"                      @ DW_AT_const_value
	.long	6683                            @ DW_AT_abstract_origin
	.byte	47                              @ Abbrev [47] 0x1ac9:0xe DW_TAG_formal_parameter
	.byte	8                               @ DW_AT_location
	.byte	112
	.byte	0
	.byte	16
	.ascii	"\377\377\003"
	.byte	26
	.byte	159
	.long	6694                            @ DW_AT_abstract_origin
	.byte	0                               @ End Of Children Mark
	.byte	0                               @ End Of Children Mark
	.byte	0                               @ End Of Children Mark
	.byte	53                              @ Abbrev [53] 0x1ada:0x16 DW_TAG_subprogram
	.long	.Linfo_string472                @ DW_AT_name
	.byte	18                              @ DW_AT_decl_file
	.short	324                             @ DW_AT_decl_line
                                        @ DW_AT_prototyped
	.byte	1                               @ DW_AT_inline
	.byte	54                              @ Abbrev [54] 0x1ae3:0xc DW_TAG_formal_parameter
	.long	.Linfo_string455                @ DW_AT_name
	.byte	18                              @ DW_AT_decl_file
	.short	324                             @ DW_AT_decl_line
	.long	1312                            @ DW_AT_type
	.byte	0                               @ End Of Children Mark
	.byte	33                              @ Abbrev [33] 0x1af0:0x3c DW_TAG_subprogram
	.long	.Lfunc_begin27                  @ DW_AT_low_pc
	.long	.Lfunc_end27-.Lfunc_begin27     @ DW_AT_high_pc
	.byte	1                               @ DW_AT_frame_base
	.byte	93
                                        @ DW_AT_GNU_all_call_sites
	.long	.Linfo_string500                @ DW_AT_name
	.byte	4                               @ DW_AT_decl_file
	.short	1172                            @ DW_AT_decl_line
                                        @ DW_AT_prototyped
                                        @ DW_AT_external
	.byte	35                              @ Abbrev [35] 0x1b02:0x10 DW_TAG_variable
	.long	.Ldebug_loc33                   @ DW_AT_location
	.long	.Linfo_string455                @ DW_AT_name
	.byte	4                               @ DW_AT_decl_file
	.short	1174                            @ DW_AT_decl_line
	.long	1312                            @ DW_AT_type
	.byte	46                              @ Abbrev [46] 0x1b12:0x19 DW_TAG_inlined_subroutine
	.long	6874                            @ DW_AT_abstract_origin
	.long	.Ltmp215                        @ DW_AT_low_pc
	.long	.Ltmp216-.Ltmp215               @ DW_AT_high_pc
	.byte	4                               @ DW_AT_call_file
	.short	1175                            @ DW_AT_call_line
	.byte	5                               @ DW_AT_call_column
	.byte	47                              @ Abbrev [47] 0x1b23:0x7 DW_TAG_formal_parameter
	.byte	1                               @ DW_AT_location
	.byte	80
	.long	6883                            @ DW_AT_abstract_origin
	.byte	0                               @ End Of Children Mark
	.byte	0                               @ End Of Children Mark
	.byte	33                              @ Abbrev [33] 0x1b2c:0x33 DW_TAG_subprogram
	.long	.Lfunc_begin28                  @ DW_AT_low_pc
	.long	.Lfunc_end28-.Lfunc_begin28     @ DW_AT_high_pc
	.byte	1                               @ DW_AT_frame_base
	.byte	93
                                        @ DW_AT_GNU_all_call_sites
	.long	.Linfo_string501                @ DW_AT_name
	.byte	4                               @ DW_AT_decl_file
	.short	1179                            @ DW_AT_decl_line
                                        @ DW_AT_prototyped
                                        @ DW_AT_external
	.byte	34                              @ Abbrev [34] 0x1b3e:0x10 DW_TAG_formal_parameter
	.long	.Ldebug_loc34                   @ DW_AT_location
	.long	.Linfo_string95                 @ DW_AT_name
	.byte	4                               @ DW_AT_decl_file
	.short	1179                            @ DW_AT_decl_line
	.long	621                             @ DW_AT_type
	.byte	35                              @ Abbrev [35] 0x1b4e:0x10 DW_TAG_variable
	.long	.Ldebug_loc35                   @ DW_AT_location
	.long	.Linfo_string510                @ DW_AT_name
	.byte	4                               @ DW_AT_decl_file
	.short	1181                            @ DW_AT_decl_line
	.long	4858                            @ DW_AT_type
	.byte	0                               @ End Of Children Mark
	.byte	12                              @ Abbrev [12] 0x1b5f:0x5 DW_TAG_pointer_type
	.long	7012                            @ DW_AT_type
	.byte	5                               @ Abbrev [5] 0x1b64:0x5 DW_TAG_const_type
	.long	621                             @ DW_AT_type
	.byte	0                               @ End Of Children Mark
.Ldebug_info_end0:
	.section	.debug_ranges,"",%progbits
.Ldebug_ranges0:
	.long	.Ltmp174-.Lfunc_begin0
	.long	.Ltmp176-.Lfunc_begin0
	.long	.Ltmp177-.Lfunc_begin0
	.long	.Ltmp179-.Lfunc_begin0
	.long	0
	.long	0
.Ldebug_ranges1:
	.long	.Ltmp199-.Lfunc_begin0
	.long	.Ltmp201-.Lfunc_begin0
	.long	.Ltmp202-.Lfunc_begin0
	.long	.Ltmp203-.Lfunc_begin0
	.long	0
	.long	0
	.section	.debug_str,"MS",%progbits,1
.Linfo_string0:
	.asciz	"Component: Arm Compiler for Embedded 6.23 Tool: armclang [5f103000]" @ string offset=0
.Linfo_string1:
	.asciz	"../../../../../sdk/app_modules/src/app_common\\app.c" @ string offset=68
.Linfo_string2:
	.asciz	"C:\\Users\\teodor\\Desktop\\stem\\codeless\\6.0.24.1464\\projects\\target_apps\\ble_examples\\empty_peripheral_template\\Keil_5" @ string offset=120
.Linfo_string3:
	.asciz	"prf_funcs"                     @ string offset=237
.Linfo_string4:
	.asciz	"task_id"                       @ string offset=247
.Linfo_string5:
	.asciz	"unsigned char"                 @ string offset=255
.Linfo_string6:
	.asciz	"TASK_ID_LLM"                   @ string offset=269
.Linfo_string7:
	.asciz	"TASK_ID_LLC"                   @ string offset=281
.Linfo_string8:
	.asciz	"TASK_ID_LLD"                   @ string offset=293
.Linfo_string9:
	.asciz	"TASK_ID_DBG"                   @ string offset=305
.Linfo_string10:
	.asciz	"TASK_ID_LM"                    @ string offset=317
.Linfo_string11:
	.asciz	"TASK_ID_LC"                    @ string offset=328
.Linfo_string12:
	.asciz	"TASK_ID_LB"                    @ string offset=339
.Linfo_string13:
	.asciz	"TASK_ID_LD"                    @ string offset=350
.Linfo_string14:
	.asciz	"TASK_ID_HCI"                   @ string offset=361
.Linfo_string15:
	.asciz	"TASK_ID_DISPLAY"               @ string offset=373
.Linfo_string16:
	.asciz	"TASK_ID_L2CC"                  @ string offset=389
.Linfo_string17:
	.asciz	"TASK_ID_GATTM"                 @ string offset=402
.Linfo_string18:
	.asciz	"TASK_ID_GATTC"                 @ string offset=416
.Linfo_string19:
	.asciz	"TASK_ID_GAPM"                  @ string offset=430
.Linfo_string20:
	.asciz	"TASK_ID_GAPC"                  @ string offset=443
.Linfo_string21:
	.asciz	"TASK_ID_APP"                   @ string offset=456
.Linfo_string22:
	.asciz	"TASK_ID_GTL"                   @ string offset=468
.Linfo_string23:
	.asciz	"TASK_ID_DISS"                  @ string offset=480
.Linfo_string24:
	.asciz	"TASK_ID_DISC"                  @ string offset=493
.Linfo_string25:
	.asciz	"TASK_ID_PROXM"                 @ string offset=506
.Linfo_string26:
	.asciz	"TASK_ID_PROXR"                 @ string offset=520
.Linfo_string27:
	.asciz	"TASK_ID_FINDL"                 @ string offset=534
.Linfo_string28:
	.asciz	"TASK_ID_FINDT"                 @ string offset=548
.Linfo_string29:
	.asciz	"TASK_ID_HTPC"                  @ string offset=562
.Linfo_string30:
	.asciz	"TASK_ID_HTPT"                  @ string offset=575
.Linfo_string31:
	.asciz	"TASK_ID_BLPS"                  @ string offset=588
.Linfo_string32:
	.asciz	"TASK_ID_BLPC"                  @ string offset=601
.Linfo_string33:
	.asciz	"TASK_ID_HRPS"                  @ string offset=614
.Linfo_string34:
	.asciz	"TASK_ID_HRPC"                  @ string offset=627
.Linfo_string35:
	.asciz	"TASK_ID_TIPS"                  @ string offset=640
.Linfo_string36:
	.asciz	"TASK_ID_TIPC"                  @ string offset=653
.Linfo_string37:
	.asciz	"TASK_ID_SCPPS"                 @ string offset=666
.Linfo_string38:
	.asciz	"TASK_ID_SCPPC"                 @ string offset=680
.Linfo_string39:
	.asciz	"TASK_ID_BASS"                  @ string offset=694
.Linfo_string40:
	.asciz	"TASK_ID_BASC"                  @ string offset=707
.Linfo_string41:
	.asciz	"TASK_ID_HOGPD"                 @ string offset=720
.Linfo_string42:
	.asciz	"TASK_ID_HOGPBH"                @ string offset=734
.Linfo_string43:
	.asciz	"TASK_ID_HOGPRH"                @ string offset=749
.Linfo_string44:
	.asciz	"TASK_ID_GLPS"                  @ string offset=764
.Linfo_string45:
	.asciz	"TASK_ID_GLPC"                  @ string offset=777
.Linfo_string46:
	.asciz	"TASK_ID_RSCPS"                 @ string offset=790
.Linfo_string47:
	.asciz	"TASK_ID_RSCPC"                 @ string offset=804
.Linfo_string48:
	.asciz	"TASK_ID_CSCPS"                 @ string offset=818
.Linfo_string49:
	.asciz	"TASK_ID_CSCPC"                 @ string offset=832
.Linfo_string50:
	.asciz	"TASK_ID_ANPS"                  @ string offset=846
.Linfo_string51:
	.asciz	"TASK_ID_ANPC"                  @ string offset=859
.Linfo_string52:
	.asciz	"TASK_ID_PASPS"                 @ string offset=872
.Linfo_string53:
	.asciz	"TASK_ID_PASPC"                 @ string offset=886
.Linfo_string54:
	.asciz	"TASK_ID_CPPS"                  @ string offset=900
.Linfo_string55:
	.asciz	"TASK_ID_CPPC"                  @ string offset=913
.Linfo_string56:
	.asciz	"TASK_ID_LANS"                  @ string offset=926
.Linfo_string57:
	.asciz	"TASK_ID_LANC"                  @ string offset=939
.Linfo_string58:
	.asciz	"TASK_ID_BMSS"                  @ string offset=952
.Linfo_string59:
	.asciz	"TASK_ID_BMSC"                  @ string offset=965
.Linfo_string60:
	.asciz	"TASK_ID_BCSS"                  @ string offset=978
.Linfo_string61:
	.asciz	"TASK_ID_BCSC"                  @ string offset=991
.Linfo_string62:
	.asciz	"TASK_ID_UDSS"                  @ string offset=1004
.Linfo_string63:
	.asciz	"TASK_ID_UDSC"                  @ string offset=1017
.Linfo_string64:
	.asciz	"TASK_ID_WSSS"                  @ string offset=1030
.Linfo_string65:
	.asciz	"TASK_ID_WSSC"                  @ string offset=1043
.Linfo_string66:
	.asciz	"TASK_ID_CTSS"                  @ string offset=1056
.Linfo_string67:
	.asciz	"TASK_ID_CTSC"                  @ string offset=1069
.Linfo_string68:
	.asciz	"TASK_ID_ANCC"                  @ string offset=1082
.Linfo_string69:
	.asciz	"TASK_ID_GATT_CLIENT"           @ string offset=1095
.Linfo_string70:
	.asciz	"TASK_ID_CGMS"                  @ string offset=1115
.Linfo_string71:
	.asciz	"TASK_ID_CGMC"                  @ string offset=1128
.Linfo_string72:
	.asciz	"TASK_ID_PLXS"                  @ string offset=1141
.Linfo_string73:
	.asciz	"TASK_ID_PLXC"                  @ string offset=1154
.Linfo_string74:
	.asciz	"TASK_ID_FSP_EXT"               @ string offset=1167
.Linfo_string75:
	.asciz	"TASK_ID_SUOTAR"                @ string offset=1183
.Linfo_string76:
	.asciz	"TASK_ID_CUSTS1"                @ string offset=1198
.Linfo_string77:
	.asciz	"TASK_ID_CUSTS2"                @ string offset=1213
.Linfo_string78:
	.asciz	"TASK_ID_INVALID"               @ string offset=1228
.Linfo_string79:
	.asciz	"KE_API_ID"                     @ string offset=1244
.Linfo_string80:
	.asciz	"db_create_func"                @ string offset=1254
.Linfo_string81:
	.asciz	"prf_func_void_t"               @ string offset=1269
.Linfo_string82:
	.asciz	"enable_func"                   @ string offset=1285
.Linfo_string83:
	.asciz	"uint8_t"                       @ string offset=1297
.Linfo_string84:
	.asciz	"prf_func_uint8_t"              @ string offset=1305
.Linfo_string85:
	.asciz	"prf_func_callbacks"            @ string offset=1322
.Linfo_string86:
	.asciz	"__ARRAY_SIZE_TYPE__"           @ string offset=1341
.Linfo_string87:
	.asciz	"i"                             @ string offset=1361
.Linfo_string88:
	.asciz	"k"                             @ string offset=1363
.Linfo_string89:
	.asciz	"j"                             @ string offset=1365
.Linfo_string90:
	.asciz	"char"                          @ string offset=1367
.Linfo_string91:
	.asciz	"app_env"                       @ string offset=1372
.Linfo_string92:
	.asciz	"conhdl"                        @ string offset=1380
.Linfo_string93:
	.asciz	"unsigned short"                @ string offset=1387
.Linfo_string94:
	.asciz	"uint16_t"                      @ string offset=1402
.Linfo_string95:
	.asciz	"conidx"                        @ string offset=1411
.Linfo_string96:
	.asciz	"connection_active"             @ string offset=1418
.Linfo_string97:
	.asciz	"_Bool"                         @ string offset=1436
.Linfo_string98:
	.asciz	"peer_addr_type"                @ string offset=1442
.Linfo_string99:
	.asciz	"peer_addr"                     @ string offset=1457
.Linfo_string100:
	.asciz	"addr"                          @ string offset=1467
.Linfo_string101:
	.asciz	"bd_addr"                       @ string offset=1472
.Linfo_string102:
	.asciz	"pairing_in_progress"           @ string offset=1480
.Linfo_string103:
	.asciz	"app_env_tag"                   @ string offset=1500
.Linfo_string104:
	.asciz	"app_prf_srv_perm"              @ string offset=1512
.Linfo_string105:
	.asciz	"perm"                          @ string offset=1529
.Linfo_string106:
	.asciz	"SRV_PERM_DISABLE"              @ string offset=1534
.Linfo_string107:
	.asciz	"SRV_PERM_ENABLE"               @ string offset=1551
.Linfo_string108:
	.asciz	"SRV_PERM_UNAUTH"               @ string offset=1567
.Linfo_string109:
	.asciz	"SRV_PERM_AUTH"                 @ string offset=1583
.Linfo_string110:
	.asciz	"SRV_PERM_SECURE"               @ string offset=1597
.Linfo_string111:
	.asciz	"app_prf_srv_perm_t"            @ string offset=1613
.Linfo_string112:
	.asciz	"app_prf_srv_sec"               @ string offset=1632
.Linfo_string113:
	.asciz	"app_prf_srv_sec_t"             @ string offset=1648
.Linfo_string114:
	.asciz	"device_info"                   @ string offset=1666
.Linfo_string115:
	.asciz	"dev_name"                      @ string offset=1678
.Linfo_string116:
	.asciz	"length"                        @ string offset=1687
.Linfo_string117:
	.asciz	"name"                          @ string offset=1694
.Linfo_string118:
	.asciz	"app_device_name"               @ string offset=1699
.Linfo_string119:
	.asciz	"appearance"                    @ string offset=1715
.Linfo_string120:
	.asciz	"app_device_info"               @ string offset=1726
.Linfo_string121:
	.asciz	"param_update_cmd"              @ string offset=1742
.Linfo_string122:
	.asciz	"operation"                     @ string offset=1759
.Linfo_string123:
	.asciz	"pkt_id"                        @ string offset=1769
.Linfo_string124:
	.asciz	"intv_min"                      @ string offset=1776
.Linfo_string125:
	.asciz	"intv_max"                      @ string offset=1785
.Linfo_string126:
	.asciz	"latency"                       @ string offset=1794
.Linfo_string127:
	.asciz	"time_out"                      @ string offset=1802
.Linfo_string128:
	.asciz	"ce_len_min"                    @ string offset=1811
.Linfo_string129:
	.asciz	"ce_len_max"                    @ string offset=1822
.Linfo_string130:
	.asciz	"gapc_param_update_cmd"         @ string offset=1833
.Linfo_string131:
	.asciz	"set_dev_config_cmd"            @ string offset=1855
.Linfo_string132:
	.asciz	"role"                          @ string offset=1874
.Linfo_string133:
	.asciz	"renew_dur"                     @ string offset=1879
.Linfo_string134:
	.asciz	"irk"                           @ string offset=1889
.Linfo_string135:
	.asciz	"key"                           @ string offset=1893
.Linfo_string136:
	.asciz	"gap_sec_key"                   @ string offset=1897
.Linfo_string137:
	.asciz	"addr_type"                     @ string offset=1909
.Linfo_string138:
	.asciz	"att_cfg"                       @ string offset=1919
.Linfo_string139:
	.asciz	"gap_start_hdl"                 @ string offset=1927
.Linfo_string140:
	.asciz	"gatt_start_hdl"                @ string offset=1941
.Linfo_string141:
	.asciz	"max_mtu"                       @ string offset=1956
.Linfo_string142:
	.asciz	"max_mps"                       @ string offset=1964
.Linfo_string143:
	.asciz	"att_cfg_"                      @ string offset=1972
.Linfo_string144:
	.asciz	"max_txoctets"                  @ string offset=1981
.Linfo_string145:
	.asciz	"max_txtime"                    @ string offset=1994
.Linfo_string146:
	.asciz	"priv1_2"                       @ string offset=2005
.Linfo_string147:
	.asciz	"gapm_set_dev_config_cmd"       @ string offset=2013
.Linfo_string148:
	.asciz	"adv_cmd"                       @ string offset=2037
.Linfo_string149:
	.asciz	"op"                            @ string offset=2045
.Linfo_string150:
	.asciz	"code"                          @ string offset=2048
.Linfo_string151:
	.asciz	"addr_src"                      @ string offset=2053
.Linfo_string152:
	.asciz	"state"                         @ string offset=2062
.Linfo_string153:
	.asciz	"gapm_air_operation"            @ string offset=2068
.Linfo_string154:
	.asciz	"channel_map"                   @ string offset=2087
.Linfo_string155:
	.asciz	"info"                          @ string offset=2099
.Linfo_string156:
	.asciz	"host"                          @ string offset=2104
.Linfo_string157:
	.asciz	"mode"                          @ string offset=2109
.Linfo_string158:
	.asciz	"adv_filt_policy"               @ string offset=2114
.Linfo_string159:
	.asciz	"adv_data_len"                  @ string offset=2130
.Linfo_string160:
	.asciz	"adv_data"                      @ string offset=2143
.Linfo_string161:
	.asciz	"scan_rsp_data_len"             @ string offset=2152
.Linfo_string162:
	.asciz	"scan_rsp_data"                 @ string offset=2170
.Linfo_string163:
	.asciz	"peer_info"                     @ string offset=2184
.Linfo_string164:
	.asciz	"gap_bdaddr"                    @ string offset=2194
.Linfo_string165:
	.asciz	"gapm_adv_host"                 @ string offset=2205
.Linfo_string166:
	.asciz	"direct"                        @ string offset=2219
.Linfo_string167:
	.asciz	"gapm_adv_info"                 @ string offset=2226
.Linfo_string168:
	.asciz	"gapm_start_advertise_cmd"      @ string offset=2240
.Linfo_string169:
	.asciz	"start_connection_cmd"          @ string offset=2265
.Linfo_string170:
	.asciz	"scan_interval"                 @ string offset=2286
.Linfo_string171:
	.asciz	"scan_window"                   @ string offset=2300
.Linfo_string172:
	.asciz	"con_intv_min"                  @ string offset=2312
.Linfo_string173:
	.asciz	"con_intv_max"                  @ string offset=2325
.Linfo_string174:
	.asciz	"con_latency"                   @ string offset=2338
.Linfo_string175:
	.asciz	"superv_to"                     @ string offset=2350
.Linfo_string176:
	.asciz	"nb_peers"                      @ string offset=2360
.Linfo_string177:
	.asciz	"peers"                         @ string offset=2369
.Linfo_string178:
	.asciz	"gapm_start_connection_cmd"     @ string offset=2375
.Linfo_string179:
	.asciz	"start_scan_cmd"                @ string offset=2401
.Linfo_string180:
	.asciz	"interval"                      @ string offset=2416
.Linfo_string181:
	.asciz	"window"                        @ string offset=2425
.Linfo_string182:
	.asciz	"filt_policy"                   @ string offset=2432
.Linfo_string183:
	.asciz	"filter_duplic"                 @ string offset=2444
.Linfo_string184:
	.asciz	"gapm_start_scan_cmd"           @ string offset=2458
.Linfo_string185:
	.asciz	"adv_timer_id"                  @ string offset=2478
.Linfo_string186:
	.asciz	"timer_hnd"                     @ string offset=2491
.Linfo_string187:
	.asciz	"adv_timeout_callback"          @ string offset=2501
.Linfo_string188:
	.asciz	"user_prf_funcs"                @ string offset=2522
.Linfo_string189:
	.asciz	"TASK_DESC_APP"                 @ string offset=2537
.Linfo_string190:
	.asciz	"state_handler"                 @ string offset=2551
.Linfo_string191:
	.asciz	"msg_table"                     @ string offset=2565
.Linfo_string192:
	.asciz	"id"                            @ string offset=2575
.Linfo_string193:
	.asciz	"ke_msg_id_t"                   @ string offset=2578
.Linfo_string194:
	.asciz	"func"                          @ string offset=2590
.Linfo_string195:
	.asciz	"int"                           @ string offset=2595
.Linfo_string196:
	.asciz	"ke_task_id_t"                  @ string offset=2599
.Linfo_string197:
	.asciz	"ke_msg_func_t"                 @ string offset=2612
.Linfo_string198:
	.asciz	"ke_msg_handler"                @ string offset=2626
.Linfo_string199:
	.asciz	"msg_cnt"                       @ string offset=2641
.Linfo_string200:
	.asciz	"ke_state_handler"              @ string offset=2649
.Linfo_string201:
	.asciz	"default_handler"               @ string offset=2666
.Linfo_string202:
	.asciz	"ke_state_t"                    @ string offset=2682
.Linfo_string203:
	.asciz	"state_max"                     @ string offset=2693
.Linfo_string204:
	.asciz	"idx_max"                       @ string offset=2703
.Linfo_string205:
	.asciz	"ke_task_desc"                  @ string offset=2711
.Linfo_string206:
	.asciz	"user_adv_conf"                 @ string offset=2724
.Linfo_string207:
	.asciz	"advertise_configuration"       @ string offset=2738
.Linfo_string208:
	.asciz	"user_connection_param_conf"    @ string offset=2762
.Linfo_string209:
	.asciz	"connection_param_configuration" @ string offset=2789
.Linfo_string210:
	.asciz	"user_central_conf"             @ string offset=2820
.Linfo_string211:
	.asciz	"peer_addr_0"                   @ string offset=2838
.Linfo_string212:
	.asciz	"peer_addr_0_type"              @ string offset=2850
.Linfo_string213:
	.asciz	"peer_addr_1"                   @ string offset=2867
.Linfo_string214:
	.asciz	"peer_addr_1_type"              @ string offset=2879
.Linfo_string215:
	.asciz	"peer_addr_2"                   @ string offset=2896
.Linfo_string216:
	.asciz	"peer_addr_2_type"              @ string offset=2908
.Linfo_string217:
	.asciz	"peer_addr_3"                   @ string offset=2925
.Linfo_string218:
	.asciz	"peer_addr_3_type"              @ string offset=2937
.Linfo_string219:
	.asciz	"peer_addr_4"                   @ string offset=2954
.Linfo_string220:
	.asciz	"peer_addr_4_type"              @ string offset=2966
.Linfo_string221:
	.asciz	"peer_addr_5"                   @ string offset=2983
.Linfo_string222:
	.asciz	"peer_addr_5_type"              @ string offset=2995
.Linfo_string223:
	.asciz	"peer_addr_6"                   @ string offset=3012
.Linfo_string224:
	.asciz	"peer_addr_6_type"              @ string offset=3024
.Linfo_string225:
	.asciz	"peer_addr_7"                   @ string offset=3041
.Linfo_string226:
	.asciz	"peer_addr_7_type"              @ string offset=3053
.Linfo_string227:
	.asciz	"central_configuration"         @ string offset=3070
.Linfo_string228:
	.asciz	"user_gapm_conf"                @ string offset=3092
.Linfo_string229:
	.asciz	"GAP_ROLE_NONE"                 @ string offset=3107
.Linfo_string230:
	.asciz	"GAP_ROLE_OBSERVER"             @ string offset=3121
.Linfo_string231:
	.asciz	"GAP_ROLE_BROADCASTER"          @ string offset=3139
.Linfo_string232:
	.asciz	"GAP_ROLE_CENTRAL"              @ string offset=3160
.Linfo_string233:
	.asciz	"GAP_ROLE_PERIPHERAL"           @ string offset=3177
.Linfo_string234:
	.asciz	"GAP_ROLE_ALL"                  @ string offset=3197
.Linfo_string235:
	.asciz	"GAP_ROLE_DBG_LE_4_0"           @ string offset=3210
.Linfo_string236:
	.asciz	"gap_role"                      @ string offset=3230
.Linfo_string237:
	.asciz	"gapm_configuration"            @ string offset=3239
.Linfo_string238:
	.asciz	"TASK_LLM"                      @ string offset=3258
.Linfo_string239:
	.asciz	"TASK_LLC"                      @ string offset=3267
.Linfo_string240:
	.asciz	"TASK_LLD"                      @ string offset=3276
.Linfo_string241:
	.asciz	"TASK_DBG"                      @ string offset=3285
.Linfo_string242:
	.asciz	"TASK_APP"                      @ string offset=3294
.Linfo_string243:
	.asciz	"TASK_GTL"                      @ string offset=3303
.Linfo_string244:
	.asciz	"TASK_L2CC"                     @ string offset=3312
.Linfo_string245:
	.asciz	"TASK_GATTM"                    @ string offset=3322
.Linfo_string246:
	.asciz	"TASK_GATTC"                    @ string offset=3333
.Linfo_string247:
	.asciz	"TASK_GAPM"                     @ string offset=3344
.Linfo_string248:
	.asciz	"TASK_GAPC"                     @ string offset=3354
.Linfo_string249:
	.asciz	"TASK_RFU_1"                    @ string offset=3364
.Linfo_string250:
	.asciz	"TASK_RFU_2"                    @ string offset=3375
.Linfo_string251:
	.asciz	"TASK_RFU_3"                    @ string offset=3386
.Linfo_string252:
	.asciz	"TASK_RFU_4"                    @ string offset=3397
.Linfo_string253:
	.asciz	"TASK_RFU_5"                    @ string offset=3408
.Linfo_string254:
	.asciz	"TASK_PRF_MAX"                  @ string offset=3419
.Linfo_string255:
	.asciz	"TASK_MAX"                      @ string offset=3432
.Linfo_string256:
	.asciz	"TASK_NONE"                     @ string offset=3441
.Linfo_string257:
	.asciz	"KE_TASK_TYPE"                  @ string offset=3451
.Linfo_string258:
	.asciz	"APP_DISABLED"                  @ string offset=3464
.Linfo_string259:
	.asciz	"APP_DB_INIT"                   @ string offset=3477
.Linfo_string260:
	.asciz	"APP_CONNECTABLE"               @ string offset=3489
.Linfo_string261:
	.asciz	"APP_CONNECTED"                 @ string offset=3505
.Linfo_string262:
	.asciz	"APP_STATE_MAX"                 @ string offset=3519
.Linfo_string263:
	.asciz	"APP_STATE"                     @ string offset=3533
.Linfo_string264:
	.asciz	"GAPC_CMP_EVT"                  @ string offset=3543
.Linfo_string265:
	.asciz	"GAPC_CONNECTION_REQ_IND"       @ string offset=3556
.Linfo_string266:
	.asciz	"GAPC_CONNECTION_CFM"           @ string offset=3580
.Linfo_string267:
	.asciz	"GAPC_DISCONNECT_IND"           @ string offset=3600
.Linfo_string268:
	.asciz	"GAPC_DISCONNECT_CMD"           @ string offset=3620
.Linfo_string269:
	.asciz	"GAPC_GET_INFO_CMD"             @ string offset=3640
.Linfo_string270:
	.asciz	"GAPC_PEER_ATT_INFO_IND"        @ string offset=3658
.Linfo_string271:
	.asciz	"GAPC_PEER_VERSION_IND"         @ string offset=3681
.Linfo_string272:
	.asciz	"GAPC_PEER_FEATURES_IND"        @ string offset=3703
.Linfo_string273:
	.asciz	"GAPC_CON_RSSI_IND"             @ string offset=3726
.Linfo_string274:
	.asciz	"GAPC_GET_DEV_INFO_REQ_IND"     @ string offset=3744
.Linfo_string275:
	.asciz	"GAPC_GET_DEV_INFO_CFM"         @ string offset=3770
.Linfo_string276:
	.asciz	"GAPC_SET_DEV_INFO_REQ_IND"     @ string offset=3792
.Linfo_string277:
	.asciz	"GAPC_SET_DEV_INFO_CFM"         @ string offset=3818
.Linfo_string278:
	.asciz	"GAPC_PARAM_UPDATE_CMD"         @ string offset=3840
.Linfo_string279:
	.asciz	"GAPC_PARAM_UPDATE_REQ_IND"     @ string offset=3862
.Linfo_string280:
	.asciz	"GAPC_PARAM_UPDATE_CFM"         @ string offset=3888
.Linfo_string281:
	.asciz	"GAPC_PARAM_UPDATED_IND"        @ string offset=3910
.Linfo_string282:
	.asciz	"GAPC_BOND_CMD"                 @ string offset=3933
.Linfo_string283:
	.asciz	"GAPC_BOND_REQ_IND"             @ string offset=3947
.Linfo_string284:
	.asciz	"GAPC_BOND_CFM"                 @ string offset=3965
.Linfo_string285:
	.asciz	"GAPC_BOND_IND"                 @ string offset=3979
.Linfo_string286:
	.asciz	"GAPC_ENCRYPT_CMD"              @ string offset=3993
.Linfo_string287:
	.asciz	"GAPC_ENCRYPT_REQ_IND"          @ string offset=4010
.Linfo_string288:
	.asciz	"GAPC_ENCRYPT_CFM"              @ string offset=4031
.Linfo_string289:
	.asciz	"GAPC_ENCRYPT_IND"              @ string offset=4048
.Linfo_string290:
	.asciz	"GAPC_SECURITY_CMD"             @ string offset=4065
.Linfo_string291:
	.asciz	"GAPC_SECURITY_IND"             @ string offset=4083
.Linfo_string292:
	.asciz	"GAPC_SIGN_COUNTER_IND"         @ string offset=4101
.Linfo_string293:
	.asciz	"GAPC_CON_CHANNEL_MAP_IND"      @ string offset=4123
.Linfo_string294:
	.asciz	"GAPC_LECB_CREATE_CMD"          @ string offset=4148
.Linfo_string295:
	.asciz	"GAPC_LECB_DESTROY_CMD"         @ string offset=4169
.Linfo_string296:
	.asciz	"GAPC_LECB_CONNECT_CMD"         @ string offset=4191
.Linfo_string297:
	.asciz	"GAPC_LECB_CONNECT_REQ_IND"     @ string offset=4213
.Linfo_string298:
	.asciz	"GAPC_LECB_CONNECT_IND"         @ string offset=4239
.Linfo_string299:
	.asciz	"GAPC_LECB_CONNECT_CFM"         @ string offset=4261
.Linfo_string300:
	.asciz	"GAPC_LECB_ADD_CMD"             @ string offset=4283
.Linfo_string301:
	.asciz	"GAPC_LECB_ADD_IND"             @ string offset=4301
.Linfo_string302:
	.asciz	"GAPC_LECB_DISCONNECT_CMD"      @ string offset=4319
.Linfo_string303:
	.asciz	"GAPC_LECB_DISCONNECT_IND"      @ string offset=4344
.Linfo_string304:
	.asciz	"GAPC_SET_LE_PING_TO_CMD"       @ string offset=4369
.Linfo_string305:
	.asciz	"GAPC_LE_PING_TO_VAL_IND"       @ string offset=4393
.Linfo_string306:
	.asciz	"GAPC_LE_PING_TO_IND"           @ string offset=4417
.Linfo_string307:
	.asciz	"GAPC_SET_LE_PKT_SIZE_CMD"      @ string offset=4437
.Linfo_string308:
	.asciz	"GAPC_LE_PKT_SIZE_IND"          @ string offset=4462
.Linfo_string309:
	.asciz	"GAPC_SIGN_CMD"                 @ string offset=4483
.Linfo_string310:
	.asciz	"GAPC_SIGN_IND"                 @ string offset=4497
.Linfo_string311:
	.asciz	"GAPC_PARAM_UPDATE_TO_IND"      @ string offset=4511
.Linfo_string312:
	.asciz	"GAPC_SMP_TIMEOUT_TIMER_IND"    @ string offset=4536
.Linfo_string313:
	.asciz	"GAPC_SMP_REP_ATTEMPTS_TIMER_IND" @ string offset=4563
.Linfo_string314:
	.asciz	"GAPC_LECB_CONN_TO_IND"         @ string offset=4595
.Linfo_string315:
	.asciz	"GAPC_LECB_DISCONN_TO_IND"      @ string offset=4617
.Linfo_string316:
	.asciz	"GAPC_KEYPRESS_NOTIFICATION"    @ string offset=4642
.Linfo_string317:
	.asciz	"GAPC_KEYPRESS_NOTIFICATION_CMD" @ string offset=4669
.Linfo_string318:
	.asciz	"GAPC_KEYPRESS_NOTIFICATION_IND" @ string offset=4700
.Linfo_string319:
	.asciz	"gapc_msg_id"                   @ string offset=4731
.Linfo_string320:
	.asciz	"GAPC_NO_OP"                    @ string offset=4743
.Linfo_string321:
	.asciz	"GAPC_DISCONNECT"               @ string offset=4754
.Linfo_string322:
	.asciz	"GAPC_GET_PEER_NAME"            @ string offset=4770
.Linfo_string323:
	.asciz	"GAPC_GET_PEER_VERSION"         @ string offset=4789
.Linfo_string324:
	.asciz	"GAPC_GET_PEER_FEATURES"        @ string offset=4811
.Linfo_string325:
	.asciz	"GAPC_GET_PEER_APPEARANCE"      @ string offset=4834
.Linfo_string326:
	.asciz	"GAPC_GET_PEER_SLV_PREF_PARAMS" @ string offset=4859
.Linfo_string327:
	.asciz	"GAPC_GET_CON_RSSI"             @ string offset=4889
.Linfo_string328:
	.asciz	"GAPC_GET_CON_CHANNEL_MAP"      @ string offset=4907
.Linfo_string329:
	.asciz	"GAPC_UPDATE_PARAMS"            @ string offset=4932
.Linfo_string330:
	.asciz	"GAPC_BOND"                     @ string offset=4951
.Linfo_string331:
	.asciz	"GAPC_ENCRYPT"                  @ string offset=4961
.Linfo_string332:
	.asciz	"GAPC_SECURITY_REQ"             @ string offset=4974
.Linfo_string333:
	.asciz	"GAPC_LE_CB_CREATE"             @ string offset=4992
.Linfo_string334:
	.asciz	"GAPC_LE_CB_DESTROY"            @ string offset=5010
.Linfo_string335:
	.asciz	"GAPC_LE_CB_CONNECTION"         @ string offset=5029
.Linfo_string336:
	.asciz	"GAPC_LE_CB_DISCONNECTION"      @ string offset=5051
.Linfo_string337:
	.asciz	"GAPC_LE_CB_ADDITION"           @ string offset=5076
.Linfo_string338:
	.asciz	"GAPC_GET_LE_PING_TO"           @ string offset=5096
.Linfo_string339:
	.asciz	"GAPC_SET_LE_PING_TO"           @ string offset=5116
.Linfo_string340:
	.asciz	"GAPC_SET_LE_PKT_SIZE"          @ string offset=5136
.Linfo_string341:
	.asciz	"GAPC_GET_PEER_CENTRAL_RPA"     @ string offset=5157
.Linfo_string342:
	.asciz	"GAPC_GET_PEER_RPA_ONLY"        @ string offset=5183
.Linfo_string343:
	.asciz	"GAPC_SIGN_PACKET"              @ string offset=5206
.Linfo_string344:
	.asciz	"GAPC_SIGN_CHECK"               @ string offset=5223
.Linfo_string345:
	.asciz	"GAPC_LAST"                     @ string offset=5239
.Linfo_string346:
	.asciz	"gapc_operation"                @ string offset=5249
.Linfo_string347:
	.asciz	"GAPM_NO_OP"                    @ string offset=5264
.Linfo_string348:
	.asciz	"GAPM_RESET"                    @ string offset=5275
.Linfo_string349:
	.asciz	"GAPM_CANCEL"                   @ string offset=5286
.Linfo_string350:
	.asciz	"GAPM_SET_DEV_CONFIG"           @ string offset=5298
.Linfo_string351:
	.asciz	"GAPM_SET_CHANNEL_MAP"          @ string offset=5318
.Linfo_string352:
	.asciz	"GAPM_GET_DEV_VERSION"          @ string offset=5339
.Linfo_string353:
	.asciz	"GAPM_GET_DEV_BDADDR"           @ string offset=5360
.Linfo_string354:
	.asciz	"GAPM_GET_DEV_ADV_TX_POWER"     @ string offset=5380
.Linfo_string355:
	.asciz	"GAPM_GET_WLIST_SIZE"           @ string offset=5406
.Linfo_string356:
	.asciz	"GAPM_ADD_DEV_IN_WLIST"         @ string offset=5426
.Linfo_string357:
	.asciz	"GAPM_RMV_DEV_FRM_WLIST"        @ string offset=5448
.Linfo_string358:
	.asciz	"GAPM_CLEAR_WLIST"              @ string offset=5471
.Linfo_string359:
	.asciz	"GAPM_ADV_NON_CONN"             @ string offset=5488
.Linfo_string360:
	.asciz	"GAPM_ADV_UNDIRECT"             @ string offset=5506
.Linfo_string361:
	.asciz	"GAPM_ADV_DIRECT"               @ string offset=5524
.Linfo_string362:
	.asciz	"GAPM_ADV_DIRECT_LDC"           @ string offset=5540
.Linfo_string363:
	.asciz	"GAPM_UPDATE_ADVERTISE_DATA"    @ string offset=5560
.Linfo_string364:
	.asciz	"GAPM_SCAN_ACTIVE"              @ string offset=5587
.Linfo_string365:
	.asciz	"GAPM_SCAN_PASSIVE"             @ string offset=5604
.Linfo_string366:
	.asciz	"GAPM_CONNECTION_DIRECT"        @ string offset=5622
.Linfo_string367:
	.asciz	"GAPM_CONNECTION_AUTO"          @ string offset=5645
.Linfo_string368:
	.asciz	"GAPM_CONNECTION_SELECTIVE"     @ string offset=5666
.Linfo_string369:
	.asciz	"GAPM_CONNECTION_NAME_REQUEST"  @ string offset=5692
.Linfo_string370:
	.asciz	"GAPM_RESOLV_ADDR"              @ string offset=5721
.Linfo_string371:
	.asciz	"GAPM_GEN_RAND_ADDR"            @ string offset=5738
.Linfo_string372:
	.asciz	"GAPM_USE_ENC_BLOCK"            @ string offset=5757
.Linfo_string373:
	.asciz	"GAPM_GEN_RAND_NB"              @ string offset=5776
.Linfo_string374:
	.asciz	"GAPM_PROFILE_TASK_ADD"         @ string offset=5793
.Linfo_string375:
	.asciz	"GAPM_DBG_GET_MEM_INFO"         @ string offset=5815
.Linfo_string376:
	.asciz	"GAPM_PLF_RESET"                @ string offset=5837
.Linfo_string377:
	.asciz	"GAPM_SET_SUGGESTED_DFLT_LE_DATA_LEN" @ string offset=5852
.Linfo_string378:
	.asciz	"GAPM_GET_SUGGESTED_DFLT_LE_DATA_LEN" @ string offset=5888
.Linfo_string379:
	.asciz	"GAPM_GET_MAX_LE_DATA_LEN"      @ string offset=5924
.Linfo_string380:
	.asciz	"GAPM_GET_RAL_SIZE"             @ string offset=5949
.Linfo_string381:
	.asciz	"GAPM_GET_RAL_LOC_ADDR"         @ string offset=5967
.Linfo_string382:
	.asciz	"GAPM_GET_RAL_PEER_ADDR"        @ string offset=5989
.Linfo_string383:
	.asciz	"GAPM_ADD_DEV_IN_RAL"           @ string offset=6012
.Linfo_string384:
	.asciz	"GAPM_RMV_DEV_FRM_RAL"          @ string offset=6032
.Linfo_string385:
	.asciz	"GAPM_CLEAR_RAL"                @ string offset=6053
.Linfo_string386:
	.asciz	"GAPM_USE_P256_BLOCK"           @ string offset=6068
.Linfo_string387:
	.asciz	"GAPM_NETWORK_MODE_RAL"         @ string offset=6088
.Linfo_string388:
	.asciz	"GAPM_DEVICE_MODE_RAL"          @ string offset=6110
.Linfo_string389:
	.asciz	"GAPM_KEY_RENEW"                @ string offset=6131
.Linfo_string390:
	.asciz	"GAPM_GEN_P256_KEY"             @ string offset=6146
.Linfo_string391:
	.asciz	"GAPM_LAST"                     @ string offset=6164
.Linfo_string392:
	.asciz	"gapm_operation"                @ string offset=6174
.Linfo_string393:
	.asciz	"GAPM_CMP_EVT"                  @ string offset=6189
.Linfo_string394:
	.asciz	"GAPM_DEVICE_READY_IND"         @ string offset=6202
.Linfo_string395:
	.asciz	"GAPM_RESET_CMD"                @ string offset=6224
.Linfo_string396:
	.asciz	"GAPM_CANCEL_CMD"               @ string offset=6239
.Linfo_string397:
	.asciz	"GAPM_SET_DEV_CONFIG_CMD"       @ string offset=6255
.Linfo_string398:
	.asciz	"GAPM_SET_CHANNEL_MAP_CMD"      @ string offset=6279
.Linfo_string399:
	.asciz	"GAPM_GET_DEV_INFO_CMD"         @ string offset=6304
.Linfo_string400:
	.asciz	"GAPM_DEV_VERSION_IND"          @ string offset=6326
.Linfo_string401:
	.asciz	"GAPM_DEV_BDADDR_IND"           @ string offset=6347
.Linfo_string402:
	.asciz	"GAPM_DEV_ADV_TX_POWER_IND"     @ string offset=6367
.Linfo_string403:
	.asciz	"GAPM_DBG_MEM_INFO_IND"         @ string offset=6393
.Linfo_string404:
	.asciz	"GAPM_WHITE_LIST_MGT_CMD"       @ string offset=6415
.Linfo_string405:
	.asciz	"GAPM_WHITE_LIST_SIZE_IND"      @ string offset=6439
.Linfo_string406:
	.asciz	"GAPM_START_ADVERTISE_CMD"      @ string offset=6464
.Linfo_string407:
	.asciz	"GAPM_UPDATE_ADVERTISE_DATA_CMD" @ string offset=6489
.Linfo_string408:
	.asciz	"GAPM_START_SCAN_CMD"           @ string offset=6520
.Linfo_string409:
	.asciz	"GAPM_ADV_REPORT_IND"           @ string offset=6540
.Linfo_string410:
	.asciz	"GAPM_START_CONNECTION_CMD"     @ string offset=6560
.Linfo_string411:
	.asciz	"GAPM_PEER_NAME_IND"            @ string offset=6586
.Linfo_string412:
	.asciz	"GAPM_CONNECTION_CFM"           @ string offset=6605
.Linfo_string413:
	.asciz	"GAPM_RESOLV_ADDR_CMD"          @ string offset=6625
.Linfo_string414:
	.asciz	"GAPM_ADDR_SOLVED_IND"          @ string offset=6646
.Linfo_string415:
	.asciz	"GAPM_GEN_RAND_ADDR_CMD"        @ string offset=6667
.Linfo_string416:
	.asciz	"GAPM_USE_ENC_BLOCK_CMD"        @ string offset=6690
.Linfo_string417:
	.asciz	"GAPM_USE_ENC_BLOCK_IND"        @ string offset=6713
.Linfo_string418:
	.asciz	"GAPM_GEN_RAND_NB_CMD"          @ string offset=6736
.Linfo_string419:
	.asciz	"GAPM_GEN_RAND_NB_IND"          @ string offset=6757
.Linfo_string420:
	.asciz	"GAPM_PROFILE_TASK_ADD_CMD"     @ string offset=6778
.Linfo_string421:
	.asciz	"GAPM_PROFILE_ADDED_IND"        @ string offset=6804
.Linfo_string422:
	.asciz	"GAPM_UNKNOWN_TASK_IND"         @ string offset=6827
.Linfo_string423:
	.asciz	"GAPM_SUGG_DFLT_DATA_LEN_IND"   @ string offset=6849
.Linfo_string424:
	.asciz	"GAPM_MAX_DATA_LEN_IND"         @ string offset=6877
.Linfo_string425:
	.asciz	"GAPM_RAL_MGT_CMD"              @ string offset=6899
.Linfo_string426:
	.asciz	"GAPM_RAL_SIZE_IND"             @ string offset=6916
.Linfo_string427:
	.asciz	"GAPM_RAL_ADDR_IND"             @ string offset=6934
.Linfo_string428:
	.asciz	"GAPM_LIM_DISC_TO_IND"          @ string offset=6952
.Linfo_string429:
	.asciz	"GAPM_SCAN_TO_IND"              @ string offset=6973
.Linfo_string430:
	.asciz	"GAPM_ADDR_RENEW_TO_IND"        @ string offset=6990
.Linfo_string431:
	.asciz	"GAPM_UNKNOWN_TASK_MSG"         @ string offset=7013
.Linfo_string432:
	.asciz	"GAPM_USE_P256_BLOCK_CMD"       @ string offset=7035
.Linfo_string433:
	.asciz	"GAPM_USE_P256_BLOCK_IND"       @ string offset=7059
.Linfo_string434:
	.asciz	"GAPM_GEN_P256_KEY_CMD"         @ string offset=7083
.Linfo_string435:
	.asciz	"GAPM_GEN_P256_KEY_IND"         @ string offset=7105
.Linfo_string436:
	.asciz	"gapm_msg_id"                   @ string offset=7127
.Linfo_string437:
	.asciz	"GAP_GEN_DISCOVERY"             @ string offset=7139
.Linfo_string438:
	.asciz	"GAP_LIM_DISCOVERY"             @ string offset=7157
.Linfo_string439:
	.asciz	"GAP_OBSERVER_MODE"             @ string offset=7175
.Linfo_string440:
	.asciz	"GAP_INVALID_MODE"              @ string offset=7193
.Linfo_string441:
	.asciz	"gap_scan_mode"                 @ string offset=7210
.Linfo_string442:
	.asciz	"SCAN_ALLOW_ADV_ALL"            @ string offset=7224
.Linfo_string443:
	.asciz	"SCAN_ALLOW_ADV_WLST"           @ string offset=7243
.Linfo_string444:
	.asciz	"SCAN_ALLOW_ADV_ALL_RPA"        @ string offset=7263
.Linfo_string445:
	.asciz	"SCAN_ALLOW_ADV_WLST_RPA"       @ string offset=7286
.Linfo_string446:
	.asciz	"SCAN_ALLOW_ADV_END"            @ string offset=7310
.Linfo_string447:
	.asciz	"scan_filter_policy"            @ string offset=7329
.Linfo_string448:
	.asciz	"SCAN_FILT_DUPLIC_DIS"          @ string offset=7348
.Linfo_string449:
	.asciz	"SCAN_FILT_DUPLIC_EN"           @ string offset=7369
.Linfo_string450:
	.asciz	"SCAN_FILT_DUPLIC_END"          @ string offset=7389
.Linfo_string451:
	.asciz	"scan_dup_filter_policy"        @ string offset=7410
.Linfo_string452:
	.asciz	"gapc_get_info_cmd"             @ string offset=7433
.Linfo_string453:
	.asciz	"gapm_cancel_cmd"               @ string offset=7451
.Linfo_string454:
	.asciz	"app_advertise_start_msg_create" @ string offset=7467
.Linfo_string455:
	.asciz	"cmd"                           @ string offset=7498
.Linfo_string456:
	.asciz	"app_advertise_start_msg_send"  @ string offset=7502
.Linfo_string457:
	.asciz	"app_param_update_msg_create"   @ string offset=7531
.Linfo_string458:
	.asciz	"app_param_update_msg_send"     @ string offset=7559
.Linfo_string459:
	.asciz	"app_connect_start_msg_create"  @ string offset=7585
.Linfo_string460:
	.asciz	"app_connect_start_msg_send"    @ string offset=7614
.Linfo_string461:
	.asciz	"app_easy_gap_start_scan_create_msg" @ string offset=7641
.Linfo_string462:
	.asciz	"app_start_scan_msg_create"     @ string offset=7676
.Linfo_string463:
	.asciz	"app_start_scan_msg_send"       @ string offset=7702
.Linfo_string464:
	.asciz	"app_gapm_cancel_msg_create"    @ string offset=7726
.Linfo_string465:
	.asciz	"app_gapm_cancel_msg_send"      @ string offset=7753
.Linfo_string466:
	.asciz	"app_gapm_configure_msg_create" @ string offset=7778
.Linfo_string467:
	.asciz	"co_min"                        @ string offset=7808
.Linfo_string468:
	.asciz	"unsigned int"                  @ string offset=7815
.Linfo_string469:
	.asciz	"uint32_t"                      @ string offset=7828
.Linfo_string470:
	.asciz	"a"                             @ string offset=7837
.Linfo_string471:
	.asciz	"b"                             @ string offset=7839
.Linfo_string472:
	.asciz	"app_gapm_configure_msg_send"   @ string offset=7841
.Linfo_string473:
	.asciz	"app_db_init_next"              @ string offset=7869
.Linfo_string474:
	.asciz	"app_prf_enable"                @ string offset=7886
.Linfo_string475:
	.asciz	"app_init"                      @ string offset=7901
.Linfo_string476:
	.asciz	"app_easy_gap_undirected_advertise_get_active" @ string offset=7910
.Linfo_string477:
	.asciz	"app_easy_gap_undirected_advertise_start_create_msg" @ string offset=7955
.Linfo_string478:
	.asciz	"app_easy_gap_undirected_advertise_start" @ string offset=8006
.Linfo_string479:
	.asciz	"app_easy_gap_directed_advertise_get_active" @ string offset=8046
.Linfo_string480:
	.asciz	"app_easy_gap_directed_advertise_start_create_msg" @ string offset=8089
.Linfo_string481:
	.asciz	"app_easy_gap_directed_advertise_start" @ string offset=8138
.Linfo_string482:
	.asciz	"app_easy_gap_non_connectable_advertise_get_active" @ string offset=8176
.Linfo_string483:
	.asciz	"app_easy_gap_non_connectable_advertise_start_create_msg" @ string offset=8226
.Linfo_string484:
	.asciz	"app_easy_gap_non_connectable_advertise_start" @ string offset=8282
.Linfo_string485:
	.asciz	"app_easy_gap_undirected_advertise_with_timeout_start" @ string offset=8327
.Linfo_string486:
	.asciz	"app_easy_gap_advertise_stop_handler" @ string offset=8380
.Linfo_string487:
	.asciz	"app_easy_gap_advertise_with_timeout_stop" @ string offset=8416
.Linfo_string488:
	.asciz	"app_easy_gap_param_update_get_active" @ string offset=8457
.Linfo_string489:
	.asciz	"app_easy_gap_param_update_msg_create" @ string offset=8494
.Linfo_string490:
	.asciz	"app_easy_gap_param_update_start" @ string offset=8531
.Linfo_string491:
	.asciz	"app_easy_gap_start_connection_to_get_active" @ string offset=8563
.Linfo_string492:
	.asciz	"app_easy_gap_start_connection_to_msg_create" @ string offset=8607
.Linfo_string493:
	.asciz	"app_easy_gap_start_connection_to_set" @ string offset=8651
.Linfo_string494:
	.asciz	"app_easy_gap_start_connection_to" @ string offset=8688
.Linfo_string495:
	.asciz	"app_easy_gap_start_scan_get_active" @ string offset=8721
.Linfo_string496:
	.asciz	"app_easy_gap_start_scan"       @ string offset=8756
.Linfo_string497:
	.asciz	"app_easy_gap_scan_stop"        @ string offset=8780
.Linfo_string498:
	.asciz	"app_easy_gap_dev_config_get_active" @ string offset=8803
.Linfo_string499:
	.asciz	"app_easy_gap_dev_config_create_msg" @ string offset=8838
.Linfo_string500:
	.asciz	"app_easy_gap_dev_configure"    @ string offset=8873
.Linfo_string501:
	.asciz	"app_easy_gap_get_peer_features" @ string offset=8900
.Linfo_string502:
	.asciz	"idx"                           @ string offset=8931
.Linfo_string503:
	.asciz	"total_scan_space"              @ string offset=8935
.Linfo_string504:
	.asciz	"total_adv_space"               @ string offset=8952
.Linfo_string505:
	.asciz	"ldc_enable"                    @ string offset=8968
.Linfo_string506:
	.asciz	"delay"                         @ string offset=8979
.Linfo_string507:
	.asciz	"timeout_callback"              @ string offset=8985
.Linfo_string508:
	.asciz	"intv"                          @ string offset=9002
.Linfo_string509:
	.asciz	"msg"                           @ string offset=9007
.Linfo_string510:
	.asciz	"pkt"                           @ string offset=9011
	.ident	"Component: Arm Compiler for Embedded 6.23 Tool: armclang [5f103000]"
	.section	".note.GNU-stack","",%progbits
	.eabi_attribute	30, 4	@ Tag_ABI_optimization_goals
	.ARM_attribute	16, 1	@ Tag_AV_eba
	.section	.debug_line,"",%progbits
.Lline_table_start0:
