	.text
	.syntax unified
	.eabi_attribute	67, "2.09"	@ Tag_conformance
	.cpu	cortex-m0plus
	.eabi_attribute	6, 12	@ Tag_CPU_arch
	.eabi_attribute	7, 77	@ Tag_CPU_arch_profile
	.eabi_attribute	8, 0	@ Tag_ARM_ISA_use
	.eabi_attribute	9, 1	@ Tag_THUMB_ISA_use
	.eabi_attribute	34, 0	@ Tag_CPU_unaligned_access
	.eabi_attribute	17, 1	@ Tag_ABI_PCS_GOT_use
	.eabi_attribute	20, 2	@ Tag_ABI_FP_denormal
	.eabi_attribute	21, 0	@ Tag_ABI_FP_exceptions
	.eabi_attribute	23, 1	@ Tag_ABI_FP_number_model
	.eabi_attribute	24, 1	@ Tag_ABI_align_needed
	.eabi_attribute	25, 1	@ Tag_ABI_align_preserved
	.eabi_attribute	38, 1	@ Tag_ABI_FP_16bit_format
	.eabi_attribute	18, 2	@ Tag_ABI_PCS_wchar_t
	.eabi_attribute	26, 1	@ Tag_ABI_enum_size
	.eabi_attribute	14, 0	@ Tag_ABI_PCS_R9_use
	.file	"app_entry_point.c"
	.file	1 "C:\\Users\\teodor\\Desktop\\stem\\codeless\\6.0.24.1464\\projects\\target_apps\\ble_examples\\empty_peripheral_template\\Keil_5" "./../../../../../sdk/app_modules/api\\app_entry_point.h"
	.file	2 "C:\\Users\\teodor" "AppData\\Local\\Keil_v5\\ARM\\ARMCLANG\\bin\\..\\include\\stdint.h"
	.file	3 "C:\\Users\\teodor\\Desktop\\stem\\codeless\\6.0.24.1464\\projects\\target_apps\\ble_examples\\empty_peripheral_template\\Keil_5" "./../../../../../sdk/platform/core_modules/ke/api\\ke_msg.h"
	.file	4 "C:\\Users\\teodor\\Desktop\\stem\\codeless\\6.0.24.1464\\projects\\target_apps\\ble_examples\\empty_peripheral_template\\Keil_5" "../../../../../sdk/app_modules/src/app_entry/app_entry_point.c"
	.file	5 "C:\\Users\\teodor\\Desktop\\stem\\codeless\\6.0.24.1464\\projects\\target_apps\\ble_examples\\empty_peripheral_template\\Keil_5" "./../../../../../sdk/ble_stack/host/gap/gapc\\gapc_task.h"
	.file	6 "C:\\Users\\teodor\\Desktop\\stem\\codeless\\6.0.24.1464\\projects\\target_apps\\ble_examples\\empty_peripheral_template\\Keil_5" "./../../../../../sdk/platform/core_modules/common/api\\co_bt.h"
	.file	7 "C:\\Users\\teodor\\Desktop\\stem\\codeless\\6.0.24.1464\\projects\\target_apps\\ble_examples\\empty_peripheral_template\\Keil_5" "./../../../../../sdk/app_modules/api\\app_callback.h"
	.file	8 "C:\\Users\\teodor\\Desktop\\stem\\codeless\\6.0.24.1464\\projects\\target_apps\\ble_examples\\empty_peripheral_template\\Keil_5" "./../../../../../sdk/ble_stack/host/gap/gapm\\gapm_task.h"
	.file	9 "C:\\Users\\teodor\\Desktop\\stem\\codeless\\6.0.24.1464\\projects\\target_apps\\ble_examples\\empty_peripheral_template\\Keil_5" "./../../../../../sdk/app_modules/api\\app.h"
	.file	10 "C:\\Users\\teodor\\Desktop\\stem\\codeless\\6.0.24.1464\\projects\\target_apps\\ble_examples\\empty_peripheral_template\\Keil_5" "./../../../../../sdk/ble_stack/host/gap\\gap.h"
	.file	11 "C:\\Users\\teodor\\Desktop\\stem\\codeless\\6.0.24.1464\\projects\\target_apps\\ble_examples\\empty_peripheral_template\\Keil_5" "./../../../../../sdk/platform/core_modules/rwip/api\\rwip_config.h"
	.file	12 "C:\\Users\\teodor\\Desktop\\stem\\codeless\\6.0.24.1464\\projects\\target_apps\\ble_examples\\empty_peripheral_template\\Keil_5" "./../../../../../sdk/app_modules/api\\app_prf_perm_types.h"
	.file	13 "C:\\Users\\teodor\\Desktop\\stem\\codeless\\6.0.24.1464\\projects\\target_apps\\ble_examples\\empty_peripheral_template\\Keil_5" "./../src/config\\user_callback_config.h"
	.hidden	app_process_handlers            @ @app_process_handlers
	.type	app_process_handlers,%object
	.section	.rodata.app_process_handlers,"a",%progbits
	.globl	app_process_handlers
	.p2align	2, 0x0
app_process_handlers:
	.long	app_gap_process_handler
	.long	app_timer_api_process_handler
	.long	app_diss_process_handler
	.long	app_custs1_process_handler
	.long	248
	.size	app_process_handlers, 20

	.hidden	catch_rest                      @ @catch_rest
	.type	catch_rest,%object
	.section	.rodata.catch_rest,"a",%progbits
	.globl	catch_rest
	.p2align	2, 0x0
catch_rest:
	.long	user_catch_rest_hndl
	.size	catch_rest, 4

	.type	user_app_callbacks,%object      @ @user_app_callbacks
	.section	.rodata.user_app_callbacks,"a",%progbits
	.p2align	2, 0x0
user_app_callbacks:
	.long	user_app_connection
	.long	user_app_disconnect
	.long	0
	.long	0
	.long	default_app_on_set_dev_config_complete
	.long	0
	.long	user_app_adv_undirect_complete
	.long	0
	.long	default_app_on_db_init_complete
	.long	0
	.long	0
	.long	0
	.long	default_app_on_get_dev_name
	.long	default_app_on_get_dev_appearance
	.long	default_app_on_get_dev_slv_pref_params
	.long	default_app_on_set_dev_info
	.long	0
	.long	default_app_update_params_request
	.long	default_app_generate_static_random_addr
	.long	0
	.long	0
	.long	0
	.size	user_app_callbacks, 88

	.hidden	rom_app_task_cfg                @ @rom_app_task_cfg
	.type	rom_app_task_cfg,%object
	.section	.rodata.rom_app_task_cfg,"a",%progbits
	.globl	rom_app_task_cfg
	.p2align	2, 0x0
rom_app_task_cfg:
	.long	app_easy_gap_dev_configure
	.long	app_db_init_next
	.long	user_app_callbacks
	.long	user_catch_rest_hndl
	.long	app_process_handlers
	.long	app_env
	.long	0
	.long	app_prf_srv_perm
	.size	rom_app_task_cfg, 32

	.section	.debug_abbrev,"",%progbits
	.byte	1                               @ Abbreviation Code
	.byte	17                              @ DW_TAG_compile_unit
	.byte	1                               @ DW_CHILDREN_yes
	.byte	37                              @ DW_AT_producer
	.byte	14                              @ DW_FORM_strp
	.byte	19                              @ DW_AT_language
	.byte	5                               @ DW_FORM_data2
	.byte	3                               @ DW_AT_name
	.byte	14                              @ DW_FORM_strp
	.byte	16                              @ DW_AT_stmt_list
	.byte	23                              @ DW_FORM_sec_offset
	.byte	27                              @ DW_AT_comp_dir
	.byte	14                              @ DW_FORM_strp
	.byte	0                               @ EOM(1)
	.byte	0                               @ EOM(2)
	.byte	2                               @ Abbreviation Code
	.byte	52                              @ DW_TAG_variable
	.byte	0                               @ DW_CHILDREN_no
	.byte	3                               @ DW_AT_name
	.byte	14                              @ DW_FORM_strp
	.byte	73                              @ DW_AT_type
	.byte	19                              @ DW_FORM_ref4
	.byte	63                              @ DW_AT_external
	.byte	25                              @ DW_FORM_flag_present
	.byte	58                              @ DW_AT_decl_file
	.byte	11                              @ DW_FORM_data1
	.byte	59                              @ DW_AT_decl_line
	.byte	11                              @ DW_FORM_data1
	.byte	2                               @ DW_AT_location
	.byte	24                              @ DW_FORM_exprloc
	.byte	0                               @ EOM(1)
	.byte	0                               @ EOM(2)
	.byte	3                               @ Abbreviation Code
	.byte	1                               @ DW_TAG_array_type
	.byte	1                               @ DW_CHILDREN_yes
	.byte	73                              @ DW_AT_type
	.byte	19                              @ DW_FORM_ref4
	.byte	0                               @ EOM(1)
	.byte	0                               @ EOM(2)
	.byte	4                               @ Abbreviation Code
	.byte	33                              @ DW_TAG_subrange_type
	.byte	0                               @ DW_CHILDREN_no
	.byte	73                              @ DW_AT_type
	.byte	19                              @ DW_FORM_ref4
	.byte	55                              @ DW_AT_count
	.byte	11                              @ DW_FORM_data1
	.byte	0                               @ EOM(1)
	.byte	0                               @ EOM(2)
	.byte	5                               @ Abbreviation Code
	.byte	38                              @ DW_TAG_const_type
	.byte	0                               @ DW_CHILDREN_no
	.byte	73                              @ DW_AT_type
	.byte	19                              @ DW_FORM_ref4
	.byte	0                               @ EOM(1)
	.byte	0                               @ EOM(2)
	.byte	6                               @ Abbreviation Code
	.byte	22                              @ DW_TAG_typedef
	.byte	0                               @ DW_CHILDREN_no
	.byte	73                              @ DW_AT_type
	.byte	19                              @ DW_FORM_ref4
	.byte	3                               @ DW_AT_name
	.byte	14                              @ DW_FORM_strp
	.byte	58                              @ DW_AT_decl_file
	.byte	11                              @ DW_FORM_data1
	.byte	59                              @ DW_AT_decl_line
	.byte	11                              @ DW_FORM_data1
	.byte	0                               @ EOM(1)
	.byte	0                               @ EOM(2)
	.byte	7                               @ Abbreviation Code
	.byte	15                              @ DW_TAG_pointer_type
	.byte	0                               @ DW_CHILDREN_no
	.byte	73                              @ DW_AT_type
	.byte	19                              @ DW_FORM_ref4
	.byte	0                               @ EOM(1)
	.byte	0                               @ EOM(2)
	.byte	8                               @ Abbreviation Code
	.byte	21                              @ DW_TAG_subroutine_type
	.byte	1                               @ DW_CHILDREN_yes
	.byte	73                              @ DW_AT_type
	.byte	19                              @ DW_FORM_ref4
	.byte	39                              @ DW_AT_prototyped
	.byte	25                              @ DW_FORM_flag_present
	.byte	0                               @ EOM(1)
	.byte	0                               @ EOM(2)
	.byte	9                               @ Abbreviation Code
	.byte	5                               @ DW_TAG_formal_parameter
	.byte	0                               @ DW_CHILDREN_no
	.byte	73                              @ DW_AT_type
	.byte	19                              @ DW_FORM_ref4
	.byte	0                               @ EOM(1)
	.byte	0                               @ EOM(2)
	.byte	10                              @ Abbreviation Code
	.byte	4                               @ DW_TAG_enumeration_type
	.byte	1                               @ DW_CHILDREN_yes
	.byte	73                              @ DW_AT_type
	.byte	19                              @ DW_FORM_ref4
	.byte	3                               @ DW_AT_name
	.byte	14                              @ DW_FORM_strp
	.byte	11                              @ DW_AT_byte_size
	.byte	11                              @ DW_FORM_data1
	.byte	58                              @ DW_AT_decl_file
	.byte	11                              @ DW_FORM_data1
	.byte	59                              @ DW_AT_decl_line
	.byte	11                              @ DW_FORM_data1
	.byte	0                               @ EOM(1)
	.byte	0                               @ EOM(2)
	.byte	11                              @ Abbreviation Code
	.byte	40                              @ DW_TAG_enumerator
	.byte	0                               @ DW_CHILDREN_no
	.byte	3                               @ DW_AT_name
	.byte	14                              @ DW_FORM_strp
	.byte	28                              @ DW_AT_const_value
	.byte	15                              @ DW_FORM_udata
	.byte	0                               @ EOM(1)
	.byte	0                               @ EOM(2)
	.byte	12                              @ Abbreviation Code
	.byte	36                              @ DW_TAG_base_type
	.byte	0                               @ DW_CHILDREN_no
	.byte	3                               @ DW_AT_name
	.byte	14                              @ DW_FORM_strp
	.byte	62                              @ DW_AT_encoding
	.byte	11                              @ DW_FORM_data1
	.byte	11                              @ DW_AT_byte_size
	.byte	11                              @ DW_FORM_data1
	.byte	0                               @ EOM(1)
	.byte	0                               @ EOM(2)
	.byte	13                              @ Abbreviation Code
	.byte	38                              @ DW_TAG_const_type
	.byte	0                               @ DW_CHILDREN_no
	.byte	0                               @ EOM(1)
	.byte	0                               @ EOM(2)
	.byte	14                              @ Abbreviation Code
	.byte	36                              @ DW_TAG_base_type
	.byte	0                               @ DW_CHILDREN_no
	.byte	3                               @ DW_AT_name
	.byte	14                              @ DW_FORM_strp
	.byte	11                              @ DW_AT_byte_size
	.byte	11                              @ DW_FORM_data1
	.byte	62                              @ DW_AT_encoding
	.byte	11                              @ DW_FORM_data1
	.byte	0                               @ EOM(1)
	.byte	0                               @ EOM(2)
	.byte	15                              @ Abbreviation Code
	.byte	52                              @ DW_TAG_variable
	.byte	0                               @ DW_CHILDREN_no
	.byte	3                               @ DW_AT_name
	.byte	14                              @ DW_FORM_strp
	.byte	73                              @ DW_AT_type
	.byte	19                              @ DW_FORM_ref4
	.byte	63                              @ DW_AT_external
	.byte	25                              @ DW_FORM_flag_present
	.byte	58                              @ DW_AT_decl_file
	.byte	11                              @ DW_FORM_data1
	.byte	59                              @ DW_AT_decl_line
	.byte	5                               @ DW_FORM_data2
	.byte	2                               @ DW_AT_location
	.byte	24                              @ DW_FORM_exprloc
	.byte	0                               @ EOM(1)
	.byte	0                               @ EOM(2)
	.byte	16                              @ Abbreviation Code
	.byte	19                              @ DW_TAG_structure_type
	.byte	1                               @ DW_CHILDREN_yes
	.byte	3                               @ DW_AT_name
	.byte	14                              @ DW_FORM_strp
	.byte	11                              @ DW_AT_byte_size
	.byte	11                              @ DW_FORM_data1
	.byte	58                              @ DW_AT_decl_file
	.byte	11                              @ DW_FORM_data1
	.byte	59                              @ DW_AT_decl_line
	.byte	11                              @ DW_FORM_data1
	.byte	0                               @ EOM(1)
	.byte	0                               @ EOM(2)
	.byte	17                              @ Abbreviation Code
	.byte	13                              @ DW_TAG_member
	.byte	0                               @ DW_CHILDREN_no
	.byte	3                               @ DW_AT_name
	.byte	14                              @ DW_FORM_strp
	.byte	73                              @ DW_AT_type
	.byte	19                              @ DW_FORM_ref4
	.byte	58                              @ DW_AT_decl_file
	.byte	11                              @ DW_FORM_data1
	.byte	59                              @ DW_AT_decl_line
	.byte	11                              @ DW_FORM_data1
	.byte	56                              @ DW_AT_data_member_location
	.byte	11                              @ DW_FORM_data1
	.byte	0                               @ EOM(1)
	.byte	0                               @ EOM(2)
	.byte	18                              @ Abbreviation Code
	.byte	21                              @ DW_TAG_subroutine_type
	.byte	1                               @ DW_CHILDREN_yes
	.byte	39                              @ DW_AT_prototyped
	.byte	25                              @ DW_FORM_flag_present
	.byte	0                               @ EOM(1)
	.byte	0                               @ EOM(2)
	.byte	19                              @ Abbreviation Code
	.byte	19                              @ DW_TAG_structure_type
	.byte	1                               @ DW_CHILDREN_yes
	.byte	11                              @ DW_AT_byte_size
	.byte	11                              @ DW_FORM_data1
	.byte	58                              @ DW_AT_decl_file
	.byte	11                              @ DW_FORM_data1
	.byte	59                              @ DW_AT_decl_line
	.byte	11                              @ DW_FORM_data1
	.byte	0                               @ EOM(1)
	.byte	0                               @ EOM(2)
	.byte	20                              @ Abbreviation Code
	.byte	21                              @ DW_TAG_subroutine_type
	.byte	0                               @ DW_CHILDREN_no
	.byte	39                              @ DW_AT_prototyped
	.byte	25                              @ DW_FORM_flag_present
	.byte	0                               @ EOM(1)
	.byte	0                               @ EOM(2)
	.byte	21                              @ Abbreviation Code
	.byte	21                              @ DW_TAG_subroutine_type
	.byte	0                               @ DW_CHILDREN_no
	.byte	73                              @ DW_AT_type
	.byte	19                              @ DW_FORM_ref4
	.byte	39                              @ DW_AT_prototyped
	.byte	25                              @ DW_FORM_flag_present
	.byte	0                               @ EOM(1)
	.byte	0                               @ EOM(2)
	.byte	22                              @ Abbreviation Code
	.byte	19                              @ DW_TAG_structure_type
	.byte	1                               @ DW_CHILDREN_yes
	.byte	3                               @ DW_AT_name
	.byte	14                              @ DW_FORM_strp
	.byte	11                              @ DW_AT_byte_size
	.byte	11                              @ DW_FORM_data1
	.byte	58                              @ DW_AT_decl_file
	.byte	11                              @ DW_FORM_data1
	.byte	59                              @ DW_AT_decl_line
	.byte	5                               @ DW_FORM_data2
	.byte	0                               @ EOM(1)
	.byte	0                               @ EOM(2)
	.byte	23                              @ Abbreviation Code
	.byte	13                              @ DW_TAG_member
	.byte	0                               @ DW_CHILDREN_no
	.byte	3                               @ DW_AT_name
	.byte	14                              @ DW_FORM_strp
	.byte	73                              @ DW_AT_type
	.byte	19                              @ DW_FORM_ref4
	.byte	58                              @ DW_AT_decl_file
	.byte	11                              @ DW_FORM_data1
	.byte	59                              @ DW_AT_decl_line
	.byte	5                               @ DW_FORM_data2
	.byte	56                              @ DW_AT_data_member_location
	.byte	11                              @ DW_FORM_data1
	.byte	0                               @ EOM(1)
	.byte	0                               @ EOM(2)
	.byte	24                              @ Abbreviation Code
	.byte	23                              @ DW_TAG_union_type
	.byte	1                               @ DW_CHILDREN_yes
	.byte	3                               @ DW_AT_name
	.byte	14                              @ DW_FORM_strp
	.byte	11                              @ DW_AT_byte_size
	.byte	11                              @ DW_FORM_data1
	.byte	58                              @ DW_AT_decl_file
	.byte	11                              @ DW_FORM_data1
	.byte	59                              @ DW_AT_decl_line
	.byte	5                               @ DW_FORM_data2
	.byte	0                               @ EOM(1)
	.byte	0                               @ EOM(2)
	.byte	25                              @ Abbreviation Code
	.byte	33                              @ DW_TAG_subrange_type
	.byte	0                               @ DW_CHILDREN_no
	.byte	73                              @ DW_AT_type
	.byte	19                              @ DW_FORM_ref4
	.byte	0                               @ EOM(1)
	.byte	0                               @ EOM(2)
	.byte	26                              @ Abbreviation Code
	.byte	19                              @ DW_TAG_structure_type
	.byte	0                               @ DW_CHILDREN_no
	.byte	3                               @ DW_AT_name
	.byte	14                              @ DW_FORM_strp
	.byte	60                              @ DW_AT_declaration
	.byte	25                              @ DW_FORM_flag_present
	.byte	0                               @ EOM(1)
	.byte	0                               @ EOM(2)
	.byte	27                              @ Abbreviation Code
	.byte	4                               @ DW_TAG_enumeration_type
	.byte	1                               @ DW_CHILDREN_yes
	.byte	73                              @ DW_AT_type
	.byte	19                              @ DW_FORM_ref4
	.byte	3                               @ DW_AT_name
	.byte	14                              @ DW_FORM_strp
	.byte	11                              @ DW_AT_byte_size
	.byte	11                              @ DW_FORM_data1
	.byte	58                              @ DW_AT_decl_file
	.byte	11                              @ DW_FORM_data1
	.byte	59                              @ DW_AT_decl_line
	.byte	5                               @ DW_FORM_data2
	.byte	0                               @ EOM(1)
	.byte	0                               @ EOM(2)
	.byte	28                              @ Abbreviation Code
	.byte	52                              @ DW_TAG_variable
	.byte	0                               @ DW_CHILDREN_no
	.byte	3                               @ DW_AT_name
	.byte	14                              @ DW_FORM_strp
	.byte	73                              @ DW_AT_type
	.byte	19                              @ DW_FORM_ref4
	.byte	58                              @ DW_AT_decl_file
	.byte	11                              @ DW_FORM_data1
	.byte	59                              @ DW_AT_decl_line
	.byte	11                              @ DW_FORM_data1
	.byte	2                               @ DW_AT_location
	.byte	24                              @ DW_FORM_exprloc
	.byte	0                               @ EOM(1)
	.byte	0                               @ EOM(2)
	.byte	0                               @ EOM(3)
	.section	.debug_info,"",%progbits
.Lcu_begin0:
	.long	.Ldebug_info_end0-.Ldebug_info_start0 @ Length of Unit
.Ldebug_info_start0:
	.short	4                               @ DWARF version number
	.long	.debug_abbrev                   @ Offset Into Abbrev. Section
	.byte	4                               @ Address Size (in bytes)
	.byte	1                               @ Abbrev [1] 0xb:0x9b1 DW_TAG_compile_unit
	.long	.Linfo_string0                  @ DW_AT_producer
	.short	12                              @ DW_AT_language
	.long	.Linfo_string1                  @ DW_AT_name
	.long	.Lline_table_start0             @ DW_AT_stmt_list
	.long	.Linfo_string2                  @ DW_AT_comp_dir
	.byte	2                               @ Abbrev [2] 0x1e:0x11 DW_TAG_variable
	.long	.Linfo_string3                  @ DW_AT_name
	.long	47                              @ DW_AT_type
                                        @ DW_AT_external
	.byte	4                               @ DW_AT_decl_file
	.byte	173                             @ DW_AT_decl_line
	.byte	5                               @ DW_AT_location
	.byte	3
	.long	app_process_handlers
	.byte	3                               @ Abbrev [3] 0x2f:0xc DW_TAG_array_type
	.long	59                              @ DW_AT_type
	.byte	4                               @ Abbrev [4] 0x34:0x6 DW_TAG_subrange_type
	.long	235                             @ DW_AT_type
	.byte	5                               @ DW_AT_count
	.byte	0                               @ End Of Children Mark
	.byte	5                               @ Abbrev [5] 0x3b:0x5 DW_TAG_const_type
	.long	64                              @ DW_AT_type
	.byte	6                               @ Abbrev [6] 0x40:0xb DW_TAG_typedef
	.long	75                              @ DW_AT_type
	.long	.Linfo_string16                 @ DW_AT_name
	.byte	1                               @ DW_AT_decl_file
	.byte	86                              @ DW_AT_decl_line
	.byte	7                               @ Abbrev [7] 0x4b:0x5 DW_TAG_pointer_type
	.long	80                              @ DW_AT_type
	.byte	8                               @ Abbrev [8] 0x50:0x1f DW_TAG_subroutine_type
	.long	111                             @ DW_AT_type
                                        @ DW_AT_prototyped
	.byte	9                               @ Abbrev [9] 0x55:0x5 DW_TAG_formal_parameter
	.long	143                             @ DW_AT_type
	.byte	9                               @ Abbrev [9] 0x5a:0x5 DW_TAG_formal_parameter
	.long	177                             @ DW_AT_type
	.byte	9                               @ Abbrev [9] 0x5f:0x5 DW_TAG_formal_parameter
	.long	183                             @ DW_AT_type
	.byte	9                               @ Abbrev [9] 0x64:0x5 DW_TAG_formal_parameter
	.long	183                             @ DW_AT_type
	.byte	9                               @ Abbrev [9] 0x69:0x5 DW_TAG_formal_parameter
	.long	199                             @ DW_AT_type
	.byte	0                               @ End Of Children Mark
	.byte	10                              @ Abbrev [10] 0x6f:0x19 DW_TAG_enumeration_type
	.long	136                             @ DW_AT_type
	.long	.Linfo_string7                  @ DW_AT_name
	.byte	1                               @ DW_AT_byte_size
	.byte	1                               @ DW_AT_decl_file
	.byte	76                              @ DW_AT_decl_line
	.byte	11                              @ Abbrev [11] 0x7b:0x6 DW_TAG_enumerator
	.long	.Linfo_string5                  @ DW_AT_name
	.byte	0                               @ DW_AT_const_value
	.byte	11                              @ Abbrev [11] 0x81:0x6 DW_TAG_enumerator
	.long	.Linfo_string6                  @ DW_AT_name
	.byte	1                               @ DW_AT_const_value
	.byte	0                               @ End Of Children Mark
	.byte	12                              @ Abbrev [12] 0x88:0x7 DW_TAG_base_type
	.long	.Linfo_string4                  @ DW_AT_name
	.byte	8                               @ DW_AT_encoding
	.byte	1                               @ DW_AT_byte_size
	.byte	5                               @ Abbrev [5] 0x8f:0x5 DW_TAG_const_type
	.long	148                             @ DW_AT_type
	.byte	6                               @ Abbrev [6] 0x94:0xb DW_TAG_typedef
	.long	159                             @ DW_AT_type
	.long	.Linfo_string10                 @ DW_AT_name
	.byte	3                               @ DW_AT_decl_file
	.byte	78                              @ DW_AT_decl_line
	.byte	6                               @ Abbrev [6] 0x9f:0xb DW_TAG_typedef
	.long	170                             @ DW_AT_type
	.long	.Linfo_string9                  @ DW_AT_name
	.byte	2                               @ DW_AT_decl_file
	.byte	63                              @ DW_AT_decl_line
	.byte	12                              @ Abbrev [12] 0xaa:0x7 DW_TAG_base_type
	.long	.Linfo_string8                  @ DW_AT_name
	.byte	7                               @ DW_AT_encoding
	.byte	2                               @ DW_AT_byte_size
	.byte	7                               @ Abbrev [7] 0xb1:0x5 DW_TAG_pointer_type
	.long	182                             @ DW_AT_type
	.byte	13                              @ Abbrev [13] 0xb6:0x1 DW_TAG_const_type
	.byte	5                               @ Abbrev [5] 0xb7:0x5 DW_TAG_const_type
	.long	188                             @ DW_AT_type
	.byte	6                               @ Abbrev [6] 0xbc:0xb DW_TAG_typedef
	.long	159                             @ DW_AT_type
	.long	.Linfo_string11                 @ DW_AT_name
	.byte	3                               @ DW_AT_decl_file
	.byte	60                              @ DW_AT_decl_line
	.byte	7                               @ Abbrev [7] 0xc7:0x5 DW_TAG_pointer_type
	.long	204                             @ DW_AT_type
	.byte	10                              @ Abbrev [10] 0xcc:0x1f DW_TAG_enumeration_type
	.long	136                             @ DW_AT_type
	.long	.Linfo_string15                 @ DW_AT_name
	.byte	1                               @ DW_AT_byte_size
	.byte	3                               @ DW_AT_decl_file
	.byte	96                              @ DW_AT_decl_line
	.byte	11                              @ Abbrev [11] 0xd8:0x6 DW_TAG_enumerator
	.long	.Linfo_string12                 @ DW_AT_name
	.byte	0                               @ DW_AT_const_value
	.byte	11                              @ Abbrev [11] 0xde:0x6 DW_TAG_enumerator
	.long	.Linfo_string13                 @ DW_AT_name
	.byte	1                               @ DW_AT_const_value
	.byte	11                              @ Abbrev [11] 0xe4:0x6 DW_TAG_enumerator
	.long	.Linfo_string14                 @ DW_AT_name
	.byte	2                               @ DW_AT_const_value
	.byte	0                               @ End Of Children Mark
	.byte	14                              @ Abbrev [14] 0xeb:0x7 DW_TAG_base_type
	.long	.Linfo_string17                 @ DW_AT_name
	.byte	8                               @ DW_AT_byte_size
	.byte	7                               @ DW_AT_encoding
	.byte	15                              @ Abbrev [15] 0xf2:0x12 DW_TAG_variable
	.long	.Linfo_string18                 @ DW_AT_name
	.long	260                             @ DW_AT_type
                                        @ DW_AT_external
	.byte	4                               @ DW_AT_decl_file
	.short	313                             @ DW_AT_decl_line
	.byte	5                               @ DW_AT_location
	.byte	3
	.long	catch_rest
	.byte	5                               @ Abbrev [5] 0x104:0x5 DW_TAG_const_type
	.long	265                             @ DW_AT_type
	.byte	16                              @ Abbrev [16] 0x109:0x15 DW_TAG_structure_type
	.long	.Linfo_string21                 @ DW_AT_name
	.byte	4                               @ DW_AT_byte_size
	.byte	1                               @ DW_AT_decl_file
	.byte	70                              @ DW_AT_decl_line
	.byte	17                              @ Abbrev [17] 0x111:0xc DW_TAG_member
	.long	.Linfo_string19                 @ DW_AT_name
	.long	286                             @ DW_AT_type
	.byte	1                               @ DW_AT_decl_file
	.byte	72                              @ DW_AT_decl_line
	.byte	0                               @ DW_AT_data_member_location
	.byte	0                               @ End Of Children Mark
	.byte	6                               @ Abbrev [6] 0x11e:0xb DW_TAG_typedef
	.long	297                             @ DW_AT_type
	.long	.Linfo_string20                 @ DW_AT_name
	.byte	1                               @ DW_AT_decl_file
	.byte	65                              @ DW_AT_decl_line
	.byte	7                               @ Abbrev [7] 0x129:0x5 DW_TAG_pointer_type
	.long	302                             @ DW_AT_type
	.byte	18                              @ Abbrev [18] 0x12e:0x16 DW_TAG_subroutine_type
                                        @ DW_AT_prototyped
	.byte	9                               @ Abbrev [9] 0x12f:0x5 DW_TAG_formal_parameter
	.long	143                             @ DW_AT_type
	.byte	9                               @ Abbrev [9] 0x134:0x5 DW_TAG_formal_parameter
	.long	177                             @ DW_AT_type
	.byte	9                               @ Abbrev [9] 0x139:0x5 DW_TAG_formal_parameter
	.long	183                             @ DW_AT_type
	.byte	9                               @ Abbrev [9] 0x13e:0x5 DW_TAG_formal_parameter
	.long	183                             @ DW_AT_type
	.byte	0                               @ End Of Children Mark
	.byte	15                              @ Abbrev [15] 0x144:0x12 DW_TAG_variable
	.long	.Linfo_string22                 @ DW_AT_name
	.long	342                             @ DW_AT_type
                                        @ DW_AT_external
	.byte	4                               @ DW_AT_decl_file
	.short	411                             @ DW_AT_decl_line
	.byte	5                               @ DW_AT_location
	.byte	3
	.long	rom_app_task_cfg
	.byte	5                               @ Abbrev [5] 0x156:0x5 DW_TAG_const_type
	.long	347                             @ DW_AT_type
	.byte	6                               @ Abbrev [6] 0x15b:0xb DW_TAG_typedef
	.long	358                             @ DW_AT_type
	.long	.Linfo_string196                @ DW_AT_name
	.byte	1                               @ DW_AT_decl_file
	.byte	126                             @ DW_AT_decl_line
	.byte	19                              @ Abbrev [19] 0x166:0x65 DW_TAG_structure_type
	.byte	32                              @ DW_AT_byte_size
	.byte	1                               @ DW_AT_decl_file
	.byte	101                             @ DW_AT_decl_line
	.byte	17                              @ Abbrev [17] 0x16a:0xc DW_TAG_member
	.long	.Linfo_string23                 @ DW_AT_name
	.long	459                             @ DW_AT_type
	.byte	1                               @ DW_AT_decl_file
	.byte	104                             @ DW_AT_decl_line
	.byte	0                               @ DW_AT_data_member_location
	.byte	17                              @ Abbrev [17] 0x176:0xc DW_TAG_member
	.long	.Linfo_string24                 @ DW_AT_name
	.long	465                             @ DW_AT_type
	.byte	1                               @ DW_AT_decl_file
	.byte	107                             @ DW_AT_decl_line
	.byte	4                               @ DW_AT_data_member_location
	.byte	17                              @ Abbrev [17] 0x182:0xc DW_TAG_member
	.long	.Linfo_string26                 @ DW_AT_name
	.long	482                             @ DW_AT_type
	.byte	1                               @ DW_AT_decl_file
	.byte	110                             @ DW_AT_decl_line
	.byte	8                               @ DW_AT_data_member_location
	.byte	17                              @ Abbrev [17] 0x18e:0xc DW_TAG_member
	.long	.Linfo_string103                @ DW_AT_name
	.long	1806                            @ DW_AT_type
	.byte	1                               @ DW_AT_decl_file
	.byte	113                             @ DW_AT_decl_line
	.byte	12                              @ DW_AT_data_member_location
	.byte	17                              @ Abbrev [17] 0x19a:0xc DW_TAG_member
	.long	.Linfo_string3                  @ DW_AT_name
	.long	1811                            @ DW_AT_type
	.byte	1                               @ DW_AT_decl_file
	.byte	116                             @ DW_AT_decl_line
	.byte	16                              @ DW_AT_data_member_location
	.byte	17                              @ Abbrev [17] 0x1a6:0xc DW_TAG_member
	.long	.Linfo_string104                @ DW_AT_name
	.long	1816                            @ DW_AT_type
	.byte	1                               @ DW_AT_decl_file
	.byte	119                             @ DW_AT_decl_line
	.byte	20                              @ DW_AT_data_member_location
	.byte	17                              @ Abbrev [17] 0x1b2:0xc DW_TAG_member
	.long	.Linfo_string109                @ DW_AT_name
	.long	1904                            @ DW_AT_type
	.byte	1                               @ DW_AT_decl_file
	.byte	122                             @ DW_AT_decl_line
	.byte	24                              @ DW_AT_data_member_location
	.byte	17                              @ Abbrev [17] 0x1be:0xc DW_TAG_member
	.long	.Linfo_string111                @ DW_AT_name
	.long	1914                            @ DW_AT_type
	.byte	1                               @ DW_AT_decl_file
	.byte	125                             @ DW_AT_decl_line
	.byte	28                              @ DW_AT_data_member_location
	.byte	0                               @ End Of Children Mark
	.byte	7                               @ Abbrev [7] 0x1cb:0x5 DW_TAG_pointer_type
	.long	464                             @ DW_AT_type
	.byte	20                              @ Abbrev [20] 0x1d0:0x1 DW_TAG_subroutine_type
                                        @ DW_AT_prototyped
	.byte	7                               @ Abbrev [7] 0x1d1:0x5 DW_TAG_pointer_type
	.long	470                             @ DW_AT_type
	.byte	21                              @ Abbrev [21] 0x1d6:0x5 DW_TAG_subroutine_type
	.long	475                             @ DW_AT_type
                                        @ DW_AT_prototyped
	.byte	12                              @ Abbrev [12] 0x1db:0x7 DW_TAG_base_type
	.long	.Linfo_string25                 @ DW_AT_name
	.byte	2                               @ DW_AT_encoding
	.byte	1                               @ DW_AT_byte_size
	.byte	7                               @ Abbrev [7] 0x1e2:0x5 DW_TAG_pointer_type
	.long	487                             @ DW_AT_type
	.byte	5                               @ Abbrev [5] 0x1e7:0x5 DW_TAG_const_type
	.long	492                             @ DW_AT_type
	.byte	16                              @ Abbrev [16] 0x1ec:0x111 DW_TAG_structure_type
	.long	.Linfo_string102                @ DW_AT_name
	.byte	88                              @ DW_AT_byte_size
	.byte	7                               @ DW_AT_decl_file
	.byte	65                              @ DW_AT_decl_line
	.byte	17                              @ Abbrev [17] 0x1f4:0xc DW_TAG_member
	.long	.Linfo_string27                 @ DW_AT_name
	.long	765                             @ DW_AT_type
	.byte	7                               @ DW_AT_decl_file
	.byte	68                              @ DW_AT_decl_line
	.byte	0                               @ DW_AT_data_member_location
	.byte	17                              @ Abbrev [17] 0x200:0xc DW_TAG_member
	.long	.Linfo_string39                 @ DW_AT_name
	.long	944                             @ DW_AT_type
	.byte	7                               @ DW_AT_decl_file
	.byte	71                              @ DW_AT_decl_line
	.byte	4                               @ DW_AT_data_member_location
	.byte	17                              @ Abbrev [17] 0x20c:0xc DW_TAG_member
	.long	.Linfo_string42                 @ DW_AT_name
	.long	1002                            @ DW_AT_type
	.byte	7                               @ DW_AT_decl_file
	.byte	74                              @ DW_AT_decl_line
	.byte	8                               @ DW_AT_data_member_location
	.byte	17                              @ Abbrev [17] 0x218:0xc DW_TAG_member
	.long	.Linfo_string43                 @ DW_AT_name
	.long	459                             @ DW_AT_type
	.byte	7                               @ DW_AT_decl_file
	.byte	77                              @ DW_AT_decl_line
	.byte	12                              @ DW_AT_data_member_location
	.byte	17                              @ Abbrev [17] 0x224:0xc DW_TAG_member
	.long	.Linfo_string44                 @ DW_AT_name
	.long	459                             @ DW_AT_type
	.byte	7                               @ DW_AT_decl_file
	.byte	80                              @ DW_AT_decl_line
	.byte	16                              @ DW_AT_data_member_location
	.byte	17                              @ Abbrev [17] 0x230:0xc DW_TAG_member
	.long	.Linfo_string45                 @ DW_AT_name
	.long	1002                            @ DW_AT_type
	.byte	7                               @ DW_AT_decl_file
	.byte	83                              @ DW_AT_decl_line
	.byte	20                              @ DW_AT_data_member_location
	.byte	17                              @ Abbrev [17] 0x23c:0xc DW_TAG_member
	.long	.Linfo_string46                 @ DW_AT_name
	.long	1002                            @ DW_AT_type
	.byte	7                               @ DW_AT_decl_file
	.byte	86                              @ DW_AT_decl_line
	.byte	24                              @ DW_AT_data_member_location
	.byte	17                              @ Abbrev [17] 0x248:0xc DW_TAG_member
	.long	.Linfo_string47                 @ DW_AT_name
	.long	1002                            @ DW_AT_type
	.byte	7                               @ DW_AT_decl_file
	.byte	89                              @ DW_AT_decl_line
	.byte	28                              @ DW_AT_data_member_location
	.byte	17                              @ Abbrev [17] 0x254:0xc DW_TAG_member
	.long	.Linfo_string48                 @ DW_AT_name
	.long	459                             @ DW_AT_type
	.byte	7                               @ DW_AT_decl_file
	.byte	92                              @ DW_AT_decl_line
	.byte	32                              @ DW_AT_data_member_location
	.byte	17                              @ Abbrev [17] 0x260:0xc DW_TAG_member
	.long	.Linfo_string49                 @ DW_AT_name
	.long	1002                            @ DW_AT_type
	.byte	7                               @ DW_AT_decl_file
	.byte	95                              @ DW_AT_decl_line
	.byte	36                              @ DW_AT_data_member_location
	.byte	17                              @ Abbrev [17] 0x26c:0xc DW_TAG_member
	.long	.Linfo_string50                 @ DW_AT_name
	.long	1014                            @ DW_AT_type
	.byte	7                               @ DW_AT_decl_file
	.byte	98                              @ DW_AT_decl_line
	.byte	40                              @ DW_AT_data_member_location
	.byte	17                              @ Abbrev [17] 0x278:0xc DW_TAG_member
	.long	.Linfo_string60                 @ DW_AT_name
	.long	459                             @ DW_AT_type
	.byte	7                               @ DW_AT_decl_file
	.byte	101                             @ DW_AT_decl_line
	.byte	44                              @ DW_AT_data_member_location
	.byte	17                              @ Abbrev [17] 0x284:0xc DW_TAG_member
	.long	.Linfo_string61                 @ DW_AT_name
	.long	1159                            @ DW_AT_type
	.byte	7                               @ DW_AT_decl_file
	.byte	104                             @ DW_AT_decl_line
	.byte	48                              @ DW_AT_data_member_location
	.byte	17                              @ Abbrev [17] 0x290:0xc DW_TAG_member
	.long	.Linfo_string65                 @ DW_AT_name
	.long	1224                            @ DW_AT_type
	.byte	7                               @ DW_AT_decl_file
	.byte	107                             @ DW_AT_decl_line
	.byte	52                              @ DW_AT_data_member_location
	.byte	17                              @ Abbrev [17] 0x29c:0xc DW_TAG_member
	.long	.Linfo_string66                 @ DW_AT_name
	.long	1241                            @ DW_AT_type
	.byte	7                               @ DW_AT_decl_file
	.byte	110                             @ DW_AT_decl_line
	.byte	56                              @ DW_AT_data_member_location
	.byte	17                              @ Abbrev [17] 0x2a8:0xc DW_TAG_member
	.long	.Linfo_string72                 @ DW_AT_name
	.long	1320                            @ DW_AT_type
	.byte	7                               @ DW_AT_decl_file
	.byte	113                             @ DW_AT_decl_line
	.byte	60                              @ DW_AT_data_member_location
	.byte	17                              @ Abbrev [17] 0x2b4:0xc DW_TAG_member
	.long	.Linfo_string80                 @ DW_AT_name
	.long	1471                            @ DW_AT_type
	.byte	7                               @ DW_AT_decl_file
	.byte	116                             @ DW_AT_decl_line
	.byte	64                              @ DW_AT_data_member_location
	.byte	17                              @ Abbrev [17] 0x2c0:0xc DW_TAG_member
	.long	.Linfo_string86                 @ DW_AT_name
	.long	1555                            @ DW_AT_type
	.byte	7                               @ DW_AT_decl_file
	.byte	119                             @ DW_AT_decl_line
	.byte	68                              @ DW_AT_data_member_location
	.byte	17                              @ Abbrev [17] 0x2cc:0xc DW_TAG_member
	.long	.Linfo_string96                 @ DW_AT_name
	.long	1698                            @ DW_AT_type
	.byte	7                               @ DW_AT_decl_file
	.byte	122                             @ DW_AT_decl_line
	.byte	72                              @ DW_AT_data_member_location
	.byte	17                              @ Abbrev [17] 0x2d8:0xc DW_TAG_member
	.long	.Linfo_string97                 @ DW_AT_name
	.long	1715                            @ DW_AT_type
	.byte	7                               @ DW_AT_decl_file
	.byte	125                             @ DW_AT_decl_line
	.byte	76                              @ DW_AT_data_member_location
	.byte	17                              @ Abbrev [17] 0x2e4:0xc DW_TAG_member
	.long	.Linfo_string98                 @ DW_AT_name
	.long	1732                            @ DW_AT_type
	.byte	7                               @ DW_AT_decl_file
	.byte	128                             @ DW_AT_decl_line
	.byte	80                              @ DW_AT_data_member_location
	.byte	17                              @ Abbrev [17] 0x2f0:0xc DW_TAG_member
	.long	.Linfo_string101                @ DW_AT_name
	.long	1794                            @ DW_AT_type
	.byte	7                               @ DW_AT_decl_file
	.byte	131                             @ DW_AT_decl_line
	.byte	84                              @ DW_AT_data_member_location
	.byte	0                               @ End Of Children Mark
	.byte	7                               @ Abbrev [7] 0x2fd:0x5 DW_TAG_pointer_type
	.long	770                             @ DW_AT_type
	.byte	18                              @ Abbrev [18] 0x302:0xc DW_TAG_subroutine_type
                                        @ DW_AT_prototyped
	.byte	9                               @ Abbrev [9] 0x303:0x5 DW_TAG_formal_parameter
	.long	782                             @ DW_AT_type
	.byte	9                               @ Abbrev [9] 0x308:0x5 DW_TAG_formal_parameter
	.long	798                             @ DW_AT_type
	.byte	0                               @ End Of Children Mark
	.byte	5                               @ Abbrev [5] 0x30e:0x5 DW_TAG_const_type
	.long	787                             @ DW_AT_type
	.byte	6                               @ Abbrev [6] 0x313:0xb DW_TAG_typedef
	.long	136                             @ DW_AT_type
	.long	.Linfo_string28                 @ DW_AT_name
	.byte	2                               @ DW_AT_decl_file
	.byte	62                              @ DW_AT_decl_line
	.byte	7                               @ Abbrev [7] 0x31e:0x5 DW_TAG_pointer_type
	.long	803                             @ DW_AT_type
	.byte	5                               @ Abbrev [5] 0x323:0x5 DW_TAG_const_type
	.long	808                             @ DW_AT_type
	.byte	22                              @ Abbrev [22] 0x328:0x65 DW_TAG_structure_type
	.long	.Linfo_string38                 @ DW_AT_name
	.byte	16                              @ DW_AT_byte_size
	.byte	5                               @ DW_AT_decl_file
	.short	414                             @ DW_AT_decl_line
	.byte	23                              @ Abbrev [23] 0x331:0xd DW_TAG_member
	.long	.Linfo_string29                 @ DW_AT_name
	.long	159                             @ DW_AT_type
	.byte	5                               @ DW_AT_decl_file
	.short	417                             @ DW_AT_decl_line
	.byte	0                               @ DW_AT_data_member_location
	.byte	23                              @ Abbrev [23] 0x33e:0xd DW_TAG_member
	.long	.Linfo_string30                 @ DW_AT_name
	.long	159                             @ DW_AT_type
	.byte	5                               @ DW_AT_decl_file
	.short	419                             @ DW_AT_decl_line
	.byte	2                               @ DW_AT_data_member_location
	.byte	23                              @ Abbrev [23] 0x34b:0xd DW_TAG_member
	.long	.Linfo_string31                 @ DW_AT_name
	.long	159                             @ DW_AT_type
	.byte	5                               @ DW_AT_decl_file
	.short	421                             @ DW_AT_decl_line
	.byte	4                               @ DW_AT_data_member_location
	.byte	23                              @ Abbrev [23] 0x358:0xd DW_TAG_member
	.long	.Linfo_string32                 @ DW_AT_name
	.long	159                             @ DW_AT_type
	.byte	5                               @ DW_AT_decl_file
	.short	423                             @ DW_AT_decl_line
	.byte	6                               @ DW_AT_data_member_location
	.byte	23                              @ Abbrev [23] 0x365:0xd DW_TAG_member
	.long	.Linfo_string33                 @ DW_AT_name
	.long	787                             @ DW_AT_type
	.byte	5                               @ DW_AT_decl_file
	.short	425                             @ DW_AT_decl_line
	.byte	8                               @ DW_AT_data_member_location
	.byte	23                              @ Abbrev [23] 0x372:0xd DW_TAG_member
	.long	.Linfo_string34                 @ DW_AT_name
	.long	787                             @ DW_AT_type
	.byte	5                               @ DW_AT_decl_file
	.short	427                             @ DW_AT_decl_line
	.byte	9                               @ DW_AT_data_member_location
	.byte	23                              @ Abbrev [23] 0x37f:0xd DW_TAG_member
	.long	.Linfo_string35                 @ DW_AT_name
	.long	909                             @ DW_AT_type
	.byte	5                               @ DW_AT_decl_file
	.short	429                             @ DW_AT_decl_line
	.byte	10                              @ DW_AT_data_member_location
	.byte	0                               @ End Of Children Mark
	.byte	22                              @ Abbrev [22] 0x38d:0x17 DW_TAG_structure_type
	.long	.Linfo_string37                 @ DW_AT_name
	.byte	6                               @ DW_AT_byte_size
	.byte	6                               @ DW_AT_decl_file
	.short	1718                            @ DW_AT_decl_line
	.byte	23                              @ Abbrev [23] 0x396:0xd DW_TAG_member
	.long	.Linfo_string36                 @ DW_AT_name
	.long	932                             @ DW_AT_type
	.byte	6                               @ DW_AT_decl_file
	.short	1721                            @ DW_AT_decl_line
	.byte	0                               @ DW_AT_data_member_location
	.byte	0                               @ End Of Children Mark
	.byte	3                               @ Abbrev [3] 0x3a4:0xc DW_TAG_array_type
	.long	787                             @ DW_AT_type
	.byte	4                               @ Abbrev [4] 0x3a9:0x6 DW_TAG_subrange_type
	.long	235                             @ DW_AT_type
	.byte	6                               @ DW_AT_count
	.byte	0                               @ End Of Children Mark
	.byte	7                               @ Abbrev [7] 0x3b0:0x5 DW_TAG_pointer_type
	.long	949                             @ DW_AT_type
	.byte	18                              @ Abbrev [18] 0x3b5:0x7 DW_TAG_subroutine_type
                                        @ DW_AT_prototyped
	.byte	9                               @ Abbrev [9] 0x3b6:0x5 DW_TAG_formal_parameter
	.long	956                             @ DW_AT_type
	.byte	0                               @ End Of Children Mark
	.byte	7                               @ Abbrev [7] 0x3bc:0x5 DW_TAG_pointer_type
	.long	961                             @ DW_AT_type
	.byte	5                               @ Abbrev [5] 0x3c1:0x5 DW_TAG_const_type
	.long	966                             @ DW_AT_type
	.byte	22                              @ Abbrev [22] 0x3c6:0x24 DW_TAG_structure_type
	.long	.Linfo_string41                 @ DW_AT_name
	.byte	4                               @ DW_AT_byte_size
	.byte	5                               @ DW_AT_decl_file
	.short	466                             @ DW_AT_decl_line
	.byte	23                              @ Abbrev [23] 0x3cf:0xd DW_TAG_member
	.long	.Linfo_string29                 @ DW_AT_name
	.long	159                             @ DW_AT_type
	.byte	5                               @ DW_AT_decl_file
	.short	469                             @ DW_AT_decl_line
	.byte	0                               @ DW_AT_data_member_location
	.byte	23                              @ Abbrev [23] 0x3dc:0xd DW_TAG_member
	.long	.Linfo_string40                 @ DW_AT_name
	.long	787                             @ DW_AT_type
	.byte	5                               @ DW_AT_decl_file
	.short	471                             @ DW_AT_decl_line
	.byte	2                               @ DW_AT_data_member_location
	.byte	0                               @ End Of Children Mark
	.byte	7                               @ Abbrev [7] 0x3ea:0x5 DW_TAG_pointer_type
	.long	1007                            @ DW_AT_type
	.byte	18                              @ Abbrev [18] 0x3ef:0x7 DW_TAG_subroutine_type
                                        @ DW_AT_prototyped
	.byte	9                               @ Abbrev [9] 0x3f0:0x5 DW_TAG_formal_parameter
	.long	782                             @ DW_AT_type
	.byte	0                               @ End Of Children Mark
	.byte	7                               @ Abbrev [7] 0x3f6:0x5 DW_TAG_pointer_type
	.long	1019                            @ DW_AT_type
	.byte	18                              @ Abbrev [18] 0x3fb:0x7 DW_TAG_subroutine_type
                                        @ DW_AT_prototyped
	.byte	9                               @ Abbrev [9] 0x3fc:0x5 DW_TAG_formal_parameter
	.long	1026                            @ DW_AT_type
	.byte	0                               @ End Of Children Mark
	.byte	7                               @ Abbrev [7] 0x402:0x5 DW_TAG_pointer_type
	.long	1031                            @ DW_AT_type
	.byte	5                               @ Abbrev [5] 0x407:0x5 DW_TAG_const_type
	.long	1036                            @ DW_AT_type
	.byte	22                              @ Abbrev [22] 0x40c:0x17 DW_TAG_structure_type
	.long	.Linfo_string59                 @ DW_AT_name
	.byte	41                              @ DW_AT_byte_size
	.byte	8                               @ DW_AT_decl_file
	.short	794                             @ DW_AT_decl_line
	.byte	23                              @ Abbrev [23] 0x415:0xd DW_TAG_member
	.long	.Linfo_string51                 @ DW_AT_name
	.long	1059                            @ DW_AT_type
	.byte	8                               @ DW_AT_decl_file
	.short	797                             @ DW_AT_decl_line
	.byte	0                               @ DW_AT_data_member_location
	.byte	0                               @ End Of Children Mark
	.byte	22                              @ Abbrev [22] 0x423:0x58 DW_TAG_structure_type
	.long	.Linfo_string58                 @ DW_AT_name
	.byte	41                              @ DW_AT_byte_size
	.byte	6                               @ DW_AT_decl_file
	.short	1783                            @ DW_AT_decl_line
	.byte	23                              @ Abbrev [23] 0x42c:0xd DW_TAG_member
	.long	.Linfo_string52                 @ DW_AT_name
	.long	787                             @ DW_AT_type
	.byte	6                               @ DW_AT_decl_file
	.short	1790                            @ DW_AT_decl_line
	.byte	0                               @ DW_AT_data_member_location
	.byte	23                              @ Abbrev [23] 0x439:0xd DW_TAG_member
	.long	.Linfo_string53                 @ DW_AT_name
	.long	787                             @ DW_AT_type
	.byte	6                               @ DW_AT_decl_file
	.short	1792                            @ DW_AT_decl_line
	.byte	1                               @ DW_AT_data_member_location
	.byte	23                              @ Abbrev [23] 0x446:0xd DW_TAG_member
	.long	.Linfo_string54                 @ DW_AT_name
	.long	909                             @ DW_AT_type
	.byte	6                               @ DW_AT_decl_file
	.short	1794                            @ DW_AT_decl_line
	.byte	2                               @ DW_AT_data_member_location
	.byte	23                              @ Abbrev [23] 0x453:0xd DW_TAG_member
	.long	.Linfo_string55                 @ DW_AT_name
	.long	787                             @ DW_AT_type
	.byte	6                               @ DW_AT_decl_file
	.short	1796                            @ DW_AT_decl_line
	.byte	8                               @ DW_AT_data_member_location
	.byte	23                              @ Abbrev [23] 0x460:0xd DW_TAG_member
	.long	.Linfo_string56                 @ DW_AT_name
	.long	1147                            @ DW_AT_type
	.byte	6                               @ DW_AT_decl_file
	.short	1798                            @ DW_AT_decl_line
	.byte	9                               @ DW_AT_data_member_location
	.byte	23                              @ Abbrev [23] 0x46d:0xd DW_TAG_member
	.long	.Linfo_string57                 @ DW_AT_name
	.long	787                             @ DW_AT_type
	.byte	6                               @ DW_AT_decl_file
	.short	1800                            @ DW_AT_decl_line
	.byte	40                              @ DW_AT_data_member_location
	.byte	0                               @ End Of Children Mark
	.byte	3                               @ Abbrev [3] 0x47b:0xc DW_TAG_array_type
	.long	787                             @ DW_AT_type
	.byte	4                               @ Abbrev [4] 0x480:0x6 DW_TAG_subrange_type
	.long	235                             @ DW_AT_type
	.byte	31                              @ DW_AT_count
	.byte	0                               @ End Of Children Mark
	.byte	7                               @ Abbrev [7] 0x487:0x5 DW_TAG_pointer_type
	.long	1164                            @ DW_AT_type
	.byte	18                              @ Abbrev [18] 0x48c:0x7 DW_TAG_subroutine_type
                                        @ DW_AT_prototyped
	.byte	9                               @ Abbrev [9] 0x48d:0x5 DW_TAG_formal_parameter
	.long	1171                            @ DW_AT_type
	.byte	0                               @ End Of Children Mark
	.byte	7                               @ Abbrev [7] 0x493:0x5 DW_TAG_pointer_type
	.long	1176                            @ DW_AT_type
	.byte	22                              @ Abbrev [22] 0x498:0x24 DW_TAG_structure_type
	.long	.Linfo_string64                 @ DW_AT_name
	.byte	33                              @ DW_AT_byte_size
	.byte	9                               @ DW_AT_decl_file
	.short	263                             @ DW_AT_decl_line
	.byte	23                              @ Abbrev [23] 0x4a1:0xd DW_TAG_member
	.long	.Linfo_string62                 @ DW_AT_name
	.long	787                             @ DW_AT_type
	.byte	9                               @ DW_AT_decl_file
	.short	266                             @ DW_AT_decl_line
	.byte	0                               @ DW_AT_data_member_location
	.byte	23                              @ Abbrev [23] 0x4ae:0xd DW_TAG_member
	.long	.Linfo_string63                 @ DW_AT_name
	.long	1212                            @ DW_AT_type
	.byte	9                               @ DW_AT_decl_file
	.short	268                             @ DW_AT_decl_line
	.byte	1                               @ DW_AT_data_member_location
	.byte	0                               @ End Of Children Mark
	.byte	3                               @ Abbrev [3] 0x4bc:0xc DW_TAG_array_type
	.long	787                             @ DW_AT_type
	.byte	4                               @ Abbrev [4] 0x4c1:0x6 DW_TAG_subrange_type
	.long	235                             @ DW_AT_type
	.byte	32                              @ DW_AT_count
	.byte	0                               @ End Of Children Mark
	.byte	7                               @ Abbrev [7] 0x4c8:0x5 DW_TAG_pointer_type
	.long	1229                            @ DW_AT_type
	.byte	18                              @ Abbrev [18] 0x4cd:0x7 DW_TAG_subroutine_type
                                        @ DW_AT_prototyped
	.byte	9                               @ Abbrev [9] 0x4ce:0x5 DW_TAG_formal_parameter
	.long	1236                            @ DW_AT_type
	.byte	0                               @ End Of Children Mark
	.byte	7                               @ Abbrev [7] 0x4d4:0x5 DW_TAG_pointer_type
	.long	159                             @ DW_AT_type
	.byte	7                               @ Abbrev [7] 0x4d9:0x5 DW_TAG_pointer_type
	.long	1246                            @ DW_AT_type
	.byte	18                              @ Abbrev [18] 0x4de:0x7 DW_TAG_subroutine_type
                                        @ DW_AT_prototyped
	.byte	9                               @ Abbrev [9] 0x4df:0x5 DW_TAG_formal_parameter
	.long	1253                            @ DW_AT_type
	.byte	0                               @ End Of Children Mark
	.byte	7                               @ Abbrev [7] 0x4e5:0x5 DW_TAG_pointer_type
	.long	1258                            @ DW_AT_type
	.byte	22                              @ Abbrev [22] 0x4ea:0x3e DW_TAG_structure_type
	.long	.Linfo_string71                 @ DW_AT_name
	.byte	8                               @ DW_AT_byte_size
	.byte	10                              @ DW_AT_decl_file
	.short	373                             @ DW_AT_decl_line
	.byte	23                              @ Abbrev [23] 0x4f3:0xd DW_TAG_member
	.long	.Linfo_string67                 @ DW_AT_name
	.long	159                             @ DW_AT_type
	.byte	10                              @ DW_AT_decl_file
	.short	376                             @ DW_AT_decl_line
	.byte	0                               @ DW_AT_data_member_location
	.byte	23                              @ Abbrev [23] 0x500:0xd DW_TAG_member
	.long	.Linfo_string68                 @ DW_AT_name
	.long	159                             @ DW_AT_type
	.byte	10                              @ DW_AT_decl_file
	.short	378                             @ DW_AT_decl_line
	.byte	2                               @ DW_AT_data_member_location
	.byte	23                              @ Abbrev [23] 0x50d:0xd DW_TAG_member
	.long	.Linfo_string69                 @ DW_AT_name
	.long	159                             @ DW_AT_type
	.byte	10                              @ DW_AT_decl_file
	.short	380                             @ DW_AT_decl_line
	.byte	4                               @ DW_AT_data_member_location
	.byte	23                              @ Abbrev [23] 0x51a:0xd DW_TAG_member
	.long	.Linfo_string70                 @ DW_AT_name
	.long	159                             @ DW_AT_type
	.byte	10                              @ DW_AT_decl_file
	.short	382                             @ DW_AT_decl_line
	.byte	6                               @ DW_AT_data_member_location
	.byte	0                               @ End Of Children Mark
	.byte	7                               @ Abbrev [7] 0x528:0x5 DW_TAG_pointer_type
	.long	1325                            @ DW_AT_type
	.byte	18                              @ Abbrev [18] 0x52d:0xc DW_TAG_subroutine_type
                                        @ DW_AT_prototyped
	.byte	9                               @ Abbrev [9] 0x52e:0x5 DW_TAG_formal_parameter
	.long	1337                            @ DW_AT_type
	.byte	9                               @ Abbrev [9] 0x533:0x5 DW_TAG_formal_parameter
	.long	1466                            @ DW_AT_type
	.byte	0                               @ End Of Children Mark
	.byte	7                               @ Abbrev [7] 0x539:0x5 DW_TAG_pointer_type
	.long	1342                            @ DW_AT_type
	.byte	5                               @ Abbrev [5] 0x53e:0x5 DW_TAG_const_type
	.long	1347                            @ DW_AT_type
	.byte	22                              @ Abbrev [22] 0x543:0x24 DW_TAG_structure_type
	.long	.Linfo_string79                 @ DW_AT_name
	.byte	4                               @ DW_AT_byte_size
	.byte	5                               @ DW_AT_decl_file
	.short	604                             @ DW_AT_decl_line
	.byte	23                              @ Abbrev [23] 0x54c:0xd DW_TAG_member
	.long	.Linfo_string73                 @ DW_AT_name
	.long	787                             @ DW_AT_type
	.byte	5                               @ DW_AT_decl_file
	.short	609                             @ DW_AT_decl_line
	.byte	0                               @ DW_AT_data_member_location
	.byte	23                              @ Abbrev [23] 0x559:0xd DW_TAG_member
	.long	.Linfo_string74                 @ DW_AT_name
	.long	1383                            @ DW_AT_type
	.byte	5                               @ DW_AT_decl_file
	.short	618                             @ DW_AT_decl_line
	.byte	2                               @ DW_AT_data_member_location
	.byte	0                               @ End Of Children Mark
	.byte	24                              @ Abbrev [24] 0x567:0x24 DW_TAG_union_type
	.long	.Linfo_string78                 @ DW_AT_name
	.byte	2                               @ DW_AT_byte_size
	.byte	5                               @ DW_AT_decl_file
	.short	612                             @ DW_AT_decl_line
	.byte	23                              @ Abbrev [23] 0x570:0xd DW_TAG_member
	.long	.Linfo_string63                 @ DW_AT_name
	.long	1419                            @ DW_AT_type
	.byte	5                               @ DW_AT_decl_file
	.short	615                             @ DW_AT_decl_line
	.byte	0                               @ DW_AT_data_member_location
	.byte	23                              @ Abbrev [23] 0x57d:0xd DW_TAG_member
	.long	.Linfo_string77                 @ DW_AT_name
	.long	159                             @ DW_AT_type
	.byte	5                               @ DW_AT_decl_file
	.short	617                             @ DW_AT_decl_line
	.byte	0                               @ DW_AT_data_member_location
	.byte	0                               @ End Of Children Mark
	.byte	22                              @ Abbrev [22] 0x58b:0x24 DW_TAG_structure_type
	.long	.Linfo_string76                 @ DW_AT_name
	.byte	2                               @ DW_AT_byte_size
	.byte	10                              @ DW_AT_decl_file
	.short	364                             @ DW_AT_decl_line
	.byte	23                              @ Abbrev [23] 0x594:0xd DW_TAG_member
	.long	.Linfo_string62                 @ DW_AT_name
	.long	159                             @ DW_AT_type
	.byte	10                              @ DW_AT_decl_file
	.short	367                             @ DW_AT_decl_line
	.byte	0                               @ DW_AT_data_member_location
	.byte	23                              @ Abbrev [23] 0x5a1:0xd DW_TAG_member
	.long	.Linfo_string75                 @ DW_AT_name
	.long	1455                            @ DW_AT_type
	.byte	10                              @ DW_AT_decl_file
	.short	369                             @ DW_AT_decl_line
	.byte	2                               @ DW_AT_data_member_location
	.byte	0                               @ End Of Children Mark
	.byte	3                               @ Abbrev [3] 0x5af:0xb DW_TAG_array_type
	.long	787                             @ DW_AT_type
	.byte	25                              @ Abbrev [25] 0x5b4:0x5 DW_TAG_subrange_type
	.long	235                             @ DW_AT_type
	.byte	0                               @ End Of Children Mark
	.byte	7                               @ Abbrev [7] 0x5ba:0x5 DW_TAG_pointer_type
	.long	787                             @ DW_AT_type
	.byte	7                               @ Abbrev [7] 0x5bf:0x5 DW_TAG_pointer_type
	.long	1476                            @ DW_AT_type
	.byte	18                              @ Abbrev [18] 0x5c4:0xc DW_TAG_subroutine_type
                                        @ DW_AT_prototyped
	.byte	9                               @ Abbrev [9] 0x5c5:0x5 DW_TAG_formal_parameter
	.long	782                             @ DW_AT_type
	.byte	9                               @ Abbrev [9] 0x5ca:0x5 DW_TAG_formal_parameter
	.long	1488                            @ DW_AT_type
	.byte	0                               @ End Of Children Mark
	.byte	7                               @ Abbrev [7] 0x5d0:0x5 DW_TAG_pointer_type
	.long	1493                            @ DW_AT_type
	.byte	22                              @ Abbrev [22] 0x5d5:0x3e DW_TAG_structure_type
	.long	.Linfo_string85                 @ DW_AT_name
	.byte	8                               @ DW_AT_byte_size
	.byte	5                               @ DW_AT_decl_file
	.short	1070                            @ DW_AT_decl_line
	.byte	23                              @ Abbrev [23] 0x5de:0xd DW_TAG_member
	.long	.Linfo_string81                 @ DW_AT_name
	.long	159                             @ DW_AT_type
	.byte	5                               @ DW_AT_decl_file
	.short	1073                            @ DW_AT_decl_line
	.byte	0                               @ DW_AT_data_member_location
	.byte	23                              @ Abbrev [23] 0x5eb:0xd DW_TAG_member
	.long	.Linfo_string82                 @ DW_AT_name
	.long	159                             @ DW_AT_type
	.byte	5                               @ DW_AT_decl_file
	.short	1075                            @ DW_AT_decl_line
	.byte	2                               @ DW_AT_data_member_location
	.byte	23                              @ Abbrev [23] 0x5f8:0xd DW_TAG_member
	.long	.Linfo_string83                 @ DW_AT_name
	.long	159                             @ DW_AT_type
	.byte	5                               @ DW_AT_decl_file
	.short	1077                            @ DW_AT_decl_line
	.byte	4                               @ DW_AT_data_member_location
	.byte	23                              @ Abbrev [23] 0x605:0xd DW_TAG_member
	.long	.Linfo_string84                 @ DW_AT_name
	.long	159                             @ DW_AT_type
	.byte	5                               @ DW_AT_decl_file
	.short	1079                            @ DW_AT_decl_line
	.byte	6                               @ DW_AT_data_member_location
	.byte	0                               @ End Of Children Mark
	.byte	7                               @ Abbrev [7] 0x613:0x5 DW_TAG_pointer_type
	.long	1560                            @ DW_AT_type
	.byte	18                              @ Abbrev [18] 0x618:0xc DW_TAG_subroutine_type
                                        @ DW_AT_prototyped
	.byte	9                               @ Abbrev [9] 0x619:0x5 DW_TAG_formal_parameter
	.long	1572                            @ DW_AT_type
	.byte	9                               @ Abbrev [9] 0x61e:0x5 DW_TAG_formal_parameter
	.long	1644                            @ DW_AT_type
	.byte	0                               @ End Of Children Mark
	.byte	7                               @ Abbrev [7] 0x624:0x5 DW_TAG_pointer_type
	.long	1577                            @ DW_AT_type
	.byte	5                               @ Abbrev [5] 0x629:0x5 DW_TAG_const_type
	.long	1582                            @ DW_AT_type
	.byte	22                              @ Abbrev [22] 0x62e:0x3e DW_TAG_structure_type
	.long	.Linfo_string91                 @ DW_AT_name
	.byte	8                               @ DW_AT_byte_size
	.byte	5                               @ DW_AT_decl_file
	.short	669                             @ DW_AT_decl_line
	.byte	23                              @ Abbrev [23] 0x637:0xd DW_TAG_member
	.long	.Linfo_string87                 @ DW_AT_name
	.long	159                             @ DW_AT_type
	.byte	5                               @ DW_AT_decl_file
	.short	672                             @ DW_AT_decl_line
	.byte	0                               @ DW_AT_data_member_location
	.byte	23                              @ Abbrev [23] 0x644:0xd DW_TAG_member
	.long	.Linfo_string88                 @ DW_AT_name
	.long	159                             @ DW_AT_type
	.byte	5                               @ DW_AT_decl_file
	.short	674                             @ DW_AT_decl_line
	.byte	2                               @ DW_AT_data_member_location
	.byte	23                              @ Abbrev [23] 0x651:0xd DW_TAG_member
	.long	.Linfo_string89                 @ DW_AT_name
	.long	159                             @ DW_AT_type
	.byte	5                               @ DW_AT_decl_file
	.short	676                             @ DW_AT_decl_line
	.byte	4                               @ DW_AT_data_member_location
	.byte	23                              @ Abbrev [23] 0x65e:0xd DW_TAG_member
	.long	.Linfo_string90                 @ DW_AT_name
	.long	159                             @ DW_AT_type
	.byte	5                               @ DW_AT_decl_file
	.short	678                             @ DW_AT_decl_line
	.byte	6                               @ DW_AT_data_member_location
	.byte	0                               @ End Of Children Mark
	.byte	7                               @ Abbrev [7] 0x66c:0x5 DW_TAG_pointer_type
	.long	1649                            @ DW_AT_type
	.byte	22                              @ Abbrev [22] 0x671:0x31 DW_TAG_structure_type
	.long	.Linfo_string95                 @ DW_AT_name
	.byte	6                               @ DW_AT_byte_size
	.byte	5                               @ DW_AT_decl_file
	.short	693                             @ DW_AT_decl_line
	.byte	23                              @ Abbrev [23] 0x67a:0xd DW_TAG_member
	.long	.Linfo_string92                 @ DW_AT_name
	.long	475                             @ DW_AT_type
	.byte	5                               @ DW_AT_decl_file
	.short	696                             @ DW_AT_decl_line
	.byte	0                               @ DW_AT_data_member_location
	.byte	23                              @ Abbrev [23] 0x687:0xd DW_TAG_member
	.long	.Linfo_string93                 @ DW_AT_name
	.long	159                             @ DW_AT_type
	.byte	5                               @ DW_AT_decl_file
	.short	698                             @ DW_AT_decl_line
	.byte	2                               @ DW_AT_data_member_location
	.byte	23                              @ Abbrev [23] 0x694:0xd DW_TAG_member
	.long	.Linfo_string94                 @ DW_AT_name
	.long	159                             @ DW_AT_type
	.byte	5                               @ DW_AT_decl_file
	.short	700                             @ DW_AT_decl_line
	.byte	4                               @ DW_AT_data_member_location
	.byte	0                               @ End Of Children Mark
	.byte	7                               @ Abbrev [7] 0x6a2:0x5 DW_TAG_pointer_type
	.long	1703                            @ DW_AT_type
	.byte	18                              @ Abbrev [18] 0x6a7:0x7 DW_TAG_subroutine_type
                                        @ DW_AT_prototyped
	.byte	9                               @ Abbrev [9] 0x6a8:0x5 DW_TAG_formal_parameter
	.long	1710                            @ DW_AT_type
	.byte	0                               @ End Of Children Mark
	.byte	7                               @ Abbrev [7] 0x6ae:0x5 DW_TAG_pointer_type
	.long	909                             @ DW_AT_type
	.byte	7                               @ Abbrev [7] 0x6b3:0x5 DW_TAG_pointer_type
	.long	1720                            @ DW_AT_type
	.byte	18                              @ Abbrev [18] 0x6b8:0xc DW_TAG_subroutine_type
                                        @ DW_AT_prototyped
	.byte	9                               @ Abbrev [9] 0x6b9:0x5 DW_TAG_formal_parameter
	.long	787                             @ DW_AT_type
	.byte	9                               @ Abbrev [9] 0x6be:0x5 DW_TAG_formal_parameter
	.long	159                             @ DW_AT_type
	.byte	0                               @ End Of Children Mark
	.byte	7                               @ Abbrev [7] 0x6c4:0x5 DW_TAG_pointer_type
	.long	1737                            @ DW_AT_type
	.byte	18                              @ Abbrev [18] 0x6c9:0xc DW_TAG_subroutine_type
                                        @ DW_AT_prototyped
	.byte	9                               @ Abbrev [9] 0x6ca:0x5 DW_TAG_formal_parameter
	.long	782                             @ DW_AT_type
	.byte	9                               @ Abbrev [9] 0x6cf:0x5 DW_TAG_formal_parameter
	.long	1749                            @ DW_AT_type
	.byte	0                               @ End Of Children Mark
	.byte	7                               @ Abbrev [7] 0x6d5:0x5 DW_TAG_pointer_type
	.long	1754                            @ DW_AT_type
	.byte	5                               @ Abbrev [5] 0x6da:0x5 DW_TAG_const_type
	.long	1759                            @ DW_AT_type
	.byte	22                              @ Abbrev [22] 0x6df:0x17 DW_TAG_structure_type
	.long	.Linfo_string100                @ DW_AT_name
	.byte	8                               @ DW_AT_byte_size
	.byte	5                               @ DW_AT_decl_file
	.short	534                             @ DW_AT_decl_line
	.byte	23                              @ Abbrev [23] 0x6e8:0xd DW_TAG_member
	.long	.Linfo_string99                 @ DW_AT_name
	.long	1782                            @ DW_AT_type
	.byte	5                               @ DW_AT_decl_file
	.short	537                             @ DW_AT_decl_line
	.byte	0                               @ DW_AT_data_member_location
	.byte	0                               @ End Of Children Mark
	.byte	3                               @ Abbrev [3] 0x6f6:0xc DW_TAG_array_type
	.long	787                             @ DW_AT_type
	.byte	4                               @ Abbrev [4] 0x6fb:0x6 DW_TAG_subrange_type
	.long	235                             @ DW_AT_type
	.byte	8                               @ DW_AT_count
	.byte	0                               @ End Of Children Mark
	.byte	7                               @ Abbrev [7] 0x702:0x5 DW_TAG_pointer_type
	.long	1799                            @ DW_AT_type
	.byte	18                              @ Abbrev [18] 0x707:0x7 DW_TAG_subroutine_type
                                        @ DW_AT_prototyped
	.byte	9                               @ Abbrev [9] 0x708:0x5 DW_TAG_formal_parameter
	.long	1466                            @ DW_AT_type
	.byte	0                               @ End Of Children Mark
	.byte	5                               @ Abbrev [5] 0x70e:0x5 DW_TAG_const_type
	.long	286                             @ DW_AT_type
	.byte	7                               @ Abbrev [7] 0x713:0x5 DW_TAG_pointer_type
	.long	59                              @ DW_AT_type
	.byte	7                               @ Abbrev [7] 0x718:0x5 DW_TAG_pointer_type
	.long	1821                            @ DW_AT_type
	.byte	16                              @ Abbrev [16] 0x71d:0x53 DW_TAG_structure_type
	.long	.Linfo_string108                @ DW_AT_name
	.byte	12                              @ DW_AT_byte_size
	.byte	9                               @ DW_AT_decl_file
	.byte	238                             @ DW_AT_decl_line
	.byte	17                              @ Abbrev [17] 0x725:0xc DW_TAG_member
	.long	.Linfo_string29                 @ DW_AT_name
	.long	159                             @ DW_AT_type
	.byte	9                               @ DW_AT_decl_file
	.byte	241                             @ DW_AT_decl_line
	.byte	0                               @ DW_AT_data_member_location
	.byte	17                              @ Abbrev [17] 0x731:0xc DW_TAG_member
	.long	.Linfo_string105                @ DW_AT_name
	.long	787                             @ DW_AT_type
	.byte	9                               @ DW_AT_decl_file
	.byte	244                             @ DW_AT_decl_line
	.byte	2                               @ DW_AT_data_member_location
	.byte	17                              @ Abbrev [17] 0x73d:0xc DW_TAG_member
	.long	.Linfo_string106                @ DW_AT_name
	.long	475                             @ DW_AT_type
	.byte	9                               @ DW_AT_decl_file
	.byte	247                             @ DW_AT_decl_line
	.byte	3                               @ DW_AT_data_member_location
	.byte	17                              @ Abbrev [17] 0x749:0xc DW_TAG_member
	.long	.Linfo_string34                 @ DW_AT_name
	.long	787                             @ DW_AT_type
	.byte	9                               @ DW_AT_decl_file
	.byte	253                             @ DW_AT_decl_line
	.byte	4                               @ DW_AT_data_member_location
	.byte	23                              @ Abbrev [23] 0x755:0xd DW_TAG_member
	.long	.Linfo_string35                 @ DW_AT_name
	.long	909                             @ DW_AT_type
	.byte	9                               @ DW_AT_decl_file
	.short	256                             @ DW_AT_decl_line
	.byte	5                               @ DW_AT_data_member_location
	.byte	23                              @ Abbrev [23] 0x762:0xd DW_TAG_member
	.long	.Linfo_string107                @ DW_AT_name
	.long	475                             @ DW_AT_type
	.byte	9                               @ DW_AT_decl_file
	.short	259                             @ DW_AT_decl_line
	.byte	11                              @ DW_AT_data_member_location
	.byte	0                               @ End Of Children Mark
	.byte	7                               @ Abbrev [7] 0x770:0x5 DW_TAG_pointer_type
	.long	1909                            @ DW_AT_type
	.byte	26                              @ Abbrev [26] 0x775:0x5 DW_TAG_structure_type
	.long	.Linfo_string110                @ DW_AT_name
                                        @ DW_AT_declaration
	.byte	7                               @ Abbrev [7] 0x77a:0x5 DW_TAG_pointer_type
	.long	1919                            @ DW_AT_type
	.byte	6                               @ Abbrev [6] 0x77f:0xb DW_TAG_typedef
	.long	1930                            @ DW_AT_type
	.long	.Linfo_string195                @ DW_AT_name
	.byte	12                              @ DW_AT_decl_file
	.byte	78                              @ DW_AT_decl_line
	.byte	16                              @ Abbrev [16] 0x78a:0x21 DW_TAG_structure_type
	.long	.Linfo_string194                @ DW_AT_name
	.byte	2                               @ DW_AT_byte_size
	.byte	12                              @ DW_AT_decl_file
	.byte	70                              @ DW_AT_decl_line
	.byte	17                              @ Abbrev [17] 0x792:0xc DW_TAG_member
	.long	.Linfo_string112                @ DW_AT_name
	.long	1963                            @ DW_AT_type
	.byte	12                              @ DW_AT_decl_file
	.byte	73                              @ DW_AT_decl_line
	.byte	0                               @ DW_AT_data_member_location
	.byte	17                              @ Abbrev [17] 0x79e:0xc DW_TAG_member
	.long	.Linfo_string187                @ DW_AT_name
	.long	2420                            @ DW_AT_type
	.byte	12                              @ DW_AT_decl_file
	.byte	76                              @ DW_AT_decl_line
	.byte	1                               @ DW_AT_data_member_location
	.byte	0                               @ End Of Children Mark
	.byte	27                              @ Abbrev [27] 0x7ab:0x1c9 DW_TAG_enumeration_type
	.long	136                             @ DW_AT_type
	.long	.Linfo_string186                @ DW_AT_name
	.byte	1                               @ DW_AT_byte_size
	.byte	11                              @ DW_AT_decl_file
	.short	514                             @ DW_AT_decl_line
	.byte	11                              @ Abbrev [11] 0x7b8:0x6 DW_TAG_enumerator
	.long	.Linfo_string113                @ DW_AT_name
	.byte	0                               @ DW_AT_const_value
	.byte	11                              @ Abbrev [11] 0x7be:0x6 DW_TAG_enumerator
	.long	.Linfo_string114                @ DW_AT_name
	.byte	1                               @ DW_AT_const_value
	.byte	11                              @ Abbrev [11] 0x7c4:0x6 DW_TAG_enumerator
	.long	.Linfo_string115                @ DW_AT_name
	.byte	2                               @ DW_AT_const_value
	.byte	11                              @ Abbrev [11] 0x7ca:0x6 DW_TAG_enumerator
	.long	.Linfo_string116                @ DW_AT_name
	.byte	3                               @ DW_AT_const_value
	.byte	11                              @ Abbrev [11] 0x7d0:0x6 DW_TAG_enumerator
	.long	.Linfo_string117                @ DW_AT_name
	.byte	4                               @ DW_AT_const_value
	.byte	11                              @ Abbrev [11] 0x7d6:0x6 DW_TAG_enumerator
	.long	.Linfo_string118                @ DW_AT_name
	.byte	5                               @ DW_AT_const_value
	.byte	11                              @ Abbrev [11] 0x7dc:0x6 DW_TAG_enumerator
	.long	.Linfo_string119                @ DW_AT_name
	.byte	6                               @ DW_AT_const_value
	.byte	11                              @ Abbrev [11] 0x7e2:0x6 DW_TAG_enumerator
	.long	.Linfo_string120                @ DW_AT_name
	.byte	7                               @ DW_AT_const_value
	.byte	11                              @ Abbrev [11] 0x7e8:0x6 DW_TAG_enumerator
	.long	.Linfo_string121                @ DW_AT_name
	.byte	8                               @ DW_AT_const_value
	.byte	11                              @ Abbrev [11] 0x7ee:0x6 DW_TAG_enumerator
	.long	.Linfo_string122                @ DW_AT_name
	.byte	9                               @ DW_AT_const_value
	.byte	11                              @ Abbrev [11] 0x7f4:0x6 DW_TAG_enumerator
	.long	.Linfo_string123                @ DW_AT_name
	.byte	10                              @ DW_AT_const_value
	.byte	11                              @ Abbrev [11] 0x7fa:0x6 DW_TAG_enumerator
	.long	.Linfo_string124                @ DW_AT_name
	.byte	11                              @ DW_AT_const_value
	.byte	11                              @ Abbrev [11] 0x800:0x6 DW_TAG_enumerator
	.long	.Linfo_string125                @ DW_AT_name
	.byte	12                              @ DW_AT_const_value
	.byte	11                              @ Abbrev [11] 0x806:0x6 DW_TAG_enumerator
	.long	.Linfo_string126                @ DW_AT_name
	.byte	13                              @ DW_AT_const_value
	.byte	11                              @ Abbrev [11] 0x80c:0x6 DW_TAG_enumerator
	.long	.Linfo_string127                @ DW_AT_name
	.byte	14                              @ DW_AT_const_value
	.byte	11                              @ Abbrev [11] 0x812:0x6 DW_TAG_enumerator
	.long	.Linfo_string128                @ DW_AT_name
	.byte	15                              @ DW_AT_const_value
	.byte	11                              @ Abbrev [11] 0x818:0x6 DW_TAG_enumerator
	.long	.Linfo_string129                @ DW_AT_name
	.byte	16                              @ DW_AT_const_value
	.byte	11                              @ Abbrev [11] 0x81e:0x6 DW_TAG_enumerator
	.long	.Linfo_string130                @ DW_AT_name
	.byte	20                              @ DW_AT_const_value
	.byte	11                              @ Abbrev [11] 0x824:0x6 DW_TAG_enumerator
	.long	.Linfo_string131                @ DW_AT_name
	.byte	21                              @ DW_AT_const_value
	.byte	11                              @ Abbrev [11] 0x82a:0x6 DW_TAG_enumerator
	.long	.Linfo_string132                @ DW_AT_name
	.byte	22                              @ DW_AT_const_value
	.byte	11                              @ Abbrev [11] 0x830:0x6 DW_TAG_enumerator
	.long	.Linfo_string133                @ DW_AT_name
	.byte	23                              @ DW_AT_const_value
	.byte	11                              @ Abbrev [11] 0x836:0x6 DW_TAG_enumerator
	.long	.Linfo_string134                @ DW_AT_name
	.byte	24                              @ DW_AT_const_value
	.byte	11                              @ Abbrev [11] 0x83c:0x6 DW_TAG_enumerator
	.long	.Linfo_string135                @ DW_AT_name
	.byte	25                              @ DW_AT_const_value
	.byte	11                              @ Abbrev [11] 0x842:0x6 DW_TAG_enumerator
	.long	.Linfo_string136                @ DW_AT_name
	.byte	26                              @ DW_AT_const_value
	.byte	11                              @ Abbrev [11] 0x848:0x6 DW_TAG_enumerator
	.long	.Linfo_string137                @ DW_AT_name
	.byte	27                              @ DW_AT_const_value
	.byte	11                              @ Abbrev [11] 0x84e:0x6 DW_TAG_enumerator
	.long	.Linfo_string138                @ DW_AT_name
	.byte	28                              @ DW_AT_const_value
	.byte	11                              @ Abbrev [11] 0x854:0x6 DW_TAG_enumerator
	.long	.Linfo_string139                @ DW_AT_name
	.byte	29                              @ DW_AT_const_value
	.byte	11                              @ Abbrev [11] 0x85a:0x6 DW_TAG_enumerator
	.long	.Linfo_string140                @ DW_AT_name
	.byte	30                              @ DW_AT_const_value
	.byte	11                              @ Abbrev [11] 0x860:0x6 DW_TAG_enumerator
	.long	.Linfo_string141                @ DW_AT_name
	.byte	31                              @ DW_AT_const_value
	.byte	11                              @ Abbrev [11] 0x866:0x6 DW_TAG_enumerator
	.long	.Linfo_string142                @ DW_AT_name
	.byte	32                              @ DW_AT_const_value
	.byte	11                              @ Abbrev [11] 0x86c:0x6 DW_TAG_enumerator
	.long	.Linfo_string143                @ DW_AT_name
	.byte	33                              @ DW_AT_const_value
	.byte	11                              @ Abbrev [11] 0x872:0x6 DW_TAG_enumerator
	.long	.Linfo_string144                @ DW_AT_name
	.byte	34                              @ DW_AT_const_value
	.byte	11                              @ Abbrev [11] 0x878:0x6 DW_TAG_enumerator
	.long	.Linfo_string145                @ DW_AT_name
	.byte	35                              @ DW_AT_const_value
	.byte	11                              @ Abbrev [11] 0x87e:0x6 DW_TAG_enumerator
	.long	.Linfo_string146                @ DW_AT_name
	.byte	36                              @ DW_AT_const_value
	.byte	11                              @ Abbrev [11] 0x884:0x6 DW_TAG_enumerator
	.long	.Linfo_string147                @ DW_AT_name
	.byte	37                              @ DW_AT_const_value
	.byte	11                              @ Abbrev [11] 0x88a:0x6 DW_TAG_enumerator
	.long	.Linfo_string148                @ DW_AT_name
	.byte	38                              @ DW_AT_const_value
	.byte	11                              @ Abbrev [11] 0x890:0x6 DW_TAG_enumerator
	.long	.Linfo_string149                @ DW_AT_name
	.byte	39                              @ DW_AT_const_value
	.byte	11                              @ Abbrev [11] 0x896:0x6 DW_TAG_enumerator
	.long	.Linfo_string150                @ DW_AT_name
	.byte	40                              @ DW_AT_const_value
	.byte	11                              @ Abbrev [11] 0x89c:0x6 DW_TAG_enumerator
	.long	.Linfo_string151                @ DW_AT_name
	.byte	41                              @ DW_AT_const_value
	.byte	11                              @ Abbrev [11] 0x8a2:0x6 DW_TAG_enumerator
	.long	.Linfo_string152                @ DW_AT_name
	.byte	42                              @ DW_AT_const_value
	.byte	11                              @ Abbrev [11] 0x8a8:0x6 DW_TAG_enumerator
	.long	.Linfo_string153                @ DW_AT_name
	.byte	43                              @ DW_AT_const_value
	.byte	11                              @ Abbrev [11] 0x8ae:0x6 DW_TAG_enumerator
	.long	.Linfo_string154                @ DW_AT_name
	.byte	44                              @ DW_AT_const_value
	.byte	11                              @ Abbrev [11] 0x8b4:0x6 DW_TAG_enumerator
	.long	.Linfo_string155                @ DW_AT_name
	.byte	45                              @ DW_AT_const_value
	.byte	11                              @ Abbrev [11] 0x8ba:0x6 DW_TAG_enumerator
	.long	.Linfo_string156                @ DW_AT_name
	.byte	46                              @ DW_AT_const_value
	.byte	11                              @ Abbrev [11] 0x8c0:0x6 DW_TAG_enumerator
	.long	.Linfo_string157                @ DW_AT_name
	.byte	47                              @ DW_AT_const_value
	.byte	11                              @ Abbrev [11] 0x8c6:0x6 DW_TAG_enumerator
	.long	.Linfo_string158                @ DW_AT_name
	.byte	48                              @ DW_AT_const_value
	.byte	11                              @ Abbrev [11] 0x8cc:0x6 DW_TAG_enumerator
	.long	.Linfo_string159                @ DW_AT_name
	.byte	49                              @ DW_AT_const_value
	.byte	11                              @ Abbrev [11] 0x8d2:0x6 DW_TAG_enumerator
	.long	.Linfo_string160                @ DW_AT_name
	.byte	50                              @ DW_AT_const_value
	.byte	11                              @ Abbrev [11] 0x8d8:0x6 DW_TAG_enumerator
	.long	.Linfo_string161                @ DW_AT_name
	.byte	51                              @ DW_AT_const_value
	.byte	11                              @ Abbrev [11] 0x8de:0x6 DW_TAG_enumerator
	.long	.Linfo_string162                @ DW_AT_name
	.byte	52                              @ DW_AT_const_value
	.byte	11                              @ Abbrev [11] 0x8e4:0x6 DW_TAG_enumerator
	.long	.Linfo_string163                @ DW_AT_name
	.byte	53                              @ DW_AT_const_value
	.byte	11                              @ Abbrev [11] 0x8ea:0x6 DW_TAG_enumerator
	.long	.Linfo_string164                @ DW_AT_name
	.byte	54                              @ DW_AT_const_value
	.byte	11                              @ Abbrev [11] 0x8f0:0x6 DW_TAG_enumerator
	.long	.Linfo_string165                @ DW_AT_name
	.byte	55                              @ DW_AT_const_value
	.byte	11                              @ Abbrev [11] 0x8f6:0x6 DW_TAG_enumerator
	.long	.Linfo_string166                @ DW_AT_name
	.byte	56                              @ DW_AT_const_value
	.byte	11                              @ Abbrev [11] 0x8fc:0x6 DW_TAG_enumerator
	.long	.Linfo_string167                @ DW_AT_name
	.byte	57                              @ DW_AT_const_value
	.byte	11                              @ Abbrev [11] 0x902:0x6 DW_TAG_enumerator
	.long	.Linfo_string168                @ DW_AT_name
	.byte	58                              @ DW_AT_const_value
	.byte	11                              @ Abbrev [11] 0x908:0x6 DW_TAG_enumerator
	.long	.Linfo_string169                @ DW_AT_name
	.byte	59                              @ DW_AT_const_value
	.byte	11                              @ Abbrev [11] 0x90e:0x6 DW_TAG_enumerator
	.long	.Linfo_string170                @ DW_AT_name
	.byte	60                              @ DW_AT_const_value
	.byte	11                              @ Abbrev [11] 0x914:0x6 DW_TAG_enumerator
	.long	.Linfo_string171                @ DW_AT_name
	.byte	61                              @ DW_AT_const_value
	.byte	11                              @ Abbrev [11] 0x91a:0x6 DW_TAG_enumerator
	.long	.Linfo_string172                @ DW_AT_name
	.byte	62                              @ DW_AT_const_value
	.byte	11                              @ Abbrev [11] 0x920:0x6 DW_TAG_enumerator
	.long	.Linfo_string173                @ DW_AT_name
	.byte	63                              @ DW_AT_const_value
	.byte	11                              @ Abbrev [11] 0x926:0x6 DW_TAG_enumerator
	.long	.Linfo_string174                @ DW_AT_name
	.byte	64                              @ DW_AT_const_value
	.byte	11                              @ Abbrev [11] 0x92c:0x6 DW_TAG_enumerator
	.long	.Linfo_string175                @ DW_AT_name
	.byte	65                              @ DW_AT_const_value
	.byte	11                              @ Abbrev [11] 0x932:0x6 DW_TAG_enumerator
	.long	.Linfo_string176                @ DW_AT_name
	.byte	66                              @ DW_AT_const_value
	.byte	11                              @ Abbrev [11] 0x938:0x6 DW_TAG_enumerator
	.long	.Linfo_string177                @ DW_AT_name
	.byte	69                              @ DW_AT_const_value
	.byte	11                              @ Abbrev [11] 0x93e:0x6 DW_TAG_enumerator
	.long	.Linfo_string178                @ DW_AT_name
	.byte	70                              @ DW_AT_const_value
	.byte	11                              @ Abbrev [11] 0x944:0x6 DW_TAG_enumerator
	.long	.Linfo_string179                @ DW_AT_name
	.byte	67                              @ DW_AT_const_value
	.byte	11                              @ Abbrev [11] 0x94a:0x6 DW_TAG_enumerator
	.long	.Linfo_string180                @ DW_AT_name
	.byte	68                              @ DW_AT_const_value
	.byte	11                              @ Abbrev [11] 0x950:0x7 DW_TAG_enumerator
	.long	.Linfo_string181                @ DW_AT_name
	.ascii	"\240\001"                      @ DW_AT_const_value
	.byte	11                              @ Abbrev [11] 0x957:0x7 DW_TAG_enumerator
	.long	.Linfo_string182                @ DW_AT_name
	.ascii	"\374\001"                      @ DW_AT_const_value
	.byte	11                              @ Abbrev [11] 0x95e:0x7 DW_TAG_enumerator
	.long	.Linfo_string183                @ DW_AT_name
	.ascii	"\375\001"                      @ DW_AT_const_value
	.byte	11                              @ Abbrev [11] 0x965:0x7 DW_TAG_enumerator
	.long	.Linfo_string184                @ DW_AT_name
	.ascii	"\376\001"                      @ DW_AT_const_value
	.byte	11                              @ Abbrev [11] 0x96c:0x7 DW_TAG_enumerator
	.long	.Linfo_string185                @ DW_AT_name
	.ascii	"\377\001"                      @ DW_AT_const_value
	.byte	0                               @ End Of Children Mark
	.byte	6                               @ Abbrev [6] 0x974:0xb DW_TAG_typedef
	.long	2431                            @ DW_AT_type
	.long	.Linfo_string193                @ DW_AT_name
	.byte	12                              @ DW_AT_decl_file
	.byte	67                              @ DW_AT_decl_line
	.byte	10                              @ Abbrev [10] 0x97f:0x2b DW_TAG_enumeration_type
	.long	136                             @ DW_AT_type
	.long	.Linfo_string111                @ DW_AT_name
	.byte	1                               @ DW_AT_byte_size
	.byte	12                              @ DW_AT_decl_file
	.byte	55                              @ DW_AT_decl_line
	.byte	11                              @ Abbrev [11] 0x98b:0x6 DW_TAG_enumerator
	.long	.Linfo_string188                @ DW_AT_name
	.byte	0                               @ DW_AT_const_value
	.byte	11                              @ Abbrev [11] 0x991:0x6 DW_TAG_enumerator
	.long	.Linfo_string189                @ DW_AT_name
	.byte	4                               @ DW_AT_const_value
	.byte	11                              @ Abbrev [11] 0x997:0x6 DW_TAG_enumerator
	.long	.Linfo_string190                @ DW_AT_name
	.byte	8                               @ DW_AT_const_value
	.byte	11                              @ Abbrev [11] 0x99d:0x6 DW_TAG_enumerator
	.long	.Linfo_string191                @ DW_AT_name
	.byte	12                              @ DW_AT_const_value
	.byte	11                              @ Abbrev [11] 0x9a3:0x6 DW_TAG_enumerator
	.long	.Linfo_string192                @ DW_AT_name
	.byte	16                              @ DW_AT_const_value
	.byte	0                               @ End Of Children Mark
	.byte	28                              @ Abbrev [28] 0x9aa:0x11 DW_TAG_variable
	.long	.Linfo_string26                 @ DW_AT_name
	.long	487                             @ DW_AT_type
	.byte	13                              @ DW_AT_decl_file
	.byte	63                              @ DW_AT_decl_line
	.byte	5                               @ DW_AT_location
	.byte	3
	.long	user_app_callbacks
	.byte	0                               @ End Of Children Mark
.Ldebug_info_end0:
	.section	.debug_str,"MS",%progbits,1
.Linfo_string0:
	.asciz	"Component: Arm Compiler for Embedded 6.23 Tool: armclang [5f103000]" @ string offset=0
.Linfo_string1:
	.asciz	"../../../../../sdk/app_modules/src/app_entry\\app_entry_point.c" @ string offset=68
.Linfo_string2:
	.asciz	"C:\\Users\\teodor\\Desktop\\stem\\codeless\\6.0.24.1464\\projects\\target_apps\\ble_examples\\empty_peripheral_template\\Keil_5" @ string offset=131
.Linfo_string3:
	.asciz	"app_process_handlers"          @ string offset=248
.Linfo_string4:
	.asciz	"unsigned char"                 @ string offset=269
.Linfo_string5:
	.asciz	"PR_EVENT_HANDLED"              @ string offset=283
.Linfo_string6:
	.asciz	"PR_EVENT_UNHANDLED"            @ string offset=300
.Linfo_string7:
	.asciz	"process_event_response"        @ string offset=319
.Linfo_string8:
	.asciz	"unsigned short"                @ string offset=342
.Linfo_string9:
	.asciz	"uint16_t"                      @ string offset=357
.Linfo_string10:
	.asciz	"ke_msg_id_t"                   @ string offset=366
.Linfo_string11:
	.asciz	"ke_task_id_t"                  @ string offset=378
.Linfo_string12:
	.asciz	"KE_MSG_CONSUMED"               @ string offset=391
.Linfo_string13:
	.asciz	"KE_MSG_NO_FREE"                @ string offset=407
.Linfo_string14:
	.asciz	"KE_MSG_SAVED"                  @ string offset=422
.Linfo_string15:
	.asciz	"ke_msg_status_tag"             @ string offset=435
.Linfo_string16:
	.asciz	"process_event_func_t"          @ string offset=453
.Linfo_string17:
	.asciz	"__ARRAY_SIZE_TYPE__"           @ string offset=474
.Linfo_string18:
	.asciz	"catch_rest"                    @ string offset=494
.Linfo_string19:
	.asciz	"cb"                            @ string offset=505
.Linfo_string20:
	.asciz	"catch_rest_event_func_t"       @ string offset=508
.Linfo_string21:
	.asciz	"app_entry_catch_rest"          @ string offset=532
.Linfo_string22:
	.asciz	"rom_app_task_cfg"              @ string offset=553
.Linfo_string23:
	.asciz	"app_easy_gap_dev_configure"    @ string offset=570
.Linfo_string24:
	.asciz	"app_db_init_next"              @ string offset=597
.Linfo_string25:
	.asciz	"_Bool"                         @ string offset=614
.Linfo_string26:
	.asciz	"user_app_callbacks"            @ string offset=620
.Linfo_string27:
	.asciz	"app_on_connection"             @ string offset=639
.Linfo_string28:
	.asciz	"uint8_t"                       @ string offset=657
.Linfo_string29:
	.asciz	"conhdl"                        @ string offset=665
.Linfo_string30:
	.asciz	"con_interval"                  @ string offset=672
.Linfo_string31:
	.asciz	"con_latency"                   @ string offset=685
.Linfo_string32:
	.asciz	"sup_to"                        @ string offset=697
.Linfo_string33:
	.asciz	"clk_accuracy"                  @ string offset=704
.Linfo_string34:
	.asciz	"peer_addr_type"                @ string offset=717
.Linfo_string35:
	.asciz	"peer_addr"                     @ string offset=732
.Linfo_string36:
	.asciz	"addr"                          @ string offset=742
.Linfo_string37:
	.asciz	"bd_addr"                       @ string offset=747
.Linfo_string38:
	.asciz	"gapc_connection_req_ind"       @ string offset=755
.Linfo_string39:
	.asciz	"app_on_disconnect"             @ string offset=779
.Linfo_string40:
	.asciz	"reason"                        @ string offset=797
.Linfo_string41:
	.asciz	"gapc_disconnect_ind"           @ string offset=804
.Linfo_string42:
	.asciz	"app_on_update_params_rejected" @ string offset=824
.Linfo_string43:
	.asciz	"app_on_update_params_complete" @ string offset=854
.Linfo_string44:
	.asciz	"app_on_set_dev_config_complete" @ string offset=884
.Linfo_string45:
	.asciz	"app_on_adv_nonconn_complete"   @ string offset=915
.Linfo_string46:
	.asciz	"app_on_adv_undirect_complete"  @ string offset=943
.Linfo_string47:
	.asciz	"app_on_adv_direct_complete"    @ string offset=972
.Linfo_string48:
	.asciz	"app_on_db_init_complete"       @ string offset=999
.Linfo_string49:
	.asciz	"app_on_scanning_completed"     @ string offset=1023
.Linfo_string50:
	.asciz	"app_on_adv_report_ind"         @ string offset=1049
.Linfo_string51:
	.asciz	"report"                        @ string offset=1071
.Linfo_string52:
	.asciz	"evt_type"                      @ string offset=1078
.Linfo_string53:
	.asciz	"adv_addr_type"                 @ string offset=1087
.Linfo_string54:
	.asciz	"adv_addr"                      @ string offset=1101
.Linfo_string55:
	.asciz	"data_len"                      @ string offset=1110
.Linfo_string56:
	.asciz	"data"                          @ string offset=1119
.Linfo_string57:
	.asciz	"rssi"                          @ string offset=1124
.Linfo_string58:
	.asciz	"adv_report"                    @ string offset=1129
.Linfo_string59:
	.asciz	"gapm_adv_report_ind"           @ string offset=1140
.Linfo_string60:
	.asciz	"app_on_connect_failed"         @ string offset=1160
.Linfo_string61:
	.asciz	"app_on_get_dev_name"           @ string offset=1182
.Linfo_string62:
	.asciz	"length"                        @ string offset=1202
.Linfo_string63:
	.asciz	"name"                          @ string offset=1209
.Linfo_string64:
	.asciz	"app_device_name"               @ string offset=1214
.Linfo_string65:
	.asciz	"app_on_get_dev_appearance"     @ string offset=1230
.Linfo_string66:
	.asciz	"app_on_get_dev_slv_pref_params" @ string offset=1256
.Linfo_string67:
	.asciz	"con_intv_min"                  @ string offset=1287
.Linfo_string68:
	.asciz	"con_intv_max"                  @ string offset=1300
.Linfo_string69:
	.asciz	"slave_latency"                 @ string offset=1313
.Linfo_string70:
	.asciz	"conn_timeout"                  @ string offset=1327
.Linfo_string71:
	.asciz	"gap_slv_pref"                  @ string offset=1340
.Linfo_string72:
	.asciz	"app_on_set_dev_info"           @ string offset=1353
.Linfo_string73:
	.asciz	"req"                           @ string offset=1373
.Linfo_string74:
	.asciz	"info"                          @ string offset=1377
.Linfo_string75:
	.asciz	"value"                         @ string offset=1382
.Linfo_string76:
	.asciz	"gap_dev_name"                  @ string offset=1388
.Linfo_string77:
	.asciz	"appearance"                    @ string offset=1401
.Linfo_string78:
	.asciz	"gapc_set_dev_info"             @ string offset=1412
.Linfo_string79:
	.asciz	"gapc_set_dev_info_req_ind"     @ string offset=1430
.Linfo_string80:
	.asciz	"app_on_data_length_change"     @ string offset=1456
.Linfo_string81:
	.asciz	"max_tx_octets"                 @ string offset=1482
.Linfo_string82:
	.asciz	"max_tx_time"                   @ string offset=1496
.Linfo_string83:
	.asciz	"max_rx_octets"                 @ string offset=1508
.Linfo_string84:
	.asciz	"max_rx_time"                   @ string offset=1522
.Linfo_string85:
	.asciz	"gapc_le_pkt_size_ind"          @ string offset=1534
.Linfo_string86:
	.asciz	"app_on_update_params_request"  @ string offset=1555
.Linfo_string87:
	.asciz	"intv_min"                      @ string offset=1584
.Linfo_string88:
	.asciz	"intv_max"                      @ string offset=1593
.Linfo_string89:
	.asciz	"latency"                       @ string offset=1602
.Linfo_string90:
	.asciz	"time_out"                      @ string offset=1610
.Linfo_string91:
	.asciz	"gapc_param_update_req_ind"     @ string offset=1619
.Linfo_string92:
	.asciz	"accept"                        @ string offset=1645
.Linfo_string93:
	.asciz	"ce_len_min"                    @ string offset=1652
.Linfo_string94:
	.asciz	"ce_len_max"                    @ string offset=1663
.Linfo_string95:
	.asciz	"gapc_param_update_cfm"         @ string offset=1674
.Linfo_string96:
	.asciz	"app_on_generate_static_random_addr" @ string offset=1696
.Linfo_string97:
	.asciz	"app_on_svc_changed_cfg_ind"    @ string offset=1731
.Linfo_string98:
	.asciz	"app_on_get_peer_features"      @ string offset=1758
.Linfo_string99:
	.asciz	"features"                      @ string offset=1783
.Linfo_string100:
	.asciz	"gapc_peer_features_ind"        @ string offset=1792
.Linfo_string101:
	.asciz	"app_on_provide_local_irk"      @ string offset=1815
.Linfo_string102:
	.asciz	"app_callbacks"                 @ string offset=1840
.Linfo_string103:
	.asciz	"catch_rest_func"               @ string offset=1854
.Linfo_string104:
	.asciz	"app_env"                       @ string offset=1870
.Linfo_string105:
	.asciz	"conidx"                        @ string offset=1878
.Linfo_string106:
	.asciz	"connection_active"             @ string offset=1885
.Linfo_string107:
	.asciz	"pairing_in_progress"           @ string offset=1903
.Linfo_string108:
	.asciz	"app_env_tag"                   @ string offset=1923
.Linfo_string109:
	.asciz	"app_sec_env"                   @ string offset=1935
.Linfo_string110:
	.asciz	"app_sec_bond_data_env_tag"     @ string offset=1947
.Linfo_string111:
	.asciz	"app_prf_srv_perm"              @ string offset=1973
.Linfo_string112:
	.asciz	"task_id"                       @ string offset=1990
.Linfo_string113:
	.asciz	"TASK_ID_LLM"                   @ string offset=1998
.Linfo_string114:
	.asciz	"TASK_ID_LLC"                   @ string offset=2010
.Linfo_string115:
	.asciz	"TASK_ID_LLD"                   @ string offset=2022
.Linfo_string116:
	.asciz	"TASK_ID_DBG"                   @ string offset=2034
.Linfo_string117:
	.asciz	"TASK_ID_LM"                    @ string offset=2046
.Linfo_string118:
	.asciz	"TASK_ID_LC"                    @ string offset=2057
.Linfo_string119:
	.asciz	"TASK_ID_LB"                    @ string offset=2068
.Linfo_string120:
	.asciz	"TASK_ID_LD"                    @ string offset=2079
.Linfo_string121:
	.asciz	"TASK_ID_HCI"                   @ string offset=2090
.Linfo_string122:
	.asciz	"TASK_ID_DISPLAY"               @ string offset=2102
.Linfo_string123:
	.asciz	"TASK_ID_L2CC"                  @ string offset=2118
.Linfo_string124:
	.asciz	"TASK_ID_GATTM"                 @ string offset=2131
.Linfo_string125:
	.asciz	"TASK_ID_GATTC"                 @ string offset=2145
.Linfo_string126:
	.asciz	"TASK_ID_GAPM"                  @ string offset=2159
.Linfo_string127:
	.asciz	"TASK_ID_GAPC"                  @ string offset=2172
.Linfo_string128:
	.asciz	"TASK_ID_APP"                   @ string offset=2185
.Linfo_string129:
	.asciz	"TASK_ID_GTL"                   @ string offset=2197
.Linfo_string130:
	.asciz	"TASK_ID_DISS"                  @ string offset=2209
.Linfo_string131:
	.asciz	"TASK_ID_DISC"                  @ string offset=2222
.Linfo_string132:
	.asciz	"TASK_ID_PROXM"                 @ string offset=2235
.Linfo_string133:
	.asciz	"TASK_ID_PROXR"                 @ string offset=2249
.Linfo_string134:
	.asciz	"TASK_ID_FINDL"                 @ string offset=2263
.Linfo_string135:
	.asciz	"TASK_ID_FINDT"                 @ string offset=2277
.Linfo_string136:
	.asciz	"TASK_ID_HTPC"                  @ string offset=2291
.Linfo_string137:
	.asciz	"TASK_ID_HTPT"                  @ string offset=2304
.Linfo_string138:
	.asciz	"TASK_ID_BLPS"                  @ string offset=2317
.Linfo_string139:
	.asciz	"TASK_ID_BLPC"                  @ string offset=2330
.Linfo_string140:
	.asciz	"TASK_ID_HRPS"                  @ string offset=2343
.Linfo_string141:
	.asciz	"TASK_ID_HRPC"                  @ string offset=2356
.Linfo_string142:
	.asciz	"TASK_ID_TIPS"                  @ string offset=2369
.Linfo_string143:
	.asciz	"TASK_ID_TIPC"                  @ string offset=2382
.Linfo_string144:
	.asciz	"TASK_ID_SCPPS"                 @ string offset=2395
.Linfo_string145:
	.asciz	"TASK_ID_SCPPC"                 @ string offset=2409
.Linfo_string146:
	.asciz	"TASK_ID_BASS"                  @ string offset=2423
.Linfo_string147:
	.asciz	"TASK_ID_BASC"                  @ string offset=2436
.Linfo_string148:
	.asciz	"TASK_ID_HOGPD"                 @ string offset=2449
.Linfo_string149:
	.asciz	"TASK_ID_HOGPBH"                @ string offset=2463
.Linfo_string150:
	.asciz	"TASK_ID_HOGPRH"                @ string offset=2478
.Linfo_string151:
	.asciz	"TASK_ID_GLPS"                  @ string offset=2493
.Linfo_string152:
	.asciz	"TASK_ID_GLPC"                  @ string offset=2506
.Linfo_string153:
	.asciz	"TASK_ID_RSCPS"                 @ string offset=2519
.Linfo_string154:
	.asciz	"TASK_ID_RSCPC"                 @ string offset=2533
.Linfo_string155:
	.asciz	"TASK_ID_CSCPS"                 @ string offset=2547
.Linfo_string156:
	.asciz	"TASK_ID_CSCPC"                 @ string offset=2561
.Linfo_string157:
	.asciz	"TASK_ID_ANPS"                  @ string offset=2575
.Linfo_string158:
	.asciz	"TASK_ID_ANPC"                  @ string offset=2588
.Linfo_string159:
	.asciz	"TASK_ID_PASPS"                 @ string offset=2601
.Linfo_string160:
	.asciz	"TASK_ID_PASPC"                 @ string offset=2615
.Linfo_string161:
	.asciz	"TASK_ID_CPPS"                  @ string offset=2629
.Linfo_string162:
	.asciz	"TASK_ID_CPPC"                  @ string offset=2642
.Linfo_string163:
	.asciz	"TASK_ID_LANS"                  @ string offset=2655
.Linfo_string164:
	.asciz	"TASK_ID_LANC"                  @ string offset=2668
.Linfo_string165:
	.asciz	"TASK_ID_BMSS"                  @ string offset=2681
.Linfo_string166:
	.asciz	"TASK_ID_BMSC"                  @ string offset=2694
.Linfo_string167:
	.asciz	"TASK_ID_BCSS"                  @ string offset=2707
.Linfo_string168:
	.asciz	"TASK_ID_BCSC"                  @ string offset=2720
.Linfo_string169:
	.asciz	"TASK_ID_UDSS"                  @ string offset=2733
.Linfo_string170:
	.asciz	"TASK_ID_UDSC"                  @ string offset=2746
.Linfo_string171:
	.asciz	"TASK_ID_WSSS"                  @ string offset=2759
.Linfo_string172:
	.asciz	"TASK_ID_WSSC"                  @ string offset=2772
.Linfo_string173:
	.asciz	"TASK_ID_CTSS"                  @ string offset=2785
.Linfo_string174:
	.asciz	"TASK_ID_CTSC"                  @ string offset=2798
.Linfo_string175:
	.asciz	"TASK_ID_ANCC"                  @ string offset=2811
.Linfo_string176:
	.asciz	"TASK_ID_GATT_CLIENT"           @ string offset=2824
.Linfo_string177:
	.asciz	"TASK_ID_CGMS"                  @ string offset=2844
.Linfo_string178:
	.asciz	"TASK_ID_CGMC"                  @ string offset=2857
.Linfo_string179:
	.asciz	"TASK_ID_PLXS"                  @ string offset=2870
.Linfo_string180:
	.asciz	"TASK_ID_PLXC"                  @ string offset=2883
.Linfo_string181:
	.asciz	"TASK_ID_FSP_EXT"               @ string offset=2896
.Linfo_string182:
	.asciz	"TASK_ID_SUOTAR"                @ string offset=2912
.Linfo_string183:
	.asciz	"TASK_ID_CUSTS1"                @ string offset=2927
.Linfo_string184:
	.asciz	"TASK_ID_CUSTS2"                @ string offset=2942
.Linfo_string185:
	.asciz	"TASK_ID_INVALID"               @ string offset=2957
.Linfo_string186:
	.asciz	"KE_API_ID"                     @ string offset=2973
.Linfo_string187:
	.asciz	"perm"                          @ string offset=2983
.Linfo_string188:
	.asciz	"SRV_PERM_DISABLE"              @ string offset=2988
.Linfo_string189:
	.asciz	"SRV_PERM_ENABLE"               @ string offset=3005
.Linfo_string190:
	.asciz	"SRV_PERM_UNAUTH"               @ string offset=3021
.Linfo_string191:
	.asciz	"SRV_PERM_AUTH"                 @ string offset=3037
.Linfo_string192:
	.asciz	"SRV_PERM_SECURE"               @ string offset=3051
.Linfo_string193:
	.asciz	"app_prf_srv_perm_t"            @ string offset=3067
.Linfo_string194:
	.asciz	"app_prf_srv_sec"               @ string offset=3086
.Linfo_string195:
	.asciz	"app_prf_srv_sec_t"             @ string offset=3102
.Linfo_string196:
	.asciz	"rom_app_task_cfg_t"            @ string offset=3120
	.ident	"Component: Arm Compiler for Embedded 6.23 Tool: armclang [5f103000]"
	.section	".note.GNU-stack","",%progbits
	.ARM_attribute	16, 1	@ Tag_AV_eba
	.section	.debug_line,"",%progbits
.Lline_table_start0:
