	.text
	.syntax unified
	.eabi_attribute	67, "2.09"	@ Tag_conformance
	.cpu	cortex-m0plus
	.eabi_attribute	6, 12	@ Tag_CPU_arch
	.eabi_attribute	7, 77	@ Tag_CPU_arch_profile
	.eabi_attribute	8, 0	@ Tag_ARM_ISA_use
	.eabi_attribute	9, 1	@ Tag_THUMB_ISA_use
	.eabi_attribute	34, 0	@ Tag_CPU_unaligned_access
	.eabi_attribute	17, 1	@ Tag_ABI_PCS_GOT_use
	.eabi_attribute	20, 2	@ Tag_ABI_FP_denormal
	.eabi_attribute	21, 0	@ Tag_ABI_FP_exceptions
	.eabi_attribute	23, 1	@ Tag_ABI_FP_number_model
	.eabi_attribute	24, 1	@ Tag_ABI_align_needed
	.eabi_attribute	25, 1	@ Tag_ABI_align_preserved
	.eabi_attribute	38, 1	@ Tag_ABI_FP_16bit_format
	.eabi_attribute	18, 2	@ Tag_ABI_PCS_wchar_t
	.eabi_attribute	26, 1	@ Tag_ABI_enum_size
	.eabi_attribute	14, 0	@ Tag_ABI_PCS_R9_use
	.file	"app_default_handlers.c"
	.file	1 "C:\\Users\\teodor\\Desktop\\stem\\codeless\\6.0.24.1464\\projects\\target_apps\\ble_examples\\empty_peripheral_template\\Keil_5" "./../../../../../sdk/platform/arch\\arch_api.h"
	.file	2 "C:\\Users\\teodor\\Desktop\\stem\\codeless\\6.0.24.1464\\projects\\target_apps\\ble_examples\\empty_peripheral_template\\Keil_5" "./../src/config\\user_config.h"
	.file	3 "C:\\Users\\teodor\\Desktop\\stem\\codeless\\6.0.24.1464\\projects\\target_apps\\ble_examples\\empty_peripheral_template\\Keil_5" "../../../../../sdk/app_modules/src/app_default_hnd/app_default_handlers.c"
	.file	4 "C:\\Users\\teodor\\Desktop\\stem\\codeless\\6.0.24.1464\\projects\\target_apps\\ble_examples\\empty_peripheral_template\\Keil_5" "./../../../../../sdk/app_modules/api\\app_default_handlers.h"
	.file	5 "C:\\Users\\teodor\\Desktop\\stem\\codeless\\6.0.24.1464\\projects\\target_apps\\ble_examples\\empty_peripheral_template\\Keil_5" "./../src/config\\user_callback_config.h"
	.file	6 "C:\\Users\\teodor" "AppData\\Local\\Keil_v5\\ARM\\ARMCLANG\\bin\\..\\include\\stdint.h"
	.file	7 "C:\\Users\\teodor\\Desktop\\stem\\codeless\\6.0.24.1464\\projects\\target_apps\\ble_examples\\empty_peripheral_template\\Keil_5" "./../../../../../sdk/app_modules/api\\app_utils.h"
	.file	8 "C:\\Users\\teodor\\Desktop\\stem\\codeless\\6.0.24.1464\\projects\\target_apps\\ble_examples\\empty_peripheral_template\\Keil_5" "./../../../../../sdk/ble_stack/host/gap/gapc\\gapc_task.h"
	.file	9 "C:\\Users\\teodor\\Desktop\\stem\\codeless\\6.0.24.1464\\projects\\target_apps\\ble_examples\\empty_peripheral_template\\Keil_5" "./../../../../../sdk/ble_stack/rwble_hl\\rwble_hl_error.h"
	.file	10 "C:\\Users\\teodor\\Desktop\\stem\\codeless\\6.0.24.1464\\projects\\target_apps\\ble_examples\\empty_peripheral_template\\Keil_5" "./../../../../../sdk/ble_stack/host/gap\\gap.h"
	.file	11 "C:\\Users\\teodor\\Desktop\\stem\\codeless\\6.0.24.1464\\projects\\target_apps\\ble_examples\\empty_peripheral_template\\Keil_5" "./../../../../../sdk/platform/driver/hw_otpc\\hw_otpc_531.h"
	.hidden	default_advertise_operation     @ -- Begin function default_advertise_operation
	.globl	default_advertise_operation
	.p2align	1
	.type	default_advertise_operation,%function
	.code	16                              @ @default_advertise_operation
	.thumb_func
default_advertise_operation:
.Lfunc_begin0:
	.loc	3 109 0                         @ ../../../../../sdk/app_modules/src/app_default_hnd/app_default_handlers.c:109:0
	.fnstart
	.cfi_sections .debug_frame
	.cfi_startproc
@ %bb.0:
	.save	{r7, lr}
	push	{r7, lr}
	.cfi_def_cfa_offset 8
	.cfi_offset lr, -4
	.cfi_offset r7, -8
.Ltmp0:
	.loc	3 112 9 prologue_end            @ ../../../../../sdk/app_modules/src/app_default_hnd/app_default_handlers.c:112:9
	bl	app_easy_gap_undirected_advertise_start
.Ltmp1:
	.loc	3 118 1 epilogue_begin          @ ../../../../../sdk/app_modules/src/app_default_hnd/app_default_handlers.c:118:1
	pop	{r7, pc}
.Ltmp2:
.Lfunc_end0:
	.size	default_advertise_operation, .Lfunc_end0-default_advertise_operation
	.cfi_endproc
	.cantunwind
	.fnend
                                        @ -- End function
	.hidden	default_app_on_init             @ -- Begin function default_app_on_init
	.globl	default_app_on_init
	.p2align	1
	.type	default_app_on_init,%function
	.code	16                              @ @default_app_on_init
	.thumb_func
default_app_on_init:
.Lfunc_begin1:
	.loc	3 121 0                         @ ../../../../../sdk/app_modules/src/app_default_hnd/app_default_handlers.c:121:0
	.fnstart
	.cfi_startproc
@ %bb.0:
	.save	{r7, lr}
	push	{r7, lr}
	.cfi_def_cfa_offset 8
	.cfi_offset lr, -4
	.cfi_offset r7, -8
.Ltmp3:
	.loc	3 139 5 prologue_end            @ ../../../../../sdk/app_modules/src/app_default_hnd/app_default_handlers.c:139:5
	bl	app_dis_init
.Ltmp4:
	.loc	3 219 5                         @ ../../../../../sdk/app_modules/src/app_default_hnd/app_default_handlers.c:219:5
	bl	prf_init_srv_perm
.Ltmp5:
	.loc	3 0 5 is_stmt 0                 @ ../../../../../sdk/app_modules/src/app_default_hnd/app_default_handlers.c:0:5
	movs	r0, #0
	.loc	3 222 5 is_stmt 1               @ ../../../../../sdk/app_modules/src/app_default_hnd/app_default_handlers.c:222:5
	bl	arch_set_sleep_mode
.Ltmp6:
	.loc	3 223 1 epilogue_begin          @ ../../../../../sdk/app_modules/src/app_default_hnd/app_default_handlers.c:223:1
	pop	{r7, pc}
.Ltmp7:
.Lfunc_end1:
	.size	default_app_on_init, .Lfunc_end1-default_app_on_init
	.cfi_endproc
	.cantunwind
	.fnend
                                        @ -- End function
	.hidden	default_app_on_connection       @ -- Begin function default_app_on_connection
	.globl	default_app_on_connection
	.p2align	2
	.type	default_app_on_connection,%function
	.code	16                              @ @default_app_on_connection
	.thumb_func
default_app_on_connection:
.Lfunc_begin2:
	.loc	3 226 0                         @ ../../../../../sdk/app_modules/src/app_default_hnd/app_default_handlers.c:226:0
	.fnstart
	.cfi_startproc
@ %bb.0:
	@DEBUG_VALUE: default_app_on_connection:conidx <- $r0
	@DEBUG_VALUE: default_app_on_connection:param <- $r1
	.save	{r7, lr}
	push	{r7, lr}
	.cfi_def_cfa_offset 8
	.cfi_offset lr, -4
	.cfi_offset r7, -8
	movs	r1, #12
.Ltmp8:
	@DEBUG_VALUE: default_app_on_connection:param <- [DW_OP_LLVM_entry_value 1] $r1
	.loc	3 227 25 prologue_end           @ ../../../../../sdk/app_modules/src/app_default_hnd/app_default_handlers.c:227:25
	muls	r1, r0, r1
	ldr	r2, __arm_cp.2_0
	adds	r1, r2, r1
	ldrb	r1, [r1, #2]
.Ltmp9:
	.loc	3 227 9 is_stmt 0               @ ../../../../../sdk/app_modules/src/app_default_hnd/app_default_handlers.c:227:9
	cmp	r1, #255
	beq	.LBB2_2
.Ltmp10:
@ %bb.1:
	@DEBUG_VALUE: default_app_on_connection:param <- [DW_OP_LLVM_entry_value 1] $r1
	@DEBUG_VALUE: default_app_on_connection:conidx <- $r0
	.loc	3 235 9 is_stmt 1               @ ../../../../../sdk/app_modules/src/app_default_hnd/app_default_handlers.c:235:9
	bl	app_prf_enable
.Ltmp11:
	@DEBUG_VALUE: default_app_on_connection:conidx <- [DW_OP_LLVM_entry_value 1] $r0
	.loc	3 249 1 epilogue_begin          @ ../../../../../sdk/app_modules/src/app_default_hnd/app_default_handlers.c:249:1
	pop	{r7, pc}
.Ltmp12:
.LBB2_2:
	@DEBUG_VALUE: default_app_on_connection:param <- [DW_OP_LLVM_entry_value 1] $r1
	@DEBUG_VALUE: default_app_on_connection:conidx <- $r0
	.loc	3 247 8                         @ ../../../../../sdk/app_modules/src/app_default_hnd/app_default_handlers.c:247:8
	bl	user_app_adv_start
.Ltmp13:
	@DEBUG_VALUE: default_app_on_connection:conidx <- [DW_OP_LLVM_entry_value 1] $r0
	.loc	3 249 1 epilogue_begin          @ ../../../../../sdk/app_modules/src/app_default_hnd/app_default_handlers.c:249:1
	pop	{r7, pc}
.Ltmp14:
	.loc	3 0 1 is_stmt 0                 @ :0:1
.Ltmp15:
	.p2align	2
@ %bb.3:
__arm_cp.2_0:
	.long	app_env
.Lcpi_end0:
	.size	__arm_cp.2_0, .Lcpi_end0-__arm_cp.2_0
.Lfunc_end2:
	.size	default_app_on_connection, .Lfunc_end2-default_app_on_connection
	.cfi_endproc
	.cantunwind
	.fnend
                                        @ -- End function
	.hidden	default_app_on_disconnect       @ -- Begin function default_app_on_disconnect
	.globl	default_app_on_disconnect
	.p2align	1
	.type	default_app_on_disconnect,%function
	.code	16                              @ @default_app_on_disconnect
	.thumb_func
default_app_on_disconnect:
.Lfunc_begin3:
	.loc	3 251 0 is_stmt 1               @ ../../../../../sdk/app_modules/src/app_default_hnd/app_default_handlers.c:251:0
	.fnstart
	.cfi_startproc
@ %bb.0:
	@DEBUG_VALUE: default_app_on_disconnect:param <- $r0
	.save	{r7, lr}
	push	{r7, lr}
	.cfi_def_cfa_offset 8
	.cfi_offset lr, -4
	.cfi_offset r7, -8
.Ltmp16:
	.loc	3 253 5 prologue_end            @ ../../../../../sdk/app_modules/src/app_default_hnd/app_default_handlers.c:253:5
	bl	user_app_adv_start
.Ltmp17:
	@DEBUG_VALUE: default_app_on_disconnect:param <- [DW_OP_LLVM_entry_value 1] $r0
	.loc	3 254 1 epilogue_begin          @ ../../../../../sdk/app_modules/src/app_default_hnd/app_default_handlers.c:254:1
	pop	{r7, pc}
.Ltmp18:
.Lfunc_end3:
	.size	default_app_on_disconnect, .Lfunc_end3-default_app_on_disconnect
	.cfi_endproc
	.cantunwind
	.fnend
                                        @ -- End function
	.hidden	default_app_on_set_dev_config_complete @ -- Begin function default_app_on_set_dev_config_complete
	.globl	default_app_on_set_dev_config_complete
	.p2align	1
	.type	default_app_on_set_dev_config_complete,%function
	.code	16                              @ @default_app_on_set_dev_config_complete
	.thumb_func
default_app_on_set_dev_config_complete:
.Lfunc_begin4:
	.loc	3 257 0                         @ ../../../../../sdk/app_modules/src/app_default_hnd/app_default_handlers.c:257:0
	.fnstart
	.cfi_startproc
@ %bb.0:
	.save	{r7, lr}
	push	{r7, lr}
	.cfi_def_cfa_offset 8
	.cfi_offset lr, -4
	.cfi_offset r7, -8
.Ltmp19:
	.file	12 "C:\\Users\\teodor\\Desktop\\stem\\codeless\\6.0.24.1464\\projects\\target_apps\\ble_examples\\empty_peripheral_template\\Keil_5" "./../../../../../sdk/app_modules/api\\app.h"
	.loc	12 317 12 prologue_end          @ ./../../../../../sdk/app_modules/api\app.h:317:12
	bl	app_db_init_start
.Ltmp20:
	.loc	3 273 9                         @ ../../../../../sdk/app_modules/src/app_default_hnd/app_default_handlers.c:273:9
	cmp	r0, #0
	beq	.LBB4_2
@ %bb.1:
.Ltmp21:
	.loc	3 276 9                         @ ../../../../../sdk/app_modules/src/app_default_hnd/app_default_handlers.c:276:9
	bl	user_app_adv_start
.Ltmp22:
.LBB4_2:
	.loc	3 278 1 epilogue_begin          @ ../../../../../sdk/app_modules/src/app_default_hnd/app_default_handlers.c:278:1
	pop	{r7, pc}
.Ltmp23:
.Lfunc_end4:
	.size	default_app_on_set_dev_config_complete, .Lfunc_end4-default_app_on_set_dev_config_complete
	.cfi_endproc
	.cantunwind
	.fnend
                                        @ -- End function
	.hidden	default_app_on_db_init_complete @ -- Begin function default_app_on_db_init_complete
	.globl	default_app_on_db_init_complete
	.p2align	1
	.type	default_app_on_db_init_complete,%function
	.code	16                              @ @default_app_on_db_init_complete
	.thumb_func
default_app_on_db_init_complete:
.Lfunc_begin5:
	.loc	3 281 0                         @ ../../../../../sdk/app_modules/src/app_default_hnd/app_default_handlers.c:281:0
	.fnstart
	.cfi_startproc
@ %bb.0:
	.save	{r7, lr}
	push	{r7, lr}
	.cfi_def_cfa_offset 8
	.cfi_offset lr, -4
	.cfi_offset r7, -8
.Ltmp24:
	.loc	3 282 5 prologue_end            @ ../../../../../sdk/app_modules/src/app_default_hnd/app_default_handlers.c:282:5
	bl	user_app_adv_start
.Ltmp25:
	.loc	3 283 1 epilogue_begin          @ ../../../../../sdk/app_modules/src/app_default_hnd/app_default_handlers.c:283:1
	pop	{r7, pc}
.Ltmp26:
.Lfunc_end5:
	.size	default_app_on_db_init_complete, .Lfunc_end5-default_app_on_db_init_complete
	.cfi_endproc
	.cantunwind
	.fnend
                                        @ -- End function
	.hidden	default_app_on_get_dev_name     @ -- Begin function default_app_on_get_dev_name
	.globl	default_app_on_get_dev_name
	.p2align	2
	.type	default_app_on_get_dev_name,%function
	.code	16                              @ @default_app_on_get_dev_name
	.thumb_func
default_app_on_get_dev_name:
.Lfunc_begin6:
	.loc	3 286 0                         @ ../../../../../sdk/app_modules/src/app_default_hnd/app_default_handlers.c:286:0
	.fnstart
	.cfi_startproc
@ %bb.0:
	@DEBUG_VALUE: default_app_on_get_dev_name:device_name <- $r0
	.save	{r7, lr}
	push	{r7, lr}
	.cfi_def_cfa_offset 8
	.cfi_offset lr, -4
	.cfi_offset r7, -8
.Ltmp27:
	.loc	3 287 48 prologue_end           @ ../../../../../sdk/app_modules/src/app_default_hnd/app_default_handlers.c:287:48
	ldr	r1, __arm_cp.6_0
	ldrb	r2, [r1]
	.loc	3 287 25 is_stmt 0              @ ../../../../../sdk/app_modules/src/app_default_hnd/app_default_handlers.c:287:25
	strb	r2, [r0]
	.loc	3 288 25 is_stmt 1              @ ../../../../../sdk/app_modules/src/app_default_hnd/app_default_handlers.c:288:25
	adds	r0, r0, #1
.Ltmp28:
	@DEBUG_VALUE: default_app_on_get_dev_name:device_name <- [DW_OP_LLVM_entry_value 1] $r0
	.loc	3 288 5 is_stmt 0               @ ../../../../../sdk/app_modules/src/app_default_hnd/app_default_handlers.c:288:5
	adds	r1, r1, #1
	bl	__aeabi_memcpy
.Ltmp29:
	.loc	3 289 1 epilogue_begin is_stmt 1 @ ../../../../../sdk/app_modules/src/app_default_hnd/app_default_handlers.c:289:1
	pop	{r7, pc}
.Ltmp30:
	.loc	3 0 1 is_stmt 0                 @ :0:1
.Ltmp31:
	.p2align	2
@ %bb.1:
__arm_cp.6_0:
	.long	device_info
.Lcpi_end1:
	.size	__arm_cp.6_0, .Lcpi_end1-__arm_cp.6_0
.Lfunc_end6:
	.size	default_app_on_get_dev_name, .Lfunc_end6-default_app_on_get_dev_name
	.cfi_endproc
	.cantunwind
	.fnend
                                        @ -- End function
	.hidden	default_app_on_get_dev_appearance @ -- Begin function default_app_on_get_dev_appearance
	.globl	default_app_on_get_dev_appearance
	.p2align	2
	.type	default_app_on_get_dev_appearance,%function
	.code	16                              @ @default_app_on_get_dev_appearance
	.thumb_func
default_app_on_get_dev_appearance:
.Lfunc_begin7:
	.fnstart
	.cfi_startproc
@ %bb.0:
	@DEBUG_VALUE: default_app_on_get_dev_appearance:appearance <- $r0
	.loc	3 293 31 prologue_end is_stmt 1 @ ../../../../../sdk/app_modules/src/app_default_hnd/app_default_handlers.c:293:31
	ldr	r1, __arm_cp.7_0
	ldrh	r1, [r1, #34]
	.loc	3 293 17 is_stmt 0              @ ../../../../../sdk/app_modules/src/app_default_hnd/app_default_handlers.c:293:17
	strh	r1, [r0]
	.loc	3 294 1 is_stmt 1               @ ../../../../../sdk/app_modules/src/app_default_hnd/app_default_handlers.c:294:1
	bx	lr
.Ltmp32:
	.loc	3 0 1 is_stmt 0                 @ :0:1
.Ltmp33:
	.p2align	2
@ %bb.1:
__arm_cp.7_0:
	.long	device_info
.Lcpi_end2:
	.size	__arm_cp.7_0, .Lcpi_end2-__arm_cp.7_0
.Lfunc_end7:
	.size	default_app_on_get_dev_appearance, .Lfunc_end7-default_app_on_get_dev_appearance
	.cfi_endproc
	.cantunwind
	.fnend
                                        @ -- End function
	.hidden	default_app_on_get_dev_slv_pref_params @ -- Begin function default_app_on_get_dev_slv_pref_params
	.globl	default_app_on_get_dev_slv_pref_params
	.p2align	1
	.type	default_app_on_get_dev_slv_pref_params,%function
	.code	16                              @ @default_app_on_get_dev_slv_pref_params
	.thumb_func
default_app_on_get_dev_slv_pref_params:
.Lfunc_begin8:
	.loc	3 297 0 is_stmt 1               @ ../../../../../sdk/app_modules/src/app_default_hnd/app_default_handlers.c:297:0
	.fnstart
	.cfi_startproc
@ %bb.0:
	@DEBUG_VALUE: default_app_on_get_dev_slv_pref_params:slv_params <- $r0
	movs	r1, #125
.Ltmp34:
	.loc	3 301 30 prologue_end           @ ../../../../../sdk/app_modules/src/app_default_hnd/app_default_handlers.c:301:30
	strh	r1, [r0, #6]
	movs	r1, #0
	.loc	3 300 31                        @ ../../../../../sdk/app_modules/src/app_default_hnd/app_default_handlers.c:300:31
	strh	r1, [r0, #4]
	movs	r1, #16
	.loc	3 299 30                        @ ../../../../../sdk/app_modules/src/app_default_hnd/app_default_handlers.c:299:30
	strh	r1, [r0, #2]
	movs	r1, #8
	.loc	3 298 30                        @ ../../../../../sdk/app_modules/src/app_default_hnd/app_default_handlers.c:298:30
	strh	r1, [r0]
	.loc	3 302 1                         @ ../../../../../sdk/app_modules/src/app_default_hnd/app_default_handlers.c:302:1
	bx	lr
.Ltmp35:
.Lfunc_end8:
	.size	default_app_on_get_dev_slv_pref_params, .Lfunc_end8-default_app_on_get_dev_slv_pref_params
	.cfi_endproc
	.cantunwind
	.fnend
                                        @ -- End function
	.hidden	default_app_on_set_dev_info     @ -- Begin function default_app_on_set_dev_info
	.globl	default_app_on_set_dev_info
	.p2align	2
	.type	default_app_on_set_dev_info,%function
	.code	16                              @ @default_app_on_set_dev_info
	.thumb_func
default_app_on_set_dev_info:
.Lfunc_begin9:
	.loc	3 305 0                         @ ../../../../../sdk/app_modules/src/app_default_hnd/app_default_handlers.c:305:0
	.fnstart
	.cfi_startproc
@ %bb.0:
	@DEBUG_VALUE: default_app_on_set_dev_info:param <- $r0
	@DEBUG_VALUE: default_app_on_set_dev_info:status <- $r1
	.save	{r4, lr}
	push	{r4, lr}
	.cfi_def_cfa_offset 8
	.cfi_offset lr, -4
	.cfi_offset r4, -8
	mov	r4, r1
.Ltmp36:
	@DEBUG_VALUE: default_app_on_set_dev_info:status <- $r4
	.loc	3 306 20 prologue_end           @ ../../../../../sdk/app_modules/src/app_default_hnd/app_default_handlers.c:306:20
	ldrb	r1, [r0]
	.loc	3 306 5 is_stmt 0               @ ../../../../../sdk/app_modules/src/app_default_hnd/app_default_handlers.c:306:5
	cmp	r1, #1
	beq	.LBB9_3
.Ltmp37:
@ %bb.1:
	@DEBUG_VALUE: default_app_on_set_dev_info:status <- $r4
	@DEBUG_VALUE: default_app_on_set_dev_info:param <- $r0
	cmp	r1, #0
	bne	.LBB9_5
.Ltmp38:
@ %bb.2:
	@DEBUG_VALUE: default_app_on_set_dev_info:status <- $r4
	@DEBUG_VALUE: default_app_on_set_dev_info:param <- $r0
	.loc	3 310 60 is_stmt 1              @ ../../../../../sdk/app_modules/src/app_default_hnd/app_default_handlers.c:310:60
	ldrh	r2, [r0, #2]
	.loc	3 310 41 is_stmt 0              @ ../../../../../sdk/app_modules/src/app_default_hnd/app_default_handlers.c:310:41
	ldr	r1, __arm_cp.9_0
	strb	r2, [r1]
	.loc	3 311 13 is_stmt 1              @ ../../../../../sdk/app_modules/src/app_default_hnd/app_default_handlers.c:311:13
	adds	r3, r1, #1
	.loc	3 311 64 is_stmt 0              @ ../../../../../sdk/app_modules/src/app_default_hnd/app_default_handlers.c:311:64
	adds	r1, r0, #4
	.loc	3 310 43 is_stmt 1              @ ../../../../../sdk/app_modules/src/app_default_hnd/app_default_handlers.c:310:43
	uxtb	r2, r2
	.loc	3 311 13                        @ ../../../../../sdk/app_modules/src/app_default_hnd/app_default_handlers.c:311:13
	mov	r0, r3
.Ltmp39:
	@DEBUG_VALUE: default_app_on_set_dev_info:param <- [DW_OP_LLVM_entry_value 1] $r0
	bl	__aeabi_memcpy
.Ltmp40:
	.loc	3 0 13 is_stmt 0                @ ../../../../../sdk/app_modules/src/app_default_hnd/app_default_handlers.c:0:13
	b	.LBB9_4
.Ltmp41:
.LBB9_3:
	@DEBUG_VALUE: default_app_on_set_dev_info:status <- $r4
	@DEBUG_VALUE: default_app_on_set_dev_info:param <- $r0
	.loc	3 317 50 is_stmt 1              @ ../../../../../sdk/app_modules/src/app_default_hnd/app_default_handlers.c:317:50
	ldrh	r0, [r0, #2]
.Ltmp42:
	@DEBUG_VALUE: default_app_on_set_dev_info:param <- [DW_OP_LLVM_entry_value 1] $r0
	.loc	3 317 36 is_stmt 0              @ ../../../../../sdk/app_modules/src/app_default_hnd/app_default_handlers.c:317:36
	ldr	r1, __arm_cp.9_0
	strh	r0, [r1, #34]
.Ltmp43:
.LBB9_4:
	@DEBUG_VALUE: default_app_on_set_dev_info:param <- [DW_OP_LLVM_entry_value 1] $r0
	@DEBUG_VALUE: default_app_on_set_dev_info:status <- $r4
	.loc	3 0 36                          @ ../../../../../sdk/app_modules/src/app_default_hnd/app_default_handlers.c:0:36
	movs	r0, #0
	b	.LBB9_6
.Ltmp44:
.LBB9_5:
	@DEBUG_VALUE: default_app_on_set_dev_info:status <- $r4
	@DEBUG_VALUE: default_app_on_set_dev_info:param <- $r0
	movs	r0, #72
.Ltmp45:
	@DEBUG_VALUE: default_app_on_set_dev_info:param <- [DW_OP_LLVM_entry_value 1] $r0
.LBB9_6:
	@DEBUG_VALUE: default_app_on_set_dev_info:param <- [DW_OP_LLVM_entry_value 1] $r0
	@DEBUG_VALUE: default_app_on_set_dev_info:status <- $r4
	strb	r0, [r4]
.Ltmp46:
	.loc	3 327 1 epilogue_begin is_stmt 1 @ ../../../../../sdk/app_modules/src/app_default_hnd/app_default_handlers.c:327:1
	pop	{r4, pc}
.Ltmp47:
	.loc	3 0 1 is_stmt 0                 @ :0:1
.Ltmp48:
	.p2align	2
@ %bb.7:
__arm_cp.9_0:
	.long	device_info
.Lcpi_end3:
	.size	__arm_cp.9_0, .Lcpi_end3-__arm_cp.9_0
.Lfunc_end9:
	.size	default_app_on_set_dev_info, .Lfunc_end9-default_app_on_set_dev_info
	.cfi_endproc
	.cantunwind
	.fnend
                                        @ -- End function
	.hidden	default_app_update_params_request @ -- Begin function default_app_update_params_request
	.globl	default_app_update_params_request
	.p2align	1
	.type	default_app_update_params_request,%function
	.code	16                              @ @default_app_update_params_request
	.thumb_func
default_app_update_params_request:
.Lfunc_begin10:
	.loc	3 330 0 is_stmt 1               @ ../../../../../sdk/app_modules/src/app_default_hnd/app_default_handlers.c:330:0
	.fnstart
	.cfi_startproc
@ %bb.0:
	@DEBUG_VALUE: default_app_update_params_request:param <- $r0
	@DEBUG_VALUE: default_app_update_params_request:cfm <- $r1
	movs	r0, #0
.Ltmp49:
	@DEBUG_VALUE: default_app_update_params_request:param <- [DW_OP_LLVM_entry_value 1] $r0
	.loc	3 334 21 prologue_end           @ ../../../../../sdk/app_modules/src/app_default_hnd/app_default_handlers.c:334:21
	strh	r0, [r1, #4]
	.loc	3 333 21                        @ ../../../../../sdk/app_modules/src/app_default_hnd/app_default_handlers.c:333:21
	strh	r0, [r1, #2]
	movs	r0, #1
	.loc	3 332 17                        @ ../../../../../sdk/app_modules/src/app_default_hnd/app_default_handlers.c:332:17
	strb	r0, [r1]
	.loc	3 335 1                         @ ../../../../../sdk/app_modules/src/app_default_hnd/app_default_handlers.c:335:1
	bx	lr
.Ltmp50:
.Lfunc_end10:
	.size	default_app_update_params_request, .Lfunc_end10-default_app_update_params_request
	.cfi_endproc
	.cantunwind
	.fnend
                                        @ -- End function
	.hidden	default_app_generate_static_random_addr @ -- Begin function default_app_generate_static_random_addr
	.globl	default_app_generate_static_random_addr
	.p2align	1
	.type	default_app_generate_static_random_addr,%function
	.code	16                              @ @default_app_generate_static_random_addr
	.thumb_func
default_app_generate_static_random_addr:
.Lfunc_begin11:
	.loc	3 338 0                         @ ../../../../../sdk/app_modules/src/app_default_hnd/app_default_handlers.c:338:0
	.fnstart
	.cfi_startproc
@ %bb.0:
	@DEBUG_VALUE: default_app_generate_static_random_addr:addr <- $r0
	.save	{r4, lr}
	push	{r4, lr}
	.cfi_def_cfa_offset 8
	.cfi_offset lr, -4
	.cfi_offset r4, -8
	mov	r4, r0
.Ltmp51:
	@DEBUG_VALUE: default_app_generate_static_random_addr:addr <- $r4
	.loc	3 341 11 prologue_end           @ ../../../../../sdk/app_modules/src/app_default_hnd/app_default_handlers.c:341:11
	ldrb	r0, [r0, #5]
.Ltmp52:
	.loc	3 341 9 is_stmt 0               @ ../../../../../sdk/app_modules/src/app_default_hnd/app_default_handlers.c:341:9
	cmp	r0, #63
	bhi	.LBB11_2
.Ltmp53:
@ %bb.1:
	@DEBUG_VALUE: default_app_generate_static_random_addr:addr <- $r4
	.file	13 "C:\\Users\\teodor\\Desktop\\stem\\codeless\\6.0.24.1464\\projects\\target_apps\\ble_examples\\empty_peripheral_template\\Keil_5" "./../../../../../sdk/platform/core_modules/common/api\\co_math.h"
	.loc	13 168 22 is_stmt 1             @ ./../../../../../sdk/platform/core_modules/common/api\co_math.h:168:22
	bl	dia_rand
.Ltmp54:
	@DEBUG_VALUE: co_write32p:ptr <- [DW_OP_plus_uconst 1, DW_OP_stack_value] $r4
	@DEBUG_VALUE: co_write32p:ptr32 <- $r4
	@DEBUG_VALUE: co_write32p:value <- $r0
	.file	14 "C:\\Users\\teodor\\Desktop\\stem\\codeless\\6.0.24.1464\\projects\\target_apps\\ble_examples\\empty_peripheral_template\\Keil_5" "./../../../../../sdk/platform/core_modules/common/api\\co_utils.h"
	.loc	14 267 12                       @ ./../../../../../sdk/platform/core_modules/common/api\co_utils.h:267:12
	strb	r0, [r4]
	.loc	14 270 40                       @ ./../../../../../sdk/platform/core_modules/common/api\co_utils.h:270:40
	lsrs	r1, r0, #24
	.loc	14 270 10 is_stmt 0             @ ./../../../../../sdk/platform/core_modules/common/api\co_utils.h:270:10
	strb	r1, [r4, #3]
	.loc	14 269 40 is_stmt 1             @ ./../../../../../sdk/platform/core_modules/common/api\co_utils.h:269:40
	lsrs	r1, r0, #16
.Ltmp55:
	@DEBUG_VALUE: co_write32p:ptr <- [DW_OP_plus_uconst 3, DW_OP_stack_value] $r4
	.loc	14 269 12 is_stmt 0             @ ./../../../../../sdk/platform/core_modules/common/api\co_utils.h:269:12
	strb	r1, [r4, #2]
	.loc	14 268 38 is_stmt 1             @ ./../../../../../sdk/platform/core_modules/common/api\co_utils.h:268:38
	lsrs	r0, r0, #8
.Ltmp56:
	@DEBUG_VALUE: co_write32p:ptr <- [DW_OP_plus_uconst 2, DW_OP_stack_value] $r4
	.loc	14 268 12 is_stmt 0             @ ./../../../../../sdk/platform/core_modules/common/api\co_utils.h:268:12
	strb	r0, [r4, #1]
.Ltmp57:
	.loc	13 157 23 is_stmt 1             @ ./../../../../../sdk/platform/core_modules/common/api\co_math.h:157:23
	bl	dia_rand
.Ltmp58:
	@DEBUG_VALUE: co_write16p:ptr <- [DW_OP_plus_uconst 5, DW_OP_stack_value] $r4
	@DEBUG_VALUE: co_write16p:ptr16 <- [DW_OP_plus_uconst 4, DW_OP_stack_value] $r4
	@DEBUG_VALUE: co_write16p:value <- [DW_OP_LLVM_convert 32 7, DW_OP_LLVM_convert 16 7, DW_OP_stack_value] $r0
	.loc	14 284 12                       @ ./../../../../../sdk/platform/core_modules/common/api\co_utils.h:284:12
	strb	r0, [r4, #4]
	.loc	14 285 12                       @ ./../../../../../sdk/platform/core_modules/common/api\co_utils.h:285:12
	lsrs	r0, r0, #8
.Ltmp59:
	.loc	14 0 12 is_stmt 0               @ ./../../../../../sdk/platform/core_modules/common/api\co_utils.h:0:12
	movs	r1, #192
.Ltmp60:
	.loc	3 348 37 is_stmt 1              @ ../../../../../sdk/app_modules/src/app_default_hnd/app_default_handlers.c:348:37
	orrs	r1, r0
	strb	r1, [r4, #5]
.Ltmp61:
.LBB11_2:
	@DEBUG_VALUE: default_app_generate_static_random_addr:addr <- $r4
	.loc	3 350 1 epilogue_begin          @ ../../../../../sdk/app_modules/src/app_default_hnd/app_default_handlers.c:350:1
	pop	{r4, pc}
.Ltmp62:
.Lfunc_end11:
	.size	default_app_generate_static_random_addr, .Lfunc_end11-default_app_generate_static_random_addr
	.cfi_endproc
	.cantunwind
	.fnend
                                        @ -- End function
	.hidden	default_app_generate_unique_static_random_addr @ -- Begin function default_app_generate_unique_static_random_addr
	.globl	default_app_generate_unique_static_random_addr
	.p2align	2
	.type	default_app_generate_unique_static_random_addr,%function
	.code	16                              @ @default_app_generate_unique_static_random_addr
	.thumb_func
default_app_generate_unique_static_random_addr:
.Lfunc_begin12:
	.loc	3 377 0                         @ ../../../../../sdk/app_modules/src/app_default_hnd/app_default_handlers.c:377:0
	.fnstart
	.cfi_startproc
@ %bb.0:
	@DEBUG_VALUE: default_app_generate_unique_static_random_addr:addr <- $r0
	.save	{r4, r5, r6, r7, lr}
	.pad	#12
	push	{r1, r2, r3, r4, r5, r6, r7, lr}
	.cfi_def_cfa_offset 32
	.cfi_offset lr, -4
	.cfi_offset r7, -8
	.cfi_offset r6, -12
	.cfi_offset r5, -16
	.cfi_offset r4, -20
	str	r0, [sp, #4]                    @ 4-byte Spill
.Ltmp63:
	@DEBUG_VALUE: default_app_generate_unique_static_random_addr:addr <- [DW_OP_plus_uconst 4] [$sp+0]
	.loc	3 382 5 prologue_end            @ ../../../../../sdk/app_modules/src/app_default_hnd/app_default_handlers.c:382:5
	bl	hw_otpc_init
.Ltmp64:
	.loc	3 0 5 is_stmt 0                 @ ../../../../../sdk/app_modules/src/app_default_hnd/app_default_handlers.c:0:5
	movs	r0, #2
	.loc	3 385 5 is_stmt 1               @ ../../../../../sdk/app_modules/src/app_default_hnd/app_default_handlers.c:385:5
	bl	hw_otpc_enter_mode
.Ltmp65:
	.loc	3 0 5 is_stmt 0                 @ ../../../../../sdk/app_modules/src/app_default_hnd/app_default_handlers.c:0:5
	ldr	r0, __arm_cp.12_0
	.loc	3 392 17 is_stmt 1              @ ../../../../../sdk/app_modules/src/app_default_hnd/app_default_handlers.c:392:17
	ldr	r1, [r0, #4]
.Ltmp66:
	@DEBUG_VALUE: create_bd_addr:static_addr <- undef
	@DEBUG_VALUE: create_bd_addr:tester <- undef
	@DEBUG_VALUE: create_bd_addr:timestamp <- undef
	.loc	3 360 27                        @ ../../../../../sdk/app_modules/src/app_default_hnd/app_default_handlers.c:360:27
	str	r1, [sp, #8]                    @ 4-byte Spill
	ldr	r4, [r0]
.Ltmp67:
	@DEBUG_VALUE: default_app_generate_unique_static_random_addr:tester <- undef
	@DEBUG_VALUE: default_app_generate_unique_static_random_addr:timestamp <- undef
	.loc	3 399 5                         @ ../../../../../sdk/app_modules/src/app_default_hnd/app_default_handlers.c:399:5
	bl	hw_otpc_disable
.Ltmp68:
	.loc	3 0 5 is_stmt 0                 @ ../../../../../sdk/app_modules/src/app_default_hnd/app_default_handlers.c:0:5
	movs	r5, #0
	@DEBUG_VALUE: create_bd_addr:tssid_src <- [DW_OP_LLVM_fragment 32 32] $r4
	@DEBUG_VALUE: create_bd_addr:tssid_src <- [DW_OP_plus_uconst 8, DW_OP_LLVM_fragment 0 32] [$sp+0]
	@DEBUG_VALUE: i <- 0
	@DEBUG_VALUE: create_bd_addr:mask <- 1
	@DEBUG_VALUE: create_bd_addr:tssid_dest <- 0
	mov	r7, r5
	mov	r6, r5
.Ltmp69:
.LBB12_1:                               @ =>This Inner Loop Header: Depth=1
	@DEBUG_VALUE: create_bd_addr:mask <- 1
	@DEBUG_VALUE: create_bd_addr:tssid_src <- [DW_OP_plus_uconst 8, DW_OP_LLVM_fragment 0 32] [$sp+0]
	@DEBUG_VALUE: create_bd_addr:tssid_src <- [DW_OP_LLVM_fragment 32 32] $r4
	@DEBUG_VALUE: default_app_generate_unique_static_random_addr:addr <- [DW_OP_plus_uconst 4] [$sp+0]
	@DEBUG_VALUE: i <- $r5
	@DEBUG_VALUE: create_bd_addr:tssid_dest <- [DW_OP_LLVM_fragment 0 32] $r7
	@DEBUG_VALUE: create_bd_addr:tssid_dest <- [DW_OP_LLVM_fragment 32 32] $r6
	.loc	3 364 5 is_stmt 1               @ ../../../../../sdk/app_modules/src/app_default_hnd/app_default_handlers.c:364:5
	cmp	r5, #46
	beq	.LBB12_3
.Ltmp70:
@ %bb.2:                                @   in Loop: Header=BB12_1 Depth=1
	@DEBUG_VALUE: create_bd_addr:tssid_dest <- [DW_OP_LLVM_fragment 32 32] $r6
	@DEBUG_VALUE: create_bd_addr:tssid_dest <- [DW_OP_LLVM_fragment 0 32] $r7
	@DEBUG_VALUE: i <- $r5
	@DEBUG_VALUE: create_bd_addr:mask <- 1
	@DEBUG_VALUE: create_bd_addr:tssid_src <- [DW_OP_plus_uconst 8, DW_OP_LLVM_fragment 0 32] [$sp+0]
	@DEBUG_VALUE: create_bd_addr:tssid_src <- [DW_OP_LLVM_fragment 32 32] $r4
	@DEBUG_VALUE: default_app_generate_unique_static_random_addr:addr <- [DW_OP_plus_uconst 4] [$sp+0]
	.loc	3 366 36                        @ ../../../../../sdk/app_modules/src/app_default_hnd/app_default_handlers.c:366:36
	ldr	r0, [sp, #8]                    @ 4-byte Reload
	mov	r1, r4
	mov	r2, r5
	bl	__aeabi_llsr
.Ltmp71:
	.loc	3 0 36 is_stmt 0                @ ../../../../../sdk/app_modules/src/app_default_hnd/app_default_handlers.c:0:36
	movs	r1, #1
	.loc	3 366 42                        @ ../../../../../sdk/app_modules/src/app_default_hnd/app_default_handlers.c:366:42
	ands	r0, r1
	.loc	3 366 53                        @ ../../../../../sdk/app_modules/src/app_default_hnd/app_default_handlers.c:366:53
	adr	r1, .LCPI12_1
	ldrb	r2, [r1, r5]
	movs	r1, #0
	.loc	3 366 50                        @ ../../../../../sdk/app_modules/src/app_default_hnd/app_default_handlers.c:366:50
	bl	__aeabi_llsl
.Ltmp72:
	.loc	3 366 20                        @ ../../../../../sdk/app_modules/src/app_default_hnd/app_default_handlers.c:366:20
	orrs	r6, r1
.Ltmp73:
	@DEBUG_VALUE: create_bd_addr:tssid_dest <- [DW_OP_LLVM_fragment 32 32] $r6
	orrs	r7, r0
.Ltmp74:
	@DEBUG_VALUE: create_bd_addr:tssid_dest <- [DW_OP_LLVM_fragment 0 32] $r7
	.loc	3 364 43 is_stmt 1              @ ../../../../../sdk/app_modules/src/app_default_hnd/app_default_handlers.c:364:43
	adds	r5, r5, #1
.Ltmp75:
	@DEBUG_VALUE: i <- $r5
	.loc	3 364 5 is_stmt 0               @ ../../../../../sdk/app_modules/src/app_default_hnd/app_default_handlers.c:364:5
	b	.LBB12_1
.Ltmp76:
.LBB12_3:
	@DEBUG_VALUE: create_bd_addr:tssid_dest <- [DW_OP_LLVM_fragment 32 32] $r6
	@DEBUG_VALUE: create_bd_addr:tssid_dest <- [DW_OP_LLVM_fragment 0 32] $r7
	@DEBUG_VALUE: i <- $r5
	@DEBUG_VALUE: create_bd_addr:mask <- 1
	@DEBUG_VALUE: create_bd_addr:tssid_src <- [DW_OP_plus_uconst 8, DW_OP_LLVM_fragment 0 32] [$sp+0]
	@DEBUG_VALUE: create_bd_addr:tssid_src <- [DW_OP_LLVM_fragment 32 32] $r4
	@DEBUG_VALUE: default_app_generate_unique_static_random_addr:addr <- [DW_OP_plus_uconst 4] [$sp+0]
	.loc	3 0 5                           @ ../../../../../sdk/app_modules/src/app_default_hnd/app_default_handlers.c:0:5
	movs	r4, #0
.Ltmp77:
	ldr	r5, [sp, #4]                    @ 4-byte Reload
.Ltmp78:
.LBB12_4:                               @ =>This Inner Loop Header: Depth=1
	@DEBUG_VALUE: create_bd_addr:tssid_dest <- [DW_OP_LLVM_fragment 32 32] $r6
	@DEBUG_VALUE: create_bd_addr:tssid_dest <- [DW_OP_LLVM_fragment 0 32] $r7
	@DEBUG_VALUE: create_bd_addr:mask <- 1
	@DEBUG_VALUE: create_bd_addr:tssid_src <- [DW_OP_plus_uconst 8, DW_OP_LLVM_fragment 0 32] [$sp+0]
	@DEBUG_VALUE: default_app_generate_unique_static_random_addr:addr <- [DW_OP_plus_uconst 4] [$sp+0]
	@DEBUG_VALUE: i <- [DW_OP_LLVM_arg 0, DW_OP_LLVM_arg 1, DW_OP_plus_uconst 4, DW_OP_deref, DW_OP_minus, DW_OP_stack_value] $r5, $sp
	.loc	3 369 5 is_stmt 1               @ ../../../../../sdk/app_modules/src/app_default_hnd/app_default_handlers.c:369:5
	cmp	r4, #48
	beq	.LBB12_6
.Ltmp79:
@ %bb.5:                                @   in Loop: Header=BB12_4 Depth=1
	@DEBUG_VALUE: i <- [DW_OP_LLVM_arg 0, DW_OP_LLVM_arg 1, DW_OP_plus_uconst 4, DW_OP_deref, DW_OP_minus, DW_OP_stack_value] $r5, $sp
	@DEBUG_VALUE: create_bd_addr:tssid_dest <- [DW_OP_LLVM_fragment 32 32] $r6
	@DEBUG_VALUE: create_bd_addr:tssid_dest <- [DW_OP_LLVM_fragment 0 32] $r7
	@DEBUG_VALUE: create_bd_addr:mask <- 1
	@DEBUG_VALUE: create_bd_addr:tssid_src <- [DW_OP_plus_uconst 8, DW_OP_LLVM_fragment 0 32] [$sp+0]
	@DEBUG_VALUE: default_app_generate_unique_static_random_addr:addr <- [DW_OP_plus_uconst 4] [$sp+0]
	.loc	3 371 54                        @ ../../../../../sdk/app_modules/src/app_default_hnd/app_default_handlers.c:371:54
	mov	r0, r7
	mov	r1, r6
	mov	r2, r4
	bl	__aeabi_llsr
.Ltmp80:
	.loc	3 371 30 is_stmt 0              @ ../../../../../sdk/app_modules/src/app_default_hnd/app_default_handlers.c:371:30
	strb	r0, [r5]
.Ltmp81:
	.loc	3 369 5 is_stmt 1               @ ../../../../../sdk/app_modules/src/app_default_hnd/app_default_handlers.c:369:5
	adds	r4, #8
.Ltmp82:
	@DEBUG_VALUE: i <- [DW_OP_LLVM_arg 0, DW_OP_LLVM_arg 1, DW_OP_plus_uconst 4, DW_OP_deref, DW_OP_minus, DW_OP_consts 1, DW_OP_plus, DW_OP_stack_value] $r5, $sp
	adds	r5, r5, #1
.Ltmp83:
	b	.LBB12_4
.Ltmp84:
.LBB12_6:
	@DEBUG_VALUE: create_bd_addr:tssid_dest <- [DW_OP_LLVM_fragment 32 32] $r6
	@DEBUG_VALUE: create_bd_addr:tssid_dest <- [DW_OP_LLVM_fragment 0 32] $r7
	@DEBUG_VALUE: create_bd_addr:mask <- 1
	@DEBUG_VALUE: create_bd_addr:tssid_src <- [DW_OP_plus_uconst 8, DW_OP_LLVM_fragment 0 32] [$sp+0]
	@DEBUG_VALUE: default_app_generate_unique_static_random_addr:addr <- [DW_OP_plus_uconst 4] [$sp+0]
	.loc	3 0 5 is_stmt 0                 @ ../../../../../sdk/app_modules/src/app_default_hnd/app_default_handlers.c:0:5
	ldr	r2, [sp, #4]                    @ 4-byte Reload
	.loc	3 373 26 is_stmt 1              @ ../../../../../sdk/app_modules/src/app_default_hnd/app_default_handlers.c:373:26
	ldrb	r0, [r2, #5]
	movs	r1, #192
	orrs	r1, r0
	strb	r1, [r2, #5]
.Ltmp85:
	.loc	3 402 1 epilogue_begin          @ ../../../../../sdk/app_modules/src/app_default_hnd/app_default_handlers.c:402:1
	pop	{r1, r2, r3, r4, r5, r6, r7, pc}
.Ltmp86:
	.loc	3 0 1 is_stmt 0                 @ :0:1
.Ltmp87:
	.p2align	2
@ %bb.7:
__arm_cp.12_0:
	.long	133705700                       @ 0x7f82fe4
.Lcpi_end4:
	.size	__arm_cp.12_0, .Lcpi_end4-__arm_cp.12_0
.LCPI12_1:
.L__const.create_bd_addr.key:
	.asciz	"\037\027\034\t\b\016\021\026\024\007\030\035\036'\033\025\006\001\004\000#*)\n\022%\013\"(\032-\017, !\002\023$+\003\r\005\031&\020\f\000"
.Lfunc_end12:
	.size	default_app_generate_unique_static_random_addr, .Lfunc_end12-default_app_generate_unique_static_random_addr
	.cfi_endproc
	.file	15 "C:\\Users\\teodor\\Desktop\\stem\\codeless\\6.0.24.1464\\projects\\target_apps\\ble_examples\\empty_peripheral_template\\Keil_5" "./../../../../../sdk/platform/core_modules/common/api\\co_bt.h"
	.cantunwind
	.fnend
                                        @ -- End function
	.hidden	default_app_on_provide_local_irk @ -- Begin function default_app_on_provide_local_irk
	.globl	default_app_on_provide_local_irk
	.p2align	2
	.type	default_app_on_provide_local_irk,%function
	.code	16                              @ @default_app_on_provide_local_irk
	.thumb_func
default_app_on_provide_local_irk:
.Lfunc_begin13:
	.loc	3 405 0 is_stmt 1               @ ../../../../../sdk/app_modules/src/app_default_hnd/app_default_handlers.c:405:0
	.fnstart
	.cfi_startproc
@ %bb.0:
	@DEBUG_VALUE: default_app_on_provide_local_irk:key <- $r0
	.save	{r4, r5, r6, lr}
	push	{r4, r5, r6, lr}
	.cfi_def_cfa_offset 16
	.cfi_offset lr, -4
	.cfi_offset r6, -8
	.cfi_offset r5, -12
	.cfi_offset r4, -16
	mov	r4, r0
.Ltmp88:
	@DEBUG_VALUE: default_app_on_provide_local_irk:key <- $r4
	.loc	3 406 5 prologue_end            @ ../../../../../sdk/app_modules/src/app_default_hnd/app_default_handlers.c:406:5
	ldr	r0, __arm_cp.13_0
	movs	r5, #16
	mov	r1, r4
	mov	r2, r5
	bl	app_generate_static_key
.Ltmp89:
	.loc	3 410 5                         @ ../../../../../sdk/app_modules/src/app_default_hnd/app_default_handlers.c:410:5
	adr	r0, .LCPI13_1
	bl	arch_printf
.Ltmp90:
	@DEBUG_VALUE: count <- 0
	.loc	3 0 5 is_stmt 0                 @ ../../../../../sdk/app_modules/src/app_default_hnd/app_default_handlers.c:0:5
	adr	r6, .LCPI13_2
.Ltmp91:
.LBB13_1:                               @ =>This Inner Loop Header: Depth=1
	@DEBUG_VALUE: default_app_on_provide_local_irk:key <- $r4
	@DEBUG_VALUE: count <- [DW_OP_consts 16, DW_OP_minus, DW_OP_consts 18446744073709551615, DW_OP_div, DW_OP_stack_value] $r5
	.loc	3 411 5 is_stmt 1               @ ../../../../../sdk/app_modules/src/app_default_hnd/app_default_handlers.c:411:5
	cmp	r5, #0
	beq	.LBB13_3
.Ltmp92:
@ %bb.2:                                @   in Loop: Header=BB13_1 Depth=1
	@DEBUG_VALUE: count <- [DW_OP_consts 16, DW_OP_minus, DW_OP_consts 18446744073709551615, DW_OP_div, DW_OP_stack_value] $r5
	@DEBUG_VALUE: default_app_on_provide_local_irk:key <- $r4
	@DEBUG_VALUE: count <- [DW_OP_consts 16, DW_OP_minus, DW_OP_consts 18446744073709551615, DW_OP_div, DW_OP_consts 1, DW_OP_plus, DW_OP_stack_value] $r5
	.loc	3 411 5 is_stmt 0               @ ../../../../../sdk/app_modules/src/app_default_hnd/app_default_handlers.c:411:5
	subs	r5, r5, #1
.Ltmp93:
	.loc	3 412 29 is_stmt 1              @ ../../../../../sdk/app_modules/src/app_default_hnd/app_default_handlers.c:412:29
	ldrb	r1, [r5, r4]
	.loc	3 412 9 is_stmt 0               @ ../../../../../sdk/app_modules/src/app_default_hnd/app_default_handlers.c:412:9
	mov	r0, r6
	bl	arch_printf
.Ltmp94:
	.loc	3 411 5 is_stmt 1               @ ../../../../../sdk/app_modules/src/app_default_hnd/app_default_handlers.c:411:5
	b	.LBB13_1
.Ltmp95:
.LBB13_3:
	@DEBUG_VALUE: default_app_on_provide_local_irk:key <- $r4
	.loc	3 414 1 epilogue_begin          @ ../../../../../sdk/app_modules/src/app_default_hnd/app_default_handlers.c:414:1
	pop	{r4, r5, r6, pc}
.Ltmp96:
	.loc	3 0 1 is_stmt 0                 @ :0:1
.Ltmp97:
	.p2align	2
@ %bb.4:
__arm_cp.13_0:
	.long	irk_key_seed
.Lcpi_end5:
	.size	__arm_cp.13_0, .Lcpi_end5-__arm_cp.13_0
.LCPI13_1:
.L.str:
	.asciz	" \r\n IRK: 0x"
.LCPI13_2:
.L.str.1:
	.asciz	"%02x\000\000\000"
.Lfunc_end13:
	.size	default_app_on_provide_local_irk, .Lfunc_end13-default_app_on_provide_local_irk
	.cfi_endproc
	.cantunwind
	.fnend
                                        @ -- End function
	.type	irk_key_seed,%object            @ @irk_key_seed
	.section	.rodata.irk_key_seed,"a",%progbits
	.p2align	2, 0x0
irk_key_seed:
	.long	133705700                       @ 0x7f82fe4
	.long	133705704                       @ 0x7f82fe8
	.long	133705508                       @ 0x7f82f24
	.long	133705516                       @ 0x7f82f2c
	.byte	16                              @ 0x10
	.zero	3
	.size	irk_key_seed, 20

	.section	.debug_loc,"",%progbits
.Ldebug_loc0:
	.long	.Lfunc_begin2-.Lfunc_begin0
	.long	.Ltmp11-.Lfunc_begin0
	.short	1                               @ Loc expr size
	.byte	80                              @ DW_OP_reg0
	.long	.Ltmp11-.Lfunc_begin0
	.long	.Ltmp12-.Lfunc_begin0
	.short	4                               @ Loc expr size
	.byte	243                             @ DW_OP_GNU_entry_value
	.byte	1                               @ 1
	.byte	80                              @ DW_OP_reg0
	.byte	159                             @ DW_OP_stack_value
	.long	.Ltmp12-.Lfunc_begin0
	.long	.Ltmp13-.Lfunc_begin0
	.short	1                               @ Loc expr size
	.byte	80                              @ DW_OP_reg0
	.long	.Ltmp13-.Lfunc_begin0
	.long	.Ltmp14-.Lfunc_begin0
	.short	4                               @ Loc expr size
	.byte	243                             @ DW_OP_GNU_entry_value
	.byte	1                               @ 1
	.byte	80                              @ DW_OP_reg0
	.byte	159                             @ DW_OP_stack_value
	.long	0
	.long	0
.Ldebug_loc1:
	.long	.Lfunc_begin2-.Lfunc_begin0
	.long	.Ltmp8-.Lfunc_begin0
	.short	1                               @ Loc expr size
	.byte	81                              @ DW_OP_reg1
	.long	.Ltmp8-.Lfunc_begin0
	.long	.Ltmp14-.Lfunc_begin0
	.short	4                               @ Loc expr size
	.byte	243                             @ DW_OP_GNU_entry_value
	.byte	1                               @ 1
	.byte	81                              @ DW_OP_reg1
	.byte	159                             @ DW_OP_stack_value
	.long	0
	.long	0
.Ldebug_loc2:
	.long	.Lfunc_begin3-.Lfunc_begin0
	.long	.Ltmp17-.Lfunc_begin0
	.short	1                               @ Loc expr size
	.byte	80                              @ DW_OP_reg0
	.long	.Ltmp17-.Lfunc_begin0
	.long	.Lfunc_end3-.Lfunc_begin0
	.short	4                               @ Loc expr size
	.byte	243                             @ DW_OP_GNU_entry_value
	.byte	1                               @ 1
	.byte	80                              @ DW_OP_reg0
	.byte	159                             @ DW_OP_stack_value
	.long	0
	.long	0
.Ldebug_loc3:
	.long	.Lfunc_begin6-.Lfunc_begin0
	.long	.Ltmp28-.Lfunc_begin0
	.short	1                               @ Loc expr size
	.byte	80                              @ DW_OP_reg0
	.long	.Ltmp28-.Lfunc_begin0
	.long	.Ltmp30-.Lfunc_begin0
	.short	4                               @ Loc expr size
	.byte	243                             @ DW_OP_GNU_entry_value
	.byte	1                               @ 1
	.byte	80                              @ DW_OP_reg0
	.byte	159                             @ DW_OP_stack_value
	.long	0
	.long	0
.Ldebug_loc4:
	.long	.Lfunc_begin9-.Lfunc_begin0
	.long	.Ltmp39-.Lfunc_begin0
	.short	1                               @ Loc expr size
	.byte	80                              @ DW_OP_reg0
	.long	.Ltmp39-.Lfunc_begin0
	.long	.Ltmp41-.Lfunc_begin0
	.short	4                               @ Loc expr size
	.byte	243                             @ DW_OP_GNU_entry_value
	.byte	1                               @ 1
	.byte	80                              @ DW_OP_reg0
	.byte	159                             @ DW_OP_stack_value
	.long	.Ltmp41-.Lfunc_begin0
	.long	.Ltmp42-.Lfunc_begin0
	.short	1                               @ Loc expr size
	.byte	80                              @ DW_OP_reg0
	.long	.Ltmp42-.Lfunc_begin0
	.long	.Ltmp44-.Lfunc_begin0
	.short	4                               @ Loc expr size
	.byte	243                             @ DW_OP_GNU_entry_value
	.byte	1                               @ 1
	.byte	80                              @ DW_OP_reg0
	.byte	159                             @ DW_OP_stack_value
	.long	.Ltmp44-.Lfunc_begin0
	.long	.Ltmp45-.Lfunc_begin0
	.short	1                               @ Loc expr size
	.byte	80                              @ DW_OP_reg0
	.long	.Ltmp45-.Lfunc_begin0
	.long	.Ltmp47-.Lfunc_begin0
	.short	4                               @ Loc expr size
	.byte	243                             @ DW_OP_GNU_entry_value
	.byte	1                               @ 1
	.byte	80                              @ DW_OP_reg0
	.byte	159                             @ DW_OP_stack_value
	.long	0
	.long	0
.Ldebug_loc5:
	.long	.Lfunc_begin9-.Lfunc_begin0
	.long	.Ltmp36-.Lfunc_begin0
	.short	1                               @ Loc expr size
	.byte	81                              @ DW_OP_reg1
	.long	.Ltmp36-.Lfunc_begin0
	.long	.Ltmp47-.Lfunc_begin0
	.short	1                               @ Loc expr size
	.byte	84                              @ DW_OP_reg4
	.long	0
	.long	0
.Ldebug_loc6:
	.long	.Lfunc_begin10-.Lfunc_begin0
	.long	.Ltmp49-.Lfunc_begin0
	.short	1                               @ Loc expr size
	.byte	80                              @ DW_OP_reg0
	.long	.Ltmp49-.Lfunc_begin0
	.long	.Lfunc_end10-.Lfunc_begin0
	.short	4                               @ Loc expr size
	.byte	243                             @ DW_OP_GNU_entry_value
	.byte	1                               @ 1
	.byte	80                              @ DW_OP_reg0
	.byte	159                             @ DW_OP_stack_value
	.long	0
	.long	0
.Ldebug_loc7:
	.long	.Lfunc_begin11-.Lfunc_begin0
	.long	.Ltmp51-.Lfunc_begin0
	.short	1                               @ Loc expr size
	.byte	80                              @ DW_OP_reg0
	.long	.Ltmp51-.Lfunc_begin0
	.long	.Ltmp62-.Lfunc_begin0
	.short	1                               @ Loc expr size
	.byte	84                              @ DW_OP_reg4
	.long	0
	.long	0
.Ldebug_loc8:
	.long	.Ltmp54-.Lfunc_begin0
	.long	.Ltmp55-.Lfunc_begin0
	.short	3                               @ Loc expr size
	.byte	116                             @ DW_OP_breg4
	.byte	1                               @ 1
	.byte	159                             @ DW_OP_stack_value
	.long	.Ltmp55-.Lfunc_begin0
	.long	.Ltmp56-.Lfunc_begin0
	.short	3                               @ Loc expr size
	.byte	116                             @ DW_OP_breg4
	.byte	3                               @ 3
	.byte	159                             @ DW_OP_stack_value
	.long	.Ltmp56-.Lfunc_begin0
	.long	.Ltmp61-.Lfunc_begin0
	.short	3                               @ Loc expr size
	.byte	116                             @ DW_OP_breg4
	.byte	2                               @ 2
	.byte	159                             @ DW_OP_stack_value
	.long	0
	.long	0
.Ldebug_loc9:
	.long	.Ltmp54-.Lfunc_begin0
	.long	.Ltmp56-.Lfunc_begin0
	.short	1                               @ Loc expr size
	.byte	80                              @ DW_OP_reg0
	.long	0
	.long	0
.Ldebug_loc10:
	.long	.Ltmp58-.Lfunc_begin0
	.long	.Ltmp59-.Lfunc_begin0
	.short	3                               @ Loc expr size
	.byte	112                             @ DW_OP_breg0
	.byte	0                               @ 0
	.byte	159                             @ DW_OP_stack_value
	.long	0
	.long	0
.Ldebug_loc11:
	.long	.Lfunc_begin12-.Lfunc_begin0
	.long	.Ltmp63-.Lfunc_begin0
	.short	1                               @ Loc expr size
	.byte	80                              @ DW_OP_reg0
	.long	.Ltmp63-.Lfunc_begin0
	.long	.Ltmp86-.Lfunc_begin0
	.short	2                               @ Loc expr size
	.byte	125                             @ DW_OP_breg13
	.byte	4                               @ 4
	.long	0
	.long	0
.Ldebug_loc12:
	.long	.Ltmp69-.Lfunc_begin0
	.long	.Ltmp77-.Lfunc_begin0
	.short	7                               @ Loc expr size
	.byte	125                             @ DW_OP_breg13
	.byte	8                               @ 8
	.byte	147                             @ DW_OP_piece
	.byte	4                               @ 4
	.byte	84                              @ DW_OP_reg4
	.byte	147                             @ DW_OP_piece
	.byte	4                               @ 4
	.long	.Ltmp77-.Lfunc_begin0
	.long	.Ltmp86-.Lfunc_begin0
	.short	4                               @ Loc expr size
	.byte	125                             @ DW_OP_breg13
	.byte	8                               @ 8
	.byte	147                             @ DW_OP_piece
	.byte	4                               @ 4
	.long	0
	.long	0
.Ldebug_loc13:
	.long	.Ltmp69-.Lfunc_begin0
	.long	.Ltmp86-.Lfunc_begin0
	.short	2                               @ Loc expr size
	.byte	49                              @ DW_OP_lit1
	.byte	159                             @ DW_OP_stack_value
	.long	0
	.long	0
.Ldebug_loc14:
	.long	.Ltmp69-.Lfunc_begin0
	.long	.Ltmp86-.Lfunc_begin0
	.short	6                               @ Loc expr size
	.byte	87                              @ DW_OP_reg7
	.byte	147                             @ DW_OP_piece
	.byte	4                               @ 4
	.byte	86                              @ DW_OP_reg6
	.byte	147                             @ DW_OP_piece
	.byte	4                               @ 4
	.long	0
	.long	0
.Ldebug_loc15:
	.long	.Ltmp78-.Lfunc_begin0
	.long	.Ltmp82-.Lfunc_begin0
	.short	7                               @ Loc expr size
	.byte	117                             @ DW_OP_breg5
	.byte	0                               @ 0
	.byte	125                             @ DW_OP_breg13
	.byte	4                               @ 4
	.byte	6                               @ DW_OP_deref
	.byte	28                              @ DW_OP_minus
	.byte	159                             @ DW_OP_stack_value
	.long	.Ltmp82-.Lfunc_begin0
	.long	.Ltmp83-.Lfunc_begin0
	.short	10                              @ Loc expr size
	.byte	117                             @ DW_OP_breg5
	.byte	0                               @ 0
	.byte	125                             @ DW_OP_breg13
	.byte	4                               @ 4
	.byte	6                               @ DW_OP_deref
	.byte	28                              @ DW_OP_minus
	.byte	17                              @ DW_OP_consts
	.byte	1                               @ 1
	.byte	34                              @ DW_OP_plus
	.byte	159                             @ DW_OP_stack_value
	.long	0
	.long	0
.Ldebug_loc16:
	.long	.Lfunc_begin13-.Lfunc_begin0
	.long	.Ltmp88-.Lfunc_begin0
	.short	1                               @ Loc expr size
	.byte	80                              @ DW_OP_reg0
	.long	.Ltmp88-.Lfunc_begin0
	.long	.Ltmp96-.Lfunc_begin0
	.short	1                               @ Loc expr size
	.byte	84                              @ DW_OP_reg4
	.long	0
	.long	0
.Ldebug_loc17:
	.long	.Ltmp91-.Lfunc_begin0
	.long	.Ltmp92-.Lfunc_begin0
	.short	9                               @ Loc expr size
	.byte	117                             @ DW_OP_breg5
	.byte	0                               @ 0
	.byte	17                              @ DW_OP_consts
	.byte	16                              @ 16
	.byte	28                              @ DW_OP_minus
	.byte	17                              @ DW_OP_consts
	.byte	127                             @ -1
	.byte	27                              @ DW_OP_div
	.byte	159                             @ DW_OP_stack_value
	.long	.Ltmp92-.Lfunc_begin0
	.long	.Ltmp93-.Lfunc_begin0
	.short	12                              @ Loc expr size
	.byte	117                             @ DW_OP_breg5
	.byte	0                               @ 0
	.byte	17                              @ DW_OP_consts
	.byte	16                              @ 16
	.byte	28                              @ DW_OP_minus
	.byte	17                              @ DW_OP_consts
	.byte	127                             @ -1
	.byte	27                              @ DW_OP_div
	.byte	17                              @ DW_OP_consts
	.byte	1                               @ 1
	.byte	34                              @ DW_OP_plus
	.byte	159                             @ DW_OP_stack_value
	.long	0
	.long	0
	.section	.debug_abbrev,"",%progbits
	.byte	1                               @ Abbreviation Code
	.byte	17                              @ DW_TAG_compile_unit
	.byte	1                               @ DW_CHILDREN_yes
	.byte	37                              @ DW_AT_producer
	.byte	14                              @ DW_FORM_strp
	.byte	19                              @ DW_AT_language
	.byte	5                               @ DW_FORM_data2
	.byte	3                               @ DW_AT_name
	.byte	14                              @ DW_FORM_strp
	.byte	16                              @ DW_AT_stmt_list
	.byte	23                              @ DW_FORM_sec_offset
	.byte	27                              @ DW_AT_comp_dir
	.byte	14                              @ DW_FORM_strp
	.byte	17                              @ DW_AT_low_pc
	.byte	1                               @ DW_FORM_addr
	.byte	18                              @ DW_AT_high_pc
	.byte	6                               @ DW_FORM_data4
	.byte	0                               @ EOM(1)
	.byte	0                               @ EOM(2)
	.byte	2                               @ Abbreviation Code
	.byte	52                              @ DW_TAG_variable
	.byte	0                               @ DW_CHILDREN_no
	.byte	3                               @ DW_AT_name
	.byte	14                              @ DW_FORM_strp
	.byte	73                              @ DW_AT_type
	.byte	19                              @ DW_FORM_ref4
	.byte	58                              @ DW_AT_decl_file
	.byte	11                              @ DW_FORM_data1
	.byte	59                              @ DW_AT_decl_line
	.byte	11                              @ DW_FORM_data1
	.byte	28                              @ DW_AT_const_value
	.byte	15                              @ DW_FORM_udata
	.byte	0                               @ EOM(1)
	.byte	0                               @ EOM(2)
	.byte	3                               @ Abbreviation Code
	.byte	38                              @ DW_TAG_const_type
	.byte	0                               @ DW_CHILDREN_no
	.byte	73                              @ DW_AT_type
	.byte	19                              @ DW_FORM_ref4
	.byte	0                               @ EOM(1)
	.byte	0                               @ EOM(2)
	.byte	4                               @ Abbreviation Code
	.byte	22                              @ DW_TAG_typedef
	.byte	0                               @ DW_CHILDREN_no
	.byte	73                              @ DW_AT_type
	.byte	19                              @ DW_FORM_ref4
	.byte	3                               @ DW_AT_name
	.byte	14                              @ DW_FORM_strp
	.byte	58                              @ DW_AT_decl_file
	.byte	11                              @ DW_FORM_data1
	.byte	59                              @ DW_AT_decl_line
	.byte	11                              @ DW_FORM_data1
	.byte	0                               @ EOM(1)
	.byte	0                               @ EOM(2)
	.byte	5                               @ Abbreviation Code
	.byte	4                               @ DW_TAG_enumeration_type
	.byte	1                               @ DW_CHILDREN_yes
	.byte	73                              @ DW_AT_type
	.byte	19                              @ DW_FORM_ref4
	.byte	11                              @ DW_AT_byte_size
	.byte	11                              @ DW_FORM_data1
	.byte	58                              @ DW_AT_decl_file
	.byte	11                              @ DW_FORM_data1
	.byte	59                              @ DW_AT_decl_line
	.byte	11                              @ DW_FORM_data1
	.byte	0                               @ EOM(1)
	.byte	0                               @ EOM(2)
	.byte	6                               @ Abbreviation Code
	.byte	40                              @ DW_TAG_enumerator
	.byte	0                               @ DW_CHILDREN_no
	.byte	3                               @ DW_AT_name
	.byte	14                              @ DW_FORM_strp
	.byte	28                              @ DW_AT_const_value
	.byte	15                              @ DW_FORM_udata
	.byte	0                               @ EOM(1)
	.byte	0                               @ EOM(2)
	.byte	7                               @ Abbreviation Code
	.byte	36                              @ DW_TAG_base_type
	.byte	0                               @ DW_CHILDREN_no
	.byte	3                               @ DW_AT_name
	.byte	14                              @ DW_FORM_strp
	.byte	62                              @ DW_AT_encoding
	.byte	11                              @ DW_FORM_data1
	.byte	11                              @ DW_AT_byte_size
	.byte	11                              @ DW_FORM_data1
	.byte	0                               @ EOM(1)
	.byte	0                               @ EOM(2)
	.byte	8                               @ Abbreviation Code
	.byte	52                              @ DW_TAG_variable
	.byte	0                               @ DW_CHILDREN_no
	.byte	73                              @ DW_AT_type
	.byte	19                              @ DW_FORM_ref4
	.byte	58                              @ DW_AT_decl_file
	.byte	11                              @ DW_FORM_data1
	.byte	59                              @ DW_AT_decl_line
	.byte	5                               @ DW_FORM_data2
	.byte	2                               @ DW_AT_location
	.byte	24                              @ DW_FORM_exprloc
	.byte	0                               @ EOM(1)
	.byte	0                               @ EOM(2)
	.byte	9                               @ Abbreviation Code
	.byte	1                               @ DW_TAG_array_type
	.byte	1                               @ DW_CHILDREN_yes
	.byte	73                              @ DW_AT_type
	.byte	19                              @ DW_FORM_ref4
	.byte	0                               @ EOM(1)
	.byte	0                               @ EOM(2)
	.byte	10                              @ Abbreviation Code
	.byte	33                              @ DW_TAG_subrange_type
	.byte	0                               @ DW_CHILDREN_no
	.byte	73                              @ DW_AT_type
	.byte	19                              @ DW_FORM_ref4
	.byte	55                              @ DW_AT_count
	.byte	11                              @ DW_FORM_data1
	.byte	0                               @ EOM(1)
	.byte	0                               @ EOM(2)
	.byte	11                              @ Abbreviation Code
	.byte	36                              @ DW_TAG_base_type
	.byte	0                               @ DW_CHILDREN_no
	.byte	3                               @ DW_AT_name
	.byte	14                              @ DW_FORM_strp
	.byte	11                              @ DW_AT_byte_size
	.byte	11                              @ DW_FORM_data1
	.byte	62                              @ DW_AT_encoding
	.byte	11                              @ DW_FORM_data1
	.byte	0                               @ EOM(1)
	.byte	0                               @ EOM(2)
	.byte	12                              @ Abbreviation Code
	.byte	52                              @ DW_TAG_variable
	.byte	0                               @ DW_CHILDREN_no
	.byte	3                               @ DW_AT_name
	.byte	14                              @ DW_FORM_strp
	.byte	73                              @ DW_AT_type
	.byte	19                              @ DW_FORM_ref4
	.byte	58                              @ DW_AT_decl_file
	.byte	11                              @ DW_FORM_data1
	.byte	59                              @ DW_AT_decl_line
	.byte	11                              @ DW_FORM_data1
	.byte	0                               @ EOM(1)
	.byte	0                               @ EOM(2)
	.byte	13                              @ Abbreviation Code
	.byte	19                              @ DW_TAG_structure_type
	.byte	1                               @ DW_CHILDREN_yes
	.byte	3                               @ DW_AT_name
	.byte	14                              @ DW_FORM_strp
	.byte	11                              @ DW_AT_byte_size
	.byte	11                              @ DW_FORM_data1
	.byte	58                              @ DW_AT_decl_file
	.byte	11                              @ DW_FORM_data1
	.byte	59                              @ DW_AT_decl_line
	.byte	11                              @ DW_FORM_data1
	.byte	0                               @ EOM(1)
	.byte	0                               @ EOM(2)
	.byte	14                              @ Abbreviation Code
	.byte	13                              @ DW_TAG_member
	.byte	0                               @ DW_CHILDREN_no
	.byte	3                               @ DW_AT_name
	.byte	14                              @ DW_FORM_strp
	.byte	73                              @ DW_AT_type
	.byte	19                              @ DW_FORM_ref4
	.byte	58                              @ DW_AT_decl_file
	.byte	11                              @ DW_FORM_data1
	.byte	59                              @ DW_AT_decl_line
	.byte	11                              @ DW_FORM_data1
	.byte	56                              @ DW_AT_data_member_location
	.byte	11                              @ DW_FORM_data1
	.byte	0                               @ EOM(1)
	.byte	0                               @ EOM(2)
	.byte	15                              @ Abbreviation Code
	.byte	15                              @ DW_TAG_pointer_type
	.byte	0                               @ DW_CHILDREN_no
	.byte	73                              @ DW_AT_type
	.byte	19                              @ DW_FORM_ref4
	.byte	0                               @ EOM(1)
	.byte	0                               @ EOM(2)
	.byte	16                              @ Abbreviation Code
	.byte	21                              @ DW_TAG_subroutine_type
	.byte	0                               @ DW_CHILDREN_no
	.byte	39                              @ DW_AT_prototyped
	.byte	25                              @ DW_FORM_flag_present
	.byte	0                               @ EOM(1)
	.byte	0                               @ EOM(2)
	.byte	17                              @ Abbreviation Code
	.byte	52                              @ DW_TAG_variable
	.byte	0                               @ DW_CHILDREN_no
	.byte	3                               @ DW_AT_name
	.byte	14                              @ DW_FORM_strp
	.byte	73                              @ DW_AT_type
	.byte	19                              @ DW_FORM_ref4
	.byte	58                              @ DW_AT_decl_file
	.byte	11                              @ DW_FORM_data1
	.byte	59                              @ DW_AT_decl_line
	.byte	11                              @ DW_FORM_data1
	.byte	2                               @ DW_AT_location
	.byte	24                              @ DW_FORM_exprloc
	.byte	0                               @ EOM(1)
	.byte	0                               @ EOM(2)
	.byte	18                              @ Abbreviation Code
	.byte	19                              @ DW_TAG_structure_type
	.byte	1                               @ DW_CHILDREN_yes
	.byte	11                              @ DW_AT_byte_size
	.byte	11                              @ DW_FORM_data1
	.byte	58                              @ DW_AT_decl_file
	.byte	11                              @ DW_FORM_data1
	.byte	59                              @ DW_AT_decl_line
	.byte	11                              @ DW_FORM_data1
	.byte	0                               @ EOM(1)
	.byte	0                               @ EOM(2)
	.byte	19                              @ Abbreviation Code
	.byte	4                               @ DW_TAG_enumeration_type
	.byte	1                               @ DW_CHILDREN_yes
	.byte	73                              @ DW_AT_type
	.byte	19                              @ DW_FORM_ref4
	.byte	3                               @ DW_AT_name
	.byte	14                              @ DW_FORM_strp
	.byte	11                              @ DW_AT_byte_size
	.byte	11                              @ DW_FORM_data1
	.byte	58                              @ DW_AT_decl_file
	.byte	11                              @ DW_FORM_data1
	.byte	59                              @ DW_AT_decl_line
	.byte	5                               @ DW_FORM_data2
	.byte	0                               @ EOM(1)
	.byte	0                               @ EOM(2)
	.byte	20                              @ Abbreviation Code
	.byte	4                               @ DW_TAG_enumeration_type
	.byte	1                               @ DW_CHILDREN_yes
	.byte	73                              @ DW_AT_type
	.byte	19                              @ DW_FORM_ref4
	.byte	3                               @ DW_AT_name
	.byte	14                              @ DW_FORM_strp
	.byte	11                              @ DW_AT_byte_size
	.byte	11                              @ DW_FORM_data1
	.byte	58                              @ DW_AT_decl_file
	.byte	11                              @ DW_FORM_data1
	.byte	59                              @ DW_AT_decl_line
	.byte	11                              @ DW_FORM_data1
	.byte	0                               @ EOM(1)
	.byte	0                               @ EOM(2)
	.byte	21                              @ Abbreviation Code
	.byte	53                              @ DW_TAG_volatile_type
	.byte	0                               @ DW_CHILDREN_no
	.byte	73                              @ DW_AT_type
	.byte	19                              @ DW_FORM_ref4
	.byte	0                               @ EOM(1)
	.byte	0                               @ EOM(2)
	.byte	22                              @ Abbreviation Code
	.byte	46                              @ DW_TAG_subprogram
	.byte	0                               @ DW_CHILDREN_no
	.byte	17                              @ DW_AT_low_pc
	.byte	1                               @ DW_FORM_addr
	.byte	18                              @ DW_AT_high_pc
	.byte	6                               @ DW_FORM_data4
	.byte	64                              @ DW_AT_frame_base
	.byte	24                              @ DW_FORM_exprloc
	.ascii	"\227B"                         @ DW_AT_GNU_all_call_sites
	.byte	25                              @ DW_FORM_flag_present
	.byte	3                               @ DW_AT_name
	.byte	14                              @ DW_FORM_strp
	.byte	58                              @ DW_AT_decl_file
	.byte	11                              @ DW_FORM_data1
	.byte	59                              @ DW_AT_decl_line
	.byte	11                              @ DW_FORM_data1
	.byte	39                              @ DW_AT_prototyped
	.byte	25                              @ DW_FORM_flag_present
	.byte	63                              @ DW_AT_external
	.byte	25                              @ DW_FORM_flag_present
	.byte	0                               @ EOM(1)
	.byte	0                               @ EOM(2)
	.byte	23                              @ Abbreviation Code
	.byte	46                              @ DW_TAG_subprogram
	.byte	1                               @ DW_CHILDREN_yes
	.byte	17                              @ DW_AT_low_pc
	.byte	1                               @ DW_FORM_addr
	.byte	18                              @ DW_AT_high_pc
	.byte	6                               @ DW_FORM_data4
	.byte	64                              @ DW_AT_frame_base
	.byte	24                              @ DW_FORM_exprloc
	.ascii	"\227B"                         @ DW_AT_GNU_all_call_sites
	.byte	25                              @ DW_FORM_flag_present
	.byte	3                               @ DW_AT_name
	.byte	14                              @ DW_FORM_strp
	.byte	58                              @ DW_AT_decl_file
	.byte	11                              @ DW_FORM_data1
	.byte	59                              @ DW_AT_decl_line
	.byte	11                              @ DW_FORM_data1
	.byte	39                              @ DW_AT_prototyped
	.byte	25                              @ DW_FORM_flag_present
	.byte	63                              @ DW_AT_external
	.byte	25                              @ DW_FORM_flag_present
	.byte	0                               @ EOM(1)
	.byte	0                               @ EOM(2)
	.byte	24                              @ Abbreviation Code
	.byte	5                               @ DW_TAG_formal_parameter
	.byte	0                               @ DW_CHILDREN_no
	.byte	2                               @ DW_AT_location
	.byte	23                              @ DW_FORM_sec_offset
	.byte	3                               @ DW_AT_name
	.byte	14                              @ DW_FORM_strp
	.byte	58                              @ DW_AT_decl_file
	.byte	11                              @ DW_FORM_data1
	.byte	59                              @ DW_AT_decl_line
	.byte	11                              @ DW_FORM_data1
	.byte	73                              @ DW_AT_type
	.byte	19                              @ DW_FORM_ref4
	.byte	0                               @ EOM(1)
	.byte	0                               @ EOM(2)
	.byte	25                              @ Abbreviation Code
	.byte	46                              @ DW_TAG_subprogram
	.byte	0                               @ DW_CHILDREN_no
	.byte	3                               @ DW_AT_name
	.byte	14                              @ DW_FORM_strp
	.byte	58                              @ DW_AT_decl_file
	.byte	11                              @ DW_FORM_data1
	.byte	59                              @ DW_AT_decl_line
	.byte	5                               @ DW_FORM_data2
	.byte	39                              @ DW_AT_prototyped
	.byte	25                              @ DW_FORM_flag_present
	.byte	73                              @ DW_AT_type
	.byte	19                              @ DW_FORM_ref4
	.byte	32                              @ DW_AT_inline
	.byte	11                              @ DW_FORM_data1
	.byte	0                               @ EOM(1)
	.byte	0                               @ EOM(2)
	.byte	26                              @ Abbreviation Code
	.byte	46                              @ DW_TAG_subprogram
	.byte	1                               @ DW_CHILDREN_yes
	.byte	17                              @ DW_AT_low_pc
	.byte	1                               @ DW_FORM_addr
	.byte	18                              @ DW_AT_high_pc
	.byte	6                               @ DW_FORM_data4
	.byte	64                              @ DW_AT_frame_base
	.byte	24                              @ DW_FORM_exprloc
	.ascii	"\227B"                         @ DW_AT_GNU_all_call_sites
	.byte	25                              @ DW_FORM_flag_present
	.byte	3                               @ DW_AT_name
	.byte	14                              @ DW_FORM_strp
	.byte	58                              @ DW_AT_decl_file
	.byte	11                              @ DW_FORM_data1
	.byte	59                              @ DW_AT_decl_line
	.byte	5                               @ DW_FORM_data2
	.byte	39                              @ DW_AT_prototyped
	.byte	25                              @ DW_FORM_flag_present
	.byte	63                              @ DW_AT_external
	.byte	25                              @ DW_FORM_flag_present
	.byte	0                               @ EOM(1)
	.byte	0                               @ EOM(2)
	.byte	27                              @ Abbreviation Code
	.byte	29                              @ DW_TAG_inlined_subroutine
	.byte	0                               @ DW_CHILDREN_no
	.byte	49                              @ DW_AT_abstract_origin
	.byte	19                              @ DW_FORM_ref4
	.byte	17                              @ DW_AT_low_pc
	.byte	1                               @ DW_FORM_addr
	.byte	18                              @ DW_AT_high_pc
	.byte	6                               @ DW_FORM_data4
	.byte	88                              @ DW_AT_call_file
	.byte	11                              @ DW_FORM_data1
	.byte	89                              @ DW_AT_call_line
	.byte	5                               @ DW_FORM_data2
	.byte	87                              @ DW_AT_call_column
	.byte	11                              @ DW_FORM_data1
	.byte	0                               @ EOM(1)
	.byte	0                               @ EOM(2)
	.byte	28                              @ Abbreviation Code
	.byte	46                              @ DW_TAG_subprogram
	.byte	0                               @ DW_CHILDREN_no
	.byte	17                              @ DW_AT_low_pc
	.byte	1                               @ DW_FORM_addr
	.byte	18                              @ DW_AT_high_pc
	.byte	6                               @ DW_FORM_data4
	.byte	64                              @ DW_AT_frame_base
	.byte	24                              @ DW_FORM_exprloc
	.ascii	"\227B"                         @ DW_AT_GNU_all_call_sites
	.byte	25                              @ DW_FORM_flag_present
	.byte	3                               @ DW_AT_name
	.byte	14                              @ DW_FORM_strp
	.byte	58                              @ DW_AT_decl_file
	.byte	11                              @ DW_FORM_data1
	.byte	59                              @ DW_AT_decl_line
	.byte	5                               @ DW_FORM_data2
	.byte	39                              @ DW_AT_prototyped
	.byte	25                              @ DW_FORM_flag_present
	.byte	63                              @ DW_AT_external
	.byte	25                              @ DW_FORM_flag_present
	.byte	0                               @ EOM(1)
	.byte	0                               @ EOM(2)
	.byte	29                              @ Abbreviation Code
	.byte	5                               @ DW_TAG_formal_parameter
	.byte	0                               @ DW_CHILDREN_no
	.byte	2                               @ DW_AT_location
	.byte	23                              @ DW_FORM_sec_offset
	.byte	3                               @ DW_AT_name
	.byte	14                              @ DW_FORM_strp
	.byte	58                              @ DW_AT_decl_file
	.byte	11                              @ DW_FORM_data1
	.byte	59                              @ DW_AT_decl_line
	.byte	5                               @ DW_FORM_data2
	.byte	73                              @ DW_AT_type
	.byte	19                              @ DW_FORM_ref4
	.byte	0                               @ EOM(1)
	.byte	0                               @ EOM(2)
	.byte	30                              @ Abbreviation Code
	.byte	5                               @ DW_TAG_formal_parameter
	.byte	0                               @ DW_CHILDREN_no
	.byte	2                               @ DW_AT_location
	.byte	24                              @ DW_FORM_exprloc
	.byte	3                               @ DW_AT_name
	.byte	14                              @ DW_FORM_strp
	.byte	58                              @ DW_AT_decl_file
	.byte	11                              @ DW_FORM_data1
	.byte	59                              @ DW_AT_decl_line
	.byte	5                               @ DW_FORM_data2
	.byte	73                              @ DW_AT_type
	.byte	19                              @ DW_FORM_ref4
	.byte	0                               @ EOM(1)
	.byte	0                               @ EOM(2)
	.byte	31                              @ Abbreviation Code
	.byte	46                              @ DW_TAG_subprogram
	.byte	0                               @ DW_CHILDREN_no
	.byte	3                               @ DW_AT_name
	.byte	14                              @ DW_FORM_strp
	.byte	58                              @ DW_AT_decl_file
	.byte	11                              @ DW_FORM_data1
	.byte	59                              @ DW_AT_decl_line
	.byte	11                              @ DW_FORM_data1
	.byte	39                              @ DW_AT_prototyped
	.byte	25                              @ DW_FORM_flag_present
	.byte	73                              @ DW_AT_type
	.byte	19                              @ DW_FORM_ref4
	.byte	32                              @ DW_AT_inline
	.byte	11                              @ DW_FORM_data1
	.byte	0                               @ EOM(1)
	.byte	0                               @ EOM(2)
	.byte	32                              @ Abbreviation Code
	.byte	46                              @ DW_TAG_subprogram
	.byte	1                               @ DW_CHILDREN_yes
	.byte	3                               @ DW_AT_name
	.byte	14                              @ DW_FORM_strp
	.byte	58                              @ DW_AT_decl_file
	.byte	11                              @ DW_FORM_data1
	.byte	59                              @ DW_AT_decl_line
	.byte	5                               @ DW_FORM_data2
	.byte	39                              @ DW_AT_prototyped
	.byte	25                              @ DW_FORM_flag_present
	.byte	32                              @ DW_AT_inline
	.byte	11                              @ DW_FORM_data1
	.byte	0                               @ EOM(1)
	.byte	0                               @ EOM(2)
	.byte	33                              @ Abbreviation Code
	.byte	5                               @ DW_TAG_formal_parameter
	.byte	0                               @ DW_CHILDREN_no
	.byte	3                               @ DW_AT_name
	.byte	14                              @ DW_FORM_strp
	.byte	58                              @ DW_AT_decl_file
	.byte	11                              @ DW_FORM_data1
	.byte	59                              @ DW_AT_decl_line
	.byte	5                               @ DW_FORM_data2
	.byte	73                              @ DW_AT_type
	.byte	19                              @ DW_FORM_ref4
	.byte	0                               @ EOM(1)
	.byte	0                               @ EOM(2)
	.byte	34                              @ Abbreviation Code
	.byte	52                              @ DW_TAG_variable
	.byte	0                               @ DW_CHILDREN_no
	.byte	3                               @ DW_AT_name
	.byte	14                              @ DW_FORM_strp
	.byte	58                              @ DW_AT_decl_file
	.byte	11                              @ DW_FORM_data1
	.byte	59                              @ DW_AT_decl_line
	.byte	5                               @ DW_FORM_data2
	.byte	73                              @ DW_AT_type
	.byte	19                              @ DW_FORM_ref4
	.byte	0                               @ EOM(1)
	.byte	0                               @ EOM(2)
	.byte	35                              @ Abbreviation Code
	.byte	38                              @ DW_TAG_const_type
	.byte	0                               @ DW_CHILDREN_no
	.byte	0                               @ EOM(1)
	.byte	0                               @ EOM(2)
	.byte	36                              @ Abbreviation Code
	.byte	29                              @ DW_TAG_inlined_subroutine
	.byte	1                               @ DW_CHILDREN_yes
	.byte	49                              @ DW_AT_abstract_origin
	.byte	19                              @ DW_FORM_ref4
	.byte	17                              @ DW_AT_low_pc
	.byte	1                               @ DW_FORM_addr
	.byte	18                              @ DW_AT_high_pc
	.byte	6                               @ DW_FORM_data4
	.byte	88                              @ DW_AT_call_file
	.byte	11                              @ DW_FORM_data1
	.byte	89                              @ DW_AT_call_line
	.byte	5                               @ DW_FORM_data2
	.byte	87                              @ DW_AT_call_column
	.byte	11                              @ DW_FORM_data1
	.byte	0                               @ EOM(1)
	.byte	0                               @ EOM(2)
	.byte	37                              @ Abbreviation Code
	.byte	5                               @ DW_TAG_formal_parameter
	.byte	0                               @ DW_CHILDREN_no
	.byte	2                               @ DW_AT_location
	.byte	24                              @ DW_FORM_exprloc
	.byte	49                              @ DW_AT_abstract_origin
	.byte	19                              @ DW_FORM_ref4
	.byte	0                               @ EOM(1)
	.byte	0                               @ EOM(2)
	.byte	38                              @ Abbreviation Code
	.byte	5                               @ DW_TAG_formal_parameter
	.byte	0                               @ DW_CHILDREN_no
	.byte	2                               @ DW_AT_location
	.byte	23                              @ DW_FORM_sec_offset
	.byte	49                              @ DW_AT_abstract_origin
	.byte	19                              @ DW_FORM_ref4
	.byte	0                               @ EOM(1)
	.byte	0                               @ EOM(2)
	.byte	39                              @ Abbreviation Code
	.byte	52                              @ DW_TAG_variable
	.byte	0                               @ DW_CHILDREN_no
	.byte	2                               @ DW_AT_location
	.byte	23                              @ DW_FORM_sec_offset
	.byte	49                              @ DW_AT_abstract_origin
	.byte	19                              @ DW_FORM_ref4
	.byte	0                               @ EOM(1)
	.byte	0                               @ EOM(2)
	.byte	40                              @ Abbreviation Code
	.byte	52                              @ DW_TAG_variable
	.byte	0                               @ DW_CHILDREN_no
	.byte	2                               @ DW_AT_location
	.byte	24                              @ DW_FORM_exprloc
	.byte	49                              @ DW_AT_abstract_origin
	.byte	19                              @ DW_FORM_ref4
	.byte	0                               @ EOM(1)
	.byte	0                               @ EOM(2)
	.byte	41                              @ Abbreviation Code
	.byte	11                              @ DW_TAG_lexical_block
	.byte	1                               @ DW_CHILDREN_yes
	.byte	0                               @ EOM(1)
	.byte	0                               @ EOM(2)
	.byte	42                              @ Abbreviation Code
	.byte	19                              @ DW_TAG_structure_type
	.byte	1                               @ DW_CHILDREN_yes
	.byte	3                               @ DW_AT_name
	.byte	14                              @ DW_FORM_strp
	.byte	11                              @ DW_AT_byte_size
	.byte	11                              @ DW_FORM_data1
	.byte	58                              @ DW_AT_decl_file
	.byte	11                              @ DW_FORM_data1
	.byte	59                              @ DW_AT_decl_line
	.byte	5                               @ DW_FORM_data2
	.byte	0                               @ EOM(1)
	.byte	0                               @ EOM(2)
	.byte	43                              @ Abbreviation Code
	.byte	13                              @ DW_TAG_member
	.byte	0                               @ DW_CHILDREN_no
	.byte	3                               @ DW_AT_name
	.byte	14                              @ DW_FORM_strp
	.byte	73                              @ DW_AT_type
	.byte	19                              @ DW_FORM_ref4
	.byte	58                              @ DW_AT_decl_file
	.byte	11                              @ DW_FORM_data1
	.byte	59                              @ DW_AT_decl_line
	.byte	5                               @ DW_FORM_data2
	.byte	56                              @ DW_AT_data_member_location
	.byte	11                              @ DW_FORM_data1
	.byte	0                               @ EOM(1)
	.byte	0                               @ EOM(2)
	.byte	44                              @ Abbreviation Code
	.byte	29                              @ DW_TAG_inlined_subroutine
	.byte	1                               @ DW_CHILDREN_yes
	.byte	49                              @ DW_AT_abstract_origin
	.byte	19                              @ DW_FORM_ref4
	.byte	85                              @ DW_AT_ranges
	.byte	23                              @ DW_FORM_sec_offset
	.byte	88                              @ DW_AT_call_file
	.byte	11                              @ DW_FORM_data1
	.byte	89                              @ DW_AT_call_line
	.byte	5                               @ DW_FORM_data2
	.byte	87                              @ DW_AT_call_column
	.byte	11                              @ DW_FORM_data1
	.byte	0                               @ EOM(1)
	.byte	0                               @ EOM(2)
	.byte	45                              @ Abbreviation Code
	.byte	11                              @ DW_TAG_lexical_block
	.byte	1                               @ DW_CHILDREN_yes
	.byte	17                              @ DW_AT_low_pc
	.byte	1                               @ DW_FORM_addr
	.byte	18                              @ DW_AT_high_pc
	.byte	6                               @ DW_FORM_data4
	.byte	0                               @ EOM(1)
	.byte	0                               @ EOM(2)
	.byte	46                              @ Abbreviation Code
	.byte	52                              @ DW_TAG_variable
	.byte	0                               @ DW_CHILDREN_no
	.byte	2                               @ DW_AT_location
	.byte	23                              @ DW_FORM_sec_offset
	.byte	3                               @ DW_AT_name
	.byte	14                              @ DW_FORM_strp
	.byte	58                              @ DW_AT_decl_file
	.byte	11                              @ DW_FORM_data1
	.byte	59                              @ DW_AT_decl_line
	.byte	5                               @ DW_FORM_data2
	.byte	73                              @ DW_AT_type
	.byte	19                              @ DW_FORM_ref4
	.byte	0                               @ EOM(1)
	.byte	0                               @ EOM(2)
	.byte	47                              @ Abbreviation Code
	.byte	23                              @ DW_TAG_union_type
	.byte	1                               @ DW_CHILDREN_yes
	.byte	3                               @ DW_AT_name
	.byte	14                              @ DW_FORM_strp
	.byte	11                              @ DW_AT_byte_size
	.byte	11                              @ DW_FORM_data1
	.byte	58                              @ DW_AT_decl_file
	.byte	11                              @ DW_FORM_data1
	.byte	59                              @ DW_AT_decl_line
	.byte	5                               @ DW_FORM_data2
	.byte	0                               @ EOM(1)
	.byte	0                               @ EOM(2)
	.byte	48                              @ Abbreviation Code
	.byte	33                              @ DW_TAG_subrange_type
	.byte	0                               @ DW_CHILDREN_no
	.byte	73                              @ DW_AT_type
	.byte	19                              @ DW_FORM_ref4
	.byte	0                               @ EOM(1)
	.byte	0                               @ EOM(2)
	.byte	0                               @ EOM(3)
	.section	.debug_info,"",%progbits
.Lcu_begin0:
	.long	.Ldebug_info_end0-.Ldebug_info_start0 @ Length of Unit
.Ldebug_info_start0:
	.short	4                               @ DWARF version number
	.long	.debug_abbrev                   @ Offset Into Abbrev. Section
	.byte	4                               @ Address Size (in bytes)
	.byte	1                               @ Abbrev [1] 0xb:0xc47 DW_TAG_compile_unit
	.long	.Linfo_string0                  @ DW_AT_producer
	.short	12                              @ DW_AT_language
	.long	.Linfo_string1                  @ DW_AT_name
	.long	.Lline_table_start0             @ DW_AT_stmt_list
	.long	.Linfo_string2                  @ DW_AT_comp_dir
	.long	.Lfunc_begin0                   @ DW_AT_low_pc
	.long	.Lfunc_end13-.Lfunc_begin0      @ DW_AT_high_pc
	.byte	2                               @ Abbrev [2] 0x26:0xc DW_TAG_variable
	.long	.Linfo_string3                  @ DW_AT_name
	.long	50                              @ DW_AT_type
	.byte	2                               @ DW_AT_decl_file
	.byte	76                              @ DW_AT_decl_line
	.byte	0                               @ DW_AT_const_value
	.byte	3                               @ Abbrev [3] 0x32:0x5 DW_TAG_const_type
	.long	55                              @ DW_AT_type
	.byte	4                               @ Abbrev [4] 0x37:0xb DW_TAG_typedef
	.long	66                              @ DW_AT_type
	.long	.Linfo_string8                  @ DW_AT_name
	.byte	1                               @ DW_AT_decl_file
	.byte	68                              @ DW_AT_decl_line
	.byte	5                               @ Abbrev [5] 0x42:0x1b DW_TAG_enumeration_type
	.long	93                              @ DW_AT_type
	.byte	1                               @ DW_AT_byte_size
	.byte	1                               @ DW_AT_decl_file
	.byte	63                              @ DW_AT_decl_line
	.byte	6                               @ Abbrev [6] 0x4a:0x6 DW_TAG_enumerator
	.long	.Linfo_string5                  @ DW_AT_name
	.byte	0                               @ DW_AT_const_value
	.byte	6                               @ Abbrev [6] 0x50:0x6 DW_TAG_enumerator
	.long	.Linfo_string6                  @ DW_AT_name
	.byte	1                               @ DW_AT_const_value
	.byte	6                               @ Abbrev [6] 0x56:0x6 DW_TAG_enumerator
	.long	.Linfo_string7                  @ DW_AT_name
	.byte	2                               @ DW_AT_const_value
	.byte	0                               @ End Of Children Mark
	.byte	7                               @ Abbrev [7] 0x5d:0x7 DW_TAG_base_type
	.long	.Linfo_string4                  @ DW_AT_name
	.byte	8                               @ DW_AT_encoding
	.byte	1                               @ DW_AT_byte_size
	.byte	8                               @ Abbrev [8] 0x64:0xe DW_TAG_variable
	.long	114                             @ DW_AT_type
	.byte	3                               @ DW_AT_decl_file
	.short	410                             @ DW_AT_decl_line
	.byte	5                               @ DW_AT_location
	.byte	3
	.long	.L.str
	.byte	9                               @ Abbrev [9] 0x72:0xc DW_TAG_array_type
	.long	126                             @ DW_AT_type
	.byte	10                              @ Abbrev [10] 0x77:0x6 DW_TAG_subrange_type
	.long	133                             @ DW_AT_type
	.byte	12                              @ DW_AT_count
	.byte	0                               @ End Of Children Mark
	.byte	7                               @ Abbrev [7] 0x7e:0x7 DW_TAG_base_type
	.long	.Linfo_string9                  @ DW_AT_name
	.byte	8                               @ DW_AT_encoding
	.byte	1                               @ DW_AT_byte_size
	.byte	11                              @ Abbrev [11] 0x85:0x7 DW_TAG_base_type
	.long	.Linfo_string10                 @ DW_AT_name
	.byte	8                               @ DW_AT_byte_size
	.byte	7                               @ DW_AT_encoding
	.byte	8                               @ Abbrev [8] 0x8c:0xe DW_TAG_variable
	.long	154                             @ DW_AT_type
	.byte	3                               @ DW_AT_decl_file
	.short	412                             @ DW_AT_decl_line
	.byte	5                               @ DW_AT_location
	.byte	3
	.long	.L.str.1
	.byte	9                               @ Abbrev [9] 0x9a:0xc DW_TAG_array_type
	.long	126                             @ DW_AT_type
	.byte	10                              @ Abbrev [10] 0x9f:0x6 DW_TAG_subrange_type
	.long	133                             @ DW_AT_type
	.byte	5                               @ DW_AT_count
	.byte	0                               @ End Of Children Mark
	.byte	12                              @ Abbrev [12] 0xa6:0xb DW_TAG_variable
	.long	.Linfo_string11                 @ DW_AT_name
	.long	177                             @ DW_AT_type
	.byte	5                               @ DW_AT_decl_file
	.byte	173                             @ DW_AT_decl_line
	.byte	3                               @ Abbrev [3] 0xb1:0x5 DW_TAG_const_type
	.long	182                             @ DW_AT_type
	.byte	13                              @ Abbrev [13] 0xb6:0x15 DW_TAG_structure_type
	.long	.Linfo_string13                 @ DW_AT_name
	.byte	4                               @ DW_AT_byte_size
	.byte	4                               @ DW_AT_decl_file
	.byte	101                             @ DW_AT_decl_line
	.byte	14                              @ Abbrev [14] 0xbe:0xc DW_TAG_member
	.long	.Linfo_string12                 @ DW_AT_name
	.long	203                             @ DW_AT_type
	.byte	4                               @ DW_AT_decl_file
	.byte	104                             @ DW_AT_decl_line
	.byte	0                               @ DW_AT_data_member_location
	.byte	0                               @ End Of Children Mark
	.byte	15                              @ Abbrev [15] 0xcb:0x5 DW_TAG_pointer_type
	.long	208                             @ DW_AT_type
	.byte	16                              @ Abbrev [16] 0xd0:0x1 DW_TAG_subroutine_type
                                        @ DW_AT_prototyped
	.byte	17                              @ Abbrev [17] 0xd1:0x11 DW_TAG_variable
	.long	.Linfo_string14                 @ DW_AT_name
	.long	226                             @ DW_AT_type
	.byte	3                               @ DW_AT_decl_file
	.byte	101                             @ DW_AT_decl_line
	.byte	5                               @ DW_AT_location
	.byte	3
	.long	irk_key_seed
	.byte	3                               @ Abbrev [3] 0xe2:0x5 DW_TAG_const_type
	.long	231                             @ DW_AT_type
	.byte	4                               @ Abbrev [4] 0xe7:0xb DW_TAG_typedef
	.long	242                             @ DW_AT_type
	.long	.Linfo_string20                 @ DW_AT_name
	.byte	7                               @ DW_AT_decl_file
	.byte	128                             @ DW_AT_decl_line
	.byte	18                              @ Abbrev [18] 0xf2:0x1d DW_TAG_structure_type
	.byte	20                              @ DW_AT_byte_size
	.byte	7                               @ DW_AT_decl_file
	.byte	125                             @ DW_AT_decl_line
	.byte	14                              @ Abbrev [14] 0xf6:0xc DW_TAG_member
	.long	.Linfo_string15                 @ DW_AT_name
	.long	271                             @ DW_AT_type
	.byte	7                               @ DW_AT_decl_file
	.byte	126                             @ DW_AT_decl_line
	.byte	0                               @ DW_AT_data_member_location
	.byte	14                              @ Abbrev [14] 0x102:0xc DW_TAG_member
	.long	.Linfo_string18                 @ DW_AT_name
	.long	301                             @ DW_AT_type
	.byte	7                               @ DW_AT_decl_file
	.byte	127                             @ DW_AT_decl_line
	.byte	16                              @ DW_AT_data_member_location
	.byte	0                               @ End Of Children Mark
	.byte	9                               @ Abbrev [9] 0x10f:0xc DW_TAG_array_type
	.long	283                             @ DW_AT_type
	.byte	10                              @ Abbrev [10] 0x114:0x6 DW_TAG_subrange_type
	.long	133                             @ DW_AT_type
	.byte	4                               @ DW_AT_count
	.byte	0                               @ End Of Children Mark
	.byte	4                               @ Abbrev [4] 0x11b:0xb DW_TAG_typedef
	.long	294                             @ DW_AT_type
	.long	.Linfo_string17                 @ DW_AT_name
	.byte	6                               @ DW_AT_decl_file
	.byte	64                              @ DW_AT_decl_line
	.byte	7                               @ Abbrev [7] 0x126:0x7 DW_TAG_base_type
	.long	.Linfo_string16                 @ DW_AT_name
	.byte	7                               @ DW_AT_encoding
	.byte	4                               @ DW_AT_byte_size
	.byte	4                               @ Abbrev [4] 0x12d:0xb DW_TAG_typedef
	.long	93                              @ DW_AT_type
	.long	.Linfo_string19                 @ DW_AT_name
	.byte	6                               @ DW_AT_decl_file
	.byte	62                              @ DW_AT_decl_line
	.byte	19                              @ Abbrev [19] 0x138:0x32 DW_TAG_enumeration_type
	.long	93                              @ DW_AT_type
	.long	.Linfo_string27                 @ DW_AT_name
	.byte	1                               @ DW_AT_byte_size
	.byte	8                               @ DW_AT_decl_file
	.short	360                             @ DW_AT_decl_line
	.byte	6                               @ Abbrev [6] 0x145:0x6 DW_TAG_enumerator
	.long	.Linfo_string21                 @ DW_AT_name
	.byte	0                               @ DW_AT_const_value
	.byte	6                               @ Abbrev [6] 0x14b:0x6 DW_TAG_enumerator
	.long	.Linfo_string22                 @ DW_AT_name
	.byte	1                               @ DW_AT_const_value
	.byte	6                               @ Abbrev [6] 0x151:0x6 DW_TAG_enumerator
	.long	.Linfo_string23                 @ DW_AT_name
	.byte	2                               @ DW_AT_const_value
	.byte	6                               @ Abbrev [6] 0x157:0x6 DW_TAG_enumerator
	.long	.Linfo_string24                 @ DW_AT_name
	.byte	3                               @ DW_AT_const_value
	.byte	6                               @ Abbrev [6] 0x15d:0x6 DW_TAG_enumerator
	.long	.Linfo_string25                 @ DW_AT_name
	.byte	4                               @ DW_AT_const_value
	.byte	6                               @ Abbrev [6] 0x163:0x6 DW_TAG_enumerator
	.long	.Linfo_string26                 @ DW_AT_name
	.byte	5                               @ DW_AT_const_value
	.byte	0                               @ End Of Children Mark
	.byte	20                              @ Abbrev [20] 0x16a:0x427 DW_TAG_enumeration_type
	.long	93                              @ DW_AT_type
	.long	.Linfo_string190                @ DW_AT_name
	.byte	1                               @ DW_AT_byte_size
	.byte	9                               @ DW_AT_decl_file
	.byte	43                              @ DW_AT_decl_line
	.byte	6                               @ Abbrev [6] 0x176:0x6 DW_TAG_enumerator
	.long	.Linfo_string28                 @ DW_AT_name
	.byte	0                               @ DW_AT_const_value
	.byte	6                               @ Abbrev [6] 0x17c:0x6 DW_TAG_enumerator
	.long	.Linfo_string29                 @ DW_AT_name
	.byte	0                               @ DW_AT_const_value
	.byte	6                               @ Abbrev [6] 0x182:0x6 DW_TAG_enumerator
	.long	.Linfo_string30                 @ DW_AT_name
	.byte	1                               @ DW_AT_const_value
	.byte	6                               @ Abbrev [6] 0x188:0x6 DW_TAG_enumerator
	.long	.Linfo_string31                 @ DW_AT_name
	.byte	2                               @ DW_AT_const_value
	.byte	6                               @ Abbrev [6] 0x18e:0x6 DW_TAG_enumerator
	.long	.Linfo_string32                 @ DW_AT_name
	.byte	3                               @ DW_AT_const_value
	.byte	6                               @ Abbrev [6] 0x194:0x6 DW_TAG_enumerator
	.long	.Linfo_string33                 @ DW_AT_name
	.byte	4                               @ DW_AT_const_value
	.byte	6                               @ Abbrev [6] 0x19a:0x6 DW_TAG_enumerator
	.long	.Linfo_string34                 @ DW_AT_name
	.byte	5                               @ DW_AT_const_value
	.byte	6                               @ Abbrev [6] 0x1a0:0x6 DW_TAG_enumerator
	.long	.Linfo_string35                 @ DW_AT_name
	.byte	6                               @ DW_AT_const_value
	.byte	6                               @ Abbrev [6] 0x1a6:0x6 DW_TAG_enumerator
	.long	.Linfo_string36                 @ DW_AT_name
	.byte	7                               @ DW_AT_const_value
	.byte	6                               @ Abbrev [6] 0x1ac:0x6 DW_TAG_enumerator
	.long	.Linfo_string37                 @ DW_AT_name
	.byte	8                               @ DW_AT_const_value
	.byte	6                               @ Abbrev [6] 0x1b2:0x6 DW_TAG_enumerator
	.long	.Linfo_string38                 @ DW_AT_name
	.byte	9                               @ DW_AT_const_value
	.byte	6                               @ Abbrev [6] 0x1b8:0x6 DW_TAG_enumerator
	.long	.Linfo_string39                 @ DW_AT_name
	.byte	10                              @ DW_AT_const_value
	.byte	6                               @ Abbrev [6] 0x1be:0x6 DW_TAG_enumerator
	.long	.Linfo_string40                 @ DW_AT_name
	.byte	11                              @ DW_AT_const_value
	.byte	6                               @ Abbrev [6] 0x1c4:0x6 DW_TAG_enumerator
	.long	.Linfo_string41                 @ DW_AT_name
	.byte	12                              @ DW_AT_const_value
	.byte	6                               @ Abbrev [6] 0x1ca:0x6 DW_TAG_enumerator
	.long	.Linfo_string42                 @ DW_AT_name
	.byte	13                              @ DW_AT_const_value
	.byte	6                               @ Abbrev [6] 0x1d0:0x6 DW_TAG_enumerator
	.long	.Linfo_string43                 @ DW_AT_name
	.byte	14                              @ DW_AT_const_value
	.byte	6                               @ Abbrev [6] 0x1d6:0x6 DW_TAG_enumerator
	.long	.Linfo_string44                 @ DW_AT_name
	.byte	15                              @ DW_AT_const_value
	.byte	6                               @ Abbrev [6] 0x1dc:0x6 DW_TAG_enumerator
	.long	.Linfo_string45                 @ DW_AT_name
	.byte	16                              @ DW_AT_const_value
	.byte	6                               @ Abbrev [6] 0x1e2:0x6 DW_TAG_enumerator
	.long	.Linfo_string46                 @ DW_AT_name
	.byte	17                              @ DW_AT_const_value
	.byte	6                               @ Abbrev [6] 0x1e8:0x7 DW_TAG_enumerator
	.long	.Linfo_string47                 @ DW_AT_name
	.ascii	"\200\001"                      @ DW_AT_const_value
	.byte	6                               @ Abbrev [6] 0x1ef:0x6 DW_TAG_enumerator
	.long	.Linfo_string48                 @ DW_AT_name
	.byte	48                              @ DW_AT_const_value
	.byte	6                               @ Abbrev [6] 0x1f5:0x6 DW_TAG_enumerator
	.long	.Linfo_string49                 @ DW_AT_name
	.byte	49                              @ DW_AT_const_value
	.byte	6                               @ Abbrev [6] 0x1fb:0x6 DW_TAG_enumerator
	.long	.Linfo_string50                 @ DW_AT_name
	.byte	50                              @ DW_AT_const_value
	.byte	6                               @ Abbrev [6] 0x201:0x6 DW_TAG_enumerator
	.long	.Linfo_string51                 @ DW_AT_name
	.byte	51                              @ DW_AT_const_value
	.byte	6                               @ Abbrev [6] 0x207:0x6 DW_TAG_enumerator
	.long	.Linfo_string52                 @ DW_AT_name
	.byte	52                              @ DW_AT_const_value
	.byte	6                               @ Abbrev [6] 0x20d:0x6 DW_TAG_enumerator
	.long	.Linfo_string53                 @ DW_AT_name
	.byte	53                              @ DW_AT_const_value
	.byte	6                               @ Abbrev [6] 0x213:0x6 DW_TAG_enumerator
	.long	.Linfo_string54                 @ DW_AT_name
	.byte	54                              @ DW_AT_const_value
	.byte	6                               @ Abbrev [6] 0x219:0x6 DW_TAG_enumerator
	.long	.Linfo_string55                 @ DW_AT_name
	.byte	55                              @ DW_AT_const_value
	.byte	6                               @ Abbrev [6] 0x21f:0x6 DW_TAG_enumerator
	.long	.Linfo_string56                 @ DW_AT_name
	.byte	56                              @ DW_AT_const_value
	.byte	6                               @ Abbrev [6] 0x225:0x6 DW_TAG_enumerator
	.long	.Linfo_string57                 @ DW_AT_name
	.byte	57                              @ DW_AT_const_value
	.byte	6                               @ Abbrev [6] 0x22b:0x6 DW_TAG_enumerator
	.long	.Linfo_string58                 @ DW_AT_name
	.byte	58                              @ DW_AT_const_value
	.byte	6                               @ Abbrev [6] 0x231:0x6 DW_TAG_enumerator
	.long	.Linfo_string59                 @ DW_AT_name
	.byte	59                              @ DW_AT_const_value
	.byte	6                               @ Abbrev [6] 0x237:0x6 DW_TAG_enumerator
	.long	.Linfo_string60                 @ DW_AT_name
	.byte	59                              @ DW_AT_const_value
	.byte	6                               @ Abbrev [6] 0x23d:0x6 DW_TAG_enumerator
	.long	.Linfo_string61                 @ DW_AT_name
	.byte	60                              @ DW_AT_const_value
	.byte	6                               @ Abbrev [6] 0x243:0x6 DW_TAG_enumerator
	.long	.Linfo_string62                 @ DW_AT_name
	.byte	61                              @ DW_AT_const_value
	.byte	6                               @ Abbrev [6] 0x249:0x6 DW_TAG_enumerator
	.long	.Linfo_string63                 @ DW_AT_name
	.byte	62                              @ DW_AT_const_value
	.byte	6                               @ Abbrev [6] 0x24f:0x6 DW_TAG_enumerator
	.long	.Linfo_string64                 @ DW_AT_name
	.byte	63                              @ DW_AT_const_value
	.byte	6                               @ Abbrev [6] 0x255:0x6 DW_TAG_enumerator
	.long	.Linfo_string65                 @ DW_AT_name
	.byte	64                              @ DW_AT_const_value
	.byte	6                               @ Abbrev [6] 0x25b:0x6 DW_TAG_enumerator
	.long	.Linfo_string66                 @ DW_AT_name
	.byte	65                              @ DW_AT_const_value
	.byte	6                               @ Abbrev [6] 0x261:0x6 DW_TAG_enumerator
	.long	.Linfo_string67                 @ DW_AT_name
	.byte	66                              @ DW_AT_const_value
	.byte	6                               @ Abbrev [6] 0x267:0x6 DW_TAG_enumerator
	.long	.Linfo_string68                 @ DW_AT_name
	.byte	67                              @ DW_AT_const_value
	.byte	6                               @ Abbrev [6] 0x26d:0x6 DW_TAG_enumerator
	.long	.Linfo_string69                 @ DW_AT_name
	.byte	68                              @ DW_AT_const_value
	.byte	6                               @ Abbrev [6] 0x273:0x6 DW_TAG_enumerator
	.long	.Linfo_string70                 @ DW_AT_name
	.byte	69                              @ DW_AT_const_value
	.byte	6                               @ Abbrev [6] 0x279:0x6 DW_TAG_enumerator
	.long	.Linfo_string71                 @ DW_AT_name
	.byte	70                              @ DW_AT_const_value
	.byte	6                               @ Abbrev [6] 0x27f:0x6 DW_TAG_enumerator
	.long	.Linfo_string72                 @ DW_AT_name
	.byte	71                              @ DW_AT_const_value
	.byte	6                               @ Abbrev [6] 0x285:0x6 DW_TAG_enumerator
	.long	.Linfo_string73                 @ DW_AT_name
	.byte	72                              @ DW_AT_const_value
	.byte	6                               @ Abbrev [6] 0x28b:0x6 DW_TAG_enumerator
	.long	.Linfo_string74                 @ DW_AT_name
	.byte	73                              @ DW_AT_const_value
	.byte	6                               @ Abbrev [6] 0x291:0x6 DW_TAG_enumerator
	.long	.Linfo_string75                 @ DW_AT_name
	.byte	74                              @ DW_AT_const_value
	.byte	6                               @ Abbrev [6] 0x297:0x6 DW_TAG_enumerator
	.long	.Linfo_string76                 @ DW_AT_name
	.byte	75                              @ DW_AT_const_value
	.byte	6                               @ Abbrev [6] 0x29d:0x6 DW_TAG_enumerator
	.long	.Linfo_string77                 @ DW_AT_name
	.byte	76                              @ DW_AT_const_value
	.byte	6                               @ Abbrev [6] 0x2a3:0x6 DW_TAG_enumerator
	.long	.Linfo_string78                 @ DW_AT_name
	.byte	80                              @ DW_AT_const_value
	.byte	6                               @ Abbrev [6] 0x2a9:0x6 DW_TAG_enumerator
	.long	.Linfo_string79                 @ DW_AT_name
	.byte	81                              @ DW_AT_const_value
	.byte	6                               @ Abbrev [6] 0x2af:0x6 DW_TAG_enumerator
	.long	.Linfo_string80                 @ DW_AT_name
	.byte	82                              @ DW_AT_const_value
	.byte	6                               @ Abbrev [6] 0x2b5:0x6 DW_TAG_enumerator
	.long	.Linfo_string81                 @ DW_AT_name
	.byte	83                              @ DW_AT_const_value
	.byte	6                               @ Abbrev [6] 0x2bb:0x6 DW_TAG_enumerator
	.long	.Linfo_string82                 @ DW_AT_name
	.byte	84                              @ DW_AT_const_value
	.byte	6                               @ Abbrev [6] 0x2c1:0x6 DW_TAG_enumerator
	.long	.Linfo_string83                 @ DW_AT_name
	.byte	85                              @ DW_AT_const_value
	.byte	6                               @ Abbrev [6] 0x2c7:0x6 DW_TAG_enumerator
	.long	.Linfo_string84                 @ DW_AT_name
	.byte	86                              @ DW_AT_const_value
	.byte	6                               @ Abbrev [6] 0x2cd:0x6 DW_TAG_enumerator
	.long	.Linfo_string85                 @ DW_AT_name
	.byte	97                              @ DW_AT_const_value
	.byte	6                               @ Abbrev [6] 0x2d3:0x6 DW_TAG_enumerator
	.long	.Linfo_string86                 @ DW_AT_name
	.byte	98                              @ DW_AT_const_value
	.byte	6                               @ Abbrev [6] 0x2d9:0x6 DW_TAG_enumerator
	.long	.Linfo_string87                 @ DW_AT_name
	.byte	99                              @ DW_AT_const_value
	.byte	6                               @ Abbrev [6] 0x2df:0x6 DW_TAG_enumerator
	.long	.Linfo_string88                 @ DW_AT_name
	.byte	100                             @ DW_AT_const_value
	.byte	6                               @ Abbrev [6] 0x2e5:0x6 DW_TAG_enumerator
	.long	.Linfo_string89                 @ DW_AT_name
	.byte	101                             @ DW_AT_const_value
	.byte	6                               @ Abbrev [6] 0x2eb:0x6 DW_TAG_enumerator
	.long	.Linfo_string90                 @ DW_AT_name
	.byte	102                             @ DW_AT_const_value
	.byte	6                               @ Abbrev [6] 0x2f1:0x6 DW_TAG_enumerator
	.long	.Linfo_string91                 @ DW_AT_name
	.byte	103                             @ DW_AT_const_value
	.byte	6                               @ Abbrev [6] 0x2f7:0x6 DW_TAG_enumerator
	.long	.Linfo_string92                 @ DW_AT_name
	.byte	104                             @ DW_AT_const_value
	.byte	6                               @ Abbrev [6] 0x2fd:0x6 DW_TAG_enumerator
	.long	.Linfo_string93                 @ DW_AT_name
	.byte	105                             @ DW_AT_const_value
	.byte	6                               @ Abbrev [6] 0x303:0x6 DW_TAG_enumerator
	.long	.Linfo_string94                 @ DW_AT_name
	.byte	106                             @ DW_AT_const_value
	.byte	6                               @ Abbrev [6] 0x309:0x6 DW_TAG_enumerator
	.long	.Linfo_string95                 @ DW_AT_name
	.byte	107                             @ DW_AT_const_value
	.byte	6                               @ Abbrev [6] 0x30f:0x6 DW_TAG_enumerator
	.long	.Linfo_string96                 @ DW_AT_name
	.byte	108                             @ DW_AT_const_value
	.byte	6                               @ Abbrev [6] 0x315:0x6 DW_TAG_enumerator
	.long	.Linfo_string97                 @ DW_AT_name
	.byte	109                             @ DW_AT_const_value
	.byte	6                               @ Abbrev [6] 0x31b:0x6 DW_TAG_enumerator
	.long	.Linfo_string98                 @ DW_AT_name
	.byte	110                             @ DW_AT_const_value
	.byte	6                               @ Abbrev [6] 0x321:0x6 DW_TAG_enumerator
	.long	.Linfo_string99                 @ DW_AT_name
	.byte	111                             @ DW_AT_const_value
	.byte	6                               @ Abbrev [6] 0x327:0x6 DW_TAG_enumerator
	.long	.Linfo_string100                @ DW_AT_name
	.byte	113                             @ DW_AT_const_value
	.byte	6                               @ Abbrev [6] 0x32d:0x6 DW_TAG_enumerator
	.long	.Linfo_string101                @ DW_AT_name
	.byte	114                             @ DW_AT_const_value
	.byte	6                               @ Abbrev [6] 0x333:0x6 DW_TAG_enumerator
	.long	.Linfo_string102                @ DW_AT_name
	.byte	115                             @ DW_AT_const_value
	.byte	6                               @ Abbrev [6] 0x339:0x6 DW_TAG_enumerator
	.long	.Linfo_string103                @ DW_AT_name
	.byte	116                             @ DW_AT_const_value
	.byte	6                               @ Abbrev [6] 0x33f:0x6 DW_TAG_enumerator
	.long	.Linfo_string104                @ DW_AT_name
	.byte	117                             @ DW_AT_const_value
	.byte	6                               @ Abbrev [6] 0x345:0x6 DW_TAG_enumerator
	.long	.Linfo_string105                @ DW_AT_name
	.byte	118                             @ DW_AT_const_value
	.byte	6                               @ Abbrev [6] 0x34b:0x6 DW_TAG_enumerator
	.long	.Linfo_string106                @ DW_AT_name
	.byte	119                             @ DW_AT_const_value
	.byte	6                               @ Abbrev [6] 0x351:0x6 DW_TAG_enumerator
	.long	.Linfo_string107                @ DW_AT_name
	.byte	120                             @ DW_AT_const_value
	.byte	6                               @ Abbrev [6] 0x357:0x6 DW_TAG_enumerator
	.long	.Linfo_string108                @ DW_AT_name
	.byte	121                             @ DW_AT_const_value
	.byte	6                               @ Abbrev [6] 0x35d:0x6 DW_TAG_enumerator
	.long	.Linfo_string109                @ DW_AT_name
	.byte	122                             @ DW_AT_const_value
	.byte	6                               @ Abbrev [6] 0x363:0x6 DW_TAG_enumerator
	.long	.Linfo_string110                @ DW_AT_name
	.byte	123                             @ DW_AT_const_value
	.byte	6                               @ Abbrev [6] 0x369:0x6 DW_TAG_enumerator
	.long	.Linfo_string111                @ DW_AT_name
	.byte	124                             @ DW_AT_const_value
	.byte	6                               @ Abbrev [6] 0x36f:0x6 DW_TAG_enumerator
	.long	.Linfo_string112                @ DW_AT_name
	.byte	125                             @ DW_AT_const_value
	.byte	6                               @ Abbrev [6] 0x375:0x7 DW_TAG_enumerator
	.long	.Linfo_string113                @ DW_AT_name
	.ascii	"\200\001"                      @ DW_AT_const_value
	.byte	6                               @ Abbrev [6] 0x37c:0x7 DW_TAG_enumerator
	.long	.Linfo_string114                @ DW_AT_name
	.ascii	"\201\001"                      @ DW_AT_const_value
	.byte	6                               @ Abbrev [6] 0x383:0x7 DW_TAG_enumerator
	.long	.Linfo_string115                @ DW_AT_name
	.ascii	"\202\001"                      @ DW_AT_const_value
	.byte	6                               @ Abbrev [6] 0x38a:0x7 DW_TAG_enumerator
	.long	.Linfo_string116                @ DW_AT_name
	.ascii	"\203\001"                      @ DW_AT_const_value
	.byte	6                               @ Abbrev [6] 0x391:0x7 DW_TAG_enumerator
	.long	.Linfo_string117                @ DW_AT_name
	.ascii	"\204\001"                      @ DW_AT_const_value
	.byte	6                               @ Abbrev [6] 0x398:0x7 DW_TAG_enumerator
	.long	.Linfo_string118                @ DW_AT_name
	.ascii	"\205\001"                      @ DW_AT_const_value
	.byte	6                               @ Abbrev [6] 0x39f:0x7 DW_TAG_enumerator
	.long	.Linfo_string119                @ DW_AT_name
	.ascii	"\206\001"                      @ DW_AT_const_value
	.byte	6                               @ Abbrev [6] 0x3a6:0x7 DW_TAG_enumerator
	.long	.Linfo_string120                @ DW_AT_name
	.ascii	"\207\001"                      @ DW_AT_const_value
	.byte	6                               @ Abbrev [6] 0x3ad:0x7 DW_TAG_enumerator
	.long	.Linfo_string121                @ DW_AT_name
	.ascii	"\210\001"                      @ DW_AT_const_value
	.byte	6                               @ Abbrev [6] 0x3b4:0x7 DW_TAG_enumerator
	.long	.Linfo_string122                @ DW_AT_name
	.ascii	"\211\001"                      @ DW_AT_const_value
	.byte	6                               @ Abbrev [6] 0x3bb:0x7 DW_TAG_enumerator
	.long	.Linfo_string123                @ DW_AT_name
	.ascii	"\212\001"                      @ DW_AT_const_value
	.byte	6                               @ Abbrev [6] 0x3c2:0x7 DW_TAG_enumerator
	.long	.Linfo_string124                @ DW_AT_name
	.ascii	"\213\001"                      @ DW_AT_const_value
	.byte	6                               @ Abbrev [6] 0x3c9:0x7 DW_TAG_enumerator
	.long	.Linfo_string125                @ DW_AT_name
	.ascii	"\214\001"                      @ DW_AT_const_value
	.byte	6                               @ Abbrev [6] 0x3d0:0x7 DW_TAG_enumerator
	.long	.Linfo_string126                @ DW_AT_name
	.ascii	"\215\001"                      @ DW_AT_const_value
	.byte	6                               @ Abbrev [6] 0x3d7:0x7 DW_TAG_enumerator
	.long	.Linfo_string127                @ DW_AT_name
	.ascii	"\216\001"                      @ DW_AT_const_value
	.byte	6                               @ Abbrev [6] 0x3de:0x7 DW_TAG_enumerator
	.long	.Linfo_string128                @ DW_AT_name
	.ascii	"\217\001"                      @ DW_AT_const_value
	.byte	6                               @ Abbrev [6] 0x3e5:0x7 DW_TAG_enumerator
	.long	.Linfo_string129                @ DW_AT_name
	.ascii	"\375\001"                      @ DW_AT_const_value
	.byte	6                               @ Abbrev [6] 0x3ec:0x7 DW_TAG_enumerator
	.long	.Linfo_string130                @ DW_AT_name
	.ascii	"\376\001"                      @ DW_AT_const_value
	.byte	6                               @ Abbrev [6] 0x3f3:0x7 DW_TAG_enumerator
	.long	.Linfo_string131                @ DW_AT_name
	.ascii	"\377\001"                      @ DW_AT_const_value
	.byte	6                               @ Abbrev [6] 0x3fa:0x7 DW_TAG_enumerator
	.long	.Linfo_string132                @ DW_AT_name
	.ascii	"\221\001"                      @ DW_AT_const_value
	.byte	6                               @ Abbrev [6] 0x401:0x7 DW_TAG_enumerator
	.long	.Linfo_string133                @ DW_AT_name
	.ascii	"\222\001"                      @ DW_AT_const_value
	.byte	6                               @ Abbrev [6] 0x408:0x7 DW_TAG_enumerator
	.long	.Linfo_string134                @ DW_AT_name
	.ascii	"\223\001"                      @ DW_AT_const_value
	.byte	6                               @ Abbrev [6] 0x40f:0x7 DW_TAG_enumerator
	.long	.Linfo_string135                @ DW_AT_name
	.ascii	"\224\001"                      @ DW_AT_const_value
	.byte	6                               @ Abbrev [6] 0x416:0x7 DW_TAG_enumerator
	.long	.Linfo_string136                @ DW_AT_name
	.ascii	"\225\001"                      @ DW_AT_const_value
	.byte	6                               @ Abbrev [6] 0x41d:0x7 DW_TAG_enumerator
	.long	.Linfo_string137                @ DW_AT_name
	.ascii	"\226\001"                      @ DW_AT_const_value
	.byte	6                               @ Abbrev [6] 0x424:0x7 DW_TAG_enumerator
	.long	.Linfo_string138                @ DW_AT_name
	.ascii	"\227\001"                      @ DW_AT_const_value
	.byte	6                               @ Abbrev [6] 0x42b:0x7 DW_TAG_enumerator
	.long	.Linfo_string139                @ DW_AT_name
	.ascii	"\230\001"                      @ DW_AT_const_value
	.byte	6                               @ Abbrev [6] 0x432:0x7 DW_TAG_enumerator
	.long	.Linfo_string140                @ DW_AT_name
	.ascii	"\231\001"                      @ DW_AT_const_value
	.byte	6                               @ Abbrev [6] 0x439:0x7 DW_TAG_enumerator
	.long	.Linfo_string141                @ DW_AT_name
	.ascii	"\232\001"                      @ DW_AT_const_value
	.byte	6                               @ Abbrev [6] 0x440:0x7 DW_TAG_enumerator
	.long	.Linfo_string142                @ DW_AT_name
	.ascii	"\233\001"                      @ DW_AT_const_value
	.byte	6                               @ Abbrev [6] 0x447:0x7 DW_TAG_enumerator
	.long	.Linfo_string143                @ DW_AT_name
	.ascii	"\234\001"                      @ DW_AT_const_value
	.byte	6                               @ Abbrev [6] 0x44e:0x7 DW_TAG_enumerator
	.long	.Linfo_string144                @ DW_AT_name
	.ascii	"\235\001"                      @ DW_AT_const_value
	.byte	6                               @ Abbrev [6] 0x455:0x7 DW_TAG_enumerator
	.long	.Linfo_string145                @ DW_AT_name
	.ascii	"\236\001"                      @ DW_AT_const_value
	.byte	6                               @ Abbrev [6] 0x45c:0x7 DW_TAG_enumerator
	.long	.Linfo_string146                @ DW_AT_name
	.ascii	"\237\001"                      @ DW_AT_const_value
	.byte	6                               @ Abbrev [6] 0x463:0x7 DW_TAG_enumerator
	.long	.Linfo_string147                @ DW_AT_name
	.ascii	"\240\001"                      @ DW_AT_const_value
	.byte	6                               @ Abbrev [6] 0x46a:0x7 DW_TAG_enumerator
	.long	.Linfo_string148                @ DW_AT_name
	.ascii	"\241\001"                      @ DW_AT_const_value
	.byte	6                               @ Abbrev [6] 0x471:0x7 DW_TAG_enumerator
	.long	.Linfo_string149                @ DW_AT_name
	.ascii	"\242\001"                      @ DW_AT_const_value
	.byte	6                               @ Abbrev [6] 0x478:0x7 DW_TAG_enumerator
	.long	.Linfo_string150                @ DW_AT_name
	.ascii	"\243\001"                      @ DW_AT_const_value
	.byte	6                               @ Abbrev [6] 0x47f:0x7 DW_TAG_enumerator
	.long	.Linfo_string151                @ DW_AT_name
	.ascii	"\244\001"                      @ DW_AT_const_value
	.byte	6                               @ Abbrev [6] 0x486:0x7 DW_TAG_enumerator
	.long	.Linfo_string152                @ DW_AT_name
	.ascii	"\245\001"                      @ DW_AT_const_value
	.byte	6                               @ Abbrev [6] 0x48d:0x7 DW_TAG_enumerator
	.long	.Linfo_string153                @ DW_AT_name
	.ascii	"\246\001"                      @ DW_AT_const_value
	.byte	6                               @ Abbrev [6] 0x494:0x7 DW_TAG_enumerator
	.long	.Linfo_string154                @ DW_AT_name
	.ascii	"\247\001"                      @ DW_AT_const_value
	.byte	6                               @ Abbrev [6] 0x49b:0x7 DW_TAG_enumerator
	.long	.Linfo_string155                @ DW_AT_name
	.ascii	"\250\001"                      @ DW_AT_const_value
	.byte	6                               @ Abbrev [6] 0x4a2:0x7 DW_TAG_enumerator
	.long	.Linfo_string156                @ DW_AT_name
	.ascii	"\251\001"                      @ DW_AT_const_value
	.byte	6                               @ Abbrev [6] 0x4a9:0x7 DW_TAG_enumerator
	.long	.Linfo_string157                @ DW_AT_name
	.ascii	"\252\001"                      @ DW_AT_const_value
	.byte	6                               @ Abbrev [6] 0x4b0:0x7 DW_TAG_enumerator
	.long	.Linfo_string158                @ DW_AT_name
	.ascii	"\253\001"                      @ DW_AT_const_value
	.byte	6                               @ Abbrev [6] 0x4b7:0x7 DW_TAG_enumerator
	.long	.Linfo_string159                @ DW_AT_name
	.ascii	"\254\001"                      @ DW_AT_const_value
	.byte	6                               @ Abbrev [6] 0x4be:0x7 DW_TAG_enumerator
	.long	.Linfo_string160                @ DW_AT_name
	.ascii	"\255\001"                      @ DW_AT_const_value
	.byte	6                               @ Abbrev [6] 0x4c5:0x7 DW_TAG_enumerator
	.long	.Linfo_string161                @ DW_AT_name
	.ascii	"\256\001"                      @ DW_AT_const_value
	.byte	6                               @ Abbrev [6] 0x4cc:0x7 DW_TAG_enumerator
	.long	.Linfo_string162                @ DW_AT_name
	.ascii	"\257\001"                      @ DW_AT_const_value
	.byte	6                               @ Abbrev [6] 0x4d3:0x7 DW_TAG_enumerator
	.long	.Linfo_string163                @ DW_AT_name
	.ascii	"\260\001"                      @ DW_AT_const_value
	.byte	6                               @ Abbrev [6] 0x4da:0x7 DW_TAG_enumerator
	.long	.Linfo_string164                @ DW_AT_name
	.ascii	"\261\001"                      @ DW_AT_const_value
	.byte	6                               @ Abbrev [6] 0x4e1:0x7 DW_TAG_enumerator
	.long	.Linfo_string165                @ DW_AT_name
	.ascii	"\262\001"                      @ DW_AT_const_value
	.byte	6                               @ Abbrev [6] 0x4e8:0x7 DW_TAG_enumerator
	.long	.Linfo_string166                @ DW_AT_name
	.ascii	"\263\001"                      @ DW_AT_const_value
	.byte	6                               @ Abbrev [6] 0x4ef:0x7 DW_TAG_enumerator
	.long	.Linfo_string167                @ DW_AT_name
	.ascii	"\264\001"                      @ DW_AT_const_value
	.byte	6                               @ Abbrev [6] 0x4f6:0x7 DW_TAG_enumerator
	.long	.Linfo_string168                @ DW_AT_name
	.ascii	"\265\001"                      @ DW_AT_const_value
	.byte	6                               @ Abbrev [6] 0x4fd:0x7 DW_TAG_enumerator
	.long	.Linfo_string169                @ DW_AT_name
	.ascii	"\266\001"                      @ DW_AT_const_value
	.byte	6                               @ Abbrev [6] 0x504:0x7 DW_TAG_enumerator
	.long	.Linfo_string170                @ DW_AT_name
	.ascii	"\267\001"                      @ DW_AT_const_value
	.byte	6                               @ Abbrev [6] 0x50b:0x7 DW_TAG_enumerator
	.long	.Linfo_string171                @ DW_AT_name
	.ascii	"\270\001"                      @ DW_AT_const_value
	.byte	6                               @ Abbrev [6] 0x512:0x7 DW_TAG_enumerator
	.long	.Linfo_string172                @ DW_AT_name
	.ascii	"\271\001"                      @ DW_AT_const_value
	.byte	6                               @ Abbrev [6] 0x519:0x7 DW_TAG_enumerator
	.long	.Linfo_string173                @ DW_AT_name
	.ascii	"\272\001"                      @ DW_AT_const_value
	.byte	6                               @ Abbrev [6] 0x520:0x7 DW_TAG_enumerator
	.long	.Linfo_string174                @ DW_AT_name
	.ascii	"\274\001"                      @ DW_AT_const_value
	.byte	6                               @ Abbrev [6] 0x527:0x7 DW_TAG_enumerator
	.long	.Linfo_string175                @ DW_AT_name
	.ascii	"\275\001"                      @ DW_AT_const_value
	.byte	6                               @ Abbrev [6] 0x52e:0x7 DW_TAG_enumerator
	.long	.Linfo_string176                @ DW_AT_name
	.ascii	"\276\001"                      @ DW_AT_const_value
	.byte	6                               @ Abbrev [6] 0x535:0x7 DW_TAG_enumerator
	.long	.Linfo_string177                @ DW_AT_name
	.ascii	"\277\001"                      @ DW_AT_const_value
	.byte	6                               @ Abbrev [6] 0x53c:0x7 DW_TAG_enumerator
	.long	.Linfo_string178                @ DW_AT_name
	.ascii	"\300\001"                      @ DW_AT_const_value
	.byte	6                               @ Abbrev [6] 0x543:0x7 DW_TAG_enumerator
	.long	.Linfo_string179                @ DW_AT_name
	.ascii	"\302\001"                      @ DW_AT_const_value
	.byte	6                               @ Abbrev [6] 0x54a:0x7 DW_TAG_enumerator
	.long	.Linfo_string180                @ DW_AT_name
	.ascii	"\304\001"                      @ DW_AT_const_value
	.byte	6                               @ Abbrev [6] 0x551:0x7 DW_TAG_enumerator
	.long	.Linfo_string181                @ DW_AT_name
	.ascii	"\305\001"                      @ DW_AT_const_value
	.byte	6                               @ Abbrev [6] 0x558:0x7 DW_TAG_enumerator
	.long	.Linfo_string182                @ DW_AT_name
	.ascii	"\306\001"                      @ DW_AT_const_value
	.byte	6                               @ Abbrev [6] 0x55f:0x7 DW_TAG_enumerator
	.long	.Linfo_string183                @ DW_AT_name
	.ascii	"\307\001"                      @ DW_AT_const_value
	.byte	6                               @ Abbrev [6] 0x566:0x7 DW_TAG_enumerator
	.long	.Linfo_string184                @ DW_AT_name
	.ascii	"\310\001"                      @ DW_AT_const_value
	.byte	6                               @ Abbrev [6] 0x56d:0x7 DW_TAG_enumerator
	.long	.Linfo_string185                @ DW_AT_name
	.ascii	"\312\001"                      @ DW_AT_const_value
	.byte	6                               @ Abbrev [6] 0x574:0x7 DW_TAG_enumerator
	.long	.Linfo_string186                @ DW_AT_name
	.ascii	"\313\001"                      @ DW_AT_const_value
	.byte	6                               @ Abbrev [6] 0x57b:0x7 DW_TAG_enumerator
	.long	.Linfo_string187                @ DW_AT_name
	.ascii	"\314\001"                      @ DW_AT_const_value
	.byte	6                               @ Abbrev [6] 0x582:0x7 DW_TAG_enumerator
	.long	.Linfo_string188                @ DW_AT_name
	.ascii	"\315\001"                      @ DW_AT_const_value
	.byte	6                               @ Abbrev [6] 0x589:0x7 DW_TAG_enumerator
	.long	.Linfo_string189                @ DW_AT_name
	.ascii	"\316\001"                      @ DW_AT_const_value
	.byte	0                               @ End Of Children Mark
	.byte	20                              @ Abbrev [20] 0x591:0x20 DW_TAG_enumeration_type
	.long	93                              @ DW_AT_type
	.long	.Linfo_string194                @ DW_AT_name
	.byte	1                               @ DW_AT_byte_size
	.byte	10                              @ DW_AT_decl_file
	.byte	142                             @ DW_AT_decl_line
	.byte	6                               @ Abbrev [6] 0x59d:0x7 DW_TAG_enumerator
	.long	.Linfo_string191                @ DW_AT_name
	.ascii	"\300\001"                      @ DW_AT_const_value
	.byte	6                               @ Abbrev [6] 0x5a4:0x6 DW_TAG_enumerator
	.long	.Linfo_string192                @ DW_AT_name
	.byte	0                               @ DW_AT_const_value
	.byte	6                               @ Abbrev [6] 0x5aa:0x6 DW_TAG_enumerator
	.long	.Linfo_string193                @ DW_AT_name
	.byte	64                              @ DW_AT_const_value
	.byte	0                               @ End Of Children Mark
	.byte	5                               @ Abbrev [5] 0x5b1:0x33 DW_TAG_enumeration_type
	.long	93                              @ DW_AT_type
	.byte	1                               @ DW_AT_byte_size
	.byte	11                              @ DW_AT_decl_file
	.byte	52                              @ DW_AT_decl_line
	.byte	6                               @ Abbrev [6] 0x5b9:0x6 DW_TAG_enumerator
	.long	.Linfo_string195                @ DW_AT_name
	.byte	0                               @ DW_AT_const_value
	.byte	6                               @ Abbrev [6] 0x5bf:0x6 DW_TAG_enumerator
	.long	.Linfo_string196                @ DW_AT_name
	.byte	1                               @ DW_AT_const_value
	.byte	6                               @ Abbrev [6] 0x5c5:0x6 DW_TAG_enumerator
	.long	.Linfo_string197                @ DW_AT_name
	.byte	2                               @ DW_AT_const_value
	.byte	6                               @ Abbrev [6] 0x5cb:0x6 DW_TAG_enumerator
	.long	.Linfo_string198                @ DW_AT_name
	.byte	3                               @ DW_AT_const_value
	.byte	6                               @ Abbrev [6] 0x5d1:0x6 DW_TAG_enumerator
	.long	.Linfo_string199                @ DW_AT_name
	.byte	4                               @ DW_AT_const_value
	.byte	6                               @ Abbrev [6] 0x5d7:0x6 DW_TAG_enumerator
	.long	.Linfo_string200                @ DW_AT_name
	.byte	5                               @ DW_AT_const_value
	.byte	6                               @ Abbrev [6] 0x5dd:0x6 DW_TAG_enumerator
	.long	.Linfo_string201                @ DW_AT_name
	.byte	6                               @ DW_AT_const_value
	.byte	0                               @ End Of Children Mark
	.byte	7                               @ Abbrev [7] 0x5e4:0x7 DW_TAG_base_type
	.long	.Linfo_string202                @ DW_AT_name
	.byte	5                               @ DW_AT_encoding
	.byte	4                               @ DW_AT_byte_size
	.byte	15                              @ Abbrev [15] 0x5eb:0x5 DW_TAG_pointer_type
	.long	1520                            @ DW_AT_type
	.byte	21                              @ Abbrev [21] 0x5f0:0x5 DW_TAG_volatile_type
	.long	283                             @ DW_AT_type
	.byte	15                              @ Abbrev [15] 0x5f5:0x5 DW_TAG_pointer_type
	.long	231                             @ DW_AT_type
	.byte	15                              @ Abbrev [15] 0x5fa:0x5 DW_TAG_pointer_type
	.long	301                             @ DW_AT_type
	.byte	4                               @ Abbrev [4] 0x5ff:0xb DW_TAG_typedef
	.long	1546                            @ DW_AT_type
	.long	.Linfo_string204                @ DW_AT_name
	.byte	6                               @ DW_AT_decl_file
	.byte	63                              @ DW_AT_decl_line
	.byte	7                               @ Abbrev [7] 0x60a:0x7 DW_TAG_base_type
	.long	.Linfo_string203                @ DW_AT_name
	.byte	7                               @ DW_AT_encoding
	.byte	2                               @ DW_AT_byte_size
	.byte	4                               @ Abbrev [4] 0x611:0xb DW_TAG_typedef
	.long	1564                            @ DW_AT_type
	.long	.Linfo_string206                @ DW_AT_name
	.byte	6                               @ DW_AT_decl_file
	.byte	65                              @ DW_AT_decl_line
	.byte	7                               @ Abbrev [7] 0x61c:0x7 DW_TAG_base_type
	.long	.Linfo_string205                @ DW_AT_name
	.byte	7                               @ DW_AT_encoding
	.byte	8                               @ DW_AT_byte_size
	.byte	22                              @ Abbrev [22] 0x623:0x11 DW_TAG_subprogram
	.long	.Lfunc_begin0                   @ DW_AT_low_pc
	.long	.Lfunc_end0-.Lfunc_begin0       @ DW_AT_high_pc
	.byte	1                               @ DW_AT_frame_base
	.byte	93
                                        @ DW_AT_GNU_all_call_sites
	.long	.Linfo_string228                @ DW_AT_name
	.byte	3                               @ DW_AT_decl_file
	.byte	108                             @ DW_AT_decl_line
                                        @ DW_AT_prototyped
                                        @ DW_AT_external
	.byte	22                              @ Abbrev [22] 0x634:0x11 DW_TAG_subprogram
	.long	.Lfunc_begin1                   @ DW_AT_low_pc
	.long	.Lfunc_end1-.Lfunc_begin1       @ DW_AT_high_pc
	.byte	1                               @ DW_AT_frame_base
	.byte	93
                                        @ DW_AT_GNU_all_call_sites
	.long	.Linfo_string229                @ DW_AT_name
	.byte	3                               @ DW_AT_decl_file
	.byte	120                             @ DW_AT_decl_line
                                        @ DW_AT_prototyped
                                        @ DW_AT_external
	.byte	23                              @ Abbrev [23] 0x645:0x30 DW_TAG_subprogram
	.long	.Lfunc_begin2                   @ DW_AT_low_pc
	.long	.Lfunc_end2-.Lfunc_begin2       @ DW_AT_high_pc
	.byte	1                               @ DW_AT_frame_base
	.byte	93
                                        @ DW_AT_GNU_all_call_sites
	.long	.Linfo_string230                @ DW_AT_name
	.byte	3                               @ DW_AT_decl_file
	.byte	225                             @ DW_AT_decl_line
                                        @ DW_AT_prototyped
                                        @ DW_AT_external
	.byte	24                              @ Abbrev [24] 0x656:0xf DW_TAG_formal_parameter
	.long	.Ldebug_loc0                    @ DW_AT_location
	.long	.Linfo_string242                @ DW_AT_name
	.byte	3                               @ DW_AT_decl_file
	.byte	225                             @ DW_AT_decl_line
	.long	301                             @ DW_AT_type
	.byte	24                              @ Abbrev [24] 0x665:0xf DW_TAG_formal_parameter
	.long	.Ldebug_loc1                    @ DW_AT_location
	.long	.Linfo_string243                @ DW_AT_name
	.byte	3                               @ DW_AT_decl_file
	.byte	225                             @ DW_AT_decl_line
	.long	2616                            @ DW_AT_type
	.byte	0                               @ End Of Children Mark
	.byte	23                              @ Abbrev [23] 0x675:0x21 DW_TAG_subprogram
	.long	.Lfunc_begin3                   @ DW_AT_low_pc
	.long	.Lfunc_end3-.Lfunc_begin3       @ DW_AT_high_pc
	.byte	1                               @ DW_AT_frame_base
	.byte	93
                                        @ DW_AT_GNU_all_call_sites
	.long	.Linfo_string231                @ DW_AT_name
	.byte	3                               @ DW_AT_decl_file
	.byte	251                             @ DW_AT_decl_line
                                        @ DW_AT_prototyped
                                        @ DW_AT_external
	.byte	24                              @ Abbrev [24] 0x686:0xf DW_TAG_formal_parameter
	.long	.Ldebug_loc2                    @ DW_AT_location
	.long	.Linfo_string243                @ DW_AT_name
	.byte	3                               @ DW_AT_decl_file
	.byte	251                             @ DW_AT_decl_line
	.long	2727                            @ DW_AT_type
	.byte	0                               @ End Of Children Mark
	.byte	25                              @ Abbrev [25] 0x696:0xd DW_TAG_subprogram
	.long	.Linfo_string207                @ DW_AT_name
	.byte	12                              @ DW_AT_decl_file
	.short	310                             @ DW_AT_decl_line
                                        @ DW_AT_prototyped
	.long	1699                            @ DW_AT_type
	.byte	1                               @ DW_AT_inline
	.byte	7                               @ Abbrev [7] 0x6a3:0x7 DW_TAG_base_type
	.long	.Linfo_string208                @ DW_AT_name
	.byte	2                               @ DW_AT_encoding
	.byte	1                               @ DW_AT_byte_size
	.byte	26                              @ Abbrev [26] 0x6aa:0x24 DW_TAG_subprogram
	.long	.Lfunc_begin4                   @ DW_AT_low_pc
	.long	.Lfunc_end4-.Lfunc_begin4       @ DW_AT_high_pc
	.byte	1                               @ DW_AT_frame_base
	.byte	93
                                        @ DW_AT_GNU_all_call_sites
	.long	.Linfo_string232                @ DW_AT_name
	.byte	3                               @ DW_AT_decl_file
	.short	256                             @ DW_AT_decl_line
                                        @ DW_AT_prototyped
                                        @ DW_AT_external
	.byte	27                              @ Abbrev [27] 0x6bc:0x11 DW_TAG_inlined_subroutine
	.long	1686                            @ DW_AT_abstract_origin
	.long	.Ltmp19                         @ DW_AT_low_pc
	.long	.Ltmp20-.Ltmp19                 @ DW_AT_high_pc
	.byte	3                               @ DW_AT_call_file
	.short	273                             @ DW_AT_call_line
	.byte	9                               @ DW_AT_call_column
	.byte	0                               @ End Of Children Mark
	.byte	28                              @ Abbrev [28] 0x6ce:0x12 DW_TAG_subprogram
	.long	.Lfunc_begin5                   @ DW_AT_low_pc
	.long	.Lfunc_end5-.Lfunc_begin5       @ DW_AT_high_pc
	.byte	1                               @ DW_AT_frame_base
	.byte	93
                                        @ DW_AT_GNU_all_call_sites
	.long	.Linfo_string233                @ DW_AT_name
	.byte	3                               @ DW_AT_decl_file
	.short	280                             @ DW_AT_decl_line
                                        @ DW_AT_prototyped
                                        @ DW_AT_external
	.byte	26                              @ Abbrev [26] 0x6e0:0x23 DW_TAG_subprogram
	.long	.Lfunc_begin6                   @ DW_AT_low_pc
	.long	.Lfunc_end6-.Lfunc_begin6       @ DW_AT_high_pc
	.byte	1                               @ DW_AT_frame_base
	.byte	93
                                        @ DW_AT_GNU_all_call_sites
	.long	.Linfo_string234                @ DW_AT_name
	.byte	3                               @ DW_AT_decl_file
	.short	285                             @ DW_AT_decl_line
                                        @ DW_AT_prototyped
                                        @ DW_AT_external
	.byte	29                              @ Abbrev [29] 0x6f2:0x10 DW_TAG_formal_parameter
	.long	.Ldebug_loc3                    @ DW_AT_location
	.long	.Linfo_string254                @ DW_AT_name
	.byte	3                               @ DW_AT_decl_file
	.short	285                             @ DW_AT_decl_line
	.long	2773                            @ DW_AT_type
	.byte	0                               @ End Of Children Mark
	.byte	26                              @ Abbrev [26] 0x703:0x21 DW_TAG_subprogram
	.long	.Lfunc_begin7                   @ DW_AT_low_pc
	.long	.Lfunc_end7-.Lfunc_begin7       @ DW_AT_high_pc
	.byte	1                               @ DW_AT_frame_base
	.byte	93
                                        @ DW_AT_GNU_all_call_sites
	.long	.Linfo_string235                @ DW_AT_name
	.byte	3                               @ DW_AT_decl_file
	.short	291                             @ DW_AT_decl_line
                                        @ DW_AT_prototyped
                                        @ DW_AT_external
	.byte	30                              @ Abbrev [30] 0x715:0xe DW_TAG_formal_parameter
	.byte	1                               @ DW_AT_location
	.byte	80
	.long	.Linfo_string258                @ DW_AT_name
	.byte	3                               @ DW_AT_decl_file
	.short	291                             @ DW_AT_decl_line
	.long	2826                            @ DW_AT_type
	.byte	0                               @ End Of Children Mark
	.byte	26                              @ Abbrev [26] 0x724:0x21 DW_TAG_subprogram
	.long	.Lfunc_begin8                   @ DW_AT_low_pc
	.long	.Lfunc_end8-.Lfunc_begin8       @ DW_AT_high_pc
	.byte	1                               @ DW_AT_frame_base
	.byte	93
                                        @ DW_AT_GNU_all_call_sites
	.long	.Linfo_string236                @ DW_AT_name
	.byte	3                               @ DW_AT_decl_file
	.short	296                             @ DW_AT_decl_line
                                        @ DW_AT_prototyped
                                        @ DW_AT_external
	.byte	30                              @ Abbrev [30] 0x736:0xe DW_TAG_formal_parameter
	.byte	1                               @ DW_AT_location
	.byte	80
	.long	.Linfo_string259                @ DW_AT_name
	.byte	3                               @ DW_AT_decl_file
	.short	296                             @ DW_AT_decl_line
	.long	2831                            @ DW_AT_type
	.byte	0                               @ End Of Children Mark
	.byte	26                              @ Abbrev [26] 0x745:0x33 DW_TAG_subprogram
	.long	.Lfunc_begin9                   @ DW_AT_low_pc
	.long	.Lfunc_end9-.Lfunc_begin9       @ DW_AT_high_pc
	.byte	1                               @ DW_AT_frame_base
	.byte	93
                                        @ DW_AT_GNU_all_call_sites
	.long	.Linfo_string237                @ DW_AT_name
	.byte	3                               @ DW_AT_decl_file
	.short	304                             @ DW_AT_decl_line
                                        @ DW_AT_prototyped
                                        @ DW_AT_external
	.byte	29                              @ Abbrev [29] 0x757:0x10 DW_TAG_formal_parameter
	.long	.Ldebug_loc4                    @ DW_AT_location
	.long	.Linfo_string243                @ DW_AT_name
	.byte	3                               @ DW_AT_decl_file
	.short	304                             @ DW_AT_decl_line
	.long	2898                            @ DW_AT_type
	.byte	29                              @ Abbrev [29] 0x767:0x10 DW_TAG_formal_parameter
	.long	.Ldebug_loc5                    @ DW_AT_location
	.long	.Linfo_string270                @ DW_AT_name
	.byte	3                               @ DW_AT_decl_file
	.short	304                             @ DW_AT_decl_line
	.long	1530                            @ DW_AT_type
	.byte	0                               @ End Of Children Mark
	.byte	26                              @ Abbrev [26] 0x778:0x31 DW_TAG_subprogram
	.long	.Lfunc_begin10                  @ DW_AT_low_pc
	.long	.Lfunc_end10-.Lfunc_begin10     @ DW_AT_high_pc
	.byte	1                               @ DW_AT_frame_base
	.byte	93
                                        @ DW_AT_GNU_all_call_sites
	.long	.Linfo_string238                @ DW_AT_name
	.byte	3                               @ DW_AT_decl_file
	.short	329                             @ DW_AT_decl_line
                                        @ DW_AT_prototyped
                                        @ DW_AT_external
	.byte	29                              @ Abbrev [29] 0x78a:0x10 DW_TAG_formal_parameter
	.long	.Ldebug_loc6                    @ DW_AT_location
	.long	.Linfo_string243                @ DW_AT_name
	.byte	3                               @ DW_AT_decl_file
	.short	329                             @ DW_AT_decl_line
	.long	3027                            @ DW_AT_type
	.byte	30                              @ Abbrev [30] 0x79a:0xe DW_TAG_formal_parameter
	.byte	1                               @ DW_AT_location
	.byte	81
	.long	.Linfo_string276                @ DW_AT_name
	.byte	3                               @ DW_AT_decl_file
	.short	329                             @ DW_AT_decl_line
	.long	3099                            @ DW_AT_type
	.byte	0                               @ End Of Children Mark
	.byte	31                              @ Abbrev [31] 0x7a9:0xc DW_TAG_subprogram
	.long	.Linfo_string209                @ DW_AT_name
	.byte	13                              @ DW_AT_decl_file
	.byte	166                             @ DW_AT_decl_line
                                        @ DW_AT_prototyped
	.long	283                             @ DW_AT_type
	.byte	1                               @ DW_AT_inline
	.byte	32                              @ Abbrev [32] 0x7b5:0x2e DW_TAG_subprogram
	.long	.Linfo_string210                @ DW_AT_name
	.byte	14                              @ DW_AT_decl_file
	.short	263                             @ DW_AT_decl_line
                                        @ DW_AT_prototyped
	.byte	1                               @ DW_AT_inline
	.byte	33                              @ Abbrev [33] 0x7be:0xc DW_TAG_formal_parameter
	.long	.Linfo_string211                @ DW_AT_name
	.byte	14                              @ DW_AT_decl_file
	.short	263                             @ DW_AT_decl_line
	.long	2019                            @ DW_AT_type
	.byte	33                              @ Abbrev [33] 0x7ca:0xc DW_TAG_formal_parameter
	.long	.Linfo_string212                @ DW_AT_name
	.byte	14                              @ DW_AT_decl_file
	.short	263                             @ DW_AT_decl_line
	.long	283                             @ DW_AT_type
	.byte	34                              @ Abbrev [34] 0x7d6:0xc DW_TAG_variable
	.long	.Linfo_string213                @ DW_AT_name
	.byte	14                              @ DW_AT_decl_file
	.short	265                             @ DW_AT_decl_line
	.long	1530                            @ DW_AT_type
	.byte	0                               @ End Of Children Mark
	.byte	15                              @ Abbrev [15] 0x7e3:0x5 DW_TAG_pointer_type
	.long	2024                            @ DW_AT_type
	.byte	35                              @ Abbrev [35] 0x7e8:0x1 DW_TAG_const_type
	.byte	31                              @ Abbrev [31] 0x7e9:0xc DW_TAG_subprogram
	.long	.Linfo_string214                @ DW_AT_name
	.byte	13                              @ DW_AT_decl_file
	.byte	155                             @ DW_AT_decl_line
                                        @ DW_AT_prototyped
	.long	1535                            @ DW_AT_type
	.byte	1                               @ DW_AT_inline
	.byte	32                              @ Abbrev [32] 0x7f5:0x2e DW_TAG_subprogram
	.long	.Linfo_string215                @ DW_AT_name
	.byte	14                              @ DW_AT_decl_file
	.short	280                             @ DW_AT_decl_line
                                        @ DW_AT_prototyped
	.byte	1                               @ DW_AT_inline
	.byte	33                              @ Abbrev [33] 0x7fe:0xc DW_TAG_formal_parameter
	.long	.Linfo_string216                @ DW_AT_name
	.byte	14                              @ DW_AT_decl_file
	.short	280                             @ DW_AT_decl_line
	.long	2019                            @ DW_AT_type
	.byte	33                              @ Abbrev [33] 0x80a:0xc DW_TAG_formal_parameter
	.long	.Linfo_string212                @ DW_AT_name
	.byte	14                              @ DW_AT_decl_file
	.short	280                             @ DW_AT_decl_line
	.long	1535                            @ DW_AT_type
	.byte	34                              @ Abbrev [34] 0x816:0xc DW_TAG_variable
	.long	.Linfo_string213                @ DW_AT_name
	.byte	14                              @ DW_AT_decl_file
	.short	282                             @ DW_AT_decl_line
	.long	1530                            @ DW_AT_type
	.byte	0                               @ End Of Children Mark
	.byte	26                              @ Abbrev [26] 0x823:0x9d DW_TAG_subprogram
	.long	.Lfunc_begin11                  @ DW_AT_low_pc
	.long	.Lfunc_end11-.Lfunc_begin11     @ DW_AT_high_pc
	.byte	1                               @ DW_AT_frame_base
	.byte	93
                                        @ DW_AT_GNU_all_call_sites
	.long	.Linfo_string239                @ DW_AT_name
	.byte	3                               @ DW_AT_decl_file
	.short	337                             @ DW_AT_decl_line
                                        @ DW_AT_prototyped
                                        @ DW_AT_external
	.byte	29                              @ Abbrev [29] 0x835:0x10 DW_TAG_formal_parameter
	.long	.Ldebug_loc7                    @ DW_AT_location
	.long	.Linfo_string221                @ DW_AT_name
	.byte	3                               @ DW_AT_decl_file
	.short	337                             @ DW_AT_decl_line
	.long	2362                            @ DW_AT_type
	.byte	27                              @ Abbrev [27] 0x845:0x11 DW_TAG_inlined_subroutine
	.long	1961                            @ DW_AT_abstract_origin
	.long	.Ltmp53                         @ DW_AT_low_pc
	.long	.Ltmp54-.Ltmp53                 @ DW_AT_high_pc
	.byte	3                               @ DW_AT_call_file
	.short	344                             @ DW_AT_call_line
	.byte	37                              @ DW_AT_call_column
	.byte	36                              @ Abbrev [36] 0x856:0x2b DW_TAG_inlined_subroutine
	.long	1973                            @ DW_AT_abstract_origin
	.long	.Ltmp54                         @ DW_AT_low_pc
	.long	.Ltmp57-.Ltmp54                 @ DW_AT_high_pc
	.byte	3                               @ DW_AT_call_file
	.short	344                             @ DW_AT_call_line
	.byte	9                               @ DW_AT_call_column
	.byte	37                              @ Abbrev [37] 0x867:0x7 DW_TAG_formal_parameter
	.byte	1                               @ DW_AT_location
	.byte	84
	.long	1982                            @ DW_AT_abstract_origin
	.byte	38                              @ Abbrev [38] 0x86e:0x9 DW_TAG_formal_parameter
	.long	.Ldebug_loc9                    @ DW_AT_location
	.long	1994                            @ DW_AT_abstract_origin
	.byte	39                              @ Abbrev [39] 0x877:0x9 DW_TAG_variable
	.long	.Ldebug_loc8                    @ DW_AT_location
	.long	2006                            @ DW_AT_abstract_origin
	.byte	0                               @ End Of Children Mark
	.byte	27                              @ Abbrev [27] 0x881:0x11 DW_TAG_inlined_subroutine
	.long	2025                            @ DW_AT_abstract_origin
	.long	.Ltmp57                         @ DW_AT_low_pc
	.long	.Ltmp58-.Ltmp57                 @ DW_AT_high_pc
	.byte	3                               @ DW_AT_call_file
	.short	345                             @ DW_AT_call_line
	.byte	37                              @ DW_AT_call_column
	.byte	36                              @ Abbrev [36] 0x892:0x2d DW_TAG_inlined_subroutine
	.long	2037                            @ DW_AT_abstract_origin
	.long	.Ltmp58                         @ DW_AT_low_pc
	.long	.Ltmp60-.Ltmp58                 @ DW_AT_high_pc
	.byte	3                               @ DW_AT_call_file
	.short	345                             @ DW_AT_call_line
	.byte	9                               @ DW_AT_call_column
	.byte	37                              @ Abbrev [37] 0x8a3:0x9 DW_TAG_formal_parameter
	.byte	3                               @ DW_AT_location
	.byte	116
	.byte	4
	.byte	159
	.long	2046                            @ DW_AT_abstract_origin
	.byte	38                              @ Abbrev [38] 0x8ac:0x9 DW_TAG_formal_parameter
	.long	.Ldebug_loc10                   @ DW_AT_location
	.long	2058                            @ DW_AT_abstract_origin
	.byte	40                              @ Abbrev [40] 0x8b5:0x9 DW_TAG_variable
	.byte	3                               @ DW_AT_location
	.byte	116
	.byte	5
	.byte	159
	.long	2070                            @ DW_AT_abstract_origin
	.byte	0                               @ End Of Children Mark
	.byte	0                               @ End Of Children Mark
	.byte	32                              @ Abbrev [32] 0x8c0:0x7a DW_TAG_subprogram
	.long	.Linfo_string217                @ DW_AT_name
	.byte	3                               @ DW_AT_decl_file
	.short	352                             @ DW_AT_decl_line
                                        @ DW_AT_prototyped
	.byte	1                               @ DW_AT_inline
	.byte	33                              @ Abbrev [33] 0x8c9:0xc DW_TAG_formal_parameter
	.long	.Linfo_string218                @ DW_AT_name
	.byte	3                               @ DW_AT_decl_file
	.short	352                             @ DW_AT_decl_line
	.long	283                             @ DW_AT_type
	.byte	33                              @ Abbrev [33] 0x8d5:0xc DW_TAG_formal_parameter
	.long	.Linfo_string219                @ DW_AT_name
	.byte	3                               @ DW_AT_decl_file
	.short	352                             @ DW_AT_decl_line
	.long	283                             @ DW_AT_type
	.byte	33                              @ Abbrev [33] 0x8e1:0xc DW_TAG_formal_parameter
	.long	.Linfo_string220                @ DW_AT_name
	.byte	3                               @ DW_AT_decl_file
	.short	352                             @ DW_AT_decl_line
	.long	2362                            @ DW_AT_type
	.byte	34                              @ Abbrev [34] 0x8ed:0xc DW_TAG_variable
	.long	.Linfo_string223                @ DW_AT_name
	.byte	3                               @ DW_AT_decl_file
	.short	360                             @ DW_AT_decl_line
	.long	1553                            @ DW_AT_type
	.byte	34                              @ Abbrev [34] 0x8f9:0xc DW_TAG_variable
	.long	.Linfo_string224                @ DW_AT_name
	.byte	3                               @ DW_AT_decl_file
	.short	362                             @ DW_AT_decl_line
	.long	1553                            @ DW_AT_type
	.byte	34                              @ Abbrev [34] 0x905:0xc DW_TAG_variable
	.long	.Linfo_string225                @ DW_AT_name
	.byte	3                               @ DW_AT_decl_file
	.short	361                             @ DW_AT_decl_line
	.long	1553                            @ DW_AT_type
	.byte	34                              @ Abbrev [34] 0x911:0xc DW_TAG_variable
	.long	.Linfo_string226                @ DW_AT_name
	.byte	3                               @ DW_AT_decl_file
	.short	354                             @ DW_AT_decl_line
	.long	2402                            @ DW_AT_type
	.byte	41                              @ Abbrev [41] 0x91d:0xe DW_TAG_lexical_block
	.byte	34                              @ Abbrev [34] 0x91e:0xc DW_TAG_variable
	.long	.Linfo_string227                @ DW_AT_name
	.byte	3                               @ DW_AT_decl_file
	.short	364                             @ DW_AT_decl_line
	.long	301                             @ DW_AT_type
	.byte	0                               @ End Of Children Mark
	.byte	41                              @ Abbrev [41] 0x92b:0xe DW_TAG_lexical_block
	.byte	34                              @ Abbrev [34] 0x92c:0xc DW_TAG_variable
	.long	.Linfo_string227                @ DW_AT_name
	.byte	3                               @ DW_AT_decl_file
	.short	369                             @ DW_AT_decl_line
	.long	301                             @ DW_AT_type
	.byte	0                               @ End Of Children Mark
	.byte	0                               @ End Of Children Mark
	.byte	15                              @ Abbrev [15] 0x93a:0x5 DW_TAG_pointer_type
	.long	2367                            @ DW_AT_type
	.byte	42                              @ Abbrev [42] 0x93f:0x17 DW_TAG_structure_type
	.long	.Linfo_string222                @ DW_AT_name
	.byte	6                               @ DW_AT_byte_size
	.byte	15                              @ DW_AT_decl_file
	.short	1718                            @ DW_AT_decl_line
	.byte	43                              @ Abbrev [43] 0x948:0xd DW_TAG_member
	.long	.Linfo_string221                @ DW_AT_name
	.long	2390                            @ DW_AT_type
	.byte	15                              @ DW_AT_decl_file
	.short	1721                            @ DW_AT_decl_line
	.byte	0                               @ DW_AT_data_member_location
	.byte	0                               @ End Of Children Mark
	.byte	9                               @ Abbrev [9] 0x956:0xc DW_TAG_array_type
	.long	301                             @ DW_AT_type
	.byte	10                              @ Abbrev [10] 0x95b:0x6 DW_TAG_subrange_type
	.long	133                             @ DW_AT_type
	.byte	6                               @ DW_AT_count
	.byte	0                               @ End Of Children Mark
	.byte	9                               @ Abbrev [9] 0x962:0xc DW_TAG_array_type
	.long	2414                            @ DW_AT_type
	.byte	10                              @ Abbrev [10] 0x967:0x6 DW_TAG_subrange_type
	.long	133                             @ DW_AT_type
	.byte	46                              @ DW_AT_count
	.byte	0                               @ End Of Children Mark
	.byte	3                               @ Abbrev [3] 0x96e:0x5 DW_TAG_const_type
	.long	301                             @ DW_AT_type
	.byte	26                              @ Abbrev [26] 0x973:0x88 DW_TAG_subprogram
	.long	.Lfunc_begin12                  @ DW_AT_low_pc
	.long	.Lfunc_end12-.Lfunc_begin12     @ DW_AT_high_pc
	.byte	1                               @ DW_AT_frame_base
	.byte	93
                                        @ DW_AT_GNU_all_call_sites
	.long	.Linfo_string240                @ DW_AT_name
	.byte	3                               @ DW_AT_decl_file
	.short	376                             @ DW_AT_decl_line
                                        @ DW_AT_prototyped
                                        @ DW_AT_external
	.byte	29                              @ Abbrev [29] 0x985:0x10 DW_TAG_formal_parameter
	.long	.Ldebug_loc11                   @ DW_AT_location
	.long	.Linfo_string221                @ DW_AT_name
	.byte	3                               @ DW_AT_decl_file
	.short	376                             @ DW_AT_decl_line
	.long	2362                            @ DW_AT_type
	.byte	34                              @ Abbrev [34] 0x995:0xc DW_TAG_variable
	.long	.Linfo_string218                @ DW_AT_name
	.byte	3                               @ DW_AT_decl_file
	.short	378                             @ DW_AT_decl_line
	.long	283                             @ DW_AT_type
	.byte	34                              @ Abbrev [34] 0x9a1:0xc DW_TAG_variable
	.long	.Linfo_string219                @ DW_AT_name
	.byte	3                               @ DW_AT_decl_file
	.short	379                             @ DW_AT_decl_line
	.long	283                             @ DW_AT_type
	.byte	44                              @ Abbrev [44] 0x9ad:0x4d DW_TAG_inlined_subroutine
	.long	2240                            @ DW_AT_abstract_origin
	.long	.Ldebug_ranges0                 @ DW_AT_ranges
	.byte	3                               @ DW_AT_call_file
	.short	401                             @ DW_AT_call_line
	.byte	5                               @ DW_AT_call_column
	.byte	39                              @ Abbrev [39] 0x9ba:0x9 DW_TAG_variable
	.long	.Ldebug_loc12                   @ DW_AT_location
	.long	2285                            @ DW_AT_abstract_origin
	.byte	39                              @ Abbrev [39] 0x9c3:0x9 DW_TAG_variable
	.long	.Ldebug_loc13                   @ DW_AT_location
	.long	2297                            @ DW_AT_abstract_origin
	.byte	39                              @ Abbrev [39] 0x9cc:0x9 DW_TAG_variable
	.long	.Ldebug_loc14                   @ DW_AT_location
	.long	2309                            @ DW_AT_abstract_origin
	.byte	45                              @ Abbrev [45] 0x9d5:0x11 DW_TAG_lexical_block
	.long	.Ltmp69                         @ DW_AT_low_pc
	.long	.Ltmp76-.Ltmp69                 @ DW_AT_high_pc
	.byte	40                              @ Abbrev [40] 0x9de:0x7 DW_TAG_variable
	.byte	1                               @ DW_AT_location
	.byte	85
	.long	2334                            @ DW_AT_abstract_origin
	.byte	0                               @ End Of Children Mark
	.byte	45                              @ Abbrev [45] 0x9e6:0x13 DW_TAG_lexical_block
	.long	.Ltmp78                         @ DW_AT_low_pc
	.long	.Ltmp84-.Ltmp78                 @ DW_AT_high_pc
	.byte	39                              @ Abbrev [39] 0x9ef:0x9 DW_TAG_variable
	.long	.Ldebug_loc15                   @ DW_AT_location
	.long	2348                            @ DW_AT_abstract_origin
	.byte	0                               @ End Of Children Mark
	.byte	0                               @ End Of Children Mark
	.byte	0                               @ End Of Children Mark
	.byte	26                              @ Abbrev [26] 0x9fb:0x3d DW_TAG_subprogram
	.long	.Lfunc_begin13                  @ DW_AT_low_pc
	.long	.Lfunc_end13-.Lfunc_begin13     @ DW_AT_high_pc
	.byte	1                               @ DW_AT_frame_base
	.byte	93
                                        @ DW_AT_GNU_all_call_sites
	.long	.Linfo_string241                @ DW_AT_name
	.byte	3                               @ DW_AT_decl_file
	.short	404                             @ DW_AT_decl_line
                                        @ DW_AT_prototyped
                                        @ DW_AT_external
	.byte	29                              @ Abbrev [29] 0xa0d:0x10 DW_TAG_formal_parameter
	.long	.Ldebug_loc16                   @ DW_AT_location
	.long	.Linfo_string226                @ DW_AT_name
	.byte	3                               @ DW_AT_decl_file
	.short	404                             @ DW_AT_decl_line
	.long	1530                            @ DW_AT_type
	.byte	45                              @ Abbrev [45] 0xa1d:0x1a DW_TAG_lexical_block
	.long	.Ltmp91                         @ DW_AT_low_pc
	.long	.Ltmp95-.Ltmp91                 @ DW_AT_high_pc
	.byte	46                              @ Abbrev [46] 0xa26:0x10 DW_TAG_variable
	.long	.Ldebug_loc17                   @ DW_AT_location
	.long	.Linfo_string281                @ DW_AT_name
	.byte	3                               @ DW_AT_decl_file
	.short	411                             @ DW_AT_decl_line
	.long	1508                            @ DW_AT_type
	.byte	0                               @ End Of Children Mark
	.byte	0                               @ End Of Children Mark
	.byte	15                              @ Abbrev [15] 0xa38:0x5 DW_TAG_pointer_type
	.long	2621                            @ DW_AT_type
	.byte	3                               @ Abbrev [3] 0xa3d:0x5 DW_TAG_const_type
	.long	2626                            @ DW_AT_type
	.byte	42                              @ Abbrev [42] 0xa42:0x65 DW_TAG_structure_type
	.long	.Linfo_string251                @ DW_AT_name
	.byte	16                              @ DW_AT_byte_size
	.byte	8                               @ DW_AT_decl_file
	.short	414                             @ DW_AT_decl_line
	.byte	43                              @ Abbrev [43] 0xa4b:0xd DW_TAG_member
	.long	.Linfo_string244                @ DW_AT_name
	.long	1535                            @ DW_AT_type
	.byte	8                               @ DW_AT_decl_file
	.short	417                             @ DW_AT_decl_line
	.byte	0                               @ DW_AT_data_member_location
	.byte	43                              @ Abbrev [43] 0xa58:0xd DW_TAG_member
	.long	.Linfo_string245                @ DW_AT_name
	.long	1535                            @ DW_AT_type
	.byte	8                               @ DW_AT_decl_file
	.short	419                             @ DW_AT_decl_line
	.byte	2                               @ DW_AT_data_member_location
	.byte	43                              @ Abbrev [43] 0xa65:0xd DW_TAG_member
	.long	.Linfo_string246                @ DW_AT_name
	.long	1535                            @ DW_AT_type
	.byte	8                               @ DW_AT_decl_file
	.short	421                             @ DW_AT_decl_line
	.byte	4                               @ DW_AT_data_member_location
	.byte	43                              @ Abbrev [43] 0xa72:0xd DW_TAG_member
	.long	.Linfo_string247                @ DW_AT_name
	.long	1535                            @ DW_AT_type
	.byte	8                               @ DW_AT_decl_file
	.short	423                             @ DW_AT_decl_line
	.byte	6                               @ DW_AT_data_member_location
	.byte	43                              @ Abbrev [43] 0xa7f:0xd DW_TAG_member
	.long	.Linfo_string248                @ DW_AT_name
	.long	301                             @ DW_AT_type
	.byte	8                               @ DW_AT_decl_file
	.short	425                             @ DW_AT_decl_line
	.byte	8                               @ DW_AT_data_member_location
	.byte	43                              @ Abbrev [43] 0xa8c:0xd DW_TAG_member
	.long	.Linfo_string249                @ DW_AT_name
	.long	301                             @ DW_AT_type
	.byte	8                               @ DW_AT_decl_file
	.short	427                             @ DW_AT_decl_line
	.byte	9                               @ DW_AT_data_member_location
	.byte	43                              @ Abbrev [43] 0xa99:0xd DW_TAG_member
	.long	.Linfo_string250                @ DW_AT_name
	.long	2367                            @ DW_AT_type
	.byte	8                               @ DW_AT_decl_file
	.short	429                             @ DW_AT_decl_line
	.byte	10                              @ DW_AT_data_member_location
	.byte	0                               @ End Of Children Mark
	.byte	15                              @ Abbrev [15] 0xaa7:0x5 DW_TAG_pointer_type
	.long	2732                            @ DW_AT_type
	.byte	3                               @ Abbrev [3] 0xaac:0x5 DW_TAG_const_type
	.long	2737                            @ DW_AT_type
	.byte	42                              @ Abbrev [42] 0xab1:0x24 DW_TAG_structure_type
	.long	.Linfo_string253                @ DW_AT_name
	.byte	4                               @ DW_AT_byte_size
	.byte	8                               @ DW_AT_decl_file
	.short	466                             @ DW_AT_decl_line
	.byte	43                              @ Abbrev [43] 0xaba:0xd DW_TAG_member
	.long	.Linfo_string244                @ DW_AT_name
	.long	1535                            @ DW_AT_type
	.byte	8                               @ DW_AT_decl_file
	.short	469                             @ DW_AT_decl_line
	.byte	0                               @ DW_AT_data_member_location
	.byte	43                              @ Abbrev [43] 0xac7:0xd DW_TAG_member
	.long	.Linfo_string252                @ DW_AT_name
	.long	301                             @ DW_AT_type
	.byte	8                               @ DW_AT_decl_file
	.short	471                             @ DW_AT_decl_line
	.byte	2                               @ DW_AT_data_member_location
	.byte	0                               @ End Of Children Mark
	.byte	15                              @ Abbrev [15] 0xad5:0x5 DW_TAG_pointer_type
	.long	2778                            @ DW_AT_type
	.byte	42                              @ Abbrev [42] 0xada:0x24 DW_TAG_structure_type
	.long	.Linfo_string257                @ DW_AT_name
	.byte	33                              @ DW_AT_byte_size
	.byte	12                              @ DW_AT_decl_file
	.short	263                             @ DW_AT_decl_line
	.byte	43                              @ Abbrev [43] 0xae3:0xd DW_TAG_member
	.long	.Linfo_string255                @ DW_AT_name
	.long	301                             @ DW_AT_type
	.byte	12                              @ DW_AT_decl_file
	.short	266                             @ DW_AT_decl_line
	.byte	0                               @ DW_AT_data_member_location
	.byte	43                              @ Abbrev [43] 0xaf0:0xd DW_TAG_member
	.long	.Linfo_string256                @ DW_AT_name
	.long	2814                            @ DW_AT_type
	.byte	12                              @ DW_AT_decl_file
	.short	268                             @ DW_AT_decl_line
	.byte	1                               @ DW_AT_data_member_location
	.byte	0                               @ End Of Children Mark
	.byte	9                               @ Abbrev [9] 0xafe:0xc DW_TAG_array_type
	.long	301                             @ DW_AT_type
	.byte	10                              @ Abbrev [10] 0xb03:0x6 DW_TAG_subrange_type
	.long	133                             @ DW_AT_type
	.byte	32                              @ DW_AT_count
	.byte	0                               @ End Of Children Mark
	.byte	15                              @ Abbrev [15] 0xb0a:0x5 DW_TAG_pointer_type
	.long	1535                            @ DW_AT_type
	.byte	15                              @ Abbrev [15] 0xb0f:0x5 DW_TAG_pointer_type
	.long	2836                            @ DW_AT_type
	.byte	42                              @ Abbrev [42] 0xb14:0x3e DW_TAG_structure_type
	.long	.Linfo_string264                @ DW_AT_name
	.byte	8                               @ DW_AT_byte_size
	.byte	10                              @ DW_AT_decl_file
	.short	373                             @ DW_AT_decl_line
	.byte	43                              @ Abbrev [43] 0xb1d:0xd DW_TAG_member
	.long	.Linfo_string260                @ DW_AT_name
	.long	1535                            @ DW_AT_type
	.byte	10                              @ DW_AT_decl_file
	.short	376                             @ DW_AT_decl_line
	.byte	0                               @ DW_AT_data_member_location
	.byte	43                              @ Abbrev [43] 0xb2a:0xd DW_TAG_member
	.long	.Linfo_string261                @ DW_AT_name
	.long	1535                            @ DW_AT_type
	.byte	10                              @ DW_AT_decl_file
	.short	378                             @ DW_AT_decl_line
	.byte	2                               @ DW_AT_data_member_location
	.byte	43                              @ Abbrev [43] 0xb37:0xd DW_TAG_member
	.long	.Linfo_string262                @ DW_AT_name
	.long	1535                            @ DW_AT_type
	.byte	10                              @ DW_AT_decl_file
	.short	380                             @ DW_AT_decl_line
	.byte	4                               @ DW_AT_data_member_location
	.byte	43                              @ Abbrev [43] 0xb44:0xd DW_TAG_member
	.long	.Linfo_string263                @ DW_AT_name
	.long	1535                            @ DW_AT_type
	.byte	10                              @ DW_AT_decl_file
	.short	382                             @ DW_AT_decl_line
	.byte	6                               @ DW_AT_data_member_location
	.byte	0                               @ End Of Children Mark
	.byte	15                              @ Abbrev [15] 0xb52:0x5 DW_TAG_pointer_type
	.long	2903                            @ DW_AT_type
	.byte	3                               @ Abbrev [3] 0xb57:0x5 DW_TAG_const_type
	.long	2908                            @ DW_AT_type
	.byte	42                              @ Abbrev [42] 0xb5c:0x24 DW_TAG_structure_type
	.long	.Linfo_string269                @ DW_AT_name
	.byte	4                               @ DW_AT_byte_size
	.byte	8                               @ DW_AT_decl_file
	.short	604                             @ DW_AT_decl_line
	.byte	43                              @ Abbrev [43] 0xb65:0xd DW_TAG_member
	.long	.Linfo_string265                @ DW_AT_name
	.long	301                             @ DW_AT_type
	.byte	8                               @ DW_AT_decl_file
	.short	609                             @ DW_AT_decl_line
	.byte	0                               @ DW_AT_data_member_location
	.byte	43                              @ Abbrev [43] 0xb72:0xd DW_TAG_member
	.long	.Linfo_string266                @ DW_AT_name
	.long	2944                            @ DW_AT_type
	.byte	8                               @ DW_AT_decl_file
	.short	618                             @ DW_AT_decl_line
	.byte	2                               @ DW_AT_data_member_location
	.byte	0                               @ End Of Children Mark
	.byte	47                              @ Abbrev [47] 0xb80:0x24 DW_TAG_union_type
	.long	.Linfo_string268                @ DW_AT_name
	.byte	2                               @ DW_AT_byte_size
	.byte	8                               @ DW_AT_decl_file
	.short	612                             @ DW_AT_decl_line
	.byte	43                              @ Abbrev [43] 0xb89:0xd DW_TAG_member
	.long	.Linfo_string256                @ DW_AT_name
	.long	2980                            @ DW_AT_type
	.byte	8                               @ DW_AT_decl_file
	.short	615                             @ DW_AT_decl_line
	.byte	0                               @ DW_AT_data_member_location
	.byte	43                              @ Abbrev [43] 0xb96:0xd DW_TAG_member
	.long	.Linfo_string258                @ DW_AT_name
	.long	1535                            @ DW_AT_type
	.byte	8                               @ DW_AT_decl_file
	.short	617                             @ DW_AT_decl_line
	.byte	0                               @ DW_AT_data_member_location
	.byte	0                               @ End Of Children Mark
	.byte	42                              @ Abbrev [42] 0xba4:0x24 DW_TAG_structure_type
	.long	.Linfo_string267                @ DW_AT_name
	.byte	2                               @ DW_AT_byte_size
	.byte	10                              @ DW_AT_decl_file
	.short	364                             @ DW_AT_decl_line
	.byte	43                              @ Abbrev [43] 0xbad:0xd DW_TAG_member
	.long	.Linfo_string255                @ DW_AT_name
	.long	1535                            @ DW_AT_type
	.byte	10                              @ DW_AT_decl_file
	.short	367                             @ DW_AT_decl_line
	.byte	0                               @ DW_AT_data_member_location
	.byte	43                              @ Abbrev [43] 0xbba:0xd DW_TAG_member
	.long	.Linfo_string212                @ DW_AT_name
	.long	3016                            @ DW_AT_type
	.byte	10                              @ DW_AT_decl_file
	.short	369                             @ DW_AT_decl_line
	.byte	2                               @ DW_AT_data_member_location
	.byte	0                               @ End Of Children Mark
	.byte	9                               @ Abbrev [9] 0xbc8:0xb DW_TAG_array_type
	.long	301                             @ DW_AT_type
	.byte	48                              @ Abbrev [48] 0xbcd:0x5 DW_TAG_subrange_type
	.long	133                             @ DW_AT_type
	.byte	0                               @ End Of Children Mark
	.byte	15                              @ Abbrev [15] 0xbd3:0x5 DW_TAG_pointer_type
	.long	3032                            @ DW_AT_type
	.byte	3                               @ Abbrev [3] 0xbd8:0x5 DW_TAG_const_type
	.long	3037                            @ DW_AT_type
	.byte	42                              @ Abbrev [42] 0xbdd:0x3e DW_TAG_structure_type
	.long	.Linfo_string275                @ DW_AT_name
	.byte	8                               @ DW_AT_byte_size
	.byte	8                               @ DW_AT_decl_file
	.short	669                             @ DW_AT_decl_line
	.byte	43                              @ Abbrev [43] 0xbe6:0xd DW_TAG_member
	.long	.Linfo_string271                @ DW_AT_name
	.long	1535                            @ DW_AT_type
	.byte	8                               @ DW_AT_decl_file
	.short	672                             @ DW_AT_decl_line
	.byte	0                               @ DW_AT_data_member_location
	.byte	43                              @ Abbrev [43] 0xbf3:0xd DW_TAG_member
	.long	.Linfo_string272                @ DW_AT_name
	.long	1535                            @ DW_AT_type
	.byte	8                               @ DW_AT_decl_file
	.short	674                             @ DW_AT_decl_line
	.byte	2                               @ DW_AT_data_member_location
	.byte	43                              @ Abbrev [43] 0xc00:0xd DW_TAG_member
	.long	.Linfo_string273                @ DW_AT_name
	.long	1535                            @ DW_AT_type
	.byte	8                               @ DW_AT_decl_file
	.short	676                             @ DW_AT_decl_line
	.byte	4                               @ DW_AT_data_member_location
	.byte	43                              @ Abbrev [43] 0xc0d:0xd DW_TAG_member
	.long	.Linfo_string274                @ DW_AT_name
	.long	1535                            @ DW_AT_type
	.byte	8                               @ DW_AT_decl_file
	.short	678                             @ DW_AT_decl_line
	.byte	6                               @ DW_AT_data_member_location
	.byte	0                               @ End Of Children Mark
	.byte	15                              @ Abbrev [15] 0xc1b:0x5 DW_TAG_pointer_type
	.long	3104                            @ DW_AT_type
	.byte	42                              @ Abbrev [42] 0xc20:0x31 DW_TAG_structure_type
	.long	.Linfo_string280                @ DW_AT_name
	.byte	6                               @ DW_AT_byte_size
	.byte	8                               @ DW_AT_decl_file
	.short	693                             @ DW_AT_decl_line
	.byte	43                              @ Abbrev [43] 0xc29:0xd DW_TAG_member
	.long	.Linfo_string277                @ DW_AT_name
	.long	1699                            @ DW_AT_type
	.byte	8                               @ DW_AT_decl_file
	.short	696                             @ DW_AT_decl_line
	.byte	0                               @ DW_AT_data_member_location
	.byte	43                              @ Abbrev [43] 0xc36:0xd DW_TAG_member
	.long	.Linfo_string278                @ DW_AT_name
	.long	1535                            @ DW_AT_type
	.byte	8                               @ DW_AT_decl_file
	.short	698                             @ DW_AT_decl_line
	.byte	2                               @ DW_AT_data_member_location
	.byte	43                              @ Abbrev [43] 0xc43:0xd DW_TAG_member
	.long	.Linfo_string279                @ DW_AT_name
	.long	1535                            @ DW_AT_type
	.byte	8                               @ DW_AT_decl_file
	.short	700                             @ DW_AT_decl_line
	.byte	4                               @ DW_AT_data_member_location
	.byte	0                               @ End Of Children Mark
	.byte	0                               @ End Of Children Mark
.Ldebug_info_end0:
	.section	.debug_ranges,"",%progbits
.Ldebug_ranges0:
	.long	.Ltmp66-.Lfunc_begin0
	.long	.Ltmp67-.Lfunc_begin0
	.long	.Ltmp69-.Lfunc_begin0
	.long	.Ltmp85-.Lfunc_begin0
	.long	0
	.long	0
	.section	.debug_str,"MS",%progbits,1
.Linfo_string0:
	.asciz	"Component: Arm Compiler for Embedded 6.23 Tool: armclang [5f103000]" @ string offset=0
.Linfo_string1:
	.asciz	"../../../../../sdk/app_modules/src/app_default_hnd\\app_default_handlers.c" @ string offset=68
.Linfo_string2:
	.asciz	"C:\\Users\\teodor\\Desktop\\stem\\codeless\\6.0.24.1464\\projects\\target_apps\\ble_examples\\empty_peripheral_template\\Keil_5" @ string offset=142
.Linfo_string3:
	.asciz	"app_default_sleep_mode"        @ string offset=259
.Linfo_string4:
	.asciz	"unsigned char"                 @ string offset=282
.Linfo_string5:
	.asciz	"ARCH_SLEEP_OFF"                @ string offset=296
.Linfo_string6:
	.asciz	"ARCH_EXT_SLEEP_ON"             @ string offset=311
.Linfo_string7:
	.asciz	"ARCH_EXT_SLEEP_OTP_COPY_ON"    @ string offset=329
.Linfo_string8:
	.asciz	"sleep_state_t"                 @ string offset=356
.Linfo_string9:
	.asciz	"char"                          @ string offset=370
.Linfo_string10:
	.asciz	"__ARRAY_SIZE_TYPE__"           @ string offset=375
.Linfo_string11:
	.asciz	"user_default_app_operations"   @ string offset=395
.Linfo_string12:
	.asciz	"default_operation_adv"         @ string offset=423
.Linfo_string13:
	.asciz	"default_app_operations"        @ string offset=445
.Linfo_string14:
	.asciz	"irk_key_seed"                  @ string offset=468
.Linfo_string15:
	.asciz	"addr_arr"                      @ string offset=481
.Linfo_string16:
	.asciz	"unsigned int"                  @ string offset=490
.Linfo_string17:
	.asciz	"uint32_t"                      @ string offset=503
.Linfo_string18:
	.asciz	"arr_size"                      @ string offset=512
.Linfo_string19:
	.asciz	"uint8_t"                       @ string offset=521
.Linfo_string20:
	.asciz	"static_key_t"                  @ string offset=529
.Linfo_string21:
	.asciz	"GAPC_DEV_NAME"                 @ string offset=542
.Linfo_string22:
	.asciz	"GAPC_DEV_APPEARANCE"           @ string offset=556
.Linfo_string23:
	.asciz	"GAPC_DEV_SLV_PREF_PARAMS"      @ string offset=576
.Linfo_string24:
	.asciz	"GAPC_DEV_CENTRAL_RPA"          @ string offset=601
.Linfo_string25:
	.asciz	"GAPC_DEV_RPA_ONLY"             @ string offset=622
.Linfo_string26:
	.asciz	"GAPC_DEV_INFO_MAX"             @ string offset=640
.Linfo_string27:
	.asciz	"gapc_dev_info"                 @ string offset=658
.Linfo_string28:
	.asciz	"GAP_ERR_NO_ERROR"              @ string offset=672
.Linfo_string29:
	.asciz	"ATT_ERR_NO_ERROR"              @ string offset=689
.Linfo_string30:
	.asciz	"ATT_ERR_INVALID_HANDLE"        @ string offset=706
.Linfo_string31:
	.asciz	"ATT_ERR_READ_NOT_PERMITTED"    @ string offset=729
.Linfo_string32:
	.asciz	"ATT_ERR_WRITE_NOT_PERMITTED"   @ string offset=756
.Linfo_string33:
	.asciz	"ATT_ERR_INVALID_PDU"           @ string offset=784
.Linfo_string34:
	.asciz	"ATT_ERR_INSUFF_AUTHEN"         @ string offset=804
.Linfo_string35:
	.asciz	"ATT_ERR_REQUEST_NOT_SUPPORTED" @ string offset=826
.Linfo_string36:
	.asciz	"ATT_ERR_INVALID_OFFSET"        @ string offset=856
.Linfo_string37:
	.asciz	"ATT_ERR_INSUFF_AUTHOR"         @ string offset=879
.Linfo_string38:
	.asciz	"ATT_ERR_PREPARE_QUEUE_FULL"    @ string offset=901
.Linfo_string39:
	.asciz	"ATT_ERR_ATTRIBUTE_NOT_FOUND"   @ string offset=928
.Linfo_string40:
	.asciz	"ATT_ERR_ATTRIBUTE_NOT_LONG"    @ string offset=956
.Linfo_string41:
	.asciz	"ATT_ERR_SHORT_ENC_KEY_SIZE"    @ string offset=983
.Linfo_string42:
	.asciz	"ATT_ERR_INVALID_ATTRIBUTE_VAL_LEN" @ string offset=1010
.Linfo_string43:
	.asciz	"ATT_ERR_UNLIKELY_ERR"          @ string offset=1044
.Linfo_string44:
	.asciz	"ATT_ERR_INSUFF_ENC"            @ string offset=1065
.Linfo_string45:
	.asciz	"ATT_ERR_UNSUPP_GRP_TYPE"       @ string offset=1084
.Linfo_string46:
	.asciz	"ATT_ERR_INSUFF_RESOURCE"       @ string offset=1108
.Linfo_string47:
	.asciz	"ATT_ERR_APP_ERROR"             @ string offset=1132
.Linfo_string48:
	.asciz	"L2C_ERR_CONNECTION_LOST"       @ string offset=1150
.Linfo_string49:
	.asciz	"L2C_ERR_INVALID_MTU_EXCEED"    @ string offset=1174
.Linfo_string50:
	.asciz	"L2C_ERR_INVALID_MPS_EXCEED"    @ string offset=1201
.Linfo_string51:
	.asciz	"L2C_ERR_INVALID_CID"           @ string offset=1228
.Linfo_string52:
	.asciz	"L2C_ERR_INVALID_PDU"           @ string offset=1248
.Linfo_string53:
	.asciz	"L2C_ERR_NO_RES_AVAIL"          @ string offset=1268
.Linfo_string54:
	.asciz	"L2C_ERR_INSUFF_AUTHEN"         @ string offset=1289
.Linfo_string55:
	.asciz	"L2C_ERR_INSUFF_AUTHOR"         @ string offset=1311
.Linfo_string56:
	.asciz	"L2C_ERR_SHORT_ENC_KEY_SIZE"    @ string offset=1333
.Linfo_string57:
	.asciz	"L2C_ERR_INSUFF_ENC"            @ string offset=1360
.Linfo_string58:
	.asciz	"L2C_ERR_LEPSM_NOT_SUPP"        @ string offset=1379
.Linfo_string59:
	.asciz	"L2C_ERR_INSUFF_CREDIT"         @ string offset=1402
.Linfo_string60:
	.asciz	"L2C_ERR_NO_MORE_CREDIT"        @ string offset=1424
.Linfo_string61:
	.asciz	"L2C_ERR_NOT_UNDERSTOOD"        @ string offset=1447
.Linfo_string62:
	.asciz	"L2C_ERR_INVALID_SCID"          @ string offset=1470
.Linfo_string63:
	.asciz	"L2C_ERR_SCID_ALLOCATED"        @ string offset=1491
.Linfo_string64:
	.asciz	"L2C_ERR_UNACCEPTABLE_PARAM"    @ string offset=1514
.Linfo_string65:
	.asciz	"GAP_ERR_INVALID_PARAM"         @ string offset=1541
.Linfo_string66:
	.asciz	"GAP_ERR_PROTOCOL_PROBLEM"      @ string offset=1563
.Linfo_string67:
	.asciz	"GAP_ERR_NOT_SUPPORTED"         @ string offset=1588
.Linfo_string68:
	.asciz	"GAP_ERR_COMMAND_DISALLOWED"    @ string offset=1610
.Linfo_string69:
	.asciz	"GAP_ERR_CANCELED"              @ string offset=1637
.Linfo_string70:
	.asciz	"GAP_ERR_TIMEOUT"               @ string offset=1654
.Linfo_string71:
	.asciz	"GAP_ERR_DISCONNECTED"          @ string offset=1670
.Linfo_string72:
	.asciz	"GAP_ERR_NOT_FOUND"             @ string offset=1691
.Linfo_string73:
	.asciz	"GAP_ERR_REJECTED"              @ string offset=1709
.Linfo_string74:
	.asciz	"GAP_ERR_PRIVACY_CFG_PB"        @ string offset=1726
.Linfo_string75:
	.asciz	"GAP_ERR_ADV_DATA_INVALID"      @ string offset=1749
.Linfo_string76:
	.asciz	"GAP_ERR_INSUFF_RESOURCES"      @ string offset=1774
.Linfo_string77:
	.asciz	"GAP_ERR_UNEXPECTED"            @ string offset=1799
.Linfo_string78:
	.asciz	"GATT_ERR_INVALID_ATT_LEN"      @ string offset=1818
.Linfo_string79:
	.asciz	"GATT_ERR_INVALID_TYPE_IN_SVC_SEARCH" @ string offset=1843
.Linfo_string80:
	.asciz	"GATT_ERR_WRITE"                @ string offset=1879
.Linfo_string81:
	.asciz	"GATT_ERR_SIGNED_WRITE"         @ string offset=1894
.Linfo_string82:
	.asciz	"GATT_ERR_ATTRIBUTE_CLIENT_MISSING" @ string offset=1916
.Linfo_string83:
	.asciz	"GATT_ERR_ATTRIBUTE_SERVER_MISSING" @ string offset=1950
.Linfo_string84:
	.asciz	"GATT_ERR_INVALID_PERM"         @ string offset=1984
.Linfo_string85:
	.asciz	"SMP_ERROR_LOC_PASSKEY_ENTRY_FAILED" @ string offset=2006
.Linfo_string86:
	.asciz	"SMP_ERROR_LOC_OOB_NOT_AVAILABLE" @ string offset=2041
.Linfo_string87:
	.asciz	"SMP_ERROR_LOC_AUTH_REQ"        @ string offset=2073
.Linfo_string88:
	.asciz	"SMP_ERROR_LOC_CONF_VAL_FAILED" @ string offset=2096
.Linfo_string89:
	.asciz	"SMP_ERROR_LOC_PAIRING_NOT_SUPP" @ string offset=2126
.Linfo_string90:
	.asciz	"SMP_ERROR_LOC_ENC_KEY_SIZE"    @ string offset=2157
.Linfo_string91:
	.asciz	"SMP_ERROR_LOC_CMD_NOT_SUPPORTED" @ string offset=2184
.Linfo_string92:
	.asciz	"SMP_ERROR_LOC_UNSPECIFIED_REASON" @ string offset=2216
.Linfo_string93:
	.asciz	"SMP_ERROR_LOC_REPEATED_ATTEMPTS" @ string offset=2249
.Linfo_string94:
	.asciz	"SMP_ERROR_LOC_INVALID_PARAM"   @ string offset=2281
.Linfo_string95:
	.asciz	"SMP_ERROR_LOC_REQ_DISALLOWED"  @ string offset=2309
.Linfo_string96:
	.asciz	"SMP_ERROR_LOC_LL_ERROR"        @ string offset=2338
.Linfo_string97:
	.asciz	"SMP_ERROR_LOC_ADDR_RESOLV_FAIL" @ string offset=2361
.Linfo_string98:
	.asciz	"SMP_ERROR_LOC_SIGN_VERIF_FAIL" @ string offset=2392
.Linfo_string99:
	.asciz	"SMP_ERROR_LOC_TIMEOUT"         @ string offset=2422
.Linfo_string100:
	.asciz	"SMP_ERROR_REM_PASSKEY_ENTRY_FAILED" @ string offset=2444
.Linfo_string101:
	.asciz	"SMP_ERROR_REM_OOB_NOT_AVAILABLE" @ string offset=2479
.Linfo_string102:
	.asciz	"SMP_ERROR_REM_AUTH_REQ"        @ string offset=2511
.Linfo_string103:
	.asciz	"SMP_ERROR_REM_CONF_VAL_FAILED" @ string offset=2534
.Linfo_string104:
	.asciz	"SMP_ERROR_REM_PAIRING_NOT_SUPP" @ string offset=2564
.Linfo_string105:
	.asciz	"SMP_ERROR_REM_ENC_KEY_SIZE"    @ string offset=2595
.Linfo_string106:
	.asciz	"SMP_ERROR_REM_CMD_NOT_SUPPORTED" @ string offset=2622
.Linfo_string107:
	.asciz	"SMP_ERROR_REM_UNSPECIFIED_REASON" @ string offset=2654
.Linfo_string108:
	.asciz	"SMP_ERROR_REM_REPEATED_ATTEMPTS" @ string offset=2687
.Linfo_string109:
	.asciz	"SMP_ERROR_REM_INVALID_PARAM"   @ string offset=2719
.Linfo_string110:
	.asciz	"SMP_ERROR_REM_ENC_KEY_MISSING" @ string offset=2747
.Linfo_string111:
	.asciz	"SMP_ERROR_REM_ENC_NOT_SUPPORTED" @ string offset=2777
.Linfo_string112:
	.asciz	"SMP_ERROR_REM_ENC_TIMEOUT"     @ string offset=2809
.Linfo_string113:
	.asciz	"PRF_APP_ERROR"                 @ string offset=2835
.Linfo_string114:
	.asciz	"PRF_ERR_INVALID_PARAM"         @ string offset=2849
.Linfo_string115:
	.asciz	"PRF_ERR_INEXISTENT_HDL"        @ string offset=2871
.Linfo_string116:
	.asciz	"PRF_ERR_STOP_DISC_CHAR_MISSING" @ string offset=2894
.Linfo_string117:
	.asciz	"PRF_ERR_MULTIPLE_SVC"          @ string offset=2925
.Linfo_string118:
	.asciz	"PRF_ERR_STOP_DISC_WRONG_CHAR_PROP" @ string offset=2946
.Linfo_string119:
	.asciz	"PRF_ERR_MULTIPLE_CHAR"         @ string offset=2980
.Linfo_string120:
	.asciz	"PRF_ERR_NOT_WRITABLE"          @ string offset=3002
.Linfo_string121:
	.asciz	"PRF_ERR_NOT_READABLE"          @ string offset=3023
.Linfo_string122:
	.asciz	"PRF_ERR_REQ_DISALLOWED"        @ string offset=3044
.Linfo_string123:
	.asciz	"PRF_ERR_NTF_DISABLED"          @ string offset=3067
.Linfo_string124:
	.asciz	"PRF_ERR_IND_DISABLED"          @ string offset=3088
.Linfo_string125:
	.asciz	"PRF_ERR_FEATURE_NOT_SUPPORTED" @ string offset=3109
.Linfo_string126:
	.asciz	"PRF_ERR_UNEXPECTED_LEN"        @ string offset=3139
.Linfo_string127:
	.asciz	"PRF_ERR_DISCONNECTED"          @ string offset=3162
.Linfo_string128:
	.asciz	"PRF_ERR_PROC_TIMEOUT"          @ string offset=3183
.Linfo_string129:
	.asciz	"PRF_CCCD_IMPR_CONFIGURED"      @ string offset=3204
.Linfo_string130:
	.asciz	"PRF_PROC_IN_PROGRESS"          @ string offset=3229
.Linfo_string131:
	.asciz	"PRF_OUT_OF_RANGE"              @ string offset=3250
.Linfo_string132:
	.asciz	"LL_ERR_UNKNOWN_HCI_COMMAND"    @ string offset=3267
.Linfo_string133:
	.asciz	"LL_ERR_UNKNOWN_CONNECTION_ID"  @ string offset=3294
.Linfo_string134:
	.asciz	"LL_ERR_HARDWARE_FAILURE"       @ string offset=3323
.Linfo_string135:
	.asciz	"LL_ERR_PAGE_TIMEOUT"           @ string offset=3347
.Linfo_string136:
	.asciz	"LL_ERR_AUTH_FAILURE"           @ string offset=3367
.Linfo_string137:
	.asciz	"LL_ERR_PIN_MISSING"            @ string offset=3387
.Linfo_string138:
	.asciz	"LL_ERR_MEMORY_CAPA_EXCEED"     @ string offset=3406
.Linfo_string139:
	.asciz	"LL_ERR_CON_TIMEOUT"            @ string offset=3432
.Linfo_string140:
	.asciz	"LL_ERR_CON_LIMIT_EXCEED"       @ string offset=3451
.Linfo_string141:
	.asciz	"LL_ERR_SYNC_CON_LIMIT_DEV_EXCEED" @ string offset=3475
.Linfo_string142:
	.asciz	"LL_ERR_ACL_CON_EXISTS"         @ string offset=3508
.Linfo_string143:
	.asciz	"LL_ERR_COMMAND_DISALLOWED"     @ string offset=3530
.Linfo_string144:
	.asciz	"LL_ERR_CONN_REJ_LIMITED_RESOURCES" @ string offset=3556
.Linfo_string145:
	.asciz	"LL_ERR_CONN_REJ_SECURITY_REASONS" @ string offset=3590
.Linfo_string146:
	.asciz	"LL_ERR_CONN_REJ_UNACCEPTABLE_BDADDR" @ string offset=3623
.Linfo_string147:
	.asciz	"LL_ERR_CONN_ACCEPT_TIMEOUT_EXCEED" @ string offset=3659
.Linfo_string148:
	.asciz	"LL_ERR_UNSUPPORTED"            @ string offset=3693
.Linfo_string149:
	.asciz	"LL_ERR_INVALID_HCI_PARAM"      @ string offset=3712
.Linfo_string150:
	.asciz	"LL_ERR_REMOTE_USER_TERM_CON"   @ string offset=3737
.Linfo_string151:
	.asciz	"LL_ERR_REMOTE_DEV_TERM_LOW_RESOURCES" @ string offset=3765
.Linfo_string152:
	.asciz	"LL_ERR_REMOTE_DEV_POWER_OFF"   @ string offset=3802
.Linfo_string153:
	.asciz	"LL_ERR_CON_TERM_BY_LOCAL_HOST" @ string offset=3830
.Linfo_string154:
	.asciz	"LL_ERR_REPEATED_ATTEMPTS"      @ string offset=3860
.Linfo_string155:
	.asciz	"LL_ERR_PAIRING_NOT_ALLOWED"    @ string offset=3885
.Linfo_string156:
	.asciz	"LL_ERR_UNKNOWN_LMP_PDU"        @ string offset=3912
.Linfo_string157:
	.asciz	"LL_ERR_UNSUPPORTED_REMOTE_FEATURE" @ string offset=3935
.Linfo_string158:
	.asciz	"LL_ERR_SCO_OFFSET_REJECTED"    @ string offset=3969
.Linfo_string159:
	.asciz	"LL_ERR_SCO_INTERVAL_REJECTED"  @ string offset=3996
.Linfo_string160:
	.asciz	"LL_ERR_SCO_AIR_MODE_REJECTED"  @ string offset=4025
.Linfo_string161:
	.asciz	"LL_ERR_INVALID_LMP_PARAM"      @ string offset=4054
.Linfo_string162:
	.asciz	"LL_ERR_UNSPECIFIED_ERROR"      @ string offset=4079
.Linfo_string163:
	.asciz	"LL_ERR_UNSUPPORTED_LMP_PARAM_VALUE" @ string offset=4104
.Linfo_string164:
	.asciz	"LL_ERR_ROLE_CHANGE_NOT_ALLOWED" @ string offset=4139
.Linfo_string165:
	.asciz	"LL_ERR_LMP_RSP_TIMEOUT"        @ string offset=4170
.Linfo_string166:
	.asciz	"LL_ERR_LMP_COLLISION"          @ string offset=4193
.Linfo_string167:
	.asciz	"LL_ERR_LMP_PDU_NOT_ALLOWED"    @ string offset=4214
.Linfo_string168:
	.asciz	"LL_ERR_ENC_MODE_NOT_ACCEPT"    @ string offset=4241
.Linfo_string169:
	.asciz	"LL_ERR_LINK_KEY_CANT_CHANGE"   @ string offset=4268
.Linfo_string170:
	.asciz	"LL_ERR_QOS_NOT_SUPPORTED"      @ string offset=4296
.Linfo_string171:
	.asciz	"LL_ERR_INSTANT_PASSED"         @ string offset=4321
.Linfo_string172:
	.asciz	"LL_ERR_PAIRING_WITH_UNIT_KEY_NOT_SUP" @ string offset=4343
.Linfo_string173:
	.asciz	"LL_ERR_DIFF_TRANSACTION_COLLISION" @ string offset=4380
.Linfo_string174:
	.asciz	"LL_ERR_QOS_UNACCEPTABLE_PARAM" @ string offset=4414
.Linfo_string175:
	.asciz	"LL_ERR_QOS_REJECTED"           @ string offset=4444
.Linfo_string176:
	.asciz	"LL_ERR_CHANNEL_CLASS_NOT_SUP"  @ string offset=4464
.Linfo_string177:
	.asciz	"LL_ERR_INSUFFICIENT_SECURITY"  @ string offset=4493
.Linfo_string178:
	.asciz	"LL_ERR_PARAM_OUT_OF_MAND_RANGE" @ string offset=4522
.Linfo_string179:
	.asciz	"LL_ERR_ROLE_SWITCH_PEND"       @ string offset=4553
.Linfo_string180:
	.asciz	"LL_ERR_RESERVED_SLOT_VIOLATION" @ string offset=4577
.Linfo_string181:
	.asciz	"LL_ERR_ROLE_SWITCH_FAIL"       @ string offset=4608
.Linfo_string182:
	.asciz	"LL_ERR_EIR_TOO_LARGE"          @ string offset=4632
.Linfo_string183:
	.asciz	"LL_ERR_SP_NOT_SUPPORTED_HOST"  @ string offset=4653
.Linfo_string184:
	.asciz	"LL_ERR_HOST_BUSY_PAIRING"      @ string offset=4682
.Linfo_string185:
	.asciz	"LL_ERR_CONTROLLER_BUSY"        @ string offset=4707
.Linfo_string186:
	.asciz	"LL_ERR_UNACCEPTABLE_CONN_INT"  @ string offset=4730
.Linfo_string187:
	.asciz	"LL_ERR_DIRECT_ADV_TO"          @ string offset=4759
.Linfo_string188:
	.asciz	"LL_ERR_TERMINATED_MIC_FAILURE" @ string offset=4780
.Linfo_string189:
	.asciz	"LL_ERR_CONN_FAILED_TO_BE_EST"  @ string offset=4810
.Linfo_string190:
	.asciz	"hl_err"                        @ string offset=4839
.Linfo_string191:
	.asciz	"GAP_STATIC_ADDR"               @ string offset=4846
.Linfo_string192:
	.asciz	"GAP_NON_RSLV_ADDR"             @ string offset=4862
.Linfo_string193:
	.asciz	"GAP_RSLV_ADDR"                 @ string offset=4880
.Linfo_string194:
	.asciz	"gap_rnd_addr_type"             @ string offset=4894
.Linfo_string195:
	.asciz	"HW_OTPC_MODE_DSTBY"            @ string offset=4912
.Linfo_string196:
	.asciz	"HW_OTPC_MODE_STBY"             @ string offset=4931
.Linfo_string197:
	.asciz	"HW_OTPC_MODE_READ"             @ string offset=4949
.Linfo_string198:
	.asciz	"HW_OTPC_MODE_PROG"             @ string offset=4967
.Linfo_string199:
	.asciz	"HW_OTPC_MODE_PVFY"             @ string offset=4985
.Linfo_string200:
	.asciz	"HW_OTPC_MODE_RINI"             @ string offset=5003
.Linfo_string201:
	.asciz	"HW_OTPC_MODE_AREAD"            @ string offset=5021
.Linfo_string202:
	.asciz	"int"                           @ string offset=5040
.Linfo_string203:
	.asciz	"unsigned short"                @ string offset=5044
.Linfo_string204:
	.asciz	"uint16_t"                      @ string offset=5059
.Linfo_string205:
	.asciz	"unsigned long long"            @ string offset=5068
.Linfo_string206:
	.asciz	"uint64_t"                      @ string offset=5087
.Linfo_string207:
	.asciz	"app_db_init_start_func"        @ string offset=5096
.Linfo_string208:
	.asciz	"_Bool"                         @ string offset=5119
.Linfo_string209:
	.asciz	"co_rand_word"                  @ string offset=5125
.Linfo_string210:
	.asciz	"co_write32p"                   @ string offset=5138
.Linfo_string211:
	.asciz	"ptr32"                         @ string offset=5150
.Linfo_string212:
	.asciz	"value"                         @ string offset=5156
.Linfo_string213:
	.asciz	"ptr"                           @ string offset=5162
.Linfo_string214:
	.asciz	"co_rand_hword"                 @ string offset=5166
.Linfo_string215:
	.asciz	"co_write16p"                   @ string offset=5180
.Linfo_string216:
	.asciz	"ptr16"                         @ string offset=5192
.Linfo_string217:
	.asciz	"create_bd_addr"                @ string offset=5198
.Linfo_string218:
	.asciz	"timestamp"                     @ string offset=5213
.Linfo_string219:
	.asciz	"tester"                        @ string offset=5223
.Linfo_string220:
	.asciz	"static_addr"                   @ string offset=5230
.Linfo_string221:
	.asciz	"addr"                          @ string offset=5242
.Linfo_string222:
	.asciz	"bd_addr"                       @ string offset=5247
.Linfo_string223:
	.asciz	"tssid_src"                     @ string offset=5255
.Linfo_string224:
	.asciz	"mask"                          @ string offset=5265
.Linfo_string225:
	.asciz	"tssid_dest"                    @ string offset=5270
.Linfo_string226:
	.asciz	"key"                           @ string offset=5281
.Linfo_string227:
	.asciz	"i"                             @ string offset=5285
.Linfo_string228:
	.asciz	"default_advertise_operation"   @ string offset=5287
.Linfo_string229:
	.asciz	"default_app_on_init"           @ string offset=5315
.Linfo_string230:
	.asciz	"default_app_on_connection"     @ string offset=5335
.Linfo_string231:
	.asciz	"default_app_on_disconnect"     @ string offset=5361
.Linfo_string232:
	.asciz	"default_app_on_set_dev_config_complete" @ string offset=5387
.Linfo_string233:
	.asciz	"default_app_on_db_init_complete" @ string offset=5426
.Linfo_string234:
	.asciz	"default_app_on_get_dev_name"   @ string offset=5458
.Linfo_string235:
	.asciz	"default_app_on_get_dev_appearance" @ string offset=5486
.Linfo_string236:
	.asciz	"default_app_on_get_dev_slv_pref_params" @ string offset=5520
.Linfo_string237:
	.asciz	"default_app_on_set_dev_info"   @ string offset=5559
.Linfo_string238:
	.asciz	"default_app_update_params_request" @ string offset=5587
.Linfo_string239:
	.asciz	"default_app_generate_static_random_addr" @ string offset=5621
.Linfo_string240:
	.asciz	"default_app_generate_unique_static_random_addr" @ string offset=5661
.Linfo_string241:
	.asciz	"default_app_on_provide_local_irk" @ string offset=5708
.Linfo_string242:
	.asciz	"conidx"                        @ string offset=5741
.Linfo_string243:
	.asciz	"param"                         @ string offset=5748
.Linfo_string244:
	.asciz	"conhdl"                        @ string offset=5754
.Linfo_string245:
	.asciz	"con_interval"                  @ string offset=5761
.Linfo_string246:
	.asciz	"con_latency"                   @ string offset=5774
.Linfo_string247:
	.asciz	"sup_to"                        @ string offset=5786
.Linfo_string248:
	.asciz	"clk_accuracy"                  @ string offset=5793
.Linfo_string249:
	.asciz	"peer_addr_type"                @ string offset=5806
.Linfo_string250:
	.asciz	"peer_addr"                     @ string offset=5821
.Linfo_string251:
	.asciz	"gapc_connection_req_ind"       @ string offset=5831
.Linfo_string252:
	.asciz	"reason"                        @ string offset=5855
.Linfo_string253:
	.asciz	"gapc_disconnect_ind"           @ string offset=5862
.Linfo_string254:
	.asciz	"device_name"                   @ string offset=5882
.Linfo_string255:
	.asciz	"length"                        @ string offset=5894
.Linfo_string256:
	.asciz	"name"                          @ string offset=5901
.Linfo_string257:
	.asciz	"app_device_name"               @ string offset=5906
.Linfo_string258:
	.asciz	"appearance"                    @ string offset=5922
.Linfo_string259:
	.asciz	"slv_params"                    @ string offset=5933
.Linfo_string260:
	.asciz	"con_intv_min"                  @ string offset=5944
.Linfo_string261:
	.asciz	"con_intv_max"                  @ string offset=5957
.Linfo_string262:
	.asciz	"slave_latency"                 @ string offset=5970
.Linfo_string263:
	.asciz	"conn_timeout"                  @ string offset=5984
.Linfo_string264:
	.asciz	"gap_slv_pref"                  @ string offset=5997
.Linfo_string265:
	.asciz	"req"                           @ string offset=6010
.Linfo_string266:
	.asciz	"info"                          @ string offset=6014
.Linfo_string267:
	.asciz	"gap_dev_name"                  @ string offset=6019
.Linfo_string268:
	.asciz	"gapc_set_dev_info"             @ string offset=6032
.Linfo_string269:
	.asciz	"gapc_set_dev_info_req_ind"     @ string offset=6050
.Linfo_string270:
	.asciz	"status"                        @ string offset=6076
.Linfo_string271:
	.asciz	"intv_min"                      @ string offset=6083
.Linfo_string272:
	.asciz	"intv_max"                      @ string offset=6092
.Linfo_string273:
	.asciz	"latency"                       @ string offset=6101
.Linfo_string274:
	.asciz	"time_out"                      @ string offset=6109
.Linfo_string275:
	.asciz	"gapc_param_update_req_ind"     @ string offset=6118
.Linfo_string276:
	.asciz	"cfm"                           @ string offset=6144
.Linfo_string277:
	.asciz	"accept"                        @ string offset=6148
.Linfo_string278:
	.asciz	"ce_len_min"                    @ string offset=6155
.Linfo_string279:
	.asciz	"ce_len_max"                    @ string offset=6166
.Linfo_string280:
	.asciz	"gapc_param_update_cfm"         @ string offset=6177
.Linfo_string281:
	.asciz	"count"                         @ string offset=6199
	.ident	"Component: Arm Compiler for Embedded 6.23 Tool: armclang [5f103000]"
	.section	".note.GNU-stack","",%progbits
	.eabi_attribute	30, 4	@ Tag_ABI_optimization_goals
	.ARM_attribute	16, 1	@ Tag_AV_eba
	.section	.debug_line,"",%progbits
.Lline_table_start0:
