	.text
	.syntax unified
	.eabi_attribute	67, "2.09"	@ Tag_conformance
	.cpu	cortex-m0plus
	.eabi_attribute	6, 12	@ Tag_CPU_arch
	.eabi_attribute	7, 77	@ Tag_CPU_arch_profile
	.eabi_attribute	8, 0	@ Tag_ARM_ISA_use
	.eabi_attribute	9, 1	@ Tag_THUMB_ISA_use
	.eabi_attribute	34, 0	@ Tag_CPU_unaligned_access
	.eabi_attribute	17, 1	@ Tag_ABI_PCS_GOT_use
	.eabi_attribute	20, 2	@ Tag_ABI_FP_denormal
	.eabi_attribute	21, 0	@ Tag_ABI_FP_exceptions
	.eabi_attribute	23, 1	@ Tag_ABI_FP_number_model
	.eabi_attribute	24, 1	@ Tag_ABI_align_needed
	.eabi_attribute	25, 1	@ Tag_ABI_align_preserved
	.eabi_attribute	38, 1	@ Tag_ABI_FP_16bit_format
	.eabi_attribute	18, 2	@ Tag_ABI_PCS_wchar_t
	.eabi_attribute	26, 1	@ Tag_ABI_enum_size
	.eabi_attribute	14, 0	@ Tag_ABI_PCS_R9_use
	.file	"app_easy_timer.c"
	.file	1 "C:\\Users\\teodor\\Desktop\\stem\\codeless\\6.0.24.1464\\projects\\target_apps\\ble_examples\\empty_peripheral_template\\Keil_5" "./../../../../../sdk/app_modules/api\\app_easy_timer.h"
	.file	2 "C:\\Users\\teodor\\Desktop\\stem\\codeless\\6.0.24.1464\\projects\\target_apps\\ble_examples\\empty_peripheral_template\\Keil_5" "../../../../../sdk/app_modules/src/app_easy/app_easy_timer.c"
	.file	3 "C:\\Users\\teodor\\Desktop\\stem\\codeless\\6.0.24.1464\\projects\\target_apps\\ble_examples\\empty_peripheral_template\\Keil_5" "./../../../../../sdk/app_modules/api\\app_entry_point.h"
	.file	4 "C:\\Users\\teodor\\Desktop\\stem\\codeless\\6.0.24.1464\\projects\\target_apps\\ble_examples\\empty_peripheral_template\\Keil_5" "./../../../../../sdk/platform/core_modules/ke/api\\ke_msg.h"
	.file	5 "C:\\Users\\teodor\\Desktop\\stem\\codeless\\6.0.24.1464\\projects\\target_apps\\ble_examples\\empty_peripheral_template\\Keil_5" "./../../../../../sdk/app_modules/api\\app.h"
	.file	6 "C:\\Users\\teodor\\Desktop\\stem\\codeless\\6.0.24.1464\\projects\\target_apps\\ble_examples\\empty_peripheral_template\\Keil_5" "./../../../../../sdk/platform/core_modules/rwip/api\\rwip_config.h"
	.file	7 "C:\\Users\\teodor" "AppData\\Local\\Keil_v5\\ARM\\ARMCLANG\\bin\\..\\include\\stdint.h"
	.hidden	app_timer_api_process_handler   @ -- Begin function app_timer_api_process_handler
	.globl	app_timer_api_process_handler
	.p2align	2
	.type	app_timer_api_process_handler,%function
	.code	16                              @ @app_timer_api_process_handler
	.thumb_func
app_timer_api_process_handler:
.Lfunc_begin0:
	.loc	2 347 0                         @ ../../../../../sdk/app_modules/src/app_easy/app_easy_timer.c:347:0
	.fnstart
	.cfi_sections .debug_frame
	.cfi_startproc
@ %bb.0:
	@DEBUG_VALUE: app_timer_api_process_handler:msgid <- $r0
	@DEBUG_VALUE: app_timer_api_process_handler:param <- $r1
	@DEBUG_VALUE: app_timer_api_process_handler:dest_id <- $r2
	@DEBUG_VALUE: app_timer_api_process_handler:src_id <- $r3
	.save	{r4, r5, r7, lr}
	push	{r4, r5, r7, lr}
	.cfi_def_cfa_offset 16
	.cfi_offset lr, -4
	.cfi_offset r7, -8
	.cfi_offset r5, -12
	.cfi_offset r4, -16
.Ltmp0:
	@DEBUG_VALUE: app_timer_api_process_handler:msg_ret <- [DW_OP_plus_uconst 16] [$sp+0]
	mov	r4, r1
.Ltmp1:
	@DEBUG_VALUE: app_timer_api_process_handler:param <- $r4
	ldr	r1, __arm_cp.0_0
.Ltmp2:
	.loc	2 348 5 prologue_end            @ ../../../../../sdk/app_modules/src/app_easy/app_easy_timer.c:348:5
	cmp	r0, r1
	beq	.LBB0_10
.Ltmp3:
@ %bb.1:
	@DEBUG_VALUE: app_timer_api_process_handler:param <- $r4
	@DEBUG_VALUE: app_timer_api_process_handler:msg_ret <- [DW_OP_plus_uconst 16] [$sp+0]
	@DEBUG_VALUE: app_timer_api_process_handler:src_id <- $r3
	@DEBUG_VALUE: app_timer_api_process_handler:dest_id <- $r2
	@DEBUG_VALUE: app_timer_api_process_handler:msgid <- $r0
	.loc	2 0 5 is_stmt 0                 @ ../../../../../sdk/app_modules/src/app_easy/app_easy_timer.c:0:5
	ldr	r2, __arm_cp.0_1
.Ltmp4:
	@DEBUG_VALUE: app_timer_api_process_handler:dest_id <- [DW_OP_LLVM_entry_value 1] $r2
	.loc	2 348 5                         @ ../../../../../sdk/app_modules/src/app_easy/app_easy_timer.c:348:5
	cmp	r0, r2
	beq	.LBB0_7
.Ltmp5:
@ %bb.2:
	@DEBUG_VALUE: app_timer_api_process_handler:dest_id <- [DW_OP_LLVM_entry_value 1] $r2
	@DEBUG_VALUE: app_timer_api_process_handler:param <- $r4
	@DEBUG_VALUE: app_timer_api_process_handler:msg_ret <- [DW_OP_plus_uconst 16] [$sp+0]
	@DEBUG_VALUE: app_timer_api_process_handler:src_id <- $r3
	@DEBUG_VALUE: app_timer_api_process_handler:msgid <- $r0
	.loc	2 0 5                           @ ../../../../../sdk/app_modules/src/app_easy/app_easy_timer.c:0:5
	ldr	r1, __arm_cp.0_2
	.loc	2 348 5                         @ ../../../../../sdk/app_modules/src/app_easy/app_easy_timer.c:348:5
	cmp	r0, r1
	bne	.LBB0_15
.Ltmp6:
@ %bb.3:
	@DEBUG_VALUE: app_timer_api_process_handler:dest_id <- [DW_OP_LLVM_entry_value 1] $r2
	@DEBUG_VALUE: app_timer_api_process_handler:param <- $r4
	@DEBUG_VALUE: app_timer_api_process_handler:msg_ret <- [DW_OP_plus_uconst 16] [$sp+0]
	@DEBUG_VALUE: app_timer_api_process_handler:src_id <- $r3
	@DEBUG_VALUE: app_timer_api_process_handler:msgid <- $r0
	@DEBUG_VALUE: cancel_timer_handler:msgid <- undef
	@DEBUG_VALUE: cancel_timer_handler:param <- $r4
	.loc	2 261 8 is_stmt 1               @ ../../../../../sdk/app_modules/src/app_easy/app_easy_timer.c:261:8
	ldrb	r0, [r4]
.Ltmp7:
	@DEBUG_VALUE: app_timer_api_process_handler:msgid <- [DW_OP_LLVM_entry_value 1] $r0
	subs	r0, r0, #1
	cmp	r0, #9
.Ltmp8:
	@DEBUG_VALUE: cancel_timer_handler:src_id <- undef
	@DEBUG_VALUE: cancel_timer_handler:dest_id <- undef
	bhi	.LBB0_22
.Ltmp9:
@ %bb.4:
	@DEBUG_VALUE: cancel_timer_handler:param <- $r4
	@DEBUG_VALUE: app_timer_api_process_handler:msgid <- [DW_OP_LLVM_entry_value 1] $r0
	@DEBUG_VALUE: app_timer_api_process_handler:dest_id <- [DW_OP_LLVM_entry_value 1] $r2
	@DEBUG_VALUE: app_timer_api_process_handler:param <- $r4
	@DEBUG_VALUE: app_timer_api_process_handler:msg_ret <- [DW_OP_plus_uconst 16] [$sp+0]
	@DEBUG_VALUE: app_timer_api_process_handler:src_id <- $r3
	@DEBUG_VALUE: i <- $r0
	.loc	2 264 13                        @ ../../../../../sdk/app_modules/src/app_easy/app_easy_timer.c:264:13
	lsls	r0, r0, #2
.Ltmp10:
	ldr	r2, __arm_cp.0_4
	ldr	r1, [r2, r0]
	.loc	2 264 32 is_stmt 0              @ ../../../../../sdk/app_modules/src/app_easy/app_easy_timer.c:264:32
	ldr	r3, __arm_cp.0_6
.Ltmp11:
	@DEBUG_VALUE: app_timer_api_process_handler:src_id <- [DW_OP_LLVM_entry_value 1] $r3
	.loc	2 264 13                        @ ../../../../../sdk/app_modules/src/app_easy/app_easy_timer.c:264:13
	cmp	r1, r3
	beq	.LBB0_23
.Ltmp12:
@ %bb.5:
	@DEBUG_VALUE: cancel_timer_handler:param <- $r4
	@DEBUG_VALUE: app_timer_api_process_handler:msgid <- [DW_OP_LLVM_entry_value 1] $r0
	@DEBUG_VALUE: app_timer_api_process_handler:src_id <- [DW_OP_LLVM_entry_value 1] $r3
	@DEBUG_VALUE: app_timer_api_process_handler:dest_id <- [DW_OP_LLVM_entry_value 1] $r2
	@DEBUG_VALUE: app_timer_api_process_handler:param <- $r4
	@DEBUG_VALUE: app_timer_api_process_handler:msg_ret <- [DW_OP_plus_uconst 16] [$sp+0]
	.loc	2 269 37 is_stmt 1              @ ../../../../../sdk/app_modules/src/app_easy/app_easy_timer.c:269:37
	ldr	r0, __arm_cp.0_5
.Ltmp13:
	.loc	2 269 18 is_stmt 0              @ ../../../../../sdk/app_modules/src/app_easy/app_easy_timer.c:269:18
	cmp	r1, r0
	bne	.LBB0_24
.Ltmp14:
@ %bb.6:
	@DEBUG_VALUE: cancel_timer_handler:param <- $r4
	@DEBUG_VALUE: app_timer_api_process_handler:msgid <- [DW_OP_LLVM_entry_value 1] $r0
	@DEBUG_VALUE: app_timer_api_process_handler:src_id <- [DW_OP_LLVM_entry_value 1] $r3
	@DEBUG_VALUE: app_timer_api_process_handler:dest_id <- [DW_OP_LLVM_entry_value 1] $r2
	@DEBUG_VALUE: app_timer_api_process_handler:param <- $r4
	@DEBUG_VALUE: app_timer_api_process_handler:msg_ret <- [DW_OP_plus_uconst 16] [$sp+0]
	.loc	2 0 18                          @ ../../../../../sdk/app_modules/src/app_easy/app_easy_timer.c:0:18
	ldr	r0, __arm_cp.0_1
	movs	r1, #4
	movs	r3, #8
.Ltmp15:
	.loc	2 271 47 is_stmt 1              @ ../../../../../sdk/app_modules/src/app_easy/app_easy_timer.c:271:47
	mov	r2, r1
	bl	ke_msg_alloc
.Ltmp16:
	@DEBUG_VALUE: req <- $r0
	.loc	2 276 36                        @ ../../../../../sdk/app_modules/src/app_easy/app_easy_timer.c:276:36
	ldrb	r1, [r4]
	.loc	2 276 27 is_stmt 0              @ ../../../../../sdk/app_modules/src/app_easy/app_easy_timer.c:276:27
	strb	r1, [r0]
	.loc	2 277 33 is_stmt 1              @ ../../../../../sdk/app_modules/src/app_easy/app_easy_timer.c:277:33
	ldr	r1, [r4, #4]
	.loc	2 277 24 is_stmt 0              @ ../../../../../sdk/app_modules/src/app_easy/app_easy_timer.c:277:24
	str	r1, [r0, #4]
	.loc	2 278 13 is_stmt 1              @ ../../../../../sdk/app_modules/src/app_easy/app_easy_timer.c:278:13
	bl	ke_msg_send
.Ltmp17:
	.loc	2 279 9                         @ ../../../../../sdk/app_modules/src/app_easy/app_easy_timer.c:279:9
	b	.LBB0_24
.Ltmp18:
.LBB0_7:
	@DEBUG_VALUE: app_timer_api_process_handler:dest_id <- [DW_OP_LLVM_entry_value 1] $r2
	@DEBUG_VALUE: app_timer_api_process_handler:param <- $r4
	@DEBUG_VALUE: app_timer_api_process_handler:msg_ret <- [DW_OP_plus_uconst 16] [$sp+0]
	@DEBUG_VALUE: app_timer_api_process_handler:src_id <- $r3
	@DEBUG_VALUE: app_timer_api_process_handler:msgid <- $r0
	@DEBUG_VALUE: modify_timer_handler:msgid <- undef
	@DEBUG_VALUE: modify_timer_handler:param <- $r4
	.loc	2 304 8                         @ ../../../../../sdk/app_modules/src/app_easy/app_easy_timer.c:304:8
	ldrb	r0, [r4]
.Ltmp19:
	@DEBUG_VALUE: app_timer_api_process_handler:msgid <- [DW_OP_LLVM_entry_value 1] $r0
	subs	r1, r0, #1
	uxtb	r2, r1
	cmp	r2, #9
.Ltmp20:
	@DEBUG_VALUE: modify_timer_handler:src_id <- undef
	@DEBUG_VALUE: modify_timer_handler:dest_id <- undef
	bhi	.LBB0_21
.Ltmp21:
@ %bb.8:
	@DEBUG_VALUE: modify_timer_handler:param <- $r4
	@DEBUG_VALUE: app_timer_api_process_handler:msgid <- [DW_OP_LLVM_entry_value 1] $r0
	@DEBUG_VALUE: app_timer_api_process_handler:dest_id <- [DW_OP_LLVM_entry_value 1] $r2
	@DEBUG_VALUE: app_timer_api_process_handler:param <- $r4
	@DEBUG_VALUE: app_timer_api_process_handler:msg_ret <- [DW_OP_plus_uconst 16] [$sp+0]
	@DEBUG_VALUE: app_timer_api_process_handler:src_id <- $r3
	@DEBUG_VALUE: i <- $r1
	.loc	2 307 13                        @ ../../../../../sdk/app_modules/src/app_easy/app_easy_timer.c:307:13
	lsls	r1, r1, #2
.Ltmp22:
	ldr	r2, __arm_cp.0_4
	ldr	r3, [r2, r1]
.Ltmp23:
	@DEBUG_VALUE: app_timer_api_process_handler:src_id <- [DW_OP_LLVM_entry_value 1] $r3
	.loc	2 307 32 is_stmt 0              @ ../../../../../sdk/app_modules/src/app_easy/app_easy_timer.c:307:32
	ldr	r5, __arm_cp.0_5
.Ltmp24:
	.loc	2 307 13                        @ ../../../../../sdk/app_modules/src/app_easy/app_easy_timer.c:307:13
	cmp	r3, r5
	bne	.LBB0_24
.Ltmp25:
@ %bb.9:
	@DEBUG_VALUE: modify_timer_handler:param <- $r4
	@DEBUG_VALUE: app_timer_api_process_handler:msgid <- [DW_OP_LLVM_entry_value 1] $r0
	@DEBUG_VALUE: app_timer_api_process_handler:src_id <- [DW_OP_LLVM_entry_value 1] $r3
	@DEBUG_VALUE: app_timer_api_process_handler:dest_id <- [DW_OP_LLVM_entry_value 1] $r2
	@DEBUG_VALUE: app_timer_api_process_handler:param <- $r4
	@DEBUG_VALUE: app_timer_api_process_handler:msg_ret <- [DW_OP_plus_uconst 16] [$sp+0]
	.loc	2 0 0                           @ ../../../../../sdk/app_modules/src/app_easy/app_easy_timer.c:0:0
	adds	r1, r2, r1
.Ltmp26:
	.loc	2 310 34 is_stmt 1              @ ../../../../../sdk/app_modules/src/app_easy/app_easy_timer.c:310:34
	ldr	r2, [r1, #40]
	.loc	2 310 32 is_stmt 0              @ ../../../../../sdk/app_modules/src/app_easy/app_easy_timer.c:310:32
	str	r2, [r1]
	.loc	2 313 50 is_stmt 1              @ ../../../../../sdk/app_modules/src/app_easy/app_easy_timer.c:313:50
	ldr	r1, [r4, #4]
	.loc	2 313 13 is_stmt 0              @ ../../../../../sdk/app_modules/src/app_easy/app_easy_timer.c:313:13
	bl	create_timer
.Ltmp27:
	.loc	2 314 9 is_stmt 1               @ ../../../../../sdk/app_modules/src/app_easy/app_easy_timer.c:314:9
	b	.LBB0_24
.Ltmp28:
.LBB0_10:
	@DEBUG_VALUE: app_timer_api_process_handler:param <- $r4
	@DEBUG_VALUE: app_timer_api_process_handler:msg_ret <- [DW_OP_plus_uconst 16] [$sp+0]
	@DEBUG_VALUE: app_timer_api_process_handler:src_id <- $r3
	@DEBUG_VALUE: app_timer_api_process_handler:dest_id <- $r2
	@DEBUG_VALUE: app_timer_api_process_handler:msgid <- $r0
	@DEBUG_VALUE: create_timer_handler:msgid <- undef
	@DEBUG_VALUE: create_timer_handler:param <- $r4
	.loc	2 238 5                         @ ../../../../../sdk/app_modules/src/app_easy/app_easy_timer.c:238:5
	ldr	r2, [r4, #4]
.Ltmp29:
	@DEBUG_VALUE: app_timer_api_process_handler:dest_id <- [DW_OP_LLVM_entry_value 1] $r2
	.loc	2 238 5 is_stmt 0               @ ../../../../../sdk/app_modules/src/app_easy/app_easy_timer.c:238:5
	cmp	r2, #0
.Ltmp30:
	@DEBUG_VALUE: create_timer_handler:src_id <- undef
	@DEBUG_VALUE: create_timer_handler:dest_id <- undef
	bne	.LBB0_12
.Ltmp31:
@ %bb.11:
	@DEBUG_VALUE: create_timer_handler:param <- $r4
	@DEBUG_VALUE: app_timer_api_process_handler:dest_id <- [DW_OP_LLVM_entry_value 1] $r2
	@DEBUG_VALUE: app_timer_api_process_handler:param <- $r4
	@DEBUG_VALUE: app_timer_api_process_handler:msg_ret <- [DW_OP_plus_uconst 16] [$sp+0]
	@DEBUG_VALUE: app_timer_api_process_handler:src_id <- $r3
	@DEBUG_VALUE: app_timer_api_process_handler:msgid <- $r0
	.loc	2 238 5                         @ ../../../../../sdk/app_modules/src/app_easy/app_easy_timer.c:238:5
	@APP
	bkpt	#0
	@NO_APP
.Ltmp32:
	.loc	2 239 5 is_stmt 1               @ ../../../../../sdk/app_modules/src/app_easy/app_easy_timer.c:239:5
	ldr	r2, [r4, #4]
.Ltmp33:
.LBB0_12:
	@DEBUG_VALUE: create_timer_handler:param <- $r4
	@DEBUG_VALUE: app_timer_api_process_handler:dest_id <- [DW_OP_LLVM_entry_value 1] $r2
	@DEBUG_VALUE: app_timer_api_process_handler:param <- $r4
	@DEBUG_VALUE: app_timer_api_process_handler:msg_ret <- [DW_OP_plus_uconst 16] [$sp+0]
	@DEBUG_VALUE: app_timer_api_process_handler:src_id <- $r3
	@DEBUG_VALUE: app_timer_api_process_handler:msgid <- $r0
	.loc	2 0 5 is_stmt 0                 @ ../../../../../sdk/app_modules/src/app_easy/app_easy_timer.c:0:5
	ldr	r0, __arm_cp.0_3
.Ltmp34:
	@DEBUG_VALUE: app_timer_api_process_handler:msgid <- [DW_OP_LLVM_entry_value 1] $r0
	.loc	2 239 5                         @ ../../../../../sdk/app_modules/src/app_easy/app_easy_timer.c:239:5
	cmp	r2, r0
	blo	.LBB0_14
.Ltmp35:
@ %bb.13:
	@DEBUG_VALUE: create_timer_handler:param <- $r4
	@DEBUG_VALUE: app_timer_api_process_handler:msgid <- [DW_OP_LLVM_entry_value 1] $r0
	@DEBUG_VALUE: app_timer_api_process_handler:dest_id <- [DW_OP_LLVM_entry_value 1] $r2
	@DEBUG_VALUE: app_timer_api_process_handler:param <- $r4
	@DEBUG_VALUE: app_timer_api_process_handler:msg_ret <- [DW_OP_plus_uconst 16] [$sp+0]
	@DEBUG_VALUE: app_timer_api_process_handler:src_id <- $r3
	.loc	2 239 5                         @ ../../../../../sdk/app_modules/src/app_easy/app_easy_timer.c:239:5
	@APP
	bkpt	#0
	@NO_APP
.Ltmp36:
	.loc	2 241 5 is_stmt 1               @ ../../../../../sdk/app_modules/src/app_easy/app_easy_timer.c:241:5
	ldr	r2, [r4, #4]
.Ltmp37:
.LBB0_14:
	@DEBUG_VALUE: create_timer_handler:param <- $r4
	@DEBUG_VALUE: app_timer_api_process_handler:msgid <- [DW_OP_LLVM_entry_value 1] $r0
	@DEBUG_VALUE: app_timer_api_process_handler:dest_id <- [DW_OP_LLVM_entry_value 1] $r2
	@DEBUG_VALUE: app_timer_api_process_handler:param <- $r4
	@DEBUG_VALUE: app_timer_api_process_handler:msg_ret <- [DW_OP_plus_uconst 16] [$sp+0]
	@DEBUG_VALUE: app_timer_api_process_handler:src_id <- $r3
	ldrb	r0, [r4]
	ldr	r1, __arm_cp.0_1
	adds	r0, r0, r1
	movs	r1, #4
	bl	ke_timer_set
.Ltmp38:
	@DEBUG_VALUE: app_timer_api_process_handler:src_id <- [DW_OP_LLVM_entry_value 1] $r3
	.loc	2 360 13                        @ ../../../../../sdk/app_modules/src/app_easy/app_easy_timer.c:360:13
	b	.LBB0_24
.Ltmp39:
.LBB0_15:
	@DEBUG_VALUE: app_timer_api_process_handler:dest_id <- [DW_OP_LLVM_entry_value 1] $r2
	@DEBUG_VALUE: app_timer_api_process_handler:param <- $r4
	@DEBUG_VALUE: app_timer_api_process_handler:msg_ret <- [DW_OP_plus_uconst 16] [$sp+0]
	@DEBUG_VALUE: app_timer_api_process_handler:src_id <- $r3
	@DEBUG_VALUE: app_timer_api_process_handler:msgid <- $r0
	.loc	2 363 24                        @ ../../../../../sdk/app_modules/src/app_easy/app_easy_timer.c:363:24
	adds	r3, r2, #1
.Ltmp40:
	@DEBUG_VALUE: app_timer_api_process_handler:src_id <- [DW_OP_LLVM_entry_value 1] $r3
	.loc	2 0 24 is_stmt 0                @ ../../../../../sdk/app_modules/src/app_easy/app_easy_timer.c:0:24
	movs	r1, #1
	.loc	2 363 46                        @ ../../../../../sdk/app_modules/src/app_easy/app_easy_timer.c:363:46
	cmp	r0, r3
	blo	.LBB0_25
.Ltmp41:
@ %bb.16:
	@DEBUG_VALUE: app_timer_api_process_handler:src_id <- [DW_OP_LLVM_entry_value 1] $r3
	@DEBUG_VALUE: app_timer_api_process_handler:dest_id <- [DW_OP_LLVM_entry_value 1] $r2
	@DEBUG_VALUE: app_timer_api_process_handler:param <- $r4
	@DEBUG_VALUE: app_timer_api_process_handler:msg_ret <- [DW_OP_plus_uconst 16] [$sp+0]
	@DEBUG_VALUE: app_timer_api_process_handler:msgid <- $r0
	.loc	2 363 56                        @ ../../../../../sdk/app_modules/src/app_easy/app_easy_timer.c:363:56
	adds	r2, #10
.Ltmp42:
	.loc	2 363 17                        @ ../../../../../sdk/app_modules/src/app_easy/app_easy_timer.c:363:17
	cmp	r0, r2
	bhi	.LBB0_25
.Ltmp43:
@ %bb.17:
	@DEBUG_VALUE: app_timer_api_process_handler:src_id <- [DW_OP_LLVM_entry_value 1] $r3
	@DEBUG_VALUE: app_timer_api_process_handler:dest_id <- [DW_OP_LLVM_entry_value 1] $r2
	@DEBUG_VALUE: app_timer_api_process_handler:param <- $r4
	@DEBUG_VALUE: app_timer_api_process_handler:msg_ret <- [DW_OP_plus_uconst 16] [$sp+0]
	@DEBUG_VALUE: app_timer_api_process_handler:msgid <- $r0
	@DEBUG_VALUE: call_callback_handler:msgid <- $r0
	@DEBUG_VALUE: call_callback_handler:param <- undef
	.loc	2 171 29 is_stmt 1              @ ../../../../../sdk/app_modules/src/app_easy/app_easy_timer.c:171:29
	uxtb	r1, r0
	subs	r1, r1, #4
	.loc	2 171 13 is_stmt 0              @ ../../../../../sdk/app_modules/src/app_easy/app_easy_timer.c:171:13
	lsls	r2, r1, #2
	ldr	r3, __arm_cp.0_4
	ldr	r1, [r3, r2]
.Ltmp44:
	@DEBUG_VALUE: call_callback:timer_id <- undef
	.loc	2 171 13                        @ ../../../../../sdk/app_modules/src/app_easy/app_easy_timer.c:171:13
	cmp	r1, #0
.Ltmp45:
	@DEBUG_VALUE: call_callback_handler:src_id <- undef
	@DEBUG_VALUE: call_callback_handler:dest_id <- undef
	beq	.LBB0_24
.Ltmp46:
@ %bb.18:
	@DEBUG_VALUE: call_callback_handler:msgid <- $r0
	@DEBUG_VALUE: app_timer_api_process_handler:src_id <- [DW_OP_LLVM_entry_value 1] $r3
	@DEBUG_VALUE: app_timer_api_process_handler:dest_id <- [DW_OP_LLVM_entry_value 1] $r2
	@DEBUG_VALUE: app_timer_api_process_handler:param <- $r4
	@DEBUG_VALUE: app_timer_api_process_handler:msg_ret <- [DW_OP_plus_uconst 16] [$sp+0]
	@DEBUG_VALUE: app_timer_api_process_handler:msgid <- $r0
	@DEBUG_VALUE: call_callback:timer_id <- undef
	@DEBUG_VALUE: fn <- $r1
	.loc	2 175 21 is_stmt 1              @ ../../../../../sdk/app_modules/src/app_easy/app_easy_timer.c:175:21
	ldr	r4, __arm_cp.0_5
.Ltmp47:
	@DEBUG_VALUE: app_timer_api_process_handler:param <- [DW_OP_LLVM_entry_value 1] $r1
	.loc	2 175 48 is_stmt 0              @ ../../../../../sdk/app_modules/src/app_easy/app_easy_timer.c:175:48
	cmp	r1, r4
	beq	.LBB0_24
.Ltmp48:
@ %bb.19:
	@DEBUG_VALUE: app_timer_api_process_handler:param <- [DW_OP_LLVM_entry_value 1] $r1
	@DEBUG_VALUE: fn <- $r1
	@DEBUG_VALUE: call_callback_handler:msgid <- $r0
	@DEBUG_VALUE: app_timer_api_process_handler:src_id <- [DW_OP_LLVM_entry_value 1] $r3
	@DEBUG_VALUE: app_timer_api_process_handler:dest_id <- [DW_OP_LLVM_entry_value 1] $r2
	@DEBUG_VALUE: app_timer_api_process_handler:msg_ret <- [DW_OP_plus_uconst 16] [$sp+0]
	@DEBUG_VALUE: app_timer_api_process_handler:msgid <- $r0
	@DEBUG_VALUE: call_callback:timer_id <- undef
	.loc	2 0 48                          @ ../../../../../sdk/app_modules/src/app_easy/app_easy_timer.c:0:48
	ldr	r4, __arm_cp.0_6
	.loc	2 175 48                        @ ../../../../../sdk/app_modules/src/app_easy/app_easy_timer.c:175:48
	cmp	r1, r4
	beq	.LBB0_24
.Ltmp49:
@ %bb.20:
	@DEBUG_VALUE: app_timer_api_process_handler:param <- [DW_OP_LLVM_entry_value 1] $r1
	@DEBUG_VALUE: fn <- $r1
	@DEBUG_VALUE: call_callback_handler:msgid <- $r0
	@DEBUG_VALUE: app_timer_api_process_handler:src_id <- [DW_OP_LLVM_entry_value 1] $r3
	@DEBUG_VALUE: app_timer_api_process_handler:dest_id <- [DW_OP_LLVM_entry_value 1] $r2
	@DEBUG_VALUE: app_timer_api_process_handler:msg_ret <- [DW_OP_plus_uconst 16] [$sp+0]
	@DEBUG_VALUE: app_timer_api_process_handler:msgid <- $r0
	.loc	2 0 48                          @ ../../../../../sdk/app_modules/src/app_easy/app_easy_timer.c:0:48
	adds	r2, r3, r2
	subs	r0, r0, #3
.Ltmp50:
	@DEBUG_VALUE: app_timer_api_process_handler:msgid <- [DW_OP_LLVM_entry_value 1] $r0
	@DEBUG_VALUE: call_callback:timer_id <- $r0
	movs	r3, #0
.Ltmp51:
	.loc	2 177 70 is_stmt 1              @ ../../../../../sdk/app_modules/src/app_easy/app_easy_timer.c:177:70
	str	r3, [r2]
	.loc	2 178 79                        @ ../../../../../sdk/app_modules/src/app_easy/app_easy_timer.c:178:79
	str	r3, [r2, #40]
.Ltmp52:
	@DEBUG_VALUE: call_callback:return_timer_cb <- $r1
	.loc	2 180 17                        @ ../../../../../sdk/app_modules/src/app_easy/app_easy_timer.c:180:17
	uxtb	r0, r0
.Ltmp53:
	blx	r1
.Ltmp54:
	.loc	2 0 17 is_stmt 0                @ ../../../../../sdk/app_modules/src/app_easy/app_easy_timer.c:0:17
	b	.LBB0_24
.Ltmp55:
.LBB0_21:
	@DEBUG_VALUE: modify_timer_handler:param <- $r4
	@DEBUG_VALUE: app_timer_api_process_handler:msgid <- [DW_OP_LLVM_entry_value 1] $r0
	@DEBUG_VALUE: app_timer_api_process_handler:dest_id <- [DW_OP_LLVM_entry_value 1] $r2
	@DEBUG_VALUE: app_timer_api_process_handler:param <- $r4
	@DEBUG_VALUE: app_timer_api_process_handler:msg_ret <- [DW_OP_plus_uconst 16] [$sp+0]
	@DEBUG_VALUE: app_timer_api_process_handler:src_id <- $r3
	.loc	2 318 9 is_stmt 1               @ ../../../../../sdk/app_modules/src/app_easy/app_easy_timer.c:318:9
	@APP
	bkpt	#0
	@NO_APP
	b	.LBB0_24
.Ltmp56:
.LBB0_22:
	@DEBUG_VALUE: cancel_timer_handler:param <- $r4
	@DEBUG_VALUE: app_timer_api_process_handler:msgid <- [DW_OP_LLVM_entry_value 1] $r0
	@DEBUG_VALUE: app_timer_api_process_handler:dest_id <- [DW_OP_LLVM_entry_value 1] $r2
	@DEBUG_VALUE: app_timer_api_process_handler:param <- $r4
	@DEBUG_VALUE: app_timer_api_process_handler:msg_ret <- [DW_OP_plus_uconst 16] [$sp+0]
	@DEBUG_VALUE: app_timer_api_process_handler:src_id <- $r3
	.loc	2 283 9                         @ ../../../../../sdk/app_modules/src/app_easy/app_easy_timer.c:283:9
	@APP
	bkpt	#0
	@NO_APP
	b	.LBB0_24
.Ltmp57:
.LBB0_23:
	@DEBUG_VALUE: cancel_timer_handler:param <- $r4
	@DEBUG_VALUE: app_timer_api_process_handler:msgid <- [DW_OP_LLVM_entry_value 1] $r0
	@DEBUG_VALUE: app_timer_api_process_handler:src_id <- [DW_OP_LLVM_entry_value 1] $r3
	@DEBUG_VALUE: app_timer_api_process_handler:dest_id <- [DW_OP_LLVM_entry_value 1] $r2
	@DEBUG_VALUE: app_timer_api_process_handler:param <- $r4
	@DEBUG_VALUE: app_timer_api_process_handler:msg_ret <- [DW_OP_plus_uconst 16] [$sp+0]
	.loc	2 0 9 is_stmt 0                 @ ../../../../../sdk/app_modules/src/app_easy/app_easy_timer.c:0:9
	adds	r0, r2, r0
	movs	r1, #0
.Ltmp58:
	.loc	2 266 32 is_stmt 1              @ ../../../../../sdk/app_modules/src/app_easy/app_easy_timer.c:266:32
	str	r1, [r0]
	.loc	2 267 41                        @ ../../../../../sdk/app_modules/src/app_easy/app_easy_timer.c:267:41
	str	r1, [r0, #40]
.Ltmp59:
.LBB0_24:
	@DEBUG_VALUE: app_timer_api_process_handler:dest_id <- [DW_OP_LLVM_entry_value 1] $r2
	@DEBUG_VALUE: app_timer_api_process_handler:msg_ret <- [DW_OP_plus_uconst 16] [$sp+0]
	.loc	2 0 41 is_stmt 0                @ ../../../../../sdk/app_modules/src/app_easy/app_easy_timer.c:0:41
	ldr	r0, [sp, #16]
	movs	r1, #0
	strb	r1, [r0]
.Ltmp60:
.LBB0_25:
	@DEBUG_VALUE: app_timer_api_process_handler:dest_id <- [DW_OP_LLVM_entry_value 1] $r2
	@DEBUG_VALUE: app_timer_api_process_handler:msg_ret <- [DW_OP_plus_uconst 16] [$sp+0]
	.loc	2 373 1 is_stmt 1               @ ../../../../../sdk/app_modules/src/app_easy/app_easy_timer.c:373:1
	mov	r0, r1
	.loc	2 373 1 epilogue_begin is_stmt 0 @ ../../../../../sdk/app_modules/src/app_easy/app_easy_timer.c:373:1
	pop	{r4, r5, r7, pc}
.Ltmp61:
	.loc	2 0 1                           @ :0:1
.Ltmp62:
	.p2align	2
@ %bb.26:
__arm_cp.0_0:
	.long	1025                            @ 0x401
.Lcpi_end0:
	.size	__arm_cp.0_0, .Lcpi_end0-__arm_cp.0_0
__arm_cp.0_1:
	.long	1027                            @ 0x403
.Lcpi_end1:
	.size	__arm_cp.0_1, .Lcpi_end1-__arm_cp.0_1
__arm_cp.0_2:
	.long	1026                            @ 0x402
.Lcpi_end2:
	.size	__arm_cp.0_2, .Lcpi_end2-__arm_cp.0_2
__arm_cp.0_3:
	.long	4194301                         @ 0x3ffffd
.Lcpi_end3:
	.size	__arm_cp.0_3, .Lcpi_end3-__arm_cp.0_3
__arm_cp.0_4:
	.long	.L_MergedGlobals
.Lcpi_end4:
	.size	__arm_cp.0_4, .Lcpi_end4-__arm_cp.0_4
__arm_cp.0_5:
	.long	timer_modified_handler
.Lcpi_end5:
	.size	__arm_cp.0_5, .Lcpi_end5-__arm_cp.0_5
__arm_cp.0_6:
	.long	timer_canceled_handler
.Lcpi_end6:
	.size	__arm_cp.0_6, .Lcpi_end6-__arm_cp.0_6
.Lfunc_end0:
	.size	app_timer_api_process_handler, .Lfunc_end0-app_timer_api_process_handler
	.cfi_endproc
	.cantunwind
	.fnend
                                        @ -- End function
	.hidden	app_easy_timer                  @ -- Begin function app_easy_timer
	.globl	app_easy_timer
	.p2align	2
	.type	app_easy_timer,%function
	.code	16                              @ @app_easy_timer
	.thumb_func
app_easy_timer:
.Lfunc_begin1:
	.loc	2 376 0 is_stmt 1               @ ../../../../../sdk/app_modules/src/app_easy/app_easy_timer.c:376:0
	.fnstart
	.cfi_startproc
@ %bb.0:
	@DEBUG_VALUE: app_easy_timer:delay <- $r0
	@DEBUG_VALUE: app_easy_timer:fn <- $r1
	.save	{r4, r5, r7, lr}
	push	{r4, r5, r7, lr}
	.cfi_def_cfa_offset 16
	.cfi_offset lr, -4
	.cfi_offset r7, -8
	.cfi_offset r5, -12
	.cfi_offset r4, -16
	mov	r2, r0
.Ltmp63:
	@DEBUG_VALUE: app_easy_timer:delay <- $r2
	.loc	2 378 5 prologue_end            @ ../../../../../sdk/app_modules/src/app_easy/app_easy_timer.c:378:5
	cmp	r0, #0
	beq	.LBB1_3
.Ltmp64:
@ %bb.1:
	@DEBUG_VALUE: app_easy_timer:delay <- $r2
	@DEBUG_VALUE: app_easy_timer:fn <- $r1
	.loc	2 0 5 is_stmt 0                 @ ../../../../../sdk/app_modules/src/app_easy/app_easy_timer.c:0:5
	ldr	r0, __arm_cp.1_0
.Ltmp65:
	.loc	2 379 5 is_stmt 1               @ ../../../../../sdk/app_modules/src/app_easy/app_easy_timer.c:379:5
	cmp	r2, r0
	blo	.LBB1_4
.Ltmp66:
@ %bb.2:
	@DEBUG_VALUE: app_easy_timer:delay <- $r2
	@DEBUG_VALUE: app_easy_timer:fn <- $r1
	.loc	2 379 5 is_stmt 0               @ ../../../../../sdk/app_modules/src/app_easy/app_easy_timer.c:379:5
	@APP
	bkpt	#0
	@NO_APP
	b	.LBB1_4
.Ltmp67:
.LBB1_3:
	@DEBUG_VALUE: app_easy_timer:delay <- $r2
	@DEBUG_VALUE: app_easy_timer:fn <- $r1
	.loc	2 378 5 is_stmt 1               @ ../../../../../sdk/app_modules/src/app_easy/app_easy_timer.c:378:5
	@APP
	bkpt	#0
	@NO_APP
.Ltmp68:
.LBB1_4:
	@DEBUG_VALUE: app_easy_timer:delay <- $r2
	@DEBUG_VALUE: app_easy_timer:fn <- $r1
	.loc	2 0 5 is_stmt 0                 @ ../../../../../sdk/app_modules/src/app_easy/app_easy_timer.c:0:5
	movs	r4, #0
	ldr	r0, __arm_cp.1_1
	mov	r3, r4
.Ltmp69:
.LBB1_5:                                @ =>This Inner Loop Header: Depth=1
	@DEBUG_VALUE: app_easy_timer:delay <- $r2
	@DEBUG_VALUE: app_easy_timer:fn <- $r1
	@DEBUG_VALUE: i <- $r3
	.loc	2 120 5 is_stmt 1               @ ../../../../../sdk/app_modules/src/app_easy/app_easy_timer.c:120:5
	cmp	r3, #10
	beq	.LBB1_9
.Ltmp70:
@ %bb.6:                                @   in Loop: Header=BB1_5 Depth=1
	@DEBUG_VALUE: i <- $r3
	@DEBUG_VALUE: app_easy_timer:delay <- $r2
	@DEBUG_VALUE: app_easy_timer:fn <- $r1
	.loc	2 122 13                        @ ../../../../../sdk/app_modules/src/app_easy/app_easy_timer.c:122:13
	ldr	r5, [r0]
.Ltmp71:
	.loc	2 122 13 is_stmt 0              @ ../../../../../sdk/app_modules/src/app_easy/app_easy_timer.c:122:13
	cmp	r5, #0
	beq	.LBB1_8
.Ltmp72:
@ %bb.7:                                @   in Loop: Header=BB1_5 Depth=1
	@DEBUG_VALUE: i <- $r3
	@DEBUG_VALUE: app_easy_timer:delay <- $r2
	@DEBUG_VALUE: app_easy_timer:fn <- $r1
	.loc	2 120 5 is_stmt 1               @ ../../../../../sdk/app_modules/src/app_easy/app_easy_timer.c:120:5
	adds	r0, r0, #4
	.loc	2 120 45 is_stmt 0              @ ../../../../../sdk/app_modules/src/app_easy/app_easy_timer.c:120:45
	adds	r3, r3, #1
.Ltmp73:
	@DEBUG_VALUE: i <- $r3
	.loc	2 120 5                         @ ../../../../../sdk/app_modules/src/app_easy/app_easy_timer.c:120:5
	b	.LBB1_5
.Ltmp74:
.LBB1_8:
	@DEBUG_VALUE: i <- $r3
	@DEBUG_VALUE: app_easy_timer:delay <- $r2
	@DEBUG_VALUE: app_easy_timer:fn <- $r1
	.loc	2 124 32 is_stmt 1              @ ../../../../../sdk/app_modules/src/app_easy/app_easy_timer.c:124:32
	str	r1, [r0]
	.loc	2 125 20                        @ ../../../../../sdk/app_modules/src/app_easy/app_easy_timer.c:125:20
	adds	r4, r3, #1
.Ltmp75:
	@DEBUG_VALUE: app_easy_timer:timer_id <- $r4
	.loc	2 388 5                         @ ../../../../../sdk/app_modules/src/app_easy/app_easy_timer.c:388:5
	uxtb	r0, r4
	mov	r1, r2
.Ltmp76:
	@DEBUG_VALUE: app_easy_timer:fn <- [DW_OP_LLVM_entry_value 1] $r1
	bl	create_timer
.Ltmp77:
.LBB1_9:
	.loc	2 391 1                         @ ../../../../../sdk/app_modules/src/app_easy/app_easy_timer.c:391:1
	uxtb	r0, r4
	.loc	2 391 1 epilogue_begin is_stmt 0 @ ../../../../../sdk/app_modules/src/app_easy/app_easy_timer.c:391:1
	pop	{r4, r5, r7, pc}
.Ltmp78:
	.loc	2 0 1                           @ :0:1
.Ltmp79:
	.p2align	2
@ %bb.10:
__arm_cp.1_0:
	.long	4194301                         @ 0x3ffffd
.Lcpi_end7:
	.size	__arm_cp.1_0, .Lcpi_end7-__arm_cp.1_0
__arm_cp.1_1:
	.long	.L_MergedGlobals
.Lcpi_end8:
	.size	__arm_cp.1_1, .Lcpi_end8-__arm_cp.1_1
.Lfunc_end1:
	.size	app_easy_timer, .Lfunc_end1-app_easy_timer
	.cfi_endproc
	.cantunwind
	.fnend
                                        @ -- End function
	.p2align	2                               @ -- Begin function create_timer
	.type	create_timer,%function
	.code	16                              @ @create_timer
	.thumb_func
create_timer:
.Lfunc_begin2:
	.loc	2 202 0 is_stmt 1               @ ../../../../../sdk/app_modules/src/app_easy/app_easy_timer.c:202:0
	.fnstart
	.cfi_startproc
@ %bb.0:
	@DEBUG_VALUE: create_timer:timer_id <- $r0
	@DEBUG_VALUE: create_timer:delay <- $r1
	.save	{r4, r5, r6, lr}
	push	{r4, r5, r6, lr}
	.cfi_def_cfa_offset 16
	.cfi_offset lr, -4
	.cfi_offset r6, -8
	.cfi_offset r5, -12
	.cfi_offset r4, -16
	mov	r4, r1
.Ltmp80:
	@DEBUG_VALUE: create_timer:delay <- $r4
	mov	r5, r0
.Ltmp81:
	@DEBUG_VALUE: create_timer:timer_id <- $r5
	ldr	r6, __arm_cp.2_0
.Ltmp82:
	.loc	2 203 9 prologue_end            @ ../../../../../sdk/app_modules/src/app_easy/app_easy_timer.c:203:9
	bl	app_check_BLE_active
.Ltmp83:
	.loc	2 203 9 is_stmt 0               @ ../../../../../sdk/app_modules/src/app_easy/app_easy_timer.c:203:9
	cmp	r0, #0
	beq	.LBB2_2
.Ltmp84:
@ %bb.1:
	@DEBUG_VALUE: create_timer:timer_id <- $r5
	@DEBUG_VALUE: create_timer:delay <- $r4
	.loc	2 205 9 is_stmt 1               @ ../../../../../sdk/app_modules/src/app_easy/app_easy_timer.c:205:9
	adds	r0, r6, r5
	adds	r0, r0, #2
	movs	r1, #4
	mov	r2, r4
	bl	ke_timer_set
.Ltmp85:
	.loc	2 218 1 epilogue_begin          @ ../../../../../sdk/app_modules/src/app_easy/app_easy_timer.c:218:1
	pop	{r4, r5, r6, pc}
.Ltmp86:
.LBB2_2:
	@DEBUG_VALUE: create_timer:timer_id <- $r5
	@DEBUG_VALUE: create_timer:delay <- $r4
	@DEBUG_VALUE: create_timer:timer_id <- $r5
	.loc	2 209 9                         @ ../../../../../sdk/app_modules/src/app_easy/app_easy_timer.c:209:9
	bl	arch_ble_force_wakeup
.Ltmp87:
	.loc	2 0 9 is_stmt 0                 @ ../../../../../sdk/app_modules/src/app_easy/app_easy_timer.c:0:9
	movs	r1, #4
	movs	r3, #8
	.loc	2 211 43 is_stmt 1              @ ../../../../../sdk/app_modules/src/app_easy/app_easy_timer.c:211:43
	mov	r0, r6
	mov	r2, r1
	bl	ke_msg_alloc
.Ltmp88:
	@DEBUG_VALUE: req <- $r0
	.loc	2 214 20                        @ ../../../../../sdk/app_modules/src/app_easy/app_easy_timer.c:214:20
	str	r4, [r0, #4]
	.loc	2 215 23                        @ ../../../../../sdk/app_modules/src/app_easy/app_easy_timer.c:215:23
	strb	r5, [r0]
	.loc	2 216 9                         @ ../../../../../sdk/app_modules/src/app_easy/app_easy_timer.c:216:9
	bl	ke_msg_send
.Ltmp89:
	.loc	2 218 1 epilogue_begin          @ ../../../../../sdk/app_modules/src/app_easy/app_easy_timer.c:218:1
	pop	{r4, r5, r6, pc}
.Ltmp90:
	.loc	2 0 1 is_stmt 0                 @ :0:1
.Ltmp91:
	.p2align	2
@ %bb.3:
__arm_cp.2_0:
	.long	1025                            @ 0x401
.Lcpi_end9:
	.size	__arm_cp.2_0, .Lcpi_end9-__arm_cp.2_0
.Lfunc_end2:
	.size	create_timer, .Lfunc_end2-create_timer
	.cfi_endproc
	.cantunwind
	.fnend
                                        @ -- End function
	.hidden	app_easy_timer_cancel           @ -- Begin function app_easy_timer_cancel
	.globl	app_easy_timer_cancel
	.p2align	2
	.type	app_easy_timer_cancel,%function
	.code	16                              @ @app_easy_timer_cancel
	.thumb_func
app_easy_timer_cancel:
.Lfunc_begin3:
	.loc	2 394 0 is_stmt 1               @ ../../../../../sdk/app_modules/src/app_easy/app_easy_timer.c:394:0
	.fnstart
	.cfi_startproc
@ %bb.0:
	@DEBUG_VALUE: app_easy_timer_cancel:timer_id <- $r0
	.save	{r4, r5, r6, r7, lr}
	.pad	#4
	push	{r3, r4, r5, r6, r7, lr}
	.cfi_def_cfa_offset 24
	.cfi_offset lr, -4
	.cfi_offset r7, -8
	.cfi_offset r6, -12
	.cfi_offset r5, -16
	.cfi_offset r4, -20
	mov	r4, r0
.Ltmp92:
	@DEBUG_VALUE: app_easy_timer_cancel:timer_id <- $r4
	.loc	2 395 8 prologue_end            @ ../../../../../sdk/app_modules/src/app_easy/app_easy_timer.c:395:8
	subs	r0, r0, #1
	cmp	r0, #9
	bhi	.LBB3_4
.Ltmp93:
@ %bb.1:
	@DEBUG_VALUE: app_easy_timer_cancel:timer_id <- $r4
	.loc	2 397 30                        @ ../../../../../sdk/app_modules/src/app_easy/app_easy_timer.c:397:30
	lsls	r0, r4, #2
	.loc	2 397 14 is_stmt 0              @ ../../../../../sdk/app_modules/src/app_easy/app_easy_timer.c:397:14
	ldr	r1, __arm_cp.3_0
	adds	r0, r0, r1
	subs	r7, r0, #4
	ldr	r0, [r7]
	.loc	2 397 76                        @ ../../../../../sdk/app_modules/src/app_easy/app_easy_timer.c:397:76
	cmp	r0, #0
	beq	.LBB3_5
.Ltmp94:
@ %bb.2:
	@DEBUG_VALUE: app_easy_timer_cancel:timer_id <- $r4
	.loc	2 398 67 is_stmt 1              @ ../../../../../sdk/app_modules/src/app_easy/app_easy_timer.c:398:67
	ldr	r5, __arm_cp.3_1
.Ltmp95:
	.loc	2 397 13                        @ ../../../../../sdk/app_modules/src/app_easy/app_easy_timer.c:397:13
	cmp	r0, r5
	beq	.LBB3_5
.Ltmp96:
@ %bb.3:
	@DEBUG_VALUE: app_easy_timer_cancel:timer_id <- $r4
	.loc	2 0 13 is_stmt 0                @ ../../../../../sdk/app_modules/src/app_easy/app_easy_timer.c:0:13
	ldr	r0, __arm_cp.3_2
.Ltmp97:
	.loc	2 401 13 is_stmt 1              @ ../../../../../sdk/app_modules/src/app_easy/app_easy_timer.c:401:13
	adds	r0, r4, r0
	adds	r0, r0, #1
	movs	r6, #4
	mov	r1, r6
	bl	ke_timer_clear
.Ltmp98:
	.loc	2 403 66                        @ ../../../../../sdk/app_modules/src/app_easy/app_easy_timer.c:403:66
	str	r5, [r7]
	movs	r3, #8
	.loc	2 411 47                        @ ../../../../../sdk/app_modules/src/app_easy/app_easy_timer.c:411:47
	ldr	r0, __arm_cp.3_2
	mov	r1, r6
	mov	r2, r6
	bl	ke_msg_alloc
.Ltmp99:
	@DEBUG_VALUE: req <- $r0
	.loc	2 414 27                        @ ../../../../../sdk/app_modules/src/app_easy/app_easy_timer.c:414:27
	strb	r4, [r0]
	.loc	2 415 13                        @ ../../../../../sdk/app_modules/src/app_easy/app_easy_timer.c:415:13
	bl	ke_msg_send
.Ltmp100:
	.loc	2 426 1 epilogue_begin          @ ../../../../../sdk/app_modules/src/app_easy/app_easy_timer.c:426:1
	pop	{r3, r4, r5, r6, r7, pc}
.Ltmp101:
.LBB3_4:
	@DEBUG_VALUE: app_easy_timer_cancel:timer_id <- $r4
	.loc	2 424 8                         @ ../../../../../sdk/app_modules/src/app_easy/app_easy_timer.c:424:8
	@APP
	bkpt	#0
	@NO_APP
.Ltmp102:
	.loc	2 426 1 epilogue_begin          @ ../../../../../sdk/app_modules/src/app_easy/app_easy_timer.c:426:1
	pop	{r3, r4, r5, r6, r7, pc}
.Ltmp103:
.LBB3_5:
	@DEBUG_VALUE: app_easy_timer_cancel:timer_id <- $r4
	.loc	2 419 13                        @ ../../../../../sdk/app_modules/src/app_easy/app_easy_timer.c:419:13
	@APP
	bkpt	#0
	@NO_APP
.Ltmp104:
	.loc	2 426 1 epilogue_begin          @ ../../../../../sdk/app_modules/src/app_easy/app_easy_timer.c:426:1
	pop	{r3, r4, r5, r6, r7, pc}
.Ltmp105:
	.loc	2 0 1 is_stmt 0                 @ :0:1
.Ltmp106:
	.p2align	2
@ %bb.6:
__arm_cp.3_0:
	.long	.L_MergedGlobals
.Lcpi_end10:
	.size	__arm_cp.3_0, .Lcpi_end10-__arm_cp.3_0
__arm_cp.3_1:
	.long	timer_canceled_handler
.Lcpi_end11:
	.size	__arm_cp.3_1, .Lcpi_end11-__arm_cp.3_1
__arm_cp.3_2:
	.long	1026                            @ 0x402
.Lcpi_end12:
	.size	__arm_cp.3_2, .Lcpi_end12-__arm_cp.3_2
.Lfunc_end3:
	.size	app_easy_timer_cancel, .Lfunc_end3-app_easy_timer_cancel
	.cfi_endproc
	.cantunwind
	.fnend
                                        @ -- End function
	.p2align	1                               @ -- Begin function timer_canceled_handler
	.type	timer_canceled_handler,%function
	.code	16                              @ @timer_canceled_handler
	.thumb_func
timer_canceled_handler:
.Lfunc_begin4:
	.fnstart
	.cfi_startproc
@ %bb.0:
	.loc	2 143 1 prologue_end is_stmt 1  @ ../../../../../sdk/app_modules/src/app_easy/app_easy_timer.c:143:1
	bx	lr
.Ltmp107:
.Lfunc_end4:
	.size	timer_canceled_handler, .Lfunc_end4-timer_canceled_handler
	.cfi_endproc
	.cantunwind
	.fnend
                                        @ -- End function
	.hidden	app_easy_timer_modify           @ -- Begin function app_easy_timer_modify
	.globl	app_easy_timer_modify
	.p2align	2
	.type	app_easy_timer_modify,%function
	.code	16                              @ @app_easy_timer_modify
	.thumb_func
app_easy_timer_modify:
.Lfunc_begin5:
	.loc	2 429 0                         @ ../../../../../sdk/app_modules/src/app_easy/app_easy_timer.c:429:0
	.fnstart
	.cfi_startproc
@ %bb.0:
	@DEBUG_VALUE: app_easy_timer_modify:timer_id <- $r0
	@DEBUG_VALUE: app_easy_timer_modify:delay <- $r1
	.save	{r4, r5, r6, r7, lr}
	.pad	#4
	push	{r3, r4, r5, r6, r7, lr}
	.cfi_def_cfa_offset 24
	.cfi_offset lr, -4
	.cfi_offset r7, -8
	.cfi_offset r6, -12
	.cfi_offset r5, -16
	.cfi_offset r4, -20
	mov	r5, r1
.Ltmp108:
	@DEBUG_VALUE: app_easy_timer_modify:delay <- $r5
	mov	r4, r0
.Ltmp109:
	@DEBUG_VALUE: app_easy_timer_modify:timer_id <- $r4
	.loc	2 431 5 prologue_end            @ ../../../../../sdk/app_modules/src/app_easy/app_easy_timer.c:431:5
	cmp	r1, #0
	beq	.LBB5_3
.Ltmp110:
@ %bb.1:
	@DEBUG_VALUE: app_easy_timer_modify:timer_id <- $r4
	@DEBUG_VALUE: app_easy_timer_modify:delay <- $r5
	.loc	2 0 5 is_stmt 0                 @ ../../../../../sdk/app_modules/src/app_easy/app_easy_timer.c:0:5
	ldr	r0, __arm_cp.5_0
.Ltmp111:
	.loc	2 432 5 is_stmt 1               @ ../../../../../sdk/app_modules/src/app_easy/app_easy_timer.c:432:5
	cmp	r5, r0
	blo	.LBB5_4
.Ltmp112:
@ %bb.2:
	@DEBUG_VALUE: app_easy_timer_modify:timer_id <- $r4
	@DEBUG_VALUE: app_easy_timer_modify:delay <- $r5
	.loc	2 432 5 is_stmt 0               @ ../../../../../sdk/app_modules/src/app_easy/app_easy_timer.c:432:5
	@APP
	bkpt	#0
	@NO_APP
	b	.LBB5_4
.Ltmp113:
.LBB5_3:
	@DEBUG_VALUE: app_easy_timer_modify:timer_id <- $r4
	@DEBUG_VALUE: app_easy_timer_modify:delay <- $r5
	.loc	2 431 5 is_stmt 1               @ ../../../../../sdk/app_modules/src/app_easy/app_easy_timer.c:431:5
	@APP
	bkpt	#0
	@NO_APP
.Ltmp114:
.LBB5_4:
	@DEBUG_VALUE: app_easy_timer_modify:timer_id <- $r4
	@DEBUG_VALUE: app_easy_timer_modify:delay <- $r5
	@DEBUG_VALUE: app_easy_timer_modify:timer_id <- $r4
	.loc	2 434 8                         @ ../../../../../sdk/app_modules/src/app_easy/app_easy_timer.c:434:8
	subs	r0, r4, #1
	cmp	r0, #9
	bhi	.LBB5_8
.Ltmp115:
@ %bb.5:
	@DEBUG_VALUE: app_easy_timer_modify:timer_id <- $r4
	@DEBUG_VALUE: app_easy_timer_modify:delay <- $r5
	@DEBUG_VALUE: app_easy_timer_modify:timer_id <- $r4
	.loc	2 436 14                        @ ../../../../../sdk/app_modules/src/app_easy/app_easy_timer.c:436:14
	lsls	r0, r0, #2
	ldr	r1, __arm_cp.5_1
	ldr	r2, [r1, r0]
	.loc	2 436 76 is_stmt 0              @ ../../../../../sdk/app_modules/src/app_easy/app_easy_timer.c:436:76
	cmp	r2, #0
	beq	.LBB5_9
.Ltmp116:
@ %bb.6:
	@DEBUG_VALUE: app_easy_timer_modify:timer_id <- $r4
	@DEBUG_VALUE: app_easy_timer_modify:delay <- $r5
	@DEBUG_VALUE: app_easy_timer_modify:timer_id <- $r4
	.loc	2 437 67 is_stmt 1              @ ../../../../../sdk/app_modules/src/app_easy/app_easy_timer.c:437:67
	ldr	r3, __arm_cp.5_2
.Ltmp117:
	.loc	2 436 13                        @ ../../../../../sdk/app_modules/src/app_easy/app_easy_timer.c:436:13
	cmp	r2, r3
	beq	.LBB5_9
.Ltmp118:
@ %bb.7:
	@DEBUG_VALUE: app_easy_timer_modify:timer_id <- $r4
	@DEBUG_VALUE: app_easy_timer_modify:delay <- $r5
	@DEBUG_VALUE: app_easy_timer_modify:timer_id <- $r4
	.loc	2 0 13 is_stmt 0                @ ../../../../../sdk/app_modules/src/app_easy/app_easy_timer.c:0:13
	adds	r6, r1, r0
	ldr	r0, __arm_cp.5_3
.Ltmp119:
	.loc	2 440 13 is_stmt 1              @ ../../../../../sdk/app_modules/src/app_easy/app_easy_timer.c:440:13
	adds	r0, r4, r0
	adds	r0, r0, #1
	movs	r7, #4
	mov	r1, r7
	bl	ke_timer_clear
.Ltmp120:
	.loc	2 443 77                        @ ../../../../../sdk/app_modules/src/app_easy/app_easy_timer.c:443:77
	ldr	r0, [r6]
	.loc	2 443 75 is_stmt 0              @ ../../../../../sdk/app_modules/src/app_easy/app_easy_timer.c:443:75
	str	r0, [r6, #40]
	.loc	2 445 66 is_stmt 1              @ ../../../../../sdk/app_modules/src/app_easy/app_easy_timer.c:445:66
	ldr	r0, __arm_cp.5_2
	str	r0, [r6]
	movs	r3, #8
	.loc	2 453 47                        @ ../../../../../sdk/app_modules/src/app_easy/app_easy_timer.c:453:47
	ldr	r0, __arm_cp.5_3
	mov	r1, r7
	mov	r2, r7
	bl	ke_msg_alloc
.Ltmp121:
	@DEBUG_VALUE: req <- $r0
	.loc	2 457 24                        @ ../../../../../sdk/app_modules/src/app_easy/app_easy_timer.c:457:24
	str	r5, [r0, #4]
	.loc	2 456 27                        @ ../../../../../sdk/app_modules/src/app_easy/app_easy_timer.c:456:27
	strb	r4, [r0]
	.loc	2 458 13                        @ ../../../../../sdk/app_modules/src/app_easy/app_easy_timer.c:458:13
	bl	ke_msg_send
.Ltmp122:
	.loc	2 0 13 is_stmt 0                @ ../../../../../sdk/app_modules/src/app_easy/app_easy_timer.c:0:13
	b	.LBB5_11
.Ltmp123:
.LBB5_8:
	@DEBUG_VALUE: app_easy_timer_modify:timer_id <- $r4
	@DEBUG_VALUE: app_easy_timer_modify:delay <- $r5
	.loc	2 469 9 is_stmt 1               @ ../../../../../sdk/app_modules/src/app_easy/app_easy_timer.c:469:9
	@APP
	bkpt	#0
	@NO_APP
	b	.LBB5_10
.Ltmp124:
.LBB5_9:
	@DEBUG_VALUE: app_easy_timer_modify:timer_id <- $r4
	@DEBUG_VALUE: app_easy_timer_modify:delay <- $r5
	.loc	2 464 13                        @ ../../../../../sdk/app_modules/src/app_easy/app_easy_timer.c:464:13
	@APP
	bkpt	#0
	@NO_APP
.Ltmp125:
.LBB5_10:
	@DEBUG_VALUE: app_easy_timer_modify:timer_id <- $r4
	@DEBUG_VALUE: app_easy_timer_modify:delay <- $r5
	.loc	2 0 13 is_stmt 0                @ ../../../../../sdk/app_modules/src/app_easy/app_easy_timer.c:0:13
	movs	r4, #0
.Ltmp126:
.LBB5_11:
	@DEBUG_VALUE: app_easy_timer_modify:delay <- $r5
	.loc	2 472 1 is_stmt 1               @ ../../../../../sdk/app_modules/src/app_easy/app_easy_timer.c:472:1
	mov	r0, r4
	.loc	2 472 1 epilogue_begin is_stmt 0 @ ../../../../../sdk/app_modules/src/app_easy/app_easy_timer.c:472:1
	pop	{r3, r4, r5, r6, r7, pc}
.Ltmp127:
	.loc	2 0 1                           @ :0:1
.Ltmp128:
	.p2align	2
@ %bb.12:
__arm_cp.5_0:
	.long	4194301                         @ 0x3ffffd
.Lcpi_end13:
	.size	__arm_cp.5_0, .Lcpi_end13-__arm_cp.5_0
__arm_cp.5_1:
	.long	.L_MergedGlobals
.Lcpi_end14:
	.size	__arm_cp.5_1, .Lcpi_end14-__arm_cp.5_1
__arm_cp.5_2:
	.long	timer_modified_handler
.Lcpi_end15:
	.size	__arm_cp.5_2, .Lcpi_end15-__arm_cp.5_2
__arm_cp.5_3:
	.long	1026                            @ 0x402
.Lcpi_end16:
	.size	__arm_cp.5_3, .Lcpi_end16-__arm_cp.5_3
.Lfunc_end5:
	.size	app_easy_timer_modify, .Lfunc_end5-app_easy_timer_modify
	.cfi_endproc
	.cantunwind
	.fnend
                                        @ -- End function
	.p2align	1                               @ -- Begin function timer_modified_handler
	.type	timer_modified_handler,%function
	.code	16                              @ @timer_modified_handler
	.thumb_func
timer_modified_handler:
.Lfunc_begin6:
	.fnstart
	.cfi_startproc
@ %bb.0:
	.loc	2 157 1 prologue_end is_stmt 1  @ ../../../../../sdk/app_modules/src/app_easy/app_easy_timer.c:157:1
	bx	lr
.Ltmp129:
.Lfunc_end6:
	.size	timer_modified_handler, .Lfunc_end6-timer_modified_handler
	.cfi_endproc
	.cantunwind
	.fnend
                                        @ -- End function
	.hidden	app_easy_timer_cancel_all       @ -- Begin function app_easy_timer_cancel_all
	.globl	app_easy_timer_cancel_all
	.p2align	2
	.type	app_easy_timer_cancel_all,%function
	.code	16                              @ @app_easy_timer_cancel_all
	.thumb_func
app_easy_timer_cancel_all:
.Lfunc_begin7:
	.loc	2 475 0                         @ ../../../../../sdk/app_modules/src/app_easy/app_easy_timer.c:475:0
	.fnstart
	.cfi_startproc
@ %bb.0:
	.save	{r4, r5, r6, lr}
	push	{r4, r5, r6, lr}
	.cfi_def_cfa_offset 16
	.cfi_offset lr, -4
	.cfi_offset r6, -8
	.cfi_offset r5, -12
	.cfi_offset r4, -16
	movs	r4, #0
	ldr	r5, __arm_cp.7_0
	@DEBUG_VALUE: i <- 0
	ldr	r6, __arm_cp.7_1
.LBB7_1:                                @ =>This Inner Loop Header: Depth=1
.Ltmp130:
	@DEBUG_VALUE: i <- $r4
	.loc	2 476 5 prologue_end            @ ../../../../../sdk/app_modules/src/app_easy/app_easy_timer.c:476:5
	cmp	r4, #10
	beq	.LBB7_6
.Ltmp131:
@ %bb.2:                                @   in Loop: Header=BB7_1 Depth=1
	@DEBUG_VALUE: i <- $r4
	.loc	2 478 14                        @ ../../../../../sdk/app_modules/src/app_easy/app_easy_timer.c:478:14
	ldr	r0, [r5]
	.loc	2 478 42 is_stmt 0              @ ../../../../../sdk/app_modules/src/app_easy/app_easy_timer.c:478:42
	cmp	r0, #0
	beq	.LBB7_5
.Ltmp132:
@ %bb.3:                                @   in Loop: Header=BB7_1 Depth=1
	@DEBUG_VALUE: i <- $r4
	.loc	2 478 13                        @ ../../../../../sdk/app_modules/src/app_easy/app_easy_timer.c:478:13
	cmp	r0, r6
	beq	.LBB7_5
.Ltmp133:
@ %bb.4:                                @   in Loop: Header=BB7_1 Depth=1
	@DEBUG_VALUE: i <- $r4
	.loc	2 481 39 is_stmt 1              @ ../../../../../sdk/app_modules/src/app_easy/app_easy_timer.c:481:39
	adds	r0, r4, #1
	.loc	2 481 17 is_stmt 0              @ ../../../../../sdk/app_modules/src/app_easy/app_easy_timer.c:481:17
	uxtb	r0, r0
	bl	app_easy_timer_cancel
.Ltmp134:
.LBB7_5:                                @   in Loop: Header=BB7_1 Depth=1
	@DEBUG_VALUE: i <- $r4
	.loc	2 476 5 is_stmt 1               @ ../../../../../sdk/app_modules/src/app_easy/app_easy_timer.c:476:5
	adds	r5, r5, #4
	.loc	2 476 45 is_stmt 0              @ ../../../../../sdk/app_modules/src/app_easy/app_easy_timer.c:476:45
	adds	r4, r4, #1
.Ltmp135:
	@DEBUG_VALUE: i <- $r4
	.loc	2 476 5                         @ ../../../../../sdk/app_modules/src/app_easy/app_easy_timer.c:476:5
	b	.LBB7_1
.Ltmp136:
.LBB7_6:
	.loc	2 484 1 epilogue_begin is_stmt 1 @ ../../../../../sdk/app_modules/src/app_easy/app_easy_timer.c:484:1
	pop	{r4, r5, r6, pc}
.Ltmp137:
	.loc	2 0 1 is_stmt 0                 @ :0:1
.Ltmp138:
	.p2align	2
@ %bb.7:
__arm_cp.7_0:
	.long	.L_MergedGlobals
.Lcpi_end17:
	.size	__arm_cp.7_0, .Lcpi_end17-__arm_cp.7_0
__arm_cp.7_1:
	.long	timer_canceled_handler
.Lcpi_end18:
	.size	__arm_cp.7_1, .Lcpi_end18-__arm_cp.7_1
.Lfunc_end7:
	.size	app_easy_timer_cancel_all, .Lfunc_end7-app_easy_timer_cancel_all
	.cfi_endproc
	.cantunwind
	.fnend
                                        @ -- End function
	.type	.L_MergedGlobals,%object        @ @_MergedGlobals
	.section	.bss.retention_mem_area0,"aw",%nobits
	.p2align	2, 0x0
.L_MergedGlobals:
	.zero	80
	.size	.L_MergedGlobals, 80

.set timer_callbacks, .L_MergedGlobals
	.size	timer_callbacks, 40
.set modified_timer_callbacks, .L_MergedGlobals+40
	.size	modified_timer_callbacks, 40
	.section	.debug_loc,"",%progbits
.Ldebug_loc0:
	.long	.Lfunc_begin0-.Lfunc_begin0
	.long	.Ltmp7-.Lfunc_begin0
	.short	1                               @ Loc expr size
	.byte	80                              @ DW_OP_reg0
	.long	.Ltmp7-.Lfunc_begin0
	.long	.Ltmp18-.Lfunc_begin0
	.short	4                               @ Loc expr size
	.byte	243                             @ DW_OP_GNU_entry_value
	.byte	1                               @ 1
	.byte	80                              @ DW_OP_reg0
	.byte	159                             @ DW_OP_stack_value
	.long	.Ltmp18-.Lfunc_begin0
	.long	.Ltmp19-.Lfunc_begin0
	.short	1                               @ Loc expr size
	.byte	80                              @ DW_OP_reg0
	.long	.Ltmp19-.Lfunc_begin0
	.long	.Ltmp28-.Lfunc_begin0
	.short	4                               @ Loc expr size
	.byte	243                             @ DW_OP_GNU_entry_value
	.byte	1                               @ 1
	.byte	80                              @ DW_OP_reg0
	.byte	159                             @ DW_OP_stack_value
	.long	.Ltmp28-.Lfunc_begin0
	.long	.Ltmp34-.Lfunc_begin0
	.short	1                               @ Loc expr size
	.byte	80                              @ DW_OP_reg0
	.long	.Ltmp34-.Lfunc_begin0
	.long	.Ltmp39-.Lfunc_begin0
	.short	4                               @ Loc expr size
	.byte	243                             @ DW_OP_GNU_entry_value
	.byte	1                               @ 1
	.byte	80                              @ DW_OP_reg0
	.byte	159                             @ DW_OP_stack_value
	.long	.Ltmp39-.Lfunc_begin0
	.long	.Ltmp50-.Lfunc_begin0
	.short	1                               @ Loc expr size
	.byte	80                              @ DW_OP_reg0
	.long	.Ltmp50-.Lfunc_begin0
	.long	.Ltmp59-.Lfunc_begin0
	.short	4                               @ Loc expr size
	.byte	243                             @ DW_OP_GNU_entry_value
	.byte	1                               @ 1
	.byte	80                              @ DW_OP_reg0
	.byte	159                             @ DW_OP_stack_value
	.long	0
	.long	0
.Ldebug_loc1:
	.long	.Lfunc_begin0-.Lfunc_begin0
	.long	.Ltmp1-.Lfunc_begin0
	.short	1                               @ Loc expr size
	.byte	81                              @ DW_OP_reg1
	.long	.Ltmp1-.Lfunc_begin0
	.long	.Ltmp47-.Lfunc_begin0
	.short	1                               @ Loc expr size
	.byte	84                              @ DW_OP_reg4
	.long	.Ltmp47-.Lfunc_begin0
	.long	.Ltmp55-.Lfunc_begin0
	.short	4                               @ Loc expr size
	.byte	243                             @ DW_OP_GNU_entry_value
	.byte	1                               @ 1
	.byte	81                              @ DW_OP_reg1
	.byte	159                             @ DW_OP_stack_value
	.long	.Ltmp55-.Lfunc_begin0
	.long	.Ltmp59-.Lfunc_begin0
	.short	1                               @ Loc expr size
	.byte	84                              @ DW_OP_reg4
	.long	0
	.long	0
.Ldebug_loc2:
	.long	.Lfunc_begin0-.Lfunc_begin0
	.long	.Ltmp4-.Lfunc_begin0
	.short	1                               @ Loc expr size
	.byte	82                              @ DW_OP_reg2
	.long	.Ltmp4-.Lfunc_begin0
	.long	.Ltmp28-.Lfunc_begin0
	.short	4                               @ Loc expr size
	.byte	243                             @ DW_OP_GNU_entry_value
	.byte	1                               @ 1
	.byte	82                              @ DW_OP_reg2
	.byte	159                             @ DW_OP_stack_value
	.long	.Ltmp28-.Lfunc_begin0
	.long	.Ltmp29-.Lfunc_begin0
	.short	1                               @ Loc expr size
	.byte	82                              @ DW_OP_reg2
	.long	.Ltmp29-.Lfunc_begin0
	.long	.Ltmp61-.Lfunc_begin0
	.short	4                               @ Loc expr size
	.byte	243                             @ DW_OP_GNU_entry_value
	.byte	1                               @ 1
	.byte	82                              @ DW_OP_reg2
	.byte	159                             @ DW_OP_stack_value
	.long	0
	.long	0
.Ldebug_loc3:
	.long	.Lfunc_begin0-.Lfunc_begin0
	.long	.Ltmp11-.Lfunc_begin0
	.short	1                               @ Loc expr size
	.byte	83                              @ DW_OP_reg3
	.long	.Ltmp11-.Lfunc_begin0
	.long	.Ltmp18-.Lfunc_begin0
	.short	4                               @ Loc expr size
	.byte	243                             @ DW_OP_GNU_entry_value
	.byte	1                               @ 1
	.byte	83                              @ DW_OP_reg3
	.byte	159                             @ DW_OP_stack_value
	.long	.Ltmp18-.Lfunc_begin0
	.long	.Ltmp23-.Lfunc_begin0
	.short	1                               @ Loc expr size
	.byte	83                              @ DW_OP_reg3
	.long	.Ltmp23-.Lfunc_begin0
	.long	.Ltmp28-.Lfunc_begin0
	.short	4                               @ Loc expr size
	.byte	243                             @ DW_OP_GNU_entry_value
	.byte	1                               @ 1
	.byte	83                              @ DW_OP_reg3
	.byte	159                             @ DW_OP_stack_value
	.long	.Ltmp28-.Lfunc_begin0
	.long	.Ltmp38-.Lfunc_begin0
	.short	1                               @ Loc expr size
	.byte	83                              @ DW_OP_reg3
	.long	.Ltmp38-.Lfunc_begin0
	.long	.Ltmp39-.Lfunc_begin0
	.short	4                               @ Loc expr size
	.byte	243                             @ DW_OP_GNU_entry_value
	.byte	1                               @ 1
	.byte	83                              @ DW_OP_reg3
	.byte	159                             @ DW_OP_stack_value
	.long	.Ltmp39-.Lfunc_begin0
	.long	.Ltmp40-.Lfunc_begin0
	.short	1                               @ Loc expr size
	.byte	83                              @ DW_OP_reg3
	.long	.Ltmp40-.Lfunc_begin0
	.long	.Ltmp55-.Lfunc_begin0
	.short	4                               @ Loc expr size
	.byte	243                             @ DW_OP_GNU_entry_value
	.byte	1                               @ 1
	.byte	83                              @ DW_OP_reg3
	.byte	159                             @ DW_OP_stack_value
	.long	.Ltmp55-.Lfunc_begin0
	.long	.Ltmp57-.Lfunc_begin0
	.short	1                               @ Loc expr size
	.byte	83                              @ DW_OP_reg3
	.long	.Ltmp57-.Lfunc_begin0
	.long	.Ltmp59-.Lfunc_begin0
	.short	4                               @ Loc expr size
	.byte	243                             @ DW_OP_GNU_entry_value
	.byte	1                               @ 1
	.byte	83                              @ DW_OP_reg3
	.byte	159                             @ DW_OP_stack_value
	.long	0
	.long	0
.Ldebug_loc4:
	.long	.Ltmp6-.Lfunc_begin0
	.long	.Ltmp18-.Lfunc_begin0
	.short	1                               @ Loc expr size
	.byte	84                              @ DW_OP_reg4
	.long	.Ltmp56-.Lfunc_begin0
	.long	.Ltmp59-.Lfunc_begin0
	.short	1                               @ Loc expr size
	.byte	84                              @ DW_OP_reg4
	.long	0
	.long	0
.Ldebug_loc5:
	.long	.Ltmp9-.Lfunc_begin0
	.long	.Ltmp10-.Lfunc_begin0
	.short	1                               @ Loc expr size
	.byte	80                              @ DW_OP_reg0
	.long	0
	.long	0
.Ldebug_loc6:
	.long	.Ltmp16-.Lfunc_begin0
	.long	.Ltmp17-.Lfunc_begin0
	.short	1                               @ Loc expr size
	.byte	80                              @ DW_OP_reg0
	.long	0
	.long	0
.Ldebug_loc7:
	.long	.Ltmp18-.Lfunc_begin0
	.long	.Ltmp28-.Lfunc_begin0
	.short	1                               @ Loc expr size
	.byte	84                              @ DW_OP_reg4
	.long	.Ltmp55-.Lfunc_begin0
	.long	.Ltmp56-.Lfunc_begin0
	.short	1                               @ Loc expr size
	.byte	84                              @ DW_OP_reg4
	.long	0
	.long	0
.Ldebug_loc8:
	.long	.Ltmp21-.Lfunc_begin0
	.long	.Ltmp22-.Lfunc_begin0
	.short	1                               @ Loc expr size
	.byte	81                              @ DW_OP_reg1
	.long	0
	.long	0
.Ldebug_loc9:
	.long	.Ltmp43-.Lfunc_begin0
	.long	.Ltmp50-.Lfunc_begin0
	.short	1                               @ Loc expr size
	.byte	80                              @ DW_OP_reg0
	.long	0
	.long	0
.Ldebug_loc10:
	.long	.Ltmp50-.Lfunc_begin0
	.long	.Ltmp53-.Lfunc_begin0
	.short	1                               @ Loc expr size
	.byte	80                              @ DW_OP_reg0
	.long	0
	.long	0
.Ldebug_loc11:
	.long	.Ltmp46-.Lfunc_begin0
	.long	.Ltmp54-.Lfunc_begin0
	.short	1                               @ Loc expr size
	.byte	81                              @ DW_OP_reg1
	.long	0
	.long	0
.Ldebug_loc12:
	.long	.Ltmp52-.Lfunc_begin0
	.long	.Ltmp54-.Lfunc_begin0
	.short	1                               @ Loc expr size
	.byte	81                              @ DW_OP_reg1
	.long	0
	.long	0
.Ldebug_loc13:
	.long	.Lfunc_begin1-.Lfunc_begin0
	.long	.Ltmp63-.Lfunc_begin0
	.short	1                               @ Loc expr size
	.byte	80                              @ DW_OP_reg0
	.long	.Ltmp63-.Lfunc_begin0
	.long	.Ltmp77-.Lfunc_begin0
	.short	1                               @ Loc expr size
	.byte	82                              @ DW_OP_reg2
	.long	0
	.long	0
.Ldebug_loc14:
	.long	.Lfunc_begin1-.Lfunc_begin0
	.long	.Ltmp76-.Lfunc_begin0
	.short	1                               @ Loc expr size
	.byte	81                              @ DW_OP_reg1
	.long	.Ltmp76-.Lfunc_begin0
	.long	.Ltmp77-.Lfunc_begin0
	.short	4                               @ Loc expr size
	.byte	243                             @ DW_OP_GNU_entry_value
	.byte	1                               @ 1
	.byte	81                              @ DW_OP_reg1
	.byte	159                             @ DW_OP_stack_value
	.long	0
	.long	0
.Ldebug_loc15:
	.long	.Ltmp75-.Lfunc_begin0
	.long	.Ltmp77-.Lfunc_begin0
	.short	1                               @ Loc expr size
	.byte	84                              @ DW_OP_reg4
	.long	0
	.long	0
.Ldebug_loc16:
	.long	.Lfunc_begin2-.Lfunc_begin0
	.long	.Ltmp81-.Lfunc_begin0
	.short	1                               @ Loc expr size
	.byte	80                              @ DW_OP_reg0
	.long	.Ltmp81-.Lfunc_begin0
	.long	.Ltmp90-.Lfunc_begin0
	.short	1                               @ Loc expr size
	.byte	85                              @ DW_OP_reg5
	.long	0
	.long	0
.Ldebug_loc17:
	.long	.Lfunc_begin2-.Lfunc_begin0
	.long	.Ltmp80-.Lfunc_begin0
	.short	1                               @ Loc expr size
	.byte	81                              @ DW_OP_reg1
	.long	.Ltmp80-.Lfunc_begin0
	.long	.Ltmp90-.Lfunc_begin0
	.short	1                               @ Loc expr size
	.byte	84                              @ DW_OP_reg4
	.long	0
	.long	0
.Ldebug_loc18:
	.long	.Ltmp88-.Lfunc_begin0
	.long	.Ltmp89-.Lfunc_begin0
	.short	1                               @ Loc expr size
	.byte	80                              @ DW_OP_reg0
	.long	0
	.long	0
.Ldebug_loc19:
	.long	.Lfunc_begin3-.Lfunc_begin0
	.long	.Ltmp92-.Lfunc_begin0
	.short	1                               @ Loc expr size
	.byte	80                              @ DW_OP_reg0
	.long	.Ltmp92-.Lfunc_begin0
	.long	.Ltmp105-.Lfunc_begin0
	.short	1                               @ Loc expr size
	.byte	84                              @ DW_OP_reg4
	.long	0
	.long	0
.Ldebug_loc20:
	.long	.Ltmp99-.Lfunc_begin0
	.long	.Ltmp100-.Lfunc_begin0
	.short	1                               @ Loc expr size
	.byte	80                              @ DW_OP_reg0
	.long	0
	.long	0
.Ldebug_loc21:
	.long	.Lfunc_begin5-.Lfunc_begin0
	.long	.Ltmp109-.Lfunc_begin0
	.short	1                               @ Loc expr size
	.byte	80                              @ DW_OP_reg0
	.long	.Ltmp109-.Lfunc_begin0
	.long	.Ltmp126-.Lfunc_begin0
	.short	1                               @ Loc expr size
	.byte	84                              @ DW_OP_reg4
	.long	0
	.long	0
.Ldebug_loc22:
	.long	.Lfunc_begin5-.Lfunc_begin0
	.long	.Ltmp108-.Lfunc_begin0
	.short	1                               @ Loc expr size
	.byte	81                              @ DW_OP_reg1
	.long	.Ltmp108-.Lfunc_begin0
	.long	.Ltmp127-.Lfunc_begin0
	.short	1                               @ Loc expr size
	.byte	85                              @ DW_OP_reg5
	.long	0
	.long	0
.Ldebug_loc23:
	.long	.Ltmp121-.Lfunc_begin0
	.long	.Ltmp122-.Lfunc_begin0
	.short	1                               @ Loc expr size
	.byte	80                              @ DW_OP_reg0
	.long	0
	.long	0
	.section	.debug_abbrev,"",%progbits
	.byte	1                               @ Abbreviation Code
	.byte	17                              @ DW_TAG_compile_unit
	.byte	1                               @ DW_CHILDREN_yes
	.byte	37                              @ DW_AT_producer
	.byte	14                              @ DW_FORM_strp
	.byte	19                              @ DW_AT_language
	.byte	5                               @ DW_FORM_data2
	.byte	3                               @ DW_AT_name
	.byte	14                              @ DW_FORM_strp
	.byte	16                              @ DW_AT_stmt_list
	.byte	23                              @ DW_FORM_sec_offset
	.byte	27                              @ DW_AT_comp_dir
	.byte	14                              @ DW_FORM_strp
	.byte	17                              @ DW_AT_low_pc
	.byte	1                               @ DW_FORM_addr
	.byte	18                              @ DW_AT_high_pc
	.byte	6                               @ DW_FORM_data4
	.byte	0                               @ EOM(1)
	.byte	0                               @ EOM(2)
	.byte	2                               @ Abbreviation Code
	.byte	52                              @ DW_TAG_variable
	.byte	0                               @ DW_CHILDREN_no
	.byte	3                               @ DW_AT_name
	.byte	14                              @ DW_FORM_strp
	.byte	73                              @ DW_AT_type
	.byte	19                              @ DW_FORM_ref4
	.byte	58                              @ DW_AT_decl_file
	.byte	11                              @ DW_FORM_data1
	.byte	59                              @ DW_AT_decl_line
	.byte	11                              @ DW_FORM_data1
	.byte	2                               @ DW_AT_location
	.byte	24                              @ DW_FORM_exprloc
	.byte	0                               @ EOM(1)
	.byte	0                               @ EOM(2)
	.byte	3                               @ Abbreviation Code
	.byte	1                               @ DW_TAG_array_type
	.byte	1                               @ DW_CHILDREN_yes
	.byte	73                              @ DW_AT_type
	.byte	19                              @ DW_FORM_ref4
	.byte	0                               @ EOM(1)
	.byte	0                               @ EOM(2)
	.byte	4                               @ Abbreviation Code
	.byte	33                              @ DW_TAG_subrange_type
	.byte	0                               @ DW_CHILDREN_no
	.byte	73                              @ DW_AT_type
	.byte	19                              @ DW_FORM_ref4
	.byte	55                              @ DW_AT_count
	.byte	11                              @ DW_FORM_data1
	.byte	0                               @ EOM(1)
	.byte	0                               @ EOM(2)
	.byte	5                               @ Abbreviation Code
	.byte	22                              @ DW_TAG_typedef
	.byte	0                               @ DW_CHILDREN_no
	.byte	73                              @ DW_AT_type
	.byte	19                              @ DW_FORM_ref4
	.byte	3                               @ DW_AT_name
	.byte	14                              @ DW_FORM_strp
	.byte	58                              @ DW_AT_decl_file
	.byte	11                              @ DW_FORM_data1
	.byte	59                              @ DW_AT_decl_line
	.byte	11                              @ DW_FORM_data1
	.byte	0                               @ EOM(1)
	.byte	0                               @ EOM(2)
	.byte	6                               @ Abbreviation Code
	.byte	15                              @ DW_TAG_pointer_type
	.byte	0                               @ DW_CHILDREN_no
	.byte	73                              @ DW_AT_type
	.byte	19                              @ DW_FORM_ref4
	.byte	0                               @ EOM(1)
	.byte	0                               @ EOM(2)
	.byte	7                               @ Abbreviation Code
	.byte	21                              @ DW_TAG_subroutine_type
	.byte	0                               @ DW_CHILDREN_no
	.byte	39                              @ DW_AT_prototyped
	.byte	25                              @ DW_FORM_flag_present
	.byte	0                               @ EOM(1)
	.byte	0                               @ EOM(2)
	.byte	8                               @ Abbreviation Code
	.byte	36                              @ DW_TAG_base_type
	.byte	0                               @ DW_CHILDREN_no
	.byte	3                               @ DW_AT_name
	.byte	14                              @ DW_FORM_strp
	.byte	11                              @ DW_AT_byte_size
	.byte	11                              @ DW_FORM_data1
	.byte	62                              @ DW_AT_encoding
	.byte	11                              @ DW_FORM_data1
	.byte	0                               @ EOM(1)
	.byte	0                               @ EOM(2)
	.byte	9                               @ Abbreviation Code
	.byte	4                               @ DW_TAG_enumeration_type
	.byte	1                               @ DW_CHILDREN_yes
	.byte	73                              @ DW_AT_type
	.byte	19                              @ DW_FORM_ref4
	.byte	3                               @ DW_AT_name
	.byte	14                              @ DW_FORM_strp
	.byte	11                              @ DW_AT_byte_size
	.byte	11                              @ DW_FORM_data1
	.byte	58                              @ DW_AT_decl_file
	.byte	11                              @ DW_FORM_data1
	.byte	59                              @ DW_AT_decl_line
	.byte	11                              @ DW_FORM_data1
	.byte	0                               @ EOM(1)
	.byte	0                               @ EOM(2)
	.byte	10                              @ Abbreviation Code
	.byte	40                              @ DW_TAG_enumerator
	.byte	0                               @ DW_CHILDREN_no
	.byte	3                               @ DW_AT_name
	.byte	14                              @ DW_FORM_strp
	.byte	28                              @ DW_AT_const_value
	.byte	15                              @ DW_FORM_udata
	.byte	0                               @ EOM(1)
	.byte	0                               @ EOM(2)
	.byte	11                              @ Abbreviation Code
	.byte	36                              @ DW_TAG_base_type
	.byte	0                               @ DW_CHILDREN_no
	.byte	3                               @ DW_AT_name
	.byte	14                              @ DW_FORM_strp
	.byte	62                              @ DW_AT_encoding
	.byte	11                              @ DW_FORM_data1
	.byte	11                              @ DW_AT_byte_size
	.byte	11                              @ DW_FORM_data1
	.byte	0                               @ EOM(1)
	.byte	0                               @ EOM(2)
	.byte	12                              @ Abbreviation Code
	.byte	4                               @ DW_TAG_enumeration_type
	.byte	1                               @ DW_CHILDREN_yes
	.byte	73                              @ DW_AT_type
	.byte	19                              @ DW_FORM_ref4
	.byte	3                               @ DW_AT_name
	.byte	14                              @ DW_FORM_strp
	.byte	11                              @ DW_AT_byte_size
	.byte	11                              @ DW_FORM_data1
	.byte	58                              @ DW_AT_decl_file
	.byte	11                              @ DW_FORM_data1
	.byte	59                              @ DW_AT_decl_line
	.byte	5                               @ DW_FORM_data2
	.byte	0                               @ EOM(1)
	.byte	0                               @ EOM(2)
	.byte	13                              @ Abbreviation Code
	.byte	19                              @ DW_TAG_structure_type
	.byte	1                               @ DW_CHILDREN_yes
	.byte	3                               @ DW_AT_name
	.byte	14                              @ DW_FORM_strp
	.byte	11                              @ DW_AT_byte_size
	.byte	11                              @ DW_FORM_data1
	.byte	58                              @ DW_AT_decl_file
	.byte	11                              @ DW_FORM_data1
	.byte	59                              @ DW_AT_decl_line
	.byte	11                              @ DW_FORM_data1
	.byte	0                               @ EOM(1)
	.byte	0                               @ EOM(2)
	.byte	14                              @ Abbreviation Code
	.byte	13                              @ DW_TAG_member
	.byte	0                               @ DW_CHILDREN_no
	.byte	3                               @ DW_AT_name
	.byte	14                              @ DW_FORM_strp
	.byte	73                              @ DW_AT_type
	.byte	19                              @ DW_FORM_ref4
	.byte	58                              @ DW_AT_decl_file
	.byte	11                              @ DW_FORM_data1
	.byte	59                              @ DW_AT_decl_line
	.byte	11                              @ DW_FORM_data1
	.byte	56                              @ DW_AT_data_member_location
	.byte	11                              @ DW_FORM_data1
	.byte	0                               @ EOM(1)
	.byte	0                               @ EOM(2)
	.byte	15                              @ Abbreviation Code
	.byte	21                              @ DW_TAG_subroutine_type
	.byte	1                               @ DW_CHILDREN_yes
	.byte	39                              @ DW_AT_prototyped
	.byte	25                              @ DW_FORM_flag_present
	.byte	0                               @ EOM(1)
	.byte	0                               @ EOM(2)
	.byte	16                              @ Abbreviation Code
	.byte	5                               @ DW_TAG_formal_parameter
	.byte	0                               @ DW_CHILDREN_no
	.byte	73                              @ DW_AT_type
	.byte	19                              @ DW_FORM_ref4
	.byte	0                               @ EOM(1)
	.byte	0                               @ EOM(2)
	.byte	17                              @ Abbreviation Code
	.byte	46                              @ DW_TAG_subprogram
	.byte	1                               @ DW_CHILDREN_yes
	.byte	3                               @ DW_AT_name
	.byte	14                              @ DW_FORM_strp
	.byte	58                              @ DW_AT_decl_file
	.byte	11                              @ DW_FORM_data1
	.byte	59                              @ DW_AT_decl_line
	.byte	5                               @ DW_FORM_data2
	.byte	39                              @ DW_AT_prototyped
	.byte	25                              @ DW_FORM_flag_present
	.byte	73                              @ DW_AT_type
	.byte	19                              @ DW_FORM_ref4
	.byte	32                              @ DW_AT_inline
	.byte	11                              @ DW_FORM_data1
	.byte	0                               @ EOM(1)
	.byte	0                               @ EOM(2)
	.byte	18                              @ Abbreviation Code
	.byte	5                               @ DW_TAG_formal_parameter
	.byte	0                               @ DW_CHILDREN_no
	.byte	3                               @ DW_AT_name
	.byte	14                              @ DW_FORM_strp
	.byte	58                              @ DW_AT_decl_file
	.byte	11                              @ DW_FORM_data1
	.byte	59                              @ DW_AT_decl_line
	.byte	5                               @ DW_FORM_data2
	.byte	73                              @ DW_AT_type
	.byte	19                              @ DW_FORM_ref4
	.byte	0                               @ EOM(1)
	.byte	0                               @ EOM(2)
	.byte	19                              @ Abbreviation Code
	.byte	11                              @ DW_TAG_lexical_block
	.byte	1                               @ DW_CHILDREN_yes
	.byte	0                               @ EOM(1)
	.byte	0                               @ EOM(2)
	.byte	20                              @ Abbreviation Code
	.byte	52                              @ DW_TAG_variable
	.byte	0                               @ DW_CHILDREN_no
	.byte	3                               @ DW_AT_name
	.byte	14                              @ DW_FORM_strp
	.byte	58                              @ DW_AT_decl_file
	.byte	11                              @ DW_FORM_data1
	.byte	59                              @ DW_AT_decl_line
	.byte	5                               @ DW_FORM_data2
	.byte	73                              @ DW_AT_type
	.byte	19                              @ DW_FORM_ref4
	.byte	0                               @ EOM(1)
	.byte	0                               @ EOM(2)
	.byte	21                              @ Abbreviation Code
	.byte	38                              @ DW_TAG_const_type
	.byte	0                               @ DW_CHILDREN_no
	.byte	73                              @ DW_AT_type
	.byte	19                              @ DW_FORM_ref4
	.byte	0                               @ EOM(1)
	.byte	0                               @ EOM(2)
	.byte	22                              @ Abbreviation Code
	.byte	46                              @ DW_TAG_subprogram
	.byte	1                               @ DW_CHILDREN_yes
	.byte	3                               @ DW_AT_name
	.byte	14                              @ DW_FORM_strp
	.byte	58                              @ DW_AT_decl_file
	.byte	11                              @ DW_FORM_data1
	.byte	59                              @ DW_AT_decl_line
	.byte	11                              @ DW_FORM_data1
	.byte	39                              @ DW_AT_prototyped
	.byte	25                              @ DW_FORM_flag_present
	.byte	73                              @ DW_AT_type
	.byte	19                              @ DW_FORM_ref4
	.byte	32                              @ DW_AT_inline
	.byte	11                              @ DW_FORM_data1
	.byte	0                               @ EOM(1)
	.byte	0                               @ EOM(2)
	.byte	23                              @ Abbreviation Code
	.byte	5                               @ DW_TAG_formal_parameter
	.byte	0                               @ DW_CHILDREN_no
	.byte	3                               @ DW_AT_name
	.byte	14                              @ DW_FORM_strp
	.byte	58                              @ DW_AT_decl_file
	.byte	11                              @ DW_FORM_data1
	.byte	59                              @ DW_AT_decl_line
	.byte	11                              @ DW_FORM_data1
	.byte	73                              @ DW_AT_type
	.byte	19                              @ DW_FORM_ref4
	.byte	0                               @ EOM(1)
	.byte	0                               @ EOM(2)
	.byte	24                              @ Abbreviation Code
	.byte	46                              @ DW_TAG_subprogram
	.byte	1                               @ DW_CHILDREN_yes
	.byte	3                               @ DW_AT_name
	.byte	14                              @ DW_FORM_strp
	.byte	58                              @ DW_AT_decl_file
	.byte	11                              @ DW_FORM_data1
	.byte	59                              @ DW_AT_decl_line
	.byte	11                              @ DW_FORM_data1
	.byte	39                              @ DW_AT_prototyped
	.byte	25                              @ DW_FORM_flag_present
	.byte	32                              @ DW_AT_inline
	.byte	11                              @ DW_FORM_data1
	.byte	0                               @ EOM(1)
	.byte	0                               @ EOM(2)
	.byte	25                              @ Abbreviation Code
	.byte	52                              @ DW_TAG_variable
	.byte	0                               @ DW_CHILDREN_no
	.byte	3                               @ DW_AT_name
	.byte	14                              @ DW_FORM_strp
	.byte	58                              @ DW_AT_decl_file
	.byte	11                              @ DW_FORM_data1
	.byte	59                              @ DW_AT_decl_line
	.byte	11                              @ DW_FORM_data1
	.byte	73                              @ DW_AT_type
	.byte	19                              @ DW_FORM_ref4
	.byte	0                               @ EOM(1)
	.byte	0                               @ EOM(2)
	.byte	26                              @ Abbreviation Code
	.byte	38                              @ DW_TAG_const_type
	.byte	0                               @ DW_CHILDREN_no
	.byte	0                               @ EOM(1)
	.byte	0                               @ EOM(2)
	.byte	27                              @ Abbreviation Code
	.byte	46                              @ DW_TAG_subprogram
	.byte	1                               @ DW_CHILDREN_yes
	.byte	17                              @ DW_AT_low_pc
	.byte	1                               @ DW_FORM_addr
	.byte	18                              @ DW_AT_high_pc
	.byte	6                               @ DW_FORM_data4
	.byte	64                              @ DW_AT_frame_base
	.byte	24                              @ DW_FORM_exprloc
	.ascii	"\227B"                         @ DW_AT_GNU_all_call_sites
	.byte	25                              @ DW_FORM_flag_present
	.byte	3                               @ DW_AT_name
	.byte	14                              @ DW_FORM_strp
	.byte	58                              @ DW_AT_decl_file
	.byte	11                              @ DW_FORM_data1
	.byte	59                              @ DW_AT_decl_line
	.byte	5                               @ DW_FORM_data2
	.byte	39                              @ DW_AT_prototyped
	.byte	25                              @ DW_FORM_flag_present
	.byte	73                              @ DW_AT_type
	.byte	19                              @ DW_FORM_ref4
	.byte	63                              @ DW_AT_external
	.byte	25                              @ DW_FORM_flag_present
	.byte	0                               @ EOM(1)
	.byte	0                               @ EOM(2)
	.byte	28                              @ Abbreviation Code
	.byte	5                               @ DW_TAG_formal_parameter
	.byte	0                               @ DW_CHILDREN_no
	.byte	2                               @ DW_AT_location
	.byte	23                              @ DW_FORM_sec_offset
	.byte	3                               @ DW_AT_name
	.byte	14                              @ DW_FORM_strp
	.byte	58                              @ DW_AT_decl_file
	.byte	11                              @ DW_FORM_data1
	.byte	59                              @ DW_AT_decl_line
	.byte	5                               @ DW_FORM_data2
	.byte	73                              @ DW_AT_type
	.byte	19                              @ DW_FORM_ref4
	.byte	0                               @ EOM(1)
	.byte	0                               @ EOM(2)
	.byte	29                              @ Abbreviation Code
	.byte	5                               @ DW_TAG_formal_parameter
	.byte	0                               @ DW_CHILDREN_no
	.byte	2                               @ DW_AT_location
	.byte	24                              @ DW_FORM_exprloc
	.byte	3                               @ DW_AT_name
	.byte	14                              @ DW_FORM_strp
	.byte	58                              @ DW_AT_decl_file
	.byte	11                              @ DW_FORM_data1
	.byte	59                              @ DW_AT_decl_line
	.byte	5                               @ DW_FORM_data2
	.byte	73                              @ DW_AT_type
	.byte	19                              @ DW_FORM_ref4
	.byte	0                               @ EOM(1)
	.byte	0                               @ EOM(2)
	.byte	30                              @ Abbreviation Code
	.byte	29                              @ DW_TAG_inlined_subroutine
	.byte	1                               @ DW_CHILDREN_yes
	.byte	49                              @ DW_AT_abstract_origin
	.byte	19                              @ DW_FORM_ref4
	.byte	85                              @ DW_AT_ranges
	.byte	23                              @ DW_FORM_sec_offset
	.byte	88                              @ DW_AT_call_file
	.byte	11                              @ DW_FORM_data1
	.byte	89                              @ DW_AT_call_line
	.byte	5                               @ DW_FORM_data2
	.byte	87                              @ DW_AT_call_column
	.byte	11                              @ DW_FORM_data1
	.byte	0                               @ EOM(1)
	.byte	0                               @ EOM(2)
	.byte	31                              @ Abbreviation Code
	.byte	5                               @ DW_TAG_formal_parameter
	.byte	0                               @ DW_CHILDREN_no
	.byte	2                               @ DW_AT_location
	.byte	23                              @ DW_FORM_sec_offset
	.byte	49                              @ DW_AT_abstract_origin
	.byte	19                              @ DW_FORM_ref4
	.byte	0                               @ EOM(1)
	.byte	0                               @ EOM(2)
	.byte	32                              @ Abbreviation Code
	.byte	11                              @ DW_TAG_lexical_block
	.byte	1                               @ DW_CHILDREN_yes
	.byte	85                              @ DW_AT_ranges
	.byte	23                              @ DW_FORM_sec_offset
	.byte	0                               @ EOM(1)
	.byte	0                               @ EOM(2)
	.byte	33                              @ Abbreviation Code
	.byte	52                              @ DW_TAG_variable
	.byte	0                               @ DW_CHILDREN_no
	.byte	2                               @ DW_AT_location
	.byte	23                              @ DW_FORM_sec_offset
	.byte	49                              @ DW_AT_abstract_origin
	.byte	19                              @ DW_FORM_ref4
	.byte	0                               @ EOM(1)
	.byte	0                               @ EOM(2)
	.byte	34                              @ Abbreviation Code
	.byte	11                              @ DW_TAG_lexical_block
	.byte	1                               @ DW_CHILDREN_yes
	.byte	17                              @ DW_AT_low_pc
	.byte	1                               @ DW_FORM_addr
	.byte	18                              @ DW_AT_high_pc
	.byte	6                               @ DW_FORM_data4
	.byte	0                               @ EOM(1)
	.byte	0                               @ EOM(2)
	.byte	35                              @ Abbreviation Code
	.byte	29                              @ DW_TAG_inlined_subroutine
	.byte	1                               @ DW_CHILDREN_yes
	.byte	49                              @ DW_AT_abstract_origin
	.byte	19                              @ DW_FORM_ref4
	.byte	17                              @ DW_AT_low_pc
	.byte	1                               @ DW_FORM_addr
	.byte	18                              @ DW_AT_high_pc
	.byte	6                               @ DW_FORM_data4
	.byte	88                              @ DW_AT_call_file
	.byte	11                              @ DW_FORM_data1
	.byte	89                              @ DW_AT_call_line
	.byte	5                               @ DW_FORM_data2
	.byte	87                              @ DW_AT_call_column
	.byte	11                              @ DW_FORM_data1
	.byte	0                               @ EOM(1)
	.byte	0                               @ EOM(2)
	.byte	36                              @ Abbreviation Code
	.byte	5                               @ DW_TAG_formal_parameter
	.byte	0                               @ DW_CHILDREN_no
	.byte	2                               @ DW_AT_location
	.byte	24                              @ DW_FORM_exprloc
	.byte	49                              @ DW_AT_abstract_origin
	.byte	19                              @ DW_FORM_ref4
	.byte	0                               @ EOM(1)
	.byte	0                               @ EOM(2)
	.byte	37                              @ Abbreviation Code
	.byte	52                              @ DW_TAG_variable
	.byte	0                               @ DW_CHILDREN_no
	.byte	2                               @ DW_AT_location
	.byte	23                              @ DW_FORM_sec_offset
	.byte	3                               @ DW_AT_name
	.byte	14                              @ DW_FORM_strp
	.byte	58                              @ DW_AT_decl_file
	.byte	11                              @ DW_FORM_data1
	.byte	59                              @ DW_AT_decl_line
	.byte	5                               @ DW_FORM_data2
	.byte	73                              @ DW_AT_type
	.byte	19                              @ DW_FORM_ref4
	.byte	0                               @ EOM(1)
	.byte	0                               @ EOM(2)
	.byte	38                              @ Abbreviation Code
	.byte	52                              @ DW_TAG_variable
	.byte	0                               @ DW_CHILDREN_no
	.byte	2                               @ DW_AT_location
	.byte	24                              @ DW_FORM_exprloc
	.byte	49                              @ DW_AT_abstract_origin
	.byte	19                              @ DW_FORM_ref4
	.byte	0                               @ EOM(1)
	.byte	0                               @ EOM(2)
	.byte	39                              @ Abbreviation Code
	.byte	46                              @ DW_TAG_subprogram
	.byte	1                               @ DW_CHILDREN_yes
	.byte	17                              @ DW_AT_low_pc
	.byte	1                               @ DW_FORM_addr
	.byte	18                              @ DW_AT_high_pc
	.byte	6                               @ DW_FORM_data4
	.byte	64                              @ DW_AT_frame_base
	.byte	24                              @ DW_FORM_exprloc
	.ascii	"\227B"                         @ DW_AT_GNU_all_call_sites
	.byte	25                              @ DW_FORM_flag_present
	.byte	3                               @ DW_AT_name
	.byte	14                              @ DW_FORM_strp
	.byte	58                              @ DW_AT_decl_file
	.byte	11                              @ DW_FORM_data1
	.byte	59                              @ DW_AT_decl_line
	.byte	11                              @ DW_FORM_data1
	.byte	39                              @ DW_AT_prototyped
	.byte	25                              @ DW_FORM_flag_present
	.byte	0                               @ EOM(1)
	.byte	0                               @ EOM(2)
	.byte	40                              @ Abbreviation Code
	.byte	5                               @ DW_TAG_formal_parameter
	.byte	0                               @ DW_CHILDREN_no
	.byte	2                               @ DW_AT_location
	.byte	23                              @ DW_FORM_sec_offset
	.byte	3                               @ DW_AT_name
	.byte	14                              @ DW_FORM_strp
	.byte	58                              @ DW_AT_decl_file
	.byte	11                              @ DW_FORM_data1
	.byte	59                              @ DW_AT_decl_line
	.byte	11                              @ DW_FORM_data1
	.byte	73                              @ DW_AT_type
	.byte	19                              @ DW_FORM_ref4
	.byte	0                               @ EOM(1)
	.byte	0                               @ EOM(2)
	.byte	41                              @ Abbreviation Code
	.byte	52                              @ DW_TAG_variable
	.byte	0                               @ DW_CHILDREN_no
	.byte	2                               @ DW_AT_location
	.byte	23                              @ DW_FORM_sec_offset
	.byte	3                               @ DW_AT_name
	.byte	14                              @ DW_FORM_strp
	.byte	58                              @ DW_AT_decl_file
	.byte	11                              @ DW_FORM_data1
	.byte	59                              @ DW_AT_decl_line
	.byte	11                              @ DW_FORM_data1
	.byte	73                              @ DW_AT_type
	.byte	19                              @ DW_FORM_ref4
	.byte	0                               @ EOM(1)
	.byte	0                               @ EOM(2)
	.byte	42                              @ Abbreviation Code
	.byte	46                              @ DW_TAG_subprogram
	.byte	1                               @ DW_CHILDREN_yes
	.byte	17                              @ DW_AT_low_pc
	.byte	1                               @ DW_FORM_addr
	.byte	18                              @ DW_AT_high_pc
	.byte	6                               @ DW_FORM_data4
	.byte	64                              @ DW_AT_frame_base
	.byte	24                              @ DW_FORM_exprloc
	.ascii	"\227B"                         @ DW_AT_GNU_all_call_sites
	.byte	25                              @ DW_FORM_flag_present
	.byte	3                               @ DW_AT_name
	.byte	14                              @ DW_FORM_strp
	.byte	58                              @ DW_AT_decl_file
	.byte	11                              @ DW_FORM_data1
	.byte	59                              @ DW_AT_decl_line
	.byte	5                               @ DW_FORM_data2
	.byte	39                              @ DW_AT_prototyped
	.byte	25                              @ DW_FORM_flag_present
	.byte	63                              @ DW_AT_external
	.byte	25                              @ DW_FORM_flag_present
	.byte	0                               @ EOM(1)
	.byte	0                               @ EOM(2)
	.byte	43                              @ Abbreviation Code
	.byte	46                              @ DW_TAG_subprogram
	.byte	0                               @ DW_CHILDREN_no
	.byte	17                              @ DW_AT_low_pc
	.byte	1                               @ DW_FORM_addr
	.byte	18                              @ DW_AT_high_pc
	.byte	6                               @ DW_FORM_data4
	.byte	64                              @ DW_AT_frame_base
	.byte	24                              @ DW_FORM_exprloc
	.ascii	"\227B"                         @ DW_AT_GNU_all_call_sites
	.byte	25                              @ DW_FORM_flag_present
	.byte	3                               @ DW_AT_name
	.byte	14                              @ DW_FORM_strp
	.byte	58                              @ DW_AT_decl_file
	.byte	11                              @ DW_FORM_data1
	.byte	59                              @ DW_AT_decl_line
	.byte	11                              @ DW_FORM_data1
	.byte	39                              @ DW_AT_prototyped
	.byte	25                              @ DW_FORM_flag_present
	.byte	0                               @ EOM(1)
	.byte	0                               @ EOM(2)
	.byte	44                              @ Abbreviation Code
	.byte	52                              @ DW_TAG_variable
	.byte	0                               @ DW_CHILDREN_no
	.byte	2                               @ DW_AT_location
	.byte	24                              @ DW_FORM_exprloc
	.byte	3                               @ DW_AT_name
	.byte	14                              @ DW_FORM_strp
	.byte	58                              @ DW_AT_decl_file
	.byte	11                              @ DW_FORM_data1
	.byte	59                              @ DW_AT_decl_line
	.byte	5                               @ DW_FORM_data2
	.byte	73                              @ DW_AT_type
	.byte	19                              @ DW_FORM_ref4
	.byte	0                               @ EOM(1)
	.byte	0                               @ EOM(2)
	.byte	0                               @ EOM(3)
	.section	.debug_info,"",%progbits
.Lcu_begin0:
	.long	.Ldebug_info_end0-.Ldebug_info_start0 @ Length of Unit
.Ldebug_info_start0:
	.short	4                               @ DWARF version number
	.long	.debug_abbrev                   @ Offset Into Abbrev. Section
	.byte	4                               @ Address Size (in bytes)
	.byte	1                               @ Abbrev [1] 0xb:0x706 DW_TAG_compile_unit
	.long	.Linfo_string0                  @ DW_AT_producer
	.short	12                              @ DW_AT_language
	.long	.Linfo_string1                  @ DW_AT_name
	.long	.Lline_table_start0             @ DW_AT_stmt_list
	.long	.Linfo_string2                  @ DW_AT_comp_dir
	.long	.Lfunc_begin0                   @ DW_AT_low_pc
	.long	.Lfunc_end7-.Lfunc_begin0       @ DW_AT_high_pc
	.byte	2                               @ Abbrev [2] 0x26:0x11 DW_TAG_variable
	.long	.Linfo_string3                  @ DW_AT_name
	.long	55                              @ DW_AT_type
	.byte	2                               @ DW_AT_decl_file
	.byte	100                             @ DW_AT_decl_line
	.byte	5                               @ DW_AT_location
	.byte	3
	.long	.L_MergedGlobals
	.byte	3                               @ Abbrev [3] 0x37:0xc DW_TAG_array_type
	.long	67                              @ DW_AT_type
	.byte	4                               @ Abbrev [4] 0x3c:0x6 DW_TAG_subrange_type
	.long	84                              @ DW_AT_type
	.byte	10                              @ DW_AT_count
	.byte	0                               @ End Of Children Mark
	.byte	5                               @ Abbrev [5] 0x43:0xb DW_TAG_typedef
	.long	78                              @ DW_AT_type
	.long	.Linfo_string4                  @ DW_AT_name
	.byte	1                               @ DW_AT_decl_file
	.byte	58                              @ DW_AT_decl_line
	.byte	6                               @ Abbrev [6] 0x4e:0x5 DW_TAG_pointer_type
	.long	83                              @ DW_AT_type
	.byte	7                               @ Abbrev [7] 0x53:0x1 DW_TAG_subroutine_type
                                        @ DW_AT_prototyped
	.byte	8                               @ Abbrev [8] 0x54:0x7 DW_TAG_base_type
	.long	.Linfo_string5                  @ DW_AT_name
	.byte	8                               @ DW_AT_byte_size
	.byte	7                               @ DW_AT_encoding
	.byte	2                               @ Abbrev [2] 0x5b:0x13 DW_TAG_variable
	.long	.Linfo_string6                  @ DW_AT_name
	.long	55                              @ DW_AT_type
	.byte	2                               @ DW_AT_decl_file
	.byte	103                             @ DW_AT_decl_line
	.byte	7                               @ DW_AT_location
	.byte	3
	.long	.L_MergedGlobals
	.byte	35
	.byte	40
	.byte	9                               @ Abbrev [9] 0x6e:0x19 DW_TAG_enumeration_type
	.long	135                             @ DW_AT_type
	.long	.Linfo_string10                 @ DW_AT_name
	.byte	1                               @ DW_AT_byte_size
	.byte	3                               @ DW_AT_decl_file
	.byte	76                              @ DW_AT_decl_line
	.byte	10                              @ Abbrev [10] 0x7a:0x6 DW_TAG_enumerator
	.long	.Linfo_string8                  @ DW_AT_name
	.byte	0                               @ DW_AT_const_value
	.byte	10                              @ Abbrev [10] 0x80:0x6 DW_TAG_enumerator
	.long	.Linfo_string9                  @ DW_AT_name
	.byte	1                               @ DW_AT_const_value
	.byte	0                               @ End Of Children Mark
	.byte	11                              @ Abbrev [11] 0x87:0x7 DW_TAG_base_type
	.long	.Linfo_string7                  @ DW_AT_name
	.byte	8                               @ DW_AT_encoding
	.byte	1                               @ DW_AT_byte_size
	.byte	9                               @ Abbrev [9] 0x8e:0x1f DW_TAG_enumeration_type
	.long	135                             @ DW_AT_type
	.long	.Linfo_string14                 @ DW_AT_name
	.byte	1                               @ DW_AT_byte_size
	.byte	4                               @ DW_AT_decl_file
	.byte	96                              @ DW_AT_decl_line
	.byte	10                              @ Abbrev [10] 0x9a:0x6 DW_TAG_enumerator
	.long	.Linfo_string11                 @ DW_AT_name
	.byte	0                               @ DW_AT_const_value
	.byte	10                              @ Abbrev [10] 0xa0:0x6 DW_TAG_enumerator
	.long	.Linfo_string12                 @ DW_AT_name
	.byte	1                               @ DW_AT_const_value
	.byte	10                              @ Abbrev [10] 0xa6:0x6 DW_TAG_enumerator
	.long	.Linfo_string13                 @ DW_AT_name
	.byte	2                               @ DW_AT_const_value
	.byte	0                               @ End Of Children Mark
	.byte	9                               @ Abbrev [9] 0xad:0xa0 DW_TAG_enumeration_type
	.long	333                             @ DW_AT_type
	.long	.Linfo_string37                 @ DW_AT_name
	.byte	2                               @ DW_AT_byte_size
	.byte	5                               @ DW_AT_decl_file
	.byte	194                             @ DW_AT_decl_line
	.byte	10                              @ Abbrev [10] 0xb9:0x7 DW_TAG_enumerator
	.long	.Linfo_string16                 @ DW_AT_name
	.ascii	"\200\b"                        @ DW_AT_const_value
	.byte	10                              @ Abbrev [10] 0xc0:0x7 DW_TAG_enumerator
	.long	.Linfo_string17                 @ DW_AT_name
	.ascii	"\201\b"                        @ DW_AT_const_value
	.byte	10                              @ Abbrev [10] 0xc7:0x7 DW_TAG_enumerator
	.long	.Linfo_string18                 @ DW_AT_name
	.ascii	"\202\b"                        @ DW_AT_const_value
	.byte	10                              @ Abbrev [10] 0xce:0x7 DW_TAG_enumerator
	.long	.Linfo_string19                 @ DW_AT_name
	.ascii	"\203\b"                        @ DW_AT_const_value
	.byte	10                              @ Abbrev [10] 0xd5:0x7 DW_TAG_enumerator
	.long	.Linfo_string20                 @ DW_AT_name
	.ascii	"\204\b"                        @ DW_AT_const_value
	.byte	10                              @ Abbrev [10] 0xdc:0x7 DW_TAG_enumerator
	.long	.Linfo_string21                 @ DW_AT_name
	.ascii	"\205\b"                        @ DW_AT_const_value
	.byte	10                              @ Abbrev [10] 0xe3:0x7 DW_TAG_enumerator
	.long	.Linfo_string22                 @ DW_AT_name
	.ascii	"\206\b"                        @ DW_AT_const_value
	.byte	10                              @ Abbrev [10] 0xea:0x7 DW_TAG_enumerator
	.long	.Linfo_string23                 @ DW_AT_name
	.ascii	"\207\b"                        @ DW_AT_const_value
	.byte	10                              @ Abbrev [10] 0xf1:0x7 DW_TAG_enumerator
	.long	.Linfo_string24                 @ DW_AT_name
	.ascii	"\210\b"                        @ DW_AT_const_value
	.byte	10                              @ Abbrev [10] 0xf8:0x7 DW_TAG_enumerator
	.long	.Linfo_string25                 @ DW_AT_name
	.ascii	"\211\b"                        @ DW_AT_const_value
	.byte	10                              @ Abbrev [10] 0xff:0x7 DW_TAG_enumerator
	.long	.Linfo_string26                 @ DW_AT_name
	.ascii	"\212\b"                        @ DW_AT_const_value
	.byte	10                              @ Abbrev [10] 0x106:0x7 DW_TAG_enumerator
	.long	.Linfo_string27                 @ DW_AT_name
	.ascii	"\213\b"                        @ DW_AT_const_value
	.byte	10                              @ Abbrev [10] 0x10d:0x7 DW_TAG_enumerator
	.long	.Linfo_string28                 @ DW_AT_name
	.ascii	"\214\b"                        @ DW_AT_const_value
	.byte	10                              @ Abbrev [10] 0x114:0x7 DW_TAG_enumerator
	.long	.Linfo_string29                 @ DW_AT_name
	.ascii	"\215\b"                        @ DW_AT_const_value
	.byte	10                              @ Abbrev [10] 0x11b:0x7 DW_TAG_enumerator
	.long	.Linfo_string30                 @ DW_AT_name
	.ascii	"\215\b"                        @ DW_AT_const_value
	.byte	10                              @ Abbrev [10] 0x122:0x7 DW_TAG_enumerator
	.long	.Linfo_string31                 @ DW_AT_name
	.ascii	"\216\b"                        @ DW_AT_const_value
	.byte	10                              @ Abbrev [10] 0x129:0x7 DW_TAG_enumerator
	.long	.Linfo_string32                 @ DW_AT_name
	.ascii	"\217\b"                        @ DW_AT_const_value
	.byte	10                              @ Abbrev [10] 0x130:0x7 DW_TAG_enumerator
	.long	.Linfo_string33                 @ DW_AT_name
	.ascii	"\220\b"                        @ DW_AT_const_value
	.byte	10                              @ Abbrev [10] 0x137:0x7 DW_TAG_enumerator
	.long	.Linfo_string34                 @ DW_AT_name
	.ascii	"\221\b"                        @ DW_AT_const_value
	.byte	10                              @ Abbrev [10] 0x13e:0x7 DW_TAG_enumerator
	.long	.Linfo_string35                 @ DW_AT_name
	.ascii	"\222\b"                        @ DW_AT_const_value
	.byte	10                              @ Abbrev [10] 0x145:0x7 DW_TAG_enumerator
	.long	.Linfo_string36                 @ DW_AT_name
	.ascii	"\222\b"                        @ DW_AT_const_value
	.byte	0                               @ End Of Children Mark
	.byte	11                              @ Abbrev [11] 0x14d:0x7 DW_TAG_base_type
	.long	.Linfo_string15                 @ DW_AT_name
	.byte	7                               @ DW_AT_encoding
	.byte	2                               @ DW_AT_byte_size
	.byte	12                              @ Abbrev [12] 0x154:0x81 DW_TAG_enumeration_type
	.long	135                             @ DW_AT_type
	.long	.Linfo_string57                 @ DW_AT_name
	.byte	1                               @ DW_AT_byte_size
	.byte	6                               @ DW_AT_decl_file
	.short	466                             @ DW_AT_decl_line
	.byte	10                              @ Abbrev [10] 0x161:0x6 DW_TAG_enumerator
	.long	.Linfo_string38                 @ DW_AT_name
	.byte	0                               @ DW_AT_const_value
	.byte	10                              @ Abbrev [10] 0x167:0x6 DW_TAG_enumerator
	.long	.Linfo_string39                 @ DW_AT_name
	.byte	1                               @ DW_AT_const_value
	.byte	10                              @ Abbrev [10] 0x16d:0x6 DW_TAG_enumerator
	.long	.Linfo_string40                 @ DW_AT_name
	.byte	2                               @ DW_AT_const_value
	.byte	10                              @ Abbrev [10] 0x173:0x6 DW_TAG_enumerator
	.long	.Linfo_string41                 @ DW_AT_name
	.byte	3                               @ DW_AT_const_value
	.byte	10                              @ Abbrev [10] 0x179:0x6 DW_TAG_enumerator
	.long	.Linfo_string42                 @ DW_AT_name
	.byte	4                               @ DW_AT_const_value
	.byte	10                              @ Abbrev [10] 0x17f:0x6 DW_TAG_enumerator
	.long	.Linfo_string43                 @ DW_AT_name
	.byte	5                               @ DW_AT_const_value
	.byte	10                              @ Abbrev [10] 0x185:0x6 DW_TAG_enumerator
	.long	.Linfo_string44                 @ DW_AT_name
	.byte	6                               @ DW_AT_const_value
	.byte	10                              @ Abbrev [10] 0x18b:0x6 DW_TAG_enumerator
	.long	.Linfo_string45                 @ DW_AT_name
	.byte	7                               @ DW_AT_const_value
	.byte	10                              @ Abbrev [10] 0x191:0x6 DW_TAG_enumerator
	.long	.Linfo_string46                 @ DW_AT_name
	.byte	8                               @ DW_AT_const_value
	.byte	10                              @ Abbrev [10] 0x197:0x6 DW_TAG_enumerator
	.long	.Linfo_string47                 @ DW_AT_name
	.byte	9                               @ DW_AT_const_value
	.byte	10                              @ Abbrev [10] 0x19d:0x6 DW_TAG_enumerator
	.long	.Linfo_string48                 @ DW_AT_name
	.byte	10                              @ DW_AT_const_value
	.byte	10                              @ Abbrev [10] 0x1a3:0x6 DW_TAG_enumerator
	.long	.Linfo_string49                 @ DW_AT_name
	.byte	11                              @ DW_AT_const_value
	.byte	10                              @ Abbrev [10] 0x1a9:0x6 DW_TAG_enumerator
	.long	.Linfo_string50                 @ DW_AT_name
	.byte	12                              @ DW_AT_const_value
	.byte	10                              @ Abbrev [10] 0x1af:0x6 DW_TAG_enumerator
	.long	.Linfo_string51                 @ DW_AT_name
	.byte	13                              @ DW_AT_const_value
	.byte	10                              @ Abbrev [10] 0x1b5:0x6 DW_TAG_enumerator
	.long	.Linfo_string52                 @ DW_AT_name
	.byte	14                              @ DW_AT_const_value
	.byte	10                              @ Abbrev [10] 0x1bb:0x6 DW_TAG_enumerator
	.long	.Linfo_string53                 @ DW_AT_name
	.byte	15                              @ DW_AT_const_value
	.byte	10                              @ Abbrev [10] 0x1c1:0x6 DW_TAG_enumerator
	.long	.Linfo_string54                 @ DW_AT_name
	.byte	25                              @ DW_AT_const_value
	.byte	10                              @ Abbrev [10] 0x1c7:0x6 DW_TAG_enumerator
	.long	.Linfo_string55                 @ DW_AT_name
	.byte	26                              @ DW_AT_const_value
	.byte	10                              @ Abbrev [10] 0x1cd:0x7 DW_TAG_enumerator
	.long	.Linfo_string56                 @ DW_AT_name
	.ascii	"\377\001"                      @ DW_AT_const_value
	.byte	0                               @ End Of Children Mark
	.byte	6                               @ Abbrev [6] 0x1d5:0x5 DW_TAG_pointer_type
	.long	474                             @ DW_AT_type
	.byte	13                              @ Abbrev [13] 0x1da:0x21 DW_TAG_structure_type
	.long	.Linfo_string64                 @ DW_AT_name
	.byte	8                               @ DW_AT_byte_size
	.byte	2                               @ DW_AT_decl_file
	.byte	87                              @ DW_AT_decl_line
	.byte	14                              @ Abbrev [14] 0x1e2:0xc DW_TAG_member
	.long	.Linfo_string58                 @ DW_AT_name
	.long	507                             @ DW_AT_type
	.byte	2                               @ DW_AT_decl_file
	.byte	89                              @ DW_AT_decl_line
	.byte	0                               @ DW_AT_data_member_location
	.byte	14                              @ Abbrev [14] 0x1ee:0xc DW_TAG_member
	.long	.Linfo_string61                 @ DW_AT_name
	.long	529                             @ DW_AT_type
	.byte	2                               @ DW_AT_decl_file
	.byte	90                              @ DW_AT_decl_line
	.byte	4                               @ DW_AT_data_member_location
	.byte	0                               @ End Of Children Mark
	.byte	5                               @ Abbrev [5] 0x1fb:0xb DW_TAG_typedef
	.long	518                             @ DW_AT_type
	.long	.Linfo_string60                 @ DW_AT_name
	.byte	1                               @ DW_AT_decl_file
	.byte	55                              @ DW_AT_decl_line
	.byte	5                               @ Abbrev [5] 0x206:0xb DW_TAG_typedef
	.long	135                             @ DW_AT_type
	.long	.Linfo_string59                 @ DW_AT_name
	.byte	7                               @ DW_AT_decl_file
	.byte	62                              @ DW_AT_decl_line
	.byte	5                               @ Abbrev [5] 0x211:0xb DW_TAG_typedef
	.long	540                             @ DW_AT_type
	.long	.Linfo_string63                 @ DW_AT_name
	.byte	7                               @ DW_AT_decl_file
	.byte	64                              @ DW_AT_decl_line
	.byte	11                              @ Abbrev [11] 0x21c:0x7 DW_TAG_base_type
	.long	.Linfo_string62                 @ DW_AT_name
	.byte	7                               @ DW_AT_encoding
	.byte	4                               @ DW_AT_byte_size
	.byte	6                               @ Abbrev [6] 0x223:0x5 DW_TAG_pointer_type
	.long	552                             @ DW_AT_type
	.byte	13                              @ Abbrev [13] 0x228:0x21 DW_TAG_structure_type
	.long	.Linfo_string65                 @ DW_AT_name
	.byte	8                               @ DW_AT_byte_size
	.byte	2                               @ DW_AT_decl_file
	.byte	93                              @ DW_AT_decl_line
	.byte	14                              @ Abbrev [14] 0x230:0xc DW_TAG_member
	.long	.Linfo_string58                 @ DW_AT_name
	.long	507                             @ DW_AT_type
	.byte	2                               @ DW_AT_decl_file
	.byte	95                              @ DW_AT_decl_line
	.byte	0                               @ DW_AT_data_member_location
	.byte	14                              @ Abbrev [14] 0x23c:0xc DW_TAG_member
	.long	.Linfo_string61                 @ DW_AT_name
	.long	529                             @ DW_AT_type
	.byte	2                               @ DW_AT_decl_file
	.byte	96                              @ DW_AT_decl_line
	.byte	4                               @ DW_AT_data_member_location
	.byte	0                               @ End Of Children Mark
	.byte	6                               @ Abbrev [6] 0x249:0x5 DW_TAG_pointer_type
	.long	590                             @ DW_AT_type
	.byte	15                              @ Abbrev [15] 0x24e:0x7 DW_TAG_subroutine_type
                                        @ DW_AT_prototyped
	.byte	16                              @ Abbrev [16] 0x24f:0x5 DW_TAG_formal_parameter
	.long	507                             @ DW_AT_type
	.byte	0                               @ End Of Children Mark
	.byte	6                               @ Abbrev [6] 0x255:0x5 DW_TAG_pointer_type
	.long	602                             @ DW_AT_type
	.byte	13                              @ Abbrev [13] 0x25a:0x21 DW_TAG_structure_type
	.long	.Linfo_string66                 @ DW_AT_name
	.byte	8                               @ DW_AT_byte_size
	.byte	2                               @ DW_AT_decl_file
	.byte	81                              @ DW_AT_decl_line
	.byte	14                              @ Abbrev [14] 0x262:0xc DW_TAG_member
	.long	.Linfo_string58                 @ DW_AT_name
	.long	507                             @ DW_AT_type
	.byte	2                               @ DW_AT_decl_file
	.byte	83                              @ DW_AT_decl_line
	.byte	0                               @ DW_AT_data_member_location
	.byte	14                              @ Abbrev [14] 0x26e:0xc DW_TAG_member
	.long	.Linfo_string61                 @ DW_AT_name
	.long	529                             @ DW_AT_type
	.byte	2                               @ DW_AT_decl_file
	.byte	84                              @ DW_AT_decl_line
	.byte	4                               @ DW_AT_data_member_location
	.byte	0                               @ End Of Children Mark
	.byte	17                              @ Abbrev [17] 0x27b:0x5a DW_TAG_subprogram
	.long	.Linfo_string67                 @ DW_AT_name
	.byte	2                               @ DW_AT_decl_file
	.short	256                             @ DW_AT_decl_line
                                        @ DW_AT_prototyped
	.long	725                             @ DW_AT_type
	.byte	1                               @ DW_AT_inline
	.byte	18                              @ Abbrev [18] 0x288:0xc DW_TAG_formal_parameter
	.long	.Linfo_string69                 @ DW_AT_name
	.byte	2                               @ DW_AT_decl_file
	.short	256                             @ DW_AT_decl_line
	.long	732                             @ DW_AT_type
	.byte	18                              @ Abbrev [18] 0x294:0xc DW_TAG_formal_parameter
	.long	.Linfo_string72                 @ DW_AT_name
	.byte	2                               @ DW_AT_decl_file
	.short	257                             @ DW_AT_decl_line
	.long	759                             @ DW_AT_type
	.byte	18                              @ Abbrev [18] 0x2a0:0xc DW_TAG_formal_parameter
	.long	.Linfo_string73                 @ DW_AT_name
	.byte	2                               @ DW_AT_decl_file
	.short	258                             @ DW_AT_decl_line
	.long	769                             @ DW_AT_type
	.byte	18                              @ Abbrev [18] 0x2ac:0xc DW_TAG_formal_parameter
	.long	.Linfo_string75                 @ DW_AT_name
	.byte	2                               @ DW_AT_decl_file
	.short	259                             @ DW_AT_decl_line
	.long	769                             @ DW_AT_type
	.byte	19                              @ Abbrev [19] 0x2b8:0x1c DW_TAG_lexical_block
	.byte	20                              @ Abbrev [20] 0x2b9:0xc DW_TAG_variable
	.long	.Linfo_string76                 @ DW_AT_name
	.byte	2                               @ DW_AT_decl_file
	.short	263                             @ DW_AT_decl_line
	.long	725                             @ DW_AT_type
	.byte	19                              @ Abbrev [19] 0x2c5:0xe DW_TAG_lexical_block
	.byte	20                              @ Abbrev [20] 0x2c6:0xc DW_TAG_variable
	.long	.Linfo_string77                 @ DW_AT_name
	.byte	2                               @ DW_AT_decl_file
	.short	271                             @ DW_AT_decl_line
	.long	547                             @ DW_AT_type
	.byte	0                               @ End Of Children Mark
	.byte	0                               @ End Of Children Mark
	.byte	0                               @ End Of Children Mark
	.byte	11                              @ Abbrev [11] 0x2d5:0x7 DW_TAG_base_type
	.long	.Linfo_string68                 @ DW_AT_name
	.byte	5                               @ DW_AT_encoding
	.byte	4                               @ DW_AT_byte_size
	.byte	21                              @ Abbrev [21] 0x2dc:0x5 DW_TAG_const_type
	.long	737                             @ DW_AT_type
	.byte	5                               @ Abbrev [5] 0x2e1:0xb DW_TAG_typedef
	.long	748                             @ DW_AT_type
	.long	.Linfo_string71                 @ DW_AT_name
	.byte	4                               @ DW_AT_decl_file
	.byte	78                              @ DW_AT_decl_line
	.byte	5                               @ Abbrev [5] 0x2ec:0xb DW_TAG_typedef
	.long	333                             @ DW_AT_type
	.long	.Linfo_string70                 @ DW_AT_name
	.byte	7                               @ DW_AT_decl_file
	.byte	63                              @ DW_AT_decl_line
	.byte	6                               @ Abbrev [6] 0x2f7:0x5 DW_TAG_pointer_type
	.long	764                             @ DW_AT_type
	.byte	21                              @ Abbrev [21] 0x2fc:0x5 DW_TAG_const_type
	.long	474                             @ DW_AT_type
	.byte	21                              @ Abbrev [21] 0x301:0x5 DW_TAG_const_type
	.long	774                             @ DW_AT_type
	.byte	5                               @ Abbrev [5] 0x306:0xb DW_TAG_typedef
	.long	748                             @ DW_AT_type
	.long	.Linfo_string74                 @ DW_AT_name
	.byte	4                               @ DW_AT_decl_file
	.byte	60                              @ DW_AT_decl_line
	.byte	17                              @ Abbrev [17] 0x311:0x4c DW_TAG_subprogram
	.long	.Linfo_string78                 @ DW_AT_name
	.byte	2                               @ DW_AT_decl_file
	.short	299                             @ DW_AT_decl_line
                                        @ DW_AT_prototyped
	.long	725                             @ DW_AT_type
	.byte	1                               @ DW_AT_inline
	.byte	18                              @ Abbrev [18] 0x31e:0xc DW_TAG_formal_parameter
	.long	.Linfo_string69                 @ DW_AT_name
	.byte	2                               @ DW_AT_decl_file
	.short	299                             @ DW_AT_decl_line
	.long	732                             @ DW_AT_type
	.byte	18                              @ Abbrev [18] 0x32a:0xc DW_TAG_formal_parameter
	.long	.Linfo_string72                 @ DW_AT_name
	.byte	2                               @ DW_AT_decl_file
	.short	300                             @ DW_AT_decl_line
	.long	861                             @ DW_AT_type
	.byte	18                              @ Abbrev [18] 0x336:0xc DW_TAG_formal_parameter
	.long	.Linfo_string73                 @ DW_AT_name
	.byte	2                               @ DW_AT_decl_file
	.short	301                             @ DW_AT_decl_line
	.long	769                             @ DW_AT_type
	.byte	18                              @ Abbrev [18] 0x342:0xc DW_TAG_formal_parameter
	.long	.Linfo_string75                 @ DW_AT_name
	.byte	2                               @ DW_AT_decl_file
	.short	302                             @ DW_AT_decl_line
	.long	769                             @ DW_AT_type
	.byte	19                              @ Abbrev [19] 0x34e:0xe DW_TAG_lexical_block
	.byte	20                              @ Abbrev [20] 0x34f:0xc DW_TAG_variable
	.long	.Linfo_string76                 @ DW_AT_name
	.byte	2                               @ DW_AT_decl_file
	.short	306                             @ DW_AT_decl_line
	.long	725                             @ DW_AT_type
	.byte	0                               @ End Of Children Mark
	.byte	0                               @ End Of Children Mark
	.byte	6                               @ Abbrev [6] 0x35d:0x5 DW_TAG_pointer_type
	.long	866                             @ DW_AT_type
	.byte	21                              @ Abbrev [21] 0x362:0x5 DW_TAG_const_type
	.long	552                             @ DW_AT_type
	.byte	22                              @ Abbrev [22] 0x367:0x39 DW_TAG_subprogram
	.long	.Linfo_string79                 @ DW_AT_name
	.byte	2                               @ DW_AT_decl_file
	.byte	232                             @ DW_AT_decl_line
                                        @ DW_AT_prototyped
	.long	725                             @ DW_AT_type
	.byte	1                               @ DW_AT_inline
	.byte	23                              @ Abbrev [23] 0x373:0xb DW_TAG_formal_parameter
	.long	.Linfo_string69                 @ DW_AT_name
	.byte	2                               @ DW_AT_decl_file
	.byte	232                             @ DW_AT_decl_line
	.long	732                             @ DW_AT_type
	.byte	23                              @ Abbrev [23] 0x37e:0xb DW_TAG_formal_parameter
	.long	.Linfo_string72                 @ DW_AT_name
	.byte	2                               @ DW_AT_decl_file
	.byte	233                             @ DW_AT_decl_line
	.long	928                             @ DW_AT_type
	.byte	23                              @ Abbrev [23] 0x389:0xb DW_TAG_formal_parameter
	.long	.Linfo_string73                 @ DW_AT_name
	.byte	2                               @ DW_AT_decl_file
	.byte	234                             @ DW_AT_decl_line
	.long	769                             @ DW_AT_type
	.byte	23                              @ Abbrev [23] 0x394:0xb DW_TAG_formal_parameter
	.long	.Linfo_string75                 @ DW_AT_name
	.byte	2                               @ DW_AT_decl_file
	.byte	235                             @ DW_AT_decl_line
	.long	769                             @ DW_AT_type
	.byte	0                               @ End Of Children Mark
	.byte	6                               @ Abbrev [6] 0x3a0:0x5 DW_TAG_pointer_type
	.long	933                             @ DW_AT_type
	.byte	21                              @ Abbrev [21] 0x3a5:0x5 DW_TAG_const_type
	.long	602                             @ DW_AT_type
	.byte	24                              @ Abbrev [24] 0x3aa:0x2c DW_TAG_subprogram
	.long	.Linfo_string80                 @ DW_AT_name
	.byte	2                               @ DW_AT_decl_file
	.byte	165                             @ DW_AT_decl_line
                                        @ DW_AT_prototyped
	.byte	1                               @ DW_AT_inline
	.byte	23                              @ Abbrev [23] 0x3b2:0xb DW_TAG_formal_parameter
	.long	.Linfo_string58                 @ DW_AT_name
	.byte	2                               @ DW_AT_decl_file
	.byte	165                             @ DW_AT_decl_line
	.long	982                             @ DW_AT_type
	.byte	25                              @ Abbrev [25] 0x3bd:0xb DW_TAG_variable
	.long	.Linfo_string81                 @ DW_AT_name
	.byte	2                               @ DW_AT_decl_file
	.byte	167                             @ DW_AT_decl_line
	.long	585                             @ DW_AT_type
	.byte	19                              @ Abbrev [19] 0x3c8:0xd DW_TAG_lexical_block
	.byte	25                              @ Abbrev [25] 0x3c9:0xb DW_TAG_variable
	.long	.Linfo_string82                 @ DW_AT_name
	.byte	2                               @ DW_AT_decl_file
	.byte	173                             @ DW_AT_decl_line
	.long	67                              @ DW_AT_type
	.byte	0                               @ End Of Children Mark
	.byte	0                               @ End Of Children Mark
	.byte	21                              @ Abbrev [21] 0x3d6:0x5 DW_TAG_const_type
	.long	507                             @ DW_AT_type
	.byte	17                              @ Abbrev [17] 0x3db:0x3e DW_TAG_subprogram
	.long	.Linfo_string83                 @ DW_AT_name
	.byte	2                               @ DW_AT_decl_file
	.short	333                             @ DW_AT_decl_line
                                        @ DW_AT_prototyped
	.long	725                             @ DW_AT_type
	.byte	1                               @ DW_AT_inline
	.byte	18                              @ Abbrev [18] 0x3e8:0xc DW_TAG_formal_parameter
	.long	.Linfo_string69                 @ DW_AT_name
	.byte	2                               @ DW_AT_decl_file
	.short	333                             @ DW_AT_decl_line
	.long	732                             @ DW_AT_type
	.byte	18                              @ Abbrev [18] 0x3f4:0xc DW_TAG_formal_parameter
	.long	.Linfo_string72                 @ DW_AT_name
	.byte	2                               @ DW_AT_decl_file
	.short	334                             @ DW_AT_decl_line
	.long	1049                            @ DW_AT_type
	.byte	18                              @ Abbrev [18] 0x400:0xc DW_TAG_formal_parameter
	.long	.Linfo_string73                 @ DW_AT_name
	.byte	2                               @ DW_AT_decl_file
	.short	335                             @ DW_AT_decl_line
	.long	769                             @ DW_AT_type
	.byte	18                              @ Abbrev [18] 0x40c:0xc DW_TAG_formal_parameter
	.long	.Linfo_string75                 @ DW_AT_name
	.byte	2                               @ DW_AT_decl_file
	.short	336                             @ DW_AT_decl_line
	.long	769                             @ DW_AT_type
	.byte	0                               @ End Of Children Mark
	.byte	6                               @ Abbrev [6] 0x419:0x5 DW_TAG_pointer_type
	.long	1054                            @ DW_AT_type
	.byte	26                              @ Abbrev [26] 0x41e:0x1 DW_TAG_const_type
	.byte	27                              @ Abbrev [27] 0x41f:0x134 DW_TAG_subprogram
	.long	.Lfunc_begin0                   @ DW_AT_low_pc
	.long	.Lfunc_end0-.Lfunc_begin0       @ DW_AT_high_pc
	.byte	1                               @ DW_AT_frame_base
	.byte	93
                                        @ DW_AT_GNU_all_call_sites
	.long	.Linfo_string85                 @ DW_AT_name
	.byte	2                               @ DW_AT_decl_file
	.short	342                             @ DW_AT_decl_line
                                        @ DW_AT_prototyped
	.long	110                             @ DW_AT_type
                                        @ DW_AT_external
	.byte	28                              @ Abbrev [28] 0x435:0x10 DW_TAG_formal_parameter
	.long	.Ldebug_loc0                    @ DW_AT_location
	.long	.Linfo_string69                 @ DW_AT_name
	.byte	2                               @ DW_AT_decl_file
	.short	342                             @ DW_AT_decl_line
	.long	732                             @ DW_AT_type
	.byte	28                              @ Abbrev [28] 0x445:0x10 DW_TAG_formal_parameter
	.long	.Ldebug_loc1                    @ DW_AT_location
	.long	.Linfo_string72                 @ DW_AT_name
	.byte	2                               @ DW_AT_decl_file
	.short	343                             @ DW_AT_decl_line
	.long	1049                            @ DW_AT_type
	.byte	28                              @ Abbrev [28] 0x455:0x10 DW_TAG_formal_parameter
	.long	.Ldebug_loc2                    @ DW_AT_location
	.long	.Linfo_string73                 @ DW_AT_name
	.byte	2                               @ DW_AT_decl_file
	.short	344                             @ DW_AT_decl_line
	.long	769                             @ DW_AT_type
	.byte	28                              @ Abbrev [28] 0x465:0x10 DW_TAG_formal_parameter
	.long	.Ldebug_loc3                    @ DW_AT_location
	.long	.Linfo_string75                 @ DW_AT_name
	.byte	2                               @ DW_AT_decl_file
	.short	345                             @ DW_AT_decl_line
	.long	769                             @ DW_AT_type
	.byte	29                              @ Abbrev [29] 0x475:0xf DW_TAG_formal_parameter
	.byte	2                               @ DW_AT_location
	.byte	145
	.byte	16
	.long	.Linfo_string93                 @ DW_AT_name
	.byte	2                               @ DW_AT_decl_file
	.short	346                             @ DW_AT_decl_line
	.long	1798                            @ DW_AT_type
	.byte	30                              @ Abbrev [30] 0x484:0x39 DW_TAG_inlined_subroutine
	.long	635                             @ DW_AT_abstract_origin
	.long	.Ldebug_ranges0                 @ DW_AT_ranges
	.byte	2                               @ DW_AT_call_file
	.short	351                             @ DW_AT_call_line
	.byte	48                              @ DW_AT_call_column
	.byte	31                              @ Abbrev [31] 0x491:0x9 DW_TAG_formal_parameter
	.long	.Ldebug_loc4                    @ DW_AT_location
	.long	660                             @ DW_AT_abstract_origin
	.byte	32                              @ Abbrev [32] 0x49a:0x22 DW_TAG_lexical_block
	.long	.Ldebug_ranges1                 @ DW_AT_ranges
	.byte	33                              @ Abbrev [33] 0x49f:0x9 DW_TAG_variable
	.long	.Ldebug_loc5                    @ DW_AT_location
	.long	697                             @ DW_AT_abstract_origin
	.byte	34                              @ Abbrev [34] 0x4a8:0x13 DW_TAG_lexical_block
	.long	.Ltmp15                         @ DW_AT_low_pc
	.long	.Ltmp18-.Ltmp15                 @ DW_AT_high_pc
	.byte	33                              @ Abbrev [33] 0x4b1:0x9 DW_TAG_variable
	.long	.Ldebug_loc6                    @ DW_AT_location
	.long	710                             @ DW_AT_abstract_origin
	.byte	0                               @ End Of Children Mark
	.byte	0                               @ End Of Children Mark
	.byte	0                               @ End Of Children Mark
	.byte	30                              @ Abbrev [30] 0x4bd:0x2a DW_TAG_inlined_subroutine
	.long	785                             @ DW_AT_abstract_origin
	.long	.Ldebug_ranges2                 @ DW_AT_ranges
	.byte	2                               @ DW_AT_call_file
	.short	355                             @ DW_AT_call_line
	.byte	48                              @ DW_AT_call_column
	.byte	31                              @ Abbrev [31] 0x4ca:0x9 DW_TAG_formal_parameter
	.long	.Ldebug_loc7                    @ DW_AT_location
	.long	810                             @ DW_AT_abstract_origin
	.byte	34                              @ Abbrev [34] 0x4d3:0x13 DW_TAG_lexical_block
	.long	.Ltmp21                         @ DW_AT_low_pc
	.long	.Ltmp28-.Ltmp21                 @ DW_AT_high_pc
	.byte	33                              @ Abbrev [33] 0x4dc:0x9 DW_TAG_variable
	.long	.Ldebug_loc8                    @ DW_AT_location
	.long	847                             @ DW_AT_abstract_origin
	.byte	0                               @ End Of Children Mark
	.byte	0                               @ End Of Children Mark
	.byte	35                              @ Abbrev [35] 0x4e7:0x19 DW_TAG_inlined_subroutine
	.long	871                             @ DW_AT_abstract_origin
	.long	.Ltmp28                         @ DW_AT_low_pc
	.long	.Ltmp38-.Ltmp28                 @ DW_AT_high_pc
	.byte	2                               @ DW_AT_call_file
	.short	359                             @ DW_AT_call_line
	.byte	48                              @ DW_AT_call_column
	.byte	36                              @ Abbrev [36] 0x4f8:0x7 DW_TAG_formal_parameter
	.byte	1                               @ DW_AT_location
	.byte	84
	.long	894                             @ DW_AT_abstract_origin
	.byte	0                               @ End Of Children Mark
	.byte	35                              @ Abbrev [35] 0x500:0x52 DW_TAG_inlined_subroutine
	.long	987                             @ DW_AT_abstract_origin
	.long	.Ltmp43                         @ DW_AT_low_pc
	.long	.Ltmp55-.Ltmp43                 @ DW_AT_high_pc
	.byte	2                               @ DW_AT_call_file
	.short	369                             @ DW_AT_call_line
	.byte	52                              @ DW_AT_call_column
	.byte	31                              @ Abbrev [31] 0x511:0x9 DW_TAG_formal_parameter
	.long	.Ldebug_loc9                    @ DW_AT_location
	.long	1000                            @ DW_AT_abstract_origin
	.byte	35                              @ Abbrev [35] 0x51a:0x37 DW_TAG_inlined_subroutine
	.long	938                             @ DW_AT_abstract_origin
	.long	.Ltmp43                         @ DW_AT_low_pc
	.long	.Ltmp55-.Ltmp43                 @ DW_AT_high_pc
	.byte	2                               @ DW_AT_call_file
	.short	338                             @ DW_AT_call_line
	.byte	5                               @ DW_AT_call_column
	.byte	31                              @ Abbrev [31] 0x52b:0x9 DW_TAG_formal_parameter
	.long	.Ldebug_loc10                   @ DW_AT_location
	.long	946                             @ DW_AT_abstract_origin
	.byte	33                              @ Abbrev [33] 0x534:0x9 DW_TAG_variable
	.long	.Ldebug_loc12                   @ DW_AT_location
	.long	957                             @ DW_AT_abstract_origin
	.byte	34                              @ Abbrev [34] 0x53d:0x13 DW_TAG_lexical_block
	.long	.Ltmp46                         @ DW_AT_low_pc
	.long	.Ltmp55-.Ltmp46                 @ DW_AT_high_pc
	.byte	33                              @ Abbrev [33] 0x546:0x9 DW_TAG_variable
	.long	.Ldebug_loc11                   @ DW_AT_location
	.long	969                             @ DW_AT_abstract_origin
	.byte	0                               @ End Of Children Mark
	.byte	0                               @ End Of Children Mark
	.byte	0                               @ End Of Children Mark
	.byte	0                               @ End Of Children Mark
	.byte	22                              @ Abbrev [22] 0x553:0x25 DW_TAG_subprogram
	.long	.Linfo_string84                 @ DW_AT_name
	.byte	2                               @ DW_AT_decl_file
	.byte	118                             @ DW_AT_decl_line
                                        @ DW_AT_prototyped
	.long	507                             @ DW_AT_type
	.byte	1                               @ DW_AT_inline
	.byte	23                              @ Abbrev [23] 0x55f:0xb DW_TAG_formal_parameter
	.long	.Linfo_string82                 @ DW_AT_name
	.byte	2                               @ DW_AT_decl_file
	.byte	118                             @ DW_AT_decl_line
	.long	67                              @ DW_AT_type
	.byte	19                              @ Abbrev [19] 0x56a:0xd DW_TAG_lexical_block
	.byte	25                              @ Abbrev [25] 0x56b:0xb DW_TAG_variable
	.long	.Linfo_string76                 @ DW_AT_name
	.byte	2                               @ DW_AT_decl_file
	.byte	120                             @ DW_AT_decl_line
	.long	725                             @ DW_AT_type
	.byte	0                               @ End Of Children Mark
	.byte	0                               @ End Of Children Mark
	.byte	27                              @ Abbrev [27] 0x578:0x6a DW_TAG_subprogram
	.long	.Lfunc_begin1                   @ DW_AT_low_pc
	.long	.Lfunc_end1-.Lfunc_begin1       @ DW_AT_high_pc
	.byte	1                               @ DW_AT_frame_base
	.byte	93
                                        @ DW_AT_GNU_all_call_sites
	.long	.Linfo_string86                 @ DW_AT_name
	.byte	2                               @ DW_AT_decl_file
	.short	375                             @ DW_AT_decl_line
                                        @ DW_AT_prototyped
	.long	507                             @ DW_AT_type
                                        @ DW_AT_external
	.byte	28                              @ Abbrev [28] 0x58e:0x10 DW_TAG_formal_parameter
	.long	.Ldebug_loc13                   @ DW_AT_location
	.long	.Linfo_string61                 @ DW_AT_name
	.byte	2                               @ DW_AT_decl_file
	.short	375                             @ DW_AT_decl_line
	.long	1803                            @ DW_AT_type
	.byte	28                              @ Abbrev [28] 0x59e:0x10 DW_TAG_formal_parameter
	.long	.Ldebug_loc14                   @ DW_AT_location
	.long	.Linfo_string82                 @ DW_AT_name
	.byte	2                               @ DW_AT_decl_file
	.short	375                             @ DW_AT_decl_line
	.long	67                              @ DW_AT_type
	.byte	37                              @ Abbrev [37] 0x5ae:0x10 DW_TAG_variable
	.long	.Ldebug_loc15                   @ DW_AT_location
	.long	.Linfo_string58                 @ DW_AT_name
	.byte	2                               @ DW_AT_decl_file
	.short	381                             @ DW_AT_decl_line
	.long	507                             @ DW_AT_type
	.byte	35                              @ Abbrev [35] 0x5be:0x23 DW_TAG_inlined_subroutine
	.long	1363                            @ DW_AT_abstract_origin
	.long	.Ltmp69                         @ DW_AT_low_pc
	.long	.Ltmp75-.Ltmp69                 @ DW_AT_high_pc
	.byte	2                               @ DW_AT_call_file
	.short	381                             @ DW_AT_call_line
	.byte	26                              @ DW_AT_call_column
	.byte	34                              @ Abbrev [34] 0x5cf:0x11 DW_TAG_lexical_block
	.long	.Ltmp69                         @ DW_AT_low_pc
	.long	.Ltmp75-.Ltmp69                 @ DW_AT_high_pc
	.byte	38                              @ Abbrev [38] 0x5d8:0x7 DW_TAG_variable
	.byte	1                               @ DW_AT_location
	.byte	83
	.long	1387                            @ DW_AT_abstract_origin
	.byte	0                               @ End Of Children Mark
	.byte	0                               @ End Of Children Mark
	.byte	0                               @ End Of Children Mark
	.byte	39                              @ Abbrev [39] 0x5e2:0x49 DW_TAG_subprogram
	.long	.Lfunc_begin2                   @ DW_AT_low_pc
	.long	.Lfunc_end2-.Lfunc_begin2       @ DW_AT_high_pc
	.byte	1                               @ DW_AT_frame_base
	.byte	93
                                        @ DW_AT_GNU_all_call_sites
	.long	.Linfo_string87                 @ DW_AT_name
	.byte	2                               @ DW_AT_decl_file
	.byte	201                             @ DW_AT_decl_line
                                        @ DW_AT_prototyped
	.byte	40                              @ Abbrev [40] 0x5f3:0xf DW_TAG_formal_parameter
	.long	.Ldebug_loc16                   @ DW_AT_location
	.long	.Linfo_string58                 @ DW_AT_name
	.byte	2                               @ DW_AT_decl_file
	.byte	201                             @ DW_AT_decl_line
	.long	507                             @ DW_AT_type
	.byte	40                              @ Abbrev [40] 0x602:0xf DW_TAG_formal_parameter
	.long	.Ldebug_loc17                   @ DW_AT_location
	.long	.Linfo_string61                 @ DW_AT_name
	.byte	2                               @ DW_AT_decl_file
	.byte	201                             @ DW_AT_decl_line
	.long	529                             @ DW_AT_type
	.byte	34                              @ Abbrev [34] 0x611:0x19 DW_TAG_lexical_block
	.long	.Ltmp86                         @ DW_AT_low_pc
	.long	.Ltmp89-.Ltmp86                 @ DW_AT_high_pc
	.byte	41                              @ Abbrev [41] 0x61a:0xf DW_TAG_variable
	.long	.Ldebug_loc18                   @ DW_AT_location
	.long	.Linfo_string77                 @ DW_AT_name
	.byte	2                               @ DW_AT_decl_file
	.byte	211                             @ DW_AT_decl_line
	.long	597                             @ DW_AT_type
	.byte	0                               @ End Of Children Mark
	.byte	0                               @ End Of Children Mark
	.byte	42                              @ Abbrev [42] 0x62b:0x3d DW_TAG_subprogram
	.long	.Lfunc_begin3                   @ DW_AT_low_pc
	.long	.Lfunc_end3-.Lfunc_begin3       @ DW_AT_high_pc
	.byte	1                               @ DW_AT_frame_base
	.byte	93
                                        @ DW_AT_GNU_all_call_sites
	.long	.Linfo_string88                 @ DW_AT_name
	.byte	2                               @ DW_AT_decl_file
	.short	393                             @ DW_AT_decl_line
                                        @ DW_AT_prototyped
                                        @ DW_AT_external
	.byte	28                              @ Abbrev [28] 0x63d:0x10 DW_TAG_formal_parameter
	.long	.Ldebug_loc19                   @ DW_AT_location
	.long	.Linfo_string58                 @ DW_AT_name
	.byte	2                               @ DW_AT_decl_file
	.short	393                             @ DW_AT_decl_line
	.long	982                             @ DW_AT_type
	.byte	34                              @ Abbrev [34] 0x64d:0x1a DW_TAG_lexical_block
	.long	.Ltmp97                         @ DW_AT_low_pc
	.long	.Ltmp100-.Ltmp97                @ DW_AT_high_pc
	.byte	37                              @ Abbrev [37] 0x656:0x10 DW_TAG_variable
	.long	.Ldebug_loc20                   @ DW_AT_location
	.long	.Linfo_string77                 @ DW_AT_name
	.byte	2                               @ DW_AT_decl_file
	.short	411                             @ DW_AT_decl_line
	.long	469                             @ DW_AT_type
	.byte	0                               @ End Of Children Mark
	.byte	0                               @ End Of Children Mark
	.byte	43                              @ Abbrev [43] 0x668:0x11 DW_TAG_subprogram
	.long	.Lfunc_begin4                   @ DW_AT_low_pc
	.long	.Lfunc_end4-.Lfunc_begin4       @ DW_AT_high_pc
	.byte	1                               @ DW_AT_frame_base
	.byte	93
                                        @ DW_AT_GNU_all_call_sites
	.long	.Linfo_string89                 @ DW_AT_name
	.byte	2                               @ DW_AT_decl_file
	.byte	138                             @ DW_AT_decl_line
                                        @ DW_AT_prototyped
	.byte	27                              @ Abbrev [27] 0x679:0x51 DW_TAG_subprogram
	.long	.Lfunc_begin5                   @ DW_AT_low_pc
	.long	.Lfunc_end5-.Lfunc_begin5       @ DW_AT_high_pc
	.byte	1                               @ DW_AT_frame_base
	.byte	93
                                        @ DW_AT_GNU_all_call_sites
	.long	.Linfo_string90                 @ DW_AT_name
	.byte	2                               @ DW_AT_decl_file
	.short	428                             @ DW_AT_decl_line
                                        @ DW_AT_prototyped
	.long	507                             @ DW_AT_type
                                        @ DW_AT_external
	.byte	28                              @ Abbrev [28] 0x68f:0x10 DW_TAG_formal_parameter
	.long	.Ldebug_loc21                   @ DW_AT_location
	.long	.Linfo_string58                 @ DW_AT_name
	.byte	2                               @ DW_AT_decl_file
	.short	428                             @ DW_AT_decl_line
	.long	982                             @ DW_AT_type
	.byte	28                              @ Abbrev [28] 0x69f:0x10 DW_TAG_formal_parameter
	.long	.Ldebug_loc22                   @ DW_AT_location
	.long	.Linfo_string61                 @ DW_AT_name
	.byte	2                               @ DW_AT_decl_file
	.short	428                             @ DW_AT_decl_line
	.long	529                             @ DW_AT_type
	.byte	34                              @ Abbrev [34] 0x6af:0x1a DW_TAG_lexical_block
	.long	.Ltmp119                        @ DW_AT_low_pc
	.long	.Ltmp123-.Ltmp119               @ DW_AT_high_pc
	.byte	37                              @ Abbrev [37] 0x6b8:0x10 DW_TAG_variable
	.long	.Ldebug_loc23                   @ DW_AT_location
	.long	.Linfo_string77                 @ DW_AT_name
	.byte	2                               @ DW_AT_decl_file
	.short	453                             @ DW_AT_decl_line
	.long	469                             @ DW_AT_type
	.byte	0                               @ End Of Children Mark
	.byte	0                               @ End Of Children Mark
	.byte	43                              @ Abbrev [43] 0x6ca:0x11 DW_TAG_subprogram
	.long	.Lfunc_begin6                   @ DW_AT_low_pc
	.long	.Lfunc_end6-.Lfunc_begin6       @ DW_AT_high_pc
	.byte	1                               @ DW_AT_frame_base
	.byte	93
                                        @ DW_AT_GNU_all_call_sites
	.long	.Linfo_string91                 @ DW_AT_name
	.byte	2                               @ DW_AT_decl_file
	.byte	152                             @ DW_AT_decl_line
                                        @ DW_AT_prototyped
	.byte	42                              @ Abbrev [42] 0x6db:0x2b DW_TAG_subprogram
	.long	.Lfunc_begin7                   @ DW_AT_low_pc
	.long	.Lfunc_end7-.Lfunc_begin7       @ DW_AT_high_pc
	.byte	1                               @ DW_AT_frame_base
	.byte	93
                                        @ DW_AT_GNU_all_call_sites
	.long	.Linfo_string92                 @ DW_AT_name
	.byte	2                               @ DW_AT_decl_file
	.short	474                             @ DW_AT_decl_line
                                        @ DW_AT_prototyped
                                        @ DW_AT_external
	.byte	34                              @ Abbrev [34] 0x6ed:0x18 DW_TAG_lexical_block
	.long	.Ltmp130                        @ DW_AT_low_pc
	.long	.Ltmp136-.Ltmp130               @ DW_AT_high_pc
	.byte	44                              @ Abbrev [44] 0x6f6:0xe DW_TAG_variable
	.byte	1                               @ DW_AT_location
	.byte	84
	.long	.Linfo_string76                 @ DW_AT_name
	.byte	2                               @ DW_AT_decl_file
	.short	476                             @ DW_AT_decl_line
	.long	725                             @ DW_AT_type
	.byte	0                               @ End Of Children Mark
	.byte	0                               @ End Of Children Mark
	.byte	6                               @ Abbrev [6] 0x706:0x5 DW_TAG_pointer_type
	.long	142                             @ DW_AT_type
	.byte	21                              @ Abbrev [21] 0x70b:0x5 DW_TAG_const_type
	.long	529                             @ DW_AT_type
	.byte	0                               @ End Of Children Mark
.Ldebug_info_end0:
	.section	.debug_ranges,"",%progbits
.Ldebug_ranges0:
	.long	.Ltmp6-.Lfunc_begin0
	.long	.Ltmp18-.Lfunc_begin0
	.long	.Ltmp56-.Lfunc_begin0
	.long	.Ltmp59-.Lfunc_begin0
	.long	0
	.long	0
.Ldebug_ranges1:
	.long	.Ltmp9-.Lfunc_begin0
	.long	.Ltmp18-.Lfunc_begin0
	.long	.Ltmp58-.Lfunc_begin0
	.long	.Ltmp59-.Lfunc_begin0
	.long	0
	.long	0
.Ldebug_ranges2:
	.long	.Ltmp18-.Lfunc_begin0
	.long	.Ltmp28-.Lfunc_begin0
	.long	.Ltmp55-.Lfunc_begin0
	.long	.Ltmp56-.Lfunc_begin0
	.long	0
	.long	0
	.section	.debug_str,"MS",%progbits,1
.Linfo_string0:
	.asciz	"Component: Arm Compiler for Embedded 6.23 Tool: armclang [5f103000]" @ string offset=0
.Linfo_string1:
	.asciz	"../../../../../sdk/app_modules/src/app_easy\\app_easy_timer.c" @ string offset=68
.Linfo_string2:
	.asciz	"C:\\Users\\teodor\\Desktop\\stem\\codeless\\6.0.24.1464\\projects\\target_apps\\ble_examples\\empty_peripheral_template\\Keil_5" @ string offset=129
.Linfo_string3:
	.asciz	"timer_callbacks"               @ string offset=246
.Linfo_string4:
	.asciz	"timer_callback"                @ string offset=262
.Linfo_string5:
	.asciz	"__ARRAY_SIZE_TYPE__"           @ string offset=277
.Linfo_string6:
	.asciz	"modified_timer_callbacks"      @ string offset=297
.Linfo_string7:
	.asciz	"unsigned char"                 @ string offset=322
.Linfo_string8:
	.asciz	"PR_EVENT_HANDLED"              @ string offset=336
.Linfo_string9:
	.asciz	"PR_EVENT_UNHANDLED"            @ string offset=353
.Linfo_string10:
	.asciz	"process_event_response"        @ string offset=372
.Linfo_string11:
	.asciz	"KE_MSG_CONSUMED"               @ string offset=395
.Linfo_string12:
	.asciz	"KE_MSG_NO_FREE"                @ string offset=411
.Linfo_string13:
	.asciz	"KE_MSG_SAVED"                  @ string offset=426
.Linfo_string14:
	.asciz	"ke_msg_status_tag"             @ string offset=439
.Linfo_string15:
	.asciz	"unsigned short"                @ string offset=457
.Linfo_string16:
	.asciz	"APP_MODULE_INIT_CMP_EVT"       @ string offset=472
.Linfo_string17:
	.asciz	"APP_CREATE_TIMER"              @ string offset=496
.Linfo_string18:
	.asciz	"APP_CANCEL_TIMER"              @ string offset=513
.Linfo_string19:
	.asciz	"APP_MODIFY_TIMER"              @ string offset=530
.Linfo_string20:
	.asciz	"APP_TIMER_API_MES0"            @ string offset=547
.Linfo_string21:
	.asciz	"APP_TIMER_API_MES1"            @ string offset=566
.Linfo_string22:
	.asciz	"APP_TIMER_API_MES2"            @ string offset=585
.Linfo_string23:
	.asciz	"APP_TIMER_API_MES3"            @ string offset=604
.Linfo_string24:
	.asciz	"APP_TIMER_API_MES4"            @ string offset=623
.Linfo_string25:
	.asciz	"APP_TIMER_API_MES5"            @ string offset=642
.Linfo_string26:
	.asciz	"APP_TIMER_API_MES6"            @ string offset=661
.Linfo_string27:
	.asciz	"APP_TIMER_API_MES7"            @ string offset=680
.Linfo_string28:
	.asciz	"APP_TIMER_API_MES8"            @ string offset=699
.Linfo_string29:
	.asciz	"APP_TIMER_API_MES9"            @ string offset=718
.Linfo_string30:
	.asciz	"APP_TIMER_API_LAST_MES"        @ string offset=737
.Linfo_string31:
	.asciz	"APP_MSG_UTIL_API_MES0"         @ string offset=760
.Linfo_string32:
	.asciz	"APP_MSG_UTIL_API_MES1"         @ string offset=782
.Linfo_string33:
	.asciz	"APP_MSG_UTIL_API_MES2"         @ string offset=804
.Linfo_string34:
	.asciz	"APP_MSG_UTIL_API_MES3"         @ string offset=826
.Linfo_string35:
	.asciz	"APP_MSG_UTIL_API_MES4"         @ string offset=848
.Linfo_string36:
	.asciz	"APP_MSG_UTIL_API_LAST_MES"     @ string offset=870
.Linfo_string37:
	.asciz	"APP_MSG"                       @ string offset=896
.Linfo_string38:
	.asciz	"TASK_LLM"                      @ string offset=904
.Linfo_string39:
	.asciz	"TASK_LLC"                      @ string offset=913
.Linfo_string40:
	.asciz	"TASK_LLD"                      @ string offset=922
.Linfo_string41:
	.asciz	"TASK_DBG"                      @ string offset=931
.Linfo_string42:
	.asciz	"TASK_APP"                      @ string offset=940
.Linfo_string43:
	.asciz	"TASK_GTL"                      @ string offset=949
.Linfo_string44:
	.asciz	"TASK_L2CC"                     @ string offset=958
.Linfo_string45:
	.asciz	"TASK_GATTM"                    @ string offset=968
.Linfo_string46:
	.asciz	"TASK_GATTC"                    @ string offset=979
.Linfo_string47:
	.asciz	"TASK_GAPM"                     @ string offset=990
.Linfo_string48:
	.asciz	"TASK_GAPC"                     @ string offset=1000
.Linfo_string49:
	.asciz	"TASK_RFU_1"                    @ string offset=1010
.Linfo_string50:
	.asciz	"TASK_RFU_2"                    @ string offset=1021
.Linfo_string51:
	.asciz	"TASK_RFU_3"                    @ string offset=1032
.Linfo_string52:
	.asciz	"TASK_RFU_4"                    @ string offset=1043
.Linfo_string53:
	.asciz	"TASK_RFU_5"                    @ string offset=1054
.Linfo_string54:
	.asciz	"TASK_PRF_MAX"                  @ string offset=1065
.Linfo_string55:
	.asciz	"TASK_MAX"                      @ string offset=1078
.Linfo_string56:
	.asciz	"TASK_NONE"                     @ string offset=1087
.Linfo_string57:
	.asciz	"KE_TASK_TYPE"                  @ string offset=1097
.Linfo_string58:
	.asciz	"timer_id"                      @ string offset=1110
.Linfo_string59:
	.asciz	"uint8_t"                       @ string offset=1119
.Linfo_string60:
	.asciz	"timer_hnd"                     @ string offset=1127
.Linfo_string61:
	.asciz	"delay"                         @ string offset=1137
.Linfo_string62:
	.asciz	"unsigned int"                  @ string offset=1143
.Linfo_string63:
	.asciz	"uint32_t"                      @ string offset=1156
.Linfo_string64:
	.asciz	"cancel_timer_struct"           @ string offset=1165
.Linfo_string65:
	.asciz	"modify_timer_struct"           @ string offset=1185
.Linfo_string66:
	.asciz	"create_timer_struct"           @ string offset=1205
.Linfo_string67:
	.asciz	"cancel_timer_handler"          @ string offset=1225
.Linfo_string68:
	.asciz	"int"                           @ string offset=1246
.Linfo_string69:
	.asciz	"msgid"                         @ string offset=1250
.Linfo_string70:
	.asciz	"uint16_t"                      @ string offset=1256
.Linfo_string71:
	.asciz	"ke_msg_id_t"                   @ string offset=1265
.Linfo_string72:
	.asciz	"param"                         @ string offset=1277
.Linfo_string73:
	.asciz	"dest_id"                       @ string offset=1283
.Linfo_string74:
	.asciz	"ke_task_id_t"                  @ string offset=1291
.Linfo_string75:
	.asciz	"src_id"                        @ string offset=1304
.Linfo_string76:
	.asciz	"i"                             @ string offset=1311
.Linfo_string77:
	.asciz	"req"                           @ string offset=1313
.Linfo_string78:
	.asciz	"modify_timer_handler"          @ string offset=1317
.Linfo_string79:
	.asciz	"create_timer_handler"          @ string offset=1338
.Linfo_string80:
	.asciz	"call_callback"                 @ string offset=1359
.Linfo_string81:
	.asciz	"return_timer_cb"               @ string offset=1373
.Linfo_string82:
	.asciz	"fn"                            @ string offset=1389
.Linfo_string83:
	.asciz	"call_callback_handler"         @ string offset=1392
.Linfo_string84:
	.asciz	"set_callback"                  @ string offset=1414
.Linfo_string85:
	.asciz	"app_timer_api_process_handler" @ string offset=1427
.Linfo_string86:
	.asciz	"app_easy_timer"                @ string offset=1457
.Linfo_string87:
	.asciz	"create_timer"                  @ string offset=1472
.Linfo_string88:
	.asciz	"app_easy_timer_cancel"         @ string offset=1485
.Linfo_string89:
	.asciz	"timer_canceled_handler"        @ string offset=1507
.Linfo_string90:
	.asciz	"app_easy_timer_modify"         @ string offset=1530
.Linfo_string91:
	.asciz	"timer_modified_handler"        @ string offset=1552
.Linfo_string92:
	.asciz	"app_easy_timer_cancel_all"     @ string offset=1575
.Linfo_string93:
	.asciz	"msg_ret"                       @ string offset=1601
	.ident	"Component: Arm Compiler for Embedded 6.23 Tool: armclang [5f103000]"
	.section	".note.GNU-stack","",%progbits
	.eabi_attribute	30, 4	@ Tag_ABI_optimization_goals
	.ARM_attribute	16, 1	@ Tag_AV_eba
	.section	.debug_line,"",%progbits
.Lline_table_start0:
