	.text
	.syntax unified
	.eabi_attribute	67, "2.09"	@ Tag_conformance
	.cpu	cortex-m0plus
	.eabi_attribute	6, 12	@ Tag_CPU_arch
	.eabi_attribute	7, 77	@ Tag_CPU_arch_profile
	.eabi_attribute	8, 0	@ Tag_ARM_ISA_use
	.eabi_attribute	9, 1	@ Tag_THUMB_ISA_use
	.eabi_attribute	34, 0	@ Tag_CPU_unaligned_access
	.eabi_attribute	17, 1	@ Tag_ABI_PCS_GOT_use
	.eabi_attribute	20, 2	@ Tag_ABI_FP_denormal
	.eabi_attribute	21, 0	@ Tag_ABI_FP_exceptions
	.eabi_attribute	23, 1	@ Tag_ABI_FP_number_model
	.eabi_attribute	24, 1	@ Tag_ABI_align_needed
	.eabi_attribute	25, 1	@ Tag_ABI_align_preserved
	.eabi_attribute	38, 1	@ Tag_ABI_FP_16bit_format
	.eabi_attribute	18, 2	@ Tag_ABI_PCS_wchar_t
	.eabi_attribute	26, 1	@ Tag_ABI_enum_size
	.eabi_attribute	14, 0	@ Tag_ABI_PCS_R9_use
	.file	"app_customs.c"
	.file	1 "C:\\Users\\teodor\\Desktop\\stem\\codeless\\6.0.24.1464\\projects\\target_apps\\ble_examples\\empty_peripheral_template\\Keil_5" "./../../../../../sdk/platform/core_modules/rwip/api\\rwip_config.h"
	.file	2 "C:\\Users\\teodor\\Desktop\\stem\\codeless\\6.0.24.1464\\projects\\target_apps\\ble_examples\\empty_peripheral_template\\Keil_5" "./../../../../../sdk/ble_stack/host/gap/gapm\\gapm_task.h"
	.file	3 "C:\\Users\\teodor\\Desktop\\stem\\codeless\\6.0.24.1464\\projects\\target_apps\\ble_examples\\empty_peripheral_template\\Keil_5" "./../../../../../sdk/app_modules/api\\app_prf_perm_types.h"
	.file	4 "C:\\Users\\teodor" "AppData\\Local\\Keil_v5\\ARM\\ARMCLANG\\bin\\..\\include\\stdint.h"
	.file	5 "C:\\Users\\teodor\\Desktop\\stem\\codeless\\6.0.24.1464\\projects\\target_apps\\ble_examples\\empty_peripheral_template\\Keil_5" "./../../../../../sdk/ble_stack/profiles/custom/custs/api\\custs1_task.h"
	.hidden	custs_get_func_callbacks        @ -- Begin function custs_get_func_callbacks
	.globl	custs_get_func_callbacks
	.p2align	2
	.type	custs_get_func_callbacks,%function
	.code	16                              @ @custs_get_func_callbacks
	.thumb_func
custs_get_func_callbacks:
.Lfunc_begin0:
	.file	6 "C:\\Users\\teodor\\Desktop\\stem\\codeless\\6.0.24.1464\\projects\\target_apps\\ble_examples\\empty_peripheral_template\\Keil_5" "../../../../../sdk/app_modules/src/app_custs/app_customs.c"
	.loc	6 58 0                          @ ../../../../../sdk/app_modules/src/app_custs/app_customs.c:58:0
	.fnstart
	.cfi_sections .debug_frame
	.cfi_startproc
@ %bb.0:
	@DEBUG_VALUE: custs_get_func_callbacks:task_id <- $r0
	mov	r1, r0
.Ltmp0:
	@DEBUG_VALUE: custs_get_func_callbacks:i <- 0
	@DEBUG_VALUE: custs_get_func_callbacks:task_id <- $r1
	ldr	r0, __arm_cp.0_0
	subs	r0, #28
.Ltmp1:
.LBB0_1:                                @ =>This Inner Loop Header: Depth=1
	@DEBUG_VALUE: custs_get_func_callbacks:task_id <- $r1
	@DEBUG_VALUE: custs_get_func_callbacks:i <- [DW_OP_LLVM_arg 0, DW_OP_consts 18446744073709551588, DW_OP_LLVM_arg 0, DW_OP_plus, DW_OP_minus, DW_OP_consts 28, DW_OP_div, DW_OP_stack_value] undef
	.loc	6 62 30 prologue_end            @ ../../../../../sdk/app_modules/src/app_custs/app_customs.c:62:30
	ldrb	r2, [r0, #28]
	.loc	6 62 5 is_stmt 0                @ ../../../../../sdk/app_modules/src/app_custs/app_customs.c:62:5
	cmp	r2, #255
	beq	.LBB0_4
.Ltmp2:
@ %bb.2:                                @   in Loop: Header=BB0_1 Depth=1
	@DEBUG_VALUE: custs_get_func_callbacks:task_id <- $r1
	@DEBUG_VALUE: custs_get_func_callbacks:i <- [DW_OP_LLVM_arg 0, DW_OP_consts 18446744073709551588, DW_OP_LLVM_arg 0, DW_OP_plus, DW_OP_minus, DW_OP_consts 28, DW_OP_div, DW_OP_consts 1, DW_OP_plus, DW_OP_stack_value] undef
	.loc	6 64 12 is_stmt 1               @ ../../../../../sdk/app_modules/src/app_custs/app_customs.c:64:12
	adds	r0, #28
	cmp	r2, r1
	bne	.LBB0_1
.Ltmp3:
@ %bb.3:
	@DEBUG_VALUE: custs_get_func_callbacks:task_id <- $r1
	.loc	6 70 1                          @ ../../../../../sdk/app_modules/src/app_custs/app_customs.c:70:1
	bx	lr
.Ltmp4:
.LBB0_4:
	@DEBUG_VALUE: custs_get_func_callbacks:task_id <- $r1
	.loc	6 0 1 is_stmt 0                 @ ../../../../../sdk/app_modules/src/app_custs/app_customs.c:0:1
	movs	r0, #0
	.loc	6 70 1                          @ ../../../../../sdk/app_modules/src/app_custs/app_customs.c:70:1
	bx	lr
.Ltmp5:
	.loc	6 0 1                           @ :0:1
.Ltmp6:
	.p2align	2
@ %bb.5:
__arm_cp.0_0:
	.long	cust_prf_funcs
.Lcpi_end0:
	.size	__arm_cp.0_0, .Lcpi_end0-__arm_cp.0_0
.Lfunc_end0:
	.size	custs_get_func_callbacks, .Lfunc_end0-custs_get_func_callbacks
	.cfi_endproc
	.cantunwind
	.fnend
                                        @ -- End function
	.hidden	app_custs1_init                 @ -- Begin function app_custs1_init
	.globl	app_custs1_init
	.p2align	1
	.type	app_custs1_init,%function
	.code	16                              @ @app_custs1_init
	.thumb_func
app_custs1_init:
.Lfunc_begin1:
	.fnstart
	.cfi_startproc
@ %bb.0:
	.loc	6 76 1 prologue_end is_stmt 1   @ ../../../../../sdk/app_modules/src/app_custs/app_customs.c:76:1
	bx	lr
.Ltmp7:
.Lfunc_end1:
	.size	app_custs1_init, .Lfunc_end1-app_custs1_init
	.cfi_endproc
	.cantunwind
	.fnend
                                        @ -- End function
	.hidden	app_custs1_create_db            @ -- Begin function app_custs1_create_db
	.globl	app_custs1_create_db
	.p2align	2
	.type	app_custs1_create_db,%function
	.code	16                              @ @app_custs1_create_db
	.thumb_func
app_custs1_create_db:
.Lfunc_begin2:
	.loc	6 79 0                          @ ../../../../../sdk/app_modules/src/app_custs/app_customs.c:79:0
	.fnstart
	.cfi_startproc
@ %bb.0:
	.save	{r4, r5, r6, lr}
	push	{r4, r5, r6, lr}
	.cfi_def_cfa_offset 16
	.cfi_offset lr, -4
	.cfi_offset r6, -8
	.cfi_offset r5, -12
	.cfi_offset r4, -16
	ldr	r0, __arm_cp.2_0
	movs	r1, #9
	movs	r4, #4
	movs	r3, #24
.Ltmp8:
	.loc	6 82 45 prologue_end            @ ../../../../../sdk/app_modules/src/app_custs/app_customs.c:82:45
	mov	r2, r4
	bl	ke_msg_alloc
.Ltmp9:
	mov	r5, r0
.Ltmp10:
	@DEBUG_VALUE: app_custs1_create_db:db_cfg <- [DW_OP_plus_uconst 8, DW_OP_stack_value] $r5
	@DEBUG_VALUE: app_custs1_create_db:req <- $r5
	.loc	6 0 45 is_stmt 0                @ ../../../../../sdk/app_modules/src/app_custs/app_customs.c:0:45
	movs	r0, #27
	.loc	6 89 20 is_stmt 1               @ ../../../../../sdk/app_modules/src/app_custs/app_customs.c:89:20
	strb	r0, [r5]
	movs	r6, #253
	.loc	6 90 20                         @ ../../../../../sdk/app_modules/src/app_custs/app_customs.c:90:20
	mov	r0, r6
	bl	get_user_prf_srv_perm
.Ltmp11:
	.loc	6 0 20 is_stmt 0                @ ../../../../../sdk/app_modules/src/app_custs/app_customs.c:0:20
	movs	r1, #0
	.loc	6 100 22 is_stmt 1              @ ../../../../../sdk/app_modules/src/app_custs/app_customs.c:100:22
	strh	r1, [r5, #20]
	.loc	6 98 21                         @ ../../../../../sdk/app_modules/src/app_custs/app_customs.c:98:21
	str	r1, [r5, #12]
	.loc	6 99 22                         @ ../../../../../sdk/app_modules/src/app_custs/app_customs.c:99:22
	str	r1, [r5, #16]
	.loc	6 92 19                         @ ../../../../../sdk/app_modules/src/app_custs/app_customs.c:92:19
	str	r4, [r5, #4]
	.loc	6 91 22                         @ ../../../../../sdk/app_modules/src/app_custs/app_customs.c:91:22
	strh	r6, [r5, #2]
	.loc	6 90 18                         @ ../../../../../sdk/app_modules/src/app_custs/app_customs.c:90:18
	strb	r0, [r5, #1]
	.loc	6 103 5                         @ ../../../../../sdk/app_modules/src/app_custs/app_customs.c:103:5
	mov	r0, r5
	bl	ke_msg_send
.Ltmp12:
	.loc	6 104 1 epilogue_begin          @ ../../../../../sdk/app_modules/src/app_custs/app_customs.c:104:1
	pop	{r4, r5, r6, pc}
.Ltmp13:
	.loc	6 0 1 is_stmt 0                 @ :0:1
.Ltmp14:
	.p2align	2
@ %bb.1:
__arm_cp.2_0:
	.long	3355                            @ 0xd1b
.Lcpi_end1:
	.size	__arm_cp.2_0, .Lcpi_end1-__arm_cp.2_0
.Lfunc_end2:
	.size	app_custs1_create_db, .Lfunc_end2-app_custs1_create_db
	.cfi_endproc
	.cantunwind
	.fnend
                                        @ -- End function
	.file	7 "C:\\Users\\teodor\\Desktop\\stem\\codeless\\6.0.24.1464\\projects\\target_apps\\ble_examples\\empty_peripheral_template\\Keil_5" "./../../../../../sdk/app_modules/api\\app_prf_types.h"
	.file	8 "C:\\Users\\teodor\\Desktop\\stem\\codeless\\6.0.24.1464\\projects\\target_apps\\ble_examples\\empty_peripheral_template\\Keil_5" "./../../../../../sdk/ble_stack/host/att/attm\\attm_db_128.h"
	.file	9 "C:\\Users\\teodor\\Desktop\\stem\\codeless\\6.0.24.1464\\projects\\target_apps\\ble_examples\\empty_peripheral_template\\Keil_5" "./../../../../../sdk/ble_stack/host/att/attm\\attm.h"
	.file	10 "C:\\Users\\teodor\\Desktop\\stem\\codeless\\6.0.24.1464\\projects\\target_apps\\ble_examples\\empty_peripheral_template\\Keil_5" "./../../../../../sdk/ble_stack/host/att\\att.h"
	.section	.debug_loc,"",%progbits
.Ldebug_loc0:
	.long	.Lfunc_begin0-.Lfunc_begin0
	.long	.Ltmp0-.Lfunc_begin0
	.short	1                               @ Loc expr size
	.byte	80                              @ DW_OP_reg0
	.long	.Ltmp0-.Lfunc_begin0
	.long	.Ltmp5-.Lfunc_begin0
	.short	1                               @ Loc expr size
	.byte	81                              @ DW_OP_reg1
	.long	0
	.long	0
.Ldebug_loc1:
	.long	.Ltmp0-.Lfunc_begin0
	.long	.Ltmp1-.Lfunc_begin0
	.short	3                               @ Loc expr size
	.byte	17                              @ DW_OP_consts
	.byte	0                               @ 0
	.byte	159                             @ DW_OP_stack_value
	.long	0
	.long	0
.Ldebug_loc2:
	.long	.Ltmp10-.Lfunc_begin0
	.long	.Ltmp13-.Lfunc_begin0
	.short	3                               @ Loc expr size
	.byte	117                             @ DW_OP_breg5
	.byte	8                               @ 8
	.byte	159                             @ DW_OP_stack_value
	.long	0
	.long	0
.Ldebug_loc3:
	.long	.Ltmp10-.Lfunc_begin0
	.long	.Ltmp13-.Lfunc_begin0
	.short	1                               @ Loc expr size
	.byte	85                              @ DW_OP_reg5
	.long	0
	.long	0
	.section	.debug_abbrev,"",%progbits
	.byte	1                               @ Abbreviation Code
	.byte	17                              @ DW_TAG_compile_unit
	.byte	1                               @ DW_CHILDREN_yes
	.byte	37                              @ DW_AT_producer
	.byte	14                              @ DW_FORM_strp
	.byte	19                              @ DW_AT_language
	.byte	5                               @ DW_FORM_data2
	.byte	3                               @ DW_AT_name
	.byte	14                              @ DW_FORM_strp
	.byte	16                              @ DW_AT_stmt_list
	.byte	23                              @ DW_FORM_sec_offset
	.byte	27                              @ DW_AT_comp_dir
	.byte	14                              @ DW_FORM_strp
	.byte	17                              @ DW_AT_low_pc
	.byte	1                               @ DW_FORM_addr
	.byte	18                              @ DW_AT_high_pc
	.byte	6                               @ DW_FORM_data4
	.byte	0                               @ EOM(1)
	.byte	0                               @ EOM(2)
	.byte	2                               @ Abbreviation Code
	.byte	4                               @ DW_TAG_enumeration_type
	.byte	1                               @ DW_CHILDREN_yes
	.byte	73                              @ DW_AT_type
	.byte	19                              @ DW_FORM_ref4
	.byte	3                               @ DW_AT_name
	.byte	14                              @ DW_FORM_strp
	.byte	11                              @ DW_AT_byte_size
	.byte	11                              @ DW_FORM_data1
	.byte	58                              @ DW_AT_decl_file
	.byte	11                              @ DW_FORM_data1
	.byte	59                              @ DW_AT_decl_line
	.byte	5                               @ DW_FORM_data2
	.byte	0                               @ EOM(1)
	.byte	0                               @ EOM(2)
	.byte	3                               @ Abbreviation Code
	.byte	40                              @ DW_TAG_enumerator
	.byte	0                               @ DW_CHILDREN_no
	.byte	3                               @ DW_AT_name
	.byte	14                              @ DW_FORM_strp
	.byte	28                              @ DW_AT_const_value
	.byte	15                              @ DW_FORM_udata
	.byte	0                               @ EOM(1)
	.byte	0                               @ EOM(2)
	.byte	4                               @ Abbreviation Code
	.byte	36                              @ DW_TAG_base_type
	.byte	0                               @ DW_CHILDREN_no
	.byte	3                               @ DW_AT_name
	.byte	14                              @ DW_FORM_strp
	.byte	62                              @ DW_AT_encoding
	.byte	11                              @ DW_FORM_data1
	.byte	11                              @ DW_AT_byte_size
	.byte	11                              @ DW_FORM_data1
	.byte	0                               @ EOM(1)
	.byte	0                               @ EOM(2)
	.byte	5                               @ Abbreviation Code
	.byte	4                               @ DW_TAG_enumeration_type
	.byte	1                               @ DW_CHILDREN_yes
	.byte	73                              @ DW_AT_type
	.byte	19                              @ DW_FORM_ref4
	.byte	3                               @ DW_AT_name
	.byte	14                              @ DW_FORM_strp
	.byte	11                              @ DW_AT_byte_size
	.byte	11                              @ DW_FORM_data1
	.byte	58                              @ DW_AT_decl_file
	.byte	11                              @ DW_FORM_data1
	.byte	59                              @ DW_AT_decl_line
	.byte	11                              @ DW_FORM_data1
	.byte	0                               @ EOM(1)
	.byte	0                               @ EOM(2)
	.byte	6                               @ Abbreviation Code
	.byte	15                              @ DW_TAG_pointer_type
	.byte	0                               @ DW_CHILDREN_no
	.byte	73                              @ DW_AT_type
	.byte	19                              @ DW_FORM_ref4
	.byte	0                               @ EOM(1)
	.byte	0                               @ EOM(2)
	.byte	7                               @ Abbreviation Code
	.byte	19                              @ DW_TAG_structure_type
	.byte	1                               @ DW_CHILDREN_yes
	.byte	3                               @ DW_AT_name
	.byte	14                              @ DW_FORM_strp
	.byte	11                              @ DW_AT_byte_size
	.byte	11                              @ DW_FORM_data1
	.byte	58                              @ DW_AT_decl_file
	.byte	11                              @ DW_FORM_data1
	.byte	59                              @ DW_AT_decl_line
	.byte	5                               @ DW_FORM_data2
	.byte	0                               @ EOM(1)
	.byte	0                               @ EOM(2)
	.byte	8                               @ Abbreviation Code
	.byte	13                              @ DW_TAG_member
	.byte	0                               @ DW_CHILDREN_no
	.byte	3                               @ DW_AT_name
	.byte	14                              @ DW_FORM_strp
	.byte	73                              @ DW_AT_type
	.byte	19                              @ DW_FORM_ref4
	.byte	58                              @ DW_AT_decl_file
	.byte	11                              @ DW_FORM_data1
	.byte	59                              @ DW_AT_decl_line
	.byte	5                               @ DW_FORM_data2
	.byte	56                              @ DW_AT_data_member_location
	.byte	11                              @ DW_FORM_data1
	.byte	0                               @ EOM(1)
	.byte	0                               @ EOM(2)
	.byte	9                               @ Abbreviation Code
	.byte	22                              @ DW_TAG_typedef
	.byte	0                               @ DW_CHILDREN_no
	.byte	73                              @ DW_AT_type
	.byte	19                              @ DW_FORM_ref4
	.byte	3                               @ DW_AT_name
	.byte	14                              @ DW_FORM_strp
	.byte	58                              @ DW_AT_decl_file
	.byte	11                              @ DW_FORM_data1
	.byte	59                              @ DW_AT_decl_line
	.byte	11                              @ DW_FORM_data1
	.byte	0                               @ EOM(1)
	.byte	0                               @ EOM(2)
	.byte	10                              @ Abbreviation Code
	.byte	1                               @ DW_TAG_array_type
	.byte	1                               @ DW_CHILDREN_yes
	.byte	73                              @ DW_AT_type
	.byte	19                              @ DW_FORM_ref4
	.byte	0                               @ EOM(1)
	.byte	0                               @ EOM(2)
	.byte	11                              @ Abbreviation Code
	.byte	33                              @ DW_TAG_subrange_type
	.byte	0                               @ DW_CHILDREN_no
	.byte	73                              @ DW_AT_type
	.byte	19                              @ DW_FORM_ref4
	.byte	0                               @ EOM(1)
	.byte	0                               @ EOM(2)
	.byte	12                              @ Abbreviation Code
	.byte	36                              @ DW_TAG_base_type
	.byte	0                               @ DW_CHILDREN_no
	.byte	3                               @ DW_AT_name
	.byte	14                              @ DW_FORM_strp
	.byte	11                              @ DW_AT_byte_size
	.byte	11                              @ DW_FORM_data1
	.byte	62                              @ DW_AT_encoding
	.byte	11                              @ DW_FORM_data1
	.byte	0                               @ EOM(1)
	.byte	0                               @ EOM(2)
	.byte	13                              @ Abbreviation Code
	.byte	19                              @ DW_TAG_structure_type
	.byte	1                               @ DW_CHILDREN_yes
	.byte	3                               @ DW_AT_name
	.byte	14                              @ DW_FORM_strp
	.byte	11                              @ DW_AT_byte_size
	.byte	11                              @ DW_FORM_data1
	.byte	58                              @ DW_AT_decl_file
	.byte	11                              @ DW_FORM_data1
	.byte	59                              @ DW_AT_decl_line
	.byte	11                              @ DW_FORM_data1
	.byte	0                               @ EOM(1)
	.byte	0                               @ EOM(2)
	.byte	14                              @ Abbreviation Code
	.byte	13                              @ DW_TAG_member
	.byte	0                               @ DW_CHILDREN_no
	.byte	3                               @ DW_AT_name
	.byte	14                              @ DW_FORM_strp
	.byte	73                              @ DW_AT_type
	.byte	19                              @ DW_FORM_ref4
	.byte	58                              @ DW_AT_decl_file
	.byte	11                              @ DW_FORM_data1
	.byte	59                              @ DW_AT_decl_line
	.byte	11                              @ DW_FORM_data1
	.byte	56                              @ DW_AT_data_member_location
	.byte	11                              @ DW_FORM_data1
	.byte	0                               @ EOM(1)
	.byte	0                               @ EOM(2)
	.byte	15                              @ Abbreviation Code
	.byte	46                              @ DW_TAG_subprogram
	.byte	1                               @ DW_CHILDREN_yes
	.byte	17                              @ DW_AT_low_pc
	.byte	1                               @ DW_FORM_addr
	.byte	18                              @ DW_AT_high_pc
	.byte	6                               @ DW_FORM_data4
	.byte	64                              @ DW_AT_frame_base
	.byte	24                              @ DW_FORM_exprloc
	.ascii	"\227B"                         @ DW_AT_GNU_all_call_sites
	.byte	25                              @ DW_FORM_flag_present
	.byte	3                               @ DW_AT_name
	.byte	14                              @ DW_FORM_strp
	.byte	58                              @ DW_AT_decl_file
	.byte	11                              @ DW_FORM_data1
	.byte	59                              @ DW_AT_decl_line
	.byte	11                              @ DW_FORM_data1
	.byte	39                              @ DW_AT_prototyped
	.byte	25                              @ DW_FORM_flag_present
	.byte	73                              @ DW_AT_type
	.byte	19                              @ DW_FORM_ref4
	.byte	63                              @ DW_AT_external
	.byte	25                              @ DW_FORM_flag_present
	.byte	0                               @ EOM(1)
	.byte	0                               @ EOM(2)
	.byte	16                              @ Abbreviation Code
	.byte	5                               @ DW_TAG_formal_parameter
	.byte	0                               @ DW_CHILDREN_no
	.byte	2                               @ DW_AT_location
	.byte	23                              @ DW_FORM_sec_offset
	.byte	3                               @ DW_AT_name
	.byte	14                              @ DW_FORM_strp
	.byte	58                              @ DW_AT_decl_file
	.byte	11                              @ DW_FORM_data1
	.byte	59                              @ DW_AT_decl_line
	.byte	11                              @ DW_FORM_data1
	.byte	73                              @ DW_AT_type
	.byte	19                              @ DW_FORM_ref4
	.byte	0                               @ EOM(1)
	.byte	0                               @ EOM(2)
	.byte	17                              @ Abbreviation Code
	.byte	52                              @ DW_TAG_variable
	.byte	0                               @ DW_CHILDREN_no
	.byte	2                               @ DW_AT_location
	.byte	23                              @ DW_FORM_sec_offset
	.byte	3                               @ DW_AT_name
	.byte	14                              @ DW_FORM_strp
	.byte	58                              @ DW_AT_decl_file
	.byte	11                              @ DW_FORM_data1
	.byte	59                              @ DW_AT_decl_line
	.byte	11                              @ DW_FORM_data1
	.byte	73                              @ DW_AT_type
	.byte	19                              @ DW_FORM_ref4
	.byte	0                               @ EOM(1)
	.byte	0                               @ EOM(2)
	.byte	18                              @ Abbreviation Code
	.byte	46                              @ DW_TAG_subprogram
	.byte	0                               @ DW_CHILDREN_no
	.byte	17                              @ DW_AT_low_pc
	.byte	1                               @ DW_FORM_addr
	.byte	18                              @ DW_AT_high_pc
	.byte	6                               @ DW_FORM_data4
	.byte	64                              @ DW_AT_frame_base
	.byte	24                              @ DW_FORM_exprloc
	.ascii	"\227B"                         @ DW_AT_GNU_all_call_sites
	.byte	25                              @ DW_FORM_flag_present
	.byte	3                               @ DW_AT_name
	.byte	14                              @ DW_FORM_strp
	.byte	58                              @ DW_AT_decl_file
	.byte	11                              @ DW_FORM_data1
	.byte	59                              @ DW_AT_decl_line
	.byte	11                              @ DW_FORM_data1
	.byte	39                              @ DW_AT_prototyped
	.byte	25                              @ DW_FORM_flag_present
	.byte	63                              @ DW_AT_external
	.byte	25                              @ DW_FORM_flag_present
	.byte	0                               @ EOM(1)
	.byte	0                               @ EOM(2)
	.byte	19                              @ Abbreviation Code
	.byte	46                              @ DW_TAG_subprogram
	.byte	1                               @ DW_CHILDREN_yes
	.byte	17                              @ DW_AT_low_pc
	.byte	1                               @ DW_FORM_addr
	.byte	18                              @ DW_AT_high_pc
	.byte	6                               @ DW_FORM_data4
	.byte	64                              @ DW_AT_frame_base
	.byte	24                              @ DW_FORM_exprloc
	.ascii	"\227B"                         @ DW_AT_GNU_all_call_sites
	.byte	25                              @ DW_FORM_flag_present
	.byte	3                               @ DW_AT_name
	.byte	14                              @ DW_FORM_strp
	.byte	58                              @ DW_AT_decl_file
	.byte	11                              @ DW_FORM_data1
	.byte	59                              @ DW_AT_decl_line
	.byte	11                              @ DW_FORM_data1
	.byte	39                              @ DW_AT_prototyped
	.byte	25                              @ DW_FORM_flag_present
	.byte	63                              @ DW_AT_external
	.byte	25                              @ DW_FORM_flag_present
	.byte	0                               @ EOM(1)
	.byte	0                               @ EOM(2)
	.byte	20                              @ Abbreviation Code
	.byte	38                              @ DW_TAG_const_type
	.byte	0                               @ DW_CHILDREN_no
	.byte	73                              @ DW_AT_type
	.byte	19                              @ DW_FORM_ref4
	.byte	0                               @ EOM(1)
	.byte	0                               @ EOM(2)
	.byte	21                              @ Abbreviation Code
	.byte	22                              @ DW_TAG_typedef
	.byte	0                               @ DW_CHILDREN_no
	.byte	73                              @ DW_AT_type
	.byte	19                              @ DW_FORM_ref4
	.byte	3                               @ DW_AT_name
	.byte	14                              @ DW_FORM_strp
	.byte	58                              @ DW_AT_decl_file
	.byte	11                              @ DW_FORM_data1
	.byte	59                              @ DW_AT_decl_line
	.byte	5                               @ DW_FORM_data2
	.byte	0                               @ EOM(1)
	.byte	0                               @ EOM(2)
	.byte	22                              @ Abbreviation Code
	.byte	21                              @ DW_TAG_subroutine_type
	.byte	0                               @ DW_CHILDREN_no
	.byte	39                              @ DW_AT_prototyped
	.byte	25                              @ DW_FORM_flag_present
	.byte	0                               @ EOM(1)
	.byte	0                               @ EOM(2)
	.byte	23                              @ Abbreviation Code
	.byte	21                              @ DW_TAG_subroutine_type
	.byte	1                               @ DW_CHILDREN_yes
	.byte	39                              @ DW_AT_prototyped
	.byte	25                              @ DW_FORM_flag_present
	.byte	0                               @ EOM(1)
	.byte	0                               @ EOM(2)
	.byte	24                              @ Abbreviation Code
	.byte	5                               @ DW_TAG_formal_parameter
	.byte	0                               @ DW_CHILDREN_no
	.byte	73                              @ DW_AT_type
	.byte	19                              @ DW_FORM_ref4
	.byte	0                               @ EOM(1)
	.byte	0                               @ EOM(2)
	.byte	25                              @ Abbreviation Code
	.byte	21                              @ DW_TAG_subroutine_type
	.byte	1                               @ DW_CHILDREN_yes
	.byte	73                              @ DW_AT_type
	.byte	19                              @ DW_FORM_ref4
	.byte	39                              @ DW_AT_prototyped
	.byte	25                              @ DW_FORM_flag_present
	.byte	0                               @ EOM(1)
	.byte	0                               @ EOM(2)
	.byte	0                               @ EOM(3)
	.section	.debug_info,"",%progbits
.Lcu_begin0:
	.long	.Ldebug_info_end0-.Ldebug_info_start0 @ Length of Unit
.Ldebug_info_start0:
	.short	4                               @ DWARF version number
	.long	.debug_abbrev                   @ Offset Into Abbrev. Section
	.byte	4                               @ Address Size (in bytes)
	.byte	1                               @ Abbrev [1] 0xb:0x780 DW_TAG_compile_unit
	.long	.Linfo_string0                  @ DW_AT_producer
	.short	12                              @ DW_AT_language
	.long	.Linfo_string1                  @ DW_AT_name
	.long	.Lline_table_start0             @ DW_AT_stmt_list
	.long	.Linfo_string2                  @ DW_AT_comp_dir
	.long	.Lfunc_begin0                   @ DW_AT_low_pc
	.long	.Lfunc_end2-.Lfunc_begin0       @ DW_AT_high_pc
	.byte	2                               @ Abbrev [2] 0x26:0x1c9 DW_TAG_enumeration_type
	.long	495                             @ DW_AT_type
	.long	.Linfo_string77                 @ DW_AT_name
	.byte	1                               @ DW_AT_byte_size
	.byte	1                               @ DW_AT_decl_file
	.short	514                             @ DW_AT_decl_line
	.byte	3                               @ Abbrev [3] 0x33:0x6 DW_TAG_enumerator
	.long	.Linfo_string4                  @ DW_AT_name
	.byte	0                               @ DW_AT_const_value
	.byte	3                               @ Abbrev [3] 0x39:0x6 DW_TAG_enumerator
	.long	.Linfo_string5                  @ DW_AT_name
	.byte	1                               @ DW_AT_const_value
	.byte	3                               @ Abbrev [3] 0x3f:0x6 DW_TAG_enumerator
	.long	.Linfo_string6                  @ DW_AT_name
	.byte	2                               @ DW_AT_const_value
	.byte	3                               @ Abbrev [3] 0x45:0x6 DW_TAG_enumerator
	.long	.Linfo_string7                  @ DW_AT_name
	.byte	3                               @ DW_AT_const_value
	.byte	3                               @ Abbrev [3] 0x4b:0x6 DW_TAG_enumerator
	.long	.Linfo_string8                  @ DW_AT_name
	.byte	4                               @ DW_AT_const_value
	.byte	3                               @ Abbrev [3] 0x51:0x6 DW_TAG_enumerator
	.long	.Linfo_string9                  @ DW_AT_name
	.byte	5                               @ DW_AT_const_value
	.byte	3                               @ Abbrev [3] 0x57:0x6 DW_TAG_enumerator
	.long	.Linfo_string10                 @ DW_AT_name
	.byte	6                               @ DW_AT_const_value
	.byte	3                               @ Abbrev [3] 0x5d:0x6 DW_TAG_enumerator
	.long	.Linfo_string11                 @ DW_AT_name
	.byte	7                               @ DW_AT_const_value
	.byte	3                               @ Abbrev [3] 0x63:0x6 DW_TAG_enumerator
	.long	.Linfo_string12                 @ DW_AT_name
	.byte	8                               @ DW_AT_const_value
	.byte	3                               @ Abbrev [3] 0x69:0x6 DW_TAG_enumerator
	.long	.Linfo_string13                 @ DW_AT_name
	.byte	9                               @ DW_AT_const_value
	.byte	3                               @ Abbrev [3] 0x6f:0x6 DW_TAG_enumerator
	.long	.Linfo_string14                 @ DW_AT_name
	.byte	10                              @ DW_AT_const_value
	.byte	3                               @ Abbrev [3] 0x75:0x6 DW_TAG_enumerator
	.long	.Linfo_string15                 @ DW_AT_name
	.byte	11                              @ DW_AT_const_value
	.byte	3                               @ Abbrev [3] 0x7b:0x6 DW_TAG_enumerator
	.long	.Linfo_string16                 @ DW_AT_name
	.byte	12                              @ DW_AT_const_value
	.byte	3                               @ Abbrev [3] 0x81:0x6 DW_TAG_enumerator
	.long	.Linfo_string17                 @ DW_AT_name
	.byte	13                              @ DW_AT_const_value
	.byte	3                               @ Abbrev [3] 0x87:0x6 DW_TAG_enumerator
	.long	.Linfo_string18                 @ DW_AT_name
	.byte	14                              @ DW_AT_const_value
	.byte	3                               @ Abbrev [3] 0x8d:0x6 DW_TAG_enumerator
	.long	.Linfo_string19                 @ DW_AT_name
	.byte	15                              @ DW_AT_const_value
	.byte	3                               @ Abbrev [3] 0x93:0x6 DW_TAG_enumerator
	.long	.Linfo_string20                 @ DW_AT_name
	.byte	16                              @ DW_AT_const_value
	.byte	3                               @ Abbrev [3] 0x99:0x6 DW_TAG_enumerator
	.long	.Linfo_string21                 @ DW_AT_name
	.byte	20                              @ DW_AT_const_value
	.byte	3                               @ Abbrev [3] 0x9f:0x6 DW_TAG_enumerator
	.long	.Linfo_string22                 @ DW_AT_name
	.byte	21                              @ DW_AT_const_value
	.byte	3                               @ Abbrev [3] 0xa5:0x6 DW_TAG_enumerator
	.long	.Linfo_string23                 @ DW_AT_name
	.byte	22                              @ DW_AT_const_value
	.byte	3                               @ Abbrev [3] 0xab:0x6 DW_TAG_enumerator
	.long	.Linfo_string24                 @ DW_AT_name
	.byte	23                              @ DW_AT_const_value
	.byte	3                               @ Abbrev [3] 0xb1:0x6 DW_TAG_enumerator
	.long	.Linfo_string25                 @ DW_AT_name
	.byte	24                              @ DW_AT_const_value
	.byte	3                               @ Abbrev [3] 0xb7:0x6 DW_TAG_enumerator
	.long	.Linfo_string26                 @ DW_AT_name
	.byte	25                              @ DW_AT_const_value
	.byte	3                               @ Abbrev [3] 0xbd:0x6 DW_TAG_enumerator
	.long	.Linfo_string27                 @ DW_AT_name
	.byte	26                              @ DW_AT_const_value
	.byte	3                               @ Abbrev [3] 0xc3:0x6 DW_TAG_enumerator
	.long	.Linfo_string28                 @ DW_AT_name
	.byte	27                              @ DW_AT_const_value
	.byte	3                               @ Abbrev [3] 0xc9:0x6 DW_TAG_enumerator
	.long	.Linfo_string29                 @ DW_AT_name
	.byte	28                              @ DW_AT_const_value
	.byte	3                               @ Abbrev [3] 0xcf:0x6 DW_TAG_enumerator
	.long	.Linfo_string30                 @ DW_AT_name
	.byte	29                              @ DW_AT_const_value
	.byte	3                               @ Abbrev [3] 0xd5:0x6 DW_TAG_enumerator
	.long	.Linfo_string31                 @ DW_AT_name
	.byte	30                              @ DW_AT_const_value
	.byte	3                               @ Abbrev [3] 0xdb:0x6 DW_TAG_enumerator
	.long	.Linfo_string32                 @ DW_AT_name
	.byte	31                              @ DW_AT_const_value
	.byte	3                               @ Abbrev [3] 0xe1:0x6 DW_TAG_enumerator
	.long	.Linfo_string33                 @ DW_AT_name
	.byte	32                              @ DW_AT_const_value
	.byte	3                               @ Abbrev [3] 0xe7:0x6 DW_TAG_enumerator
	.long	.Linfo_string34                 @ DW_AT_name
	.byte	33                              @ DW_AT_const_value
	.byte	3                               @ Abbrev [3] 0xed:0x6 DW_TAG_enumerator
	.long	.Linfo_string35                 @ DW_AT_name
	.byte	34                              @ DW_AT_const_value
	.byte	3                               @ Abbrev [3] 0xf3:0x6 DW_TAG_enumerator
	.long	.Linfo_string36                 @ DW_AT_name
	.byte	35                              @ DW_AT_const_value
	.byte	3                               @ Abbrev [3] 0xf9:0x6 DW_TAG_enumerator
	.long	.Linfo_string37                 @ DW_AT_name
	.byte	36                              @ DW_AT_const_value
	.byte	3                               @ Abbrev [3] 0xff:0x6 DW_TAG_enumerator
	.long	.Linfo_string38                 @ DW_AT_name
	.byte	37                              @ DW_AT_const_value
	.byte	3                               @ Abbrev [3] 0x105:0x6 DW_TAG_enumerator
	.long	.Linfo_string39                 @ DW_AT_name
	.byte	38                              @ DW_AT_const_value
	.byte	3                               @ Abbrev [3] 0x10b:0x6 DW_TAG_enumerator
	.long	.Linfo_string40                 @ DW_AT_name
	.byte	39                              @ DW_AT_const_value
	.byte	3                               @ Abbrev [3] 0x111:0x6 DW_TAG_enumerator
	.long	.Linfo_string41                 @ DW_AT_name
	.byte	40                              @ DW_AT_const_value
	.byte	3                               @ Abbrev [3] 0x117:0x6 DW_TAG_enumerator
	.long	.Linfo_string42                 @ DW_AT_name
	.byte	41                              @ DW_AT_const_value
	.byte	3                               @ Abbrev [3] 0x11d:0x6 DW_TAG_enumerator
	.long	.Linfo_string43                 @ DW_AT_name
	.byte	42                              @ DW_AT_const_value
	.byte	3                               @ Abbrev [3] 0x123:0x6 DW_TAG_enumerator
	.long	.Linfo_string44                 @ DW_AT_name
	.byte	43                              @ DW_AT_const_value
	.byte	3                               @ Abbrev [3] 0x129:0x6 DW_TAG_enumerator
	.long	.Linfo_string45                 @ DW_AT_name
	.byte	44                              @ DW_AT_const_value
	.byte	3                               @ Abbrev [3] 0x12f:0x6 DW_TAG_enumerator
	.long	.Linfo_string46                 @ DW_AT_name
	.byte	45                              @ DW_AT_const_value
	.byte	3                               @ Abbrev [3] 0x135:0x6 DW_TAG_enumerator
	.long	.Linfo_string47                 @ DW_AT_name
	.byte	46                              @ DW_AT_const_value
	.byte	3                               @ Abbrev [3] 0x13b:0x6 DW_TAG_enumerator
	.long	.Linfo_string48                 @ DW_AT_name
	.byte	47                              @ DW_AT_const_value
	.byte	3                               @ Abbrev [3] 0x141:0x6 DW_TAG_enumerator
	.long	.Linfo_string49                 @ DW_AT_name
	.byte	48                              @ DW_AT_const_value
	.byte	3                               @ Abbrev [3] 0x147:0x6 DW_TAG_enumerator
	.long	.Linfo_string50                 @ DW_AT_name
	.byte	49                              @ DW_AT_const_value
	.byte	3                               @ Abbrev [3] 0x14d:0x6 DW_TAG_enumerator
	.long	.Linfo_string51                 @ DW_AT_name
	.byte	50                              @ DW_AT_const_value
	.byte	3                               @ Abbrev [3] 0x153:0x6 DW_TAG_enumerator
	.long	.Linfo_string52                 @ DW_AT_name
	.byte	51                              @ DW_AT_const_value
	.byte	3                               @ Abbrev [3] 0x159:0x6 DW_TAG_enumerator
	.long	.Linfo_string53                 @ DW_AT_name
	.byte	52                              @ DW_AT_const_value
	.byte	3                               @ Abbrev [3] 0x15f:0x6 DW_TAG_enumerator
	.long	.Linfo_string54                 @ DW_AT_name
	.byte	53                              @ DW_AT_const_value
	.byte	3                               @ Abbrev [3] 0x165:0x6 DW_TAG_enumerator
	.long	.Linfo_string55                 @ DW_AT_name
	.byte	54                              @ DW_AT_const_value
	.byte	3                               @ Abbrev [3] 0x16b:0x6 DW_TAG_enumerator
	.long	.Linfo_string56                 @ DW_AT_name
	.byte	55                              @ DW_AT_const_value
	.byte	3                               @ Abbrev [3] 0x171:0x6 DW_TAG_enumerator
	.long	.Linfo_string57                 @ DW_AT_name
	.byte	56                              @ DW_AT_const_value
	.byte	3                               @ Abbrev [3] 0x177:0x6 DW_TAG_enumerator
	.long	.Linfo_string58                 @ DW_AT_name
	.byte	57                              @ DW_AT_const_value
	.byte	3                               @ Abbrev [3] 0x17d:0x6 DW_TAG_enumerator
	.long	.Linfo_string59                 @ DW_AT_name
	.byte	58                              @ DW_AT_const_value
	.byte	3                               @ Abbrev [3] 0x183:0x6 DW_TAG_enumerator
	.long	.Linfo_string60                 @ DW_AT_name
	.byte	59                              @ DW_AT_const_value
	.byte	3                               @ Abbrev [3] 0x189:0x6 DW_TAG_enumerator
	.long	.Linfo_string61                 @ DW_AT_name
	.byte	60                              @ DW_AT_const_value
	.byte	3                               @ Abbrev [3] 0x18f:0x6 DW_TAG_enumerator
	.long	.Linfo_string62                 @ DW_AT_name
	.byte	61                              @ DW_AT_const_value
	.byte	3                               @ Abbrev [3] 0x195:0x6 DW_TAG_enumerator
	.long	.Linfo_string63                 @ DW_AT_name
	.byte	62                              @ DW_AT_const_value
	.byte	3                               @ Abbrev [3] 0x19b:0x6 DW_TAG_enumerator
	.long	.Linfo_string64                 @ DW_AT_name
	.byte	63                              @ DW_AT_const_value
	.byte	3                               @ Abbrev [3] 0x1a1:0x6 DW_TAG_enumerator
	.long	.Linfo_string65                 @ DW_AT_name
	.byte	64                              @ DW_AT_const_value
	.byte	3                               @ Abbrev [3] 0x1a7:0x6 DW_TAG_enumerator
	.long	.Linfo_string66                 @ DW_AT_name
	.byte	65                              @ DW_AT_const_value
	.byte	3                               @ Abbrev [3] 0x1ad:0x6 DW_TAG_enumerator
	.long	.Linfo_string67                 @ DW_AT_name
	.byte	66                              @ DW_AT_const_value
	.byte	3                               @ Abbrev [3] 0x1b3:0x6 DW_TAG_enumerator
	.long	.Linfo_string68                 @ DW_AT_name
	.byte	69                              @ DW_AT_const_value
	.byte	3                               @ Abbrev [3] 0x1b9:0x6 DW_TAG_enumerator
	.long	.Linfo_string69                 @ DW_AT_name
	.byte	70                              @ DW_AT_const_value
	.byte	3                               @ Abbrev [3] 0x1bf:0x6 DW_TAG_enumerator
	.long	.Linfo_string70                 @ DW_AT_name
	.byte	67                              @ DW_AT_const_value
	.byte	3                               @ Abbrev [3] 0x1c5:0x6 DW_TAG_enumerator
	.long	.Linfo_string71                 @ DW_AT_name
	.byte	68                              @ DW_AT_const_value
	.byte	3                               @ Abbrev [3] 0x1cb:0x7 DW_TAG_enumerator
	.long	.Linfo_string72                 @ DW_AT_name
	.ascii	"\240\001"                      @ DW_AT_const_value
	.byte	3                               @ Abbrev [3] 0x1d2:0x7 DW_TAG_enumerator
	.long	.Linfo_string73                 @ DW_AT_name
	.ascii	"\374\001"                      @ DW_AT_const_value
	.byte	3                               @ Abbrev [3] 0x1d9:0x7 DW_TAG_enumerator
	.long	.Linfo_string74                 @ DW_AT_name
	.ascii	"\375\001"                      @ DW_AT_const_value
	.byte	3                               @ Abbrev [3] 0x1e0:0x7 DW_TAG_enumerator
	.long	.Linfo_string75                 @ DW_AT_name
	.ascii	"\376\001"                      @ DW_AT_const_value
	.byte	3                               @ Abbrev [3] 0x1e7:0x7 DW_TAG_enumerator
	.long	.Linfo_string76                 @ DW_AT_name
	.ascii	"\377\001"                      @ DW_AT_const_value
	.byte	0                               @ End Of Children Mark
	.byte	4                               @ Abbrev [4] 0x1ef:0x7 DW_TAG_base_type
	.long	.Linfo_string3                  @ DW_AT_name
	.byte	8                               @ DW_AT_encoding
	.byte	1                               @ DW_AT_byte_size
	.byte	5                               @ Abbrev [5] 0x1f6:0x13a DW_TAG_enumeration_type
	.long	816                             @ DW_AT_type
	.long	.Linfo_string122                @ DW_AT_name
	.byte	2                               @ DW_AT_byte_size
	.byte	2                               @ DW_AT_decl_file
	.byte	65                              @ DW_AT_decl_line
	.byte	3                               @ Abbrev [3] 0x202:0x7 DW_TAG_enumerator
	.long	.Linfo_string79                 @ DW_AT_name
	.ascii	"\200\032"                      @ DW_AT_const_value
	.byte	3                               @ Abbrev [3] 0x209:0x7 DW_TAG_enumerator
	.long	.Linfo_string80                 @ DW_AT_name
	.ascii	"\201\032"                      @ DW_AT_const_value
	.byte	3                               @ Abbrev [3] 0x210:0x7 DW_TAG_enumerator
	.long	.Linfo_string81                 @ DW_AT_name
	.ascii	"\202\032"                      @ DW_AT_const_value
	.byte	3                               @ Abbrev [3] 0x217:0x7 DW_TAG_enumerator
	.long	.Linfo_string82                 @ DW_AT_name
	.ascii	"\203\032"                      @ DW_AT_const_value
	.byte	3                               @ Abbrev [3] 0x21e:0x7 DW_TAG_enumerator
	.long	.Linfo_string83                 @ DW_AT_name
	.ascii	"\204\032"                      @ DW_AT_const_value
	.byte	3                               @ Abbrev [3] 0x225:0x7 DW_TAG_enumerator
	.long	.Linfo_string84                 @ DW_AT_name
	.ascii	"\205\032"                      @ DW_AT_const_value
	.byte	3                               @ Abbrev [3] 0x22c:0x7 DW_TAG_enumerator
	.long	.Linfo_string85                 @ DW_AT_name
	.ascii	"\206\032"                      @ DW_AT_const_value
	.byte	3                               @ Abbrev [3] 0x233:0x7 DW_TAG_enumerator
	.long	.Linfo_string86                 @ DW_AT_name
	.ascii	"\207\032"                      @ DW_AT_const_value
	.byte	3                               @ Abbrev [3] 0x23a:0x7 DW_TAG_enumerator
	.long	.Linfo_string87                 @ DW_AT_name
	.ascii	"\210\032"                      @ DW_AT_const_value
	.byte	3                               @ Abbrev [3] 0x241:0x7 DW_TAG_enumerator
	.long	.Linfo_string88                 @ DW_AT_name
	.ascii	"\211\032"                      @ DW_AT_const_value
	.byte	3                               @ Abbrev [3] 0x248:0x7 DW_TAG_enumerator
	.long	.Linfo_string89                 @ DW_AT_name
	.ascii	"\212\032"                      @ DW_AT_const_value
	.byte	3                               @ Abbrev [3] 0x24f:0x7 DW_TAG_enumerator
	.long	.Linfo_string90                 @ DW_AT_name
	.ascii	"\213\032"                      @ DW_AT_const_value
	.byte	3                               @ Abbrev [3] 0x256:0x7 DW_TAG_enumerator
	.long	.Linfo_string91                 @ DW_AT_name
	.ascii	"\214\032"                      @ DW_AT_const_value
	.byte	3                               @ Abbrev [3] 0x25d:0x7 DW_TAG_enumerator
	.long	.Linfo_string92                 @ DW_AT_name
	.ascii	"\215\032"                      @ DW_AT_const_value
	.byte	3                               @ Abbrev [3] 0x264:0x7 DW_TAG_enumerator
	.long	.Linfo_string93                 @ DW_AT_name
	.ascii	"\216\032"                      @ DW_AT_const_value
	.byte	3                               @ Abbrev [3] 0x26b:0x7 DW_TAG_enumerator
	.long	.Linfo_string94                 @ DW_AT_name
	.ascii	"\217\032"                      @ DW_AT_const_value
	.byte	3                               @ Abbrev [3] 0x272:0x7 DW_TAG_enumerator
	.long	.Linfo_string95                 @ DW_AT_name
	.ascii	"\220\032"                      @ DW_AT_const_value
	.byte	3                               @ Abbrev [3] 0x279:0x7 DW_TAG_enumerator
	.long	.Linfo_string96                 @ DW_AT_name
	.ascii	"\221\032"                      @ DW_AT_const_value
	.byte	3                               @ Abbrev [3] 0x280:0x7 DW_TAG_enumerator
	.long	.Linfo_string97                 @ DW_AT_name
	.ascii	"\222\032"                      @ DW_AT_const_value
	.byte	3                               @ Abbrev [3] 0x287:0x7 DW_TAG_enumerator
	.long	.Linfo_string98                 @ DW_AT_name
	.ascii	"\223\032"                      @ DW_AT_const_value
	.byte	3                               @ Abbrev [3] 0x28e:0x7 DW_TAG_enumerator
	.long	.Linfo_string99                 @ DW_AT_name
	.ascii	"\224\032"                      @ DW_AT_const_value
	.byte	3                               @ Abbrev [3] 0x295:0x7 DW_TAG_enumerator
	.long	.Linfo_string100                @ DW_AT_name
	.ascii	"\225\032"                      @ DW_AT_const_value
	.byte	3                               @ Abbrev [3] 0x29c:0x7 DW_TAG_enumerator
	.long	.Linfo_string101                @ DW_AT_name
	.ascii	"\226\032"                      @ DW_AT_const_value
	.byte	3                               @ Abbrev [3] 0x2a3:0x7 DW_TAG_enumerator
	.long	.Linfo_string102                @ DW_AT_name
	.ascii	"\227\032"                      @ DW_AT_const_value
	.byte	3                               @ Abbrev [3] 0x2aa:0x7 DW_TAG_enumerator
	.long	.Linfo_string103                @ DW_AT_name
	.ascii	"\230\032"                      @ DW_AT_const_value
	.byte	3                               @ Abbrev [3] 0x2b1:0x7 DW_TAG_enumerator
	.long	.Linfo_string104                @ DW_AT_name
	.ascii	"\231\032"                      @ DW_AT_const_value
	.byte	3                               @ Abbrev [3] 0x2b8:0x7 DW_TAG_enumerator
	.long	.Linfo_string105                @ DW_AT_name
	.ascii	"\232\032"                      @ DW_AT_const_value
	.byte	3                               @ Abbrev [3] 0x2bf:0x7 DW_TAG_enumerator
	.long	.Linfo_string106                @ DW_AT_name
	.ascii	"\233\032"                      @ DW_AT_const_value
	.byte	3                               @ Abbrev [3] 0x2c6:0x7 DW_TAG_enumerator
	.long	.Linfo_string107                @ DW_AT_name
	.ascii	"\234\032"                      @ DW_AT_const_value
	.byte	3                               @ Abbrev [3] 0x2cd:0x7 DW_TAG_enumerator
	.long	.Linfo_string108                @ DW_AT_name
	.ascii	"\235\032"                      @ DW_AT_const_value
	.byte	3                               @ Abbrev [3] 0x2d4:0x7 DW_TAG_enumerator
	.long	.Linfo_string109                @ DW_AT_name
	.ascii	"\236\032"                      @ DW_AT_const_value
	.byte	3                               @ Abbrev [3] 0x2db:0x7 DW_TAG_enumerator
	.long	.Linfo_string110                @ DW_AT_name
	.ascii	"\237\032"                      @ DW_AT_const_value
	.byte	3                               @ Abbrev [3] 0x2e2:0x7 DW_TAG_enumerator
	.long	.Linfo_string111                @ DW_AT_name
	.ascii	"\240\032"                      @ DW_AT_const_value
	.byte	3                               @ Abbrev [3] 0x2e9:0x7 DW_TAG_enumerator
	.long	.Linfo_string112                @ DW_AT_name
	.ascii	"\241\032"                      @ DW_AT_const_value
	.byte	3                               @ Abbrev [3] 0x2f0:0x7 DW_TAG_enumerator
	.long	.Linfo_string113                @ DW_AT_name
	.ascii	"\242\032"                      @ DW_AT_const_value
	.byte	3                               @ Abbrev [3] 0x2f7:0x7 DW_TAG_enumerator
	.long	.Linfo_string114                @ DW_AT_name
	.ascii	"\243\032"                      @ DW_AT_const_value
	.byte	3                               @ Abbrev [3] 0x2fe:0x7 DW_TAG_enumerator
	.long	.Linfo_string115                @ DW_AT_name
	.ascii	"\244\032"                      @ DW_AT_const_value
	.byte	3                               @ Abbrev [3] 0x305:0x7 DW_TAG_enumerator
	.long	.Linfo_string116                @ DW_AT_name
	.ascii	"\245\032"                      @ DW_AT_const_value
	.byte	3                               @ Abbrev [3] 0x30c:0x7 DW_TAG_enumerator
	.long	.Linfo_string117                @ DW_AT_name
	.ascii	"\246\032"                      @ DW_AT_const_value
	.byte	3                               @ Abbrev [3] 0x313:0x7 DW_TAG_enumerator
	.long	.Linfo_string118                @ DW_AT_name
	.ascii	"\247\032"                      @ DW_AT_const_value
	.byte	3                               @ Abbrev [3] 0x31a:0x7 DW_TAG_enumerator
	.long	.Linfo_string119                @ DW_AT_name
	.ascii	"\250\032"                      @ DW_AT_const_value
	.byte	3                               @ Abbrev [3] 0x321:0x7 DW_TAG_enumerator
	.long	.Linfo_string120                @ DW_AT_name
	.ascii	"\251\032"                      @ DW_AT_const_value
	.byte	3                               @ Abbrev [3] 0x328:0x7 DW_TAG_enumerator
	.long	.Linfo_string121                @ DW_AT_name
	.ascii	"\252\032"                      @ DW_AT_const_value
	.byte	0                               @ End Of Children Mark
	.byte	4                               @ Abbrev [4] 0x330:0x7 DW_TAG_base_type
	.long	.Linfo_string78                 @ DW_AT_name
	.byte	7                               @ DW_AT_encoding
	.byte	2                               @ DW_AT_byte_size
	.byte	2                               @ Abbrev [2] 0x337:0x81 DW_TAG_enumeration_type
	.long	495                             @ DW_AT_type
	.long	.Linfo_string142                @ DW_AT_name
	.byte	1                               @ DW_AT_byte_size
	.byte	1                               @ DW_AT_decl_file
	.short	466                             @ DW_AT_decl_line
	.byte	3                               @ Abbrev [3] 0x344:0x6 DW_TAG_enumerator
	.long	.Linfo_string123                @ DW_AT_name
	.byte	0                               @ DW_AT_const_value
	.byte	3                               @ Abbrev [3] 0x34a:0x6 DW_TAG_enumerator
	.long	.Linfo_string124                @ DW_AT_name
	.byte	1                               @ DW_AT_const_value
	.byte	3                               @ Abbrev [3] 0x350:0x6 DW_TAG_enumerator
	.long	.Linfo_string125                @ DW_AT_name
	.byte	2                               @ DW_AT_const_value
	.byte	3                               @ Abbrev [3] 0x356:0x6 DW_TAG_enumerator
	.long	.Linfo_string126                @ DW_AT_name
	.byte	3                               @ DW_AT_const_value
	.byte	3                               @ Abbrev [3] 0x35c:0x6 DW_TAG_enumerator
	.long	.Linfo_string127                @ DW_AT_name
	.byte	4                               @ DW_AT_const_value
	.byte	3                               @ Abbrev [3] 0x362:0x6 DW_TAG_enumerator
	.long	.Linfo_string128                @ DW_AT_name
	.byte	5                               @ DW_AT_const_value
	.byte	3                               @ Abbrev [3] 0x368:0x6 DW_TAG_enumerator
	.long	.Linfo_string129                @ DW_AT_name
	.byte	6                               @ DW_AT_const_value
	.byte	3                               @ Abbrev [3] 0x36e:0x6 DW_TAG_enumerator
	.long	.Linfo_string130                @ DW_AT_name
	.byte	7                               @ DW_AT_const_value
	.byte	3                               @ Abbrev [3] 0x374:0x6 DW_TAG_enumerator
	.long	.Linfo_string131                @ DW_AT_name
	.byte	8                               @ DW_AT_const_value
	.byte	3                               @ Abbrev [3] 0x37a:0x6 DW_TAG_enumerator
	.long	.Linfo_string132                @ DW_AT_name
	.byte	9                               @ DW_AT_const_value
	.byte	3                               @ Abbrev [3] 0x380:0x6 DW_TAG_enumerator
	.long	.Linfo_string133                @ DW_AT_name
	.byte	10                              @ DW_AT_const_value
	.byte	3                               @ Abbrev [3] 0x386:0x6 DW_TAG_enumerator
	.long	.Linfo_string134                @ DW_AT_name
	.byte	11                              @ DW_AT_const_value
	.byte	3                               @ Abbrev [3] 0x38c:0x6 DW_TAG_enumerator
	.long	.Linfo_string135                @ DW_AT_name
	.byte	12                              @ DW_AT_const_value
	.byte	3                               @ Abbrev [3] 0x392:0x6 DW_TAG_enumerator
	.long	.Linfo_string136                @ DW_AT_name
	.byte	13                              @ DW_AT_const_value
	.byte	3                               @ Abbrev [3] 0x398:0x6 DW_TAG_enumerator
	.long	.Linfo_string137                @ DW_AT_name
	.byte	14                              @ DW_AT_const_value
	.byte	3                               @ Abbrev [3] 0x39e:0x6 DW_TAG_enumerator
	.long	.Linfo_string138                @ DW_AT_name
	.byte	15                              @ DW_AT_const_value
	.byte	3                               @ Abbrev [3] 0x3a4:0x6 DW_TAG_enumerator
	.long	.Linfo_string139                @ DW_AT_name
	.byte	25                              @ DW_AT_const_value
	.byte	3                               @ Abbrev [3] 0x3aa:0x6 DW_TAG_enumerator
	.long	.Linfo_string140                @ DW_AT_name
	.byte	26                              @ DW_AT_const_value
	.byte	3                               @ Abbrev [3] 0x3b0:0x7 DW_TAG_enumerator
	.long	.Linfo_string141                @ DW_AT_name
	.ascii	"\377\001"                      @ DW_AT_const_value
	.byte	0                               @ End Of Children Mark
	.byte	5                               @ Abbrev [5] 0x3b8:0x11b DW_TAG_enumeration_type
	.long	495                             @ DW_AT_type
	.long	.Linfo_string188                @ DW_AT_name
	.byte	1                               @ DW_AT_byte_size
	.byte	2                               @ DW_AT_decl_file
	.byte	183                             @ DW_AT_decl_line
	.byte	3                               @ Abbrev [3] 0x3c4:0x6 DW_TAG_enumerator
	.long	.Linfo_string143                @ DW_AT_name
	.byte	0                               @ DW_AT_const_value
	.byte	3                               @ Abbrev [3] 0x3ca:0x6 DW_TAG_enumerator
	.long	.Linfo_string144                @ DW_AT_name
	.byte	1                               @ DW_AT_const_value
	.byte	3                               @ Abbrev [3] 0x3d0:0x6 DW_TAG_enumerator
	.long	.Linfo_string145                @ DW_AT_name
	.byte	2                               @ DW_AT_const_value
	.byte	3                               @ Abbrev [3] 0x3d6:0x6 DW_TAG_enumerator
	.long	.Linfo_string146                @ DW_AT_name
	.byte	3                               @ DW_AT_const_value
	.byte	3                               @ Abbrev [3] 0x3dc:0x6 DW_TAG_enumerator
	.long	.Linfo_string147                @ DW_AT_name
	.byte	4                               @ DW_AT_const_value
	.byte	3                               @ Abbrev [3] 0x3e2:0x6 DW_TAG_enumerator
	.long	.Linfo_string148                @ DW_AT_name
	.byte	5                               @ DW_AT_const_value
	.byte	3                               @ Abbrev [3] 0x3e8:0x6 DW_TAG_enumerator
	.long	.Linfo_string149                @ DW_AT_name
	.byte	6                               @ DW_AT_const_value
	.byte	3                               @ Abbrev [3] 0x3ee:0x6 DW_TAG_enumerator
	.long	.Linfo_string150                @ DW_AT_name
	.byte	7                               @ DW_AT_const_value
	.byte	3                               @ Abbrev [3] 0x3f4:0x6 DW_TAG_enumerator
	.long	.Linfo_string151                @ DW_AT_name
	.byte	8                               @ DW_AT_const_value
	.byte	3                               @ Abbrev [3] 0x3fa:0x6 DW_TAG_enumerator
	.long	.Linfo_string152                @ DW_AT_name
	.byte	9                               @ DW_AT_const_value
	.byte	3                               @ Abbrev [3] 0x400:0x6 DW_TAG_enumerator
	.long	.Linfo_string153                @ DW_AT_name
	.byte	10                              @ DW_AT_const_value
	.byte	3                               @ Abbrev [3] 0x406:0x6 DW_TAG_enumerator
	.long	.Linfo_string154                @ DW_AT_name
	.byte	11                              @ DW_AT_const_value
	.byte	3                               @ Abbrev [3] 0x40c:0x6 DW_TAG_enumerator
	.long	.Linfo_string155                @ DW_AT_name
	.byte	12                              @ DW_AT_const_value
	.byte	3                               @ Abbrev [3] 0x412:0x6 DW_TAG_enumerator
	.long	.Linfo_string156                @ DW_AT_name
	.byte	13                              @ DW_AT_const_value
	.byte	3                               @ Abbrev [3] 0x418:0x6 DW_TAG_enumerator
	.long	.Linfo_string157                @ DW_AT_name
	.byte	14                              @ DW_AT_const_value
	.byte	3                               @ Abbrev [3] 0x41e:0x6 DW_TAG_enumerator
	.long	.Linfo_string158                @ DW_AT_name
	.byte	15                              @ DW_AT_const_value
	.byte	3                               @ Abbrev [3] 0x424:0x6 DW_TAG_enumerator
	.long	.Linfo_string159                @ DW_AT_name
	.byte	16                              @ DW_AT_const_value
	.byte	3                               @ Abbrev [3] 0x42a:0x6 DW_TAG_enumerator
	.long	.Linfo_string160                @ DW_AT_name
	.byte	17                              @ DW_AT_const_value
	.byte	3                               @ Abbrev [3] 0x430:0x6 DW_TAG_enumerator
	.long	.Linfo_string161                @ DW_AT_name
	.byte	18                              @ DW_AT_const_value
	.byte	3                               @ Abbrev [3] 0x436:0x6 DW_TAG_enumerator
	.long	.Linfo_string162                @ DW_AT_name
	.byte	19                              @ DW_AT_const_value
	.byte	3                               @ Abbrev [3] 0x43c:0x6 DW_TAG_enumerator
	.long	.Linfo_string163                @ DW_AT_name
	.byte	20                              @ DW_AT_const_value
	.byte	3                               @ Abbrev [3] 0x442:0x6 DW_TAG_enumerator
	.long	.Linfo_string164                @ DW_AT_name
	.byte	21                              @ DW_AT_const_value
	.byte	3                               @ Abbrev [3] 0x448:0x6 DW_TAG_enumerator
	.long	.Linfo_string165                @ DW_AT_name
	.byte	22                              @ DW_AT_const_value
	.byte	3                               @ Abbrev [3] 0x44e:0x6 DW_TAG_enumerator
	.long	.Linfo_string166                @ DW_AT_name
	.byte	23                              @ DW_AT_const_value
	.byte	3                               @ Abbrev [3] 0x454:0x6 DW_TAG_enumerator
	.long	.Linfo_string167                @ DW_AT_name
	.byte	24                              @ DW_AT_const_value
	.byte	3                               @ Abbrev [3] 0x45a:0x6 DW_TAG_enumerator
	.long	.Linfo_string168                @ DW_AT_name
	.byte	25                              @ DW_AT_const_value
	.byte	3                               @ Abbrev [3] 0x460:0x6 DW_TAG_enumerator
	.long	.Linfo_string169                @ DW_AT_name
	.byte	26                              @ DW_AT_const_value
	.byte	3                               @ Abbrev [3] 0x466:0x6 DW_TAG_enumerator
	.long	.Linfo_string170                @ DW_AT_name
	.byte	27                              @ DW_AT_const_value
	.byte	3                               @ Abbrev [3] 0x46c:0x6 DW_TAG_enumerator
	.long	.Linfo_string171                @ DW_AT_name
	.byte	28                              @ DW_AT_const_value
	.byte	3                               @ Abbrev [3] 0x472:0x6 DW_TAG_enumerator
	.long	.Linfo_string172                @ DW_AT_name
	.byte	29                              @ DW_AT_const_value
	.byte	3                               @ Abbrev [3] 0x478:0x6 DW_TAG_enumerator
	.long	.Linfo_string173                @ DW_AT_name
	.byte	30                              @ DW_AT_const_value
	.byte	3                               @ Abbrev [3] 0x47e:0x6 DW_TAG_enumerator
	.long	.Linfo_string174                @ DW_AT_name
	.byte	31                              @ DW_AT_const_value
	.byte	3                               @ Abbrev [3] 0x484:0x6 DW_TAG_enumerator
	.long	.Linfo_string175                @ DW_AT_name
	.byte	32                              @ DW_AT_const_value
	.byte	3                               @ Abbrev [3] 0x48a:0x6 DW_TAG_enumerator
	.long	.Linfo_string176                @ DW_AT_name
	.byte	33                              @ DW_AT_const_value
	.byte	3                               @ Abbrev [3] 0x490:0x6 DW_TAG_enumerator
	.long	.Linfo_string177                @ DW_AT_name
	.byte	34                              @ DW_AT_const_value
	.byte	3                               @ Abbrev [3] 0x496:0x6 DW_TAG_enumerator
	.long	.Linfo_string178                @ DW_AT_name
	.byte	35                              @ DW_AT_const_value
	.byte	3                               @ Abbrev [3] 0x49c:0x6 DW_TAG_enumerator
	.long	.Linfo_string179                @ DW_AT_name
	.byte	36                              @ DW_AT_const_value
	.byte	3                               @ Abbrev [3] 0x4a2:0x6 DW_TAG_enumerator
	.long	.Linfo_string180                @ DW_AT_name
	.byte	37                              @ DW_AT_const_value
	.byte	3                               @ Abbrev [3] 0x4a8:0x6 DW_TAG_enumerator
	.long	.Linfo_string181                @ DW_AT_name
	.byte	38                              @ DW_AT_const_value
	.byte	3                               @ Abbrev [3] 0x4ae:0x6 DW_TAG_enumerator
	.long	.Linfo_string182                @ DW_AT_name
	.byte	39                              @ DW_AT_const_value
	.byte	3                               @ Abbrev [3] 0x4b4:0x6 DW_TAG_enumerator
	.long	.Linfo_string183                @ DW_AT_name
	.byte	40                              @ DW_AT_const_value
	.byte	3                               @ Abbrev [3] 0x4ba:0x6 DW_TAG_enumerator
	.long	.Linfo_string184                @ DW_AT_name
	.byte	41                              @ DW_AT_const_value
	.byte	3                               @ Abbrev [3] 0x4c0:0x6 DW_TAG_enumerator
	.long	.Linfo_string185                @ DW_AT_name
	.byte	42                              @ DW_AT_const_value
	.byte	3                               @ Abbrev [3] 0x4c6:0x6 DW_TAG_enumerator
	.long	.Linfo_string186                @ DW_AT_name
	.byte	42                              @ DW_AT_const_value
	.byte	3                               @ Abbrev [3] 0x4cc:0x6 DW_TAG_enumerator
	.long	.Linfo_string187                @ DW_AT_name
	.byte	43                              @ DW_AT_const_value
	.byte	0                               @ End Of Children Mark
	.byte	5                               @ Abbrev [5] 0x4d3:0x2b DW_TAG_enumeration_type
	.long	495                             @ DW_AT_type
	.long	.Linfo_string194                @ DW_AT_name
	.byte	1                               @ DW_AT_byte_size
	.byte	3                               @ DW_AT_decl_file
	.byte	55                              @ DW_AT_decl_line
	.byte	3                               @ Abbrev [3] 0x4df:0x6 DW_TAG_enumerator
	.long	.Linfo_string189                @ DW_AT_name
	.byte	0                               @ DW_AT_const_value
	.byte	3                               @ Abbrev [3] 0x4e5:0x6 DW_TAG_enumerator
	.long	.Linfo_string190                @ DW_AT_name
	.byte	4                               @ DW_AT_const_value
	.byte	3                               @ Abbrev [3] 0x4eb:0x6 DW_TAG_enumerator
	.long	.Linfo_string191                @ DW_AT_name
	.byte	8                               @ DW_AT_const_value
	.byte	3                               @ Abbrev [3] 0x4f1:0x6 DW_TAG_enumerator
	.long	.Linfo_string192                @ DW_AT_name
	.byte	12                              @ DW_AT_const_value
	.byte	3                               @ Abbrev [3] 0x4f7:0x6 DW_TAG_enumerator
	.long	.Linfo_string193                @ DW_AT_name
	.byte	16                              @ DW_AT_const_value
	.byte	0                               @ End Of Children Mark
	.byte	6                               @ Abbrev [6] 0x4fe:0x5 DW_TAG_pointer_type
	.long	1283                            @ DW_AT_type
	.byte	7                               @ Abbrev [7] 0x503:0x58 DW_TAG_structure_type
	.long	.Linfo_string206                @ DW_AT_name
	.byte	8                               @ DW_AT_byte_size
	.byte	2                               @ DW_AT_decl_file
	.short	943                             @ DW_AT_decl_line
	.byte	8                               @ Abbrev [8] 0x50c:0xd DW_TAG_member
	.long	.Linfo_string195                @ DW_AT_name
	.long	1371                            @ DW_AT_type
	.byte	2                               @ DW_AT_decl_file
	.short	947                             @ DW_AT_decl_line
	.byte	0                               @ DW_AT_data_member_location
	.byte	8                               @ Abbrev [8] 0x519:0xd DW_TAG_member
	.long	.Linfo_string197                @ DW_AT_name
	.long	1371                            @ DW_AT_type
	.byte	2                               @ DW_AT_decl_file
	.short	958                             @ DW_AT_decl_line
	.byte	1                               @ DW_AT_data_member_location
	.byte	8                               @ Abbrev [8] 0x526:0xd DW_TAG_member
	.long	.Linfo_string198                @ DW_AT_name
	.long	1382                            @ DW_AT_type
	.byte	2                               @ DW_AT_decl_file
	.short	960                             @ DW_AT_decl_line
	.byte	2                               @ DW_AT_data_member_location
	.byte	8                               @ Abbrev [8] 0x533:0xd DW_TAG_member
	.long	.Linfo_string200                @ DW_AT_name
	.long	1382                            @ DW_AT_type
	.byte	2                               @ DW_AT_decl_file
	.short	962                             @ DW_AT_decl_line
	.byte	4                               @ DW_AT_data_member_location
	.byte	8                               @ Abbrev [8] 0x540:0xd DW_TAG_member
	.long	.Linfo_string201                @ DW_AT_name
	.long	1382                            @ DW_AT_type
	.byte	2                               @ DW_AT_decl_file
	.short	966                             @ DW_AT_decl_line
	.byte	6                               @ DW_AT_data_member_location
	.byte	8                               @ Abbrev [8] 0x54d:0xd DW_TAG_member
	.long	.Linfo_string202                @ DW_AT_name
	.long	1393                            @ DW_AT_type
	.byte	2                               @ DW_AT_decl_file
	.short	968                             @ DW_AT_decl_line
	.byte	8                               @ DW_AT_data_member_location
	.byte	0                               @ End Of Children Mark
	.byte	9                               @ Abbrev [9] 0x55b:0xb DW_TAG_typedef
	.long	495                             @ DW_AT_type
	.long	.Linfo_string196                @ DW_AT_name
	.byte	4                               @ DW_AT_decl_file
	.byte	62                              @ DW_AT_decl_line
	.byte	9                               @ Abbrev [9] 0x566:0xb DW_TAG_typedef
	.long	816                             @ DW_AT_type
	.long	.Linfo_string199                @ DW_AT_name
	.byte	4                               @ DW_AT_decl_file
	.byte	63                              @ DW_AT_decl_line
	.byte	10                              @ Abbrev [10] 0x571:0xb DW_TAG_array_type
	.long	1404                            @ DW_AT_type
	.byte	11                              @ Abbrev [11] 0x576:0x5 DW_TAG_subrange_type
	.long	1422                            @ DW_AT_type
	.byte	0                               @ End Of Children Mark
	.byte	9                               @ Abbrev [9] 0x57c:0xb DW_TAG_typedef
	.long	1415                            @ DW_AT_type
	.long	.Linfo_string204                @ DW_AT_name
	.byte	4                               @ DW_AT_decl_file
	.byte	64                              @ DW_AT_decl_line
	.byte	4                               @ Abbrev [4] 0x587:0x7 DW_TAG_base_type
	.long	.Linfo_string203                @ DW_AT_name
	.byte	7                               @ DW_AT_encoding
	.byte	4                               @ DW_AT_byte_size
	.byte	12                              @ Abbrev [12] 0x58e:0x7 DW_TAG_base_type
	.long	.Linfo_string205                @ DW_AT_name
	.byte	8                               @ DW_AT_byte_size
	.byte	7                               @ DW_AT_encoding
	.byte	6                               @ Abbrev [6] 0x595:0x5 DW_TAG_pointer_type
	.long	1434                            @ DW_AT_type
	.byte	13                              @ Abbrev [13] 0x59a:0x39 DW_TAG_structure_type
	.long	.Linfo_string211                @ DW_AT_name
	.byte	16                              @ DW_AT_byte_size
	.byte	5                               @ DW_AT_decl_file
	.byte	108                             @ DW_AT_decl_line
	.byte	14                              @ Abbrev [14] 0x5a2:0xc DW_TAG_member
	.long	.Linfo_string207                @ DW_AT_name
	.long	1371                            @ DW_AT_type
	.byte	5                               @ DW_AT_decl_file
	.byte	111                             @ DW_AT_decl_line
	.byte	0                               @ DW_AT_data_member_location
	.byte	14                              @ Abbrev [14] 0x5ae:0xc DW_TAG_member
	.long	.Linfo_string208                @ DW_AT_name
	.long	1491                            @ DW_AT_type
	.byte	5                               @ DW_AT_decl_file
	.byte	112                             @ DW_AT_decl_line
	.byte	4                               @ DW_AT_data_member_location
	.byte	14                              @ Abbrev [14] 0x5ba:0xc DW_TAG_member
	.long	.Linfo_string209                @ DW_AT_name
	.long	1491                            @ DW_AT_type
	.byte	5                               @ DW_AT_decl_file
	.byte	113                             @ DW_AT_decl_line
	.byte	8                               @ DW_AT_data_member_location
	.byte	14                              @ Abbrev [14] 0x5c6:0xc DW_TAG_member
	.long	.Linfo_string210                @ DW_AT_name
	.long	1382                            @ DW_AT_type
	.byte	5                               @ DW_AT_decl_file
	.byte	116                             @ DW_AT_decl_line
	.byte	12                              @ DW_AT_data_member_location
	.byte	0                               @ End Of Children Mark
	.byte	6                               @ Abbrev [6] 0x5d3:0x5 DW_TAG_pointer_type
	.long	1371                            @ DW_AT_type
	.byte	15                              @ Abbrev [15] 0x5d8:0x34 DW_TAG_subprogram
	.long	.Lfunc_begin0                   @ DW_AT_low_pc
	.long	.Lfunc_end0-.Lfunc_begin0       @ DW_AT_high_pc
	.byte	1                               @ DW_AT_frame_base
	.byte	93
                                        @ DW_AT_GNU_all_call_sites
	.long	.Linfo_string212                @ DW_AT_name
	.byte	6                               @ DW_AT_decl_file
	.byte	57                              @ DW_AT_decl_line
                                        @ DW_AT_prototyped
	.long	1613                            @ DW_AT_type
                                        @ DW_AT_external
	.byte	16                              @ Abbrev [16] 0x5ed:0xf DW_TAG_formal_parameter
	.long	.Ldebug_loc0                    @ DW_AT_location
	.long	.Linfo_string213                @ DW_AT_name
	.byte	6                               @ DW_AT_decl_file
	.byte	57                              @ DW_AT_decl_line
	.long	38                              @ DW_AT_type
	.byte	17                              @ Abbrev [17] 0x5fc:0xf DW_TAG_variable
	.long	.Ldebug_loc1                    @ DW_AT_location
	.long	.Linfo_string234                @ DW_AT_name
	.byte	6                               @ DW_AT_decl_file
	.byte	59                              @ DW_AT_decl_line
	.long	1923                            @ DW_AT_type
	.byte	0                               @ End Of Children Mark
	.byte	18                              @ Abbrev [18] 0x60c:0x11 DW_TAG_subprogram
	.long	.Lfunc_begin1                   @ DW_AT_low_pc
	.long	.Lfunc_end1-.Lfunc_begin1       @ DW_AT_high_pc
	.byte	1                               @ DW_AT_frame_base
	.byte	93
                                        @ DW_AT_GNU_all_call_sites
	.long	.Linfo_string232                @ DW_AT_name
	.byte	6                               @ DW_AT_decl_file
	.byte	73                              @ DW_AT_decl_line
                                        @ DW_AT_prototyped
                                        @ DW_AT_external
	.byte	19                              @ Abbrev [19] 0x61d:0x30 DW_TAG_subprogram
	.long	.Lfunc_begin2                   @ DW_AT_low_pc
	.long	.Lfunc_end2-.Lfunc_begin2       @ DW_AT_high_pc
	.byte	1                               @ DW_AT_frame_base
	.byte	93
                                        @ DW_AT_GNU_all_call_sites
	.long	.Linfo_string233                @ DW_AT_name
	.byte	6                               @ DW_AT_decl_file
	.byte	78                              @ DW_AT_decl_line
                                        @ DW_AT_prototyped
                                        @ DW_AT_external
	.byte	17                              @ Abbrev [17] 0x62e:0xf DW_TAG_variable
	.long	.Ldebug_loc2                    @ DW_AT_location
	.long	.Linfo_string236                @ DW_AT_name
	.byte	6                               @ DW_AT_decl_file
	.byte	80                              @ DW_AT_decl_line
	.long	1429                            @ DW_AT_type
	.byte	17                              @ Abbrev [17] 0x63d:0xf DW_TAG_variable
	.long	.Ldebug_loc3                    @ DW_AT_location
	.long	.Linfo_string237                @ DW_AT_name
	.byte	6                               @ DW_AT_decl_file
	.byte	82                              @ DW_AT_decl_line
	.long	1278                            @ DW_AT_type
	.byte	0                               @ End Of Children Mark
	.byte	6                               @ Abbrev [6] 0x64d:0x5 DW_TAG_pointer_type
	.long	1618                            @ DW_AT_type
	.byte	20                              @ Abbrev [20] 0x652:0x5 DW_TAG_const_type
	.long	1623                            @ DW_AT_type
	.byte	13                              @ Abbrev [13] 0x657:0x5d DW_TAG_structure_type
	.long	.Linfo_string231                @ DW_AT_name
	.byte	28                              @ DW_AT_byte_size
	.byte	7                               @ DW_AT_decl_file
	.byte	73                              @ DW_AT_decl_line
	.byte	14                              @ Abbrev [14] 0x65f:0xc DW_TAG_member
	.long	.Linfo_string213                @ DW_AT_name
	.long	38                              @ DW_AT_type
	.byte	7                               @ DW_AT_decl_file
	.byte	76                              @ DW_AT_decl_line
	.byte	0                               @ DW_AT_data_member_location
	.byte	14                              @ Abbrev [14] 0x66b:0xc DW_TAG_member
	.long	.Linfo_string214                @ DW_AT_name
	.long	1716                            @ DW_AT_type
	.byte	7                               @ DW_AT_decl_file
	.byte	78                              @ DW_AT_decl_line
	.byte	4                               @ DW_AT_data_member_location
	.byte	14                              @ Abbrev [14] 0x677:0xc DW_TAG_member
	.long	.Linfo_string207                @ DW_AT_name
	.long	1812                            @ DW_AT_type
	.byte	7                               @ DW_AT_decl_file
	.byte	80                              @ DW_AT_decl_line
	.byte	8                               @ DW_AT_data_member_location
	.byte	14                              @ Abbrev [14] 0x683:0xc DW_TAG_member
	.long	.Linfo_string224                @ DW_AT_name
	.long	1841                            @ DW_AT_type
	.byte	7                               @ DW_AT_decl_file
	.byte	82                              @ DW_AT_decl_line
	.byte	12                              @ DW_AT_data_member_location
	.byte	14                              @ Abbrev [14] 0x68f:0xc DW_TAG_member
	.long	.Linfo_string226                @ DW_AT_name
	.long	1858                            @ DW_AT_type
	.byte	7                               @ DW_AT_decl_file
	.byte	84                              @ DW_AT_decl_line
	.byte	16                              @ DW_AT_data_member_location
	.byte	14                              @ Abbrev [14] 0x69b:0xc DW_TAG_member
	.long	.Linfo_string228                @ DW_AT_name
	.long	1841                            @ DW_AT_type
	.byte	7                               @ DW_AT_decl_file
	.byte	86                              @ DW_AT_decl_line
	.byte	20                              @ DW_AT_data_member_location
	.byte	14                              @ Abbrev [14] 0x6a7:0xc DW_TAG_member
	.long	.Linfo_string229                @ DW_AT_name
	.long	1881                            @ DW_AT_type
	.byte	7                               @ DW_AT_decl_file
	.byte	88                              @ DW_AT_decl_line
	.byte	24                              @ DW_AT_data_member_location
	.byte	0                               @ End Of Children Mark
	.byte	6                               @ Abbrev [6] 0x6b4:0x5 DW_TAG_pointer_type
	.long	1721                            @ DW_AT_type
	.byte	20                              @ Abbrev [20] 0x6b9:0x5 DW_TAG_const_type
	.long	1726                            @ DW_AT_type
	.byte	13                              @ Abbrev [13] 0x6be:0x51 DW_TAG_structure_type
	.long	.Linfo_string223                @ DW_AT_name
	.byte	20                              @ DW_AT_byte_size
	.byte	8                               @ DW_AT_decl_file
	.byte	52                              @ DW_AT_decl_line
	.byte	14                              @ Abbrev [14] 0x6c6:0xc DW_TAG_member
	.long	.Linfo_string215                @ DW_AT_name
	.long	1807                            @ DW_AT_type
	.byte	8                               @ DW_AT_decl_file
	.byte	55                              @ DW_AT_decl_line
	.byte	0                               @ DW_AT_data_member_location
	.byte	14                              @ Abbrev [14] 0x6d2:0xc DW_TAG_member
	.long	.Linfo_string216                @ DW_AT_name
	.long	1371                            @ DW_AT_type
	.byte	8                               @ DW_AT_decl_file
	.byte	57                              @ DW_AT_decl_line
	.byte	4                               @ DW_AT_data_member_location
	.byte	14                              @ Abbrev [14] 0x6de:0xc DW_TAG_member
	.long	.Linfo_string217                @ DW_AT_name
	.long	1817                            @ DW_AT_type
	.byte	8                               @ DW_AT_decl_file
	.byte	59                              @ DW_AT_decl_line
	.byte	8                               @ DW_AT_data_member_location
	.byte	14                              @ Abbrev [14] 0x6ea:0xc DW_TAG_member
	.long	.Linfo_string219                @ DW_AT_name
	.long	1829                            @ DW_AT_type
	.byte	8                               @ DW_AT_decl_file
	.byte	63                              @ DW_AT_decl_line
	.byte	12                              @ DW_AT_data_member_location
	.byte	14                              @ Abbrev [14] 0x6f6:0xc DW_TAG_member
	.long	.Linfo_string221                @ DW_AT_name
	.long	1829                            @ DW_AT_type
	.byte	8                               @ DW_AT_decl_file
	.byte	66                              @ DW_AT_decl_line
	.byte	14                              @ DW_AT_data_member_location
	.byte	14                              @ Abbrev [14] 0x702:0xc DW_TAG_member
	.long	.Linfo_string222                @ DW_AT_name
	.long	1491                            @ DW_AT_type
	.byte	8                               @ DW_AT_decl_file
	.byte	68                              @ DW_AT_decl_line
	.byte	16                              @ DW_AT_data_member_location
	.byte	0                               @ End Of Children Mark
	.byte	6                               @ Abbrev [6] 0x70f:0x5 DW_TAG_pointer_type
	.long	1812                            @ DW_AT_type
	.byte	20                              @ Abbrev [20] 0x714:0x5 DW_TAG_const_type
	.long	1371                            @ DW_AT_type
	.byte	21                              @ Abbrev [21] 0x719:0xc DW_TAG_typedef
	.long	1404                            @ DW_AT_type
	.long	.Linfo_string218                @ DW_AT_name
	.byte	9                               @ DW_AT_decl_file
	.short	347                             @ DW_AT_decl_line
	.byte	21                              @ Abbrev [21] 0x725:0xc DW_TAG_typedef
	.long	1382                            @ DW_AT_type
	.long	.Linfo_string220                @ DW_AT_name
	.byte	10                              @ DW_AT_decl_file
	.short	771                             @ DW_AT_decl_line
	.byte	9                               @ Abbrev [9] 0x731:0xb DW_TAG_typedef
	.long	1852                            @ DW_AT_type
	.long	.Linfo_string225                @ DW_AT_name
	.byte	7                               @ DW_AT_decl_file
	.byte	55                              @ DW_AT_decl_line
	.byte	6                               @ Abbrev [6] 0x73c:0x5 DW_TAG_pointer_type
	.long	1857                            @ DW_AT_type
	.byte	22                              @ Abbrev [22] 0x741:0x1 DW_TAG_subroutine_type
                                        @ DW_AT_prototyped
	.byte	9                               @ Abbrev [9] 0x742:0xb DW_TAG_typedef
	.long	1869                            @ DW_AT_type
	.long	.Linfo_string227                @ DW_AT_name
	.byte	7                               @ DW_AT_decl_file
	.byte	57                              @ DW_AT_decl_line
	.byte	6                               @ Abbrev [6] 0x74d:0x5 DW_TAG_pointer_type
	.long	1874                            @ DW_AT_type
	.byte	23                              @ Abbrev [23] 0x752:0x7 DW_TAG_subroutine_type
                                        @ DW_AT_prototyped
	.byte	24                              @ Abbrev [24] 0x753:0x5 DW_TAG_formal_parameter
	.long	1371                            @ DW_AT_type
	.byte	0                               @ End Of Children Mark
	.byte	9                               @ Abbrev [9] 0x759:0xb DW_TAG_typedef
	.long	1892                            @ DW_AT_type
	.long	.Linfo_string230                @ DW_AT_name
	.byte	7                               @ DW_AT_decl_file
	.byte	59                              @ DW_AT_decl_line
	.byte	6                               @ Abbrev [6] 0x764:0x5 DW_TAG_pointer_type
	.long	1897                            @ DW_AT_type
	.byte	25                              @ Abbrev [25] 0x769:0x1a DW_TAG_subroutine_type
	.long	1371                            @ DW_AT_type
                                        @ DW_AT_prototyped
	.byte	24                              @ Abbrev [24] 0x76e:0x5 DW_TAG_formal_parameter
	.long	1382                            @ DW_AT_type
	.byte	24                              @ Abbrev [24] 0x773:0x5 DW_TAG_formal_parameter
	.long	1382                            @ DW_AT_type
	.byte	24                              @ Abbrev [24] 0x778:0x5 DW_TAG_formal_parameter
	.long	1382                            @ DW_AT_type
	.byte	24                              @ Abbrev [24] 0x77d:0x5 DW_TAG_formal_parameter
	.long	1491                            @ DW_AT_type
	.byte	0                               @ End Of Children Mark
	.byte	4                               @ Abbrev [4] 0x783:0x7 DW_TAG_base_type
	.long	.Linfo_string235                @ DW_AT_name
	.byte	5                               @ DW_AT_encoding
	.byte	4                               @ DW_AT_byte_size
	.byte	0                               @ End Of Children Mark
.Ldebug_info_end0:
	.section	.debug_str,"MS",%progbits,1
.Linfo_string0:
	.asciz	"Component: Arm Compiler for Embedded 6.23 Tool: armclang [5f103000]" @ string offset=0
.Linfo_string1:
	.asciz	"../../../../../sdk/app_modules/src/app_custs\\app_customs.c" @ string offset=68
.Linfo_string2:
	.asciz	"C:\\Users\\teodor\\Desktop\\stem\\codeless\\6.0.24.1464\\projects\\target_apps\\ble_examples\\empty_peripheral_template\\Keil_5" @ string offset=127
.Linfo_string3:
	.asciz	"unsigned char"                 @ string offset=244
.Linfo_string4:
	.asciz	"TASK_ID_LLM"                   @ string offset=258
.Linfo_string5:
	.asciz	"TASK_ID_LLC"                   @ string offset=270
.Linfo_string6:
	.asciz	"TASK_ID_LLD"                   @ string offset=282
.Linfo_string7:
	.asciz	"TASK_ID_DBG"                   @ string offset=294
.Linfo_string8:
	.asciz	"TASK_ID_LM"                    @ string offset=306
.Linfo_string9:
	.asciz	"TASK_ID_LC"                    @ string offset=317
.Linfo_string10:
	.asciz	"TASK_ID_LB"                    @ string offset=328
.Linfo_string11:
	.asciz	"TASK_ID_LD"                    @ string offset=339
.Linfo_string12:
	.asciz	"TASK_ID_HCI"                   @ string offset=350
.Linfo_string13:
	.asciz	"TASK_ID_DISPLAY"               @ string offset=362
.Linfo_string14:
	.asciz	"TASK_ID_L2CC"                  @ string offset=378
.Linfo_string15:
	.asciz	"TASK_ID_GATTM"                 @ string offset=391
.Linfo_string16:
	.asciz	"TASK_ID_GATTC"                 @ string offset=405
.Linfo_string17:
	.asciz	"TASK_ID_GAPM"                  @ string offset=419
.Linfo_string18:
	.asciz	"TASK_ID_GAPC"                  @ string offset=432
.Linfo_string19:
	.asciz	"TASK_ID_APP"                   @ string offset=445
.Linfo_string20:
	.asciz	"TASK_ID_GTL"                   @ string offset=457
.Linfo_string21:
	.asciz	"TASK_ID_DISS"                  @ string offset=469
.Linfo_string22:
	.asciz	"TASK_ID_DISC"                  @ string offset=482
.Linfo_string23:
	.asciz	"TASK_ID_PROXM"                 @ string offset=495
.Linfo_string24:
	.asciz	"TASK_ID_PROXR"                 @ string offset=509
.Linfo_string25:
	.asciz	"TASK_ID_FINDL"                 @ string offset=523
.Linfo_string26:
	.asciz	"TASK_ID_FINDT"                 @ string offset=537
.Linfo_string27:
	.asciz	"TASK_ID_HTPC"                  @ string offset=551
.Linfo_string28:
	.asciz	"TASK_ID_HTPT"                  @ string offset=564
.Linfo_string29:
	.asciz	"TASK_ID_BLPS"                  @ string offset=577
.Linfo_string30:
	.asciz	"TASK_ID_BLPC"                  @ string offset=590
.Linfo_string31:
	.asciz	"TASK_ID_HRPS"                  @ string offset=603
.Linfo_string32:
	.asciz	"TASK_ID_HRPC"                  @ string offset=616
.Linfo_string33:
	.asciz	"TASK_ID_TIPS"                  @ string offset=629
.Linfo_string34:
	.asciz	"TASK_ID_TIPC"                  @ string offset=642
.Linfo_string35:
	.asciz	"TASK_ID_SCPPS"                 @ string offset=655
.Linfo_string36:
	.asciz	"TASK_ID_SCPPC"                 @ string offset=669
.Linfo_string37:
	.asciz	"TASK_ID_BASS"                  @ string offset=683
.Linfo_string38:
	.asciz	"TASK_ID_BASC"                  @ string offset=696
.Linfo_string39:
	.asciz	"TASK_ID_HOGPD"                 @ string offset=709
.Linfo_string40:
	.asciz	"TASK_ID_HOGPBH"                @ string offset=723
.Linfo_string41:
	.asciz	"TASK_ID_HOGPRH"                @ string offset=738
.Linfo_string42:
	.asciz	"TASK_ID_GLPS"                  @ string offset=753
.Linfo_string43:
	.asciz	"TASK_ID_GLPC"                  @ string offset=766
.Linfo_string44:
	.asciz	"TASK_ID_RSCPS"                 @ string offset=779
.Linfo_string45:
	.asciz	"TASK_ID_RSCPC"                 @ string offset=793
.Linfo_string46:
	.asciz	"TASK_ID_CSCPS"                 @ string offset=807
.Linfo_string47:
	.asciz	"TASK_ID_CSCPC"                 @ string offset=821
.Linfo_string48:
	.asciz	"TASK_ID_ANPS"                  @ string offset=835
.Linfo_string49:
	.asciz	"TASK_ID_ANPC"                  @ string offset=848
.Linfo_string50:
	.asciz	"TASK_ID_PASPS"                 @ string offset=861
.Linfo_string51:
	.asciz	"TASK_ID_PASPC"                 @ string offset=875
.Linfo_string52:
	.asciz	"TASK_ID_CPPS"                  @ string offset=889
.Linfo_string53:
	.asciz	"TASK_ID_CPPC"                  @ string offset=902
.Linfo_string54:
	.asciz	"TASK_ID_LANS"                  @ string offset=915
.Linfo_string55:
	.asciz	"TASK_ID_LANC"                  @ string offset=928
.Linfo_string56:
	.asciz	"TASK_ID_BMSS"                  @ string offset=941
.Linfo_string57:
	.asciz	"TASK_ID_BMSC"                  @ string offset=954
.Linfo_string58:
	.asciz	"TASK_ID_BCSS"                  @ string offset=967
.Linfo_string59:
	.asciz	"TASK_ID_BCSC"                  @ string offset=980
.Linfo_string60:
	.asciz	"TASK_ID_UDSS"                  @ string offset=993
.Linfo_string61:
	.asciz	"TASK_ID_UDSC"                  @ string offset=1006
.Linfo_string62:
	.asciz	"TASK_ID_WSSS"                  @ string offset=1019
.Linfo_string63:
	.asciz	"TASK_ID_WSSC"                  @ string offset=1032
.Linfo_string64:
	.asciz	"TASK_ID_CTSS"                  @ string offset=1045
.Linfo_string65:
	.asciz	"TASK_ID_CTSC"                  @ string offset=1058
.Linfo_string66:
	.asciz	"TASK_ID_ANCC"                  @ string offset=1071
.Linfo_string67:
	.asciz	"TASK_ID_GATT_CLIENT"           @ string offset=1084
.Linfo_string68:
	.asciz	"TASK_ID_CGMS"                  @ string offset=1104
.Linfo_string69:
	.asciz	"TASK_ID_CGMC"                  @ string offset=1117
.Linfo_string70:
	.asciz	"TASK_ID_PLXS"                  @ string offset=1130
.Linfo_string71:
	.asciz	"TASK_ID_PLXC"                  @ string offset=1143
.Linfo_string72:
	.asciz	"TASK_ID_FSP_EXT"               @ string offset=1156
.Linfo_string73:
	.asciz	"TASK_ID_SUOTAR"                @ string offset=1172
.Linfo_string74:
	.asciz	"TASK_ID_CUSTS1"                @ string offset=1187
.Linfo_string75:
	.asciz	"TASK_ID_CUSTS2"                @ string offset=1202
.Linfo_string76:
	.asciz	"TASK_ID_INVALID"               @ string offset=1217
.Linfo_string77:
	.asciz	"KE_API_ID"                     @ string offset=1233
.Linfo_string78:
	.asciz	"unsigned short"                @ string offset=1243
.Linfo_string79:
	.asciz	"GAPM_CMP_EVT"                  @ string offset=1258
.Linfo_string80:
	.asciz	"GAPM_DEVICE_READY_IND"         @ string offset=1271
.Linfo_string81:
	.asciz	"GAPM_RESET_CMD"                @ string offset=1293
.Linfo_string82:
	.asciz	"GAPM_CANCEL_CMD"               @ string offset=1308
.Linfo_string83:
	.asciz	"GAPM_SET_DEV_CONFIG_CMD"       @ string offset=1324
.Linfo_string84:
	.asciz	"GAPM_SET_CHANNEL_MAP_CMD"      @ string offset=1348
.Linfo_string85:
	.asciz	"GAPM_GET_DEV_INFO_CMD"         @ string offset=1373
.Linfo_string86:
	.asciz	"GAPM_DEV_VERSION_IND"          @ string offset=1395
.Linfo_string87:
	.asciz	"GAPM_DEV_BDADDR_IND"           @ string offset=1416
.Linfo_string88:
	.asciz	"GAPM_DEV_ADV_TX_POWER_IND"     @ string offset=1436
.Linfo_string89:
	.asciz	"GAPM_DBG_MEM_INFO_IND"         @ string offset=1462
.Linfo_string90:
	.asciz	"GAPM_WHITE_LIST_MGT_CMD"       @ string offset=1484
.Linfo_string91:
	.asciz	"GAPM_WHITE_LIST_SIZE_IND"      @ string offset=1508
.Linfo_string92:
	.asciz	"GAPM_START_ADVERTISE_CMD"      @ string offset=1533
.Linfo_string93:
	.asciz	"GAPM_UPDATE_ADVERTISE_DATA_CMD" @ string offset=1558
.Linfo_string94:
	.asciz	"GAPM_START_SCAN_CMD"           @ string offset=1589
.Linfo_string95:
	.asciz	"GAPM_ADV_REPORT_IND"           @ string offset=1609
.Linfo_string96:
	.asciz	"GAPM_START_CONNECTION_CMD"     @ string offset=1629
.Linfo_string97:
	.asciz	"GAPM_PEER_NAME_IND"            @ string offset=1655
.Linfo_string98:
	.asciz	"GAPM_CONNECTION_CFM"           @ string offset=1674
.Linfo_string99:
	.asciz	"GAPM_RESOLV_ADDR_CMD"          @ string offset=1694
.Linfo_string100:
	.asciz	"GAPM_ADDR_SOLVED_IND"          @ string offset=1715
.Linfo_string101:
	.asciz	"GAPM_GEN_RAND_ADDR_CMD"        @ string offset=1736
.Linfo_string102:
	.asciz	"GAPM_USE_ENC_BLOCK_CMD"        @ string offset=1759
.Linfo_string103:
	.asciz	"GAPM_USE_ENC_BLOCK_IND"        @ string offset=1782
.Linfo_string104:
	.asciz	"GAPM_GEN_RAND_NB_CMD"          @ string offset=1805
.Linfo_string105:
	.asciz	"GAPM_GEN_RAND_NB_IND"          @ string offset=1826
.Linfo_string106:
	.asciz	"GAPM_PROFILE_TASK_ADD_CMD"     @ string offset=1847
.Linfo_string107:
	.asciz	"GAPM_PROFILE_ADDED_IND"        @ string offset=1873
.Linfo_string108:
	.asciz	"GAPM_UNKNOWN_TASK_IND"         @ string offset=1896
.Linfo_string109:
	.asciz	"GAPM_SUGG_DFLT_DATA_LEN_IND"   @ string offset=1918
.Linfo_string110:
	.asciz	"GAPM_MAX_DATA_LEN_IND"         @ string offset=1946
.Linfo_string111:
	.asciz	"GAPM_RAL_MGT_CMD"              @ string offset=1968
.Linfo_string112:
	.asciz	"GAPM_RAL_SIZE_IND"             @ string offset=1985
.Linfo_string113:
	.asciz	"GAPM_RAL_ADDR_IND"             @ string offset=2003
.Linfo_string114:
	.asciz	"GAPM_LIM_DISC_TO_IND"          @ string offset=2021
.Linfo_string115:
	.asciz	"GAPM_SCAN_TO_IND"              @ string offset=2042
.Linfo_string116:
	.asciz	"GAPM_ADDR_RENEW_TO_IND"        @ string offset=2059
.Linfo_string117:
	.asciz	"GAPM_UNKNOWN_TASK_MSG"         @ string offset=2082
.Linfo_string118:
	.asciz	"GAPM_USE_P256_BLOCK_CMD"       @ string offset=2104
.Linfo_string119:
	.asciz	"GAPM_USE_P256_BLOCK_IND"       @ string offset=2128
.Linfo_string120:
	.asciz	"GAPM_GEN_P256_KEY_CMD"         @ string offset=2152
.Linfo_string121:
	.asciz	"GAPM_GEN_P256_KEY_IND"         @ string offset=2174
.Linfo_string122:
	.asciz	"gapm_msg_id"                   @ string offset=2196
.Linfo_string123:
	.asciz	"TASK_LLM"                      @ string offset=2208
.Linfo_string124:
	.asciz	"TASK_LLC"                      @ string offset=2217
.Linfo_string125:
	.asciz	"TASK_LLD"                      @ string offset=2226
.Linfo_string126:
	.asciz	"TASK_DBG"                      @ string offset=2235
.Linfo_string127:
	.asciz	"TASK_APP"                      @ string offset=2244
.Linfo_string128:
	.asciz	"TASK_GTL"                      @ string offset=2253
.Linfo_string129:
	.asciz	"TASK_L2CC"                     @ string offset=2262
.Linfo_string130:
	.asciz	"TASK_GATTM"                    @ string offset=2272
.Linfo_string131:
	.asciz	"TASK_GATTC"                    @ string offset=2283
.Linfo_string132:
	.asciz	"TASK_GAPM"                     @ string offset=2294
.Linfo_string133:
	.asciz	"TASK_GAPC"                     @ string offset=2304
.Linfo_string134:
	.asciz	"TASK_RFU_1"                    @ string offset=2314
.Linfo_string135:
	.asciz	"TASK_RFU_2"                    @ string offset=2325
.Linfo_string136:
	.asciz	"TASK_RFU_3"                    @ string offset=2336
.Linfo_string137:
	.asciz	"TASK_RFU_4"                    @ string offset=2347
.Linfo_string138:
	.asciz	"TASK_RFU_5"                    @ string offset=2358
.Linfo_string139:
	.asciz	"TASK_PRF_MAX"                  @ string offset=2369
.Linfo_string140:
	.asciz	"TASK_MAX"                      @ string offset=2382
.Linfo_string141:
	.asciz	"TASK_NONE"                     @ string offset=2391
.Linfo_string142:
	.asciz	"KE_TASK_TYPE"                  @ string offset=2401
.Linfo_string143:
	.asciz	"GAPM_NO_OP"                    @ string offset=2414
.Linfo_string144:
	.asciz	"GAPM_RESET"                    @ string offset=2425
.Linfo_string145:
	.asciz	"GAPM_CANCEL"                   @ string offset=2436
.Linfo_string146:
	.asciz	"GAPM_SET_DEV_CONFIG"           @ string offset=2448
.Linfo_string147:
	.asciz	"GAPM_SET_CHANNEL_MAP"          @ string offset=2468
.Linfo_string148:
	.asciz	"GAPM_GET_DEV_VERSION"          @ string offset=2489
.Linfo_string149:
	.asciz	"GAPM_GET_DEV_BDADDR"           @ string offset=2510
.Linfo_string150:
	.asciz	"GAPM_GET_DEV_ADV_TX_POWER"     @ string offset=2530
.Linfo_string151:
	.asciz	"GAPM_GET_WLIST_SIZE"           @ string offset=2556
.Linfo_string152:
	.asciz	"GAPM_ADD_DEV_IN_WLIST"         @ string offset=2576
.Linfo_string153:
	.asciz	"GAPM_RMV_DEV_FRM_WLIST"        @ string offset=2598
.Linfo_string154:
	.asciz	"GAPM_CLEAR_WLIST"              @ string offset=2621
.Linfo_string155:
	.asciz	"GAPM_ADV_NON_CONN"             @ string offset=2638
.Linfo_string156:
	.asciz	"GAPM_ADV_UNDIRECT"             @ string offset=2656
.Linfo_string157:
	.asciz	"GAPM_ADV_DIRECT"               @ string offset=2674
.Linfo_string158:
	.asciz	"GAPM_ADV_DIRECT_LDC"           @ string offset=2690
.Linfo_string159:
	.asciz	"GAPM_UPDATE_ADVERTISE_DATA"    @ string offset=2710
.Linfo_string160:
	.asciz	"GAPM_SCAN_ACTIVE"              @ string offset=2737
.Linfo_string161:
	.asciz	"GAPM_SCAN_PASSIVE"             @ string offset=2754
.Linfo_string162:
	.asciz	"GAPM_CONNECTION_DIRECT"        @ string offset=2772
.Linfo_string163:
	.asciz	"GAPM_CONNECTION_AUTO"          @ string offset=2795
.Linfo_string164:
	.asciz	"GAPM_CONNECTION_SELECTIVE"     @ string offset=2816
.Linfo_string165:
	.asciz	"GAPM_CONNECTION_NAME_REQUEST"  @ string offset=2842
.Linfo_string166:
	.asciz	"GAPM_RESOLV_ADDR"              @ string offset=2871
.Linfo_string167:
	.asciz	"GAPM_GEN_RAND_ADDR"            @ string offset=2888
.Linfo_string168:
	.asciz	"GAPM_USE_ENC_BLOCK"            @ string offset=2907
.Linfo_string169:
	.asciz	"GAPM_GEN_RAND_NB"              @ string offset=2926
.Linfo_string170:
	.asciz	"GAPM_PROFILE_TASK_ADD"         @ string offset=2943
.Linfo_string171:
	.asciz	"GAPM_DBG_GET_MEM_INFO"         @ string offset=2965
.Linfo_string172:
	.asciz	"GAPM_PLF_RESET"                @ string offset=2987
.Linfo_string173:
	.asciz	"GAPM_SET_SUGGESTED_DFLT_LE_DATA_LEN" @ string offset=3002
.Linfo_string174:
	.asciz	"GAPM_GET_SUGGESTED_DFLT_LE_DATA_LEN" @ string offset=3038
.Linfo_string175:
	.asciz	"GAPM_GET_MAX_LE_DATA_LEN"      @ string offset=3074
.Linfo_string176:
	.asciz	"GAPM_GET_RAL_SIZE"             @ string offset=3099
.Linfo_string177:
	.asciz	"GAPM_GET_RAL_LOC_ADDR"         @ string offset=3117
.Linfo_string178:
	.asciz	"GAPM_GET_RAL_PEER_ADDR"        @ string offset=3139
.Linfo_string179:
	.asciz	"GAPM_ADD_DEV_IN_RAL"           @ string offset=3162
.Linfo_string180:
	.asciz	"GAPM_RMV_DEV_FRM_RAL"          @ string offset=3182
.Linfo_string181:
	.asciz	"GAPM_CLEAR_RAL"                @ string offset=3203
.Linfo_string182:
	.asciz	"GAPM_USE_P256_BLOCK"           @ string offset=3218
.Linfo_string183:
	.asciz	"GAPM_NETWORK_MODE_RAL"         @ string offset=3238
.Linfo_string184:
	.asciz	"GAPM_DEVICE_MODE_RAL"          @ string offset=3260
.Linfo_string185:
	.asciz	"GAPM_KEY_RENEW"                @ string offset=3281
.Linfo_string186:
	.asciz	"GAPM_GEN_P256_KEY"             @ string offset=3296
.Linfo_string187:
	.asciz	"GAPM_LAST"                     @ string offset=3314
.Linfo_string188:
	.asciz	"gapm_operation"                @ string offset=3324
.Linfo_string189:
	.asciz	"SRV_PERM_DISABLE"              @ string offset=3339
.Linfo_string190:
	.asciz	"SRV_PERM_ENABLE"               @ string offset=3356
.Linfo_string191:
	.asciz	"SRV_PERM_UNAUTH"               @ string offset=3372
.Linfo_string192:
	.asciz	"SRV_PERM_AUTH"                 @ string offset=3388
.Linfo_string193:
	.asciz	"SRV_PERM_SECURE"               @ string offset=3402
.Linfo_string194:
	.asciz	"app_prf_srv_perm"              @ string offset=3418
.Linfo_string195:
	.asciz	"operation"                     @ string offset=3435
.Linfo_string196:
	.asciz	"uint8_t"                       @ string offset=3445
.Linfo_string197:
	.asciz	"sec_lvl"                       @ string offset=3453
.Linfo_string198:
	.asciz	"prf_task_id"                   @ string offset=3461
.Linfo_string199:
	.asciz	"uint16_t"                      @ string offset=3473
.Linfo_string200:
	.asciz	"app_task"                      @ string offset=3482
.Linfo_string201:
	.asciz	"start_hdl"                     @ string offset=3491
.Linfo_string202:
	.asciz	"param"                         @ string offset=3501
.Linfo_string203:
	.asciz	"unsigned int"                  @ string offset=3507
.Linfo_string204:
	.asciz	"uint32_t"                      @ string offset=3520
.Linfo_string205:
	.asciz	"__ARRAY_SIZE_TYPE__"           @ string offset=3529
.Linfo_string206:
	.asciz	"gapm_profile_task_add_cmd"     @ string offset=3549
.Linfo_string207:
	.asciz	"max_nb_att"                    @ string offset=3575
.Linfo_string208:
	.asciz	"att_tbl"                       @ string offset=3586
.Linfo_string209:
	.asciz	"cfg_flag"                      @ string offset=3594
.Linfo_string210:
	.asciz	"features"                      @ string offset=3603
.Linfo_string211:
	.asciz	"custs1_db_cfg"                 @ string offset=3612
.Linfo_string212:
	.asciz	"custs_get_func_callbacks"      @ string offset=3626
.Linfo_string213:
	.asciz	"task_id"                       @ string offset=3651
.Linfo_string214:
	.asciz	"att_db"                        @ string offset=3659
.Linfo_string215:
	.asciz	"uuid"                          @ string offset=3666
.Linfo_string216:
	.asciz	"uuid_size"                     @ string offset=3671
.Linfo_string217:
	.asciz	"perm"                          @ string offset=3681
.Linfo_string218:
	.asciz	"att_perm_type"                 @ string offset=3686
.Linfo_string219:
	.asciz	"max_length"                    @ string offset=3700
.Linfo_string220:
	.asciz	"att_size_t"                    @ string offset=3711
.Linfo_string221:
	.asciz	"length"                        @ string offset=3722
.Linfo_string222:
	.asciz	"value"                         @ string offset=3729
.Linfo_string223:
	.asciz	"attm_desc_128"                 @ string offset=3735
.Linfo_string224:
	.asciz	"db_create_func"                @ string offset=3749
.Linfo_string225:
	.asciz	"prf_func_void_t"               @ string offset=3764
.Linfo_string226:
	.asciz	"enable_func"                   @ string offset=3780
.Linfo_string227:
	.asciz	"prf_func_uint8_t"              @ string offset=3792
.Linfo_string228:
	.asciz	"init_func"                     @ string offset=3809
.Linfo_string229:
	.asciz	"value_wr_validation_func"      @ string offset=3819
.Linfo_string230:
	.asciz	"prf_func_validate_t"           @ string offset=3844
.Linfo_string231:
	.asciz	"cust_prf_func_callbacks"       @ string offset=3864
.Linfo_string232:
	.asciz	"app_custs1_init"               @ string offset=3888
.Linfo_string233:
	.asciz	"app_custs1_create_db"          @ string offset=3904
.Linfo_string234:
	.asciz	"i"                             @ string offset=3925
.Linfo_string235:
	.asciz	"int"                           @ string offset=3927
.Linfo_string236:
	.asciz	"db_cfg"                        @ string offset=3931
.Linfo_string237:
	.asciz	"req"                           @ string offset=3938
	.ident	"Component: Arm Compiler for Embedded 6.23 Tool: armclang [5f103000]"
	.section	".note.GNU-stack","",%progbits
	.eabi_attribute	30, 4	@ Tag_ABI_optimization_goals
	.ARM_attribute	16, 1	@ Tag_AV_eba
	.section	.debug_line,"",%progbits
.Lline_table_start0:
