	.text
	.syntax unified
	.eabi_attribute	67, "2.09"	@ Tag_conformance
	.cpu	cortex-m0plus
	.eabi_attribute	6, 12	@ Tag_CPU_arch
	.eabi_attribute	7, 77	@ Tag_CPU_arch_profile
	.eabi_attribute	8, 0	@ Tag_ARM_ISA_use
	.eabi_attribute	9, 1	@ Tag_THUMB_ISA_use
	.eabi_attribute	34, 0	@ Tag_CPU_unaligned_access
	.eabi_attribute	17, 1	@ Tag_ABI_PCS_GOT_use
	.eabi_attribute	20, 2	@ Tag_ABI_FP_denormal
	.eabi_attribute	21, 0	@ Tag_ABI_FP_exceptions
	.eabi_attribute	23, 1	@ Tag_ABI_FP_number_model
	.eabi_attribute	24, 1	@ Tag_ABI_align_needed
	.eabi_attribute	25, 1	@ Tag_ABI_align_preserved
	.eabi_attribute	38, 1	@ Tag_ABI_FP_16bit_format
	.eabi_attribute	18, 2	@ Tag_ABI_PCS_wchar_t
	.eabi_attribute	26, 1	@ Tag_ABI_enum_size
	.eabi_attribute	14, 0	@ Tag_ABI_PCS_R9_use
	.file	"arch_sleep.c"
	.file	1 "C:\\Users\\teodor" "AppData\\Local\\Keil_v5\\ARM\\ARMCLANG\\bin\\..\\include\\stdint.h"
	.file	2 "C:\\Users\\teodor\\Desktop\\stem\\codeless\\6.0.24.1464\\projects\\target_apps\\ble_examples\\empty_peripheral_template\\Keil_5" "../../../../../sdk/platform/arch/main/arch_sleep.c"
	.file	3 "C:\\Users\\teodor\\Desktop\\stem\\codeless\\6.0.24.1464\\projects\\target_apps\\ble_examples\\empty_peripheral_template\\Keil_5" "./../../../../../sdk/platform/arch\\arch_api.h"
	.file	4 "C:\\Users\\teodor\\Desktop\\stem\\codeless\\6.0.24.1464\\projects\\target_apps\\ble_examples\\empty_peripheral_template\\Keil_5" "../../../../../sdk/platform/include/CMSIS/5.9.0/CMSIS/Core/Include\\core_cm0plus.h"
	.file	5 "C:\\Users\\teodor\\Desktop\\stem\\codeless\\6.0.24.1464\\projects\\target_apps\\ble_examples\\empty_peripheral_template\\Keil_5" "./../../../../../sdk/platform/include\\da14535.h"
	.hidden	arch_disable_sleep              @ -- Begin function arch_disable_sleep
	.globl	arch_disable_sleep
	.p2align	2
	.type	arch_disable_sleep,%function
	.code	16                              @ @arch_disable_sleep
	.thumb_func
arch_disable_sleep:
.Lfunc_begin0:
	.fnstart
	.cfi_sections .debug_frame
	.cfi_startproc
@ %bb.0:
	.loc	2 74 9 prologue_end             @ ../../../../../sdk/platform/arch/main/arch_sleep.c:74:9
	ldr	r0, __arm_cp.0_0
	ldrb	r1, [r0]
.Ltmp0:
	.loc	2 74 9 is_stmt 0                @ ../../../../../sdk/platform/arch/main/arch_sleep.c:74:9
	cmp	r1, #0
	beq	.LBB0_2
@ %bb.1:
	.loc	2 0 9                           @ ../../../../../sdk/platform/arch/main/arch_sleep.c:0:9
	movs	r1, #128
.Ltmp1:
	.loc	2 82 20 is_stmt 1               @ ../../../../../sdk/platform/arch/main/arch_sleep.c:82:20
	strb	r1, [r0, #1]
.Ltmp2:
	.loc	2 83 1                          @ ../../../../../sdk/platform/arch/main/arch_sleep.c:83:1
	bx	lr
.LBB0_2:
.Ltmp3:
	.loc	2 78 31                         @ ../../../../../sdk/platform/arch/main/arch_sleep.c:78:31
	ldr	r0, __arm_cp.0_1
	movs	r1, #0
	strb	r1, [r0, #3]
	.loc	2 76 29                         @ ../../../../../sdk/platform/arch/main/arch_sleep.c:76:29
	ldr	r0, __arm_cp.0_2
	strb	r1, [r0]
.Ltmp4:
	.loc	2 83 1                          @ ../../../../../sdk/platform/arch/main/arch_sleep.c:83:1
	bx	lr
.Ltmp5:
	.loc	2 0 1 is_stmt 0                 @ :0:1
.Ltmp6:
	.p2align	2
@ %bb.3:
__arm_cp.0_0:
	.long	.L_MergedGlobals
.Lcpi_end0:
	.size	__arm_cp.0_0, .Lcpi_end0-__arm_cp.0_0
__arm_cp.0_1:
	.long	rwip_env
.Lcpi_end1:
	.size	__arm_cp.0_1, .Lcpi_end1-__arm_cp.0_1
__arm_cp.0_2:
	.long	sleep_env
.Lcpi_end2:
	.size	__arm_cp.0_2, .Lcpi_end2-__arm_cp.0_2
.Lfunc_end0:
	.size	arch_disable_sleep, .Lfunc_end0-arch_disable_sleep
	.cfi_endproc
	.cantunwind
	.fnend
                                        @ -- End function
	.hidden	arch_set_extended_sleep         @ -- Begin function arch_set_extended_sleep
	.globl	arch_set_extended_sleep
	.p2align	2
	.type	arch_set_extended_sleep,%function
	.code	16                              @ @arch_set_extended_sleep
	.thumb_func
arch_set_extended_sleep:
.Lfunc_begin1:
	.fnstart
	.cfi_startproc
@ %bb.0:
	@DEBUG_VALUE: arch_set_extended_sleep:otp_copy <- [DW_OP_LLVM_convert 1 7, DW_OP_LLVM_convert 8 7, DW_OP_stack_value] $r0
	.loc	2 87 9 prologue_end is_stmt 1   @ ../../../../../sdk/platform/arch/main/arch_sleep.c:87:9
	ldr	r1, __arm_cp.1_0
	ldrb	r2, [r1]
.Ltmp7:
	.loc	2 87 9 is_stmt 0                @ ../../../../../sdk/platform/arch/main/arch_sleep.c:87:9
	cmp	r2, #0
	beq	.LBB1_3
.Ltmp8:
@ %bb.1:
	@DEBUG_VALUE: arch_set_extended_sleep:otp_copy <- [DW_OP_LLVM_convert 1 7, DW_OP_LLVM_convert 8 7, DW_OP_stack_value] $r0
	.loc	2 95 22 is_stmt 1               @ ../../../../../sdk/platform/arch/main/arch_sleep.c:95:22
	cmp	r0, #0
	bne	.LBB1_6
.Ltmp9:
@ %bb.2:
	@DEBUG_VALUE: arch_set_extended_sleep:otp_copy <- [DW_OP_LLVM_convert 1 7, DW_OP_LLVM_convert 8 7, DW_OP_stack_value] $r0
	.loc	2 0 22 is_stmt 0                @ ../../../../../sdk/platform/arch/main/arch_sleep.c:0:22
	movs	r0, #126
.Ltmp10:
	b	.LBB1_7
.LBB1_3:
.Ltmp11:
	@DEBUG_VALUE: arch_set_extended_sleep:otp_copy <- [DW_OP_LLVM_convert 1 7, DW_OP_LLVM_convert 8 7, DW_OP_stack_value] $r0
	.loc	2 91 31 is_stmt 1               @ ../../../../../sdk/platform/arch/main/arch_sleep.c:91:31
	ldr	r2, __arm_cp.1_1
	movs	r1, #1
	strb	r1, [r2, #3]
	.loc	2 89 31                         @ ../../../../../sdk/platform/arch/main/arch_sleep.c:89:31
	cmp	r0, #0
	beq	.LBB1_5
.Ltmp12:
@ %bb.4:
	@DEBUG_VALUE: arch_set_extended_sleep:otp_copy <- [DW_OP_LLVM_convert 1 7, DW_OP_LLVM_convert 8 7, DW_OP_stack_value] $r0
	.loc	2 0 31 is_stmt 0                @ ../../../../../sdk/platform/arch/main/arch_sleep.c:0:31
	movs	r1, #2
.Ltmp13:
.LBB1_5:
	@DEBUG_VALUE: arch_set_extended_sleep:otp_copy <- [DW_OP_LLVM_convert 1 7, DW_OP_LLVM_convert 8 7, DW_OP_stack_value] $r0
	.loc	2 89 29                         @ ../../../../../sdk/platform/arch/main/arch_sleep.c:89:29
	ldr	r0, __arm_cp.1_2
.Ltmp14:
	strb	r1, [r0]
.Ltmp15:
	.loc	2 97 1 is_stmt 1                @ ../../../../../sdk/platform/arch/main/arch_sleep.c:97:1
	bx	lr
.LBB1_6:
.Ltmp16:
	@DEBUG_VALUE: arch_set_extended_sleep:otp_copy <- [DW_OP_LLVM_convert 1 7, DW_OP_LLVM_convert 8 7, DW_OP_stack_value] $r0
	.loc	2 0 1 is_stmt 0                 @ ../../../../../sdk/platform/arch/main/arch_sleep.c:0:1
	movs	r0, #125
.Ltmp17:
.LBB1_7:
	mvns	r0, r0
.Ltmp18:
	.loc	2 95 20 is_stmt 1               @ ../../../../../sdk/platform/arch/main/arch_sleep.c:95:20
	strb	r0, [r1, #1]
.Ltmp19:
	.loc	2 97 1                          @ ../../../../../sdk/platform/arch/main/arch_sleep.c:97:1
	bx	lr
.Ltmp20:
	.loc	2 0 1 is_stmt 0                 @ :0:1
.Ltmp21:
	.p2align	2
@ %bb.8:
__arm_cp.1_0:
	.long	.L_MergedGlobals
.Lcpi_end3:
	.size	__arm_cp.1_0, .Lcpi_end3-__arm_cp.1_0
__arm_cp.1_1:
	.long	rwip_env
.Lcpi_end4:
	.size	__arm_cp.1_1, .Lcpi_end4-__arm_cp.1_1
__arm_cp.1_2:
	.long	sleep_env
.Lcpi_end5:
	.size	__arm_cp.1_2, .Lcpi_end5-__arm_cp.1_2
.Lfunc_end1:
	.size	arch_set_extended_sleep, .Lfunc_end1-arch_set_extended_sleep
	.cfi_endproc
	.cantunwind
	.fnend
                                        @ -- End function
	.hidden	arch_set_deep_sleep             @ -- Begin function arch_set_deep_sleep
	.globl	arch_set_deep_sleep
	.p2align	2
	.type	arch_set_deep_sleep,%function
	.code	16                              @ @arch_set_deep_sleep
	.thumb_func
arch_set_deep_sleep:
.Lfunc_begin2:
	.loc	2 104 0 is_stmt 1               @ ../../../../../sdk/platform/arch/main/arch_sleep.c:104:0
	.fnstart
	.cfi_startproc
@ %bb.0:
	@DEBUG_VALUE: arch_set_deep_sleep:ram1 <- $r0
	@DEBUG_VALUE: arch_set_deep_sleep:ram2 <- $r1
	@DEBUG_VALUE: arch_set_deep_sleep:ram3 <- $r2
	@DEBUG_VALUE: arch_set_deep_sleep:pad_latch_en <- [DW_OP_LLVM_convert 1 7, DW_OP_LLVM_convert 8 7, DW_OP_stack_value] $r3
	.save	{r4, r5, r6, r7, lr}
	.pad	#16
	push	{r0, r1, r2, r3, r4, r5, r6, r7, lr}
	.cfi_def_cfa_offset 36
	.cfi_offset lr, -4
	.cfi_offset r7, -8
	.cfi_offset r6, -12
	.cfi_offset r5, -16
	.cfi_offset r4, -20
	str	r3, [sp, #8]                    @ 4-byte Spill
.Ltmp22:
	@DEBUG_VALUE: arch_set_deep_sleep:pad_latch_en <- [DW_OP_plus_uconst 8, DW_OP_deref_size 4, DW_OP_LLVM_convert 1 7, DW_OP_LLVM_convert 8 7, DW_OP_stack_value] $sp
	str	r1, [sp, #4]                    @ 4-byte Spill
.Ltmp23:
	@DEBUG_VALUE: arch_set_deep_sleep:ram2 <- [DW_OP_plus_uconst 4] [$sp+0]
	ldr	r1, __arm_cp.2_0
	movs	r2, #8
.Ltmp24:
	@DEBUG_VALUE: arch_set_deep_sleep:ram3 <- [DW_OP_LLVM_entry_value 1] $r2
	str	r2, [sp, #12]                   @ 4-byte Spill
.Ltmp25:
	.file	6 "C:\\Users\\teodor\\Desktop\\stem\\codeless\\6.0.24.1464\\projects\\target_apps\\ble_examples\\empty_peripheral_template\\Keil_5" "./../../../../../sdk/platform/arch/main\\arch_wdg.h"
	.loc	6 88 5 prologue_end             @ ./../../../../../sdk/platform/arch/main\arch_wdg.h:88:5
	strh	r2, [r1]
.Ltmp26:
	.file	7 "C:\\Users\\teodor\\Desktop\\stem\\codeless\\6.0.24.1464\\projects\\target_apps\\ble_examples\\empty_peripheral_template\\Keil_5" "../../../../../sdk/platform/include/CMSIS/5.9.0/CMSIS/Core/Include\\cmsis_armclang.h"
	.loc	7 752 3                         @ ../../../../../sdk/platform/include/CMSIS/5.9.0/CMSIS/Core/Include\cmsis_armclang.h:752:3
	@APP
	cpsid i
	@NO_APP
	ldr	r6, __arm_cp.2_1
.Ltmp27:
	.loc	2 117 5                         @ ../../../../../sdk/platform/arch/main/arch_sleep.c:117:5
	ldrh	r1, [r6, #12]
	movs	r4, #4
	orrs	r1, r4
	strh	r1, [r6, #12]
	.loc	2 120 5                         @ ../../../../../sdk/platform/arch/main/arch_sleep.c:120:5
	ldrh	r1, [r6, #4]
	movs	r2, #128
	bics	r1, r2
	strh	r1, [r6, #4]
	.loc	2 123 5                         @ ../../../../../sdk/platform/arch/main/arch_sleep.c:123:5
	ldrh	r2, [r6, #4]
	movs	r1, #64
	str	r1, [sp]                        @ 4-byte Spill
	orrs	r2, r1
	strh	r2, [r6, #4]
	ldr	r2, __arm_cp.2_2
	.loc	2 126 5                         @ ../../../../../sdk/platform/arch/main/arch_sleep.c:126:5
	strh	r4, [r2]
	.loc	2 129 5                         @ ../../../../../sdk/platform/arch/main/arch_sleep.c:129:5
	ldrh	r2, [r6]
	ldr	r3, __arm_cp.2_3
	ands	r3, r2
	strh	r3, [r6]
	movs	r2, #0
	mvns	r2, r2
	ldr	r3, __arm_cp.2_4
	.loc	2 132 19                        @ ../../../../../sdk/platform/arch/main/arch_sleep.c:132:19
	str	r2, [r3]
.Ltmp28:
.LBB2_1:                                @ =>This Inner Loop Header: Depth=1
	@DEBUG_VALUE: arch_set_deep_sleep:ram3 <- [DW_OP_LLVM_entry_value 1] $r2
	@DEBUG_VALUE: arch_set_deep_sleep:ram2 <- [DW_OP_plus_uconst 4] [$sp+0]
	@DEBUG_VALUE: arch_set_deep_sleep:pad_latch_en <- [DW_OP_plus_uconst 8, DW_OP_deref_size 4, DW_OP_LLVM_convert 1 7, DW_OP_LLVM_convert 8 7, DW_OP_stack_value] $sp
	@DEBUG_VALUE: arch_set_deep_sleep:ram1 <- $r0
	.loc	2 135 12                        @ ../../../../../sdk/platform/arch/main/arch_sleep.c:135:12
	ldrh	r2, [r6, #16]
	.loc	2 135 5 is_stmt 0               @ ../../../../../sdk/platform/arch/main/arch_sleep.c:135:5
	lsls	r2, r2, #27
	bmi	.LBB2_1
.Ltmp29:
@ %bb.2:
	@DEBUG_VALUE: arch_set_deep_sleep:ram3 <- [DW_OP_LLVM_entry_value 1] $r2
	@DEBUG_VALUE: arch_set_deep_sleep:ram2 <- [DW_OP_plus_uconst 4] [$sp+0]
	@DEBUG_VALUE: arch_set_deep_sleep:pad_latch_en <- [DW_OP_plus_uconst 8, DW_OP_deref_size 4, DW_OP_LLVM_convert 1 7, DW_OP_LLVM_convert 8 7, DW_OP_stack_value] $sp
	@DEBUG_VALUE: arch_set_deep_sleep:ram1 <- $r0
	.loc	2 136 5 is_stmt 1               @ ../../../../../sdk/platform/arch/main/arch_sleep.c:136:5
	ldrh	r2, [r6, #14]
	ldr	r3, __arm_cp.2_5
	ands	r3, r2
	strh	r3, [r6, #14]
	movs	r3, #1
	mvns	r5, r3
	ldr	r7, __arm_cp.2_6
	.loc	2 139 5                         @ ../../../../../sdk/platform/arch/main/arch_sleep.c:139:5
	ldrh	r2, [r7, #4]
	ands	r2, r5
	strh	r2, [r7, #4]
	ldr	r2, __arm_cp.2_7
	.loc	2 140 14                        @ ../../../../../sdk/platform/arch/main/arch_sleep.c:140:14
	ldr	r1, [r2]
	orrs	r1, r4
	str	r1, [r2]
	.loc	2 143 5                         @ ../../../../../sdk/platform/arch/main/arch_sleep.c:143:5
	ldrh	r1, [r6, #20]
	movs	r2, #3
	bics	r1, r2
	orrs	r1, r0
	strh	r1, [r6, #20]
	.loc	2 144 5                         @ ../../../../../sdk/platform/arch/main/arch_sleep.c:144:5
	ldrh	r0, [r6, #20]
.Ltmp30:
	@DEBUG_VALUE: arch_set_deep_sleep:ram1 <- [DW_OP_LLVM_entry_value 1] $r0
	.loc	2 0 5 is_stmt 0                 @ ../../../../../sdk/platform/arch/main/arch_sleep.c:0:5
	movs	r1, #12
	.loc	2 144 5                         @ ../../../../../sdk/platform/arch/main/arch_sleep.c:144:5
	bics	r0, r1
	ldr	r1, [sp, #4]                    @ 4-byte Reload
	lsls	r1, r1, #2
	orrs	r1, r0
	strh	r1, [r6, #20]
	.loc	2 150 5 is_stmt 1               @ ../../../../../sdk/platform/arch/main/arch_sleep.c:150:5
	ldrh	r0, [r6, #12]
	orrs	r0, r3
	strh	r0, [r6, #12]
	.loc	2 153 5                         @ ../../../../../sdk/platform/arch/main/arch_sleep.c:153:5
	ldrh	r0, [r7]
	ands	r0, r5
	ldr	r1, [sp, #8]                    @ 4-byte Reload
	adds	r0, r0, r1
	strh	r0, [r7]
	movs	r0, #15
	lsls	r0, r0, #10
	.loc	2 159 5                         @ ../../../../../sdk/platform/arch/main/arch_sleep.c:159:5
	ldrh	r1, [r7, #20]
	orrs	r1, r0
	strh	r1, [r7, #20]
	lsls	r0, r3, #14
	.loc	2 163 5                         @ ../../../../../sdk/platform/arch/main/arch_sleep.c:163:5
	ldrh	r1, [r7, #20]
	orrs	r1, r0
	strh	r1, [r7, #20]
.Ltmp31:
	.loc	2 166 9                         @ ../../../../../sdk/platform/arch/main/arch_sleep.c:166:9
	ldrh	r0, [r6, #38]
.Ltmp32:
	.loc	2 166 9 is_stmt 0               @ ../../../../../sdk/platform/arch/main/arch_sleep.c:166:9
	lsls	r0, r0, #23
	ldr	r0, __arm_cp.2_8
	bmi	.LBB2_4
.Ltmp33:
@ %bb.3:
	@DEBUG_VALUE: arch_set_deep_sleep:ram1 <- [DW_OP_LLVM_entry_value 1] $r0
	@DEBUG_VALUE: arch_set_deep_sleep:ram3 <- [DW_OP_LLVM_entry_value 1] $r2
	@DEBUG_VALUE: arch_set_deep_sleep:ram2 <- [DW_OP_plus_uconst 4] [$sp+0]
	@DEBUG_VALUE: arch_set_deep_sleep:pad_latch_en <- [DW_OP_plus_uconst 8, DW_OP_deref_size 4, DW_OP_LLVM_convert 1 7, DW_OP_LLVM_convert 8 7, DW_OP_stack_value] $sp
	.loc	2 187 9 is_stmt 1               @ ../../../../../sdk/platform/arch/main/arch_sleep.c:187:9
	ldrh	r1, [r0, #4]
	orrs	r1, r3
	strh	r1, [r0, #4]
	.loc	2 196 9                         @ ../../../../../sdk/platform/arch/main/arch_sleep.c:196:9
	ldrh	r1, [r0]
	movs	r3, #96
	bics	r1, r3
	strh	r1, [r0]
	b	.LBB2_5
.Ltmp34:
.LBB2_4:
	@DEBUG_VALUE: arch_set_deep_sleep:ram1 <- [DW_OP_LLVM_entry_value 1] $r0
	@DEBUG_VALUE: arch_set_deep_sleep:ram3 <- [DW_OP_LLVM_entry_value 1] $r2
	@DEBUG_VALUE: arch_set_deep_sleep:ram2 <- [DW_OP_plus_uconst 4] [$sp+0]
	@DEBUG_VALUE: arch_set_deep_sleep:pad_latch_en <- [DW_OP_plus_uconst 8, DW_OP_deref_size 4, DW_OP_LLVM_convert 1 7, DW_OP_LLVM_convert 8 7, DW_OP_stack_value] $sp
	.loc	2 169 9                         @ ../../../../../sdk/platform/arch/main/arch_sleep.c:169:9
	ldrh	r1, [r0]
	movs	r3, #32
	orrs	r3, r1
	ldr	r1, [sp]                        @ 4-byte Reload
	bics	r3, r1
	strh	r3, [r0]
	.loc	2 173 9                         @ ../../../../../sdk/platform/arch/main/arch_sleep.c:173:9
	ldrh	r0, [r7, #20]
	orrs	r0, r1
	strh	r0, [r7, #20]
.Ltmp35:
.LBB2_5:
	@DEBUG_VALUE: arch_set_deep_sleep:ram1 <- [DW_OP_LLVM_entry_value 1] $r0
	@DEBUG_VALUE: arch_set_deep_sleep:ram3 <- [DW_OP_LLVM_entry_value 1] $r2
	@DEBUG_VALUE: arch_set_deep_sleep:ram2 <- [DW_OP_plus_uconst 4] [$sp+0]
	@DEBUG_VALUE: arch_set_deep_sleep:pad_latch_en <- [DW_OP_plus_uconst 8, DW_OP_deref_size 4, DW_OP_LLVM_convert 1 7, DW_OP_LLVM_convert 8 7, DW_OP_stack_value] $sp
	.loc	2 0 0 is_stmt 0                 @ ../../../../../sdk/platform/arch/main/arch_sleep.c:0:0
	ldrh	r0, [r7, #20]
	orrs	r0, r2
	strh	r0, [r7, #20]
.Ltmp36:
	.loc	2 206 5 is_stmt 1               @ ../../../../../sdk/platform/arch/main/arch_sleep.c:206:5
	ldrh	r0, [r7, #20]
	ldr	r1, [sp, #12]                   @ 4-byte Reload
	orrs	r0, r1
	strh	r0, [r7, #20]
	.loc	2 209 5                         @ ../../../../../sdk/platform/arch/main/arch_sleep.c:209:5
	ldrh	r0, [r7, #20]
	bics	r0, r4
	strh	r0, [r7, #20]
	.loc	2 216 5                         @ ../../../../../sdk/platform/arch/main/arch_sleep.c:216:5
	nop
	.loc	2 217 5                         @ ../../../../../sdk/platform/arch/main/arch_sleep.c:217:5
	nop
	.loc	2 218 5                         @ ../../../../../sdk/platform/arch/main/arch_sleep.c:218:5
	nop
	.loc	2 221 5                         @ ../../../../../sdk/platform/arch/main/arch_sleep.c:221:5
	wfi
	.loc	2 222 1 epilogue_begin          @ ../../../../../sdk/platform/arch/main/arch_sleep.c:222:1
	pop	{r0, r1, r2, r3, r4, r5, r6, r7, pc}
.Ltmp37:
	.loc	2 0 1 is_stmt 0                 @ :0:1
.Ltmp38:
	.p2align	2
@ %bb.6:
__arm_cp.2_0:
	.long	1342190336                      @ 0x50003300
.Lcpi_end6:
	.size	__arm_cp.2_0, .Lcpi_end6-__arm_cp.2_0
__arm_cp.2_1:
	.long	1342177284                      @ 0x50000004
.Lcpi_end7:
	.size	__arm_cp.2_1, .Lcpi_end7-__arm_cp.2_1
__arm_cp.2_2:
	.long	1342177792                      @ 0x50000200
.Lcpi_end8:
	.size	__arm_cp.2_2, .Lcpi_end8-__arm_cp.2_2
__arm_cp.2_3:
	.long	63487                           @ 0xf7ff
.Lcpi_end9:
	.size	__arm_cp.2_3, .Lcpi_end9-__arm_cp.2_3
__arm_cp.2_4:
	.long	3758154368                      @ 0xe000e280
.Lcpi_end10:
	.size	__arm_cp.2_4, .Lcpi_end10-__arm_cp.2_4
__arm_cp.2_5:
	.long	65151                           @ 0xfe7f
.Lcpi_end11:
	.size	__arm_cp.2_5, .Lcpi_end11-__arm_cp.2_5
__arm_cp.2_6:
	.long	1342178060                      @ 0x5000030c
.Lcpi_end12:
	.size	__arm_cp.2_6, .Lcpi_end12-__arm_cp.2_6
__arm_cp.2_7:
	.long	3758157072                      @ 0xe000ed10
.Lcpi_end13:
	.size	__arm_cp.2_7, .Lcpi_end13-__arm_cp.2_7
__arm_cp.2_8:
	.long	1342177362                      @ 0x50000052
.Lcpi_end14:
	.size	__arm_cp.2_8, .Lcpi_end14-__arm_cp.2_8
.Lfunc_end2:
	.size	arch_set_deep_sleep, .Lfunc_end2-arch_set_deep_sleep
	.cfi_endproc
	.cantunwind
	.fnend
                                        @ -- End function
	.hidden	arch_set_sleep_mode             @ -- Begin function arch_set_sleep_mode
	.globl	arch_set_sleep_mode
	.p2align	2
	.type	arch_set_sleep_mode,%function
	.code	16                              @ @arch_set_sleep_mode
	.thumb_func
arch_set_sleep_mode:
.Lfunc_begin3:
	.fnstart
	.cfi_startproc
@ %bb.0:
	@DEBUG_VALUE: arch_set_sleep_mode:sleep_state <- $r0
	.loc	2 276 5 prologue_end is_stmt 1  @ ../../../../../sdk/platform/arch/main/arch_sleep.c:276:5
	cmp	r0, #2
	beq	.LBB3_7
.Ltmp39:
@ %bb.1:
	@DEBUG_VALUE: arch_set_sleep_mode:sleep_state <- $r0
	cmp	r0, #1
	beq	.LBB3_5
.Ltmp40:
@ %bb.2:
	@DEBUG_VALUE: arch_set_sleep_mode:sleep_state <- $r0
	cmp	r0, #0
	bne	.LBB3_10
.Ltmp41:
@ %bb.3:
	@DEBUG_VALUE: arch_set_sleep_mode:sleep_state <- $r0
	.loc	2 74 9                          @ ../../../../../sdk/platform/arch/main/arch_sleep.c:74:9
	ldr	r0, __arm_cp.3_0
.Ltmp42:
	@DEBUG_VALUE: arch_set_sleep_mode:sleep_state <- [DW_OP_LLVM_entry_value 1] $r0
	ldrb	r1, [r0]
.Ltmp43:
	.loc	2 74 9 is_stmt 0                @ ../../../../../sdk/platform/arch/main/arch_sleep.c:74:9
	cmp	r1, #0
	beq	.LBB3_13
.Ltmp44:
@ %bb.4:
	@DEBUG_VALUE: arch_set_sleep_mode:sleep_state <- [DW_OP_LLVM_entry_value 1] $r0
	.loc	2 0 9                           @ ../../../../../sdk/platform/arch/main/arch_sleep.c:0:9
	movs	r1, #128
.Ltmp45:
	.loc	2 82 20 is_stmt 1               @ ../../../../../sdk/platform/arch/main/arch_sleep.c:82:20
	b	.LBB3_9
.Ltmp46:
.LBB3_5:
	@DEBUG_VALUE: arch_set_sleep_mode:sleep_state <- $r0
	@DEBUG_VALUE: arch_set_extended_sleep:otp_copy <- [DW_OP_stack_value] 0
	.loc	2 87 9                          @ ../../../../../sdk/platform/arch/main/arch_sleep.c:87:9
	ldr	r0, __arm_cp.3_0
.Ltmp47:
	@DEBUG_VALUE: arch_set_sleep_mode:sleep_state <- [DW_OP_LLVM_entry_value 1] $r0
	ldrb	r1, [r0]
.Ltmp48:
	.loc	2 87 9 is_stmt 0                @ ../../../../../sdk/platform/arch/main/arch_sleep.c:87:9
	cmp	r1, #0
	beq	.LBB3_11
.Ltmp49:
@ %bb.6:
	@DEBUG_VALUE: arch_set_extended_sleep:otp_copy <- [DW_OP_stack_value] 0
	@DEBUG_VALUE: arch_set_sleep_mode:sleep_state <- [DW_OP_LLVM_entry_value 1] $r0
	.loc	2 0 9                           @ ../../../../../sdk/platform/arch/main/arch_sleep.c:0:9
	movs	r1, #129
.Ltmp50:
	.loc	2 95 20 is_stmt 1               @ ../../../../../sdk/platform/arch/main/arch_sleep.c:95:20
	b	.LBB3_9
.Ltmp51:
.LBB3_7:
	@DEBUG_VALUE: arch_set_sleep_mode:sleep_state <- $r0
	@DEBUG_VALUE: arch_set_extended_sleep:otp_copy <- [DW_OP_stack_value] 1
	.loc	2 87 9                          @ ../../../../../sdk/platform/arch/main/arch_sleep.c:87:9
	ldr	r0, __arm_cp.3_0
.Ltmp52:
	@DEBUG_VALUE: arch_set_sleep_mode:sleep_state <- [DW_OP_LLVM_entry_value 1] $r0
	ldrb	r1, [r0]
.Ltmp53:
	.loc	2 87 9 is_stmt 0                @ ../../../../../sdk/platform/arch/main/arch_sleep.c:87:9
	cmp	r1, #0
	beq	.LBB3_12
.Ltmp54:
@ %bb.8:
	@DEBUG_VALUE: arch_set_extended_sleep:otp_copy <- [DW_OP_stack_value] 1
	@DEBUG_VALUE: arch_set_sleep_mode:sleep_state <- [DW_OP_LLVM_entry_value 1] $r0
	.loc	2 0 9                           @ ../../../../../sdk/platform/arch/main/arch_sleep.c:0:9
	movs	r1, #130
.Ltmp55:
.LBB3_9:
	@DEBUG_VALUE: arch_set_sleep_mode:sleep_state <- [DW_OP_LLVM_entry_value 1] $r0
	strb	r1, [r0, #1]
.Ltmp56:
.LBB3_10:
	.loc	2 290 1 is_stmt 1               @ ../../../../../sdk/platform/arch/main/arch_sleep.c:290:1
	bx	lr
.LBB3_11:
.Ltmp57:
	@DEBUG_VALUE: arch_set_extended_sleep:otp_copy <- [DW_OP_stack_value] 0
	@DEBUG_VALUE: arch_set_sleep_mode:sleep_state <- [DW_OP_LLVM_entry_value 1] $r0
	.loc	2 91 31                         @ ../../../../../sdk/platform/arch/main/arch_sleep.c:91:31
	ldr	r0, __arm_cp.3_1
	movs	r1, #1
	b	.LBB3_14
.Ltmp58:
.LBB3_12:
	@DEBUG_VALUE: arch_set_extended_sleep:otp_copy <- [DW_OP_stack_value] 1
	@DEBUG_VALUE: arch_set_sleep_mode:sleep_state <- [DW_OP_LLVM_entry_value 1] $r0
	.loc	2 91 31 is_stmt 0               @ ../../../../../sdk/platform/arch/main/arch_sleep.c:91:31
	ldr	r0, __arm_cp.3_1
	movs	r1, #1
	strb	r1, [r0, #3]
	.loc	2 89 29 is_stmt 1               @ ../../../../../sdk/platform/arch/main/arch_sleep.c:89:29
	ldr	r0, __arm_cp.3_2
	movs	r1, #2
	b	.LBB3_15
.Ltmp59:
.LBB3_13:
	@DEBUG_VALUE: arch_set_sleep_mode:sleep_state <- [DW_OP_LLVM_entry_value 1] $r0
	.loc	2 78 31                         @ ../../../../../sdk/platform/arch/main/arch_sleep.c:78:31
	ldr	r0, __arm_cp.3_1
	movs	r1, #0
.Ltmp60:
.LBB3_14:
	@DEBUG_VALUE: arch_set_sleep_mode:sleep_state <- [DW_OP_LLVM_entry_value 1] $r0
	.loc	2 0 0 is_stmt 0                 @ ../../../../../sdk/platform/arch/main/arch_sleep.c:0:0
	strb	r1, [r0, #3]
	ldr	r0, __arm_cp.3_2
.Ltmp61:
.LBB3_15:
	@DEBUG_VALUE: arch_set_sleep_mode:sleep_state <- [DW_OP_LLVM_entry_value 1] $r0
	strb	r1, [r0]
.Ltmp62:
	.loc	2 290 1 is_stmt 1               @ ../../../../../sdk/platform/arch/main/arch_sleep.c:290:1
	bx	lr
.Ltmp63:
	.loc	2 0 1 is_stmt 0                 @ :0:1
.Ltmp64:
	.p2align	2
@ %bb.16:
__arm_cp.3_0:
	.long	.L_MergedGlobals
.Lcpi_end15:
	.size	__arm_cp.3_0, .Lcpi_end15-__arm_cp.3_0
__arm_cp.3_1:
	.long	rwip_env
.Lcpi_end16:
	.size	__arm_cp.3_1, .Lcpi_end16-__arm_cp.3_1
__arm_cp.3_2:
	.long	sleep_env
.Lcpi_end17:
	.size	__arm_cp.3_2, .Lcpi_end17-__arm_cp.3_2
.Lfunc_end3:
	.size	arch_set_sleep_mode, .Lfunc_end3-arch_set_sleep_mode
	.cfi_endproc
	.cantunwind
	.fnend
                                        @ -- End function
	.hidden	arch_get_sleep_mode             @ -- Begin function arch_get_sleep_mode
	.globl	arch_get_sleep_mode
	.p2align	2
	.type	arch_get_sleep_mode,%function
	.code	16                              @ @arch_get_sleep_mode
	.thumb_func
arch_get_sleep_mode:
.Lfunc_begin4:
	.fnstart
	.cfi_startproc
@ %bb.0:
	@DEBUG_VALUE: arch_get_sleep_mode:ret <- 0
	.loc	2 296 22 prologue_end is_stmt 1 @ ../../../../../sdk/platform/arch/main/arch_sleep.c:296:22
	ldr	r0, __arm_cp.4_0
	ldrb	r1, [r0]
	.loc	2 296 5 is_stmt 0               @ ../../../../../sdk/platform/arch/main/arch_sleep.c:296:5
	subs	r2, r1, #1
	rsbs	r0, r2, #0
	adcs	r0, r2
	cmp	r1, #2
	bne	.LBB4_2
.Ltmp65:
@ %bb.1:
	@DEBUG_VALUE: arch_get_sleep_mode:ret <- 0
	.loc	2 0 5                           @ ../../../../../sdk/platform/arch/main/arch_sleep.c:0:5
	mov	r0, r1
.Ltmp66:
.LBB4_2:
	@DEBUG_VALUE: arch_get_sleep_mode:ret <- 0
	@DEBUG_VALUE: arch_get_sleep_mode:ret <- $r0
	.loc	2 306 5 is_stmt 1               @ ../../../../../sdk/platform/arch/main/arch_sleep.c:306:5
	bx	lr
.Ltmp67:
	.loc	2 0 5 is_stmt 0                 @ :0:5
.Ltmp68:
	.p2align	2
@ %bb.3:
__arm_cp.4_0:
	.long	sleep_env
.Lcpi_end18:
	.size	__arm_cp.4_0, .Lcpi_end18-__arm_cp.4_0
.Lfunc_end4:
	.size	arch_get_sleep_mode, .Lfunc_end4-arch_get_sleep_mode
	.cfi_endproc
	.cantunwind
	.fnend
                                        @ -- End function
	.hidden	arch_restore_sleep_mode         @ -- Begin function arch_restore_sleep_mode
	.globl	arch_restore_sleep_mode
	.p2align	2
	.type	arch_restore_sleep_mode,%function
	.code	16                              @ @arch_restore_sleep_mode
	.thumb_func
arch_restore_sleep_mode:
.Lfunc_begin5:
	.fnstart
	.cfi_startproc
@ %bb.0:
	.loc	2 313 9 prologue_end is_stmt 1  @ ../../../../../sdk/platform/arch/main/arch_sleep.c:313:9
	ldr	r0, __arm_cp.5_0
	ldrb	r1, [r0, #2]
.Ltmp69:
	.loc	2 313 9 is_stmt 0               @ ../../../../../sdk/platform/arch/main/arch_sleep.c:313:9
	cmp	r1, #0
	beq	.LBB5_3
@ %bb.1:
.Ltmp70:
	.loc	2 314 18 is_stmt 1              @ ../../../../../sdk/platform/arch/main/arch_sleep.c:314:18
	subs	r1, r1, #1
	strb	r1, [r0, #2]
.Ltmp71:
	.loc	2 316 9                         @ ../../../../../sdk/platform/arch/main/arch_sleep.c:316:9
	lsls	r1, r1, #24
	beq	.LBB5_3
.LBB5_2:
	.loc	2 337 1                         @ ../../../../../sdk/platform/arch/main/arch_sleep.c:337:1
	bx	lr
.LBB5_3:
.Ltmp72:
	.loc	2 319 9                         @ ../../../../../sdk/platform/arch/main/arch_sleep.c:319:9
	ldrb	r1, [r0, #1]
.Ltmp73:
	.loc	2 319 9 is_stmt 0               @ ../../../../../sdk/platform/arch/main/arch_sleep.c:319:9
	cmp	r1, #0
	beq	.LBB5_5
@ %bb.4:
	.loc	2 0 9                           @ ../../../../../sdk/platform/arch/main/arch_sleep.c:0:9
	movs	r2, #0
.Ltmp74:
	.loc	2 322 20 is_stmt 1              @ ../../../../../sdk/platform/arch/main/arch_sleep.c:322:20
	strb	r2, [r0, #1]
	movs	r2, #3
	.loc	2 321 31                        @ ../../../../../sdk/platform/arch/main/arch_sleep.c:321:31
	ands	r1, r2
	.loc	2 323 5                         @ ../../../../../sdk/platform/arch/main/arch_sleep.c:323:5
	b	.LBB5_7
.Ltmp75:
.LBB5_5:
	.loc	2 324 14                        @ ../../../../../sdk/platform/arch/main/arch_sleep.c:324:14
	ldrb	r1, [r0]
.Ltmp76:
	.loc	2 324 14 is_stmt 0              @ ../../../../../sdk/platform/arch/main/arch_sleep.c:324:14
	cmp	r1, #0
	beq	.LBB5_2
@ %bb.6:
.Ltmp77:
	.loc	2 325 17 is_stmt 1              @ ../../../../../sdk/platform/arch/main/arch_sleep.c:325:17
	subs	r1, r1, #1
.Ltmp78:
.LBB5_7:
	@DEBUG_VALUE: arch_restore_sleep_mode:cur_mode <- $r1
	.loc	2 0 17 is_stmt 0                @ ../../../../../sdk/platform/arch/main/arch_sleep.c:0:17
	movs	r2, #0
	.loc	2 328 14 is_stmt 1              @ ../../../../../sdk/platform/arch/main/arch_sleep.c:328:14
	strb	r2, [r0]
	.loc	2 330 5                         @ ../../../../../sdk/platform/arch/main/arch_sleep.c:330:5
	subs	r0, r1, #1
	uxtb	r0, r0
	cmp	r0, #1
	bhi	.LBB5_2
.Ltmp79:
@ %bb.8:
	@DEBUG_VALUE: arch_restore_sleep_mode:cur_mode <- $r1
	.loc	2 91 31                         @ ../../../../../sdk/platform/arch/main/arch_sleep.c:91:31
	ldr	r0, __arm_cp.5_1
	movs	r2, #1
	strb	r2, [r0, #3]
	.loc	2 89 29                         @ ../../../../../sdk/platform/arch/main/arch_sleep.c:89:29
	ldr	r0, __arm_cp.5_2
	strb	r1, [r0]
.Ltmp80:
	.loc	2 337 1                         @ ../../../../../sdk/platform/arch/main/arch_sleep.c:337:1
	bx	lr
.Ltmp81:
	.loc	2 0 1 is_stmt 0                 @ :0:1
.Ltmp82:
	.p2align	2
@ %bb.9:
__arm_cp.5_0:
	.long	.L_MergedGlobals
.Lcpi_end19:
	.size	__arm_cp.5_0, .Lcpi_end19-__arm_cp.5_0
__arm_cp.5_1:
	.long	rwip_env
.Lcpi_end20:
	.size	__arm_cp.5_1, .Lcpi_end20-__arm_cp.5_1
__arm_cp.5_2:
	.long	sleep_env
.Lcpi_end21:
	.size	__arm_cp.5_2, .Lcpi_end21-__arm_cp.5_2
.Lfunc_end5:
	.size	arch_restore_sleep_mode, .Lfunc_end5-arch_restore_sleep_mode
	.cfi_endproc
	.cantunwind
	.fnend
                                        @ -- End function
	.hidden	arch_force_active_mode          @ -- Begin function arch_force_active_mode
	.globl	arch_force_active_mode
	.p2align	2
	.type	arch_force_active_mode,%function
	.code	16                              @ @arch_force_active_mode
	.thumb_func
arch_force_active_mode:
.Lfunc_begin6:
	.fnstart
	.cfi_startproc
@ %bb.0:
	.loc	2 343 14 prologue_end is_stmt 1 @ ../../../../../sdk/platform/arch/main/arch_sleep.c:343:14
	ldr	r0, __arm_cp.6_0
	ldrb	r1, [r0, #2]
	adds	r1, r1, #1
	strb	r1, [r0, #2]
.Ltmp83:
	.loc	2 345 9                         @ ../../../../../sdk/platform/arch/main/arch_sleep.c:345:9
	ldrb	r1, [r0]
.Ltmp84:
	.loc	2 345 9 is_stmt 0               @ ../../../../../sdk/platform/arch/main/arch_sleep.c:345:9
	cmp	r1, #0
	beq	.LBB6_2
@ %bb.1:
	.loc	2 352 1 is_stmt 1               @ ../../../../../sdk/platform/arch/main/arch_sleep.c:352:1
	bx	lr
.LBB6_2:
.Ltmp85:
	.loc	2 78 31                         @ ../../../../../sdk/platform/arch/main/arch_sleep.c:78:31
	ldr	r1, __arm_cp.6_1
	movs	r3, #0
	strb	r3, [r1, #3]
.Ltmp86:
	@DEBUG_VALUE: arch_get_sleep_mode:ret <- 0
	.loc	2 296 22                        @ ../../../../../sdk/platform/arch/main/arch_sleep.c:296:22
	ldr	r1, __arm_cp.6_2
	ldrb	r2, [r1]
.Ltmp87:
	.loc	2 76 29                         @ ../../../../../sdk/platform/arch/main/arch_sleep.c:76:29
	strb	r3, [r1]
.Ltmp88:
	.loc	2 348 17                        @ ../../../../../sdk/platform/arch/main/arch_sleep.c:348:17
	cmp	r2, #1
	beq	.LBB6_4
.Ltmp89:
@ %bb.3:
	@DEBUG_VALUE: arch_get_sleep_mode:ret <- 0
	.loc	2 0 17 is_stmt 0                @ ../../../../../sdk/platform/arch/main/arch_sleep.c:0:17
	movs	r1, #1
	b	.LBB6_5
.LBB6_4:
	@DEBUG_VALUE: arch_get_sleep_mode:ret <- 0
	movs	r1, #2
.LBB6_5:
	@DEBUG_VALUE: arch_get_sleep_mode:ret <- undef
.Ltmp90:
	@DEBUG_VALUE: arch_force_active_mode:cur_mode <- undef
	.loc	2 348 17                        @ ../../../../../sdk/platform/arch/main/arch_sleep.c:348:17
	cmp	r2, #2
	bne	.LBB6_7
.Ltmp91:
@ %bb.6:
	.loc	2 0 17                          @ ../../../../../sdk/platform/arch/main/arch_sleep.c:0:17
	movs	r1, #3
.LBB6_7:
.Ltmp92:
	@DEBUG_VALUE: arch_force_active_mode:cur_mode <- $r1
	.loc	2 350 18 is_stmt 1              @ ../../../../../sdk/platform/arch/main/arch_sleep.c:350:18
	strb	r1, [r0]
.Ltmp93:
	.loc	2 352 1                         @ ../../../../../sdk/platform/arch/main/arch_sleep.c:352:1
	bx	lr
.Ltmp94:
	.loc	2 0 1 is_stmt 0                 @ :0:1
.Ltmp95:
	.p2align	2
@ %bb.8:
__arm_cp.6_0:
	.long	.L_MergedGlobals
.Lcpi_end22:
	.size	__arm_cp.6_0, .Lcpi_end22-__arm_cp.6_0
__arm_cp.6_1:
	.long	rwip_env
.Lcpi_end23:
	.size	__arm_cp.6_1, .Lcpi_end23-__arm_cp.6_1
__arm_cp.6_2:
	.long	sleep_env
.Lcpi_end24:
	.size	__arm_cp.6_2, .Lcpi_end24-__arm_cp.6_2
.Lfunc_end6:
	.size	arch_force_active_mode, .Lfunc_end6-arch_force_active_mode
	.cfi_endproc
	.cantunwind
	.fnend
                                        @ -- End function
	.hidden	arch_ble_ext_wakeup_on          @ -- Begin function arch_ble_ext_wakeup_on
	.globl	arch_ble_ext_wakeup_on
	.p2align	2
	.type	arch_ble_ext_wakeup_on,%function
	.code	16                              @ @arch_ble_ext_wakeup_on
	.thumb_func
arch_ble_ext_wakeup_on:
.Lfunc_begin7:
	.fnstart
	.cfi_startproc
@ %bb.0:
	.loc	2 356 21 prologue_end is_stmt 1 @ ../../../../../sdk/platform/arch/main/arch_sleep.c:356:21
	ldr	r0, __arm_cp.7_0
	movs	r1, #1
	strb	r1, [r0]
	.loc	2 357 1                         @ ../../../../../sdk/platform/arch/main/arch_sleep.c:357:1
	bx	lr
.Ltmp96:
	.loc	2 0 1 is_stmt 0                 @ :0:1
.Ltmp97:
	.p2align	2
@ %bb.1:
__arm_cp.7_0:
	.long	sleep_ext_force
.Lcpi_end25:
	.size	__arm_cp.7_0, .Lcpi_end25-__arm_cp.7_0
.Lfunc_end7:
	.size	arch_ble_ext_wakeup_on, .Lfunc_end7-arch_ble_ext_wakeup_on
	.cfi_endproc
	.cantunwind
	.fnend
                                        @ -- End function
	.hidden	arch_ble_ext_wakeup_off         @ -- Begin function arch_ble_ext_wakeup_off
	.globl	arch_ble_ext_wakeup_off
	.p2align	2
	.type	arch_ble_ext_wakeup_off,%function
	.code	16                              @ @arch_ble_ext_wakeup_off
	.thumb_func
arch_ble_ext_wakeup_off:
.Lfunc_begin8:
	.fnstart
	.cfi_startproc
@ %bb.0:
	.loc	2 361 21 prologue_end is_stmt 1 @ ../../../../../sdk/platform/arch/main/arch_sleep.c:361:21
	ldr	r0, __arm_cp.8_0
	movs	r1, #0
	strb	r1, [r0]
	.loc	2 362 1                         @ ../../../../../sdk/platform/arch/main/arch_sleep.c:362:1
	bx	lr
.Ltmp98:
	.loc	2 0 1 is_stmt 0                 @ :0:1
.Ltmp99:
	.p2align	2
@ %bb.1:
__arm_cp.8_0:
	.long	sleep_ext_force
.Lcpi_end26:
	.size	__arm_cp.8_0, .Lcpi_end26-__arm_cp.8_0
.Lfunc_end8:
	.size	arch_ble_ext_wakeup_off, .Lfunc_end8-arch_ble_ext_wakeup_off
	.cfi_endproc
	.cantunwind
	.fnend
                                        @ -- End function
	.hidden	arch_ble_ext_wakeup_get         @ -- Begin function arch_ble_ext_wakeup_get
	.globl	arch_ble_ext_wakeup_get
	.p2align	2
	.type	arch_ble_ext_wakeup_get,%function
	.code	16                              @ @arch_ble_ext_wakeup_get
	.thumb_func
arch_ble_ext_wakeup_get:
.Lfunc_begin9:
	.fnstart
	.cfi_startproc
@ %bb.0:
	.loc	2 366 12 prologue_end is_stmt 1 @ ../../../../../sdk/platform/arch/main/arch_sleep.c:366:12
	ldr	r0, __arm_cp.9_0
	ldrb	r0, [r0]
	.loc	2 366 5 is_stmt 0               @ ../../../../../sdk/platform/arch/main/arch_sleep.c:366:5
	bx	lr
.Ltmp100:
	.loc	2 0 5                           @ :0:5
.Ltmp101:
	.p2align	2
@ %bb.1:
__arm_cp.9_0:
	.long	sleep_ext_force
.Lcpi_end27:
	.size	__arm_cp.9_0, .Lcpi_end27-__arm_cp.9_0
.Lfunc_end9:
	.size	arch_ble_ext_wakeup_get, .Lfunc_end9-arch_ble_ext_wakeup_get
	.cfi_endproc
	.cantunwind
	.fnend
                                        @ -- End function
	.hidden	arch_ble_force_wakeup           @ -- Begin function arch_ble_force_wakeup
	.globl	arch_ble_force_wakeup
	.p2align	2
	.type	arch_ble_force_wakeup,%function
	.code	16                              @ @arch_ble_force_wakeup
	.thumb_func
arch_ble_force_wakeup:
.Lfunc_begin10:
	.loc	2 370 0 is_stmt 1               @ ../../../../../sdk/platform/arch/main/arch_sleep.c:370:0
	.fnstart
	.cfi_startproc
@ %bb.0:
	.save	{r4, lr}
	push	{r4, lr}
	.cfi_def_cfa_offset 8
	.cfi_offset lr, -4
	.cfi_offset r4, -8
.Ltmp102:
	@DEBUG_VALUE: arch_ble_force_wakeup:retval <- 0
	.loc	7 999 3 prologue_end            @ ../../../../../sdk/platform/include/CMSIS/5.9.0/CMSIS/Core/Include\cmsis_armclang.h:999:3
	@APP
	mrs	r2, primask
	@NO_APP
.Ltmp103:
	@DEBUG_VALUE: __l_irq_rest <- $r2
	@DEBUG_VALUE: __get_PRIMASK:result <- $r2
	.loc	7 0 3 is_stmt 0                 @ ../../../../../sdk/platform/include/CMSIS/5.9.0/CMSIS/Core/Include\cmsis_armclang.h:0:3
	movs	r0, #1
.Ltmp104:
	@DEBUG_VALUE: __set_PRIMASK:priMask <- 1
	.loc	7 1027 3 is_stmt 1              @ ../../../../../sdk/platform/include/CMSIS/5.9.0/CMSIS/Core/Include\cmsis_armclang.h:1027:3
	@APP
	msr	primask, r0
	@NO_APP
	ldr	r1, __arm_cp.10_0
.Ltmp105:
	.loc	2 375 9                         @ ../../../../../sdk/platform/arch/main/arch_sleep.c:375:9
	ldrh	r3, [r1]
	movs	r1, #128
	.loc	2 375 46 is_stmt 0              @ ../../../../../sdk/platform/arch/main/arch_sleep.c:375:46
	ands	r1, r3
.Ltmp106:
	.loc	2 375 9                         @ ../../../../../sdk/platform/arch/main/arch_sleep.c:375:9
	bne	.LBB10_2
.Ltmp107:
@ %bb.1:
	@DEBUG_VALUE: __l_irq_rest <- $r2
	@DEBUG_VALUE: arch_ble_force_wakeup:retval <- 0
	.loc	2 0 9                           @ ../../../../../sdk/platform/arch/main/arch_sleep.c:0:9
	ldr	r3, __arm_cp.10_1
.Ltmp108:
	.loc	2 376 9 is_stmt 1               @ ../../../../../sdk/platform/arch/main/arch_sleep.c:376:9
	ldrh	r4, [r3]
	orrs	r4, r0
	strh	r4, [r3]
.Ltmp109:
	@DEBUG_VALUE: arch_ble_force_wakeup:retval <- 1
.LBB10_2:
	@DEBUG_VALUE: __l_irq_rest <- $r2
	@DEBUG_VALUE: arch_ble_force_wakeup:retval <- undef
	.loc	2 379 5                         @ ../../../../../sdk/platform/arch/main/arch_sleep.c:379:5
	cmp	r2, #0
	beq	.LBB10_4
.Ltmp110:
@ %bb.3:
	@DEBUG_VALUE: __l_irq_rest <- $r2
	@DEBUG_VALUE: __set_PRIMASK:priMask <- 1
	.loc	7 1027 3                        @ ../../../../../sdk/platform/include/CMSIS/5.9.0/CMSIS/Core/Include\cmsis_armclang.h:1027:3
	@APP
	msr	primask, r0
	@NO_APP
	b	.LBB10_5
.Ltmp111:
.LBB10_4:
	@DEBUG_VALUE: __l_irq_rest <- $r2
	.loc	7 0 3 is_stmt 0                 @ ../../../../../sdk/platform/include/CMSIS/5.9.0/CMSIS/Core/Include\cmsis_armclang.h:0:3
	movs	r0, #0
.Ltmp112:
	@DEBUG_VALUE: __set_PRIMASK:priMask <- 0
	.loc	7 1027 3                        @ ../../../../../sdk/platform/include/CMSIS/5.9.0/CMSIS/Core/Include\cmsis_armclang.h:1027:3
	@APP
	msr	primask, r0
	@NO_APP
.Ltmp113:
.LBB10_5:
	@DEBUG_VALUE: __l_irq_rest <- $r2
	.loc	2 375 46 is_stmt 1              @ ../../../../../sdk/platform/arch/main/arch_sleep.c:375:46
	rsbs	r0, r1, #0
	adcs	r0, r1
.Ltmp114:
	.loc	2 381 5 epilogue_begin          @ ../../../../../sdk/platform/arch/main/arch_sleep.c:381:5
	pop	{r4, pc}
.Ltmp115:
	.loc	2 0 5 is_stmt 0                 @ :0:5
.Ltmp116:
	.p2align	2
@ %bb.6:
__arm_cp.10_0:
	.long	1342177288                      @ 0x50000008
.Lcpi_end28:
	.size	__arm_cp.10_0, .Lcpi_end28-__arm_cp.10_0
__arm_cp.10_1:
	.long	1342190344                      @ 0x50003308
.Lcpi_end29:
	.size	__arm_cp.10_1, .Lcpi_end29-__arm_cp.10_1
.Lfunc_end10:
	.size	arch_ble_force_wakeup, .Lfunc_end10-arch_ble_force_wakeup
	.cfi_endproc
	.cantunwind
	.fnend
                                        @ -- End function
	.hidden	arch_last_rwble_evt_get         @ -- Begin function arch_last_rwble_evt_get
	.globl	arch_last_rwble_evt_get
	.p2align	2
	.type	arch_last_rwble_evt_get,%function
	.code	16                              @ @arch_last_rwble_evt_get
	.thumb_func
arch_last_rwble_evt_get:
.Lfunc_begin11:
	.fnstart
	.cfi_startproc
@ %bb.0:
	.loc	2 386 12 prologue_end is_stmt 1 @ ../../../../../sdk/platform/arch/main/arch_sleep.c:386:12
	ldr	r0, __arm_cp.11_0
	ldrb	r0, [r0]
	.loc	2 386 5 is_stmt 0               @ ../../../../../sdk/platform/arch/main/arch_sleep.c:386:5
	bx	lr
.Ltmp117:
	.loc	2 0 5                           @ :0:5
.Ltmp118:
	.p2align	2
@ %bb.1:
__arm_cp.11_0:
	.long	arch_rwble_last_event
.Lcpi_end30:
	.size	__arm_cp.11_0, .Lcpi_end30-__arm_cp.11_0
.Lfunc_end11:
	.size	arch_last_rwble_evt_get, .Lfunc_end11-arch_last_rwble_evt_get
	.cfi_endproc
	.cantunwind
	.fnend
                                        @ -- End function
	.type	sleep_ext_force,%object         @ @sleep_ext_force
	.section	.bss.retention_mem_area0,"aw",%nobits
sleep_ext_force:
	.byte	0                               @ 0x0
	.size	sleep_ext_force, 1

	.type	.L_MergedGlobals,%object        @ @_MergedGlobals
.L_MergedGlobals:
	.zero	3
	.size	.L_MergedGlobals, 3

.set sleep_md, .L_MergedGlobals
	.size	sleep_md, 1
.set sleep_pend, .L_MergedGlobals+1
	.size	sleep_pend, 1
.set sleep_cnt, .L_MergedGlobals+2
	.size	sleep_cnt, 1
	.section	.debug_loc,"",%progbits
.Ldebug_loc0:
	.long	.Lfunc_begin1-.Lfunc_begin0
	.long	.Ltmp10-.Lfunc_begin0
	.short	6                               @ Loc expr size
	.byte	112                             @ DW_OP_breg0
	.byte	0                               @ 0
	.byte	16                              @ DW_OP_constu
	.byte	1                               @ 1
	.byte	26                              @ DW_OP_and
	.byte	159                             @ DW_OP_stack_value
	.long	.Ltmp11-.Lfunc_begin0
	.long	.Ltmp14-.Lfunc_begin0
	.short	6                               @ Loc expr size
	.byte	112                             @ DW_OP_breg0
	.byte	0                               @ 0
	.byte	16                              @ DW_OP_constu
	.byte	1                               @ 1
	.byte	26                              @ DW_OP_and
	.byte	159                             @ DW_OP_stack_value
	.long	.Ltmp16-.Lfunc_begin0
	.long	.Ltmp17-.Lfunc_begin0
	.short	6                               @ Loc expr size
	.byte	112                             @ DW_OP_breg0
	.byte	0                               @ 0
	.byte	16                              @ DW_OP_constu
	.byte	1                               @ 1
	.byte	26                              @ DW_OP_and
	.byte	159                             @ DW_OP_stack_value
	.long	0
	.long	0
.Ldebug_loc1:
	.long	.Lfunc_begin2-.Lfunc_begin0
	.long	.Ltmp30-.Lfunc_begin0
	.short	1                               @ Loc expr size
	.byte	80                              @ DW_OP_reg0
	.long	.Ltmp30-.Lfunc_begin0
	.long	.Ltmp37-.Lfunc_begin0
	.short	4                               @ Loc expr size
	.byte	243                             @ DW_OP_GNU_entry_value
	.byte	1                               @ 1
	.byte	80                              @ DW_OP_reg0
	.byte	159                             @ DW_OP_stack_value
	.long	0
	.long	0
.Ldebug_loc2:
	.long	.Lfunc_begin2-.Lfunc_begin0
	.long	.Ltmp23-.Lfunc_begin0
	.short	1                               @ Loc expr size
	.byte	81                              @ DW_OP_reg1
	.long	.Ltmp23-.Lfunc_begin0
	.long	.Ltmp37-.Lfunc_begin0
	.short	2                               @ Loc expr size
	.byte	125                             @ DW_OP_breg13
	.byte	4                               @ 4
	.long	0
	.long	0
.Ldebug_loc3:
	.long	.Lfunc_begin2-.Lfunc_begin0
	.long	.Ltmp24-.Lfunc_begin0
	.short	1                               @ Loc expr size
	.byte	82                              @ DW_OP_reg2
	.long	.Ltmp24-.Lfunc_begin0
	.long	.Ltmp37-.Lfunc_begin0
	.short	4                               @ Loc expr size
	.byte	243                             @ DW_OP_GNU_entry_value
	.byte	1                               @ 1
	.byte	82                              @ DW_OP_reg2
	.byte	159                             @ DW_OP_stack_value
	.long	0
	.long	0
.Ldebug_loc4:
	.long	.Lfunc_begin2-.Lfunc_begin0
	.long	.Ltmp22-.Lfunc_begin0
	.short	6                               @ Loc expr size
	.byte	115                             @ DW_OP_breg3
	.byte	0                               @ 0
	.byte	16                              @ DW_OP_constu
	.byte	1                               @ 1
	.byte	26                              @ DW_OP_and
	.byte	159                             @ DW_OP_stack_value
	.long	.Ltmp22-.Lfunc_begin0
	.long	.Ltmp37-.Lfunc_begin0
	.short	8                               @ Loc expr size
	.byte	125                             @ DW_OP_breg13
	.byte	8                               @ 8
	.byte	148                             @ DW_OP_deref_size
	.byte	4                               @ 
	.byte	16                              @ DW_OP_constu
	.byte	1                               @ 1
	.byte	26                              @ DW_OP_and
	.byte	159                             @ DW_OP_stack_value
	.long	0
	.long	0
.Ldebug_loc5:
	.long	.Lfunc_begin3-.Lfunc_begin0
	.long	.Ltmp42-.Lfunc_begin0
	.short	1                               @ Loc expr size
	.byte	80                              @ DW_OP_reg0
	.long	.Ltmp42-.Lfunc_begin0
	.long	.Ltmp46-.Lfunc_begin0
	.short	4                               @ Loc expr size
	.byte	243                             @ DW_OP_GNU_entry_value
	.byte	1                               @ 1
	.byte	80                              @ DW_OP_reg0
	.byte	159                             @ DW_OP_stack_value
	.long	.Ltmp46-.Lfunc_begin0
	.long	.Ltmp47-.Lfunc_begin0
	.short	1                               @ Loc expr size
	.byte	80                              @ DW_OP_reg0
	.long	.Ltmp47-.Lfunc_begin0
	.long	.Ltmp51-.Lfunc_begin0
	.short	4                               @ Loc expr size
	.byte	243                             @ DW_OP_GNU_entry_value
	.byte	1                               @ 1
	.byte	80                              @ DW_OP_reg0
	.byte	159                             @ DW_OP_stack_value
	.long	.Ltmp51-.Lfunc_begin0
	.long	.Ltmp52-.Lfunc_begin0
	.short	1                               @ Loc expr size
	.byte	80                              @ DW_OP_reg0
	.long	.Ltmp52-.Lfunc_begin0
	.long	.Ltmp56-.Lfunc_begin0
	.short	4                               @ Loc expr size
	.byte	243                             @ DW_OP_GNU_entry_value
	.byte	1                               @ 1
	.byte	80                              @ DW_OP_reg0
	.byte	159                             @ DW_OP_stack_value
	.long	.Ltmp57-.Lfunc_begin0
	.long	.Ltmp63-.Lfunc_begin0
	.short	4                               @ Loc expr size
	.byte	243                             @ DW_OP_GNU_entry_value
	.byte	1                               @ 1
	.byte	80                              @ DW_OP_reg0
	.byte	159                             @ DW_OP_stack_value
	.long	0
	.long	0
.Ldebug_loc6:
	.long	.Ltmp46-.Lfunc_begin0
	.long	.Ltmp51-.Lfunc_begin0
	.short	2                               @ Loc expr size
	.byte	48                              @ DW_OP_lit0
	.byte	159                             @ DW_OP_stack_value
	.long	.Ltmp57-.Lfunc_begin0
	.long	.Ltmp58-.Lfunc_begin0
	.short	2                               @ Loc expr size
	.byte	48                              @ DW_OP_lit0
	.byte	159                             @ DW_OP_stack_value
	.long	0
	.long	0
.Ldebug_loc7:
	.long	.Ltmp51-.Lfunc_begin0
	.long	.Ltmp54-.Lfunc_begin0
	.short	2                               @ Loc expr size
	.byte	49                              @ DW_OP_lit1
	.byte	159                             @ DW_OP_stack_value
	.long	.Ltmp58-.Lfunc_begin0
	.long	.Ltmp59-.Lfunc_begin0
	.short	2                               @ Loc expr size
	.byte	49                              @ DW_OP_lit1
	.byte	159                             @ DW_OP_stack_value
	.long	0
	.long	0
.Ldebug_loc8:
	.long	.Lfunc_begin4-.Lfunc_begin0
	.long	.Ltmp66-.Lfunc_begin0
	.short	2                               @ Loc expr size
	.byte	48                              @ DW_OP_lit0
	.byte	159                             @ DW_OP_stack_value
	.long	.Ltmp66-.Lfunc_begin0
	.long	.Ltmp67-.Lfunc_begin0
	.short	1                               @ Loc expr size
	.byte	80                              @ DW_OP_reg0
	.long	0
	.long	0
.Ldebug_loc9:
	.long	.Ltmp78-.Lfunc_begin0
	.long	.Ltmp81-.Lfunc_begin0
	.short	1                               @ Loc expr size
	.byte	81                              @ DW_OP_reg1
	.long	0
	.long	0
.Ldebug_loc10:
	.long	.Ltmp92-.Lfunc_begin0
	.long	.Ltmp94-.Lfunc_begin0
	.short	1                               @ Loc expr size
	.byte	81                              @ DW_OP_reg1
	.long	0
	.long	0
.Ldebug_loc11:
	.long	.Ltmp102-.Lfunc_begin0
	.long	.Ltmp109-.Lfunc_begin0
	.short	2                               @ Loc expr size
	.byte	48                              @ DW_OP_lit0
	.byte	159                             @ DW_OP_stack_value
	.long	0
	.long	0
.Ldebug_loc12:
	.long	.Ltmp103-.Lfunc_begin0
	.long	.Ltmp115-.Lfunc_begin0
	.short	1                               @ Loc expr size
	.byte	82                              @ DW_OP_reg2
	.long	0
	.long	0
.Ldebug_loc13:
	.long	.Ltmp103-.Lfunc_begin0
	.long	.Ltmp107-.Lfunc_begin0
	.short	1                               @ Loc expr size
	.byte	82                              @ DW_OP_reg2
	.long	0
	.long	0
	.section	.debug_abbrev,"",%progbits
	.byte	1                               @ Abbreviation Code
	.byte	17                              @ DW_TAG_compile_unit
	.byte	1                               @ DW_CHILDREN_yes
	.byte	37                              @ DW_AT_producer
	.byte	14                              @ DW_FORM_strp
	.byte	19                              @ DW_AT_language
	.byte	5                               @ DW_FORM_data2
	.byte	3                               @ DW_AT_name
	.byte	14                              @ DW_FORM_strp
	.byte	16                              @ DW_AT_stmt_list
	.byte	23                              @ DW_FORM_sec_offset
	.byte	27                              @ DW_AT_comp_dir
	.byte	14                              @ DW_FORM_strp
	.byte	17                              @ DW_AT_low_pc
	.byte	1                               @ DW_FORM_addr
	.byte	18                              @ DW_AT_high_pc
	.byte	6                               @ DW_FORM_data4
	.byte	0                               @ EOM(1)
	.byte	0                               @ EOM(2)
	.byte	2                               @ Abbreviation Code
	.byte	52                              @ DW_TAG_variable
	.byte	0                               @ DW_CHILDREN_no
	.byte	3                               @ DW_AT_name
	.byte	14                              @ DW_FORM_strp
	.byte	73                              @ DW_AT_type
	.byte	19                              @ DW_FORM_ref4
	.byte	58                              @ DW_AT_decl_file
	.byte	11                              @ DW_FORM_data1
	.byte	59                              @ DW_AT_decl_line
	.byte	11                              @ DW_FORM_data1
	.byte	2                               @ DW_AT_location
	.byte	24                              @ DW_FORM_exprloc
	.byte	0                               @ EOM(1)
	.byte	0                               @ EOM(2)
	.byte	3                               @ Abbreviation Code
	.byte	22                              @ DW_TAG_typedef
	.byte	0                               @ DW_CHILDREN_no
	.byte	73                              @ DW_AT_type
	.byte	19                              @ DW_FORM_ref4
	.byte	3                               @ DW_AT_name
	.byte	14                              @ DW_FORM_strp
	.byte	58                              @ DW_AT_decl_file
	.byte	11                              @ DW_FORM_data1
	.byte	59                              @ DW_AT_decl_line
	.byte	11                              @ DW_FORM_data1
	.byte	0                               @ EOM(1)
	.byte	0                               @ EOM(2)
	.byte	4                               @ Abbreviation Code
	.byte	36                              @ DW_TAG_base_type
	.byte	0                               @ DW_CHILDREN_no
	.byte	3                               @ DW_AT_name
	.byte	14                              @ DW_FORM_strp
	.byte	62                              @ DW_AT_encoding
	.byte	11                              @ DW_FORM_data1
	.byte	11                              @ DW_AT_byte_size
	.byte	11                              @ DW_FORM_data1
	.byte	0                               @ EOM(1)
	.byte	0                               @ EOM(2)
	.byte	5                               @ Abbreviation Code
	.byte	4                               @ DW_TAG_enumeration_type
	.byte	1                               @ DW_CHILDREN_yes
	.byte	73                              @ DW_AT_type
	.byte	19                              @ DW_FORM_ref4
	.byte	11                              @ DW_AT_byte_size
	.byte	11                              @ DW_FORM_data1
	.byte	58                              @ DW_AT_decl_file
	.byte	11                              @ DW_FORM_data1
	.byte	59                              @ DW_AT_decl_line
	.byte	11                              @ DW_FORM_data1
	.byte	0                               @ EOM(1)
	.byte	0                               @ EOM(2)
	.byte	6                               @ Abbreviation Code
	.byte	40                              @ DW_TAG_enumerator
	.byte	0                               @ DW_CHILDREN_no
	.byte	3                               @ DW_AT_name
	.byte	14                              @ DW_FORM_strp
	.byte	28                              @ DW_AT_const_value
	.byte	15                              @ DW_FORM_udata
	.byte	0                               @ EOM(1)
	.byte	0                               @ EOM(2)
	.byte	7                               @ Abbreviation Code
	.byte	4                               @ DW_TAG_enumeration_type
	.byte	1                               @ DW_CHILDREN_yes
	.byte	73                              @ DW_AT_type
	.byte	19                              @ DW_FORM_ref4
	.byte	11                              @ DW_AT_byte_size
	.byte	11                              @ DW_FORM_data1
	.byte	58                              @ DW_AT_decl_file
	.byte	11                              @ DW_FORM_data1
	.byte	59                              @ DW_AT_decl_line
	.byte	5                               @ DW_FORM_data2
	.byte	0                               @ EOM(1)
	.byte	0                               @ EOM(2)
	.byte	8                               @ Abbreviation Code
	.byte	15                              @ DW_TAG_pointer_type
	.byte	0                               @ DW_CHILDREN_no
	.byte	73                              @ DW_AT_type
	.byte	19                              @ DW_FORM_ref4
	.byte	0                               @ EOM(1)
	.byte	0                               @ EOM(2)
	.byte	9                               @ Abbreviation Code
	.byte	53                              @ DW_TAG_volatile_type
	.byte	0                               @ DW_CHILDREN_no
	.byte	73                              @ DW_AT_type
	.byte	19                              @ DW_FORM_ref4
	.byte	0                               @ EOM(1)
	.byte	0                               @ EOM(2)
	.byte	10                              @ Abbreviation Code
	.byte	22                              @ DW_TAG_typedef
	.byte	0                               @ DW_CHILDREN_no
	.byte	73                              @ DW_AT_type
	.byte	19                              @ DW_FORM_ref4
	.byte	3                               @ DW_AT_name
	.byte	14                              @ DW_FORM_strp
	.byte	58                              @ DW_AT_decl_file
	.byte	11                              @ DW_FORM_data1
	.byte	59                              @ DW_AT_decl_line
	.byte	5                               @ DW_FORM_data2
	.byte	0                               @ EOM(1)
	.byte	0                               @ EOM(2)
	.byte	11                              @ Abbreviation Code
	.byte	19                              @ DW_TAG_structure_type
	.byte	1                               @ DW_CHILDREN_yes
	.byte	11                              @ DW_AT_byte_size
	.byte	5                               @ DW_FORM_data2
	.byte	58                              @ DW_AT_decl_file
	.byte	11                              @ DW_FORM_data1
	.byte	59                              @ DW_AT_decl_line
	.byte	5                               @ DW_FORM_data2
	.byte	0                               @ EOM(1)
	.byte	0                               @ EOM(2)
	.byte	12                              @ Abbreviation Code
	.byte	13                              @ DW_TAG_member
	.byte	0                               @ DW_CHILDREN_no
	.byte	3                               @ DW_AT_name
	.byte	14                              @ DW_FORM_strp
	.byte	73                              @ DW_AT_type
	.byte	19                              @ DW_FORM_ref4
	.byte	58                              @ DW_AT_decl_file
	.byte	11                              @ DW_FORM_data1
	.byte	59                              @ DW_AT_decl_line
	.byte	5                               @ DW_FORM_data2
	.byte	56                              @ DW_AT_data_member_location
	.byte	11                              @ DW_FORM_data1
	.byte	0                               @ EOM(1)
	.byte	0                               @ EOM(2)
	.byte	13                              @ Abbreviation Code
	.byte	13                              @ DW_TAG_member
	.byte	0                               @ DW_CHILDREN_no
	.byte	3                               @ DW_AT_name
	.byte	14                              @ DW_FORM_strp
	.byte	73                              @ DW_AT_type
	.byte	19                              @ DW_FORM_ref4
	.byte	58                              @ DW_AT_decl_file
	.byte	11                              @ DW_FORM_data1
	.byte	59                              @ DW_AT_decl_line
	.byte	5                               @ DW_FORM_data2
	.byte	56                              @ DW_AT_data_member_location
	.byte	5                               @ DW_FORM_data2
	.byte	0                               @ EOM(1)
	.byte	0                               @ EOM(2)
	.byte	14                              @ Abbreviation Code
	.byte	1                               @ DW_TAG_array_type
	.byte	1                               @ DW_CHILDREN_yes
	.byte	73                              @ DW_AT_type
	.byte	19                              @ DW_FORM_ref4
	.byte	0                               @ EOM(1)
	.byte	0                               @ EOM(2)
	.byte	15                              @ Abbreviation Code
	.byte	33                              @ DW_TAG_subrange_type
	.byte	0                               @ DW_CHILDREN_no
	.byte	73                              @ DW_AT_type
	.byte	19                              @ DW_FORM_ref4
	.byte	55                              @ DW_AT_count
	.byte	11                              @ DW_FORM_data1
	.byte	0                               @ EOM(1)
	.byte	0                               @ EOM(2)
	.byte	16                              @ Abbreviation Code
	.byte	36                              @ DW_TAG_base_type
	.byte	0                               @ DW_CHILDREN_no
	.byte	3                               @ DW_AT_name
	.byte	14                              @ DW_FORM_strp
	.byte	11                              @ DW_AT_byte_size
	.byte	11                              @ DW_FORM_data1
	.byte	62                              @ DW_AT_encoding
	.byte	11                              @ DW_FORM_data1
	.byte	0                               @ EOM(1)
	.byte	0                               @ EOM(2)
	.byte	17                              @ Abbreviation Code
	.byte	19                              @ DW_TAG_structure_type
	.byte	1                               @ DW_CHILDREN_yes
	.byte	11                              @ DW_AT_byte_size
	.byte	11                              @ DW_FORM_data1
	.byte	58                              @ DW_AT_decl_file
	.byte	11                              @ DW_FORM_data1
	.byte	59                              @ DW_AT_decl_line
	.byte	5                               @ DW_FORM_data2
	.byte	0                               @ EOM(1)
	.byte	0                               @ EOM(2)
	.byte	18                              @ Abbreviation Code
	.byte	38                              @ DW_TAG_const_type
	.byte	0                               @ DW_CHILDREN_no
	.byte	73                              @ DW_AT_type
	.byte	19                              @ DW_FORM_ref4
	.byte	0                               @ EOM(1)
	.byte	0                               @ EOM(2)
	.byte	19                              @ Abbreviation Code
	.byte	19                              @ DW_TAG_structure_type
	.byte	1                               @ DW_CHILDREN_yes
	.byte	3                               @ DW_AT_name
	.byte	14                              @ DW_FORM_strp
	.byte	11                              @ DW_AT_byte_size
	.byte	11                              @ DW_FORM_data1
	.byte	58                              @ DW_AT_decl_file
	.byte	11                              @ DW_FORM_data1
	.byte	59                              @ DW_AT_decl_line
	.byte	5                               @ DW_FORM_data2
	.byte	0                               @ EOM(1)
	.byte	0                               @ EOM(2)
	.byte	20                              @ Abbreviation Code
	.byte	13                              @ DW_TAG_member
	.byte	0                               @ DW_CHILDREN_no
	.byte	3                               @ DW_AT_name
	.byte	14                              @ DW_FORM_strp
	.byte	73                              @ DW_AT_type
	.byte	19                              @ DW_FORM_ref4
	.byte	58                              @ DW_AT_decl_file
	.byte	11                              @ DW_FORM_data1
	.byte	59                              @ DW_AT_decl_line
	.byte	5                               @ DW_FORM_data2
	.byte	13                              @ DW_AT_bit_size
	.byte	11                              @ DW_FORM_data1
	.byte	107                             @ DW_AT_data_bit_offset
	.byte	11                              @ DW_FORM_data1
	.byte	0                               @ EOM(1)
	.byte	0                               @ EOM(2)
	.byte	21                              @ Abbreviation Code
	.byte	46                              @ DW_TAG_subprogram
	.byte	0                               @ DW_CHILDREN_no
	.byte	17                              @ DW_AT_low_pc
	.byte	1                               @ DW_FORM_addr
	.byte	18                              @ DW_AT_high_pc
	.byte	6                               @ DW_FORM_data4
	.byte	64                              @ DW_AT_frame_base
	.byte	24                              @ DW_FORM_exprloc
	.ascii	"\227B"                         @ DW_AT_GNU_all_call_sites
	.byte	25                              @ DW_FORM_flag_present
	.byte	49                              @ DW_AT_abstract_origin
	.byte	19                              @ DW_FORM_ref4
	.byte	0                               @ EOM(1)
	.byte	0                               @ EOM(2)
	.byte	22                              @ Abbreviation Code
	.byte	46                              @ DW_TAG_subprogram
	.byte	1                               @ DW_CHILDREN_yes
	.byte	17                              @ DW_AT_low_pc
	.byte	1                               @ DW_FORM_addr
	.byte	18                              @ DW_AT_high_pc
	.byte	6                               @ DW_FORM_data4
	.byte	64                              @ DW_AT_frame_base
	.byte	24                              @ DW_FORM_exprloc
	.ascii	"\227B"                         @ DW_AT_GNU_all_call_sites
	.byte	25                              @ DW_FORM_flag_present
	.byte	49                              @ DW_AT_abstract_origin
	.byte	19                              @ DW_FORM_ref4
	.byte	0                               @ EOM(1)
	.byte	0                               @ EOM(2)
	.byte	23                              @ Abbreviation Code
	.byte	5                               @ DW_TAG_formal_parameter
	.byte	0                               @ DW_CHILDREN_no
	.byte	2                               @ DW_AT_location
	.byte	23                              @ DW_FORM_sec_offset
	.byte	49                              @ DW_AT_abstract_origin
	.byte	19                              @ DW_FORM_ref4
	.byte	0                               @ EOM(1)
	.byte	0                               @ EOM(2)
	.byte	24                              @ Abbreviation Code
	.byte	46                              @ DW_TAG_subprogram
	.byte	0                               @ DW_CHILDREN_no
	.byte	3                               @ DW_AT_name
	.byte	14                              @ DW_FORM_strp
	.byte	58                              @ DW_AT_decl_file
	.byte	11                              @ DW_FORM_data1
	.byte	59                              @ DW_AT_decl_line
	.byte	11                              @ DW_FORM_data1
	.byte	39                              @ DW_AT_prototyped
	.byte	25                              @ DW_FORM_flag_present
	.byte	32                              @ DW_AT_inline
	.byte	11                              @ DW_FORM_data1
	.byte	0                               @ EOM(1)
	.byte	0                               @ EOM(2)
	.byte	25                              @ Abbreviation Code
	.byte	46                              @ DW_TAG_subprogram
	.byte	0                               @ DW_CHILDREN_no
	.byte	3                               @ DW_AT_name
	.byte	14                              @ DW_FORM_strp
	.byte	58                              @ DW_AT_decl_file
	.byte	11                              @ DW_FORM_data1
	.byte	59                              @ DW_AT_decl_line
	.byte	5                               @ DW_FORM_data2
	.byte	39                              @ DW_AT_prototyped
	.byte	25                              @ DW_FORM_flag_present
	.byte	32                              @ DW_AT_inline
	.byte	11                              @ DW_FORM_data1
	.byte	0                               @ EOM(1)
	.byte	0                               @ EOM(2)
	.byte	26                              @ Abbreviation Code
	.byte	46                              @ DW_TAG_subprogram
	.byte	1                               @ DW_CHILDREN_yes
	.byte	17                              @ DW_AT_low_pc
	.byte	1                               @ DW_FORM_addr
	.byte	18                              @ DW_AT_high_pc
	.byte	6                               @ DW_FORM_data4
	.byte	64                              @ DW_AT_frame_base
	.byte	24                              @ DW_FORM_exprloc
	.ascii	"\227B"                         @ DW_AT_GNU_all_call_sites
	.byte	25                              @ DW_FORM_flag_present
	.byte	3                               @ DW_AT_name
	.byte	14                              @ DW_FORM_strp
	.byte	58                              @ DW_AT_decl_file
	.byte	11                              @ DW_FORM_data1
	.byte	59                              @ DW_AT_decl_line
	.byte	11                              @ DW_FORM_data1
	.byte	39                              @ DW_AT_prototyped
	.byte	25                              @ DW_FORM_flag_present
	.byte	63                              @ DW_AT_external
	.byte	25                              @ DW_FORM_flag_present
	.byte	0                               @ EOM(1)
	.byte	0                               @ EOM(2)
	.byte	27                              @ Abbreviation Code
	.byte	5                               @ DW_TAG_formal_parameter
	.byte	0                               @ DW_CHILDREN_no
	.byte	2                               @ DW_AT_location
	.byte	23                              @ DW_FORM_sec_offset
	.byte	3                               @ DW_AT_name
	.byte	14                              @ DW_FORM_strp
	.byte	58                              @ DW_AT_decl_file
	.byte	11                              @ DW_FORM_data1
	.byte	59                              @ DW_AT_decl_line
	.byte	11                              @ DW_FORM_data1
	.byte	73                              @ DW_AT_type
	.byte	19                              @ DW_FORM_ref4
	.byte	0                               @ EOM(1)
	.byte	0                               @ EOM(2)
	.byte	28                              @ Abbreviation Code
	.byte	29                              @ DW_TAG_inlined_subroutine
	.byte	0                               @ DW_CHILDREN_no
	.byte	49                              @ DW_AT_abstract_origin
	.byte	19                              @ DW_FORM_ref4
	.byte	17                              @ DW_AT_low_pc
	.byte	1                               @ DW_FORM_addr
	.byte	18                              @ DW_AT_high_pc
	.byte	6                               @ DW_FORM_data4
	.byte	88                              @ DW_AT_call_file
	.byte	11                              @ DW_FORM_data1
	.byte	89                              @ DW_AT_call_line
	.byte	11                              @ DW_FORM_data1
	.byte	87                              @ DW_AT_call_column
	.byte	11                              @ DW_FORM_data1
	.byte	0                               @ EOM(1)
	.byte	0                               @ EOM(2)
	.byte	29                              @ Abbreviation Code
	.byte	46                              @ DW_TAG_subprogram
	.byte	0                               @ DW_CHILDREN_no
	.byte	3                               @ DW_AT_name
	.byte	14                              @ DW_FORM_strp
	.byte	58                              @ DW_AT_decl_file
	.byte	11                              @ DW_FORM_data1
	.byte	59                              @ DW_AT_decl_line
	.byte	11                              @ DW_FORM_data1
	.byte	39                              @ DW_AT_prototyped
	.byte	25                              @ DW_FORM_flag_present
	.byte	63                              @ DW_AT_external
	.byte	25                              @ DW_FORM_flag_present
	.byte	32                              @ DW_AT_inline
	.byte	11                              @ DW_FORM_data1
	.byte	0                               @ EOM(1)
	.byte	0                               @ EOM(2)
	.byte	30                              @ Abbreviation Code
	.byte	46                              @ DW_TAG_subprogram
	.byte	1                               @ DW_CHILDREN_yes
	.byte	3                               @ DW_AT_name
	.byte	14                              @ DW_FORM_strp
	.byte	58                              @ DW_AT_decl_file
	.byte	11                              @ DW_FORM_data1
	.byte	59                              @ DW_AT_decl_line
	.byte	11                              @ DW_FORM_data1
	.byte	39                              @ DW_AT_prototyped
	.byte	25                              @ DW_FORM_flag_present
	.byte	63                              @ DW_AT_external
	.byte	25                              @ DW_FORM_flag_present
	.byte	32                              @ DW_AT_inline
	.byte	11                              @ DW_FORM_data1
	.byte	0                               @ EOM(1)
	.byte	0                               @ EOM(2)
	.byte	31                              @ Abbreviation Code
	.byte	5                               @ DW_TAG_formal_parameter
	.byte	0                               @ DW_CHILDREN_no
	.byte	3                               @ DW_AT_name
	.byte	14                              @ DW_FORM_strp
	.byte	58                              @ DW_AT_decl_file
	.byte	11                              @ DW_FORM_data1
	.byte	59                              @ DW_AT_decl_line
	.byte	11                              @ DW_FORM_data1
	.byte	73                              @ DW_AT_type
	.byte	19                              @ DW_FORM_ref4
	.byte	0                               @ EOM(1)
	.byte	0                               @ EOM(2)
	.byte	32                              @ Abbreviation Code
	.byte	46                              @ DW_TAG_subprogram
	.byte	1                               @ DW_CHILDREN_yes
	.byte	17                              @ DW_AT_low_pc
	.byte	1                               @ DW_FORM_addr
	.byte	18                              @ DW_AT_high_pc
	.byte	6                               @ DW_FORM_data4
	.byte	64                              @ DW_AT_frame_base
	.byte	24                              @ DW_FORM_exprloc
	.ascii	"\227B"                         @ DW_AT_GNU_all_call_sites
	.byte	25                              @ DW_FORM_flag_present
	.byte	3                               @ DW_AT_name
	.byte	14                              @ DW_FORM_strp
	.byte	58                              @ DW_AT_decl_file
	.byte	11                              @ DW_FORM_data1
	.byte	59                              @ DW_AT_decl_line
	.byte	5                               @ DW_FORM_data2
	.byte	39                              @ DW_AT_prototyped
	.byte	25                              @ DW_FORM_flag_present
	.byte	63                              @ DW_AT_external
	.byte	25                              @ DW_FORM_flag_present
	.byte	0                               @ EOM(1)
	.byte	0                               @ EOM(2)
	.byte	33                              @ Abbreviation Code
	.byte	5                               @ DW_TAG_formal_parameter
	.byte	0                               @ DW_CHILDREN_no
	.byte	2                               @ DW_AT_location
	.byte	23                              @ DW_FORM_sec_offset
	.byte	3                               @ DW_AT_name
	.byte	14                              @ DW_FORM_strp
	.byte	58                              @ DW_AT_decl_file
	.byte	11                              @ DW_FORM_data1
	.byte	59                              @ DW_AT_decl_line
	.byte	5                               @ DW_FORM_data2
	.byte	73                              @ DW_AT_type
	.byte	19                              @ DW_FORM_ref4
	.byte	0                               @ EOM(1)
	.byte	0                               @ EOM(2)
	.byte	34                              @ Abbreviation Code
	.byte	29                              @ DW_TAG_inlined_subroutine
	.byte	0                               @ DW_CHILDREN_no
	.byte	49                              @ DW_AT_abstract_origin
	.byte	19                              @ DW_FORM_ref4
	.byte	85                              @ DW_AT_ranges
	.byte	23                              @ DW_FORM_sec_offset
	.byte	88                              @ DW_AT_call_file
	.byte	11                              @ DW_FORM_data1
	.byte	89                              @ DW_AT_call_line
	.byte	5                               @ DW_FORM_data2
	.byte	87                              @ DW_AT_call_column
	.byte	11                              @ DW_FORM_data1
	.byte	0                               @ EOM(1)
	.byte	0                               @ EOM(2)
	.byte	35                              @ Abbreviation Code
	.byte	29                              @ DW_TAG_inlined_subroutine
	.byte	1                               @ DW_CHILDREN_yes
	.byte	49                              @ DW_AT_abstract_origin
	.byte	19                              @ DW_FORM_ref4
	.byte	85                              @ DW_AT_ranges
	.byte	23                              @ DW_FORM_sec_offset
	.byte	88                              @ DW_AT_call_file
	.byte	11                              @ DW_FORM_data1
	.byte	89                              @ DW_AT_call_line
	.byte	5                               @ DW_FORM_data2
	.byte	87                              @ DW_AT_call_column
	.byte	11                              @ DW_FORM_data1
	.byte	0                               @ EOM(1)
	.byte	0                               @ EOM(2)
	.byte	36                              @ Abbreviation Code
	.byte	52                              @ DW_TAG_variable
	.byte	0                               @ DW_CHILDREN_no
	.byte	2                               @ DW_AT_location
	.byte	23                              @ DW_FORM_sec_offset
	.byte	49                              @ DW_AT_abstract_origin
	.byte	19                              @ DW_FORM_ref4
	.byte	0                               @ EOM(1)
	.byte	0                               @ EOM(2)
	.byte	37                              @ Abbreviation Code
	.byte	52                              @ DW_TAG_variable
	.byte	0                               @ DW_CHILDREN_no
	.byte	2                               @ DW_AT_location
	.byte	23                              @ DW_FORM_sec_offset
	.byte	3                               @ DW_AT_name
	.byte	14                              @ DW_FORM_strp
	.byte	58                              @ DW_AT_decl_file
	.byte	11                              @ DW_FORM_data1
	.byte	59                              @ DW_AT_decl_line
	.byte	5                               @ DW_FORM_data2
	.byte	73                              @ DW_AT_type
	.byte	19                              @ DW_FORM_ref4
	.byte	0                               @ EOM(1)
	.byte	0                               @ EOM(2)
	.byte	38                              @ Abbreviation Code
	.byte	29                              @ DW_TAG_inlined_subroutine
	.byte	0                               @ DW_CHILDREN_no
	.byte	49                              @ DW_AT_abstract_origin
	.byte	19                              @ DW_FORM_ref4
	.byte	17                              @ DW_AT_low_pc
	.byte	1                               @ DW_FORM_addr
	.byte	18                              @ DW_AT_high_pc
	.byte	6                               @ DW_FORM_data4
	.byte	88                              @ DW_AT_call_file
	.byte	11                              @ DW_FORM_data1
	.byte	89                              @ DW_AT_call_line
	.byte	11                              @ DW_FORM_data1
	.byte	0                               @ EOM(1)
	.byte	0                               @ EOM(2)
	.byte	39                              @ Abbreviation Code
	.byte	46                              @ DW_TAG_subprogram
	.byte	1                               @ DW_CHILDREN_yes
	.byte	3                               @ DW_AT_name
	.byte	14                              @ DW_FORM_strp
	.byte	58                              @ DW_AT_decl_file
	.byte	11                              @ DW_FORM_data1
	.byte	59                              @ DW_AT_decl_line
	.byte	5                               @ DW_FORM_data2
	.byte	39                              @ DW_AT_prototyped
	.byte	25                              @ DW_FORM_flag_present
	.byte	73                              @ DW_AT_type
	.byte	19                              @ DW_FORM_ref4
	.byte	63                              @ DW_AT_external
	.byte	25                              @ DW_FORM_flag_present
	.byte	32                              @ DW_AT_inline
	.byte	11                              @ DW_FORM_data1
	.byte	0                               @ EOM(1)
	.byte	0                               @ EOM(2)
	.byte	40                              @ Abbreviation Code
	.byte	52                              @ DW_TAG_variable
	.byte	0                               @ DW_CHILDREN_no
	.byte	3                               @ DW_AT_name
	.byte	14                              @ DW_FORM_strp
	.byte	58                              @ DW_AT_decl_file
	.byte	11                              @ DW_FORM_data1
	.byte	59                              @ DW_AT_decl_line
	.byte	5                               @ DW_FORM_data2
	.byte	73                              @ DW_AT_type
	.byte	19                              @ DW_FORM_ref4
	.byte	0                               @ EOM(1)
	.byte	0                               @ EOM(2)
	.byte	41                              @ Abbreviation Code
	.byte	29                              @ DW_TAG_inlined_subroutine
	.byte	1                               @ DW_CHILDREN_yes
	.byte	49                              @ DW_AT_abstract_origin
	.byte	19                              @ DW_FORM_ref4
	.byte	17                              @ DW_AT_low_pc
	.byte	1                               @ DW_FORM_addr
	.byte	18                              @ DW_AT_high_pc
	.byte	6                               @ DW_FORM_data4
	.byte	88                              @ DW_AT_call_file
	.byte	11                              @ DW_FORM_data1
	.byte	89                              @ DW_AT_call_line
	.byte	5                               @ DW_FORM_data2
	.byte	87                              @ DW_AT_call_column
	.byte	11                              @ DW_FORM_data1
	.byte	0                               @ EOM(1)
	.byte	0                               @ EOM(2)
	.byte	42                              @ Abbreviation Code
	.byte	52                              @ DW_TAG_variable
	.byte	0                               @ DW_CHILDREN_no
	.byte	28                              @ DW_AT_const_value
	.byte	15                              @ DW_FORM_udata
	.byte	49                              @ DW_AT_abstract_origin
	.byte	19                              @ DW_FORM_ref4
	.byte	0                               @ EOM(1)
	.byte	0                               @ EOM(2)
	.byte	43                              @ Abbreviation Code
	.byte	46                              @ DW_TAG_subprogram
	.byte	0                               @ DW_CHILDREN_no
	.byte	17                              @ DW_AT_low_pc
	.byte	1                               @ DW_FORM_addr
	.byte	18                              @ DW_AT_high_pc
	.byte	6                               @ DW_FORM_data4
	.byte	64                              @ DW_AT_frame_base
	.byte	24                              @ DW_FORM_exprloc
	.ascii	"\227B"                         @ DW_AT_GNU_all_call_sites
	.byte	25                              @ DW_FORM_flag_present
	.byte	3                               @ DW_AT_name
	.byte	14                              @ DW_FORM_strp
	.byte	58                              @ DW_AT_decl_file
	.byte	11                              @ DW_FORM_data1
	.byte	59                              @ DW_AT_decl_line
	.byte	5                               @ DW_FORM_data2
	.byte	39                              @ DW_AT_prototyped
	.byte	25                              @ DW_FORM_flag_present
	.byte	63                              @ DW_AT_external
	.byte	25                              @ DW_FORM_flag_present
	.byte	0                               @ EOM(1)
	.byte	0                               @ EOM(2)
	.byte	44                              @ Abbreviation Code
	.byte	46                              @ DW_TAG_subprogram
	.byte	0                               @ DW_CHILDREN_no
	.byte	17                              @ DW_AT_low_pc
	.byte	1                               @ DW_FORM_addr
	.byte	18                              @ DW_AT_high_pc
	.byte	6                               @ DW_FORM_data4
	.byte	64                              @ DW_AT_frame_base
	.byte	24                              @ DW_FORM_exprloc
	.ascii	"\227B"                         @ DW_AT_GNU_all_call_sites
	.byte	25                              @ DW_FORM_flag_present
	.byte	3                               @ DW_AT_name
	.byte	14                              @ DW_FORM_strp
	.byte	58                              @ DW_AT_decl_file
	.byte	11                              @ DW_FORM_data1
	.byte	59                              @ DW_AT_decl_line
	.byte	5                               @ DW_FORM_data2
	.byte	39                              @ DW_AT_prototyped
	.byte	25                              @ DW_FORM_flag_present
	.byte	73                              @ DW_AT_type
	.byte	19                              @ DW_FORM_ref4
	.byte	63                              @ DW_AT_external
	.byte	25                              @ DW_FORM_flag_present
	.byte	0                               @ EOM(1)
	.byte	0                               @ EOM(2)
	.byte	45                              @ Abbreviation Code
	.byte	46                              @ DW_TAG_subprogram
	.byte	1                               @ DW_CHILDREN_yes
	.byte	3                               @ DW_AT_name
	.byte	14                              @ DW_FORM_strp
	.byte	58                              @ DW_AT_decl_file
	.byte	11                              @ DW_FORM_data1
	.byte	59                              @ DW_AT_decl_line
	.byte	5                               @ DW_FORM_data2
	.byte	39                              @ DW_AT_prototyped
	.byte	25                              @ DW_FORM_flag_present
	.byte	73                              @ DW_AT_type
	.byte	19                              @ DW_FORM_ref4
	.byte	32                              @ DW_AT_inline
	.byte	11                              @ DW_FORM_data1
	.byte	0                               @ EOM(1)
	.byte	0                               @ EOM(2)
	.byte	46                              @ Abbreviation Code
	.byte	46                              @ DW_TAG_subprogram
	.byte	1                               @ DW_CHILDREN_yes
	.byte	3                               @ DW_AT_name
	.byte	14                              @ DW_FORM_strp
	.byte	58                              @ DW_AT_decl_file
	.byte	11                              @ DW_FORM_data1
	.byte	59                              @ DW_AT_decl_line
	.byte	5                               @ DW_FORM_data2
	.byte	39                              @ DW_AT_prototyped
	.byte	25                              @ DW_FORM_flag_present
	.byte	32                              @ DW_AT_inline
	.byte	11                              @ DW_FORM_data1
	.byte	0                               @ EOM(1)
	.byte	0                               @ EOM(2)
	.byte	47                              @ Abbreviation Code
	.byte	5                               @ DW_TAG_formal_parameter
	.byte	0                               @ DW_CHILDREN_no
	.byte	3                               @ DW_AT_name
	.byte	14                              @ DW_FORM_strp
	.byte	58                              @ DW_AT_decl_file
	.byte	11                              @ DW_FORM_data1
	.byte	59                              @ DW_AT_decl_line
	.byte	5                               @ DW_FORM_data2
	.byte	73                              @ DW_AT_type
	.byte	19                              @ DW_FORM_ref4
	.byte	0                               @ EOM(1)
	.byte	0                               @ EOM(2)
	.byte	48                              @ Abbreviation Code
	.byte	46                              @ DW_TAG_subprogram
	.byte	1                               @ DW_CHILDREN_yes
	.byte	17                              @ DW_AT_low_pc
	.byte	1                               @ DW_FORM_addr
	.byte	18                              @ DW_AT_high_pc
	.byte	6                               @ DW_FORM_data4
	.byte	64                              @ DW_AT_frame_base
	.byte	24                              @ DW_FORM_exprloc
	.ascii	"\227B"                         @ DW_AT_GNU_all_call_sites
	.byte	25                              @ DW_FORM_flag_present
	.byte	3                               @ DW_AT_name
	.byte	14                              @ DW_FORM_strp
	.byte	58                              @ DW_AT_decl_file
	.byte	11                              @ DW_FORM_data1
	.byte	59                              @ DW_AT_decl_line
	.byte	5                               @ DW_FORM_data2
	.byte	39                              @ DW_AT_prototyped
	.byte	25                              @ DW_FORM_flag_present
	.byte	73                              @ DW_AT_type
	.byte	19                              @ DW_FORM_ref4
	.byte	63                              @ DW_AT_external
	.byte	25                              @ DW_FORM_flag_present
	.byte	0                               @ EOM(1)
	.byte	0                               @ EOM(2)
	.byte	49                              @ Abbreviation Code
	.byte	11                              @ DW_TAG_lexical_block
	.byte	1                               @ DW_CHILDREN_yes
	.byte	17                              @ DW_AT_low_pc
	.byte	1                               @ DW_FORM_addr
	.byte	18                              @ DW_AT_high_pc
	.byte	6                               @ DW_FORM_data4
	.byte	0                               @ EOM(1)
	.byte	0                               @ EOM(2)
	.byte	50                              @ Abbreviation Code
	.byte	5                               @ DW_TAG_formal_parameter
	.byte	0                               @ DW_CHILDREN_no
	.byte	28                              @ DW_AT_const_value
	.byte	15                              @ DW_FORM_udata
	.byte	49                              @ DW_AT_abstract_origin
	.byte	19                              @ DW_FORM_ref4
	.byte	0                               @ EOM(1)
	.byte	0                               @ EOM(2)
	.byte	0                               @ EOM(3)
	.section	.debug_info,"",%progbits
.Lcu_begin0:
	.long	.Ldebug_info_end0-.Ldebug_info_start0 @ Length of Unit
.Ldebug_info_start0:
	.short	4                               @ DWARF version number
	.long	.debug_abbrev                   @ Offset Into Abbrev. Section
	.byte	4                               @ Address Size (in bytes)
	.byte	1                               @ Abbrev [1] 0xb:0x637 DW_TAG_compile_unit
	.long	.Linfo_string0                  @ DW_AT_producer
	.short	12                              @ DW_AT_language
	.long	.Linfo_string1                  @ DW_AT_name
	.long	.Lline_table_start0             @ DW_AT_stmt_list
	.long	.Linfo_string2                  @ DW_AT_comp_dir
	.long	.Lfunc_begin0                   @ DW_AT_low_pc
	.long	.Lfunc_end11-.Lfunc_begin0      @ DW_AT_high_pc
	.byte	2                               @ Abbrev [2] 0x26:0x11 DW_TAG_variable
	.long	.Linfo_string3                  @ DW_AT_name
	.long	55                              @ DW_AT_type
	.byte	2                               @ DW_AT_decl_file
	.byte	56                              @ DW_AT_decl_line
	.byte	5                               @ DW_AT_location
	.byte	3
	.long	.L_MergedGlobals
	.byte	3                               @ Abbrev [3] 0x37:0xb DW_TAG_typedef
	.long	66                              @ DW_AT_type
	.long	.Linfo_string5                  @ DW_AT_name
	.byte	1                               @ DW_AT_decl_file
	.byte	62                              @ DW_AT_decl_line
	.byte	4                               @ Abbrev [4] 0x42:0x7 DW_TAG_base_type
	.long	.Linfo_string4                  @ DW_AT_name
	.byte	8                               @ DW_AT_encoding
	.byte	1                               @ DW_AT_byte_size
	.byte	2                               @ Abbrev [2] 0x49:0x13 DW_TAG_variable
	.long	.Linfo_string6                  @ DW_AT_name
	.long	55                              @ DW_AT_type
	.byte	2                               @ DW_AT_decl_file
	.byte	57                              @ DW_AT_decl_line
	.byte	7                               @ DW_AT_location
	.byte	3
	.long	.L_MergedGlobals
	.byte	35
	.byte	1
	.byte	2                               @ Abbrev [2] 0x5c:0x13 DW_TAG_variable
	.long	.Linfo_string7                  @ DW_AT_name
	.long	55                              @ DW_AT_type
	.byte	2                               @ DW_AT_decl_file
	.byte	58                              @ DW_AT_decl_line
	.byte	7                               @ DW_AT_location
	.byte	3
	.long	.L_MergedGlobals
	.byte	35
	.byte	2
	.byte	2                               @ Abbrev [2] 0x6f:0x18 DW_TAG_variable
	.long	.Linfo_string8                  @ DW_AT_name
	.long	135                             @ DW_AT_type
	.byte	2                               @ DW_AT_decl_file
	.byte	59                              @ DW_AT_decl_line
	.byte	12                              @ DW_AT_location
	.byte	3
	.long	sleep_ext_force
	.byte	148
	.byte	1
	.byte	49
	.byte	30
	.byte	48
	.byte	34
	.byte	159
	.byte	4                               @ Abbrev [4] 0x87:0x7 DW_TAG_base_type
	.long	.Linfo_string9                  @ DW_AT_name
	.byte	2                               @ DW_AT_encoding
	.byte	1                               @ DW_AT_byte_size
	.byte	5                               @ Abbrev [5] 0x8e:0x1b DW_TAG_enumeration_type
	.long	66                              @ DW_AT_type
	.byte	1                               @ DW_AT_byte_size
	.byte	3                               @ DW_AT_decl_file
	.byte	63                              @ DW_AT_decl_line
	.byte	6                               @ Abbrev [6] 0x96:0x6 DW_TAG_enumerator
	.long	.Linfo_string10                 @ DW_AT_name
	.byte	0                               @ DW_AT_const_value
	.byte	6                               @ Abbrev [6] 0x9c:0x6 DW_TAG_enumerator
	.long	.Linfo_string11                 @ DW_AT_name
	.byte	1                               @ DW_AT_const_value
	.byte	6                               @ Abbrev [6] 0xa2:0x6 DW_TAG_enumerator
	.long	.Linfo_string12                 @ DW_AT_name
	.byte	2                               @ DW_AT_const_value
	.byte	0                               @ End Of Children Mark
	.byte	5                               @ Abbrev [5] 0xa9:0x15 DW_TAG_enumeration_type
	.long	66                              @ DW_AT_type
	.byte	1                               @ DW_AT_byte_size
	.byte	3                               @ DW_AT_decl_file
	.byte	79                              @ DW_AT_decl_line
	.byte	6                               @ Abbrev [6] 0xb1:0x6 DW_TAG_enumerator
	.long	.Linfo_string13                 @ DW_AT_name
	.byte	0                               @ DW_AT_const_value
	.byte	6                               @ Abbrev [6] 0xb7:0x6 DW_TAG_enumerator
	.long	.Linfo_string14                 @ DW_AT_name
	.byte	1                               @ DW_AT_const_value
	.byte	0                               @ End Of Children Mark
	.byte	7                               @ Abbrev [7] 0xbe:0x28 DW_TAG_enumeration_type
	.long	66                              @ DW_AT_type
	.byte	1                               @ DW_AT_byte_size
	.byte	3                               @ DW_AT_decl_file
	.short	287                             @ DW_AT_decl_line
	.byte	6                               @ Abbrev [6] 0xc7:0x6 DW_TAG_enumerator
	.long	.Linfo_string15                 @ DW_AT_name
	.byte	0                               @ DW_AT_const_value
	.byte	6                               @ Abbrev [6] 0xcd:0x6 DW_TAG_enumerator
	.long	.Linfo_string16                 @ DW_AT_name
	.byte	1                               @ DW_AT_const_value
	.byte	6                               @ Abbrev [6] 0xd3:0x6 DW_TAG_enumerator
	.long	.Linfo_string17                 @ DW_AT_name
	.byte	2                               @ DW_AT_const_value
	.byte	6                               @ Abbrev [6] 0xd9:0x6 DW_TAG_enumerator
	.long	.Linfo_string18                 @ DW_AT_name
	.byte	3                               @ DW_AT_const_value
	.byte	6                               @ Abbrev [6] 0xdf:0x6 DW_TAG_enumerator
	.long	.Linfo_string19                 @ DW_AT_name
	.byte	4                               @ DW_AT_const_value
	.byte	0                               @ End Of Children Mark
	.byte	8                               @ Abbrev [8] 0xe6:0x5 DW_TAG_pointer_type
	.long	235                             @ DW_AT_type
	.byte	9                               @ Abbrev [9] 0xeb:0x5 DW_TAG_volatile_type
	.long	240                             @ DW_AT_type
	.byte	3                               @ Abbrev [3] 0xf0:0xb DW_TAG_typedef
	.long	251                             @ DW_AT_type
	.long	.Linfo_string21                 @ DW_AT_name
	.byte	1                               @ DW_AT_decl_file
	.byte	63                              @ DW_AT_decl_line
	.byte	4                               @ Abbrev [4] 0xfb:0x7 DW_TAG_base_type
	.long	.Linfo_string20                 @ DW_AT_name
	.byte	7                               @ DW_AT_encoding
	.byte	2                               @ DW_AT_byte_size
	.byte	8                               @ Abbrev [8] 0x102:0x5 DW_TAG_pointer_type
	.long	263                             @ DW_AT_type
	.byte	10                              @ Abbrev [10] 0x107:0xc DW_TAG_typedef
	.long	275                             @ DW_AT_type
	.long	.Linfo_string35                 @ DW_AT_name
	.byte	4                               @ DW_AT_decl_file
	.short	340                             @ DW_AT_decl_line
	.byte	11                              @ Abbrev [11] 0x113:0x8f DW_TAG_structure_type
	.short	800                             @ DW_AT_byte_size
	.byte	4                               @ DW_AT_decl_file
	.short	328                             @ DW_AT_decl_line
	.byte	12                              @ Abbrev [12] 0x119:0xd DW_TAG_member
	.long	.Linfo_string22                 @ DW_AT_name
	.long	418                             @ DW_AT_type
	.byte	4                               @ DW_AT_decl_file
	.short	330                             @ DW_AT_decl_line
	.byte	0                               @ DW_AT_data_member_location
	.byte	12                              @ Abbrev [12] 0x126:0xd DW_TAG_member
	.long	.Linfo_string26                 @ DW_AT_name
	.long	460                             @ DW_AT_type
	.byte	4                               @ DW_AT_decl_file
	.short	331                             @ DW_AT_decl_line
	.byte	4                               @ DW_AT_data_member_location
	.byte	12                              @ Abbrev [12] 0x133:0xd DW_TAG_member
	.long	.Linfo_string27                 @ DW_AT_name
	.long	418                             @ DW_AT_type
	.byte	4                               @ DW_AT_decl_file
	.short	332                             @ DW_AT_decl_line
	.byte	128                             @ DW_AT_data_member_location
	.byte	12                              @ Abbrev [12] 0x140:0xd DW_TAG_member
	.long	.Linfo_string28                 @ DW_AT_name
	.long	460                             @ DW_AT_type
	.byte	4                               @ DW_AT_decl_file
	.short	333                             @ DW_AT_decl_line
	.byte	132                             @ DW_AT_data_member_location
	.byte	13                              @ Abbrev [13] 0x14d:0xe DW_TAG_member
	.long	.Linfo_string29                 @ DW_AT_name
	.long	418                             @ DW_AT_type
	.byte	4                               @ DW_AT_decl_file
	.short	334                             @ DW_AT_decl_line
	.short	256                             @ DW_AT_data_member_location
	.byte	13                              @ Abbrev [13] 0x15b:0xe DW_TAG_member
	.long	.Linfo_string30                 @ DW_AT_name
	.long	460                             @ DW_AT_type
	.byte	4                               @ DW_AT_decl_file
	.short	335                             @ DW_AT_decl_line
	.short	260                             @ DW_AT_data_member_location
	.byte	13                              @ Abbrev [13] 0x169:0xe DW_TAG_member
	.long	.Linfo_string31                 @ DW_AT_name
	.long	418                             @ DW_AT_type
	.byte	4                               @ DW_AT_decl_file
	.short	336                             @ DW_AT_decl_line
	.short	384                             @ DW_AT_data_member_location
	.byte	13                              @ Abbrev [13] 0x177:0xe DW_TAG_member
	.long	.Linfo_string32                 @ DW_AT_name
	.long	460                             @ DW_AT_type
	.byte	4                               @ DW_AT_decl_file
	.short	337                             @ DW_AT_decl_line
	.short	388                             @ DW_AT_data_member_location
	.byte	13                              @ Abbrev [13] 0x185:0xe DW_TAG_member
	.long	.Linfo_string33                 @ DW_AT_name
	.long	472                             @ DW_AT_type
	.byte	4                               @ DW_AT_decl_file
	.short	338                             @ DW_AT_decl_line
	.short	512                             @ DW_AT_data_member_location
	.byte	13                              @ Abbrev [13] 0x193:0xe DW_TAG_member
	.long	.Linfo_string34                 @ DW_AT_name
	.long	484                             @ DW_AT_type
	.byte	4                               @ DW_AT_decl_file
	.short	339                             @ DW_AT_decl_line
	.short	768                             @ DW_AT_data_member_location
	.byte	0                               @ End Of Children Mark
	.byte	14                              @ Abbrev [14] 0x1a2:0xc DW_TAG_array_type
	.long	430                             @ DW_AT_type
	.byte	15                              @ Abbrev [15] 0x1a7:0x6 DW_TAG_subrange_type
	.long	453                             @ DW_AT_type
	.byte	1                               @ DW_AT_count
	.byte	0                               @ End Of Children Mark
	.byte	9                               @ Abbrev [9] 0x1ae:0x5 DW_TAG_volatile_type
	.long	435                             @ DW_AT_type
	.byte	3                               @ Abbrev [3] 0x1b3:0xb DW_TAG_typedef
	.long	446                             @ DW_AT_type
	.long	.Linfo_string24                 @ DW_AT_name
	.byte	1                               @ DW_AT_decl_file
	.byte	64                              @ DW_AT_decl_line
	.byte	4                               @ Abbrev [4] 0x1be:0x7 DW_TAG_base_type
	.long	.Linfo_string23                 @ DW_AT_name
	.byte	7                               @ DW_AT_encoding
	.byte	4                               @ DW_AT_byte_size
	.byte	16                              @ Abbrev [16] 0x1c5:0x7 DW_TAG_base_type
	.long	.Linfo_string25                 @ DW_AT_name
	.byte	8                               @ DW_AT_byte_size
	.byte	7                               @ DW_AT_encoding
	.byte	14                              @ Abbrev [14] 0x1cc:0xc DW_TAG_array_type
	.long	435                             @ DW_AT_type
	.byte	15                              @ Abbrev [15] 0x1d1:0x6 DW_TAG_subrange_type
	.long	453                             @ DW_AT_type
	.byte	31                              @ DW_AT_count
	.byte	0                               @ End Of Children Mark
	.byte	14                              @ Abbrev [14] 0x1d8:0xc DW_TAG_array_type
	.long	435                             @ DW_AT_type
	.byte	15                              @ Abbrev [15] 0x1dd:0x6 DW_TAG_subrange_type
	.long	453                             @ DW_AT_type
	.byte	64                              @ DW_AT_count
	.byte	0                               @ End Of Children Mark
	.byte	14                              @ Abbrev [14] 0x1e4:0xc DW_TAG_array_type
	.long	430                             @ DW_AT_type
	.byte	15                              @ Abbrev [15] 0x1e9:0x6 DW_TAG_subrange_type
	.long	453                             @ DW_AT_type
	.byte	8                               @ DW_AT_count
	.byte	0                               @ End Of Children Mark
	.byte	8                               @ Abbrev [8] 0x1f0:0x5 DW_TAG_pointer_type
	.long	501                             @ DW_AT_type
	.byte	10                              @ Abbrev [10] 0x1f5:0xc DW_TAG_typedef
	.long	513                             @ DW_AT_type
	.long	.Linfo_string43                 @ DW_AT_name
	.byte	4                               @ DW_AT_decl_file
	.short	370                             @ DW_AT_decl_line
	.byte	17                              @ Abbrev [17] 0x201:0x7b DW_TAG_structure_type
	.byte	40                              @ DW_AT_byte_size
	.byte	4                               @ DW_AT_decl_file
	.short	355                             @ DW_AT_decl_line
	.byte	12                              @ Abbrev [12] 0x206:0xd DW_TAG_member
	.long	.Linfo_string36                 @ DW_AT_name
	.long	636                             @ DW_AT_type
	.byte	4                               @ DW_AT_decl_file
	.short	357                             @ DW_AT_decl_line
	.byte	0                               @ DW_AT_data_member_location
	.byte	12                              @ Abbrev [12] 0x213:0xd DW_TAG_member
	.long	.Linfo_string37                 @ DW_AT_name
	.long	430                             @ DW_AT_type
	.byte	4                               @ DW_AT_decl_file
	.short	358                             @ DW_AT_decl_line
	.byte	4                               @ DW_AT_data_member_location
	.byte	12                              @ Abbrev [12] 0x220:0xd DW_TAG_member
	.long	.Linfo_string26                 @ DW_AT_name
	.long	435                             @ DW_AT_type
	.byte	4                               @ DW_AT_decl_file
	.short	362                             @ DW_AT_decl_line
	.byte	8                               @ DW_AT_data_member_location
	.byte	12                              @ Abbrev [12] 0x22d:0xd DW_TAG_member
	.long	.Linfo_string38                 @ DW_AT_name
	.long	430                             @ DW_AT_type
	.byte	4                               @ DW_AT_decl_file
	.short	364                             @ DW_AT_decl_line
	.byte	12                              @ DW_AT_data_member_location
	.byte	12                              @ Abbrev [12] 0x23a:0xd DW_TAG_member
	.long	.Linfo_string39                 @ DW_AT_name
	.long	430                             @ DW_AT_type
	.byte	4                               @ DW_AT_decl_file
	.short	365                             @ DW_AT_decl_line
	.byte	16                              @ DW_AT_data_member_location
	.byte	12                              @ Abbrev [12] 0x247:0xd DW_TAG_member
	.long	.Linfo_string40                 @ DW_AT_name
	.long	430                             @ DW_AT_type
	.byte	4                               @ DW_AT_decl_file
	.short	366                             @ DW_AT_decl_line
	.byte	20                              @ DW_AT_data_member_location
	.byte	12                              @ Abbrev [12] 0x254:0xd DW_TAG_member
	.long	.Linfo_string28                 @ DW_AT_name
	.long	435                             @ DW_AT_type
	.byte	4                               @ DW_AT_decl_file
	.short	367                             @ DW_AT_decl_line
	.byte	24                              @ DW_AT_data_member_location
	.byte	12                              @ Abbrev [12] 0x261:0xd DW_TAG_member
	.long	.Linfo_string41                 @ DW_AT_name
	.long	641                             @ DW_AT_type
	.byte	4                               @ DW_AT_decl_file
	.short	368                             @ DW_AT_decl_line
	.byte	28                              @ DW_AT_data_member_location
	.byte	12                              @ Abbrev [12] 0x26e:0xd DW_TAG_member
	.long	.Linfo_string42                 @ DW_AT_name
	.long	430                             @ DW_AT_type
	.byte	4                               @ DW_AT_decl_file
	.short	369                             @ DW_AT_decl_line
	.byte	36                              @ DW_AT_data_member_location
	.byte	0                               @ End Of Children Mark
	.byte	18                              @ Abbrev [18] 0x27c:0x5 DW_TAG_const_type
	.long	430                             @ DW_AT_type
	.byte	14                              @ Abbrev [14] 0x281:0xc DW_TAG_array_type
	.long	430                             @ DW_AT_type
	.byte	15                              @ Abbrev [15] 0x286:0x6 DW_TAG_subrange_type
	.long	453                             @ DW_AT_type
	.byte	2                               @ DW_AT_count
	.byte	0                               @ End Of Children Mark
	.byte	8                               @ Abbrev [8] 0x28d:0x5 DW_TAG_pointer_type
	.long	658                             @ DW_AT_type
	.byte	9                               @ Abbrev [9] 0x292:0x5 DW_TAG_volatile_type
	.long	663                             @ DW_AT_type
	.byte	19                              @ Abbrev [19] 0x297:0x96 DW_TAG_structure_type
	.long	.Linfo_string54                 @ DW_AT_name
	.byte	2                               @ DW_AT_byte_size
	.byte	5                               @ DW_AT_decl_file
	.short	10504                           @ DW_AT_decl_line
	.byte	20                              @ Abbrev [20] 0x2a0:0xe DW_TAG_member
	.long	.Linfo_string44                 @ DW_AT_name
	.long	235                             @ DW_AT_type
	.byte	5                               @ DW_AT_decl_file
	.short	10507                           @ DW_AT_decl_line
	.byte	2                               @ DW_AT_bit_size
	.byte	0                               @ DW_AT_data_bit_offset
	.byte	20                              @ Abbrev [20] 0x2ae:0xe DW_TAG_member
	.long	.Linfo_string45                 @ DW_AT_name
	.long	235                             @ DW_AT_type
	.byte	5                               @ DW_AT_decl_file
	.short	10508                           @ DW_AT_decl_line
	.byte	1                               @ DW_AT_bit_size
	.byte	2                               @ DW_AT_data_bit_offset
	.byte	20                              @ Abbrev [20] 0x2bc:0xe DW_TAG_member
	.long	.Linfo_string46                 @ DW_AT_name
	.long	235                             @ DW_AT_type
	.byte	5                               @ DW_AT_decl_file
	.short	10509                           @ DW_AT_decl_line
	.byte	1                               @ DW_AT_bit_size
	.byte	3                               @ DW_AT_data_bit_offset
	.byte	20                              @ Abbrev [20] 0x2ca:0xe DW_TAG_member
	.long	.Linfo_string47                 @ DW_AT_name
	.long	235                             @ DW_AT_type
	.byte	5                               @ DW_AT_decl_file
	.short	10510                           @ DW_AT_decl_line
	.byte	1                               @ DW_AT_bit_size
	.byte	4                               @ DW_AT_data_bit_offset
	.byte	20                              @ Abbrev [20] 0x2d8:0xe DW_TAG_member
	.long	.Linfo_string48                 @ DW_AT_name
	.long	235                             @ DW_AT_type
	.byte	5                               @ DW_AT_decl_file
	.short	10511                           @ DW_AT_decl_line
	.byte	1                               @ DW_AT_bit_size
	.byte	5                               @ DW_AT_data_bit_offset
	.byte	20                              @ Abbrev [20] 0x2e6:0xe DW_TAG_member
	.long	.Linfo_string49                 @ DW_AT_name
	.long	235                             @ DW_AT_type
	.byte	5                               @ DW_AT_decl_file
	.short	10512                           @ DW_AT_decl_line
	.byte	1                               @ DW_AT_bit_size
	.byte	6                               @ DW_AT_data_bit_offset
	.byte	20                              @ Abbrev [20] 0x2f4:0xe DW_TAG_member
	.long	.Linfo_string50                 @ DW_AT_name
	.long	235                             @ DW_AT_type
	.byte	5                               @ DW_AT_decl_file
	.short	10513                           @ DW_AT_decl_line
	.byte	2                               @ DW_AT_bit_size
	.byte	7                               @ DW_AT_data_bit_offset
	.byte	20                              @ Abbrev [20] 0x302:0xe DW_TAG_member
	.long	.Linfo_string51                 @ DW_AT_name
	.long	235                             @ DW_AT_type
	.byte	5                               @ DW_AT_decl_file
	.short	10514                           @ DW_AT_decl_line
	.byte	1                               @ DW_AT_bit_size
	.byte	9                               @ DW_AT_data_bit_offset
	.byte	20                              @ Abbrev [20] 0x310:0xe DW_TAG_member
	.long	.Linfo_string52                 @ DW_AT_name
	.long	235                             @ DW_AT_type
	.byte	5                               @ DW_AT_decl_file
	.short	10515                           @ DW_AT_decl_line
	.byte	4                               @ DW_AT_bit_size
	.byte	10                              @ DW_AT_data_bit_offset
	.byte	20                              @ Abbrev [20] 0x31e:0xe DW_TAG_member
	.long	.Linfo_string53                 @ DW_AT_name
	.long	235                             @ DW_AT_type
	.byte	5                               @ DW_AT_decl_file
	.short	10516                           @ DW_AT_decl_line
	.byte	1                               @ DW_AT_bit_size
	.byte	14                              @ DW_AT_data_bit_offset
	.byte	0                               @ End Of Children Mark
	.byte	21                              @ Abbrev [21] 0x32d:0xf DW_TAG_subprogram
	.long	.Lfunc_begin0                   @ DW_AT_low_pc
	.long	.Lfunc_end0-.Lfunc_begin0       @ DW_AT_high_pc
	.byte	1                               @ DW_AT_frame_base
	.byte	93
                                        @ DW_AT_GNU_all_call_sites
	.long	980                             @ DW_AT_abstract_origin
	.byte	22                              @ Abbrev [22] 0x33c:0x19 DW_TAG_subprogram
	.long	.Lfunc_begin1                   @ DW_AT_low_pc
	.long	.Lfunc_end1-.Lfunc_begin1       @ DW_AT_high_pc
	.byte	1                               @ DW_AT_frame_base
	.byte	93
                                        @ DW_AT_GNU_all_call_sites
	.long	988                             @ DW_AT_abstract_origin
	.byte	23                              @ Abbrev [23] 0x34b:0x9 DW_TAG_formal_parameter
	.long	.Ldebug_loc0                    @ DW_AT_location
	.long	996                             @ DW_AT_abstract_origin
	.byte	0                               @ End Of Children Mark
	.byte	24                              @ Abbrev [24] 0x355:0x8 DW_TAG_subprogram
	.long	.Linfo_string55                 @ DW_AT_name
	.byte	6                               @ DW_AT_decl_file
	.byte	85                              @ DW_AT_decl_line
                                        @ DW_AT_prototyped
	.byte	1                               @ DW_AT_inline
	.byte	25                              @ Abbrev [25] 0x35d:0x9 DW_TAG_subprogram
	.long	.Linfo_string56                 @ DW_AT_name
	.byte	7                               @ DW_AT_decl_file
	.short	750                             @ DW_AT_decl_line
                                        @ DW_AT_prototyped
	.byte	1                               @ DW_AT_inline
	.byte	26                              @ Abbrev [26] 0x366:0x6e DW_TAG_subprogram
	.long	.Lfunc_begin2                   @ DW_AT_low_pc
	.long	.Lfunc_end2-.Lfunc_begin2       @ DW_AT_high_pc
	.byte	1                               @ DW_AT_frame_base
	.byte	93
                                        @ DW_AT_GNU_all_call_sites
	.long	.Linfo_string66                 @ DW_AT_name
	.byte	2                               @ DW_AT_decl_file
	.byte	100                             @ DW_AT_decl_line
                                        @ DW_AT_prototyped
                                        @ DW_AT_external
	.byte	27                              @ Abbrev [27] 0x377:0xf DW_TAG_formal_parameter
	.long	.Ldebug_loc1                    @ DW_AT_location
	.long	.Linfo_string76                 @ DW_AT_name
	.byte	2                               @ DW_AT_decl_file
	.byte	100                             @ DW_AT_decl_line
	.long	1579                            @ DW_AT_type
	.byte	27                              @ Abbrev [27] 0x386:0xf DW_TAG_formal_parameter
	.long	.Ldebug_loc2                    @ DW_AT_location
	.long	.Linfo_string78                 @ DW_AT_name
	.byte	2                               @ DW_AT_decl_file
	.byte	101                             @ DW_AT_decl_line
	.long	1579                            @ DW_AT_type
	.byte	27                              @ Abbrev [27] 0x395:0xf DW_TAG_formal_parameter
	.long	.Ldebug_loc3                    @ DW_AT_location
	.long	.Linfo_string79                 @ DW_AT_name
	.byte	2                               @ DW_AT_decl_file
	.byte	102                             @ DW_AT_decl_line
	.long	1579                            @ DW_AT_type
	.byte	27                              @ Abbrev [27] 0x3a4:0xf DW_TAG_formal_parameter
	.long	.Ldebug_loc4                    @ DW_AT_location
	.long	.Linfo_string80                 @ DW_AT_name
	.byte	2                               @ DW_AT_decl_file
	.byte	103                             @ DW_AT_decl_line
	.long	135                             @ DW_AT_type
	.byte	28                              @ Abbrev [28] 0x3b3:0x10 DW_TAG_inlined_subroutine
	.long	853                             @ DW_AT_abstract_origin
	.long	.Ltmp25                         @ DW_AT_low_pc
	.long	.Ltmp26-.Ltmp25                 @ DW_AT_high_pc
	.byte	2                               @ DW_AT_call_file
	.byte	106                             @ DW_AT_call_line
	.byte	5                               @ DW_AT_call_column
	.byte	28                              @ Abbrev [28] 0x3c3:0x10 DW_TAG_inlined_subroutine
	.long	861                             @ DW_AT_abstract_origin
	.long	.Ltmp26                         @ DW_AT_low_pc
	.long	.Ltmp27-.Ltmp26                 @ DW_AT_high_pc
	.byte	2                               @ DW_AT_call_file
	.byte	109                             @ DW_AT_call_line
	.byte	5                               @ DW_AT_call_column
	.byte	0                               @ End Of Children Mark
	.byte	29                              @ Abbrev [29] 0x3d4:0x8 DW_TAG_subprogram
	.long	.Linfo_string57                 @ DW_AT_name
	.byte	2                               @ DW_AT_decl_file
	.byte	72                              @ DW_AT_decl_line
                                        @ DW_AT_prototyped
                                        @ DW_AT_external
	.byte	1                               @ DW_AT_inline
	.byte	30                              @ Abbrev [30] 0x3dc:0x14 DW_TAG_subprogram
	.long	.Linfo_string58                 @ DW_AT_name
	.byte	2                               @ DW_AT_decl_file
	.byte	85                              @ DW_AT_decl_line
                                        @ DW_AT_prototyped
                                        @ DW_AT_external
	.byte	1                               @ DW_AT_inline
	.byte	31                              @ Abbrev [31] 0x3e4:0xb DW_TAG_formal_parameter
	.long	.Linfo_string59                 @ DW_AT_name
	.byte	2                               @ DW_AT_decl_file
	.byte	85                              @ DW_AT_decl_line
	.long	135                             @ DW_AT_type
	.byte	0                               @ End Of Children Mark
	.byte	32                              @ Abbrev [32] 0x3f0:0x5e DW_TAG_subprogram
	.long	.Lfunc_begin3                   @ DW_AT_low_pc
	.long	.Lfunc_end3-.Lfunc_begin3       @ DW_AT_high_pc
	.byte	1                               @ DW_AT_frame_base
	.byte	93
                                        @ DW_AT_GNU_all_call_sites
	.long	.Linfo_string67                 @ DW_AT_name
	.byte	2                               @ DW_AT_decl_file
	.short	274                             @ DW_AT_decl_line
                                        @ DW_AT_prototyped
                                        @ DW_AT_external
	.byte	33                              @ Abbrev [33] 0x402:0x10 DW_TAG_formal_parameter
	.long	.Ldebug_loc5                    @ DW_AT_location
	.long	.Linfo_string81                 @ DW_AT_name
	.byte	2                               @ DW_AT_decl_file
	.short	274                             @ DW_AT_decl_line
	.long	1590                            @ DW_AT_type
	.byte	34                              @ Abbrev [34] 0x412:0xd DW_TAG_inlined_subroutine
	.long	980                             @ DW_AT_abstract_origin
	.long	.Ldebug_ranges0                 @ DW_AT_ranges
	.byte	2                               @ DW_AT_call_file
	.short	279                             @ DW_AT_call_line
	.byte	13                              @ DW_AT_call_column
	.byte	35                              @ Abbrev [35] 0x41f:0x17 DW_TAG_inlined_subroutine
	.long	988                             @ DW_AT_abstract_origin
	.long	.Ldebug_ranges1                 @ DW_AT_ranges
	.byte	2                               @ DW_AT_call_file
	.short	282                             @ DW_AT_call_line
	.byte	13                              @ DW_AT_call_column
	.byte	23                              @ Abbrev [23] 0x42c:0x9 DW_TAG_formal_parameter
	.long	.Ldebug_loc6                    @ DW_AT_location
	.long	996                             @ DW_AT_abstract_origin
	.byte	0                               @ End Of Children Mark
	.byte	35                              @ Abbrev [35] 0x436:0x17 DW_TAG_inlined_subroutine
	.long	988                             @ DW_AT_abstract_origin
	.long	.Ldebug_ranges2                 @ DW_AT_ranges
	.byte	2                               @ DW_AT_call_file
	.short	285                             @ DW_AT_call_line
	.byte	13                              @ DW_AT_call_column
	.byte	23                              @ Abbrev [23] 0x443:0x9 DW_TAG_formal_parameter
	.long	.Ldebug_loc7                    @ DW_AT_location
	.long	996                             @ DW_AT_abstract_origin
	.byte	0                               @ End Of Children Mark
	.byte	0                               @ End Of Children Mark
	.byte	22                              @ Abbrev [22] 0x44e:0x19 DW_TAG_subprogram
	.long	.Lfunc_begin4                   @ DW_AT_low_pc
	.long	.Lfunc_end4-.Lfunc_begin4       @ DW_AT_high_pc
	.byte	1                               @ DW_AT_frame_base
	.byte	93
                                        @ DW_AT_GNU_all_call_sites
	.long	1177                            @ DW_AT_abstract_origin
	.byte	36                              @ Abbrev [36] 0x45d:0x9 DW_TAG_variable
	.long	.Ldebug_loc8                    @ DW_AT_location
	.long	1190                            @ DW_AT_abstract_origin
	.byte	0                               @ End Of Children Mark
	.byte	32                              @ Abbrev [32] 0x467:0x32 DW_TAG_subprogram
	.long	.Lfunc_begin5                   @ DW_AT_low_pc
	.long	.Lfunc_end5-.Lfunc_begin5       @ DW_AT_high_pc
	.byte	1                               @ DW_AT_frame_base
	.byte	93
                                        @ DW_AT_GNU_all_call_sites
	.long	.Linfo_string68                 @ DW_AT_name
	.byte	2                               @ DW_AT_decl_file
	.short	309                             @ DW_AT_decl_line
                                        @ DW_AT_prototyped
                                        @ DW_AT_external
	.byte	37                              @ Abbrev [37] 0x479:0x10 DW_TAG_variable
	.long	.Ldebug_loc9                    @ DW_AT_location
	.long	.Linfo_string83                 @ DW_AT_name
	.byte	2                               @ DW_AT_decl_file
	.short	311                             @ DW_AT_decl_line
	.long	55                              @ DW_AT_type
	.byte	38                              @ Abbrev [38] 0x489:0xf DW_TAG_inlined_subroutine
	.long	988                             @ DW_AT_abstract_origin
	.long	.Ltmp79                         @ DW_AT_low_pc
	.long	.Ltmp80-.Ltmp79                 @ DW_AT_high_pc
	.byte	2                               @ DW_AT_call_file
	.byte	0                               @ DW_AT_call_line
	.byte	0                               @ End Of Children Mark
	.byte	39                              @ Abbrev [39] 0x499:0x1a DW_TAG_subprogram
	.long	.Linfo_string60                 @ DW_AT_name
	.byte	2                               @ DW_AT_decl_file
	.short	292                             @ DW_AT_decl_line
                                        @ DW_AT_prototyped
	.long	55                              @ DW_AT_type
                                        @ DW_AT_external
	.byte	1                               @ DW_AT_inline
	.byte	40                              @ Abbrev [40] 0x4a6:0xc DW_TAG_variable
	.long	.Linfo_string61                 @ DW_AT_name
	.byte	2                               @ DW_AT_decl_file
	.short	294                             @ DW_AT_decl_line
	.long	55                              @ DW_AT_type
	.byte	0                               @ End Of Children Mark
	.byte	32                              @ Abbrev [32] 0x4b3:0x48 DW_TAG_subprogram
	.long	.Lfunc_begin6                   @ DW_AT_low_pc
	.long	.Lfunc_end6-.Lfunc_begin6       @ DW_AT_high_pc
	.byte	1                               @ DW_AT_frame_base
	.byte	93
                                        @ DW_AT_GNU_all_call_sites
	.long	.Linfo_string69                 @ DW_AT_name
	.byte	2                               @ DW_AT_decl_file
	.short	339                             @ DW_AT_decl_line
                                        @ DW_AT_prototyped
                                        @ DW_AT_external
	.byte	37                              @ Abbrev [37] 0x4c5:0x10 DW_TAG_variable
	.long	.Ldebug_loc10                   @ DW_AT_location
	.long	.Linfo_string83                 @ DW_AT_name
	.byte	2                               @ DW_AT_decl_file
	.short	341                             @ DW_AT_decl_line
	.long	55                              @ DW_AT_type
	.byte	34                              @ Abbrev [34] 0x4d5:0xd DW_TAG_inlined_subroutine
	.long	980                             @ DW_AT_abstract_origin
	.long	.Ldebug_ranges3                 @ DW_AT_ranges
	.byte	2                               @ DW_AT_call_file
	.short	349                             @ DW_AT_call_line
	.byte	9                               @ DW_AT_call_column
	.byte	41                              @ Abbrev [41] 0x4e2:0x18 DW_TAG_inlined_subroutine
	.long	1177                            @ DW_AT_abstract_origin
	.long	.Ltmp86                         @ DW_AT_low_pc
	.long	.Ltmp87-.Ltmp86                 @ DW_AT_high_pc
	.byte	2                               @ DW_AT_call_file
	.short	347                             @ DW_AT_call_line
	.byte	20                              @ DW_AT_call_column
	.byte	42                              @ Abbrev [42] 0x4f3:0x6 DW_TAG_variable
	.byte	0                               @ DW_AT_const_value
	.long	1190                            @ DW_AT_abstract_origin
	.byte	0                               @ End Of Children Mark
	.byte	0                               @ End Of Children Mark
	.byte	43                              @ Abbrev [43] 0x4fb:0x12 DW_TAG_subprogram
	.long	.Lfunc_begin7                   @ DW_AT_low_pc
	.long	.Lfunc_end7-.Lfunc_begin7       @ DW_AT_high_pc
	.byte	1                               @ DW_AT_frame_base
	.byte	93
                                        @ DW_AT_GNU_all_call_sites
	.long	.Linfo_string70                 @ DW_AT_name
	.byte	2                               @ DW_AT_decl_file
	.short	354                             @ DW_AT_decl_line
                                        @ DW_AT_prototyped
                                        @ DW_AT_external
	.byte	43                              @ Abbrev [43] 0x50d:0x12 DW_TAG_subprogram
	.long	.Lfunc_begin8                   @ DW_AT_low_pc
	.long	.Lfunc_end8-.Lfunc_begin8       @ DW_AT_high_pc
	.byte	1                               @ DW_AT_frame_base
	.byte	93
                                        @ DW_AT_GNU_all_call_sites
	.long	.Linfo_string71                 @ DW_AT_name
	.byte	2                               @ DW_AT_decl_file
	.short	359                             @ DW_AT_decl_line
                                        @ DW_AT_prototyped
                                        @ DW_AT_external
	.byte	44                              @ Abbrev [44] 0x51f:0x16 DW_TAG_subprogram
	.long	.Lfunc_begin9                   @ DW_AT_low_pc
	.long	.Lfunc_end9-.Lfunc_begin9       @ DW_AT_high_pc
	.byte	1                               @ DW_AT_frame_base
	.byte	93
                                        @ DW_AT_GNU_all_call_sites
	.long	.Linfo_string72                 @ DW_AT_name
	.byte	2                               @ DW_AT_decl_file
	.short	364                             @ DW_AT_decl_line
                                        @ DW_AT_prototyped
	.long	135                             @ DW_AT_type
                                        @ DW_AT_external
	.byte	45                              @ Abbrev [45] 0x535:0x1a DW_TAG_subprogram
	.long	.Linfo_string62                 @ DW_AT_name
	.byte	7                               @ DW_AT_decl_file
	.short	995                             @ DW_AT_decl_line
                                        @ DW_AT_prototyped
	.long	435                             @ DW_AT_type
	.byte	1                               @ DW_AT_inline
	.byte	40                              @ Abbrev [40] 0x542:0xc DW_TAG_variable
	.long	.Linfo_string63                 @ DW_AT_name
	.byte	7                               @ DW_AT_decl_file
	.short	997                             @ DW_AT_decl_line
	.long	435                             @ DW_AT_type
	.byte	0                               @ End Of Children Mark
	.byte	46                              @ Abbrev [46] 0x54f:0x16 DW_TAG_subprogram
	.long	.Linfo_string64                 @ DW_AT_name
	.byte	7                               @ DW_AT_decl_file
	.short	1025                            @ DW_AT_decl_line
                                        @ DW_AT_prototyped
	.byte	1                               @ DW_AT_inline
	.byte	47                              @ Abbrev [47] 0x558:0xc DW_TAG_formal_parameter
	.long	.Linfo_string65                 @ DW_AT_name
	.byte	7                               @ DW_AT_decl_file
	.short	1025                            @ DW_AT_decl_line
	.long	435                             @ DW_AT_type
	.byte	0                               @ End Of Children Mark
	.byte	48                              @ Abbrev [48] 0x565:0xa4 DW_TAG_subprogram
	.long	.Lfunc_begin10                  @ DW_AT_low_pc
	.long	.Lfunc_end10-.Lfunc_begin10     @ DW_AT_high_pc
	.byte	1                               @ DW_AT_frame_base
	.byte	93
                                        @ DW_AT_GNU_all_call_sites
	.long	.Linfo_string73                 @ DW_AT_name
	.byte	2                               @ DW_AT_decl_file
	.short	369                             @ DW_AT_decl_line
                                        @ DW_AT_prototyped
	.long	135                             @ DW_AT_type
                                        @ DW_AT_external
	.byte	37                              @ Abbrev [37] 0x57b:0x10 DW_TAG_variable
	.long	.Ldebug_loc11                   @ DW_AT_location
	.long	.Linfo_string84                 @ DW_AT_name
	.byte	2                               @ DW_AT_decl_file
	.short	371                             @ DW_AT_decl_line
	.long	135                             @ DW_AT_type
	.byte	49                              @ Abbrev [49] 0x58b:0x7d DW_TAG_lexical_block
	.long	.Ltmp102                        @ DW_AT_low_pc
	.long	.Ltmp114-.Ltmp102               @ DW_AT_high_pc
	.byte	37                              @ Abbrev [37] 0x594:0x10 DW_TAG_variable
	.long	.Ldebug_loc12                   @ DW_AT_location
	.long	.Linfo_string85                 @ DW_AT_name
	.byte	2                               @ DW_AT_decl_file
	.short	374                             @ DW_AT_decl_line
	.long	435                             @ DW_AT_type
	.byte	41                              @ Abbrev [41] 0x5a4:0x1b DW_TAG_inlined_subroutine
	.long	1333                            @ DW_AT_abstract_origin
	.long	.Ltmp102                        @ DW_AT_low_pc
	.long	.Ltmp104-.Ltmp102               @ DW_AT_high_pc
	.byte	2                               @ DW_AT_call_file
	.short	374                             @ DW_AT_call_line
	.byte	5                               @ DW_AT_call_column
	.byte	36                              @ Abbrev [36] 0x5b5:0x9 DW_TAG_variable
	.long	.Ldebug_loc13                   @ DW_AT_location
	.long	1346                            @ DW_AT_abstract_origin
	.byte	0                               @ End Of Children Mark
	.byte	41                              @ Abbrev [41] 0x5bf:0x18 DW_TAG_inlined_subroutine
	.long	1359                            @ DW_AT_abstract_origin
	.long	.Ltmp104                        @ DW_AT_low_pc
	.long	.Ltmp105-.Ltmp104               @ DW_AT_high_pc
	.byte	2                               @ DW_AT_call_file
	.short	374                             @ DW_AT_call_line
	.byte	5                               @ DW_AT_call_column
	.byte	50                              @ Abbrev [50] 0x5d0:0x6 DW_TAG_formal_parameter
	.byte	1                               @ DW_AT_const_value
	.long	1368                            @ DW_AT_abstract_origin
	.byte	0                               @ End Of Children Mark
	.byte	41                              @ Abbrev [41] 0x5d7:0x18 DW_TAG_inlined_subroutine
	.long	1359                            @ DW_AT_abstract_origin
	.long	.Ltmp110                        @ DW_AT_low_pc
	.long	.Ltmp111-.Ltmp110               @ DW_AT_high_pc
	.byte	2                               @ DW_AT_call_file
	.short	379                             @ DW_AT_call_line
	.byte	5                               @ DW_AT_call_column
	.byte	50                              @ Abbrev [50] 0x5e8:0x6 DW_TAG_formal_parameter
	.byte	1                               @ DW_AT_const_value
	.long	1368                            @ DW_AT_abstract_origin
	.byte	0                               @ End Of Children Mark
	.byte	41                              @ Abbrev [41] 0x5ef:0x18 DW_TAG_inlined_subroutine
	.long	1359                            @ DW_AT_abstract_origin
	.long	.Ltmp112                        @ DW_AT_low_pc
	.long	.Ltmp113-.Ltmp112               @ DW_AT_high_pc
	.byte	2                               @ DW_AT_call_file
	.short	379                             @ DW_AT_call_line
	.byte	5                               @ DW_AT_call_column
	.byte	50                              @ Abbrev [50] 0x600:0x6 DW_TAG_formal_parameter
	.byte	0                               @ DW_AT_const_value
	.long	1368                            @ DW_AT_abstract_origin
	.byte	0                               @ End Of Children Mark
	.byte	0                               @ End Of Children Mark
	.byte	0                               @ End Of Children Mark
	.byte	44                              @ Abbrev [44] 0x609:0x16 DW_TAG_subprogram
	.long	.Lfunc_begin11                  @ DW_AT_low_pc
	.long	.Lfunc_end11-.Lfunc_begin11     @ DW_AT_high_pc
	.byte	1                               @ DW_AT_frame_base
	.byte	93
                                        @ DW_AT_GNU_all_call_sites
	.long	.Linfo_string74                 @ DW_AT_name
	.byte	2                               @ DW_AT_decl_file
	.short	384                             @ DW_AT_decl_line
                                        @ DW_AT_prototyped
	.long	1567                            @ DW_AT_type
                                        @ DW_AT_external
	.byte	10                              @ Abbrev [10] 0x61f:0xc DW_TAG_typedef
	.long	190                             @ DW_AT_type
	.long	.Linfo_string75                 @ DW_AT_name
	.byte	3                               @ DW_AT_decl_file
	.short	295                             @ DW_AT_decl_line
	.byte	3                               @ Abbrev [3] 0x62b:0xb DW_TAG_typedef
	.long	169                             @ DW_AT_type
	.long	.Linfo_string77                 @ DW_AT_name
	.byte	3                               @ DW_AT_decl_file
	.byte	86                              @ DW_AT_decl_line
	.byte	3                               @ Abbrev [3] 0x636:0xb DW_TAG_typedef
	.long	142                             @ DW_AT_type
	.long	.Linfo_string82                 @ DW_AT_name
	.byte	3                               @ DW_AT_decl_file
	.byte	68                              @ DW_AT_decl_line
	.byte	0                               @ End Of Children Mark
.Ldebug_info_end0:
	.section	.debug_ranges,"",%progbits
.Ldebug_ranges0:
	.long	.Ltmp41-.Lfunc_begin0
	.long	.Ltmp46-.Lfunc_begin0
	.long	.Ltmp59-.Lfunc_begin0
	.long	.Ltmp60-.Lfunc_begin0
	.long	0
	.long	0
.Ldebug_ranges1:
	.long	.Ltmp46-.Lfunc_begin0
	.long	.Ltmp51-.Lfunc_begin0
	.long	.Ltmp57-.Lfunc_begin0
	.long	.Ltmp58-.Lfunc_begin0
	.long	0
	.long	0
.Ldebug_ranges2:
	.long	.Ltmp51-.Lfunc_begin0
	.long	.Ltmp54-.Lfunc_begin0
	.long	.Ltmp58-.Lfunc_begin0
	.long	.Ltmp59-.Lfunc_begin0
	.long	0
	.long	0
.Ldebug_ranges3:
	.long	.Ltmp85-.Lfunc_begin0
	.long	.Ltmp86-.Lfunc_begin0
	.long	.Ltmp87-.Lfunc_begin0
	.long	.Ltmp88-.Lfunc_begin0
	.long	0
	.long	0
	.section	.debug_str,"MS",%progbits,1
.Linfo_string0:
	.asciz	"Component: Arm Compiler for Embedded 6.23 Tool: armclang [5f103000]" @ string offset=0
.Linfo_string1:
	.asciz	"../../../../../sdk/platform/arch/main\\arch_sleep.c" @ string offset=68
.Linfo_string2:
	.asciz	"C:\\Users\\teodor\\Desktop\\stem\\codeless\\6.0.24.1464\\projects\\target_apps\\ble_examples\\empty_peripheral_template\\Keil_5" @ string offset=119
.Linfo_string3:
	.asciz	"sleep_md"                      @ string offset=236
.Linfo_string4:
	.asciz	"unsigned char"                 @ string offset=245
.Linfo_string5:
	.asciz	"uint8_t"                       @ string offset=259
.Linfo_string6:
	.asciz	"sleep_pend"                    @ string offset=267
.Linfo_string7:
	.asciz	"sleep_cnt"                     @ string offset=278
.Linfo_string8:
	.asciz	"sleep_ext_force"               @ string offset=288
.Linfo_string9:
	.asciz	"_Bool"                         @ string offset=304
.Linfo_string10:
	.asciz	"ARCH_SLEEP_OFF"                @ string offset=310
.Linfo_string11:
	.asciz	"ARCH_EXT_SLEEP_ON"             @ string offset=325
.Linfo_string12:
	.asciz	"ARCH_EXT_SLEEP_OTP_COPY_ON"    @ string offset=343
.Linfo_string13:
	.asciz	"PD_SYS_DOWN_RAM_ON"            @ string offset=370
.Linfo_string14:
	.asciz	"PD_SYS_DOWN_RAM_OFF"           @ string offset=389
.Linfo_string15:
	.asciz	"BLE_EVT_SLP"                   @ string offset=409
.Linfo_string16:
	.asciz	"BLE_EVT_CSCNT"                 @ string offset=421
.Linfo_string17:
	.asciz	"BLE_EVT_RX"                    @ string offset=435
.Linfo_string18:
	.asciz	"BLE_EVT_TX"                    @ string offset=446
.Linfo_string19:
	.asciz	"BLE_EVT_END"                   @ string offset=457
.Linfo_string20:
	.asciz	"unsigned short"                @ string offset=469
.Linfo_string21:
	.asciz	"uint16_t"                      @ string offset=484
.Linfo_string22:
	.asciz	"ISER"                          @ string offset=493
.Linfo_string23:
	.asciz	"unsigned int"                  @ string offset=498
.Linfo_string24:
	.asciz	"uint32_t"                      @ string offset=511
.Linfo_string25:
	.asciz	"__ARRAY_SIZE_TYPE__"           @ string offset=520
.Linfo_string26:
	.asciz	"RESERVED0"                     @ string offset=540
.Linfo_string27:
	.asciz	"ICER"                          @ string offset=550
.Linfo_string28:
	.asciz	"RESERVED1"                     @ string offset=555
.Linfo_string29:
	.asciz	"ISPR"                          @ string offset=565
.Linfo_string30:
	.asciz	"RESERVED2"                     @ string offset=570
.Linfo_string31:
	.asciz	"ICPR"                          @ string offset=580
.Linfo_string32:
	.asciz	"RESERVED3"                     @ string offset=585
.Linfo_string33:
	.asciz	"RESERVED4"                     @ string offset=595
.Linfo_string34:
	.asciz	"IP"                            @ string offset=605
.Linfo_string35:
	.asciz	"NVIC_Type"                     @ string offset=608
.Linfo_string36:
	.asciz	"CPUID"                         @ string offset=618
.Linfo_string37:
	.asciz	"ICSR"                          @ string offset=624
.Linfo_string38:
	.asciz	"AIRCR"                         @ string offset=629
.Linfo_string39:
	.asciz	"SCR"                           @ string offset=635
.Linfo_string40:
	.asciz	"CCR"                           @ string offset=639
.Linfo_string41:
	.asciz	"SHP"                           @ string offset=643
.Linfo_string42:
	.asciz	"SHCSR"                         @ string offset=647
.Linfo_string43:
	.asciz	"SCB_Type"                      @ string offset=653
.Linfo_string44:
	.asciz	"BITFLD_VBAT_HL_CONNECT_RES_CTRL" @ string offset=662
.Linfo_string45:
	.asciz	"BITFLD_POR_VBAT_LOW_RST_MASK"  @ string offset=694
.Linfo_string46:
	.asciz	"BITFLD_POR_VBAT_HIGH_RST_MASK" @ string offset=723
.Linfo_string47:
	.asciz	"BITFLD_RC32K_HIGH_SPEED_FORCE" @ string offset=753
.Linfo_string48:
	.asciz	"BITFLD_RC32K_LOW_SPEED_FORCE"  @ string offset=783
.Linfo_string49:
	.asciz	"BITFLD_CHARGE_VBAT_DISABLE"    @ string offset=812
.Linfo_string50:
	.asciz	"BITFLD_BOOST_MODE_FORCE"       @ string offset=839
.Linfo_string51:
	.asciz	"BITFLD_CMP_VCONT_SLP_DISABLE"  @ string offset=863
.Linfo_string52:
	.asciz	"BITFLD_LDO_RET_TRIM"           @ string offset=892
.Linfo_string53:
	.asciz	"BITFLD_FORCE_RUNNING_COMP_DIS" @ string offset=912
.Linfo_string54:
	.asciz	"__POWER_AON_CTRL_REG"          @ string offset=942
.Linfo_string55:
	.asciz	"wdg_freeze"                    @ string offset=963
.Linfo_string56:
	.asciz	"__disable_irq"                 @ string offset=974
.Linfo_string57:
	.asciz	"arch_disable_sleep"            @ string offset=988
.Linfo_string58:
	.asciz	"arch_set_extended_sleep"       @ string offset=1007
.Linfo_string59:
	.asciz	"otp_copy"                      @ string offset=1031
.Linfo_string60:
	.asciz	"arch_get_sleep_mode"           @ string offset=1040
.Linfo_string61:
	.asciz	"ret"                           @ string offset=1060
.Linfo_string62:
	.asciz	"__get_PRIMASK"                 @ string offset=1064
.Linfo_string63:
	.asciz	"result"                        @ string offset=1078
.Linfo_string64:
	.asciz	"__set_PRIMASK"                 @ string offset=1085
.Linfo_string65:
	.asciz	"priMask"                       @ string offset=1099
.Linfo_string66:
	.asciz	"arch_set_deep_sleep"           @ string offset=1107
.Linfo_string67:
	.asciz	"arch_set_sleep_mode"           @ string offset=1127
.Linfo_string68:
	.asciz	"arch_restore_sleep_mode"       @ string offset=1147
.Linfo_string69:
	.asciz	"arch_force_active_mode"        @ string offset=1171
.Linfo_string70:
	.asciz	"arch_ble_ext_wakeup_on"        @ string offset=1194
.Linfo_string71:
	.asciz	"arch_ble_ext_wakeup_off"       @ string offset=1217
.Linfo_string72:
	.asciz	"arch_ble_ext_wakeup_get"       @ string offset=1241
.Linfo_string73:
	.asciz	"arch_ble_force_wakeup"         @ string offset=1265
.Linfo_string74:
	.asciz	"arch_last_rwble_evt_get"       @ string offset=1287
.Linfo_string75:
	.asciz	"last_ble_evt"                  @ string offset=1311
.Linfo_string76:
	.asciz	"ram1"                          @ string offset=1324
.Linfo_string77:
	.asciz	"pd_sys_down_ram_t"             @ string offset=1329
.Linfo_string78:
	.asciz	"ram2"                          @ string offset=1347
.Linfo_string79:
	.asciz	"ram3"                          @ string offset=1352
.Linfo_string80:
	.asciz	"pad_latch_en"                  @ string offset=1357
.Linfo_string81:
	.asciz	"sleep_state"                   @ string offset=1370
.Linfo_string82:
	.asciz	"sleep_state_t"                 @ string offset=1382
.Linfo_string83:
	.asciz	"cur_mode"                      @ string offset=1396
.Linfo_string84:
	.asciz	"retval"                        @ string offset=1405
.Linfo_string85:
	.asciz	"__l_irq_rest"                  @ string offset=1412
	.ident	"Component: Arm Compiler for Embedded 6.23 Tool: armclang [5f103000]"
	.section	".note.GNU-stack","",%progbits
	.eabi_attribute	30, 4	@ Tag_ABI_optimization_goals
	.ARM_attribute	16, 1	@ Tag_AV_eba
	.section	.debug_line,"",%progbits
.Lline_table_start0:
