	.text
	.syntax unified
	.eabi_attribute	67, "2.09"	@ Tag_conformance
	.cpu	cortex-m0plus
	.eabi_attribute	6, 12	@ Tag_CPU_arch
	.eabi_attribute	7, 77	@ Tag_CPU_arch_profile
	.eabi_attribute	8, 0	@ Tag_ARM_ISA_use
	.eabi_attribute	9, 1	@ Tag_THUMB_ISA_use
	.eabi_attribute	34, 0	@ Tag_CPU_unaligned_access
	.eabi_attribute	17, 1	@ Tag_ABI_PCS_GOT_use
	.eabi_attribute	20, 2	@ Tag_ABI_FP_denormal
	.eabi_attribute	21, 0	@ Tag_ABI_FP_exceptions
	.eabi_attribute	23, 1	@ Tag_ABI_FP_number_model
	.eabi_attribute	24, 1	@ Tag_ABI_align_needed
	.eabi_attribute	25, 1	@ Tag_ABI_align_preserved
	.eabi_attribute	38, 1	@ Tag_ABI_FP_16bit_format
	.eabi_attribute	18, 2	@ Tag_ABI_PCS_wchar_t
	.eabi_attribute	26, 1	@ Tag_ABI_enum_size
	.eabi_attribute	14, 0	@ Tag_ABI_PCS_R9_use
	.file	"ble_arp.c"
	.file	1 "C:\\Users\\teodor" "AppData\\Local\\Keil_v5\\ARM\\ARMCLANG\\bin\\..\\include\\stdint.h"
	.file	2 "C:\\Users\\teodor\\Desktop\\stem\\codeless\\6.0.24.1464\\projects\\target_apps\\ble_examples\\empty_peripheral_template\\Keil_5" "../../../../../sdk/platform/core_modules/rf/src/ble_arp.c"
	.file	3 "C:\\Users\\teodor\\Desktop\\stem\\codeless\\6.0.24.1464\\projects\\target_apps\\ble_examples\\empty_peripheral_template\\Keil_5" "./../../../../../sdk/platform/core_modules/rf/api\\rf_531.h"
	.hidden	rf_reg_rd                       @ -- Begin function rf_reg_rd
	.globl	rf_reg_rd
	.p2align	1
	.type	rf_reg_rd,%function
	.code	16                              @ @rf_reg_rd
	.thumb_func
rf_reg_rd:
.Lfunc_begin0:
	.loc	2 212 0                         @ ../../../../../sdk/platform/core_modules/rf/src/ble_arp.c:212:0
	.fnstart
	.cfi_sections .debug_frame
	.cfi_startproc
@ %bb.0:
	movs	r0, #0
.Ltmp0:
	.loc	2 213 5 prologue_end            @ ../../../../../sdk/platform/core_modules/rf/src/ble_arp.c:213:5
	bx	lr
.Ltmp1:
.Lfunc_end0:
	.size	rf_reg_rd, .Lfunc_end0-rf_reg_rd
	.cfi_endproc
	.cantunwind
	.fnend
                                        @ -- End function
	.hidden	rf_reg_wr                       @ -- Begin function rf_reg_wr
	.globl	rf_reg_wr
	.p2align	1
	.type	rf_reg_wr,%function
	.code	16                              @ @rf_reg_wr
	.thumb_func
rf_reg_wr:
.Lfunc_begin1:
	.fnstart
	.cfi_startproc
@ %bb.0:
	.loc	2 228 1 prologue_end            @ ../../../../../sdk/platform/core_modules/rf/src/ble_arp.c:228:1
	bx	lr
.Ltmp2:
.Lfunc_end1:
	.size	rf_reg_wr, .Lfunc_end1-rf_reg_wr
	.cfi_endproc
	.cantunwind
	.fnend
                                        @ -- End function
	.hidden	rf_init_func                    @ -- Begin function rf_init_func
	.globl	rf_init_func
	.p2align	2
	.type	rf_init_func,%function
	.code	16                              @ @rf_init_func
	.thumb_func
rf_init_func:
.Lfunc_begin2:
	.loc	2 504 0                         @ ../../../../../sdk/platform/core_modules/rf/src/ble_arp.c:504:0
	.fnstart
	.cfi_startproc
@ %bb.0:
	@DEBUG_VALUE: rf_init_func:api <- $r0
	.save	{r4, r5, r6, r7, lr}
	push	{r4, r5, r6, r7, lr}
	.cfi_def_cfa_offset 20
	.cfi_offset lr, -4
	.cfi_offset r7, -8
	.cfi_offset r6, -12
	.cfi_offset r5, -16
	.cfi_offset r4, -20
	.pad	#44
	sub	sp, #44
	.cfi_def_cfa_offset 64
.Ltmp3:
	@DEBUG_VALUE: rf_init_func:idx <- 0
	movs	r1, #48
	movs	r4, #0
.Ltmp4:
	.loc	2 513 20 prologue_end           @ ../../../../../sdk/platform/core_modules/rf/src/ble_arp.c:513:20
	strb	r4, [r0, r1]
	.loc	2 510 17                        @ ../../../../../sdk/platform/core_modules/rf/src/ble_arp.c:510:17
	ldr	r1, __arm_cp.2_0
	.loc	2 509 17                        @ ../../../../../sdk/platform/core_modules/rf/src/ble_arp.c:509:17
	ldr	r2, __arm_cp.2_1
	.loc	2 511 24                        @ ../../../../../sdk/platform/core_modules/rf/src/ble_arp.c:511:24
	ldr	r3, __arm_cp.2_2
	str	r3, [r0, #20]
	.loc	2 514 16                        @ ../../../../../sdk/platform/core_modules/rf/src/ble_arp.c:514:16
	ldr	r3, __arm_cp.2_3
	.loc	2 517 14                        @ ../../../../../sdk/platform/core_modules/rf/src/ble_arp.c:517:14
	ldr	r5, __arm_cp.2_4
	.loc	2 515 16                        @ ../../../../../sdk/platform/core_modules/rf/src/ble_arp.c:515:16
	ldr	r6, __arm_cp.2_5
	.loc	2 521 23                        @ ../../../../../sdk/platform/core_modules/rf/src/ble_arp.c:521:23
	ldr	r7, __arm_cp.2_6
	str	r7, [r0, #28]
	.loc	2 517 14                        @ ../../../../../sdk/platform/core_modules/rf/src/ble_arp.c:517:14
	str	r5, [r0, #32]
	.loc	2 509 17                        @ ../../../../../sdk/platform/core_modules/rf/src/ble_arp.c:509:17
	str	r2, [r0, #36]
	.loc	2 510 17                        @ ../../../../../sdk/platform/core_modules/rf/src/ble_arp.c:510:17
	str	r1, [r0, #40]
	.loc	2 514 16                        @ ../../../../../sdk/platform/core_modules/rf/src/ble_arp.c:514:16
	str	r3, [r0, #44]
	.loc	2 518 27                        @ ../../../../../sdk/platform/core_modules/rf/src/ble_arp.c:518:27
	ldr	r1, __arm_cp.2_7
	.loc	2 515 16                        @ ../../../../../sdk/platform/core_modules/rf/src/ble_arp.c:515:16
	str	r6, [r0]
	.loc	2 518 27                        @ ../../../../../sdk/platform/core_modules/rf/src/ble_arp.c:518:27
	str	r1, [r0, #4]
	.loc	2 539 5                         @ ../../../../../sdk/platform/core_modules/rf/src/ble_arp.c:539:5
	bl	rf_power_up
.Ltmp5:
	@DEBUG_VALUE: rf_init_func:api <- [DW_OP_LLVM_entry_value 1] $r0
	.loc	2 0 5 is_stmt 0                 @ ../../../../../sdk/platform/core_modules/rf/src/ble_arp.c:0:5
	movs	r0, #31
	lsls	r0, r0, #16
	ldr	r1, __arm_cp.2_8
	.loc	2 542 5 is_stmt 1               @ ../../../../../sdk/platform/core_modules/rf/src/ble_arp.c:542:5
	ldr	r2, [r1]
	bics	r2, r0
	movs	r0, #1
	lsls	r3, r0, #17
	adds	r2, r2, r3
	str	r2, [r1]
	lsls	r0, r0, #19
	ldr	r1, __arm_cp.2_9
	.loc	2 544 5                         @ ../../../../../sdk/platform/core_modules/rf/src/ble_arp.c:544:5
	ldr	r2, [r1]
	bics	r2, r0
	str	r2, [r1]
.Ltmp6:
.LBB2_1:                                @ =>This Inner Loop Header: Depth=1
	@DEBUG_VALUE: rf_init_func:api <- [DW_OP_LLVM_entry_value 1] $r0
	@DEBUG_VALUE: rf_init_func:idx <- $r4
	.loc	2 545 5                         @ ../../../../../sdk/platform/core_modules/rf/src/ble_arp.c:545:5
	cmp	r4, #40
	beq	.LBB2_3
.Ltmp7:
@ %bb.2:                                @   in Loop: Header=BB2_1 Depth=1
	@DEBUG_VALUE: rf_init_func:idx <- $r4
	@DEBUG_VALUE: rf_init_func:api <- [DW_OP_LLVM_entry_value 1] $r0
	.loc	2 0 5 is_stmt 0                 @ ../../../../../sdk/platform/core_modules/rf/src/ble_arp.c:0:5
	add	r0, sp, #4
.Ltmp8:
	.loc	2 546 32 is_stmt 1              @ ../../../../../sdk/platform/core_modules/rf/src/ble_arp.c:546:32
	strb	r4, [r0, r4]
	.loc	2 547 16                        @ ../../../../../sdk/platform/core_modules/rf/src/ble_arp.c:547:16
	adds	r4, r4, #1
.Ltmp9:
	@DEBUG_VALUE: rf_init_func:idx <- $r4
	.loc	2 545 5                         @ ../../../../../sdk/platform/core_modules/rf/src/ble_arp.c:545:5
	b	.LBB2_1
.Ltmp10:
.LBB2_3:
	@DEBUG_VALUE: rf_init_func:idx <- $r4
	@DEBUG_VALUE: rf_init_func:api <- [DW_OP_LLVM_entry_value 1] $r0
	@DEBUG_VALUE: em_ble_burst_wr:sys_addr <- [DW_OP_plus_uconst 4, DW_OP_stack_value] $sp
	@DEBUG_VALUE: em_ble_burst_wr:em_addr <- 64
	@DEBUG_VALUE: em_ble_burst_wr:len <- 40
	.file	4 "C:\\Users\\teodor\\Desktop\\stem\\codeless\\6.0.24.1464\\projects\\target_apps\\ble_examples\\empty_peripheral_template\\Keil_5" "./../../../../../sdk/platform/driver/reg\\reg_access.h"
	.loc	4 143 31                        @ ./../../../../../sdk/platform/driver/reg\reg_access.h:143:31
	ldr	r0, __arm_cp.2_10
	ldr	r0, [r0]
	.loc	4 143 29 is_stmt 0              @ ./../../../../../sdk/platform/driver/reg\reg_access.h:143:29
	adds	r0, #64
	add	r1, sp, #4
	movs	r2, #40
	.loc	4 143 5                         @ ./../../../../../sdk/platform/driver/reg\reg_access.h:143:5
	bl	__aeabi_memcpy
.Ltmp11:
	.loc	4 0 5                           @ ./../../../../../sdk/platform/driver/reg\reg_access.h:0:5
	movs	r0, #8
.Ltmp12:
	.loc	2 553 5 is_stmt 1               @ ../../../../../sdk/platform/core_modules/rf/src/ble_arp.c:553:5
	bl	rf_pa_pwr_set
.Ltmp13:
	.loc	2 556 9                         @ ../../../../../sdk/platform/core_modules/rf/src/ble_arp.c:556:9
	bl	rf_nfm_is_enabled
.Ltmp14:
	.loc	2 556 9 is_stmt 0               @ ../../../../../sdk/platform/core_modules/rf/src/ble_arp.c:556:9
	cmp	r0, #0
	beq	.LBB2_5
.Ltmp15:
@ %bb.4:
	@DEBUG_VALUE: rf_init_func:idx <- $r4
	@DEBUG_VALUE: rf_init_func:api <- [DW_OP_LLVM_entry_value 1] $r0
	.loc	2 0 9                           @ ../../../../../sdk/platform/core_modules/rf/src/ble_arp.c:0:9
	movs	r0, #1
.Ltmp16:
	.loc	2 558 9 is_stmt 1               @ ../../../../../sdk/platform/core_modules/rf/src/ble_arp.c:558:9
	bl	rf_pa_pwr_set
.Ltmp17:
.LBB2_5:
	@DEBUG_VALUE: rf_init_func:idx <- $r4
	@DEBUG_VALUE: rf_init_func:api <- [DW_OP_LLVM_entry_value 1] $r0
	.loc	2 566 5                         @ ../../../../../sdk/platform/core_modules/rf/src/ble_arp.c:566:5
	bl	rf_adplldig_activate
.Ltmp18:
	.loc	2 568 5                         @ ../../../../../sdk/platform/core_modules/rf/src/ble_arp.c:568:5
	bl	otp_cs_load_pd_rad
.Ltmp19:
	.loc	2 570 5                         @ ../../../../../sdk/platform/core_modules/rf/src/ble_arp.c:570:5
	bl	otp_cs_load_pd_adpll
.Ltmp20:
	.loc	2 577 5                         @ ../../../../../sdk/platform/core_modules/rf/src/ble_arp.c:577:5
	bl	set_recommended_settings
.Ltmp21:
	.loc	2 579 5                         @ ../../../../../sdk/platform/core_modules/rf/src/ble_arp.c:579:5
	bl	update_radiopwrupdn_pref_setting
.Ltmp22:
	.loc	2 581 5                         @ ../../../../../sdk/platform/core_modules/rf/src/ble_arp.c:581:5
	bl	rf_regs
.Ltmp23:
	.loc	2 583 5                         @ ../../../../../sdk/platform/core_modules/rf/src/ble_arp.c:583:5
	bl	rf_calibration
.Ltmp24:
	.loc	2 0 5 is_stmt 0                 @ ../../../../../sdk/platform/core_modules/rf/src/ble_arp.c:0:5
	ldr	r0, __arm_cp.2_11
.Ltmp25:
	.loc	2 675 5 is_stmt 1               @ ../../../../../sdk/platform/core_modules/rf/src/ble_arp.c:675:5
	bl	ble_update_arp_ROM
.Ltmp26:
	.loc	2 592 5                         @ ../../../../../sdk/platform/core_modules/rf/src/ble_arp.c:592:5
	bl	rf_adplldig_deactivate
.Ltmp27:
	.loc	2 593 1 epilogue_begin          @ ../../../../../sdk/platform/core_modules/rf/src/ble_arp.c:593:1
	add	sp, #44
	pop	{r4, r5, r6, r7, pc}
.Ltmp28:
	.loc	2 0 1 is_stmt 0                 @ :0:1
.Ltmp29:
	.p2align	2
@ %bb.6:
__arm_cp.2_0:
	.long	rf_reg_wr
.Lcpi_end0:
	.size	__arm_cp.2_0, .Lcpi_end0-__arm_cp.2_0
__arm_cp.2_1:
	.long	rf_reg_rd
.Lcpi_end1:
	.size	__arm_cp.2_1, .Lcpi_end1-__arm_cp.2_1
__arm_cp.2_2:
	.long	rf_txpwr_dbm_get
.Lcpi_end2:
	.size	__arm_cp.2_2, .Lcpi_end2-__arm_cp.2_2
__arm_cp.2_3:
	.long	rf_sleep
.Lcpi_end3:
	.size	__arm_cp.2_3, .Lcpi_end3-__arm_cp.2_3
__arm_cp.2_4:
	.long	RADIOCNTL_Handler
.Lcpi_end4:
	.size	__arm_cp.2_4, .Lcpi_end4-__arm_cp.2_4
__arm_cp.2_5:
	.long	rf_reset
.Lcpi_end5:
	.size	__arm_cp.2_5, .Lcpi_end5-__arm_cp.2_5
__arm_cp.2_6:
	.long	rf_rssi_convert
.Lcpi_end6:
	.size	__arm_cp.2_6, .Lcpi_end6-__arm_cp.2_6
__arm_cp.2_7:
	.long	rf_force_agc_enable
.Lcpi_end7:
	.size	__arm_cp.2_7, .Lcpi_end7-__arm_cp.2_7
__arm_cp.2_8:
	.long	1073741940                      @ 0x40000074
.Lcpi_end8:
	.size	__arm_cp.2_8, .Lcpi_end8-__arm_cp.2_8
__arm_cp.2_9:
	.long	1073742336                      @ 0x40000200
.Lcpi_end9:
	.size	__arm_cp.2_9, .Lcpi_end9-__arm_cp.2_9
__arm_cp.2_10:
	.long	_ble_base
.Lcpi_end10:
	.size	__arm_cp.2_10, .Lcpi_end10-__arm_cp.2_10
__arm_cp.2_11:
	.long	134013040                       @ 0x7fce070
.Lcpi_end11:
	.size	__arm_cp.2_11, .Lcpi_end11-__arm_cp.2_11
.Lfunc_end2:
	.size	rf_init_func, .Lfunc_end2-rf_init_func
	.cfi_endproc
	.cantunwind
	.fnend
                                        @ -- End function
	.p2align	1                               @ -- Begin function rf_txpwr_dbm_get
	.type	rf_txpwr_dbm_get,%function
	.code	16                              @ @rf_txpwr_dbm_get
	.thumb_func
rf_txpwr_dbm_get:
.Lfunc_begin3:
	.loc	2 402 0 is_stmt 1               @ ../../../../../sdk/platform/core_modules/rf/src/ble_arp.c:402:0
	.fnstart
	.cfi_startproc
@ %bb.0:
	@DEBUG_VALUE: rf_txpwr_dbm_get:conidx <- $r0
	@DEBUG_VALUE: rf_txpwr_dbm_get:req_pwr_level <- $r1
	.save	{r7, lr}
	push	{r7, lr}
	.cfi_def_cfa_offset 8
	.cfi_offset lr, -4
	.cfi_offset r7, -8
.Ltmp30:
	@DEBUG_VALUE: rf_txpwr_dbm_get:tx_pow_lvl <- 8
	.loc	2 404 5 prologue_end            @ ../../../../../sdk/platform/core_modules/rf/src/ble_arp.c:404:5
	cmp	r1, #2
	beq	.LBB3_3
.Ltmp31:
@ %bb.1:
	@DEBUG_VALUE: rf_txpwr_dbm_get:tx_pow_lvl <- 8
	@DEBUG_VALUE: rf_txpwr_dbm_get:req_pwr_level <- $r1
	@DEBUG_VALUE: rf_txpwr_dbm_get:conidx <- $r0
	.loc	2 404 5 is_stmt 0               @ ../../../../../sdk/platform/core_modules/rf/src/ble_arp.c:404:5
	cmp	r1, #1
	beq	.LBB3_3
.Ltmp32:
@ %bb.2:
	@DEBUG_VALUE: rf_txpwr_dbm_get:tx_pow_lvl <- 8
	@DEBUG_VALUE: rf_txpwr_dbm_get:req_pwr_level <- $r1
	@DEBUG_VALUE: rf_txpwr_dbm_get:conidx <- $r0
	.loc	2 404 5                         @ ../../../../../sdk/platform/core_modules/rf/src/ble_arp.c:404:5
	@APP
	bkpt	#0
	@NO_APP
.Ltmp33:
.LBB3_3:
	@DEBUG_VALUE: rf_txpwr_dbm_get:tx_pow_lvl <- 8
	@DEBUG_VALUE: rf_txpwr_dbm_get:req_pwr_level <- $r1
	@DEBUG_VALUE: rf_txpwr_dbm_get:conidx <- $r0
	@DEBUG_VALUE: rf_txpwr_dbm_get:conidx <- $r0
	.loc	2 405 5 is_stmt 1               @ ../../../../../sdk/platform/core_modules/rf/src/ble_arp.c:405:5
	cmp	r0, #0
	beq	.LBB3_6
.Ltmp34:
@ %bb.4:
	@DEBUG_VALUE: rf_txpwr_dbm_get:tx_pow_lvl <- 8
	@DEBUG_VALUE: rf_txpwr_dbm_get:req_pwr_level <- $r1
	@DEBUG_VALUE: rf_txpwr_dbm_get:conidx <- $r0
	@DEBUG_VALUE: rf_txpwr_dbm_get:conidx <- $r0
	cmp	r0, #255
	beq	.LBB3_8
.Ltmp35:
@ %bb.5:
	@DEBUG_VALUE: rf_txpwr_dbm_get:tx_pow_lvl <- 8
	@DEBUG_VALUE: rf_txpwr_dbm_get:req_pwr_level <- $r1
	@DEBUG_VALUE: rf_txpwr_dbm_get:conidx <- $r0
	.loc	2 405 5 is_stmt 0               @ ../../../../../sdk/platform/core_modules/rf/src/ble_arp.c:405:5
	@APP
	bkpt	#0
	@NO_APP
.Ltmp36:
.LBB3_6:
	@DEBUG_VALUE: rf_txpwr_dbm_get:tx_pow_lvl <- 8
	@DEBUG_VALUE: rf_txpwr_dbm_get:req_pwr_level <- $r1
	@DEBUG_VALUE: rf_txpwr_dbm_get:conidx <- $r0
	.loc	2 419 13 is_stmt 1              @ ../../../../../sdk/platform/core_modules/rf/src/ble_arp.c:419:13
	cmp	r1, #2
	bne	.LBB3_8
.Ltmp37:
@ %bb.7:
	@DEBUG_VALUE: rf_txpwr_dbm_get:tx_pow_lvl <- 8
	@DEBUG_VALUE: rf_txpwr_dbm_get:req_pwr_level <- $r1
	@DEBUG_VALUE: rf_txpwr_dbm_get:conidx <- $r0
	.loc	2 0 13 is_stmt 0                @ ../../../../../sdk/platform/core_modules/rf/src/ble_arp.c:0:13
	movs	r0, #12
.Ltmp38:
	@DEBUG_VALUE: rf_txpwr_dbm_get:tx_pow_lvl <- $r0
	.loc	2 433 5 epilogue_begin is_stmt 1 @ ../../../../../sdk/platform/core_modules/rf/src/ble_arp.c:433:5
	pop	{r7, pc}
.Ltmp39:
.LBB3_8:
	@DEBUG_VALUE: rf_txpwr_dbm_get:tx_pow_lvl <- 8
	@DEBUG_VALUE: rf_txpwr_dbm_get:req_pwr_level <- $r1
	@DEBUG_VALUE: rf_txpwr_dbm_get:conidx <- $r0
	.loc	2 0 0 is_stmt 0                 @ ../../../../../sdk/platform/core_modules/rf/src/ble_arp.c:0:0
	bl	rf_pa_pwr_get
.Ltmp40:
	@DEBUG_VALUE: rf_txpwr_dbm_get:req_pwr_level <- [DW_OP_LLVM_entry_value 1] $r1
	@DEBUG_VALUE: rf_txpwr_dbm_get:tx_pow_lvl <- $r0
	.loc	2 433 5 epilogue_begin          @ ../../../../../sdk/platform/core_modules/rf/src/ble_arp.c:433:5
	pop	{r7, pc}
.Ltmp41:
.Lfunc_end3:
	.size	rf_txpwr_dbm_get, .Lfunc_end3-rf_txpwr_dbm_get
	.cfi_endproc
	.cantunwind
	.fnend
                                        @ -- End function
	.p2align	1                               @ -- Begin function rf_reset
	.type	rf_reset,%function
	.code	16                              @ @rf_reset
	.thumb_func
rf_reset:
.Lfunc_begin4:
	.fnstart
	.cfi_startproc
@ %bb.0:
	.loc	2 239 1 prologue_end is_stmt 1  @ ../../../../../sdk/platform/core_modules/rf/src/ble_arp.c:239:1
	bx	lr
.Ltmp42:
.Lfunc_end4:
	.size	rf_reset, .Lfunc_end4-rf_reset
	.cfi_endproc
	.cantunwind
	.fnend
                                        @ -- End function
	.p2align	1                               @ -- Begin function RADIOCNTL_Handler
	.type	RADIOCNTL_Handler,%function
	.code	16                              @ @RADIOCNTL_Handler
	.thumb_func
RADIOCNTL_Handler:
.Lfunc_begin5:
	.fnstart
	.cfi_startproc
@ %bb.0:
	.loc	2 376 1 prologue_end            @ ../../../../../sdk/platform/core_modules/rf/src/ble_arp.c:376:1
	bx	lr
.Ltmp43:
.Lfunc_end5:
	.size	RADIOCNTL_Handler, .Lfunc_end5-RADIOCNTL_Handler
	.cfi_endproc
	.cantunwind
	.fnend
                                        @ -- End function
	.p2align	1                               @ -- Begin function rf_force_agc_enable
	.type	rf_force_agc_enable,%function
	.code	16                              @ @rf_force_agc_enable
	.thumb_func
rf_force_agc_enable:
.Lfunc_begin6:
	.fnstart
	.cfi_startproc
@ %bb.0:
	.loc	2 387 1 prologue_end            @ ../../../../../sdk/platform/core_modules/rf/src/ble_arp.c:387:1
	bx	lr
.Ltmp44:
.Lfunc_end6:
	.size	rf_force_agc_enable, .Lfunc_end6-rf_force_agc_enable
	.cfi_endproc
	.cantunwind
	.fnend
                                        @ -- End function
	.p2align	1                               @ -- Begin function rf_rssi_convert
	.type	rf_rssi_convert,%function
	.code	16                              @ @rf_rssi_convert
	.thumb_func
rf_rssi_convert:
.Lfunc_begin7:
	.loc	2 340 0                         @ ../../../../../sdk/platform/core_modules/rf/src/ble_arp.c:340:0
	.fnstart
	.cfi_startproc
@ %bb.0:
	@DEBUG_VALUE: rf_rssi_convert:rssi_reg <- $r0
	.save	{r7, lr}
	push	{r7, lr}
	.cfi_def_cfa_offset 8
	.cfi_offset lr, -4
	.cfi_offset r7, -8
.Ltmp45:
	@DEBUG_VALUE: rf_rssi_convert:RSSI_Value_temp <- $r0
	.loc	2 351 9 prologue_end            @ ../../../../../sdk/platform/core_modules/rf/src/ble_arp.c:351:9
	cmp	r0, #230
	blo	.LBB7_2
.Ltmp46:
@ %bb.1:
	@DEBUG_VALUE: rf_rssi_convert:RSSI_Value_temp <- $r0
	@DEBUG_VALUE: rf_rssi_convert:rssi_reg <- $r0
	.loc	2 0 9 is_stmt 0                 @ ../../../../../sdk/platform/core_modules/rf/src/ble_arp.c:0:9
	movs	r0, #230
.Ltmp47:
	@DEBUG_VALUE: rf_rssi_convert:rssi_reg <- [DW_OP_LLVM_entry_value 1] $r0
.LBB7_2:
	.loc	2 351 9                         @ ../../../../../sdk/platform/core_modules/rf/src/ble_arp.c:351:9
	cmp	r0, #40
	bhi	.LBB7_4
@ %bb.3:
	.loc	2 0 9                           @ ../../../../../sdk/platform/core_modules/rf/src/ble_arp.c:0:9
	movs	r0, #40
.LBB7_4:
.Ltmp48:
	@DEBUG_VALUE: rf_rssi_convert:RSSI_Value_temp <- $r0
	movs	r2, #255
	adds	r2, #236
	.loc	2 361 58 is_stmt 1              @ ../../../../../sdk/platform/core_modules/rf/src/ble_arp.c:361:58
	muls	r2, r0, r2
	movs	r0, #125
.Ltmp49:
	.loc	2 0 58 is_stmt 0                @ ../../../../../sdk/platform/core_modules/rf/src/ble_arp.c:0:58
	lsls	r1, r0, #3
	.loc	2 361 77                        @ ../../../../../sdk/platform/core_modules/rf/src/ble_arp.c:361:77
	mov	r0, r2
	bl	__aeabi_uidiv
.Ltmp50:
	.loc	2 361 12                        @ ../../../../../sdk/platform/core_modules/rf/src/ble_arp.c:361:12
	subs	r0, #126
	.loc	2 361 5                         @ ../../../../../sdk/platform/core_modules/rf/src/ble_arp.c:361:5
	uxtb	r0, r0
	.loc	2 361 5 epilogue_begin          @ ../../../../../sdk/platform/core_modules/rf/src/ble_arp.c:361:5
	pop	{r7, pc}
.Ltmp51:
.Lfunc_end7:
	.size	rf_rssi_convert, .Lfunc_end7-rf_rssi_convert
	.cfi_endproc
	.cantunwind
	.fnend
                                        @ -- End function
	.hidden	rf_reinit_func                  @ -- Begin function rf_reinit_func
	.globl	rf_reinit_func
	.p2align	2
	.type	rf_reinit_func,%function
	.code	16                              @ @rf_reinit_func
	.thumb_func
rf_reinit_func:
.Lfunc_begin8:
	.loc	2 596 0 is_stmt 1               @ ../../../../../sdk/platform/core_modules/rf/src/ble_arp.c:596:0
	.fnstart
	.cfi_startproc
@ %bb.0:
	.save	{r7, lr}
	push	{r7, lr}
	.cfi_def_cfa_offset 8
	.cfi_offset lr, -4
	.cfi_offset r7, -8
	movs	r0, #31
	lsls	r0, r0, #16
	movs	r1, #1
	lsls	r2, r1, #30
.Ltmp52:
	.loc	2 597 5 prologue_end            @ ../../../../../sdk/platform/core_modules/rf/src/ble_arp.c:597:5
	ldr	r3, [r2, #116]
	bics	r3, r0
	lsls	r0, r1, #17
	adds	r0, r3, r0
	str	r0, [r2, #116]
	.loc	2 598 5                         @ ../../../../../sdk/platform/core_modules/rf/src/ble_arp.c:598:5
	ldr	r0, [r2]
	movs	r1, #7
	bics	r0, r1
	str	r0, [r2]
	ldr	r0, __arm_cp.8_0
	.loc	2 600 5                         @ ../../../../../sdk/platform/core_modules/rf/src/ble_arp.c:600:5
	ldrh	r1, [r0]
	movs	r2, #8
	orrs	r2, r1
	strh	r2, [r0]
.Ltmp53:
	.loc	2 611 9                         @ ../../../../../sdk/platform/core_modules/rf/src/ble_arp.c:611:9
	bl	rf_nfm_is_enabled
.Ltmp54:
	.loc	2 611 9 is_stmt 0               @ ../../../../../sdk/platform/core_modules/rf/src/ble_arp.c:611:9
	cmp	r0, #0
	beq	.LBB8_2
@ %bb.1:
	.loc	2 0 9                           @ ../../../../../sdk/platform/core_modules/rf/src/ble_arp.c:0:9
	movs	r0, #1
.Ltmp55:
	.loc	2 613 9 is_stmt 1               @ ../../../../../sdk/platform/core_modules/rf/src/ble_arp.c:613:9
	bl	rf_pa_pwr_set
.Ltmp56:
.LBB8_2:
	.loc	2 618 5                         @ ../../../../../sdk/platform/core_modules/rf/src/ble_arp.c:618:5
	bl	rf_adplldig_activate
.Ltmp57:
	.loc	2 620 5                         @ ../../../../../sdk/platform/core_modules/rf/src/ble_arp.c:620:5
	bl	otp_cs_load_pd_rad
.Ltmp58:
	.loc	2 622 5                         @ ../../../../../sdk/platform/core_modules/rf/src/ble_arp.c:622:5
	bl	otp_cs_load_pd_adpll
.Ltmp59:
	.loc	2 624 5                         @ ../../../../../sdk/platform/core_modules/rf/src/ble_arp.c:624:5
	bl	set_recommended_settings
.Ltmp60:
	.loc	2 626 5                         @ ../../../../../sdk/platform/core_modules/rf/src/ble_arp.c:626:5
	bl	update_radiopwrupdn_pref_setting
.Ltmp61:
	.loc	2 628 5                         @ ../../../../../sdk/platform/core_modules/rf/src/ble_arp.c:628:5
	bl	rf_regs
.Ltmp62:
	.loc	2 0 5 is_stmt 0                 @ ../../../../../sdk/platform/core_modules/rf/src/ble_arp.c:0:5
	ldr	r0, __arm_cp.8_1
.Ltmp63:
	.loc	2 662 5 is_stmt 1               @ ../../../../../sdk/platform/core_modules/rf/src/ble_arp.c:662:5
	bl	ble_update_arp_adpll_div_val_ROM
.Ltmp64:
	.loc	2 635 5                         @ ../../../../../sdk/platform/core_modules/rf/src/ble_arp.c:635:5
	bl	rf_adplldig_deactivate
.Ltmp65:
	.loc	2 640 1 epilogue_begin          @ ../../../../../sdk/platform/core_modules/rf/src/ble_arp.c:640:1
	pop	{r7, pc}
.Ltmp66:
	.loc	2 0 1 is_stmt 0                 @ :0:1
.Ltmp67:
	.p2align	2
@ %bb.3:
__arm_cp.8_0:
	.long	1342177288                      @ 0x50000008
.Lcpi_end12:
	.size	__arm_cp.8_0, .Lcpi_end12-__arm_cp.8_0
__arm_cp.8_1:
	.long	134013040                       @ 0x7fce070
.Lcpi_end13:
	.size	__arm_cp.8_1, .Lcpi_end13-__arm_cp.8_1
.Lfunc_end8:
	.size	rf_reinit_func, .Lfunc_end8-rf_reinit_func
	.cfi_endproc
	.cantunwind
	.fnend
                                        @ -- End function
	.hidden	ble_init_arp_func               @ -- Begin function ble_init_arp_func
	.globl	ble_init_arp_func
	.p2align	2
	.type	ble_init_arp_func,%function
	.code	16                              @ @ble_init_arp_func
	.thumb_func
ble_init_arp_func:
.Lfunc_begin9:
	.loc	2 887 0 is_stmt 1               @ ../../../../../sdk/platform/core_modules/rf/src/ble_arp.c:887:0
	.fnstart
	.cfi_startproc
@ %bb.0:
	@DEBUG_VALUE: ble_init_arp_func:base_addr <- $r0
	.save	{r4, r5, r7, lr}
	push	{r4, r5, r7, lr}
	.cfi_def_cfa_offset 16
	.cfi_offset lr, -4
	.cfi_offset r7, -8
	.cfi_offset r5, -12
	.cfi_offset r4, -16
	mov	r4, r0
.Ltmp68:
	@DEBUG_VALUE: ble_init_arp_func:base_addr <- $r4
	ldr	r0, __arm_cp.9_0
.Ltmp69:
	.loc	2 903 5 prologue_end            @ ../../../../../sdk/platform/core_modules/rf/src/ble_arp.c:903:5
	ldr	r5, __arm_cp.9_1
	movs	r2, #64
	mov	r1, r5
	bl	__aeabi_memcpy
.Ltmp70:
	.loc	2 904 5                         @ ../../../../../sdk/platform/core_modules/rf/src/ble_arp.c:904:5
	adds	r5, #72
	ldr	r0, __arm_cp.9_2
	movs	r2, #48
	mov	r1, r5
	bl	__aeabi_memcpy
.Ltmp71:
	.loc	2 0 5 is_stmt 0                 @ ../../../../../sdk/platform/core_modules/rf/src/ble_arp.c:0:5
	ldr	r0, __arm_cp.9_3
	.loc	2 914 45 is_stmt 1              @ ../../../../../sdk/platform/core_modules/rf/src/ble_arp.c:914:45
	subs	r0, r0, r4
	ldr	r1, __arm_cp.9_4
	.loc	2 914 43 is_stmt 0              @ ../../../../../sdk/platform/core_modules/rf/src/ble_arp.c:914:43
	strh	r0, [r1]
	.loc	2 915 45 is_stmt 1              @ ../../../../../sdk/platform/core_modules/rf/src/ble_arp.c:915:45
	adds	r0, #20
	.loc	2 915 43 is_stmt 0              @ ../../../../../sdk/platform/core_modules/rf/src/ble_arp.c:915:43
	strh	r0, [r1, #2]
	.loc	2 916 1 epilogue_begin is_stmt 1 @ ../../../../../sdk/platform/core_modules/rf/src/ble_arp.c:916:1
	pop	{r4, r5, r7, pc}
.Ltmp72:
	.loc	2 0 1 is_stmt 0                 @ :0:1
.Ltmp73:
	.p2align	2
@ %bb.1:
__arm_cp.9_0:
	.long	134013040                       @ 0x7fce070
.Lcpi_end14:
	.size	__arm_cp.9_0, .Lcpi_end14-__arm_cp.9_0
__arm_cp.9_1:
	.long	arp_init_table
.Lcpi_end15:
	.size	__arm_cp.9_1, .Lcpi_end15-__arm_cp.9_1
__arm_cp.9_2:
	.long	134013104                       @ 0x7fce0b0
.Lcpi_end16:
	.size	__arm_cp.9_2, .Lcpi_end16-__arm_cp.9_2
__arm_cp.9_3:
	.long	4294959288                      @ 0xffffe0b8
.Lcpi_end17:
	.size	__arm_cp.9_3, .Lcpi_end17-__arm_cp.9_3
__arm_cp.9_4:
	.long	134013048                       @ 0x7fce078
.Lcpi_end18:
	.size	__arm_cp.9_4, .Lcpi_end18-__arm_cp.9_4
.Lfunc_end9:
	.size	ble_init_arp_func, .Lfunc_end9-ble_init_arp_func
	.cfi_endproc
	.cantunwind
	.fnend
                                        @ -- End function
	.hidden	rf_recalibration                @ -- Begin function rf_recalibration
	.globl	rf_recalibration
	.p2align	2
	.type	rf_recalibration,%function
	.code	16                              @ @rf_recalibration
	.thumb_func
rf_recalibration:
.Lfunc_begin10:
	.loc	2 919 0 is_stmt 1               @ ../../../../../sdk/platform/core_modules/rf/src/ble_arp.c:919:0
	.fnstart
	.cfi_startproc
@ %bb.0:
	.save	{r7, lr}
	push	{r7, lr}
	.cfi_def_cfa_offset 8
	.cfi_offset lr, -4
	.cfi_offset r7, -8
.Ltmp74:
	.loc	2 920 5 prologue_end            @ ../../../../../sdk/platform/core_modules/rf/src/ble_arp.c:920:5
	bl	rf_adplldig_activate
.Ltmp75:
	.loc	2 921 5                         @ ../../../../../sdk/platform/core_modules/rf/src/ble_arp.c:921:5
	bl	otp_cs_load_pd_adpll
.Ltmp76:
	.loc	2 923 5                         @ ../../../../../sdk/platform/core_modules/rf/src/ble_arp.c:923:5
	bl	set_recommended_settings
.Ltmp77:
	.loc	2 924 5                         @ ../../../../../sdk/platform/core_modules/rf/src/ble_arp.c:924:5
	bl	update_radiopwrupdn_pref_setting
.Ltmp78:
	.loc	2 929 5                         @ ../../../../../sdk/platform/core_modules/rf/src/ble_arp.c:929:5
	bl	rf_calibration
.Ltmp79:
	.loc	2 0 5 is_stmt 0                 @ ../../../../../sdk/platform/core_modules/rf/src/ble_arp.c:0:5
	ldr	r0, __arm_cp.10_0
.Ltmp80:
	.loc	2 648 5 is_stmt 1               @ ../../../../../sdk/platform/core_modules/rf/src/ble_arp.c:648:5
	bl	ble_update_arp_adpll_calib_vals_ROM
.Ltmp81:
	.loc	2 934 5                         @ ../../../../../sdk/platform/core_modules/rf/src/ble_arp.c:934:5
	bl	rf_adplldig_deactivate
.Ltmp82:
	.loc	2 935 1 epilogue_begin          @ ../../../../../sdk/platform/core_modules/rf/src/ble_arp.c:935:1
	pop	{r7, pc}
.Ltmp83:
	.loc	2 0 1 is_stmt 0                 @ :0:1
.Ltmp84:
	.p2align	2
@ %bb.1:
__arm_cp.10_0:
	.long	134013040                       @ 0x7fce070
.Lcpi_end19:
	.size	__arm_cp.10_0, .Lcpi_end19-__arm_cp.10_0
.Lfunc_end10:
	.size	rf_recalibration, .Lfunc_end10-rf_recalibration
	.cfi_endproc
	.cantunwind
	.fnend
                                        @ -- End function
	.hidden	arp_table                       @ @arp_table
	.type	arp_table,%object
	.section	.rodata.arp_table,"a",%progbits
	.globl	arp_table
	.p2align	2, 0x0
arp_table:
	.long	134013040
	.size	arp_table, 4

	.file	5 "C:\\Users\\teodor\\Desktop\\stem\\codeless\\6.0.24.1464\\projects\\target_apps\\ble_examples\\empty_peripheral_template\\Keil_5" "./../../../../../sdk/platform/core_modules/rwip/api\\rwip.h"
	.section	.debug_loc,"",%progbits
.Ldebug_loc0:
	.long	.Lfunc_begin2-.Lfunc_begin0
	.long	.Ltmp5-.Lfunc_begin0
	.short	1                               @ Loc expr size
	.byte	80                              @ DW_OP_reg0
	.long	.Ltmp5-.Lfunc_begin0
	.long	.Ltmp28-.Lfunc_begin0
	.short	4                               @ Loc expr size
	.byte	243                             @ DW_OP_GNU_entry_value
	.byte	1                               @ 1
	.byte	80                              @ DW_OP_reg0
	.byte	159                             @ DW_OP_stack_value
	.long	0
	.long	0
.Ldebug_loc1:
	.long	.Ltmp3-.Lfunc_begin0
	.long	.Ltmp6-.Lfunc_begin0
	.short	2                               @ Loc expr size
	.byte	48                              @ DW_OP_lit0
	.byte	159                             @ DW_OP_stack_value
	.long	.Ltmp6-.Lfunc_begin0
	.long	.Ltmp28-.Lfunc_begin0
	.short	1                               @ Loc expr size
	.byte	84                              @ DW_OP_reg4
	.long	0
	.long	0
.Ldebug_loc2:
	.long	.Lfunc_begin3-.Lfunc_begin0
	.long	.Ltmp38-.Lfunc_begin0
	.short	1                               @ Loc expr size
	.byte	80                              @ DW_OP_reg0
	.long	.Ltmp39-.Lfunc_begin0
	.long	.Ltmp40-.Lfunc_begin0
	.short	1                               @ Loc expr size
	.byte	80                              @ DW_OP_reg0
	.long	0
	.long	0
.Ldebug_loc3:
	.long	.Lfunc_begin3-.Lfunc_begin0
	.long	.Ltmp40-.Lfunc_begin0
	.short	1                               @ Loc expr size
	.byte	81                              @ DW_OP_reg1
	.long	.Ltmp40-.Lfunc_begin0
	.long	.Lfunc_end3-.Lfunc_begin0
	.short	4                               @ Loc expr size
	.byte	243                             @ DW_OP_GNU_entry_value
	.byte	1                               @ 1
	.byte	81                              @ DW_OP_reg1
	.byte	159                             @ DW_OP_stack_value
	.long	0
	.long	0
.Ldebug_loc4:
	.long	.Ltmp30-.Lfunc_begin0
	.long	.Ltmp38-.Lfunc_begin0
	.short	2                               @ Loc expr size
	.byte	56                              @ DW_OP_lit8
	.byte	159                             @ DW_OP_stack_value
	.long	.Ltmp38-.Lfunc_begin0
	.long	.Ltmp39-.Lfunc_begin0
	.short	1                               @ Loc expr size
	.byte	80                              @ DW_OP_reg0
	.long	.Ltmp39-.Lfunc_begin0
	.long	.Ltmp40-.Lfunc_begin0
	.short	2                               @ Loc expr size
	.byte	56                              @ DW_OP_lit8
	.byte	159                             @ DW_OP_stack_value
	.long	.Ltmp40-.Lfunc_begin0
	.long	.Lfunc_end3-.Lfunc_begin0
	.short	1                               @ Loc expr size
	.byte	80                              @ DW_OP_reg0
	.long	0
	.long	0
.Ldebug_loc5:
	.long	.Lfunc_begin7-.Lfunc_begin0
	.long	.Ltmp47-.Lfunc_begin0
	.short	1                               @ Loc expr size
	.byte	80                              @ DW_OP_reg0
	.long	0
	.long	0
.Ldebug_loc6:
	.long	.Ltmp45-.Lfunc_begin0
	.long	.Ltmp47-.Lfunc_begin0
	.short	1                               @ Loc expr size
	.byte	80                              @ DW_OP_reg0
	.long	.Ltmp48-.Lfunc_begin0
	.long	.Ltmp49-.Lfunc_begin0
	.short	1                               @ Loc expr size
	.byte	80                              @ DW_OP_reg0
	.long	0
	.long	0
.Ldebug_loc7:
	.long	.Lfunc_begin9-.Lfunc_begin0
	.long	.Ltmp68-.Lfunc_begin0
	.short	1                               @ Loc expr size
	.byte	80                              @ DW_OP_reg0
	.long	.Ltmp68-.Lfunc_begin0
	.long	.Ltmp72-.Lfunc_begin0
	.short	1                               @ Loc expr size
	.byte	84                              @ DW_OP_reg4
	.long	0
	.long	0
	.section	.debug_abbrev,"",%progbits
	.byte	1                               @ Abbreviation Code
	.byte	17                              @ DW_TAG_compile_unit
	.byte	1                               @ DW_CHILDREN_yes
	.byte	37                              @ DW_AT_producer
	.byte	14                              @ DW_FORM_strp
	.byte	19                              @ DW_AT_language
	.byte	5                               @ DW_FORM_data2
	.byte	3                               @ DW_AT_name
	.byte	14                              @ DW_FORM_strp
	.byte	16                              @ DW_AT_stmt_list
	.byte	23                              @ DW_FORM_sec_offset
	.byte	27                              @ DW_AT_comp_dir
	.byte	14                              @ DW_FORM_strp
	.byte	17                              @ DW_AT_low_pc
	.byte	1                               @ DW_FORM_addr
	.byte	18                              @ DW_AT_high_pc
	.byte	6                               @ DW_FORM_data4
	.byte	0                               @ EOM(1)
	.byte	0                               @ EOM(2)
	.byte	2                               @ Abbreviation Code
	.byte	52                              @ DW_TAG_variable
	.byte	0                               @ DW_CHILDREN_no
	.byte	3                               @ DW_AT_name
	.byte	14                              @ DW_FORM_strp
	.byte	73                              @ DW_AT_type
	.byte	19                              @ DW_FORM_ref4
	.byte	63                              @ DW_AT_external
	.byte	25                              @ DW_FORM_flag_present
	.byte	58                              @ DW_AT_decl_file
	.byte	11                              @ DW_FORM_data1
	.byte	59                              @ DW_AT_decl_line
	.byte	5                               @ DW_FORM_data2
	.byte	2                               @ DW_AT_location
	.byte	24                              @ DW_FORM_exprloc
	.byte	0                               @ EOM(1)
	.byte	0                               @ EOM(2)
	.byte	3                               @ Abbreviation Code
	.byte	38                              @ DW_TAG_const_type
	.byte	0                               @ DW_CHILDREN_no
	.byte	73                              @ DW_AT_type
	.byte	19                              @ DW_FORM_ref4
	.byte	0                               @ EOM(1)
	.byte	0                               @ EOM(2)
	.byte	4                               @ Abbreviation Code
	.byte	15                              @ DW_TAG_pointer_type
	.byte	0                               @ DW_CHILDREN_no
	.byte	73                              @ DW_AT_type
	.byte	19                              @ DW_FORM_ref4
	.byte	0                               @ EOM(1)
	.byte	0                               @ EOM(2)
	.byte	5                               @ Abbreviation Code
	.byte	53                              @ DW_TAG_volatile_type
	.byte	0                               @ DW_CHILDREN_no
	.byte	73                              @ DW_AT_type
	.byte	19                              @ DW_FORM_ref4
	.byte	0                               @ EOM(1)
	.byte	0                               @ EOM(2)
	.byte	6                               @ Abbreviation Code
	.byte	19                              @ DW_TAG_structure_type
	.byte	1                               @ DW_CHILDREN_yes
	.byte	3                               @ DW_AT_name
	.byte	14                              @ DW_FORM_strp
	.byte	11                              @ DW_AT_byte_size
	.byte	11                              @ DW_FORM_data1
	.byte	58                              @ DW_AT_decl_file
	.byte	11                              @ DW_FORM_data1
	.byte	59                              @ DW_AT_decl_line
	.byte	11                              @ DW_FORM_data1
	.ascii	"\210\001"                      @ DW_AT_alignment
	.byte	15                              @ DW_FORM_udata
	.byte	0                               @ EOM(1)
	.byte	0                               @ EOM(2)
	.byte	7                               @ Abbreviation Code
	.byte	13                              @ DW_TAG_member
	.byte	0                               @ DW_CHILDREN_no
	.byte	3                               @ DW_AT_name
	.byte	14                              @ DW_FORM_strp
	.byte	73                              @ DW_AT_type
	.byte	19                              @ DW_FORM_ref4
	.byte	58                              @ DW_AT_decl_file
	.byte	11                              @ DW_FORM_data1
	.byte	59                              @ DW_AT_decl_line
	.byte	11                              @ DW_FORM_data1
	.ascii	"\210\001"                      @ DW_AT_alignment
	.byte	15                              @ DW_FORM_udata
	.byte	56                              @ DW_AT_data_member_location
	.byte	11                              @ DW_FORM_data1
	.byte	0                               @ EOM(1)
	.byte	0                               @ EOM(2)
	.byte	8                               @ Abbreviation Code
	.byte	13                              @ DW_TAG_member
	.byte	0                               @ DW_CHILDREN_no
	.byte	3                               @ DW_AT_name
	.byte	14                              @ DW_FORM_strp
	.byte	73                              @ DW_AT_type
	.byte	19                              @ DW_FORM_ref4
	.byte	58                              @ DW_AT_decl_file
	.byte	11                              @ DW_FORM_data1
	.byte	59                              @ DW_AT_decl_line
	.byte	11                              @ DW_FORM_data1
	.byte	56                              @ DW_AT_data_member_location
	.byte	11                              @ DW_FORM_data1
	.byte	0                               @ EOM(1)
	.byte	0                               @ EOM(2)
	.byte	9                               @ Abbreviation Code
	.byte	1                               @ DW_TAG_array_type
	.byte	1                               @ DW_CHILDREN_yes
	.byte	73                              @ DW_AT_type
	.byte	19                              @ DW_FORM_ref4
	.byte	0                               @ EOM(1)
	.byte	0                               @ EOM(2)
	.byte	10                              @ Abbreviation Code
	.byte	33                              @ DW_TAG_subrange_type
	.byte	0                               @ DW_CHILDREN_no
	.byte	73                              @ DW_AT_type
	.byte	19                              @ DW_FORM_ref4
	.byte	55                              @ DW_AT_count
	.byte	11                              @ DW_FORM_data1
	.byte	0                               @ EOM(1)
	.byte	0                               @ EOM(2)
	.byte	11                              @ Abbreviation Code
	.byte	22                              @ DW_TAG_typedef
	.byte	0                               @ DW_CHILDREN_no
	.byte	73                              @ DW_AT_type
	.byte	19                              @ DW_FORM_ref4
	.byte	3                               @ DW_AT_name
	.byte	14                              @ DW_FORM_strp
	.byte	58                              @ DW_AT_decl_file
	.byte	11                              @ DW_FORM_data1
	.byte	59                              @ DW_AT_decl_line
	.byte	11                              @ DW_FORM_data1
	.byte	0                               @ EOM(1)
	.byte	0                               @ EOM(2)
	.byte	12                              @ Abbreviation Code
	.byte	23                              @ DW_TAG_union_type
	.byte	1                               @ DW_CHILDREN_yes
	.byte	11                              @ DW_AT_byte_size
	.byte	11                              @ DW_FORM_data1
	.byte	58                              @ DW_AT_decl_file
	.byte	11                              @ DW_FORM_data1
	.byte	59                              @ DW_AT_decl_line
	.byte	11                              @ DW_FORM_data1
	.ascii	"\210\001"                      @ DW_AT_alignment
	.byte	15                              @ DW_FORM_udata
	.byte	0                               @ EOM(1)
	.byte	0                               @ EOM(2)
	.byte	13                              @ Abbreviation Code
	.byte	19                              @ DW_TAG_structure_type
	.byte	1                               @ DW_CHILDREN_yes
	.byte	11                              @ DW_AT_byte_size
	.byte	11                              @ DW_FORM_data1
	.byte	58                              @ DW_AT_decl_file
	.byte	11                              @ DW_FORM_data1
	.byte	59                              @ DW_AT_decl_line
	.byte	11                              @ DW_FORM_data1
	.byte	0                               @ EOM(1)
	.byte	0                               @ EOM(2)
	.byte	14                              @ Abbreviation Code
	.byte	13                              @ DW_TAG_member
	.byte	0                               @ DW_CHILDREN_no
	.byte	3                               @ DW_AT_name
	.byte	14                              @ DW_FORM_strp
	.byte	73                              @ DW_AT_type
	.byte	19                              @ DW_FORM_ref4
	.byte	58                              @ DW_AT_decl_file
	.byte	11                              @ DW_FORM_data1
	.byte	59                              @ DW_AT_decl_line
	.byte	11                              @ DW_FORM_data1
	.byte	13                              @ DW_AT_bit_size
	.byte	11                              @ DW_FORM_data1
	.byte	107                             @ DW_AT_data_bit_offset
	.byte	11                              @ DW_FORM_data1
	.byte	0                               @ EOM(1)
	.byte	0                               @ EOM(2)
	.byte	15                              @ Abbreviation Code
	.byte	36                              @ DW_TAG_base_type
	.byte	0                               @ DW_CHILDREN_no
	.byte	3                               @ DW_AT_name
	.byte	14                              @ DW_FORM_strp
	.byte	62                              @ DW_AT_encoding
	.byte	11                              @ DW_FORM_data1
	.byte	11                              @ DW_AT_byte_size
	.byte	11                              @ DW_FORM_data1
	.byte	0                               @ EOM(1)
	.byte	0                               @ EOM(2)
	.byte	16                              @ Abbreviation Code
	.byte	36                              @ DW_TAG_base_type
	.byte	0                               @ DW_CHILDREN_no
	.byte	3                               @ DW_AT_name
	.byte	14                              @ DW_FORM_strp
	.byte	11                              @ DW_AT_byte_size
	.byte	11                              @ DW_FORM_data1
	.byte	62                              @ DW_AT_encoding
	.byte	11                              @ DW_FORM_data1
	.byte	0                               @ EOM(1)
	.byte	0                               @ EOM(2)
	.byte	17                              @ Abbreviation Code
	.byte	4                               @ DW_TAG_enumeration_type
	.byte	1                               @ DW_CHILDREN_yes
	.byte	73                              @ DW_AT_type
	.byte	19                              @ DW_FORM_ref4
	.byte	11                              @ DW_AT_byte_size
	.byte	11                              @ DW_FORM_data1
	.byte	58                              @ DW_AT_decl_file
	.byte	11                              @ DW_FORM_data1
	.byte	59                              @ DW_AT_decl_line
	.byte	11                              @ DW_FORM_data1
	.byte	0                               @ EOM(1)
	.byte	0                               @ EOM(2)
	.byte	18                              @ Abbreviation Code
	.byte	40                              @ DW_TAG_enumerator
	.byte	0                               @ DW_CHILDREN_no
	.byte	3                               @ DW_AT_name
	.byte	14                              @ DW_FORM_strp
	.byte	28                              @ DW_AT_const_value
	.byte	15                              @ DW_FORM_udata
	.byte	0                               @ EOM(1)
	.byte	0                               @ EOM(2)
	.byte	19                              @ Abbreviation Code
	.byte	15                              @ DW_TAG_pointer_type
	.byte	0                               @ DW_CHILDREN_no
	.byte	0                               @ EOM(1)
	.byte	0                               @ EOM(2)
	.byte	20                              @ Abbreviation Code
	.byte	46                              @ DW_TAG_subprogram
	.byte	1                               @ DW_CHILDREN_yes
	.byte	17                              @ DW_AT_low_pc
	.byte	1                               @ DW_FORM_addr
	.byte	18                              @ DW_AT_high_pc
	.byte	6                               @ DW_FORM_data4
	.byte	64                              @ DW_AT_frame_base
	.byte	24                              @ DW_FORM_exprloc
	.ascii	"\227B"                         @ DW_AT_GNU_all_call_sites
	.byte	25                              @ DW_FORM_flag_present
	.byte	3                               @ DW_AT_name
	.byte	14                              @ DW_FORM_strp
	.byte	58                              @ DW_AT_decl_file
	.byte	11                              @ DW_FORM_data1
	.byte	59                              @ DW_AT_decl_line
	.byte	11                              @ DW_FORM_data1
	.byte	39                              @ DW_AT_prototyped
	.byte	25                              @ DW_FORM_flag_present
	.byte	73                              @ DW_AT_type
	.byte	19                              @ DW_FORM_ref4
	.byte	63                              @ DW_AT_external
	.byte	25                              @ DW_FORM_flag_present
	.byte	0                               @ EOM(1)
	.byte	0                               @ EOM(2)
	.byte	21                              @ Abbreviation Code
	.byte	5                               @ DW_TAG_formal_parameter
	.byte	0                               @ DW_CHILDREN_no
	.byte	3                               @ DW_AT_name
	.byte	14                              @ DW_FORM_strp
	.byte	58                              @ DW_AT_decl_file
	.byte	11                              @ DW_FORM_data1
	.byte	59                              @ DW_AT_decl_line
	.byte	11                              @ DW_FORM_data1
	.byte	73                              @ DW_AT_type
	.byte	19                              @ DW_FORM_ref4
	.byte	0                               @ EOM(1)
	.byte	0                               @ EOM(2)
	.byte	22                              @ Abbreviation Code
	.byte	46                              @ DW_TAG_subprogram
	.byte	1                               @ DW_CHILDREN_yes
	.byte	17                              @ DW_AT_low_pc
	.byte	1                               @ DW_FORM_addr
	.byte	18                              @ DW_AT_high_pc
	.byte	6                               @ DW_FORM_data4
	.byte	64                              @ DW_AT_frame_base
	.byte	24                              @ DW_FORM_exprloc
	.ascii	"\227B"                         @ DW_AT_GNU_all_call_sites
	.byte	25                              @ DW_FORM_flag_present
	.byte	3                               @ DW_AT_name
	.byte	14                              @ DW_FORM_strp
	.byte	58                              @ DW_AT_decl_file
	.byte	11                              @ DW_FORM_data1
	.byte	59                              @ DW_AT_decl_line
	.byte	11                              @ DW_FORM_data1
	.byte	39                              @ DW_AT_prototyped
	.byte	25                              @ DW_FORM_flag_present
	.byte	63                              @ DW_AT_external
	.byte	25                              @ DW_FORM_flag_present
	.byte	0                               @ EOM(1)
	.byte	0                               @ EOM(2)
	.byte	23                              @ Abbreviation Code
	.byte	46                              @ DW_TAG_subprogram
	.byte	1                               @ DW_CHILDREN_yes
	.byte	3                               @ DW_AT_name
	.byte	14                              @ DW_FORM_strp
	.byte	58                              @ DW_AT_decl_file
	.byte	11                              @ DW_FORM_data1
	.byte	59                              @ DW_AT_decl_line
	.byte	11                              @ DW_FORM_data1
	.byte	39                              @ DW_AT_prototyped
	.byte	25                              @ DW_FORM_flag_present
	.byte	32                              @ DW_AT_inline
	.byte	11                              @ DW_FORM_data1
	.byte	0                               @ EOM(1)
	.byte	0                               @ EOM(2)
	.byte	24                              @ Abbreviation Code
	.byte	38                              @ DW_TAG_const_type
	.byte	0                               @ DW_CHILDREN_no
	.byte	0                               @ EOM(1)
	.byte	0                               @ EOM(2)
	.byte	25                              @ Abbreviation Code
	.byte	46                              @ DW_TAG_subprogram
	.byte	0                               @ DW_CHILDREN_no
	.byte	3                               @ DW_AT_name
	.byte	14                              @ DW_FORM_strp
	.byte	58                              @ DW_AT_decl_file
	.byte	11                              @ DW_FORM_data1
	.byte	59                              @ DW_AT_decl_line
	.byte	5                               @ DW_FORM_data2
	.byte	39                              @ DW_AT_prototyped
	.byte	25                              @ DW_FORM_flag_present
	.byte	32                              @ DW_AT_inline
	.byte	11                              @ DW_FORM_data1
	.byte	0                               @ EOM(1)
	.byte	0                               @ EOM(2)
	.byte	26                              @ Abbreviation Code
	.byte	46                              @ DW_TAG_subprogram
	.byte	1                               @ DW_CHILDREN_yes
	.byte	17                              @ DW_AT_low_pc
	.byte	1                               @ DW_FORM_addr
	.byte	18                              @ DW_AT_high_pc
	.byte	6                               @ DW_FORM_data4
	.byte	64                              @ DW_AT_frame_base
	.byte	24                              @ DW_FORM_exprloc
	.ascii	"\227B"                         @ DW_AT_GNU_all_call_sites
	.byte	25                              @ DW_FORM_flag_present
	.byte	3                               @ DW_AT_name
	.byte	14                              @ DW_FORM_strp
	.byte	58                              @ DW_AT_decl_file
	.byte	11                              @ DW_FORM_data1
	.byte	59                              @ DW_AT_decl_line
	.byte	5                               @ DW_FORM_data2
	.byte	39                              @ DW_AT_prototyped
	.byte	25                              @ DW_FORM_flag_present
	.byte	63                              @ DW_AT_external
	.byte	25                              @ DW_FORM_flag_present
	.byte	0                               @ EOM(1)
	.byte	0                               @ EOM(2)
	.byte	27                              @ Abbreviation Code
	.byte	5                               @ DW_TAG_formal_parameter
	.byte	0                               @ DW_CHILDREN_no
	.byte	2                               @ DW_AT_location
	.byte	23                              @ DW_FORM_sec_offset
	.byte	3                               @ DW_AT_name
	.byte	14                              @ DW_FORM_strp
	.byte	58                              @ DW_AT_decl_file
	.byte	11                              @ DW_FORM_data1
	.byte	59                              @ DW_AT_decl_line
	.byte	5                               @ DW_FORM_data2
	.byte	73                              @ DW_AT_type
	.byte	19                              @ DW_FORM_ref4
	.byte	0                               @ EOM(1)
	.byte	0                               @ EOM(2)
	.byte	28                              @ Abbreviation Code
	.byte	52                              @ DW_TAG_variable
	.byte	0                               @ DW_CHILDREN_no
	.byte	2                               @ DW_AT_location
	.byte	24                              @ DW_FORM_exprloc
	.byte	3                               @ DW_AT_name
	.byte	14                              @ DW_FORM_strp
	.byte	58                              @ DW_AT_decl_file
	.byte	11                              @ DW_FORM_data1
	.byte	59                              @ DW_AT_decl_line
	.byte	5                               @ DW_FORM_data2
	.byte	73                              @ DW_AT_type
	.byte	19                              @ DW_FORM_ref4
	.byte	0                               @ EOM(1)
	.byte	0                               @ EOM(2)
	.byte	29                              @ Abbreviation Code
	.byte	52                              @ DW_TAG_variable
	.byte	0                               @ DW_CHILDREN_no
	.byte	2                               @ DW_AT_location
	.byte	23                              @ DW_FORM_sec_offset
	.byte	3                               @ DW_AT_name
	.byte	14                              @ DW_FORM_strp
	.byte	58                              @ DW_AT_decl_file
	.byte	11                              @ DW_FORM_data1
	.byte	59                              @ DW_AT_decl_line
	.byte	5                               @ DW_FORM_data2
	.byte	73                              @ DW_AT_type
	.byte	19                              @ DW_FORM_ref4
	.byte	0                               @ EOM(1)
	.byte	0                               @ EOM(2)
	.byte	30                              @ Abbreviation Code
	.byte	29                              @ DW_TAG_inlined_subroutine
	.byte	1                               @ DW_CHILDREN_yes
	.byte	49                              @ DW_AT_abstract_origin
	.byte	19                              @ DW_FORM_ref4
	.byte	17                              @ DW_AT_low_pc
	.byte	1                               @ DW_FORM_addr
	.byte	18                              @ DW_AT_high_pc
	.byte	6                               @ DW_FORM_data4
	.byte	88                              @ DW_AT_call_file
	.byte	11                              @ DW_FORM_data1
	.byte	89                              @ DW_AT_call_line
	.byte	5                               @ DW_FORM_data2
	.byte	87                              @ DW_AT_call_column
	.byte	11                              @ DW_FORM_data1
	.byte	0                               @ EOM(1)
	.byte	0                               @ EOM(2)
	.byte	31                              @ Abbreviation Code
	.byte	5                               @ DW_TAG_formal_parameter
	.byte	0                               @ DW_CHILDREN_no
	.byte	2                               @ DW_AT_location
	.byte	24                              @ DW_FORM_exprloc
	.byte	49                              @ DW_AT_abstract_origin
	.byte	19                              @ DW_FORM_ref4
	.byte	0                               @ EOM(1)
	.byte	0                               @ EOM(2)
	.byte	32                              @ Abbreviation Code
	.byte	5                               @ DW_TAG_formal_parameter
	.byte	0                               @ DW_CHILDREN_no
	.byte	28                              @ DW_AT_const_value
	.byte	15                              @ DW_FORM_udata
	.byte	49                              @ DW_AT_abstract_origin
	.byte	19                              @ DW_FORM_ref4
	.byte	0                               @ EOM(1)
	.byte	0                               @ EOM(2)
	.byte	33                              @ Abbreviation Code
	.byte	29                              @ DW_TAG_inlined_subroutine
	.byte	0                               @ DW_CHILDREN_no
	.byte	49                              @ DW_AT_abstract_origin
	.byte	19                              @ DW_FORM_ref4
	.byte	17                              @ DW_AT_low_pc
	.byte	1                               @ DW_FORM_addr
	.byte	18                              @ DW_AT_high_pc
	.byte	6                               @ DW_FORM_data4
	.byte	88                              @ DW_AT_call_file
	.byte	11                              @ DW_FORM_data1
	.byte	89                              @ DW_AT_call_line
	.byte	5                               @ DW_FORM_data2
	.byte	87                              @ DW_AT_call_column
	.byte	11                              @ DW_FORM_data1
	.byte	0                               @ EOM(1)
	.byte	0                               @ EOM(2)
	.byte	34                              @ Abbreviation Code
	.byte	46                              @ DW_TAG_subprogram
	.byte	1                               @ DW_CHILDREN_yes
	.byte	17                              @ DW_AT_low_pc
	.byte	1                               @ DW_FORM_addr
	.byte	18                              @ DW_AT_high_pc
	.byte	6                               @ DW_FORM_data4
	.byte	64                              @ DW_AT_frame_base
	.byte	24                              @ DW_FORM_exprloc
	.ascii	"\227B"                         @ DW_AT_GNU_all_call_sites
	.byte	25                              @ DW_FORM_flag_present
	.byte	3                               @ DW_AT_name
	.byte	14                              @ DW_FORM_strp
	.byte	58                              @ DW_AT_decl_file
	.byte	11                              @ DW_FORM_data1
	.byte	59                              @ DW_AT_decl_line
	.byte	5                               @ DW_FORM_data2
	.byte	39                              @ DW_AT_prototyped
	.byte	25                              @ DW_FORM_flag_present
	.byte	73                              @ DW_AT_type
	.byte	19                              @ DW_FORM_ref4
	.byte	0                               @ EOM(1)
	.byte	0                               @ EOM(2)
	.byte	35                              @ Abbreviation Code
	.byte	46                              @ DW_TAG_subprogram
	.byte	0                               @ DW_CHILDREN_no
	.byte	17                              @ DW_AT_low_pc
	.byte	1                               @ DW_FORM_addr
	.byte	18                              @ DW_AT_high_pc
	.byte	6                               @ DW_FORM_data4
	.byte	64                              @ DW_AT_frame_base
	.byte	24                              @ DW_FORM_exprloc
	.ascii	"\227B"                         @ DW_AT_GNU_all_call_sites
	.byte	25                              @ DW_FORM_flag_present
	.byte	3                               @ DW_AT_name
	.byte	14                              @ DW_FORM_strp
	.byte	58                              @ DW_AT_decl_file
	.byte	11                              @ DW_FORM_data1
	.byte	59                              @ DW_AT_decl_line
	.byte	11                              @ DW_FORM_data1
	.byte	39                              @ DW_AT_prototyped
	.byte	25                              @ DW_FORM_flag_present
	.byte	0                               @ EOM(1)
	.byte	0                               @ EOM(2)
	.byte	36                              @ Abbreviation Code
	.byte	46                              @ DW_TAG_subprogram
	.byte	0                               @ DW_CHILDREN_no
	.byte	17                              @ DW_AT_low_pc
	.byte	1                               @ DW_FORM_addr
	.byte	18                              @ DW_AT_high_pc
	.byte	6                               @ DW_FORM_data4
	.byte	64                              @ DW_AT_frame_base
	.byte	24                              @ DW_FORM_exprloc
	.ascii	"\227B"                         @ DW_AT_GNU_all_call_sites
	.byte	25                              @ DW_FORM_flag_present
	.byte	3                               @ DW_AT_name
	.byte	14                              @ DW_FORM_strp
	.byte	58                              @ DW_AT_decl_file
	.byte	11                              @ DW_FORM_data1
	.byte	59                              @ DW_AT_decl_line
	.byte	5                               @ DW_FORM_data2
	.byte	39                              @ DW_AT_prototyped
	.byte	25                              @ DW_FORM_flag_present
	.byte	0                               @ EOM(1)
	.byte	0                               @ EOM(2)
	.byte	37                              @ Abbreviation Code
	.byte	46                              @ DW_TAG_subprogram
	.byte	1                               @ DW_CHILDREN_yes
	.byte	17                              @ DW_AT_low_pc
	.byte	1                               @ DW_FORM_addr
	.byte	18                              @ DW_AT_high_pc
	.byte	6                               @ DW_FORM_data4
	.byte	64                              @ DW_AT_frame_base
	.byte	24                              @ DW_FORM_exprloc
	.ascii	"\227B"                         @ DW_AT_GNU_all_call_sites
	.byte	25                              @ DW_FORM_flag_present
	.byte	3                               @ DW_AT_name
	.byte	14                              @ DW_FORM_strp
	.byte	58                              @ DW_AT_decl_file
	.byte	11                              @ DW_FORM_data1
	.byte	59                              @ DW_AT_decl_line
	.byte	5                               @ DW_FORM_data2
	.byte	39                              @ DW_AT_prototyped
	.byte	25                              @ DW_FORM_flag_present
	.byte	0                               @ EOM(1)
	.byte	0                               @ EOM(2)
	.byte	38                              @ Abbreviation Code
	.byte	5                               @ DW_TAG_formal_parameter
	.byte	0                               @ DW_CHILDREN_no
	.byte	3                               @ DW_AT_name
	.byte	14                              @ DW_FORM_strp
	.byte	58                              @ DW_AT_decl_file
	.byte	11                              @ DW_FORM_data1
	.byte	59                              @ DW_AT_decl_line
	.byte	5                               @ DW_FORM_data2
	.byte	73                              @ DW_AT_type
	.byte	19                              @ DW_FORM_ref4
	.byte	0                               @ EOM(1)
	.byte	0                               @ EOM(2)
	.byte	39                              @ Abbreviation Code
	.byte	19                              @ DW_TAG_structure_type
	.byte	1                               @ DW_CHILDREN_yes
	.byte	3                               @ DW_AT_name
	.byte	14                              @ DW_FORM_strp
	.byte	11                              @ DW_AT_byte_size
	.byte	11                              @ DW_FORM_data1
	.byte	58                              @ DW_AT_decl_file
	.byte	11                              @ DW_FORM_data1
	.byte	59                              @ DW_AT_decl_line
	.byte	11                              @ DW_FORM_data1
	.byte	0                               @ EOM(1)
	.byte	0                               @ EOM(2)
	.byte	40                              @ Abbreviation Code
	.byte	21                              @ DW_TAG_subroutine_type
	.byte	0                               @ DW_CHILDREN_no
	.byte	39                              @ DW_AT_prototyped
	.byte	25                              @ DW_FORM_flag_present
	.byte	0                               @ EOM(1)
	.byte	0                               @ EOM(2)
	.byte	41                              @ Abbreviation Code
	.byte	21                              @ DW_TAG_subroutine_type
	.byte	1                               @ DW_CHILDREN_yes
	.byte	39                              @ DW_AT_prototyped
	.byte	25                              @ DW_FORM_flag_present
	.byte	0                               @ EOM(1)
	.byte	0                               @ EOM(2)
	.byte	42                              @ Abbreviation Code
	.byte	5                               @ DW_TAG_formal_parameter
	.byte	0                               @ DW_CHILDREN_no
	.byte	73                              @ DW_AT_type
	.byte	19                              @ DW_FORM_ref4
	.byte	0                               @ EOM(1)
	.byte	0                               @ EOM(2)
	.byte	43                              @ Abbreviation Code
	.byte	21                              @ DW_TAG_subroutine_type
	.byte	1                               @ DW_CHILDREN_yes
	.byte	73                              @ DW_AT_type
	.byte	19                              @ DW_FORM_ref4
	.byte	39                              @ DW_AT_prototyped
	.byte	25                              @ DW_FORM_flag_present
	.byte	0                               @ EOM(1)
	.byte	0                               @ EOM(2)
	.byte	0                               @ EOM(3)
	.section	.debug_info,"",%progbits
.Lcu_begin0:
	.long	.Ldebug_info_end0-.Ldebug_info_start0 @ Length of Unit
.Ldebug_info_start0:
	.short	4                               @ DWARF version number
	.long	.debug_abbrev                   @ Offset Into Abbrev. Section
	.byte	4                               @ Address Size (in bytes)
	.byte	1                               @ Abbrev [1] 0xb:0x5d1 DW_TAG_compile_unit
	.long	.Linfo_string0                  @ DW_AT_producer
	.short	12                              @ DW_AT_language
	.long	.Linfo_string1                  @ DW_AT_name
	.long	.Lline_table_start0             @ DW_AT_stmt_list
	.long	.Linfo_string2                  @ DW_AT_comp_dir
	.long	.Lfunc_begin0                   @ DW_AT_low_pc
	.long	.Lfunc_end10-.Lfunc_begin0      @ DW_AT_high_pc
	.byte	2                               @ Abbrev [2] 0x26:0x12 DW_TAG_variable
	.long	.Linfo_string3                  @ DW_AT_name
	.long	56                              @ DW_AT_type
                                        @ DW_AT_external
	.byte	2                               @ DW_AT_decl_file
	.short	643                             @ DW_AT_decl_line
	.byte	5                               @ DW_AT_location
	.byte	3
	.long	arp_table
	.byte	3                               @ Abbrev [3] 0x38:0x5 DW_TAG_const_type
	.long	61                              @ DW_AT_type
	.byte	4                               @ Abbrev [4] 0x3d:0x5 DW_TAG_pointer_type
	.long	66                              @ DW_AT_type
	.byte	5                               @ Abbrev [5] 0x42:0x5 DW_TAG_volatile_type
	.long	71                              @ DW_AT_type
	.byte	6                               @ Abbrev [6] 0x47:0xa0 DW_TAG_structure_type
	.long	.Linfo_string28                 @ DW_AT_name
	.byte	112                             @ DW_AT_byte_size
	.byte	2                               @ DW_AT_decl_file
	.byte	128                             @ DW_AT_decl_line
	.byte	4                               @ DW_AT_alignment
	.byte	7                               @ Abbrev [7] 0x50:0xd DW_TAG_member
	.long	.Linfo_string4                  @ DW_AT_name
	.long	231                             @ DW_AT_type
	.byte	2                               @ DW_AT_decl_file
	.byte	130                             @ DW_AT_decl_line
	.byte	4                               @ DW_AT_alignment
	.byte	0                               @ DW_AT_data_member_location
	.byte	8                               @ Abbrev [8] 0x5d:0xc DW_TAG_member
	.long	.Linfo_string15                 @ DW_AT_name
	.long	341                             @ DW_AT_type
	.byte	2                               @ DW_AT_decl_file
	.byte	131                             @ DW_AT_decl_line
	.byte	4                               @ DW_AT_data_member_location
	.byte	8                               @ Abbrev [8] 0x69:0xc DW_TAG_member
	.long	.Linfo_string16                 @ DW_AT_name
	.long	366                             @ DW_AT_type
	.byte	2                               @ DW_AT_decl_file
	.byte	134                             @ DW_AT_decl_line
	.byte	8                               @ DW_AT_data_member_location
	.byte	8                               @ Abbrev [8] 0x75:0xc DW_TAG_member
	.long	.Linfo_string19                 @ DW_AT_name
	.long	366                             @ DW_AT_type
	.byte	2                               @ DW_AT_decl_file
	.byte	135                             @ DW_AT_decl_line
	.byte	10                              @ DW_AT_data_member_location
	.byte	7                               @ Abbrev [7] 0x81:0xd DW_TAG_member
	.long	.Linfo_string20                 @ DW_AT_name
	.long	384                             @ DW_AT_type
	.byte	2                               @ DW_AT_decl_file
	.byte	136                             @ DW_AT_decl_line
	.byte	4                               @ DW_AT_alignment
	.byte	12                              @ DW_AT_data_member_location
	.byte	8                               @ Abbrev [8] 0x8e:0xc DW_TAG_member
	.long	.Linfo_string21                 @ DW_AT_name
	.long	341                             @ DW_AT_type
	.byte	2                               @ DW_AT_decl_file
	.byte	137                             @ DW_AT_decl_line
	.byte	68                              @ DW_AT_data_member_location
	.byte	7                               @ Abbrev [7] 0x9a:0xd DW_TAG_member
	.long	.Linfo_string22                 @ DW_AT_name
	.long	243                             @ DW_AT_type
	.byte	2                               @ DW_AT_decl_file
	.byte	140                             @ DW_AT_decl_line
	.byte	4                               @ DW_AT_alignment
	.byte	72                              @ DW_AT_data_member_location
	.byte	7                               @ Abbrev [7] 0xa7:0xd DW_TAG_member
	.long	.Linfo_string23                 @ DW_AT_name
	.long	396                             @ DW_AT_type
	.byte	2                               @ DW_AT_decl_file
	.byte	141                             @ DW_AT_decl_line
	.byte	4                               @ DW_AT_alignment
	.byte	76                              @ DW_AT_data_member_location
	.byte	8                               @ Abbrev [8] 0xb4:0xc DW_TAG_member
	.long	.Linfo_string24                 @ DW_AT_name
	.long	341                             @ DW_AT_type
	.byte	2                               @ DW_AT_decl_file
	.byte	142                             @ DW_AT_decl_line
	.byte	88                              @ DW_AT_data_member_location
	.byte	7                               @ Abbrev [7] 0xc0:0xd DW_TAG_member
	.long	.Linfo_string25                 @ DW_AT_name
	.long	243                             @ DW_AT_type
	.byte	2                               @ DW_AT_decl_file
	.byte	145                             @ DW_AT_decl_line
	.byte	4                               @ DW_AT_alignment
	.byte	92                              @ DW_AT_data_member_location
	.byte	7                               @ Abbrev [7] 0xcd:0xd DW_TAG_member
	.long	.Linfo_string26                 @ DW_AT_name
	.long	396                             @ DW_AT_type
	.byte	2                               @ DW_AT_decl_file
	.byte	146                             @ DW_AT_decl_line
	.byte	4                               @ DW_AT_alignment
	.byte	96                              @ DW_AT_data_member_location
	.byte	8                               @ Abbrev [8] 0xda:0xc DW_TAG_member
	.long	.Linfo_string27                 @ DW_AT_name
	.long	341                             @ DW_AT_type
	.byte	2                               @ DW_AT_decl_file
	.byte	147                             @ DW_AT_decl_line
	.byte	108                             @ DW_AT_data_member_location
	.byte	0                               @ End Of Children Mark
	.byte	9                               @ Abbrev [9] 0xe7:0xc DW_TAG_array_type
	.long	243                             @ DW_AT_type
	.byte	10                              @ Abbrev [10] 0xec:0x6 DW_TAG_subrange_type
	.long	359                             @ DW_AT_type
	.byte	1                               @ DW_AT_count
	.byte	0                               @ End Of Children Mark
	.byte	11                              @ Abbrev [11] 0xf3:0xb DW_TAG_typedef
	.long	254                             @ DW_AT_type
	.long	.Linfo_string13                 @ DW_AT_name
	.byte	2                               @ DW_AT_decl_file
	.byte	123                             @ DW_AT_decl_line
	.byte	12                              @ Abbrev [12] 0xfe:0x57 DW_TAG_union_type
	.byte	4                               @ DW_AT_byte_size
	.byte	2                               @ DW_AT_decl_file
	.byte	115                             @ DW_AT_decl_line
	.byte	4                               @ DW_AT_alignment
	.byte	8                               @ Abbrev [8] 0x103:0xc DW_TAG_member
	.long	.Linfo_string5                  @ DW_AT_name
	.long	341                             @ DW_AT_type
	.byte	2                               @ DW_AT_decl_file
	.byte	116                             @ DW_AT_decl_line
	.byte	0                               @ DW_AT_data_member_location
	.byte	8                               @ Abbrev [8] 0x10f:0xc DW_TAG_member
	.long	.Linfo_string8                  @ DW_AT_name
	.long	283                             @ DW_AT_type
	.byte	2                               @ DW_AT_decl_file
	.byte	122                             @ DW_AT_decl_line
	.byte	0                               @ DW_AT_data_member_location
	.byte	13                              @ Abbrev [13] 0x11b:0x39 DW_TAG_structure_type
	.byte	4                               @ DW_AT_byte_size
	.byte	2                               @ DW_AT_decl_file
	.byte	117                             @ DW_AT_decl_line
	.byte	14                              @ Abbrev [14] 0x11f:0xd DW_TAG_member
	.long	.Linfo_string9                  @ DW_AT_name
	.long	352                             @ DW_AT_type
	.byte	2                               @ DW_AT_decl_file
	.byte	118                             @ DW_AT_decl_line
	.byte	16                              @ DW_AT_bit_size
	.byte	0                               @ DW_AT_data_bit_offset
	.byte	14                              @ Abbrev [14] 0x12c:0xd DW_TAG_member
	.long	.Linfo_string10                 @ DW_AT_name
	.long	352                             @ DW_AT_type
	.byte	2                               @ DW_AT_decl_file
	.byte	119                             @ DW_AT_decl_line
	.byte	14                              @ DW_AT_bit_size
	.byte	16                              @ DW_AT_data_bit_offset
	.byte	14                              @ Abbrev [14] 0x139:0xd DW_TAG_member
	.long	.Linfo_string11                 @ DW_AT_name
	.long	352                             @ DW_AT_type
	.byte	2                               @ DW_AT_decl_file
	.byte	120                             @ DW_AT_decl_line
	.byte	1                               @ DW_AT_bit_size
	.byte	30                              @ DW_AT_data_bit_offset
	.byte	14                              @ Abbrev [14] 0x146:0xd DW_TAG_member
	.long	.Linfo_string12                 @ DW_AT_name
	.long	352                             @ DW_AT_type
	.byte	2                               @ DW_AT_decl_file
	.byte	121                             @ DW_AT_decl_line
	.byte	1                               @ DW_AT_bit_size
	.byte	31                              @ DW_AT_data_bit_offset
	.byte	0                               @ End Of Children Mark
	.byte	0                               @ End Of Children Mark
	.byte	11                              @ Abbrev [11] 0x155:0xb DW_TAG_typedef
	.long	352                             @ DW_AT_type
	.long	.Linfo_string7                  @ DW_AT_name
	.byte	1                               @ DW_AT_decl_file
	.byte	64                              @ DW_AT_decl_line
	.byte	15                              @ Abbrev [15] 0x160:0x7 DW_TAG_base_type
	.long	.Linfo_string6                  @ DW_AT_name
	.byte	7                               @ DW_AT_encoding
	.byte	4                               @ DW_AT_byte_size
	.byte	16                              @ Abbrev [16] 0x167:0x7 DW_TAG_base_type
	.long	.Linfo_string14                 @ DW_AT_name
	.byte	8                               @ DW_AT_byte_size
	.byte	7                               @ DW_AT_encoding
	.byte	11                              @ Abbrev [11] 0x16e:0xb DW_TAG_typedef
	.long	377                             @ DW_AT_type
	.long	.Linfo_string18                 @ DW_AT_name
	.byte	1                               @ DW_AT_decl_file
	.byte	63                              @ DW_AT_decl_line
	.byte	15                              @ Abbrev [15] 0x179:0x7 DW_TAG_base_type
	.long	.Linfo_string17                 @ DW_AT_name
	.byte	7                               @ DW_AT_encoding
	.byte	2                               @ DW_AT_byte_size
	.byte	9                               @ Abbrev [9] 0x180:0xc DW_TAG_array_type
	.long	243                             @ DW_AT_type
	.byte	10                              @ Abbrev [10] 0x185:0x6 DW_TAG_subrange_type
	.long	359                             @ DW_AT_type
	.byte	14                              @ DW_AT_count
	.byte	0                               @ End Of Children Mark
	.byte	9                               @ Abbrev [9] 0x18c:0xc DW_TAG_array_type
	.long	243                             @ DW_AT_type
	.byte	10                              @ Abbrev [10] 0x191:0x6 DW_TAG_subrange_type
	.long	359                             @ DW_AT_type
	.byte	3                               @ DW_AT_count
	.byte	0                               @ End Of Children Mark
	.byte	17                              @ Abbrev [17] 0x198:0x57 DW_TAG_enumeration_type
	.long	495                             @ DW_AT_type
	.byte	1                               @ DW_AT_byte_size
	.byte	3                               @ DW_AT_decl_file
	.byte	68                              @ DW_AT_decl_line
	.byte	18                              @ Abbrev [18] 0x1a0:0x6 DW_TAG_enumerator
	.long	.Linfo_string30                 @ DW_AT_name
	.byte	1                               @ DW_AT_const_value
	.byte	18                              @ Abbrev [18] 0x1a6:0x6 DW_TAG_enumerator
	.long	.Linfo_string31                 @ DW_AT_name
	.byte	2                               @ DW_AT_const_value
	.byte	18                              @ Abbrev [18] 0x1ac:0x6 DW_TAG_enumerator
	.long	.Linfo_string32                 @ DW_AT_name
	.byte	3                               @ DW_AT_const_value
	.byte	18                              @ Abbrev [18] 0x1b2:0x6 DW_TAG_enumerator
	.long	.Linfo_string33                 @ DW_AT_name
	.byte	4                               @ DW_AT_const_value
	.byte	18                              @ Abbrev [18] 0x1b8:0x6 DW_TAG_enumerator
	.long	.Linfo_string34                 @ DW_AT_name
	.byte	5                               @ DW_AT_const_value
	.byte	18                              @ Abbrev [18] 0x1be:0x6 DW_TAG_enumerator
	.long	.Linfo_string35                 @ DW_AT_name
	.byte	6                               @ DW_AT_const_value
	.byte	18                              @ Abbrev [18] 0x1c4:0x6 DW_TAG_enumerator
	.long	.Linfo_string36                 @ DW_AT_name
	.byte	7                               @ DW_AT_const_value
	.byte	18                              @ Abbrev [18] 0x1ca:0x6 DW_TAG_enumerator
	.long	.Linfo_string37                 @ DW_AT_name
	.byte	8                               @ DW_AT_const_value
	.byte	18                              @ Abbrev [18] 0x1d0:0x6 DW_TAG_enumerator
	.long	.Linfo_string38                 @ DW_AT_name
	.byte	9                               @ DW_AT_const_value
	.byte	18                              @ Abbrev [18] 0x1d6:0x6 DW_TAG_enumerator
	.long	.Linfo_string39                 @ DW_AT_name
	.byte	10                              @ DW_AT_const_value
	.byte	18                              @ Abbrev [18] 0x1dc:0x6 DW_TAG_enumerator
	.long	.Linfo_string40                 @ DW_AT_name
	.byte	11                              @ DW_AT_const_value
	.byte	18                              @ Abbrev [18] 0x1e2:0x6 DW_TAG_enumerator
	.long	.Linfo_string41                 @ DW_AT_name
	.byte	12                              @ DW_AT_const_value
	.byte	18                              @ Abbrev [18] 0x1e8:0x6 DW_TAG_enumerator
	.long	.Linfo_string42                 @ DW_AT_name
	.byte	12                              @ DW_AT_const_value
	.byte	0                               @ End Of Children Mark
	.byte	15                              @ Abbrev [15] 0x1ef:0x7 DW_TAG_base_type
	.long	.Linfo_string29                 @ DW_AT_name
	.byte	8                               @ DW_AT_encoding
	.byte	1                               @ DW_AT_byte_size
	.byte	4                               @ Abbrev [4] 0x1f6:0x5 DW_TAG_pointer_type
	.long	507                             @ DW_AT_type
	.byte	5                               @ Abbrev [5] 0x1fb:0x5 DW_TAG_volatile_type
	.long	341                             @ DW_AT_type
	.byte	11                              @ Abbrev [11] 0x200:0xb DW_TAG_typedef
	.long	408                             @ DW_AT_type
	.long	.Linfo_string43                 @ DW_AT_name
	.byte	3                               @ DW_AT_decl_file
	.byte	108                             @ DW_AT_decl_line
	.byte	4                               @ Abbrev [4] 0x20b:0x5 DW_TAG_pointer_type
	.long	528                             @ DW_AT_type
	.byte	5                               @ Abbrev [5] 0x210:0x5 DW_TAG_volatile_type
	.long	366                             @ DW_AT_type
	.byte	4                               @ Abbrev [4] 0x215:0x5 DW_TAG_pointer_type
	.long	71                              @ DW_AT_type
	.byte	4                               @ Abbrev [4] 0x21a:0x5 DW_TAG_pointer_type
	.long	341                             @ DW_AT_type
	.byte	11                              @ Abbrev [11] 0x21f:0xb DW_TAG_typedef
	.long	495                             @ DW_AT_type
	.long	.Linfo_string44                 @ DW_AT_name
	.byte	1                               @ DW_AT_decl_file
	.byte	62                              @ DW_AT_decl_line
	.byte	19                              @ Abbrev [19] 0x22a:0x1 DW_TAG_pointer_type
	.byte	20                              @ Abbrev [20] 0x22b:0x21 DW_TAG_subprogram
	.long	.Lfunc_begin0                   @ DW_AT_low_pc
	.long	.Lfunc_end0-.Lfunc_begin0       @ DW_AT_high_pc
	.byte	1                               @ DW_AT_frame_base
	.byte	93
                                        @ DW_AT_GNU_all_call_sites
	.long	.Linfo_string52                 @ DW_AT_name
	.byte	2                               @ DW_AT_decl_file
	.byte	211                             @ DW_AT_decl_line
                                        @ DW_AT_prototyped
	.long	341                             @ DW_AT_type
                                        @ DW_AT_external
	.byte	21                              @ Abbrev [21] 0x240:0xb DW_TAG_formal_parameter
	.long	.Linfo_string63                 @ DW_AT_name
	.byte	2                               @ DW_AT_decl_file
	.byte	211                             @ DW_AT_decl_line
	.long	366                             @ DW_AT_type
	.byte	0                               @ End Of Children Mark
	.byte	22                              @ Abbrev [22] 0x24c:0x28 DW_TAG_subprogram
	.long	.Lfunc_begin1                   @ DW_AT_low_pc
	.long	.Lfunc_end1-.Lfunc_begin1       @ DW_AT_high_pc
	.byte	1                               @ DW_AT_frame_base
	.byte	93
                                        @ DW_AT_GNU_all_call_sites
	.long	.Linfo_string53                 @ DW_AT_name
	.byte	2                               @ DW_AT_decl_file
	.byte	225                             @ DW_AT_decl_line
                                        @ DW_AT_prototyped
                                        @ DW_AT_external
	.byte	21                              @ Abbrev [21] 0x25d:0xb DW_TAG_formal_parameter
	.long	.Linfo_string63                 @ DW_AT_name
	.byte	2                               @ DW_AT_decl_file
	.byte	225                             @ DW_AT_decl_line
	.long	366                             @ DW_AT_type
	.byte	21                              @ Abbrev [21] 0x268:0xb DW_TAG_formal_parameter
	.long	.Linfo_string9                  @ DW_AT_name
	.byte	2                               @ DW_AT_decl_file
	.byte	225                             @ DW_AT_decl_line
	.long	341                             @ DW_AT_type
	.byte	0                               @ End Of Children Mark
	.byte	23                              @ Abbrev [23] 0x274:0x2a DW_TAG_subprogram
	.long	.Linfo_string45                 @ DW_AT_name
	.byte	4                               @ DW_AT_decl_file
	.byte	141                             @ DW_AT_decl_line
                                        @ DW_AT_prototyped
	.byte	1                               @ DW_AT_inline
	.byte	21                              @ Abbrev [21] 0x27c:0xb DW_TAG_formal_parameter
	.long	.Linfo_string46                 @ DW_AT_name
	.byte	4                               @ DW_AT_decl_file
	.byte	141                             @ DW_AT_decl_line
	.long	670                             @ DW_AT_type
	.byte	21                              @ Abbrev [21] 0x287:0xb DW_TAG_formal_parameter
	.long	.Linfo_string47                 @ DW_AT_name
	.byte	4                               @ DW_AT_decl_file
	.byte	141                             @ DW_AT_decl_line
	.long	366                             @ DW_AT_type
	.byte	21                              @ Abbrev [21] 0x292:0xb DW_TAG_formal_parameter
	.long	.Linfo_string48                 @ DW_AT_name
	.byte	4                               @ DW_AT_decl_file
	.byte	141                             @ DW_AT_decl_line
	.long	366                             @ DW_AT_type
	.byte	0                               @ End Of Children Mark
	.byte	4                               @ Abbrev [4] 0x29e:0x5 DW_TAG_pointer_type
	.long	675                             @ DW_AT_type
	.byte	24                              @ Abbrev [24] 0x2a3:0x1 DW_TAG_const_type
	.byte	25                              @ Abbrev [25] 0x2a4:0x9 DW_TAG_subprogram
	.long	.Linfo_string49                 @ DW_AT_name
	.byte	2                               @ DW_AT_decl_file
	.short	673                             @ DW_AT_decl_line
                                        @ DW_AT_prototyped
	.byte	1                               @ DW_AT_inline
	.byte	26                              @ Abbrev [26] 0x2ad:0x7a DW_TAG_subprogram
	.long	.Lfunc_begin2                   @ DW_AT_low_pc
	.long	.Lfunc_end2-.Lfunc_begin2       @ DW_AT_high_pc
	.byte	1                               @ DW_AT_frame_base
	.byte	93
                                        @ DW_AT_GNU_all_call_sites
	.long	.Linfo_string54                 @ DW_AT_name
	.byte	2                               @ DW_AT_decl_file
	.short	503                             @ DW_AT_decl_line
                                        @ DW_AT_prototyped
                                        @ DW_AT_external
	.byte	27                              @ Abbrev [27] 0x2bf:0x10 DW_TAG_formal_parameter
	.long	.Ldebug_loc0                    @ DW_AT_location
	.long	.Linfo_string65                 @ DW_AT_name
	.byte	2                               @ DW_AT_decl_file
	.short	503                             @ DW_AT_decl_line
	.long	1136                            @ DW_AT_type
	.byte	28                              @ Abbrev [28] 0x2cf:0xf DW_TAG_variable
	.byte	2                               @ DW_AT_location
	.byte	145
	.byte	4
	.long	.Linfo_string64                 @ DW_AT_name
	.byte	2                               @ DW_AT_decl_file
	.short	506                             @ DW_AT_decl_line
	.long	1124                            @ DW_AT_type
	.byte	29                              @ Abbrev [29] 0x2de:0x10 DW_TAG_variable
	.long	.Ldebug_loc1                    @ DW_AT_location
	.long	.Linfo_string87                 @ DW_AT_name
	.byte	2                               @ DW_AT_decl_file
	.short	505                             @ DW_AT_decl_line
	.long	543                             @ DW_AT_type
	.byte	30                              @ Abbrev [30] 0x2ee:0x27 DW_TAG_inlined_subroutine
	.long	628                             @ DW_AT_abstract_origin
	.long	.Ltmp10                         @ DW_AT_low_pc
	.long	.Ltmp12-.Ltmp10                 @ DW_AT_high_pc
	.byte	2                               @ DW_AT_call_file
	.short	549                             @ DW_AT_call_line
	.byte	5                               @ DW_AT_call_column
	.byte	31                              @ Abbrev [31] 0x2ff:0x9 DW_TAG_formal_parameter
	.byte	3                               @ DW_AT_location
	.byte	145
	.byte	4
	.byte	159
	.long	636                             @ DW_AT_abstract_origin
	.byte	32                              @ Abbrev [32] 0x308:0x6 DW_TAG_formal_parameter
	.byte	64                              @ DW_AT_const_value
	.long	647                             @ DW_AT_abstract_origin
	.byte	32                              @ Abbrev [32] 0x30e:0x6 DW_TAG_formal_parameter
	.byte	40                              @ DW_AT_const_value
	.long	658                             @ DW_AT_abstract_origin
	.byte	0                               @ End Of Children Mark
	.byte	33                              @ Abbrev [33] 0x315:0x11 DW_TAG_inlined_subroutine
	.long	676                             @ DW_AT_abstract_origin
	.long	.Ltmp25                         @ DW_AT_low_pc
	.long	.Ltmp26-.Ltmp25                 @ DW_AT_high_pc
	.byte	2                               @ DW_AT_call_file
	.short	589                             @ DW_AT_call_line
	.byte	5                               @ DW_AT_call_column
	.byte	0                               @ End Of Children Mark
	.byte	34                              @ Abbrev [34] 0x327:0x47 DW_TAG_subprogram
	.long	.Lfunc_begin3                   @ DW_AT_low_pc
	.long	.Lfunc_end3-.Lfunc_begin3       @ DW_AT_high_pc
	.byte	1                               @ DW_AT_frame_base
	.byte	93
                                        @ DW_AT_GNU_all_call_sites
	.long	.Linfo_string55                 @ DW_AT_name
	.byte	2                               @ DW_AT_decl_file
	.short	401                             @ DW_AT_decl_line
                                        @ DW_AT_prototyped
	.long	543                             @ DW_AT_type
	.byte	27                              @ Abbrev [27] 0x33d:0x10 DW_TAG_formal_parameter
	.long	.Ldebug_loc2                    @ DW_AT_location
	.long	.Linfo_string88                 @ DW_AT_name
	.byte	2                               @ DW_AT_decl_file
	.short	401                             @ DW_AT_decl_line
	.long	543                             @ DW_AT_type
	.byte	27                              @ Abbrev [27] 0x34d:0x10 DW_TAG_formal_parameter
	.long	.Ldebug_loc3                    @ DW_AT_location
	.long	.Linfo_string89                 @ DW_AT_name
	.byte	2                               @ DW_AT_decl_file
	.short	401                             @ DW_AT_decl_line
	.long	543                             @ DW_AT_type
	.byte	29                              @ Abbrev [29] 0x35d:0x10 DW_TAG_variable
	.long	.Ldebug_loc4                    @ DW_AT_location
	.long	.Linfo_string90                 @ DW_AT_name
	.byte	2                               @ DW_AT_decl_file
	.short	403                             @ DW_AT_decl_line
	.long	512                             @ DW_AT_type
	.byte	0                               @ End Of Children Mark
	.byte	35                              @ Abbrev [35] 0x36e:0x11 DW_TAG_subprogram
	.long	.Lfunc_begin4                   @ DW_AT_low_pc
	.long	.Lfunc_end4-.Lfunc_begin4       @ DW_AT_high_pc
	.byte	1                               @ DW_AT_frame_base
	.byte	93
                                        @ DW_AT_GNU_all_call_sites
	.long	.Linfo_string56                 @ DW_AT_name
	.byte	2                               @ DW_AT_decl_file
	.byte	236                             @ DW_AT_decl_line
                                        @ DW_AT_prototyped
	.byte	36                              @ Abbrev [36] 0x37f:0x12 DW_TAG_subprogram
	.long	.Lfunc_begin5                   @ DW_AT_low_pc
	.long	.Lfunc_end5-.Lfunc_begin5       @ DW_AT_high_pc
	.byte	1                               @ DW_AT_frame_base
	.byte	93
                                        @ DW_AT_GNU_all_call_sites
	.long	.Linfo_string57                 @ DW_AT_name
	.byte	2                               @ DW_AT_decl_file
	.short	374                             @ DW_AT_decl_line
                                        @ DW_AT_prototyped
	.byte	37                              @ Abbrev [37] 0x391:0x1f DW_TAG_subprogram
	.long	.Lfunc_begin6                   @ DW_AT_low_pc
	.long	.Lfunc_end6-.Lfunc_begin6       @ DW_AT_high_pc
	.byte	1                               @ DW_AT_frame_base
	.byte	93
                                        @ DW_AT_GNU_all_call_sites
	.long	.Linfo_string58                 @ DW_AT_name
	.byte	2                               @ DW_AT_decl_file
	.short	385                             @ DW_AT_decl_line
                                        @ DW_AT_prototyped
	.byte	38                              @ Abbrev [38] 0x3a3:0xc DW_TAG_formal_parameter
	.long	.Linfo_string91                 @ DW_AT_name
	.byte	2                               @ DW_AT_decl_file
	.short	385                             @ DW_AT_decl_line
	.long	1372                            @ DW_AT_type
	.byte	0                               @ End Of Children Mark
	.byte	34                              @ Abbrev [34] 0x3b0:0x37 DW_TAG_subprogram
	.long	.Lfunc_begin7                   @ DW_AT_low_pc
	.long	.Lfunc_end7-.Lfunc_begin7       @ DW_AT_high_pc
	.byte	1                               @ DW_AT_frame_base
	.byte	93
                                        @ DW_AT_GNU_all_call_sites
	.long	.Linfo_string59                 @ DW_AT_name
	.byte	2                               @ DW_AT_decl_file
	.short	339                             @ DW_AT_decl_line
                                        @ DW_AT_prototyped
	.long	543                             @ DW_AT_type
	.byte	27                              @ Abbrev [27] 0x3c6:0x10 DW_TAG_formal_parameter
	.long	.Ldebug_loc5                    @ DW_AT_location
	.long	.Linfo_string92                 @ DW_AT_name
	.byte	2                               @ DW_AT_decl_file
	.short	339                             @ DW_AT_decl_line
	.long	543                             @ DW_AT_type
	.byte	29                              @ Abbrev [29] 0x3d6:0x10 DW_TAG_variable
	.long	.Ldebug_loc6                    @ DW_AT_location
	.long	.Linfo_string93                 @ DW_AT_name
	.byte	2                               @ DW_AT_decl_file
	.short	341                             @ DW_AT_decl_line
	.long	543                             @ DW_AT_type
	.byte	0                               @ End Of Children Mark
	.byte	25                              @ Abbrev [25] 0x3e7:0x9 DW_TAG_subprogram
	.long	.Linfo_string50                 @ DW_AT_name
	.byte	2                               @ DW_AT_decl_file
	.short	660                             @ DW_AT_decl_line
                                        @ DW_AT_prototyped
	.byte	1                               @ DW_AT_inline
	.byte	26                              @ Abbrev [26] 0x3f0:0x24 DW_TAG_subprogram
	.long	.Lfunc_begin8                   @ DW_AT_low_pc
	.long	.Lfunc_end8-.Lfunc_begin8       @ DW_AT_high_pc
	.byte	1                               @ DW_AT_frame_base
	.byte	93
                                        @ DW_AT_GNU_all_call_sites
	.long	.Linfo_string60                 @ DW_AT_name
	.byte	2                               @ DW_AT_decl_file
	.short	595                             @ DW_AT_decl_line
                                        @ DW_AT_prototyped
                                        @ DW_AT_external
	.byte	33                              @ Abbrev [33] 0x402:0x11 DW_TAG_inlined_subroutine
	.long	999                             @ DW_AT_abstract_origin
	.long	.Ltmp63                         @ DW_AT_low_pc
	.long	.Ltmp64-.Ltmp63                 @ DW_AT_high_pc
	.byte	2                               @ DW_AT_call_file
	.short	631                             @ DW_AT_call_line
	.byte	5                               @ DW_AT_call_column
	.byte	0                               @ End Of Children Mark
	.byte	26                              @ Abbrev [26] 0x414:0x23 DW_TAG_subprogram
	.long	.Lfunc_begin9                   @ DW_AT_low_pc
	.long	.Lfunc_end9-.Lfunc_begin9       @ DW_AT_high_pc
	.byte	1                               @ DW_AT_frame_base
	.byte	93
                                        @ DW_AT_GNU_all_call_sites
	.long	.Linfo_string61                 @ DW_AT_name
	.byte	2                               @ DW_AT_decl_file
	.short	886                             @ DW_AT_decl_line
                                        @ DW_AT_prototyped
                                        @ DW_AT_external
	.byte	27                              @ Abbrev [27] 0x426:0x10 DW_TAG_formal_parameter
	.long	.Ldebug_loc7                    @ DW_AT_location
	.long	.Linfo_string94                 @ DW_AT_name
	.byte	2                               @ DW_AT_decl_file
	.short	886                             @ DW_AT_decl_line
	.long	341                             @ DW_AT_type
	.byte	0                               @ End Of Children Mark
	.byte	25                              @ Abbrev [25] 0x437:0x9 DW_TAG_subprogram
	.long	.Linfo_string51                 @ DW_AT_name
	.byte	2                               @ DW_AT_decl_file
	.short	646                             @ DW_AT_decl_line
                                        @ DW_AT_prototyped
	.byte	1                               @ DW_AT_inline
	.byte	26                              @ Abbrev [26] 0x440:0x24 DW_TAG_subprogram
	.long	.Lfunc_begin10                  @ DW_AT_low_pc
	.long	.Lfunc_end10-.Lfunc_begin10     @ DW_AT_high_pc
	.byte	1                               @ DW_AT_frame_base
	.byte	93
                                        @ DW_AT_GNU_all_call_sites
	.long	.Linfo_string62                 @ DW_AT_name
	.byte	2                               @ DW_AT_decl_file
	.short	918                             @ DW_AT_decl_line
                                        @ DW_AT_prototyped
                                        @ DW_AT_external
	.byte	33                              @ Abbrev [33] 0x452:0x11 DW_TAG_inlined_subroutine
	.long	1079                            @ DW_AT_abstract_origin
	.long	.Ltmp80                         @ DW_AT_low_pc
	.long	.Ltmp81-.Ltmp80                 @ DW_AT_high_pc
	.byte	2                               @ DW_AT_call_file
	.short	931                             @ DW_AT_call_line
	.byte	5                               @ DW_AT_call_column
	.byte	0                               @ End Of Children Mark
	.byte	9                               @ Abbrev [9] 0x464:0xc DW_TAG_array_type
	.long	543                             @ DW_AT_type
	.byte	10                              @ Abbrev [10] 0x469:0x6 DW_TAG_subrange_type
	.long	359                             @ DW_AT_type
	.byte	40                              @ DW_AT_count
	.byte	0                               @ End Of Children Mark
	.byte	4                               @ Abbrev [4] 0x470:0x5 DW_TAG_pointer_type
	.long	1141                            @ DW_AT_type
	.byte	39                              @ Abbrev [39] 0x475:0xd5 DW_TAG_structure_type
	.long	.Linfo_string86                 @ DW_AT_name
	.byte	56                              @ DW_AT_byte_size
	.byte	5                               @ DW_AT_decl_file
	.byte	105                             @ DW_AT_decl_line
	.byte	8                               @ Abbrev [8] 0x47d:0xc DW_TAG_member
	.long	.Linfo_string66                 @ DW_AT_name
	.long	1354                            @ DW_AT_type
	.byte	5                               @ DW_AT_decl_file
	.byte	108                             @ DW_AT_decl_line
	.byte	0                               @ DW_AT_data_member_location
	.byte	8                               @ Abbrev [8] 0x489:0xc DW_TAG_member
	.long	.Linfo_string67                 @ DW_AT_name
	.long	1360                            @ DW_AT_type
	.byte	5                               @ DW_AT_decl_file
	.byte	110                             @ DW_AT_decl_line
	.byte	4                               @ DW_AT_data_member_location
	.byte	8                               @ Abbrev [8] 0x495:0xc DW_TAG_member
	.long	.Linfo_string69                 @ DW_AT_name
	.long	1379                            @ DW_AT_type
	.byte	5                               @ DW_AT_decl_file
	.byte	112                             @ DW_AT_decl_line
	.byte	8                               @ DW_AT_data_member_location
	.byte	8                               @ Abbrev [8] 0x4a1:0xc DW_TAG_member
	.long	.Linfo_string70                 @ DW_AT_name
	.long	1379                            @ DW_AT_type
	.byte	5                               @ DW_AT_decl_file
	.byte	114                             @ DW_AT_decl_line
	.byte	12                              @ DW_AT_data_member_location
	.byte	8                               @ Abbrev [8] 0x4ad:0xc DW_TAG_member
	.long	.Linfo_string71                 @ DW_AT_name
	.long	1395                            @ DW_AT_type
	.byte	5                               @ DW_AT_decl_file
	.byte	116                             @ DW_AT_decl_line
	.byte	16                              @ DW_AT_data_member_location
	.byte	8                               @ Abbrev [8] 0x4b9:0xc DW_TAG_member
	.long	.Linfo_string72                 @ DW_AT_name
	.long	1395                            @ DW_AT_type
	.byte	5                               @ DW_AT_decl_file
	.byte	118                             @ DW_AT_decl_line
	.byte	20                              @ DW_AT_data_member_location
	.byte	8                               @ Abbrev [8] 0x4c5:0xc DW_TAG_member
	.long	.Linfo_string73                 @ DW_AT_name
	.long	1416                            @ DW_AT_type
	.byte	5                               @ DW_AT_decl_file
	.byte	120                             @ DW_AT_decl_line
	.byte	24                              @ DW_AT_data_member_location
	.byte	8                               @ Abbrev [8] 0x4d1:0xc DW_TAG_member
	.long	.Linfo_string76                 @ DW_AT_name
	.long	1450                            @ DW_AT_type
	.byte	5                               @ DW_AT_decl_file
	.byte	122                             @ DW_AT_decl_line
	.byte	28                              @ DW_AT_data_member_location
	.byte	8                               @ Abbrev [8] 0x4dd:0xc DW_TAG_member
	.long	.Linfo_string77                 @ DW_AT_name
	.long	1354                            @ DW_AT_type
	.byte	5                               @ DW_AT_decl_file
	.byte	124                             @ DW_AT_decl_line
	.byte	32                              @ DW_AT_data_member_location
	.byte	8                               @ Abbrev [8] 0x4e9:0xc DW_TAG_member
	.long	.Linfo_string78                 @ DW_AT_name
	.long	1466                            @ DW_AT_type
	.byte	5                               @ DW_AT_decl_file
	.byte	126                             @ DW_AT_decl_line
	.byte	36                              @ DW_AT_data_member_location
	.byte	8                               @ Abbrev [8] 0x4f5:0xc DW_TAG_member
	.long	.Linfo_string79                 @ DW_AT_name
	.long	1482                            @ DW_AT_type
	.byte	5                               @ DW_AT_decl_file
	.byte	128                             @ DW_AT_decl_line
	.byte	40                              @ DW_AT_data_member_location
	.byte	8                               @ Abbrev [8] 0x501:0xc DW_TAG_member
	.long	.Linfo_string80                 @ DW_AT_name
	.long	1354                            @ DW_AT_type
	.byte	5                               @ DW_AT_decl_file
	.byte	130                             @ DW_AT_decl_line
	.byte	44                              @ DW_AT_data_member_location
	.byte	8                               @ Abbrev [8] 0x50d:0xc DW_TAG_member
	.long	.Linfo_string81                 @ DW_AT_name
	.long	543                             @ DW_AT_type
	.byte	5                               @ DW_AT_decl_file
	.byte	132                             @ DW_AT_decl_line
	.byte	48                              @ DW_AT_data_member_location
	.byte	8                               @ Abbrev [8] 0x519:0xc DW_TAG_member
	.long	.Linfo_string82                 @ DW_AT_name
	.long	543                             @ DW_AT_type
	.byte	5                               @ DW_AT_decl_file
	.byte	134                             @ DW_AT_decl_line
	.byte	49                              @ DW_AT_data_member_location
	.byte	8                               @ Abbrev [8] 0x525:0xc DW_TAG_member
	.long	.Linfo_string83                 @ DW_AT_name
	.long	543                             @ DW_AT_type
	.byte	5                               @ DW_AT_decl_file
	.byte	136                             @ DW_AT_decl_line
	.byte	50                              @ DW_AT_data_member_location
	.byte	8                               @ Abbrev [8] 0x531:0xc DW_TAG_member
	.long	.Linfo_string84                 @ DW_AT_name
	.long	543                             @ DW_AT_type
	.byte	5                               @ DW_AT_decl_file
	.byte	138                             @ DW_AT_decl_line
	.byte	51                              @ DW_AT_data_member_location
	.byte	8                               @ Abbrev [8] 0x53d:0xc DW_TAG_member
	.long	.Linfo_string85                 @ DW_AT_name
	.long	543                             @ DW_AT_type
	.byte	5                               @ DW_AT_decl_file
	.byte	140                             @ DW_AT_decl_line
	.byte	52                              @ DW_AT_data_member_location
	.byte	0                               @ End Of Children Mark
	.byte	4                               @ Abbrev [4] 0x54a:0x5 DW_TAG_pointer_type
	.long	1359                            @ DW_AT_type
	.byte	40                              @ Abbrev [40] 0x54f:0x1 DW_TAG_subroutine_type
                                        @ DW_AT_prototyped
	.byte	4                               @ Abbrev [4] 0x550:0x5 DW_TAG_pointer_type
	.long	1365                            @ DW_AT_type
	.byte	41                              @ Abbrev [41] 0x555:0x7 DW_TAG_subroutine_type
                                        @ DW_AT_prototyped
	.byte	42                              @ Abbrev [42] 0x556:0x5 DW_TAG_formal_parameter
	.long	1372                            @ DW_AT_type
	.byte	0                               @ End Of Children Mark
	.byte	15                              @ Abbrev [15] 0x55c:0x7 DW_TAG_base_type
	.long	.Linfo_string68                 @ DW_AT_name
	.byte	2                               @ DW_AT_encoding
	.byte	1                               @ DW_AT_byte_size
	.byte	4                               @ Abbrev [4] 0x563:0x5 DW_TAG_pointer_type
	.long	1384                            @ DW_AT_type
	.byte	43                              @ Abbrev [43] 0x568:0xb DW_TAG_subroutine_type
	.long	1372                            @ DW_AT_type
                                        @ DW_AT_prototyped
	.byte	42                              @ Abbrev [42] 0x56d:0x5 DW_TAG_formal_parameter
	.long	543                             @ DW_AT_type
	.byte	0                               @ End Of Children Mark
	.byte	4                               @ Abbrev [4] 0x573:0x5 DW_TAG_pointer_type
	.long	1400                            @ DW_AT_type
	.byte	43                              @ Abbrev [43] 0x578:0x10 DW_TAG_subroutine_type
	.long	543                             @ DW_AT_type
                                        @ DW_AT_prototyped
	.byte	42                              @ Abbrev [42] 0x57d:0x5 DW_TAG_formal_parameter
	.long	543                             @ DW_AT_type
	.byte	42                              @ Abbrev [42] 0x582:0x5 DW_TAG_formal_parameter
	.long	543                             @ DW_AT_type
	.byte	0                               @ End Of Children Mark
	.byte	4                               @ Abbrev [4] 0x588:0x5 DW_TAG_pointer_type
	.long	1421                            @ DW_AT_type
	.byte	43                              @ Abbrev [43] 0x58d:0xb DW_TAG_subroutine_type
	.long	543                             @ DW_AT_type
                                        @ DW_AT_prototyped
	.byte	42                              @ Abbrev [42] 0x592:0x5 DW_TAG_formal_parameter
	.long	1432                            @ DW_AT_type
	.byte	0                               @ End Of Children Mark
	.byte	11                              @ Abbrev [11] 0x598:0xb DW_TAG_typedef
	.long	1443                            @ DW_AT_type
	.long	.Linfo_string75                 @ DW_AT_name
	.byte	1                               @ DW_AT_decl_file
	.byte	56                              @ DW_AT_decl_line
	.byte	15                              @ Abbrev [15] 0x5a3:0x7 DW_TAG_base_type
	.long	.Linfo_string74                 @ DW_AT_name
	.byte	6                               @ DW_AT_encoding
	.byte	1                               @ DW_AT_byte_size
	.byte	4                               @ Abbrev [4] 0x5aa:0x5 DW_TAG_pointer_type
	.long	1455                            @ DW_AT_type
	.byte	43                              @ Abbrev [43] 0x5af:0xb DW_TAG_subroutine_type
	.long	543                             @ DW_AT_type
                                        @ DW_AT_prototyped
	.byte	42                              @ Abbrev [42] 0x5b4:0x5 DW_TAG_formal_parameter
	.long	543                             @ DW_AT_type
	.byte	0                               @ End Of Children Mark
	.byte	4                               @ Abbrev [4] 0x5ba:0x5 DW_TAG_pointer_type
	.long	1471                            @ DW_AT_type
	.byte	43                              @ Abbrev [43] 0x5bf:0xb DW_TAG_subroutine_type
	.long	341                             @ DW_AT_type
                                        @ DW_AT_prototyped
	.byte	42                              @ Abbrev [42] 0x5c4:0x5 DW_TAG_formal_parameter
	.long	366                             @ DW_AT_type
	.byte	0                               @ End Of Children Mark
	.byte	4                               @ Abbrev [4] 0x5ca:0x5 DW_TAG_pointer_type
	.long	1487                            @ DW_AT_type
	.byte	41                              @ Abbrev [41] 0x5cf:0xc DW_TAG_subroutine_type
                                        @ DW_AT_prototyped
	.byte	42                              @ Abbrev [42] 0x5d0:0x5 DW_TAG_formal_parameter
	.long	366                             @ DW_AT_type
	.byte	42                              @ Abbrev [42] 0x5d5:0x5 DW_TAG_formal_parameter
	.long	341                             @ DW_AT_type
	.byte	0                               @ End Of Children Mark
	.byte	0                               @ End Of Children Mark
.Ldebug_info_end0:
	.section	.debug_str,"MS",%progbits,1
.Linfo_string0:
	.asciz	"Component: Arm Compiler for Embedded 6.23 Tool: armclang [5f103000]" @ string offset=0
.Linfo_string1:
	.asciz	"../../../../../sdk/platform/core_modules/rf/src\\ble_arp.c" @ string offset=68
.Linfo_string2:
	.asciz	"C:\\Users\\teodor\\Desktop\\stem\\codeless\\6.0.24.1464\\projects\\target_apps\\ble_examples\\empty_peripheral_template\\Keil_5" @ string offset=126
.Linfo_string3:
	.asciz	"arp_table"                     @ string offset=243
.Linfo_string4:
	.asciz	"arpt_pwr"                      @ string offset=253
.Linfo_string5:
	.asciz	"value"                         @ string offset=262
.Linfo_string6:
	.asciz	"unsigned int"                  @ string offset=268
.Linfo_string7:
	.asciz	"uint32_t"                      @ string offset=281
.Linfo_string8:
	.asciz	"bf"                            @ string offset=290
.Linfo_string9:
	.asciz	"data"                          @ string offset=293
.Linfo_string10:
	.asciz	"addr"                          @ string offset=298
.Linfo_string11:
	.asciz	"data8or16n"                    @ string offset=303
.Linfo_string12:
	.asciz	"valid"                         @ string offset=314
.Linfo_string13:
	.asciz	"t_arp_reg"                     @ string offset=320
.Linfo_string14:
	.asciz	"__ARRAY_SIZE_TYPE__"           @ string offset=330
.Linfo_string15:
	.asciz	"null1"                         @ string offset=350
.Linfo_string16:
	.asciz	"tx_tbase"                      @ string offset=356
.Linfo_string17:
	.asciz	"unsigned short"                @ string offset=365
.Linfo_string18:
	.asciz	"uint16_t"                      @ string offset=380
.Linfo_string19:
	.asciz	"rx_tbase"                      @ string offset=389
.Linfo_string20:
	.asciz	"arpt_pref"                     @ string offset=398
.Linfo_string21:
	.asciz	"null2"                         @ string offset=408
.Linfo_string22:
	.asciz	"tx_en_delay"                   @ string offset=414
.Linfo_string23:
	.asciz	"arpt_tx"                       @ string offset=426
.Linfo_string24:
	.asciz	"null3"                         @ string offset=434
.Linfo_string25:
	.asciz	"rx_en_delay"                   @ string offset=440
.Linfo_string26:
	.asciz	"arpt_rx"                       @ string offset=452
.Linfo_string27:
	.asciz	"null4"                         @ string offset=460
.Linfo_string28:
	.asciz	"s_arp_table"                   @ string offset=466
.Linfo_string29:
	.asciz	"unsigned char"                 @ string offset=478
.Linfo_string30:
	.asciz	"RF_TX_PWR_LVL_MINUS_18d0"      @ string offset=492
.Linfo_string31:
	.asciz	"RF_TX_PWR_LVL_MINUS_12d0"      @ string offset=517
.Linfo_string32:
	.asciz	"RF_TX_PWR_LVL_MINUS_9d0"       @ string offset=542
.Linfo_string33:
	.asciz	"RF_TX_PWR_LVL_MINUS_6d0"       @ string offset=566
.Linfo_string34:
	.asciz	"RF_TX_PWR_LVL_MINUS_4d0"       @ string offset=590
.Linfo_string35:
	.asciz	"RF_TX_PWR_LVL_MINUS_2d5"       @ string offset=614
.Linfo_string36:
	.asciz	"RF_TX_PWR_LVL_MINUS_1d0"       @ string offset=638
.Linfo_string37:
	.asciz	"RF_TX_PWR_LVL_0d0"             @ string offset=662
.Linfo_string38:
	.asciz	"RF_TX_PWR_LVL_PLUS_1d5"        @ string offset=680
.Linfo_string39:
	.asciz	"RF_TX_PWR_LVL_PLUS_2d5"        @ string offset=703
.Linfo_string40:
	.asciz	"RF_TX_PWR_LVL_PLUS_3d0"        @ string offset=726
.Linfo_string41:
	.asciz	"RF_TX_PWR_LVL_PLUS_4d0"        @ string offset=749
.Linfo_string42:
	.asciz	"RF_TX_PWR_LVL_TOTAL_VALUES"    @ string offset=772
.Linfo_string43:
	.asciz	"rf_tx_pwr_lvl_t"               @ string offset=799
.Linfo_string44:
	.asciz	"uint8_t"                       @ string offset=815
.Linfo_string45:
	.asciz	"em_ble_burst_wr"               @ string offset=823
.Linfo_string46:
	.asciz	"sys_addr"                      @ string offset=839
.Linfo_string47:
	.asciz	"em_addr"                       @ string offset=848
.Linfo_string48:
	.asciz	"len"                           @ string offset=856
.Linfo_string49:
	.asciz	"ble_update_arp"                @ string offset=860
.Linfo_string50:
	.asciz	"ble_update_arp_adpll_div_val"  @ string offset=875
.Linfo_string51:
	.asciz	"ble_update_arp_adpll_calib_vals" @ string offset=904
.Linfo_string52:
	.asciz	"rf_reg_rd"                     @ string offset=936
.Linfo_string53:
	.asciz	"rf_reg_wr"                     @ string offset=946
.Linfo_string54:
	.asciz	"rf_init_func"                  @ string offset=956
.Linfo_string55:
	.asciz	"rf_txpwr_dbm_get"              @ string offset=969
.Linfo_string56:
	.asciz	"rf_reset"                      @ string offset=986
.Linfo_string57:
	.asciz	"RADIOCNTL_Handler"             @ string offset=995
.Linfo_string58:
	.asciz	"rf_force_agc_enable"           @ string offset=1013
.Linfo_string59:
	.asciz	"rf_rssi_convert"               @ string offset=1033
.Linfo_string60:
	.asciz	"rf_reinit_func"                @ string offset=1049
.Linfo_string61:
	.asciz	"ble_init_arp_func"             @ string offset=1064
.Linfo_string62:
	.asciz	"rf_recalibration"              @ string offset=1082
.Linfo_string63:
	.asciz	"address"                       @ string offset=1099
.Linfo_string64:
	.asciz	"temp_freq_tbl"                 @ string offset=1107
.Linfo_string65:
	.asciz	"api"                           @ string offset=1121
.Linfo_string66:
	.asciz	"reset"                         @ string offset=1125
.Linfo_string67:
	.asciz	"force_agc_enable"              @ string offset=1131
.Linfo_string68:
	.asciz	"_Bool"                         @ string offset=1148
.Linfo_string69:
	.asciz	"txpwr_inc"                     @ string offset=1154
.Linfo_string70:
	.asciz	"txpwr_dec"                     @ string offset=1164
.Linfo_string71:
	.asciz	"txpwr_epc_req"                 @ string offset=1174
.Linfo_string72:
	.asciz	"txpwr_dbm_get"                 @ string offset=1188
.Linfo_string73:
	.asciz	"txpwr_cs_get"                  @ string offset=1202
.Linfo_string74:
	.asciz	"signed char"                   @ string offset=1215
.Linfo_string75:
	.asciz	"int8_t"                        @ string offset=1227
.Linfo_string76:
	.asciz	"rssi_convert"                  @ string offset=1234
.Linfo_string77:
	.asciz	"isr"                           @ string offset=1247
.Linfo_string78:
	.asciz	"reg_rd"                        @ string offset=1251
.Linfo_string79:
	.asciz	"reg_wr"                        @ string offset=1258
.Linfo_string80:
	.asciz	"sleep"                         @ string offset=1265
.Linfo_string81:
	.asciz	"txpwr_max"                     @ string offset=1271
.Linfo_string82:
	.asciz	"rssi_high_thr"                 @ string offset=1281
.Linfo_string83:
	.asciz	"rssi_low_thr"                  @ string offset=1295
.Linfo_string84:
	.asciz	"rssi_interf_thr"               @ string offset=1308
.Linfo_string85:
	.asciz	"wakeup_delay"                  @ string offset=1324
.Linfo_string86:
	.asciz	"rwip_rf_api"                   @ string offset=1337
.Linfo_string87:
	.asciz	"idx"                           @ string offset=1349
.Linfo_string88:
	.asciz	"conidx"                        @ string offset=1353
.Linfo_string89:
	.asciz	"req_pwr_level"                 @ string offset=1360
.Linfo_string90:
	.asciz	"tx_pow_lvl"                    @ string offset=1374
.Linfo_string91:
	.asciz	"en"                            @ string offset=1385
.Linfo_string92:
	.asciz	"rssi_reg"                      @ string offset=1388
.Linfo_string93:
	.asciz	"RSSI_Value_temp"               @ string offset=1397
.Linfo_string94:
	.asciz	"base_addr"                     @ string offset=1413
	.weak	rf_pa_pwr_get
	.ident	"Component: Arm Compiler for Embedded 6.23 Tool: armclang [5f103000]"
	.section	".note.GNU-stack","",%progbits
	.eabi_attribute	30, 4	@ Tag_ABI_optimization_goals
	.ARM_attribute	16, 1	@ Tag_AV_eba
	.section	.debug_line,"",%progbits
.Lline_table_start0:
