	.text
	.syntax unified
	.eabi_attribute	67, "2.09"	@ Tag_conformance
	.cpu	cortex-m0plus
	.eabi_attribute	6, 12	@ Tag_CPU_arch
	.eabi_attribute	7, 77	@ Tag_CPU_arch_profile
	.eabi_attribute	8, 0	@ Tag_ARM_ISA_use
	.eabi_attribute	9, 1	@ Tag_THUMB_ISA_use
	.eabi_attribute	34, 0	@ Tag_CPU_unaligned_access
	.eabi_attribute	17, 1	@ Tag_ABI_PCS_GOT_use
	.eabi_attribute	20, 2	@ Tag_ABI_FP_denormal
	.eabi_attribute	21, 0	@ Tag_ABI_FP_exceptions
	.eabi_attribute	23, 1	@ Tag_ABI_FP_number_model
	.eabi_attribute	24, 1	@ Tag_ABI_align_needed
	.eabi_attribute	25, 1	@ Tag_ABI_align_preserved
	.eabi_attribute	38, 1	@ Tag_ABI_FP_16bit_format
	.eabi_attribute	18, 2	@ Tag_ABI_PCS_wchar_t
	.eabi_attribute	26, 1	@ Tag_ABI_enum_size
	.eabi_attribute	14, 0	@ Tag_ABI_PCS_R9_use
	.file	"diss.c"
	.file	1 "C:\\Users\\teodor" "AppData\\Local\\Keil_v5\\ARM\\ARMCLANG\\bin\\..\\include\\stdint.h"
	.file	2 "C:\\Users\\teodor\\Desktop\\stem\\codeless\\6.0.24.1464\\projects\\target_apps\\ble_examples\\empty_peripheral_template\\Keil_5" "./../../../../../sdk/ble_stack/host/att/attm\\attm.h"
	.file	3 "C:\\Users\\teodor\\Desktop\\stem\\codeless\\6.0.24.1464\\projects\\target_apps\\ble_examples\\empty_peripheral_template\\Keil_5" "../../../../../sdk/ble_stack/profiles/dis/diss/src/diss.c"
	.file	4 "C:\\Users\\teodor\\Desktop\\stem\\codeless\\6.0.24.1464\\projects\\target_apps\\ble_examples\\empty_peripheral_template\\Keil_5" "./../../../../../sdk/platform/core_modules/ke/api\\ke_msg.h"
	.file	5 "C:\\Users\\teodor\\Desktop\\stem\\codeless\\6.0.24.1464\\projects\\target_apps\\ble_examples\\empty_peripheral_template\\Keil_5" "./../../../../../sdk/platform/core_modules/ke/api\\ke_task.h"
	.file	6 "C:\\Users\\teodor\\Desktop\\stem\\codeless\\6.0.24.1464\\projects\\target_apps\\ble_examples\\empty_peripheral_template\\Keil_5" "./../../../../../sdk/ble_stack/profiles\\prf.h"
	.file	7 "C:\\Users\\teodor\\Desktop\\stem\\codeless\\6.0.24.1464\\projects\\target_apps\\ble_examples\\empty_peripheral_template\\Keil_5" "./../../../../../sdk/ble_stack/profiles/dis/diss/api\\diss.h"
	.file	8 "C:\\Users\\teodor\\Desktop\\stem\\codeless\\6.0.24.1464\\projects\\target_apps\\ble_examples\\empty_peripheral_template\\Keil_5" "./../../../../../sdk/ble_stack/rwble_hl\\rwble_hl_error.h"
	.file	9 "C:\\Users\\teodor\\Desktop\\stem\\codeless\\6.0.24.1464\\projects\\target_apps\\ble_examples\\empty_peripheral_template\\Keil_5" "./../../../../../sdk/ble_stack/host/att\\att.h"
	.file	10 "C:\\Users\\teodor\\Desktop\\stem\\codeless\\6.0.24.1464\\projects\\target_apps\\ble_examples\\empty_peripheral_template\\Keil_5" "./../../../../../sdk/platform/core_modules/rwip/api\\rwip_config.h"
	.file	11 "C:\\Users\\teodor\\Desktop\\stem\\codeless\\6.0.24.1464\\projects\\target_apps\\ble_examples\\empty_peripheral_template\\Keil_5" "./../../../../../sdk/ble_stack/profiles/dis/diss/api\\diss_task.h"
	.file	12 "C:\\Users\\teodor\\Desktop\\stem\\codeless\\6.0.24.1464\\projects\\target_apps\\ble_examples\\empty_peripheral_template\\Keil_5" "./../../../../../sdk/platform/core_modules/common/api\\co_list.h"
	.p2align	2                               @ -- Begin function diss_init
	.type	diss_init,%function
	.code	16                              @ @diss_init
	.thumb_func
diss_init:
.Lfunc_begin0:
	.loc	3 144 0                         @ ../../../../../sdk/ble_stack/profiles/dis/diss/src/diss.c:144:0
	.fnstart
	.cfi_sections .debug_frame
	.cfi_startproc
@ %bb.0:
	@DEBUG_VALUE: diss_init:env <- $r0
	@DEBUG_VALUE: diss_init:start_hdl <- $r1
	@DEBUG_VALUE: diss_init:app_task <- $r2
	@DEBUG_VALUE: diss_init:sec_lvl <- $r3
	.save	{r4, r5, r6, r7, lr}
	push	{r4, r5, r6, r7, lr}
	.cfi_def_cfa_offset 20
	.cfi_offset lr, -4
	.cfi_offset r7, -8
	.cfi_offset r6, -12
	.cfi_offset r5, -16
	.cfi_offset r4, -20
	.pad	#44
	sub	sp, #44
	.cfi_def_cfa_offset 64
.Ltmp0:
	@DEBUG_VALUE: diss_init:params <- [DW_OP_plus_uconst 64] [$sp+0]
	mov	r7, r3
.Ltmp1:
	@DEBUG_VALUE: diss_init:sec_lvl <- $r7
	mov	r6, r2
.Ltmp2:
	@DEBUG_VALUE: diss_init:app_task <- $r6
	mov	r5, r1
.Ltmp3:
	@DEBUG_VALUE: diss_init:start_hdl <- $r5
	mov	r4, r0
.Ltmp4:
	@DEBUG_VALUE: diss_init:env <- $r4
	ldr	r0, [sp, #64]
	str	r0, [sp, #36]                   @ 4-byte Spill
.Ltmp5:
	.loc	3 153 46 prologue_end           @ ../../../../../sdk/ble_stack/profiles/dis/diss/src/diss.c:153:46
	ldrh	r0, [r0]
	.loc	3 153 16 is_stmt 0              @ ../../../../../sdk/ble_stack/profiles/dis/diss/src/diss.c:153:16
	bl	diss_compute_cfg_flag
.Ltmp6:
	.loc	3 153 14                        @ ../../../../../sdk/ble_stack/profiles/dis/diss/src/diss.c:153:14
	str	r0, [sp, #40]
	movs	r0, #128
	.loc	3 157 76 is_stmt 1              @ ../../../../../sdk/ble_stack/profiles/dis/diss/src/diss.c:157:76
	orrs	r0, r7
	movs	r1, #158
	.loc	3 155 14                        @ ../../../../../sdk/ble_stack/profiles/dis/diss/src/diss.c:155:14
	ands	r1, r0
	.loc	3 156 36                        @ ../../../../../sdk/ble_stack/profiles/dis/diss/src/diss.c:156:36
	ldrh	r0, [r4, #20]
	.loc	3 155 14                        @ ../../../../../sdk/ble_stack/profiles/dis/diss/src/diss.c:155:14
	str	r1, [sp, #12]
	ldr	r1, __arm_cp.0_0
	str	r1, [sp, #8]
	str	r0, [sp, #4]
	movs	r0, #0
	str	r0, [sp]
	ldr	r1, __arm_cp.0_1
	add	r2, sp, #40
	movs	r3, #19
	str	r5, [sp, #32]                   @ 4-byte Spill
.Ltmp7:
	@DEBUG_VALUE: diss_init:start_hdl <- [DW_OP_plus_uconst 32] [$sp+0]
	mov	r0, r5
	bl	attm_svc_create_db
.Ltmp8:
	mov	r5, r0
.Ltmp9:
	@DEBUG_VALUE: diss_init:status <- $r5
	.loc	3 160 9                         @ ../../../../../sdk/ble_stack/profiles/dis/diss/src/diss.c:160:9
	cmp	r0, #0
	bne	.LBB0_2
.Ltmp10:
@ %bb.1:
	@DEBUG_VALUE: diss_init:status <- $r5
	@DEBUG_VALUE: diss_init:start_hdl <- [DW_OP_plus_uconst 32] [$sp+0]
	@DEBUG_VALUE: diss_init:env <- $r4
	@DEBUG_VALUE: diss_init:app_task <- $r6
	@DEBUG_VALUE: diss_init:sec_lvl <- $r7
	@DEBUG_VALUE: diss_init:params <- [DW_OP_plus_uconst 64] [$sp+0]
	.loc	3 0 9 is_stmt 0                 @ ../../../../../sdk/ble_stack/profiles/dis/diss/src/diss.c:0:9
	str	r7, [sp, #28]                   @ 4-byte Spill
.Ltmp11:
	@DEBUG_VALUE: diss_init:sec_lvl <- [DW_OP_plus_uconst 28] [$sp+0]
	movs	r7, #32
	movs	r1, #1
.Ltmp12:
	.loc	3 163 41 is_stmt 1              @ ../../../../../sdk/ble_stack/profiles/dis/diss/src/diss.c:163:41
	str	r1, [sp, #20]                   @ 4-byte Spill
	mov	r0, r7
	bl	ke_malloc
.Ltmp13:
	.loc	3 0 41 is_stmt 0                @ ../../../../../sdk/ble_stack/profiles/dis/diss/src/diss.c:0:41
	str	r6, [sp, #24]                   @ 4-byte Spill
.Ltmp14:
	@DEBUG_VALUE: diss_init:app_task <- [DW_OP_plus_uconst 24] [$sp+0]
	.loc	3 163 41                        @ ../../../../../sdk/ble_stack/profiles/dis/diss/src/diss.c:163:41
	mov	r6, r0
.Ltmp15:
	@DEBUG_VALUE: diss_env <- $r6
	.loc	3 164 9 is_stmt 1               @ ../../../../../sdk/ble_stack/profiles/dis/diss/src/diss.c:164:9
	mov	r1, r7
	bl	__aeabi_memclr4
.Ltmp16:
	.loc	3 167 18                        @ ../../../../../sdk/ble_stack/profiles/dis/diss/src/diss.c:167:18
	str	r6, [r4, #16]
	.loc	3 177 49                        @ ../../../../../sdk/ble_stack/profiles/dis/diss/src/diss.c:177:49
	mov	r0, r6
	adds	r0, #30
	.loc	3 178 37                        @ ../../../../../sdk/ble_stack/profiles/dis/diss/src/diss.c:178:37
	ldr	r1, __arm_cp.0_2
	str	r1, [r4, #4]
	.loc	3 177 37                        @ ../../../../../sdk/ble_stack/profiles/dis/diss/src/diss.c:177:37
	str	r0, [r4, #8]
	.loc	3 168 31                        @ ../../../../../sdk/ble_stack/profiles/dis/diss/src/diss.c:168:31
	ldr	r0, [sp, #32]                   @ 4-byte Reload
	ldrh	r0, [r0]
	.loc	3 168 29 is_stmt 0              @ ../../../../../sdk/ble_stack/profiles/dis/diss/src/diss.c:168:29
	strh	r0, [r6, #24]
	.loc	3 176 37 is_stmt 1              @ ../../../../../sdk/ble_stack/profiles/dis/diss/src/diss.c:176:37
	ldr	r0, [sp, #20]                   @ 4-byte Reload
	strh	r0, [r4, #14]
	movs	r0, #20
	.loc	3 175 37                        @ ../../../../../sdk/ble_stack/profiles/dis/diss/src/diss.c:175:37
	strh	r0, [r4, #22]
	.loc	3 172 43                        @ ../../../../../sdk/ble_stack/profiles/dis/diss/src/diss.c:172:43
	ldrh	r0, [r4, #20]
	.loc	3 172 36 is_stmt 0              @ ../../../../../sdk/ble_stack/profiles/dis/diss/src/diss.c:172:36
	strh	r0, [r6, #2]
	.loc	3 171 20 is_stmt 1              @ ../../../../../sdk/ble_stack/profiles/dis/diss/src/diss.c:171:20
	ldr	r0, [sp, #28]                   @ 4-byte Reload
.Ltmp17:
	@DEBUG_VALUE: diss_init:sec_lvl <- $r0
	lsls	r0, r0, #15
.Ltmp18:
	@DEBUG_VALUE: diss_init:sec_lvl <- [DW_OP_LLVM_entry_value 1] $r3
	.loc	3 171 17 is_stmt 0              @ ../../../../../sdk/ble_stack/profiles/dis/diss/src/diss.c:171:17
	ldr	r1, [sp, #24]                   @ 4-byte Reload
.Ltmp19:
	@DEBUG_VALUE: diss_init:app_task <- $r1
	orrs	r0, r1
	.loc	3 170 36 is_stmt 1              @ ../../../../../sdk/ble_stack/profiles/dis/diss/src/diss.c:170:36
	strh	r0, [r6]
	.loc	3 169 39                        @ ../../../../../sdk/ble_stack/profiles/dis/diss/src/diss.c:169:39
	ldr	r0, [sp, #36]                   @ 4-byte Reload
	ldrh	r0, [r0]
	.loc	3 169 29 is_stmt 0              @ ../../../../../sdk/ble_stack/profiles/dis/diss/src/diss.c:169:29
	strh	r0, [r6, #26]
	.loc	3 179 34 is_stmt 1              @ ../../../../../sdk/ble_stack/profiles/dis/diss/src/diss.c:179:34
	adds	r0, r6, #4
	.loc	3 179 9 is_stmt 0               @ ../../../../../sdk/ble_stack/profiles/dis/diss/src/diss.c:179:9
	bl	co_list_init
.Ltmp20:
	@DEBUG_VALUE: diss_init:app_task <- [DW_OP_LLVM_entry_value 1] $r2
	.loc	3 182 27 is_stmt 1              @ ../../../../../sdk/ble_stack/profiles/dis/diss/src/diss.c:182:27
	ldrh	r0, [r4, #20]
	movs	r1, #0
	.loc	3 182 9 is_stmt 0               @ ../../../../../sdk/ble_stack/profiles/dis/diss/src/diss.c:182:9
	bl	ke_state_set
.Ltmp21:
.LBB0_2:
	@DEBUG_VALUE: diss_init:status <- $r5
	@DEBUG_VALUE: diss_init:start_hdl <- [DW_OP_plus_uconst 32] [$sp+0]
	@DEBUG_VALUE: diss_init:env <- $r4
	@DEBUG_VALUE: diss_init:params <- [DW_OP_plus_uconst 64] [$sp+0]
	.loc	3 185 5 is_stmt 1               @ ../../../../../sdk/ble_stack/profiles/dis/diss/src/diss.c:185:5
	mov	r0, r5
	.loc	3 185 5 epilogue_begin is_stmt 0 @ ../../../../../sdk/ble_stack/profiles/dis/diss/src/diss.c:185:5
	add	sp, #44
	pop	{r4, r5, r6, r7, pc}
.Ltmp22:
	.loc	3 0 5                           @ :0:5
.Ltmp23:
	.p2align	2
@ %bb.3:
__arm_cp.0_0:
	.long	diss_att_db
.Lcpi_end0:
	.size	__arm_cp.0_0, .Lcpi_end0-__arm_cp.0_0
__arm_cp.0_1:
	.long	6154                            @ 0x180a
.Lcpi_end1:
	.size	__arm_cp.0_1, .Lcpi_end1-__arm_cp.0_1
__arm_cp.0_2:
	.long	diss_default_handler
.Lcpi_end2:
	.size	__arm_cp.0_2, .Lcpi_end2-__arm_cp.0_2
.Lfunc_end0:
	.size	diss_init, .Lfunc_end0-diss_init
	.cfi_endproc
	.cantunwind
	.fnend
                                        @ -- End function
	.p2align	1                               @ -- Begin function diss_destroy
	.type	diss_destroy,%function
	.code	16                              @ @diss_destroy
	.thumb_func
diss_destroy:
.Lfunc_begin1:
	.loc	3 197 0 is_stmt 1               @ ../../../../../sdk/ble_stack/profiles/dis/diss/src/diss.c:197:0
	.fnstart
	.cfi_startproc
@ %bb.0:
	@DEBUG_VALUE: diss_destroy:env <- $r0
	.save	{r4, r5, r6, lr}
	push	{r4, r5, r6, lr}
	.cfi_def_cfa_offset 16
	.cfi_offset lr, -4
	.cfi_offset r6, -8
	.cfi_offset r5, -12
	.cfi_offset r4, -16
	mov	r5, r0
.Ltmp24:
	@DEBUG_VALUE: diss_destroy:env <- $r5
	.loc	3 198 65 prologue_end           @ ../../../../../sdk/ble_stack/profiles/dis/diss/src/diss.c:198:65
	ldr	r4, [r0, #16]
.Ltmp25:
	@DEBUG_VALUE: diss_destroy:diss_env <- $r4
	.loc	3 0 65 is_stmt 0                @ ../../../../../sdk/ble_stack/profiles/dis/diss/src/diss.c:0:65
	adds	r6, r4, #4
.Ltmp26:
.LBB1_1:                                @ =>This Inner Loop Header: Depth=1
	@DEBUG_VALUE: diss_destroy:diss_env <- $r4
	@DEBUG_VALUE: diss_destroy:env <- $r5
	@DEBUG_VALUE: co_list_is_empty:list <- $r6
	.loc	12 240 24 is_stmt 1             @ ./../../../../../sdk/platform/core_modules/common/api\co_list.h:240:24
	ldr	r0, [r6]
.Ltmp27:
	@DEBUG_VALUE: co_list_is_empty:listempty <- undef
	.loc	3 201 5                         @ ../../../../../sdk/ble_stack/profiles/dis/diss/src/diss.c:201:5
	cmp	r0, #0
	beq	.LBB1_3
.Ltmp28:
@ %bb.2:                                @   in Loop: Header=BB1_1 Depth=1
	@DEBUG_VALUE: diss_destroy:diss_env <- $r4
	@DEBUG_VALUE: diss_destroy:env <- $r5
	.loc	3 203 35                        @ ../../../../../sdk/ble_stack/profiles/dis/diss/src/diss.c:203:35
	mov	r0, r6
	bl	co_list_pop_front
.Ltmp29:
	@DEBUG_VALUE: hdr <- $r0
	.loc	3 204 9                         @ ../../../../../sdk/ble_stack/profiles/dis/diss/src/diss.c:204:9
	bl	ke_free
.Ltmp30:
	.loc	3 201 5                         @ ../../../../../sdk/ble_stack/profiles/dis/diss/src/diss.c:201:5
	b	.LBB1_1
.Ltmp31:
.LBB1_3:
	@DEBUG_VALUE: diss_destroy:diss_env <- $r4
	@DEBUG_VALUE: diss_destroy:env <- $r5
	.loc	3 0 5 is_stmt 0                 @ ../../../../../sdk/ble_stack/profiles/dis/diss/src/diss.c:0:5
	movs	r0, #0
	.loc	3 208 14 is_stmt 1              @ ../../../../../sdk/ble_stack/profiles/dis/diss/src/diss.c:208:14
	str	r0, [r5, #16]
	.loc	3 209 5                         @ ../../../../../sdk/ble_stack/profiles/dis/diss/src/diss.c:209:5
	mov	r0, r4
	bl	ke_free
.Ltmp32:
	.loc	3 210 1 epilogue_begin          @ ../../../../../sdk/ble_stack/profiles/dis/diss/src/diss.c:210:1
	pop	{r4, r5, r6, pc}
.Ltmp33:
.Lfunc_end1:
	.size	diss_destroy, .Lfunc_end1-diss_destroy
	.cfi_endproc
	.cantunwind
	.fnend
                                        @ -- End function
	.p2align	1                               @ -- Begin function diss_create
	.type	diss_create,%function
	.code	16                              @ @diss_create
	.thumb_func
diss_create:
.Lfunc_begin2:
	.fnstart
	.cfi_startproc
@ %bb.0:
	.loc	3 223 1 prologue_end            @ ../../../../../sdk/ble_stack/profiles/dis/diss/src/diss.c:223:1
	bx	lr
.Ltmp34:
.Lfunc_end2:
	.size	diss_create, .Lfunc_end2-diss_create
	.cfi_endproc
	.cantunwind
	.fnend
                                        @ -- End function
	.p2align	1                               @ -- Begin function diss_cleanup
	.type	diss_cleanup,%function
	.code	16                              @ @diss_cleanup
	.thumb_func
diss_cleanup:
.Lfunc_begin3:
	.fnstart
	.cfi_startproc
@ %bb.0:
	.loc	3 237 1 prologue_end            @ ../../../../../sdk/ble_stack/profiles/dis/diss/src/diss.c:237:1
	bx	lr
.Ltmp35:
.Lfunc_end3:
	.size	diss_cleanup, .Lfunc_end3-diss_cleanup
	.cfi_endproc
	.cantunwind
	.fnend
                                        @ -- End function
	.hidden	diss_prf_itf_get                @ -- Begin function diss_prf_itf_get
	.globl	diss_prf_itf_get
	.p2align	2
	.type	diss_prf_itf_get,%function
	.code	16                              @ @diss_prf_itf_get
	.thumb_func
diss_prf_itf_get:
.Lfunc_begin4:
	.fnstart
	.cfi_startproc
@ %bb.0:
	.loc	3 260 4 prologue_end            @ ../../../../../sdk/ble_stack/profiles/dis/diss/src/diss.c:260:4
	ldr	r0, __arm_cp.4_0
	bx	lr
.Ltmp36:
	.loc	3 0 4 is_stmt 0                 @ :0:4
.Ltmp37:
	.p2align	2
@ %bb.1:
__arm_cp.4_0:
	.long	diss_itf
.Lcpi_end3:
	.size	__arm_cp.4_0, .Lcpi_end3-__arm_cp.4_0
.Lfunc_end4:
	.size	diss_prf_itf_get, .Lfunc_end4-diss_prf_itf_get
	.cfi_endproc
	.cantunwind
	.fnend
                                        @ -- End function
	.hidden	diss_compute_cfg_flag           @ -- Begin function diss_compute_cfg_flag
	.globl	diss_compute_cfg_flag
	.p2align	1
	.type	diss_compute_cfg_flag,%function
	.code	16                              @ @diss_compute_cfg_flag
	.thumb_func
diss_compute_cfg_flag:
.Lfunc_begin5:
	.loc	3 264 0 is_stmt 1               @ ../../../../../sdk/ble_stack/profiles/dis/diss/src/diss.c:264:0
	.fnstart
	.cfi_startproc
@ %bb.0:
	@DEBUG_VALUE: diss_compute_cfg_flag:features <- $r0
	.save	{r4, r5, r6, lr}
	push	{r4, r5, r6, lr}
	.cfi_def_cfa_offset 16
	.cfi_offset lr, -4
	.cfi_offset r6, -8
	.cfi_offset r5, -12
	.cfi_offset r4, -16
	mov	r1, r0
	@DEBUG_VALUE: i <- 0
.Ltmp38:
	@DEBUG_VALUE: diss_compute_cfg_flag:cfg_flag <- 1
	@DEBUG_VALUE: diss_compute_cfg_flag:features <- $r1
	movs	r0, #1
	movs	r2, #0
	mov	r3, r2
.Ltmp39:
.LBB5_1:                                @ =>This Inner Loop Header: Depth=1
	@DEBUG_VALUE: diss_compute_cfg_flag:features <- $r1
	@DEBUG_VALUE: diss_compute_cfg_flag:cfg_flag <- $r0
	@DEBUG_VALUE: i <- $r3
	.loc	3 268 5 prologue_end            @ ../../../../../sdk/ble_stack/profiles/dis/diss/src/diss.c:268:5
	cmp	r2, #18
	beq	.LBB5_3
.Ltmp40:
@ %bb.2:                                @   in Loop: Header=BB5_1 Depth=1
	@DEBUG_VALUE: i <- $r3
	@DEBUG_VALUE: diss_compute_cfg_flag:cfg_flag <- $r0
	@DEBUG_VALUE: diss_compute_cfg_flag:features <- $r1
	.loc	3 0 5 is_stmt 0                 @ ../../../../../sdk/ble_stack/profiles/dis/diss/src/diss.c:0:5
	movs	r4, #6
.Ltmp41:
	.loc	3 270 13 is_stmt 1              @ ../../../../../sdk/ble_stack/profiles/dis/diss/src/diss.c:270:13
	lsls	r4, r2
	mov	r5, r1
	lsrs	r5, r3
	movs	r6, #1
	ands	r6, r5
	rsbs	r5, r6, #0
	ands	r5, r4
	orrs	r0, r5
.Ltmp42:
	@DEBUG_VALUE: diss_compute_cfg_flag:cfg_flag <- $r0
	.loc	3 268 5                         @ ../../../../../sdk/ble_stack/profiles/dis/diss/src/diss.c:268:5
	adds	r2, r2, #2
	.loc	3 268 42 is_stmt 0              @ ../../../../../sdk/ble_stack/profiles/dis/diss/src/diss.c:268:42
	adds	r3, r3, #1
.Ltmp43:
	@DEBUG_VALUE: i <- $r3
	.loc	3 268 5                         @ ../../../../../sdk/ble_stack/profiles/dis/diss/src/diss.c:268:5
	b	.LBB5_1
.Ltmp44:
.LBB5_3:
	@DEBUG_VALUE: diss_compute_cfg_flag:cfg_flag <- $r0
	@DEBUG_VALUE: diss_compute_cfg_flag:features <- $r1
	.loc	3 276 5 epilogue_begin is_stmt 1 @ ../../../../../sdk/ble_stack/profiles/dis/diss/src/diss.c:276:5
	pop	{r4, r5, r6, pc}
.Ltmp45:
.Lfunc_end5:
	.size	diss_compute_cfg_flag, .Lfunc_end5-diss_compute_cfg_flag
	.cfi_endproc
	.cantunwind
	.fnend
                                        @ -- End function
	.hidden	diss_handle_to_value            @ -- Begin function diss_handle_to_value
	.globl	diss_handle_to_value
	.p2align	1
	.type	diss_handle_to_value,%function
	.code	16                              @ @diss_handle_to_value
	.thumb_func
diss_handle_to_value:
.Lfunc_begin6:
	.loc	3 281 0                         @ ../../../../../sdk/ble_stack/profiles/dis/diss/src/diss.c:281:0
	.fnstart
	.cfi_startproc
@ %bb.0:
	@DEBUG_VALUE: diss_handle_to_value:env <- $r0
	@DEBUG_VALUE: diss_handle_to_value:handle <- $r1
	.save	{r4, lr}
	push	{r4, lr}
	.cfi_def_cfa_offset 8
	.cfi_offset lr, -4
	.cfi_offset r4, -8
.Ltmp46:
	@DEBUG_VALUE: diss_handle_to_value:value <- 9
	ldrh	r2, [r0, #26]
.Ltmp47:
	.loc	3 285 29 prologue_end           @ ../../../../../sdk/ble_stack/profiles/dis/diss/src/diss.c:285:29
	ldrh	r0, [r0, #24]
.Ltmp48:
	@DEBUG_VALUE: diss_handle_to_value:env <- [DW_OP_LLVM_entry_value 1] $r0
	.loc	3 285 39 is_stmt 0              @ ../../../../../sdk/ble_stack/profiles/dis/diss/src/diss.c:285:39
	adds	r3, r0, #1
.Ltmp49:
	@DEBUG_VALUE: diss_handle_to_value:cur_hdl <- $r3
	.loc	3 0 39                          @ ../../../../../sdk/ble_stack/profiles/dis/diss/src/diss.c:0:39
	movs	r0, #0
	@DEBUG_VALUE: i <- 0
.Ltmp50:
.LBB6_1:                                @ =>This Inner Loop Header: Depth=1
	@DEBUG_VALUE: diss_handle_to_value:cur_hdl <- $r3
	@DEBUG_VALUE: diss_handle_to_value:env <- [DW_OP_LLVM_entry_value 1] $r0
	@DEBUG_VALUE: diss_handle_to_value:value <- 9
	@DEBUG_VALUE: diss_handle_to_value:handle <- $r1
	@DEBUG_VALUE: diss_handle_to_value:cur_hdl <- $r3
	@DEBUG_VALUE: i <- $r0
	.loc	3 287 5 is_stmt 1               @ ../../../../../sdk/ble_stack/profiles/dis/diss/src/diss.c:287:5
	cmp	r0, #9
	beq	.LBB6_6
.Ltmp51:
@ %bb.2:                                @   in Loop: Header=BB6_1 Depth=1
	@DEBUG_VALUE: i <- $r0
	@DEBUG_VALUE: diss_handle_to_value:cur_hdl <- $r3
	@DEBUG_VALUE: diss_handle_to_value:env <- [DW_OP_LLVM_entry_value 1] $r0
	@DEBUG_VALUE: diss_handle_to_value:value <- 9
	@DEBUG_VALUE: diss_handle_to_value:handle <- $r1
	.loc	3 289 13                        @ ../../../../../sdk/ble_stack/profiles/dis/diss/src/diss.c:289:13
	mov	r4, r2
	lsrs	r4, r0
	lsls	r4, r4, #31
	beq	.LBB6_5
.Ltmp52:
@ %bb.3:                                @   in Loop: Header=BB6_1 Depth=1
	@DEBUG_VALUE: i <- $r0
	@DEBUG_VALUE: diss_handle_to_value:cur_hdl <- $r3
	@DEBUG_VALUE: diss_handle_to_value:env <- [DW_OP_LLVM_entry_value 1] $r0
	@DEBUG_VALUE: diss_handle_to_value:value <- 9
	@DEBUG_VALUE: diss_handle_to_value:handle <- $r1
	.loc	3 292 17                        @ ../../../../../sdk/ble_stack/profiles/dis/diss/src/diss.c:292:17
	uxth	r4, r3
	.loc	3 292 25 is_stmt 0              @ ../../../../../sdk/ble_stack/profiles/dis/diss/src/diss.c:292:25
	adds	r4, r4, #1
.Ltmp53:
	.loc	3 292 16                        @ ../../../../../sdk/ble_stack/profiles/dis/diss/src/diss.c:292:16
	cmp	r4, r1
	beq	.LBB6_7
.Ltmp54:
@ %bb.4:                                @   in Loop: Header=BB6_1 Depth=1
	@DEBUG_VALUE: i <- $r0
	@DEBUG_VALUE: diss_handle_to_value:cur_hdl <- $r3
	@DEBUG_VALUE: diss_handle_to_value:env <- [DW_OP_LLVM_entry_value 1] $r0
	@DEBUG_VALUE: diss_handle_to_value:value <- 9
	@DEBUG_VALUE: diss_handle_to_value:handle <- $r1
	.loc	3 297 21 is_stmt 1              @ ../../../../../sdk/ble_stack/profiles/dis/diss/src/diss.c:297:21
	adds	r3, r3, #2
.Ltmp55:
	@DEBUG_VALUE: diss_handle_to_value:cur_hdl <- $r3
.LBB6_5:                                @   in Loop: Header=BB6_1 Depth=1
	@DEBUG_VALUE: i <- $r0
	@DEBUG_VALUE: diss_handle_to_value:cur_hdl <- $r3
	@DEBUG_VALUE: diss_handle_to_value:env <- [DW_OP_LLVM_entry_value 1] $r0
	@DEBUG_VALUE: diss_handle_to_value:value <- 9
	@DEBUG_VALUE: diss_handle_to_value:handle <- $r1
	@DEBUG_VALUE: diss_handle_to_value:cur_hdl <- $r3
	.loc	3 287 42                        @ ../../../../../sdk/ble_stack/profiles/dis/diss/src/diss.c:287:42
	adds	r0, r0, #1
.Ltmp56:
	@DEBUG_VALUE: i <- $r0
	.loc	3 287 5 is_stmt 0               @ ../../../../../sdk/ble_stack/profiles/dis/diss/src/diss.c:287:5
	b	.LBB6_1
.Ltmp57:
.LBB6_6:
	@DEBUG_VALUE: i <- $r0
	@DEBUG_VALUE: diss_handle_to_value:cur_hdl <- $r3
	@DEBUG_VALUE: diss_handle_to_value:env <- [DW_OP_LLVM_entry_value 1] $r0
	@DEBUG_VALUE: diss_handle_to_value:value <- 9
	@DEBUG_VALUE: diss_handle_to_value:handle <- $r1
	.loc	3 0 5                           @ ../../../../../sdk/ble_stack/profiles/dis/diss/src/diss.c:0:5
	movs	r0, #9
.Ltmp58:
.LBB6_7:
	@DEBUG_VALUE: diss_handle_to_value:cur_hdl <- $r3
	@DEBUG_VALUE: diss_handle_to_value:env <- [DW_OP_LLVM_entry_value 1] $r0
	@DEBUG_VALUE: diss_handle_to_value:value <- 9
	@DEBUG_VALUE: diss_handle_to_value:handle <- $r1
	@DEBUG_VALUE: diss_handle_to_value:value <- $r0
	.loc	3 301 5 is_stmt 1               @ ../../../../../sdk/ble_stack/profiles/dis/diss/src/diss.c:301:5
	uxtb	r0, r0
.Ltmp59:
	.loc	3 301 5 epilogue_begin is_stmt 0 @ ../../../../../sdk/ble_stack/profiles/dis/diss/src/diss.c:301:5
	pop	{r4, pc}
.Ltmp60:
.Lfunc_end6:
	.size	diss_handle_to_value, .Lfunc_end6-diss_handle_to_value
	.cfi_endproc
	.cantunwind
	.fnend
                                        @ -- End function
	.hidden	diss_value_to_handle            @ -- Begin function diss_value_to_handle
	.globl	diss_value_to_handle
	.p2align	1
	.type	diss_value_to_handle,%function
	.code	16                              @ @diss_value_to_handle
	.thumb_func
diss_value_to_handle:
.Lfunc_begin7:
	.loc	3 305 0 is_stmt 1               @ ../../../../../sdk/ble_stack/profiles/dis/diss/src/diss.c:305:0
	.fnstart
	.cfi_startproc
@ %bb.0:
	@DEBUG_VALUE: diss_value_to_handle:env <- $r0
	@DEBUG_VALUE: diss_value_to_handle:value <- $r1
	.save	{r4, r5, r7, lr}
	push	{r4, r5, r7, lr}
	.cfi_def_cfa_offset 16
	.cfi_offset lr, -4
	.cfi_offset r7, -8
	.cfi_offset r5, -12
	.cfi_offset r4, -16
.Ltmp61:
	@DEBUG_VALUE: diss_value_to_handle:i <- 0
	ldrh	r3, [r0, #26]
.Ltmp62:
	.loc	3 306 28 prologue_end           @ ../../../../../sdk/ble_stack/profiles/dis/diss/src/diss.c:306:28
	ldrh	r0, [r0, #24]
.Ltmp63:
	@DEBUG_VALUE: diss_value_to_handle:env <- [DW_OP_LLVM_entry_value 1] $r0
	.loc	3 306 38 is_stmt 0              @ ../../../../../sdk/ble_stack/profiles/dis/diss/src/diss.c:306:38
	adds	r2, r0, #1
.Ltmp64:
	@DEBUG_VALUE: diss_value_to_handle:handle <- $r2
	.loc	3 0 38                          @ ../../../../../sdk/ble_stack/profiles/dis/diss/src/diss.c:0:38
	movs	r0, #0
	mov	r4, r0
.Ltmp65:
.LBB7_1:                                @ =>This Inner Loop Header: Depth=1
	@DEBUG_VALUE: diss_value_to_handle:handle <- $r2
	@DEBUG_VALUE: diss_value_to_handle:env <- [DW_OP_LLVM_entry_value 1] $r0
	@DEBUG_VALUE: diss_value_to_handle:value <- $r1
	@DEBUG_VALUE: diss_value_to_handle:i <- $r4
	@DEBUG_VALUE: diss_value_to_handle:handle <- $r2
	.loc	3 309 5 is_stmt 1               @ ../../../../../sdk/ble_stack/profiles/dis/diss/src/diss.c:309:5
	cmp	r4, #9
	beq	.LBB7_9
.Ltmp66:
@ %bb.2:                                @   in Loop: Header=BB7_1 Depth=1
	@DEBUG_VALUE: diss_value_to_handle:i <- $r4
	@DEBUG_VALUE: diss_value_to_handle:handle <- $r2
	@DEBUG_VALUE: diss_value_to_handle:env <- [DW_OP_LLVM_entry_value 1] $r0
	@DEBUG_VALUE: diss_value_to_handle:value <- $r1
	.loc	3 311 13                        @ ../../../../../sdk/ble_stack/profiles/dis/diss/src/diss.c:311:13
	mov	r5, r3
	lsrs	r5, r4
	lsls	r5, r5, #31
	beq	.LBB7_5
.Ltmp67:
@ %bb.3:                                @   in Loop: Header=BB7_1 Depth=1
	@DEBUG_VALUE: diss_value_to_handle:i <- $r4
	@DEBUG_VALUE: diss_value_to_handle:handle <- $r2
	@DEBUG_VALUE: diss_value_to_handle:env <- [DW_OP_LLVM_entry_value 1] $r0
	@DEBUG_VALUE: diss_value_to_handle:value <- $r1
	.loc	3 314 16                        @ ../../../../../sdk/ble_stack/profiles/dis/diss/src/diss.c:314:16
	cmp	r1, r4
	beq	.LBB7_6
.Ltmp68:
@ %bb.4:                                @   in Loop: Header=BB7_1 Depth=1
	@DEBUG_VALUE: diss_value_to_handle:i <- $r4
	@DEBUG_VALUE: diss_value_to_handle:handle <- $r2
	@DEBUG_VALUE: diss_value_to_handle:env <- [DW_OP_LLVM_entry_value 1] $r0
	@DEBUG_VALUE: diss_value_to_handle:value <- $r1
	.loc	3 319 20                        @ ../../../../../sdk/ble_stack/profiles/dis/diss/src/diss.c:319:20
	adds	r2, r2, #2
.Ltmp69:
	@DEBUG_VALUE: diss_value_to_handle:handle <- $r2
.LBB7_5:                                @   in Loop: Header=BB7_1 Depth=1
	@DEBUG_VALUE: diss_value_to_handle:i <- $r4
	@DEBUG_VALUE: diss_value_to_handle:handle <- $r2
	@DEBUG_VALUE: diss_value_to_handle:env <- [DW_OP_LLVM_entry_value 1] $r0
	@DEBUG_VALUE: diss_value_to_handle:value <- $r1
	@DEBUG_VALUE: diss_value_to_handle:handle <- $r2
	.loc	3 309 34                        @ ../../../../../sdk/ble_stack/profiles/dis/diss/src/diss.c:309:34
	adds	r4, r4, #1
.Ltmp70:
	@DEBUG_VALUE: diss_value_to_handle:i <- $r4
	.loc	3 309 5 is_stmt 0               @ ../../../../../sdk/ble_stack/profiles/dis/diss/src/diss.c:309:5
	b	.LBB7_1
.Ltmp71:
.LBB7_6:
	@DEBUG_VALUE: diss_value_to_handle:i <- $r4
	@DEBUG_VALUE: diss_value_to_handle:handle <- $r2
	@DEBUG_VALUE: diss_value_to_handle:env <- [DW_OP_LLVM_entry_value 1] $r0
	@DEBUG_VALUE: diss_value_to_handle:value <- $r1
	@DEBUG_VALUE: diss_value_to_handle:handle <- undef
	.loc	3 324 12 is_stmt 1              @ ../../../../../sdk/ble_stack/profiles/dis/diss/src/diss.c:324:12
	cmp	r1, #9
	beq	.LBB7_8
.Ltmp72:
@ %bb.7:
	@DEBUG_VALUE: diss_value_to_handle:i <- $r4
	@DEBUG_VALUE: diss_value_to_handle:env <- [DW_OP_LLVM_entry_value 1] $r0
	@DEBUG_VALUE: diss_value_to_handle:value <- $r1
	.loc	3 0 12 is_stmt 0                @ ../../../../../sdk/ble_stack/profiles/dis/diss/src/diss.c:0:12
	adds	r0, r2, #1
.Ltmp73:
	@DEBUG_VALUE: diss_value_to_handle:handle <- $r0
	b	.LBB7_9
.Ltmp74:
.LBB7_8:
	@DEBUG_VALUE: diss_value_to_handle:i <- $r4
	@DEBUG_VALUE: diss_value_to_handle:env <- [DW_OP_LLVM_entry_value 1] $r0
	@DEBUG_VALUE: diss_value_to_handle:value <- $r1
	movs	r0, #0
.Ltmp75:
.LBB7_9:
	@DEBUG_VALUE: diss_value_to_handle:i <- $r4
	@DEBUG_VALUE: diss_value_to_handle:env <- [DW_OP_LLVM_entry_value 1] $r0
	@DEBUG_VALUE: diss_value_to_handle:value <- $r1
	@DEBUG_VALUE: diss_value_to_handle:handle <- undef
	.loc	3 324 5                         @ ../../../../../sdk/ble_stack/profiles/dis/diss/src/diss.c:324:5
	uxth	r0, r0
	.loc	3 324 5 epilogue_begin          @ ../../../../../sdk/ble_stack/profiles/dis/diss/src/diss.c:324:5
	pop	{r4, r5, r7, pc}
.Ltmp76:
.Lfunc_end7:
	.size	diss_value_to_handle, .Lfunc_end7-diss_value_to_handle
	.cfi_endproc
	.cantunwind
	.fnend
                                        @ -- End function
	.hidden	diss_check_val_len              @ -- Begin function diss_check_val_len
	.globl	diss_check_val_len
	.p2align	1
	.type	diss_check_val_len,%function
	.code	16                              @ @diss_check_val_len
	.thumb_func
diss_check_val_len:
.Lfunc_begin8:
	.fnstart
	.cfi_startproc
@ %bb.0:
	@DEBUG_VALUE: diss_check_val_len:char_code <- $r0
	@DEBUG_VALUE: diss_check_val_len:val_len <- $r1
	@DEBUG_VALUE: diss_check_val_len:status <- 0
	.loc	3 332 9 prologue_end is_stmt 1  @ ../../../../../sdk/ble_stack/profiles/dis/diss/src/diss.c:332:9
	cmp	r1, #128
	bls	.LBB8_2
.Ltmp77:
@ %bb.1:
	@DEBUG_VALUE: diss_check_val_len:status <- 0
	@DEBUG_VALUE: diss_check_val_len:val_len <- $r1
	@DEBUG_VALUE: diss_check_val_len:char_code <- $r0
	.loc	3 0 9 is_stmt 0                 @ ../../../../../sdk/ble_stack/profiles/dis/diss/src/diss.c:0:9
	movs	r0, #141
.Ltmp78:
	@DEBUG_VALUE: diss_check_val_len:char_code <- [DW_OP_LLVM_entry_value 1] $r0
	.loc	3 332 9                         @ ../../../../../sdk/ble_stack/profiles/dis/diss/src/diss.c:332:9
	b	.LBB8_10
.Ltmp79:
.LBB8_2:
	@DEBUG_VALUE: diss_check_val_len:status <- 0
	@DEBUG_VALUE: diss_check_val_len:val_len <- $r1
	@DEBUG_VALUE: diss_check_val_len:char_code <- $r0
	@DEBUG_VALUE: diss_check_val_len:char_code <- $r0
	.loc	3 339 9 is_stmt 1               @ ../../../../../sdk/ble_stack/profiles/dis/diss/src/diss.c:339:9
	cmp	r0, #8
	beq	.LBB8_8
.Ltmp80:
@ %bb.3:
	@DEBUG_VALUE: diss_check_val_len:status <- 0
	@DEBUG_VALUE: diss_check_val_len:val_len <- $r1
	@DEBUG_VALUE: diss_check_val_len:char_code <- $r0
	@DEBUG_VALUE: diss_check_val_len:char_code <- $r0
	cmp	r0, #7
	beq	.LBB8_6
.Ltmp81:
@ %bb.4:
	@DEBUG_VALUE: diss_check_val_len:status <- 0
	@DEBUG_VALUE: diss_check_val_len:val_len <- $r1
	@DEBUG_VALUE: diss_check_val_len:char_code <- $r0
	cmp	r0, #6
	bne	.LBB8_7
.Ltmp82:
@ %bb.5:
	@DEBUG_VALUE: diss_check_val_len:status <- 0
	@DEBUG_VALUE: diss_check_val_len:val_len <- $r1
	@DEBUG_VALUE: diss_check_val_len:char_code <- $r0
	.loc	3 342 21                        @ ../../../../../sdk/ble_stack/profiles/dis/diss/src/diss.c:342:21
	cmp	r1, #8
	beq	.LBB8_7
	b	.LBB8_9
.Ltmp83:
.LBB8_6:
	@DEBUG_VALUE: diss_check_val_len:status <- 0
	@DEBUG_VALUE: diss_check_val_len:val_len <- $r1
	@DEBUG_VALUE: diss_check_val_len:char_code <- $r0
	.loc	3 348 21                        @ ../../../../../sdk/ble_stack/profiles/dis/diss/src/diss.c:348:21
	cmp	r1, #6
	blo	.LBB8_9
.Ltmp84:
.LBB8_7:
	@DEBUG_VALUE: diss_check_val_len:status <- 0
	@DEBUG_VALUE: diss_check_val_len:val_len <- $r1
	@DEBUG_VALUE: diss_check_val_len:char_code <- $r0
	.loc	3 0 21 is_stmt 0                @ ../../../../../sdk/ble_stack/profiles/dis/diss/src/diss.c:0:21
	movs	r0, #0
.Ltmp85:
	.loc	3 339 9 is_stmt 1               @ ../../../../../sdk/ble_stack/profiles/dis/diss/src/diss.c:339:9
	b	.LBB8_10
.Ltmp86:
.LBB8_8:
	@DEBUG_VALUE: diss_check_val_len:status <- 0
	@DEBUG_VALUE: diss_check_val_len:val_len <- $r1
	@DEBUG_VALUE: diss_check_val_len:char_code <- $r0
	.loc	3 354 21                        @ ../../../../../sdk/ble_stack/profiles/dis/diss/src/diss.c:354:21
	cmp	r1, #7
	beq	.LBB8_7
.Ltmp87:
.LBB8_9:
	@DEBUG_VALUE: diss_check_val_len:status <- 0
	@DEBUG_VALUE: diss_check_val_len:val_len <- $r1
	@DEBUG_VALUE: diss_check_val_len:char_code <- $r0
	.loc	3 0 21 is_stmt 0                @ ../../../../../sdk/ble_stack/profiles/dis/diss/src/diss.c:0:21
	movs	r0, #114
.Ltmp88:
	mvns	r0, r0
.Ltmp89:
.LBB8_10:
	@DEBUG_VALUE: diss_check_val_len:status <- 0
	@DEBUG_VALUE: diss_check_val_len:val_len <- $r1
	@DEBUG_VALUE: diss_check_val_len:status <- $r0
	.loc	3 364 5 is_stmt 1               @ ../../../../../sdk/ble_stack/profiles/dis/diss/src/diss.c:364:5
	uxtb	r0, r0
.Ltmp90:
	bx	lr
.Ltmp91:
.Lfunc_end8:
	.size	diss_check_val_len, .Lfunc_end8-diss_check_val_len
	.cfi_endproc
	.cantunwind
	.fnend
                                        @ -- End function
	.hidden	diss_att_db                     @ @diss_att_db
	.type	diss_att_db,%object
	.section	.rodata.diss_att_db,"a",%progbits
	.globl	diss_att_db
	.p2align	2, 0x0
diss_att_db:
	.short	10240                           @ 0x2800
	.zero	2
	.long	1                               @ 0x1
	.short	0                               @ 0x0
	.zero	2
	.short	10243                           @ 0x2803
	.zero	2
	.long	1                               @ 0x1
	.short	2                               @ 0x2
	.zero	2
	.short	10793                           @ 0x2a29
	.zero	2
	.long	1                               @ 0x1
	.short	32896                           @ 0x8080
	.zero	2
	.short	10243                           @ 0x2803
	.zero	2
	.long	1                               @ 0x1
	.short	4                               @ 0x4
	.zero	2
	.short	10788                           @ 0x2a24
	.zero	2
	.long	1                               @ 0x1
	.short	32896                           @ 0x8080
	.zero	2
	.short	10243                           @ 0x2803
	.zero	2
	.long	1                               @ 0x1
	.short	6                               @ 0x6
	.zero	2
	.short	10789                           @ 0x2a25
	.zero	2
	.long	1                               @ 0x1
	.short	32896                           @ 0x8080
	.zero	2
	.short	10243                           @ 0x2803
	.zero	2
	.long	1                               @ 0x1
	.short	8                               @ 0x8
	.zero	2
	.short	10791                           @ 0x2a27
	.zero	2
	.long	1                               @ 0x1
	.short	32896                           @ 0x8080
	.zero	2
	.short	10243                           @ 0x2803
	.zero	2
	.long	1                               @ 0x1
	.short	10                              @ 0xa
	.zero	2
	.short	10790                           @ 0x2a26
	.zero	2
	.long	1                               @ 0x1
	.short	32896                           @ 0x8080
	.zero	2
	.short	10243                           @ 0x2803
	.zero	2
	.long	1                               @ 0x1
	.short	12                              @ 0xc
	.zero	2
	.short	10792                           @ 0x2a28
	.zero	2
	.long	1                               @ 0x1
	.short	32896                           @ 0x8080
	.zero	2
	.short	10243                           @ 0x2803
	.zero	2
	.long	1                               @ 0x1
	.short	14                              @ 0xe
	.zero	2
	.short	10787                           @ 0x2a23
	.zero	2
	.long	1                               @ 0x1
	.short	32776                           @ 0x8008
	.zero	2
	.short	10243                           @ 0x2803
	.zero	2
	.long	1                               @ 0x1
	.short	16                              @ 0x10
	.zero	2
	.short	10794                           @ 0x2a2a
	.zero	2
	.long	1                               @ 0x1
	.short	32776                           @ 0x8008
	.zero	2
	.short	10243                           @ 0x2803
	.zero	2
	.long	1                               @ 0x1
	.short	18                              @ 0x12
	.zero	2
	.short	10832                           @ 0x2a50
	.zero	2
	.long	1                               @ 0x1
	.short	32775                           @ 0x8007
	.zero	2
	.size	diss_att_db, 228

	.hidden	diss_itf                        @ @diss_itf
	.type	diss_itf,%object
	.section	.rodata.diss_itf,"a",%progbits
	.globl	diss_itf
	.p2align	2, 0x0
diss_itf:
	.long	diss_init
	.long	diss_destroy
	.long	diss_create
	.long	diss_cleanup
	.size	diss_itf, 16

	.section	.debug_loc,"",%progbits
.Ldebug_loc0:
	.long	.Lfunc_begin0-.Lfunc_begin0
	.long	.Ltmp4-.Lfunc_begin0
	.short	1                               @ Loc expr size
	.byte	80                              @ DW_OP_reg0
	.long	.Ltmp4-.Lfunc_begin0
	.long	.Ltmp22-.Lfunc_begin0
	.short	1                               @ Loc expr size
	.byte	84                              @ DW_OP_reg4
	.long	0
	.long	0
.Ldebug_loc1:
	.long	.Lfunc_begin0-.Lfunc_begin0
	.long	.Ltmp3-.Lfunc_begin0
	.short	1                               @ Loc expr size
	.byte	81                              @ DW_OP_reg1
	.long	.Ltmp3-.Lfunc_begin0
	.long	.Ltmp7-.Lfunc_begin0
	.short	1                               @ Loc expr size
	.byte	85                              @ DW_OP_reg5
	.long	.Ltmp7-.Lfunc_begin0
	.long	.Ltmp22-.Lfunc_begin0
	.short	2                               @ Loc expr size
	.byte	125                             @ DW_OP_breg13
	.byte	32                              @ 32
	.long	0
	.long	0
.Ldebug_loc2:
	.long	.Lfunc_begin0-.Lfunc_begin0
	.long	.Ltmp2-.Lfunc_begin0
	.short	1                               @ Loc expr size
	.byte	82                              @ DW_OP_reg2
	.long	.Ltmp2-.Lfunc_begin0
	.long	.Ltmp14-.Lfunc_begin0
	.short	1                               @ Loc expr size
	.byte	86                              @ DW_OP_reg6
	.long	.Ltmp14-.Lfunc_begin0
	.long	.Ltmp19-.Lfunc_begin0
	.short	2                               @ Loc expr size
	.byte	125                             @ DW_OP_breg13
	.byte	24                              @ 24
	.long	.Ltmp19-.Lfunc_begin0
	.long	.Ltmp20-.Lfunc_begin0
	.short	1                               @ Loc expr size
	.byte	81                              @ DW_OP_reg1
	.long	.Ltmp20-.Lfunc_begin0
	.long	.Ltmp21-.Lfunc_begin0
	.short	4                               @ Loc expr size
	.byte	243                             @ DW_OP_GNU_entry_value
	.byte	1                               @ 1
	.byte	82                              @ DW_OP_reg2
	.byte	159                             @ DW_OP_stack_value
	.long	0
	.long	0
.Ldebug_loc3:
	.long	.Lfunc_begin0-.Lfunc_begin0
	.long	.Ltmp1-.Lfunc_begin0
	.short	1                               @ Loc expr size
	.byte	83                              @ DW_OP_reg3
	.long	.Ltmp1-.Lfunc_begin0
	.long	.Ltmp11-.Lfunc_begin0
	.short	1                               @ Loc expr size
	.byte	87                              @ DW_OP_reg7
	.long	.Ltmp11-.Lfunc_begin0
	.long	.Ltmp17-.Lfunc_begin0
	.short	2                               @ Loc expr size
	.byte	125                             @ DW_OP_breg13
	.byte	28                              @ 28
	.long	.Ltmp17-.Lfunc_begin0
	.long	.Ltmp18-.Lfunc_begin0
	.short	1                               @ Loc expr size
	.byte	80                              @ DW_OP_reg0
	.long	.Ltmp18-.Lfunc_begin0
	.long	.Ltmp21-.Lfunc_begin0
	.short	4                               @ Loc expr size
	.byte	243                             @ DW_OP_GNU_entry_value
	.byte	1                               @ 1
	.byte	83                              @ DW_OP_reg3
	.byte	159                             @ DW_OP_stack_value
	.long	0
	.long	0
.Ldebug_loc4:
	.long	.Ltmp9-.Lfunc_begin0
	.long	.Ltmp22-.Lfunc_begin0
	.short	1                               @ Loc expr size
	.byte	85                              @ DW_OP_reg5
	.long	0
	.long	0
.Ldebug_loc5:
	.long	.Ltmp15-.Lfunc_begin0
	.long	.Ltmp21-.Lfunc_begin0
	.short	1                               @ Loc expr size
	.byte	86                              @ DW_OP_reg6
	.long	0
	.long	0
.Ldebug_loc6:
	.long	.Lfunc_begin1-.Lfunc_begin0
	.long	.Ltmp24-.Lfunc_begin0
	.short	1                               @ Loc expr size
	.byte	80                              @ DW_OP_reg0
	.long	.Ltmp24-.Lfunc_begin0
	.long	.Ltmp33-.Lfunc_begin0
	.short	1                               @ Loc expr size
	.byte	85                              @ DW_OP_reg5
	.long	0
	.long	0
.Ldebug_loc7:
	.long	.Ltmp25-.Lfunc_begin0
	.long	.Ltmp33-.Lfunc_begin0
	.short	1                               @ Loc expr size
	.byte	84                              @ DW_OP_reg4
	.long	0
	.long	0
.Ldebug_loc8:
	.long	.Ltmp29-.Lfunc_begin0
	.long	.Ltmp30-.Lfunc_begin0
	.short	1                               @ Loc expr size
	.byte	80                              @ DW_OP_reg0
	.long	0
	.long	0
.Ldebug_loc9:
	.long	.Lfunc_begin5-.Lfunc_begin0
	.long	.Ltmp38-.Lfunc_begin0
	.short	1                               @ Loc expr size
	.byte	80                              @ DW_OP_reg0
	.long	.Ltmp38-.Lfunc_begin0
	.long	.Lfunc_end5-.Lfunc_begin0
	.short	1                               @ Loc expr size
	.byte	81                              @ DW_OP_reg1
	.long	0
	.long	0
.Ldebug_loc10:
	.long	.Ltmp38-.Lfunc_begin0
	.long	.Ltmp39-.Lfunc_begin0
	.short	2                               @ Loc expr size
	.byte	49                              @ DW_OP_lit1
	.byte	159                             @ DW_OP_stack_value
	.long	.Ltmp39-.Lfunc_begin0
	.long	.Lfunc_end5-.Lfunc_begin0
	.short	1                               @ Loc expr size
	.byte	80                              @ DW_OP_reg0
	.long	0
	.long	0
.Ldebug_loc11:
	.long	.Lfunc_begin6-.Lfunc_begin0
	.long	.Ltmp48-.Lfunc_begin0
	.short	1                               @ Loc expr size
	.byte	80                              @ DW_OP_reg0
	.long	.Ltmp48-.Lfunc_begin0
	.long	.Lfunc_end6-.Lfunc_begin0
	.short	4                               @ Loc expr size
	.byte	243                             @ DW_OP_GNU_entry_value
	.byte	1                               @ 1
	.byte	80                              @ DW_OP_reg0
	.byte	159                             @ DW_OP_stack_value
	.long	0
	.long	0
.Ldebug_loc12:
	.long	.Ltmp46-.Lfunc_begin0
	.long	.Ltmp58-.Lfunc_begin0
	.short	2                               @ Loc expr size
	.byte	57                              @ DW_OP_lit9
	.byte	159                             @ DW_OP_stack_value
	.long	.Ltmp58-.Lfunc_begin0
	.long	.Ltmp59-.Lfunc_begin0
	.short	1                               @ Loc expr size
	.byte	80                              @ DW_OP_reg0
	.long	0
	.long	0
.Ldebug_loc13:
	.long	.Ltmp49-.Lfunc_begin0
	.long	.Lfunc_end6-.Lfunc_begin0
	.short	1                               @ Loc expr size
	.byte	83                              @ DW_OP_reg3
	.long	0
	.long	0
.Ldebug_loc14:
	.long	.Lfunc_begin7-.Lfunc_begin0
	.long	.Ltmp63-.Lfunc_begin0
	.short	1                               @ Loc expr size
	.byte	80                              @ DW_OP_reg0
	.long	.Ltmp63-.Lfunc_begin0
	.long	.Lfunc_end7-.Lfunc_begin0
	.short	4                               @ Loc expr size
	.byte	243                             @ DW_OP_GNU_entry_value
	.byte	1                               @ 1
	.byte	80                              @ DW_OP_reg0
	.byte	159                             @ DW_OP_stack_value
	.long	0
	.long	0
.Ldebug_loc15:
	.long	.Ltmp61-.Lfunc_begin0
	.long	.Ltmp65-.Lfunc_begin0
	.short	2                               @ Loc expr size
	.byte	48                              @ DW_OP_lit0
	.byte	159                             @ DW_OP_stack_value
	.long	.Ltmp65-.Lfunc_begin0
	.long	.Ltmp76-.Lfunc_begin0
	.short	1                               @ Loc expr size
	.byte	84                              @ DW_OP_reg4
	.long	0
	.long	0
.Ldebug_loc16:
	.long	.Ltmp64-.Lfunc_begin0
	.long	.Ltmp71-.Lfunc_begin0
	.short	1                               @ Loc expr size
	.byte	82                              @ DW_OP_reg2
	.long	.Ltmp73-.Lfunc_begin0
	.long	.Ltmp74-.Lfunc_begin0
	.short	1                               @ Loc expr size
	.byte	80                              @ DW_OP_reg0
	.long	0
	.long	0
.Ldebug_loc17:
	.long	.Lfunc_begin8-.Lfunc_begin0
	.long	.Ltmp78-.Lfunc_begin0
	.short	1                               @ Loc expr size
	.byte	80                              @ DW_OP_reg0
	.long	.Ltmp78-.Lfunc_begin0
	.long	.Ltmp79-.Lfunc_begin0
	.short	4                               @ Loc expr size
	.byte	243                             @ DW_OP_GNU_entry_value
	.byte	1                               @ 1
	.byte	80                              @ DW_OP_reg0
	.byte	159                             @ DW_OP_stack_value
	.long	.Ltmp79-.Lfunc_begin0
	.long	.Ltmp85-.Lfunc_begin0
	.short	1                               @ Loc expr size
	.byte	80                              @ DW_OP_reg0
	.long	.Ltmp86-.Lfunc_begin0
	.long	.Ltmp88-.Lfunc_begin0
	.short	1                               @ Loc expr size
	.byte	80                              @ DW_OP_reg0
	.long	0
	.long	0
.Ldebug_loc18:
	.long	.Lfunc_begin8-.Lfunc_begin0
	.long	.Ltmp89-.Lfunc_begin0
	.short	2                               @ Loc expr size
	.byte	48                              @ DW_OP_lit0
	.byte	159                             @ DW_OP_stack_value
	.long	.Ltmp89-.Lfunc_begin0
	.long	.Ltmp90-.Lfunc_begin0
	.short	1                               @ Loc expr size
	.byte	80                              @ DW_OP_reg0
	.long	0
	.long	0
	.section	.debug_abbrev,"",%progbits
	.byte	1                               @ Abbreviation Code
	.byte	17                              @ DW_TAG_compile_unit
	.byte	1                               @ DW_CHILDREN_yes
	.byte	37                              @ DW_AT_producer
	.byte	14                              @ DW_FORM_strp
	.byte	19                              @ DW_AT_language
	.byte	5                               @ DW_FORM_data2
	.byte	3                               @ DW_AT_name
	.byte	14                              @ DW_FORM_strp
	.byte	16                              @ DW_AT_stmt_list
	.byte	23                              @ DW_FORM_sec_offset
	.byte	27                              @ DW_AT_comp_dir
	.byte	14                              @ DW_FORM_strp
	.byte	17                              @ DW_AT_low_pc
	.byte	1                               @ DW_FORM_addr
	.byte	18                              @ DW_AT_high_pc
	.byte	6                               @ DW_FORM_data4
	.byte	0                               @ EOM(1)
	.byte	0                               @ EOM(2)
	.byte	2                               @ Abbreviation Code
	.byte	52                              @ DW_TAG_variable
	.byte	0                               @ DW_CHILDREN_no
	.byte	3                               @ DW_AT_name
	.byte	14                              @ DW_FORM_strp
	.byte	73                              @ DW_AT_type
	.byte	19                              @ DW_FORM_ref4
	.byte	63                              @ DW_AT_external
	.byte	25                              @ DW_FORM_flag_present
	.byte	58                              @ DW_AT_decl_file
	.byte	11                              @ DW_FORM_data1
	.byte	59                              @ DW_AT_decl_line
	.byte	11                              @ DW_FORM_data1
	.byte	2                               @ DW_AT_location
	.byte	24                              @ DW_FORM_exprloc
	.byte	0                               @ EOM(1)
	.byte	0                               @ EOM(2)
	.byte	3                               @ Abbreviation Code
	.byte	1                               @ DW_TAG_array_type
	.byte	1                               @ DW_CHILDREN_yes
	.byte	73                              @ DW_AT_type
	.byte	19                              @ DW_FORM_ref4
	.byte	0                               @ EOM(1)
	.byte	0                               @ EOM(2)
	.byte	4                               @ Abbreviation Code
	.byte	33                              @ DW_TAG_subrange_type
	.byte	0                               @ DW_CHILDREN_no
	.byte	73                              @ DW_AT_type
	.byte	19                              @ DW_FORM_ref4
	.byte	55                              @ DW_AT_count
	.byte	11                              @ DW_FORM_data1
	.byte	0                               @ EOM(1)
	.byte	0                               @ EOM(2)
	.byte	5                               @ Abbreviation Code
	.byte	38                              @ DW_TAG_const_type
	.byte	0                               @ DW_CHILDREN_no
	.byte	73                              @ DW_AT_type
	.byte	19                              @ DW_FORM_ref4
	.byte	0                               @ EOM(1)
	.byte	0                               @ EOM(2)
	.byte	6                               @ Abbreviation Code
	.byte	19                              @ DW_TAG_structure_type
	.byte	1                               @ DW_CHILDREN_yes
	.byte	3                               @ DW_AT_name
	.byte	14                              @ DW_FORM_strp
	.byte	11                              @ DW_AT_byte_size
	.byte	11                              @ DW_FORM_data1
	.byte	58                              @ DW_AT_decl_file
	.byte	11                              @ DW_FORM_data1
	.byte	59                              @ DW_AT_decl_line
	.byte	5                               @ DW_FORM_data2
	.byte	0                               @ EOM(1)
	.byte	0                               @ EOM(2)
	.byte	7                               @ Abbreviation Code
	.byte	13                              @ DW_TAG_member
	.byte	0                               @ DW_CHILDREN_no
	.byte	3                               @ DW_AT_name
	.byte	14                              @ DW_FORM_strp
	.byte	73                              @ DW_AT_type
	.byte	19                              @ DW_FORM_ref4
	.byte	58                              @ DW_AT_decl_file
	.byte	11                              @ DW_FORM_data1
	.byte	59                              @ DW_AT_decl_line
	.byte	5                               @ DW_FORM_data2
	.byte	56                              @ DW_AT_data_member_location
	.byte	11                              @ DW_FORM_data1
	.byte	0                               @ EOM(1)
	.byte	0                               @ EOM(2)
	.byte	8                               @ Abbreviation Code
	.byte	22                              @ DW_TAG_typedef
	.byte	0                               @ DW_CHILDREN_no
	.byte	73                              @ DW_AT_type
	.byte	19                              @ DW_FORM_ref4
	.byte	3                               @ DW_AT_name
	.byte	14                              @ DW_FORM_strp
	.byte	58                              @ DW_AT_decl_file
	.byte	11                              @ DW_FORM_data1
	.byte	59                              @ DW_AT_decl_line
	.byte	11                              @ DW_FORM_data1
	.byte	0                               @ EOM(1)
	.byte	0                               @ EOM(2)
	.byte	9                               @ Abbreviation Code
	.byte	36                              @ DW_TAG_base_type
	.byte	0                               @ DW_CHILDREN_no
	.byte	3                               @ DW_AT_name
	.byte	14                              @ DW_FORM_strp
	.byte	62                              @ DW_AT_encoding
	.byte	11                              @ DW_FORM_data1
	.byte	11                              @ DW_AT_byte_size
	.byte	11                              @ DW_FORM_data1
	.byte	0                               @ EOM(1)
	.byte	0                               @ EOM(2)
	.byte	10                              @ Abbreviation Code
	.byte	22                              @ DW_TAG_typedef
	.byte	0                               @ DW_CHILDREN_no
	.byte	73                              @ DW_AT_type
	.byte	19                              @ DW_FORM_ref4
	.byte	3                               @ DW_AT_name
	.byte	14                              @ DW_FORM_strp
	.byte	58                              @ DW_AT_decl_file
	.byte	11                              @ DW_FORM_data1
	.byte	59                              @ DW_AT_decl_line
	.byte	5                               @ DW_FORM_data2
	.byte	0                               @ EOM(1)
	.byte	0                               @ EOM(2)
	.byte	11                              @ Abbreviation Code
	.byte	36                              @ DW_TAG_base_type
	.byte	0                               @ DW_CHILDREN_no
	.byte	3                               @ DW_AT_name
	.byte	14                              @ DW_FORM_strp
	.byte	11                              @ DW_AT_byte_size
	.byte	11                              @ DW_FORM_data1
	.byte	62                              @ DW_AT_encoding
	.byte	11                              @ DW_FORM_data1
	.byte	0                               @ EOM(1)
	.byte	0                               @ EOM(2)
	.byte	12                              @ Abbreviation Code
	.byte	19                              @ DW_TAG_structure_type
	.byte	1                               @ DW_CHILDREN_yes
	.byte	3                               @ DW_AT_name
	.byte	14                              @ DW_FORM_strp
	.byte	11                              @ DW_AT_byte_size
	.byte	11                              @ DW_FORM_data1
	.byte	58                              @ DW_AT_decl_file
	.byte	11                              @ DW_FORM_data1
	.byte	59                              @ DW_AT_decl_line
	.byte	11                              @ DW_FORM_data1
	.byte	0                               @ EOM(1)
	.byte	0                               @ EOM(2)
	.byte	13                              @ Abbreviation Code
	.byte	13                              @ DW_TAG_member
	.byte	0                               @ DW_CHILDREN_no
	.byte	3                               @ DW_AT_name
	.byte	14                              @ DW_FORM_strp
	.byte	73                              @ DW_AT_type
	.byte	19                              @ DW_FORM_ref4
	.byte	58                              @ DW_AT_decl_file
	.byte	11                              @ DW_FORM_data1
	.byte	59                              @ DW_AT_decl_line
	.byte	11                              @ DW_FORM_data1
	.byte	56                              @ DW_AT_data_member_location
	.byte	11                              @ DW_FORM_data1
	.byte	0                               @ EOM(1)
	.byte	0                               @ EOM(2)
	.byte	14                              @ Abbreviation Code
	.byte	15                              @ DW_TAG_pointer_type
	.byte	0                               @ DW_CHILDREN_no
	.byte	73                              @ DW_AT_type
	.byte	19                              @ DW_FORM_ref4
	.byte	0                               @ EOM(1)
	.byte	0                               @ EOM(2)
	.byte	15                              @ Abbreviation Code
	.byte	21                              @ DW_TAG_subroutine_type
	.byte	1                               @ DW_CHILDREN_yes
	.byte	73                              @ DW_AT_type
	.byte	19                              @ DW_FORM_ref4
	.byte	39                              @ DW_AT_prototyped
	.byte	25                              @ DW_FORM_flag_present
	.byte	0                               @ EOM(1)
	.byte	0                               @ EOM(2)
	.byte	16                              @ Abbreviation Code
	.byte	5                               @ DW_TAG_formal_parameter
	.byte	0                               @ DW_CHILDREN_no
	.byte	73                              @ DW_AT_type
	.byte	19                              @ DW_FORM_ref4
	.byte	0                               @ EOM(1)
	.byte	0                               @ EOM(2)
	.byte	17                              @ Abbreviation Code
	.byte	38                              @ DW_TAG_const_type
	.byte	0                               @ DW_CHILDREN_no
	.byte	0                               @ EOM(1)
	.byte	0                               @ EOM(2)
	.byte	18                              @ Abbreviation Code
	.byte	15                              @ DW_TAG_pointer_type
	.byte	0                               @ DW_CHILDREN_no
	.byte	0                               @ EOM(1)
	.byte	0                               @ EOM(2)
	.byte	19                              @ Abbreviation Code
	.byte	21                              @ DW_TAG_subroutine_type
	.byte	1                               @ DW_CHILDREN_yes
	.byte	39                              @ DW_AT_prototyped
	.byte	25                              @ DW_FORM_flag_present
	.byte	0                               @ EOM(1)
	.byte	0                               @ EOM(2)
	.byte	20                              @ Abbreviation Code
	.byte	4                               @ DW_TAG_enumeration_type
	.byte	1                               @ DW_CHILDREN_yes
	.byte	73                              @ DW_AT_type
	.byte	19                              @ DW_FORM_ref4
	.byte	3                               @ DW_AT_name
	.byte	14                              @ DW_FORM_strp
	.byte	11                              @ DW_AT_byte_size
	.byte	11                              @ DW_FORM_data1
	.byte	58                              @ DW_AT_decl_file
	.byte	11                              @ DW_FORM_data1
	.byte	59                              @ DW_AT_decl_line
	.byte	11                              @ DW_FORM_data1
	.byte	0                               @ EOM(1)
	.byte	0                               @ EOM(2)
	.byte	21                              @ Abbreviation Code
	.byte	40                              @ DW_TAG_enumerator
	.byte	0                               @ DW_CHILDREN_no
	.byte	3                               @ DW_AT_name
	.byte	14                              @ DW_FORM_strp
	.byte	28                              @ DW_AT_const_value
	.byte	15                              @ DW_FORM_udata
	.byte	0                               @ EOM(1)
	.byte	0                               @ EOM(2)
	.byte	22                              @ Abbreviation Code
	.byte	4                               @ DW_TAG_enumeration_type
	.byte	1                               @ DW_CHILDREN_yes
	.byte	73                              @ DW_AT_type
	.byte	19                              @ DW_FORM_ref4
	.byte	11                              @ DW_AT_byte_size
	.byte	11                              @ DW_FORM_data1
	.byte	58                              @ DW_AT_decl_file
	.byte	11                              @ DW_FORM_data1
	.byte	59                              @ DW_AT_decl_line
	.byte	11                              @ DW_FORM_data1
	.byte	0                               @ EOM(1)
	.byte	0                               @ EOM(2)
	.byte	23                              @ Abbreviation Code
	.byte	4                               @ DW_TAG_enumeration_type
	.byte	1                               @ DW_CHILDREN_yes
	.byte	73                              @ DW_AT_type
	.byte	19                              @ DW_FORM_ref4
	.byte	11                              @ DW_AT_byte_size
	.byte	11                              @ DW_FORM_data1
	.byte	58                              @ DW_AT_decl_file
	.byte	11                              @ DW_FORM_data1
	.byte	59                              @ DW_AT_decl_line
	.byte	5                               @ DW_FORM_data2
	.byte	0                               @ EOM(1)
	.byte	0                               @ EOM(2)
	.byte	24                              @ Abbreviation Code
	.byte	4                               @ DW_TAG_enumeration_type
	.byte	1                               @ DW_CHILDREN_yes
	.byte	73                              @ DW_AT_type
	.byte	19                              @ DW_FORM_ref4
	.byte	3                               @ DW_AT_name
	.byte	14                              @ DW_FORM_strp
	.byte	11                              @ DW_AT_byte_size
	.byte	11                              @ DW_FORM_data1
	.byte	58                              @ DW_AT_decl_file
	.byte	11                              @ DW_FORM_data1
	.byte	59                              @ DW_AT_decl_line
	.byte	5                               @ DW_FORM_data2
	.byte	0                               @ EOM(1)
	.byte	0                               @ EOM(2)
	.byte	25                              @ Abbreviation Code
	.byte	46                              @ DW_TAG_subprogram
	.byte	1                               @ DW_CHILDREN_yes
	.byte	17                              @ DW_AT_low_pc
	.byte	1                               @ DW_FORM_addr
	.byte	18                              @ DW_AT_high_pc
	.byte	6                               @ DW_FORM_data4
	.byte	64                              @ DW_AT_frame_base
	.byte	24                              @ DW_FORM_exprloc
	.ascii	"\227B"                         @ DW_AT_GNU_all_call_sites
	.byte	25                              @ DW_FORM_flag_present
	.byte	3                               @ DW_AT_name
	.byte	14                              @ DW_FORM_strp
	.byte	58                              @ DW_AT_decl_file
	.byte	11                              @ DW_FORM_data1
	.byte	59                              @ DW_AT_decl_line
	.byte	11                              @ DW_FORM_data1
	.byte	39                              @ DW_AT_prototyped
	.byte	25                              @ DW_FORM_flag_present
	.byte	73                              @ DW_AT_type
	.byte	19                              @ DW_FORM_ref4
	.byte	0                               @ EOM(1)
	.byte	0                               @ EOM(2)
	.byte	26                              @ Abbreviation Code
	.byte	5                               @ DW_TAG_formal_parameter
	.byte	0                               @ DW_CHILDREN_no
	.byte	2                               @ DW_AT_location
	.byte	23                              @ DW_FORM_sec_offset
	.byte	3                               @ DW_AT_name
	.byte	14                              @ DW_FORM_strp
	.byte	58                              @ DW_AT_decl_file
	.byte	11                              @ DW_FORM_data1
	.byte	59                              @ DW_AT_decl_line
	.byte	11                              @ DW_FORM_data1
	.byte	73                              @ DW_AT_type
	.byte	19                              @ DW_FORM_ref4
	.byte	0                               @ EOM(1)
	.byte	0                               @ EOM(2)
	.byte	27                              @ Abbreviation Code
	.byte	5                               @ DW_TAG_formal_parameter
	.byte	0                               @ DW_CHILDREN_no
	.byte	2                               @ DW_AT_location
	.byte	24                              @ DW_FORM_exprloc
	.byte	3                               @ DW_AT_name
	.byte	14                              @ DW_FORM_strp
	.byte	58                              @ DW_AT_decl_file
	.byte	11                              @ DW_FORM_data1
	.byte	59                              @ DW_AT_decl_line
	.byte	11                              @ DW_FORM_data1
	.byte	73                              @ DW_AT_type
	.byte	19                              @ DW_FORM_ref4
	.byte	0                               @ EOM(1)
	.byte	0                               @ EOM(2)
	.byte	28                              @ Abbreviation Code
	.byte	52                              @ DW_TAG_variable
	.byte	0                               @ DW_CHILDREN_no
	.byte	2                               @ DW_AT_location
	.byte	24                              @ DW_FORM_exprloc
	.byte	3                               @ DW_AT_name
	.byte	14                              @ DW_FORM_strp
	.byte	58                              @ DW_AT_decl_file
	.byte	11                              @ DW_FORM_data1
	.byte	59                              @ DW_AT_decl_line
	.byte	11                              @ DW_FORM_data1
	.byte	73                              @ DW_AT_type
	.byte	19                              @ DW_FORM_ref4
	.byte	0                               @ EOM(1)
	.byte	0                               @ EOM(2)
	.byte	29                              @ Abbreviation Code
	.byte	52                              @ DW_TAG_variable
	.byte	0                               @ DW_CHILDREN_no
	.byte	2                               @ DW_AT_location
	.byte	23                              @ DW_FORM_sec_offset
	.byte	3                               @ DW_AT_name
	.byte	14                              @ DW_FORM_strp
	.byte	58                              @ DW_AT_decl_file
	.byte	11                              @ DW_FORM_data1
	.byte	59                              @ DW_AT_decl_line
	.byte	11                              @ DW_FORM_data1
	.byte	73                              @ DW_AT_type
	.byte	19                              @ DW_FORM_ref4
	.byte	0                               @ EOM(1)
	.byte	0                               @ EOM(2)
	.byte	30                              @ Abbreviation Code
	.byte	11                              @ DW_TAG_lexical_block
	.byte	1                               @ DW_CHILDREN_yes
	.byte	17                              @ DW_AT_low_pc
	.byte	1                               @ DW_FORM_addr
	.byte	18                              @ DW_AT_high_pc
	.byte	6                               @ DW_FORM_data4
	.byte	0                               @ EOM(1)
	.byte	0                               @ EOM(2)
	.byte	31                              @ Abbreviation Code
	.byte	46                              @ DW_TAG_subprogram
	.byte	1                               @ DW_CHILDREN_yes
	.byte	3                               @ DW_AT_name
	.byte	14                              @ DW_FORM_strp
	.byte	58                              @ DW_AT_decl_file
	.byte	11                              @ DW_FORM_data1
	.byte	59                              @ DW_AT_decl_line
	.byte	11                              @ DW_FORM_data1
	.byte	39                              @ DW_AT_prototyped
	.byte	25                              @ DW_FORM_flag_present
	.byte	73                              @ DW_AT_type
	.byte	19                              @ DW_FORM_ref4
	.byte	32                              @ DW_AT_inline
	.byte	11                              @ DW_FORM_data1
	.byte	0                               @ EOM(1)
	.byte	0                               @ EOM(2)
	.byte	32                              @ Abbreviation Code
	.byte	5                               @ DW_TAG_formal_parameter
	.byte	0                               @ DW_CHILDREN_no
	.byte	3                               @ DW_AT_name
	.byte	14                              @ DW_FORM_strp
	.byte	58                              @ DW_AT_decl_file
	.byte	11                              @ DW_FORM_data1
	.byte	59                              @ DW_AT_decl_line
	.byte	11                              @ DW_FORM_data1
	.byte	73                              @ DW_AT_type
	.byte	19                              @ DW_FORM_ref4
	.byte	0                               @ EOM(1)
	.byte	0                               @ EOM(2)
	.byte	33                              @ Abbreviation Code
	.byte	52                              @ DW_TAG_variable
	.byte	0                               @ DW_CHILDREN_no
	.byte	3                               @ DW_AT_name
	.byte	14                              @ DW_FORM_strp
	.byte	58                              @ DW_AT_decl_file
	.byte	11                              @ DW_FORM_data1
	.byte	59                              @ DW_AT_decl_line
	.byte	11                              @ DW_FORM_data1
	.byte	73                              @ DW_AT_type
	.byte	19                              @ DW_FORM_ref4
	.byte	0                               @ EOM(1)
	.byte	0                               @ EOM(2)
	.byte	34                              @ Abbreviation Code
	.byte	46                              @ DW_TAG_subprogram
	.byte	1                               @ DW_CHILDREN_yes
	.byte	17                              @ DW_AT_low_pc
	.byte	1                               @ DW_FORM_addr
	.byte	18                              @ DW_AT_high_pc
	.byte	6                               @ DW_FORM_data4
	.byte	64                              @ DW_AT_frame_base
	.byte	24                              @ DW_FORM_exprloc
	.ascii	"\227B"                         @ DW_AT_GNU_all_call_sites
	.byte	25                              @ DW_FORM_flag_present
	.byte	3                               @ DW_AT_name
	.byte	14                              @ DW_FORM_strp
	.byte	58                              @ DW_AT_decl_file
	.byte	11                              @ DW_FORM_data1
	.byte	59                              @ DW_AT_decl_line
	.byte	11                              @ DW_FORM_data1
	.byte	39                              @ DW_AT_prototyped
	.byte	25                              @ DW_FORM_flag_present
	.byte	0                               @ EOM(1)
	.byte	0                               @ EOM(2)
	.byte	35                              @ Abbreviation Code
	.byte	29                              @ DW_TAG_inlined_subroutine
	.byte	1                               @ DW_CHILDREN_yes
	.byte	49                              @ DW_AT_abstract_origin
	.byte	19                              @ DW_FORM_ref4
	.byte	17                              @ DW_AT_low_pc
	.byte	1                               @ DW_FORM_addr
	.byte	18                              @ DW_AT_high_pc
	.byte	6                               @ DW_FORM_data4
	.byte	88                              @ DW_AT_call_file
	.byte	11                              @ DW_FORM_data1
	.byte	89                              @ DW_AT_call_line
	.byte	11                              @ DW_FORM_data1
	.byte	87                              @ DW_AT_call_column
	.byte	11                              @ DW_FORM_data1
	.byte	0                               @ EOM(1)
	.byte	0                               @ EOM(2)
	.byte	36                              @ Abbreviation Code
	.byte	5                               @ DW_TAG_formal_parameter
	.byte	0                               @ DW_CHILDREN_no
	.byte	2                               @ DW_AT_location
	.byte	24                              @ DW_FORM_exprloc
	.byte	49                              @ DW_AT_abstract_origin
	.byte	19                              @ DW_FORM_ref4
	.byte	0                               @ EOM(1)
	.byte	0                               @ EOM(2)
	.byte	37                              @ Abbreviation Code
	.byte	46                              @ DW_TAG_subprogram
	.byte	0                               @ DW_CHILDREN_no
	.byte	17                              @ DW_AT_low_pc
	.byte	1                               @ DW_FORM_addr
	.byte	18                              @ DW_AT_high_pc
	.byte	6                               @ DW_FORM_data4
	.byte	64                              @ DW_AT_frame_base
	.byte	24                              @ DW_FORM_exprloc
	.ascii	"\227B"                         @ DW_AT_GNU_all_call_sites
	.byte	25                              @ DW_FORM_flag_present
	.byte	3                               @ DW_AT_name
	.byte	14                              @ DW_FORM_strp
	.byte	58                              @ DW_AT_decl_file
	.byte	11                              @ DW_FORM_data1
	.byte	59                              @ DW_AT_decl_line
	.byte	5                               @ DW_FORM_data2
	.byte	39                              @ DW_AT_prototyped
	.byte	25                              @ DW_FORM_flag_present
	.byte	73                              @ DW_AT_type
	.byte	19                              @ DW_FORM_ref4
	.byte	63                              @ DW_AT_external
	.byte	25                              @ DW_FORM_flag_present
	.byte	0                               @ EOM(1)
	.byte	0                               @ EOM(2)
	.byte	38                              @ Abbreviation Code
	.byte	46                              @ DW_TAG_subprogram
	.byte	1                               @ DW_CHILDREN_yes
	.byte	17                              @ DW_AT_low_pc
	.byte	1                               @ DW_FORM_addr
	.byte	18                              @ DW_AT_high_pc
	.byte	6                               @ DW_FORM_data4
	.byte	64                              @ DW_AT_frame_base
	.byte	24                              @ DW_FORM_exprloc
	.ascii	"\227B"                         @ DW_AT_GNU_all_call_sites
	.byte	25                              @ DW_FORM_flag_present
	.byte	3                               @ DW_AT_name
	.byte	14                              @ DW_FORM_strp
	.byte	58                              @ DW_AT_decl_file
	.byte	11                              @ DW_FORM_data1
	.byte	59                              @ DW_AT_decl_line
	.byte	5                               @ DW_FORM_data2
	.byte	39                              @ DW_AT_prototyped
	.byte	25                              @ DW_FORM_flag_present
	.byte	73                              @ DW_AT_type
	.byte	19                              @ DW_FORM_ref4
	.byte	63                              @ DW_AT_external
	.byte	25                              @ DW_FORM_flag_present
	.byte	0                               @ EOM(1)
	.byte	0                               @ EOM(2)
	.byte	39                              @ Abbreviation Code
	.byte	5                               @ DW_TAG_formal_parameter
	.byte	0                               @ DW_CHILDREN_no
	.byte	2                               @ DW_AT_location
	.byte	23                              @ DW_FORM_sec_offset
	.byte	3                               @ DW_AT_name
	.byte	14                              @ DW_FORM_strp
	.byte	58                              @ DW_AT_decl_file
	.byte	11                              @ DW_FORM_data1
	.byte	59                              @ DW_AT_decl_line
	.byte	5                               @ DW_FORM_data2
	.byte	73                              @ DW_AT_type
	.byte	19                              @ DW_FORM_ref4
	.byte	0                               @ EOM(1)
	.byte	0                               @ EOM(2)
	.byte	40                              @ Abbreviation Code
	.byte	52                              @ DW_TAG_variable
	.byte	0                               @ DW_CHILDREN_no
	.byte	2                               @ DW_AT_location
	.byte	23                              @ DW_FORM_sec_offset
	.byte	3                               @ DW_AT_name
	.byte	14                              @ DW_FORM_strp
	.byte	58                              @ DW_AT_decl_file
	.byte	11                              @ DW_FORM_data1
	.byte	59                              @ DW_AT_decl_line
	.byte	5                               @ DW_FORM_data2
	.byte	73                              @ DW_AT_type
	.byte	19                              @ DW_FORM_ref4
	.byte	0                               @ EOM(1)
	.byte	0                               @ EOM(2)
	.byte	41                              @ Abbreviation Code
	.byte	52                              @ DW_TAG_variable
	.byte	0                               @ DW_CHILDREN_no
	.byte	2                               @ DW_AT_location
	.byte	24                              @ DW_FORM_exprloc
	.byte	3                               @ DW_AT_name
	.byte	14                              @ DW_FORM_strp
	.byte	58                              @ DW_AT_decl_file
	.byte	11                              @ DW_FORM_data1
	.byte	59                              @ DW_AT_decl_line
	.byte	5                               @ DW_FORM_data2
	.byte	73                              @ DW_AT_type
	.byte	19                              @ DW_FORM_ref4
	.byte	0                               @ EOM(1)
	.byte	0                               @ EOM(2)
	.byte	42                              @ Abbreviation Code
	.byte	5                               @ DW_TAG_formal_parameter
	.byte	0                               @ DW_CHILDREN_no
	.byte	2                               @ DW_AT_location
	.byte	24                              @ DW_FORM_exprloc
	.byte	3                               @ DW_AT_name
	.byte	14                              @ DW_FORM_strp
	.byte	58                              @ DW_AT_decl_file
	.byte	11                              @ DW_FORM_data1
	.byte	59                              @ DW_AT_decl_line
	.byte	5                               @ DW_FORM_data2
	.byte	73                              @ DW_AT_type
	.byte	19                              @ DW_FORM_ref4
	.byte	0                               @ EOM(1)
	.byte	0                               @ EOM(2)
	.byte	0                               @ EOM(3)
	.section	.debug_info,"",%progbits
.Lcu_begin0:
	.long	.Ldebug_info_end0-.Ldebug_info_start0 @ Length of Unit
.Ldebug_info_start0:
	.short	4                               @ DWARF version number
	.long	.debug_abbrev                   @ Offset Into Abbrev. Section
	.byte	4                               @ Address Size (in bytes)
	.byte	1                               @ Abbrev [1] 0xb:0x163a DW_TAG_compile_unit
	.long	.Linfo_string0                  @ DW_AT_producer
	.short	12                              @ DW_AT_language
	.long	.Linfo_string1                  @ DW_AT_name
	.long	.Lline_table_start0             @ DW_AT_stmt_list
	.long	.Linfo_string2                  @ DW_AT_comp_dir
	.long	.Lfunc_begin0                   @ DW_AT_low_pc
	.long	.Lfunc_end8-.Lfunc_begin0       @ DW_AT_high_pc
	.byte	2                               @ Abbrev [2] 0x26:0x11 DW_TAG_variable
	.long	.Linfo_string3                  @ DW_AT_name
	.long	55                              @ DW_AT_type
                                        @ DW_AT_external
	.byte	3                               @ DW_AT_decl_file
	.byte	65                              @ DW_AT_decl_line
	.byte	5                               @ DW_AT_location
	.byte	3
	.long	diss_att_db
	.byte	3                               @ Abbrev [3] 0x37:0xc DW_TAG_array_type
	.long	67                              @ DW_AT_type
	.byte	4                               @ Abbrev [4] 0x3c:0x6 DW_TAG_subrange_type
	.long	169                             @ DW_AT_type
	.byte	19                              @ DW_AT_count
	.byte	0                               @ End Of Children Mark
	.byte	5                               @ Abbrev [5] 0x43:0x5 DW_TAG_const_type
	.long	72                              @ DW_AT_type
	.byte	6                               @ Abbrev [6] 0x48:0x31 DW_TAG_structure_type
	.long	.Linfo_string12                 @ DW_AT_name
	.byte	12                              @ DW_AT_byte_size
	.byte	2                               @ DW_AT_decl_file
	.short	487                             @ DW_AT_decl_line
	.byte	7                               @ Abbrev [7] 0x51:0xd DW_TAG_member
	.long	.Linfo_string4                  @ DW_AT_name
	.long	121                             @ DW_AT_type
	.byte	2                               @ DW_AT_decl_file
	.short	490                             @ DW_AT_decl_line
	.byte	0                               @ DW_AT_data_member_location
	.byte	7                               @ Abbrev [7] 0x5e:0xd DW_TAG_member
	.long	.Linfo_string7                  @ DW_AT_name
	.long	139                             @ DW_AT_type
	.byte	2                               @ DW_AT_decl_file
	.short	492                             @ DW_AT_decl_line
	.byte	4                               @ DW_AT_data_member_location
	.byte	7                               @ Abbrev [7] 0x6b:0xd DW_TAG_member
	.long	.Linfo_string11                 @ DW_AT_name
	.long	121                             @ DW_AT_type
	.byte	2                               @ DW_AT_decl_file
	.short	496                             @ DW_AT_decl_line
	.byte	8                               @ DW_AT_data_member_location
	.byte	0                               @ End Of Children Mark
	.byte	8                               @ Abbrev [8] 0x79:0xb DW_TAG_typedef
	.long	132                             @ DW_AT_type
	.long	.Linfo_string6                  @ DW_AT_name
	.byte	1                               @ DW_AT_decl_file
	.byte	63                              @ DW_AT_decl_line
	.byte	9                               @ Abbrev [9] 0x84:0x7 DW_TAG_base_type
	.long	.Linfo_string5                  @ DW_AT_name
	.byte	7                               @ DW_AT_encoding
	.byte	2                               @ DW_AT_byte_size
	.byte	10                              @ Abbrev [10] 0x8b:0xc DW_TAG_typedef
	.long	151                             @ DW_AT_type
	.long	.Linfo_string10                 @ DW_AT_name
	.byte	2                               @ DW_AT_decl_file
	.short	347                             @ DW_AT_decl_line
	.byte	8                               @ Abbrev [8] 0x97:0xb DW_TAG_typedef
	.long	162                             @ DW_AT_type
	.long	.Linfo_string9                  @ DW_AT_name
	.byte	1                               @ DW_AT_decl_file
	.byte	64                              @ DW_AT_decl_line
	.byte	9                               @ Abbrev [9] 0xa2:0x7 DW_TAG_base_type
	.long	.Linfo_string8                  @ DW_AT_name
	.byte	7                               @ DW_AT_encoding
	.byte	4                               @ DW_AT_byte_size
	.byte	11                              @ Abbrev [11] 0xa9:0x7 DW_TAG_base_type
	.long	.Linfo_string13                 @ DW_AT_name
	.byte	8                               @ DW_AT_byte_size
	.byte	7                               @ DW_AT_encoding
	.byte	2                               @ Abbrev [2] 0xb0:0x11 DW_TAG_variable
	.long	.Linfo_string14                 @ DW_AT_name
	.long	193                             @ DW_AT_type
                                        @ DW_AT_external
	.byte	3                               @ DW_AT_decl_file
	.byte	245                             @ DW_AT_decl_line
	.byte	5                               @ DW_AT_location
	.byte	3
	.long	diss_itf
	.byte	5                               @ Abbrev [5] 0xc1:0x5 DW_TAG_const_type
	.long	198                             @ DW_AT_type
	.byte	12                              @ Abbrev [12] 0xc6:0x39 DW_TAG_structure_type
	.long	.Linfo_string50                 @ DW_AT_name
	.byte	16                              @ DW_AT_byte_size
	.byte	6                               @ DW_AT_decl_file
	.byte	163                             @ DW_AT_decl_line
	.byte	13                              @ Abbrev [13] 0xce:0xc DW_TAG_member
	.long	.Linfo_string15                 @ DW_AT_name
	.long	255                             @ DW_AT_type
	.byte	6                               @ DW_AT_decl_file
	.byte	166                             @ DW_AT_decl_line
	.byte	0                               @ DW_AT_data_member_location
	.byte	13                              @ Abbrev [13] 0xda:0xc DW_TAG_member
	.long	.Linfo_string44                 @ DW_AT_name
	.long	695                             @ DW_AT_type
	.byte	6                               @ DW_AT_decl_file
	.byte	168                             @ DW_AT_decl_line
	.byte	4                               @ DW_AT_data_member_location
	.byte	13                              @ Abbrev [13] 0xe6:0xc DW_TAG_member
	.long	.Linfo_string46                 @ DW_AT_name
	.long	718                             @ DW_AT_type
	.byte	6                               @ DW_AT_decl_file
	.byte	170                             @ DW_AT_decl_line
	.byte	8                               @ DW_AT_data_member_location
	.byte	13                              @ Abbrev [13] 0xf2:0xc DW_TAG_member
	.long	.Linfo_string48                 @ DW_AT_name
	.long	746                             @ DW_AT_type
	.byte	6                               @ DW_AT_decl_file
	.byte	172                             @ DW_AT_decl_line
	.byte	12                              @ DW_AT_data_member_location
	.byte	0                               @ End Of Children Mark
	.byte	8                               @ Abbrev [8] 0xff:0xb DW_TAG_typedef
	.long	266                             @ DW_AT_type
	.long	.Linfo_string43                 @ DW_AT_name
	.byte	6                               @ DW_AT_decl_file
	.byte	128                             @ DW_AT_decl_line
	.byte	14                              @ Abbrev [14] 0x10a:0x5 DW_TAG_pointer_type
	.long	271                             @ DW_AT_type
	.byte	15                              @ Abbrev [15] 0x10f:0x1f DW_TAG_subroutine_type
	.long	302                             @ DW_AT_type
                                        @ DW_AT_prototyped
	.byte	16                              @ Abbrev [16] 0x114:0x5 DW_TAG_formal_parameter
	.long	320                             @ DW_AT_type
	.byte	16                              @ Abbrev [16] 0x119:0x5 DW_TAG_formal_parameter
	.long	689                             @ DW_AT_type
	.byte	16                              @ Abbrev [16] 0x11e:0x5 DW_TAG_formal_parameter
	.long	121                             @ DW_AT_type
	.byte	16                              @ Abbrev [16] 0x123:0x5 DW_TAG_formal_parameter
	.long	302                             @ DW_AT_type
	.byte	16                              @ Abbrev [16] 0x128:0x5 DW_TAG_formal_parameter
	.long	694                             @ DW_AT_type
	.byte	0                               @ End Of Children Mark
	.byte	8                               @ Abbrev [8] 0x12e:0xb DW_TAG_typedef
	.long	313                             @ DW_AT_type
	.long	.Linfo_string17                 @ DW_AT_name
	.byte	1                               @ DW_AT_decl_file
	.byte	62                              @ DW_AT_decl_line
	.byte	9                               @ Abbrev [9] 0x139:0x7 DW_TAG_base_type
	.long	.Linfo_string16                 @ DW_AT_name
	.byte	8                               @ DW_AT_encoding
	.byte	1                               @ DW_AT_byte_size
	.byte	14                              @ Abbrev [14] 0x140:0x5 DW_TAG_pointer_type
	.long	325                             @ DW_AT_type
	.byte	12                              @ Abbrev [12] 0x145:0x39 DW_TAG_structure_type
	.long	.Linfo_string42                 @ DW_AT_name
	.byte	24                              @ DW_AT_byte_size
	.byte	6                               @ DW_AT_decl_file
	.byte	96                              @ DW_AT_decl_line
	.byte	13                              @ Abbrev [13] 0x14d:0xc DW_TAG_member
	.long	.Linfo_string18                 @ DW_AT_name
	.long	382                             @ DW_AT_type
	.byte	6                               @ DW_AT_decl_file
	.byte	99                              @ DW_AT_decl_line
	.byte	0                               @ DW_AT_data_member_location
	.byte	13                              @ Abbrev [13] 0x159:0xc DW_TAG_member
	.long	.Linfo_string36                 @ DW_AT_name
	.long	640                             @ DW_AT_type
	.byte	6                               @ DW_AT_decl_file
	.byte	101                             @ DW_AT_decl_line
	.byte	16                              @ DW_AT_data_member_location
	.byte	13                              @ Abbrev [13] 0x165:0xc DW_TAG_member
	.long	.Linfo_string41                 @ DW_AT_name
	.long	613                             @ DW_AT_type
	.byte	6                               @ DW_AT_decl_file
	.byte	103                             @ DW_AT_decl_line
	.byte	20                              @ DW_AT_data_member_location
	.byte	13                              @ Abbrev [13] 0x171:0xc DW_TAG_member
	.long	.Linfo_string21                 @ DW_AT_name
	.long	613                             @ DW_AT_type
	.byte	6                               @ DW_AT_decl_file
	.byte	105                             @ DW_AT_decl_line
	.byte	22                              @ DW_AT_data_member_location
	.byte	0                               @ End Of Children Mark
	.byte	12                              @ Abbrev [12] 0x17e:0x45 DW_TAG_structure_type
	.long	.Linfo_string35                 @ DW_AT_name
	.byte	16                              @ DW_AT_byte_size
	.byte	5                               @ DW_AT_decl_file
	.byte	111                             @ DW_AT_decl_line
	.byte	13                              @ Abbrev [13] 0x186:0xc DW_TAG_member
	.long	.Linfo_string19                 @ DW_AT_name
	.long	451                             @ DW_AT_type
	.byte	5                               @ DW_AT_decl_file
	.byte	114                             @ DW_AT_decl_line
	.byte	0                               @ DW_AT_data_member_location
	.byte	13                              @ Abbrev [13] 0x192:0xc DW_TAG_member
	.long	.Linfo_string30                 @ DW_AT_name
	.long	451                             @ DW_AT_type
	.byte	5                               @ DW_AT_decl_file
	.byte	116                             @ DW_AT_decl_line
	.byte	4                               @ DW_AT_data_member_location
	.byte	13                              @ Abbrev [13] 0x19e:0xc DW_TAG_member
	.long	.Linfo_string31                 @ DW_AT_name
	.long	624                             @ DW_AT_type
	.byte	5                               @ DW_AT_decl_file
	.byte	118                             @ DW_AT_decl_line
	.byte	8                               @ DW_AT_data_member_location
	.byte	13                              @ Abbrev [13] 0x1aa:0xc DW_TAG_member
	.long	.Linfo_string33                 @ DW_AT_name
	.long	121                             @ DW_AT_type
	.byte	5                               @ DW_AT_decl_file
	.byte	120                             @ DW_AT_decl_line
	.byte	12                              @ DW_AT_data_member_location
	.byte	13                              @ Abbrev [13] 0x1b6:0xc DW_TAG_member
	.long	.Linfo_string34                 @ DW_AT_name
	.long	121                             @ DW_AT_type
	.byte	5                               @ DW_AT_decl_file
	.byte	122                             @ DW_AT_decl_line
	.byte	14                              @ DW_AT_data_member_location
	.byte	0                               @ End Of Children Mark
	.byte	14                              @ Abbrev [14] 0x1c3:0x5 DW_TAG_pointer_type
	.long	456                             @ DW_AT_type
	.byte	5                               @ Abbrev [5] 0x1c8:0x5 DW_TAG_const_type
	.long	461                             @ DW_AT_type
	.byte	12                              @ Abbrev [12] 0x1cd:0x21 DW_TAG_structure_type
	.long	.Linfo_string29                 @ DW_AT_name
	.byte	8                               @ DW_AT_byte_size
	.byte	5                               @ DW_AT_decl_file
	.byte	96                              @ DW_AT_decl_line
	.byte	13                              @ Abbrev [13] 0x1d5:0xc DW_TAG_member
	.long	.Linfo_string20                 @ DW_AT_name
	.long	494                             @ DW_AT_type
	.byte	5                               @ DW_AT_decl_file
	.byte	99                              @ DW_AT_decl_line
	.byte	0                               @ DW_AT_data_member_location
	.byte	13                              @ Abbrev [13] 0x1e1:0xc DW_TAG_member
	.long	.Linfo_string28                 @ DW_AT_name
	.long	121                             @ DW_AT_type
	.byte	5                               @ DW_AT_decl_file
	.byte	101                             @ DW_AT_decl_line
	.byte	4                               @ DW_AT_data_member_location
	.byte	0                               @ End Of Children Mark
	.byte	14                              @ Abbrev [14] 0x1ee:0x5 DW_TAG_pointer_type
	.long	499                             @ DW_AT_type
	.byte	5                               @ Abbrev [5] 0x1f3:0x5 DW_TAG_const_type
	.long	504                             @ DW_AT_type
	.byte	12                              @ Abbrev [12] 0x1f8:0x21 DW_TAG_structure_type
	.long	.Linfo_string27                 @ DW_AT_name
	.byte	8                               @ DW_AT_byte_size
	.byte	5                               @ DW_AT_decl_file
	.byte	87                              @ DW_AT_decl_line
	.byte	13                              @ Abbrev [13] 0x200:0xc DW_TAG_member
	.long	.Linfo_string21                 @ DW_AT_name
	.long	537                             @ DW_AT_type
	.byte	5                               @ DW_AT_decl_file
	.byte	90                              @ DW_AT_decl_line
	.byte	0                               @ DW_AT_data_member_location
	.byte	13                              @ Abbrev [13] 0x20c:0xc DW_TAG_member
	.long	.Linfo_string23                 @ DW_AT_name
	.long	548                             @ DW_AT_type
	.byte	5                               @ DW_AT_decl_file
	.byte	92                              @ DW_AT_decl_line
	.byte	4                               @ DW_AT_data_member_location
	.byte	0                               @ End Of Children Mark
	.byte	8                               @ Abbrev [8] 0x219:0xb DW_TAG_typedef
	.long	121                             @ DW_AT_type
	.long	.Linfo_string22                 @ DW_AT_name
	.byte	4                               @ DW_AT_decl_file
	.byte	78                              @ DW_AT_decl_line
	.byte	8                               @ Abbrev [8] 0x224:0xb DW_TAG_typedef
	.long	559                             @ DW_AT_type
	.long	.Linfo_string26                 @ DW_AT_name
	.byte	5                               @ DW_AT_decl_file
	.byte	64                              @ DW_AT_decl_line
	.byte	14                              @ Abbrev [14] 0x22f:0x5 DW_TAG_pointer_type
	.long	564                             @ DW_AT_type
	.byte	15                              @ Abbrev [15] 0x234:0x1a DW_TAG_subroutine_type
	.long	590                             @ DW_AT_type
                                        @ DW_AT_prototyped
	.byte	16                              @ Abbrev [16] 0x239:0x5 DW_TAG_formal_parameter
	.long	597                             @ DW_AT_type
	.byte	16                              @ Abbrev [16] 0x23e:0x5 DW_TAG_formal_parameter
	.long	602                             @ DW_AT_type
	.byte	16                              @ Abbrev [16] 0x243:0x5 DW_TAG_formal_parameter
	.long	608                             @ DW_AT_type
	.byte	16                              @ Abbrev [16] 0x248:0x5 DW_TAG_formal_parameter
	.long	608                             @ DW_AT_type
	.byte	0                               @ End Of Children Mark
	.byte	9                               @ Abbrev [9] 0x24e:0x7 DW_TAG_base_type
	.long	.Linfo_string24                 @ DW_AT_name
	.byte	5                               @ DW_AT_encoding
	.byte	4                               @ DW_AT_byte_size
	.byte	5                               @ Abbrev [5] 0x255:0x5 DW_TAG_const_type
	.long	537                             @ DW_AT_type
	.byte	14                              @ Abbrev [14] 0x25a:0x5 DW_TAG_pointer_type
	.long	607                             @ DW_AT_type
	.byte	17                              @ Abbrev [17] 0x25f:0x1 DW_TAG_const_type
	.byte	5                               @ Abbrev [5] 0x260:0x5 DW_TAG_const_type
	.long	613                             @ DW_AT_type
	.byte	8                               @ Abbrev [8] 0x265:0xb DW_TAG_typedef
	.long	121                             @ DW_AT_type
	.long	.Linfo_string25                 @ DW_AT_name
	.byte	4                               @ DW_AT_decl_file
	.byte	60                              @ DW_AT_decl_line
	.byte	14                              @ Abbrev [14] 0x270:0x5 DW_TAG_pointer_type
	.long	629                             @ DW_AT_type
	.byte	8                               @ Abbrev [8] 0x275:0xb DW_TAG_typedef
	.long	302                             @ DW_AT_type
	.long	.Linfo_string32                 @ DW_AT_name
	.byte	4                               @ DW_AT_decl_file
	.byte	72                              @ DW_AT_decl_line
	.byte	14                              @ Abbrev [14] 0x280:0x5 DW_TAG_pointer_type
	.long	645                             @ DW_AT_type
	.byte	8                               @ Abbrev [8] 0x285:0xb DW_TAG_typedef
	.long	656                             @ DW_AT_type
	.long	.Linfo_string40                 @ DW_AT_name
	.byte	6                               @ DW_AT_decl_file
	.byte	91                              @ DW_AT_decl_line
	.byte	12                              @ Abbrev [12] 0x290:0x21 DW_TAG_structure_type
	.long	.Linfo_string39                 @ DW_AT_name
	.byte	4                               @ DW_AT_byte_size
	.byte	6                               @ DW_AT_decl_file
	.byte	85                              @ DW_AT_decl_line
	.byte	13                              @ Abbrev [13] 0x298:0xc DW_TAG_member
	.long	.Linfo_string37                 @ DW_AT_name
	.long	613                             @ DW_AT_type
	.byte	6                               @ DW_AT_decl_file
	.byte	88                              @ DW_AT_decl_line
	.byte	0                               @ DW_AT_data_member_location
	.byte	13                              @ Abbrev [13] 0x2a4:0xc DW_TAG_member
	.long	.Linfo_string38                 @ DW_AT_name
	.long	613                             @ DW_AT_type
	.byte	6                               @ DW_AT_decl_file
	.byte	90                              @ DW_AT_decl_line
	.byte	2                               @ DW_AT_data_member_location
	.byte	0                               @ End Of Children Mark
	.byte	14                              @ Abbrev [14] 0x2b1:0x5 DW_TAG_pointer_type
	.long	121                             @ DW_AT_type
	.byte	18                              @ Abbrev [18] 0x2b6:0x1 DW_TAG_pointer_type
	.byte	8                               @ Abbrev [8] 0x2b7:0xb DW_TAG_typedef
	.long	706                             @ DW_AT_type
	.long	.Linfo_string45                 @ DW_AT_name
	.byte	6                               @ DW_AT_decl_file
	.byte	139                             @ DW_AT_decl_line
	.byte	14                              @ Abbrev [14] 0x2c2:0x5 DW_TAG_pointer_type
	.long	711                             @ DW_AT_type
	.byte	19                              @ Abbrev [19] 0x2c7:0x7 DW_TAG_subroutine_type
                                        @ DW_AT_prototyped
	.byte	16                              @ Abbrev [16] 0x2c8:0x5 DW_TAG_formal_parameter
	.long	320                             @ DW_AT_type
	.byte	0                               @ End Of Children Mark
	.byte	8                               @ Abbrev [8] 0x2ce:0xb DW_TAG_typedef
	.long	729                             @ DW_AT_type
	.long	.Linfo_string47                 @ DW_AT_name
	.byte	6                               @ DW_AT_decl_file
	.byte	149                             @ DW_AT_decl_line
	.byte	14                              @ Abbrev [14] 0x2d9:0x5 DW_TAG_pointer_type
	.long	734                             @ DW_AT_type
	.byte	19                              @ Abbrev [19] 0x2de:0xc DW_TAG_subroutine_type
                                        @ DW_AT_prototyped
	.byte	16                              @ Abbrev [16] 0x2df:0x5 DW_TAG_formal_parameter
	.long	320                             @ DW_AT_type
	.byte	16                              @ Abbrev [16] 0x2e4:0x5 DW_TAG_formal_parameter
	.long	302                             @ DW_AT_type
	.byte	0                               @ End Of Children Mark
	.byte	8                               @ Abbrev [8] 0x2ea:0xb DW_TAG_typedef
	.long	757                             @ DW_AT_type
	.long	.Linfo_string49                 @ DW_AT_name
	.byte	6                               @ DW_AT_decl_file
	.byte	160                             @ DW_AT_decl_line
	.byte	14                              @ Abbrev [14] 0x2f5:0x5 DW_TAG_pointer_type
	.long	762                             @ DW_AT_type
	.byte	19                              @ Abbrev [19] 0x2fa:0x11 DW_TAG_subroutine_type
                                        @ DW_AT_prototyped
	.byte	16                              @ Abbrev [16] 0x2fb:0x5 DW_TAG_formal_parameter
	.long	320                             @ DW_AT_type
	.byte	16                              @ Abbrev [16] 0x300:0x5 DW_TAG_formal_parameter
	.long	302                             @ DW_AT_type
	.byte	16                              @ Abbrev [16] 0x305:0x5 DW_TAG_formal_parameter
	.long	302                             @ DW_AT_type
	.byte	0                               @ End Of Children Mark
	.byte	20                              @ Abbrev [20] 0x30b:0x49 DW_TAG_enumeration_type
	.long	313                             @ DW_AT_type
	.long	.Linfo_string61                 @ DW_AT_name
	.byte	1                               @ DW_AT_byte_size
	.byte	7                               @ DW_AT_decl_file
	.byte	85                              @ DW_AT_decl_line
	.byte	21                              @ Abbrev [21] 0x317:0x6 DW_TAG_enumerator
	.long	.Linfo_string51                 @ DW_AT_name
	.byte	0                               @ DW_AT_const_value
	.byte	21                              @ Abbrev [21] 0x31d:0x6 DW_TAG_enumerator
	.long	.Linfo_string52                 @ DW_AT_name
	.byte	1                               @ DW_AT_const_value
	.byte	21                              @ Abbrev [21] 0x323:0x6 DW_TAG_enumerator
	.long	.Linfo_string53                 @ DW_AT_name
	.byte	2                               @ DW_AT_const_value
	.byte	21                              @ Abbrev [21] 0x329:0x6 DW_TAG_enumerator
	.long	.Linfo_string54                 @ DW_AT_name
	.byte	3                               @ DW_AT_const_value
	.byte	21                              @ Abbrev [21] 0x32f:0x6 DW_TAG_enumerator
	.long	.Linfo_string55                 @ DW_AT_name
	.byte	4                               @ DW_AT_const_value
	.byte	21                              @ Abbrev [21] 0x335:0x6 DW_TAG_enumerator
	.long	.Linfo_string56                 @ DW_AT_name
	.byte	5                               @ DW_AT_const_value
	.byte	21                              @ Abbrev [21] 0x33b:0x6 DW_TAG_enumerator
	.long	.Linfo_string57                 @ DW_AT_name
	.byte	6                               @ DW_AT_const_value
	.byte	21                              @ Abbrev [21] 0x341:0x6 DW_TAG_enumerator
	.long	.Linfo_string58                 @ DW_AT_name
	.byte	7                               @ DW_AT_const_value
	.byte	21                              @ Abbrev [21] 0x347:0x6 DW_TAG_enumerator
	.long	.Linfo_string59                 @ DW_AT_name
	.byte	8                               @ DW_AT_const_value
	.byte	21                              @ Abbrev [21] 0x34d:0x6 DW_TAG_enumerator
	.long	.Linfo_string60                 @ DW_AT_name
	.byte	9                               @ DW_AT_const_value
	.byte	0                               @ End Of Children Mark
	.byte	20                              @ Abbrev [20] 0x354:0x427 DW_TAG_enumeration_type
	.long	313                             @ DW_AT_type
	.long	.Linfo_string224                @ DW_AT_name
	.byte	1                               @ DW_AT_byte_size
	.byte	8                               @ DW_AT_decl_file
	.byte	43                              @ DW_AT_decl_line
	.byte	21                              @ Abbrev [21] 0x360:0x6 DW_TAG_enumerator
	.long	.Linfo_string62                 @ DW_AT_name
	.byte	0                               @ DW_AT_const_value
	.byte	21                              @ Abbrev [21] 0x366:0x6 DW_TAG_enumerator
	.long	.Linfo_string63                 @ DW_AT_name
	.byte	0                               @ DW_AT_const_value
	.byte	21                              @ Abbrev [21] 0x36c:0x6 DW_TAG_enumerator
	.long	.Linfo_string64                 @ DW_AT_name
	.byte	1                               @ DW_AT_const_value
	.byte	21                              @ Abbrev [21] 0x372:0x6 DW_TAG_enumerator
	.long	.Linfo_string65                 @ DW_AT_name
	.byte	2                               @ DW_AT_const_value
	.byte	21                              @ Abbrev [21] 0x378:0x6 DW_TAG_enumerator
	.long	.Linfo_string66                 @ DW_AT_name
	.byte	3                               @ DW_AT_const_value
	.byte	21                              @ Abbrev [21] 0x37e:0x6 DW_TAG_enumerator
	.long	.Linfo_string67                 @ DW_AT_name
	.byte	4                               @ DW_AT_const_value
	.byte	21                              @ Abbrev [21] 0x384:0x6 DW_TAG_enumerator
	.long	.Linfo_string68                 @ DW_AT_name
	.byte	5                               @ DW_AT_const_value
	.byte	21                              @ Abbrev [21] 0x38a:0x6 DW_TAG_enumerator
	.long	.Linfo_string69                 @ DW_AT_name
	.byte	6                               @ DW_AT_const_value
	.byte	21                              @ Abbrev [21] 0x390:0x6 DW_TAG_enumerator
	.long	.Linfo_string70                 @ DW_AT_name
	.byte	7                               @ DW_AT_const_value
	.byte	21                              @ Abbrev [21] 0x396:0x6 DW_TAG_enumerator
	.long	.Linfo_string71                 @ DW_AT_name
	.byte	8                               @ DW_AT_const_value
	.byte	21                              @ Abbrev [21] 0x39c:0x6 DW_TAG_enumerator
	.long	.Linfo_string72                 @ DW_AT_name
	.byte	9                               @ DW_AT_const_value
	.byte	21                              @ Abbrev [21] 0x3a2:0x6 DW_TAG_enumerator
	.long	.Linfo_string73                 @ DW_AT_name
	.byte	10                              @ DW_AT_const_value
	.byte	21                              @ Abbrev [21] 0x3a8:0x6 DW_TAG_enumerator
	.long	.Linfo_string74                 @ DW_AT_name
	.byte	11                              @ DW_AT_const_value
	.byte	21                              @ Abbrev [21] 0x3ae:0x6 DW_TAG_enumerator
	.long	.Linfo_string75                 @ DW_AT_name
	.byte	12                              @ DW_AT_const_value
	.byte	21                              @ Abbrev [21] 0x3b4:0x6 DW_TAG_enumerator
	.long	.Linfo_string76                 @ DW_AT_name
	.byte	13                              @ DW_AT_const_value
	.byte	21                              @ Abbrev [21] 0x3ba:0x6 DW_TAG_enumerator
	.long	.Linfo_string77                 @ DW_AT_name
	.byte	14                              @ DW_AT_const_value
	.byte	21                              @ Abbrev [21] 0x3c0:0x6 DW_TAG_enumerator
	.long	.Linfo_string78                 @ DW_AT_name
	.byte	15                              @ DW_AT_const_value
	.byte	21                              @ Abbrev [21] 0x3c6:0x6 DW_TAG_enumerator
	.long	.Linfo_string79                 @ DW_AT_name
	.byte	16                              @ DW_AT_const_value
	.byte	21                              @ Abbrev [21] 0x3cc:0x6 DW_TAG_enumerator
	.long	.Linfo_string80                 @ DW_AT_name
	.byte	17                              @ DW_AT_const_value
	.byte	21                              @ Abbrev [21] 0x3d2:0x7 DW_TAG_enumerator
	.long	.Linfo_string81                 @ DW_AT_name
	.ascii	"\200\001"                      @ DW_AT_const_value
	.byte	21                              @ Abbrev [21] 0x3d9:0x6 DW_TAG_enumerator
	.long	.Linfo_string82                 @ DW_AT_name
	.byte	48                              @ DW_AT_const_value
	.byte	21                              @ Abbrev [21] 0x3df:0x6 DW_TAG_enumerator
	.long	.Linfo_string83                 @ DW_AT_name
	.byte	49                              @ DW_AT_const_value
	.byte	21                              @ Abbrev [21] 0x3e5:0x6 DW_TAG_enumerator
	.long	.Linfo_string84                 @ DW_AT_name
	.byte	50                              @ DW_AT_const_value
	.byte	21                              @ Abbrev [21] 0x3eb:0x6 DW_TAG_enumerator
	.long	.Linfo_string85                 @ DW_AT_name
	.byte	51                              @ DW_AT_const_value
	.byte	21                              @ Abbrev [21] 0x3f1:0x6 DW_TAG_enumerator
	.long	.Linfo_string86                 @ DW_AT_name
	.byte	52                              @ DW_AT_const_value
	.byte	21                              @ Abbrev [21] 0x3f7:0x6 DW_TAG_enumerator
	.long	.Linfo_string87                 @ DW_AT_name
	.byte	53                              @ DW_AT_const_value
	.byte	21                              @ Abbrev [21] 0x3fd:0x6 DW_TAG_enumerator
	.long	.Linfo_string88                 @ DW_AT_name
	.byte	54                              @ DW_AT_const_value
	.byte	21                              @ Abbrev [21] 0x403:0x6 DW_TAG_enumerator
	.long	.Linfo_string89                 @ DW_AT_name
	.byte	55                              @ DW_AT_const_value
	.byte	21                              @ Abbrev [21] 0x409:0x6 DW_TAG_enumerator
	.long	.Linfo_string90                 @ DW_AT_name
	.byte	56                              @ DW_AT_const_value
	.byte	21                              @ Abbrev [21] 0x40f:0x6 DW_TAG_enumerator
	.long	.Linfo_string91                 @ DW_AT_name
	.byte	57                              @ DW_AT_const_value
	.byte	21                              @ Abbrev [21] 0x415:0x6 DW_TAG_enumerator
	.long	.Linfo_string92                 @ DW_AT_name
	.byte	58                              @ DW_AT_const_value
	.byte	21                              @ Abbrev [21] 0x41b:0x6 DW_TAG_enumerator
	.long	.Linfo_string93                 @ DW_AT_name
	.byte	59                              @ DW_AT_const_value
	.byte	21                              @ Abbrev [21] 0x421:0x6 DW_TAG_enumerator
	.long	.Linfo_string94                 @ DW_AT_name
	.byte	59                              @ DW_AT_const_value
	.byte	21                              @ Abbrev [21] 0x427:0x6 DW_TAG_enumerator
	.long	.Linfo_string95                 @ DW_AT_name
	.byte	60                              @ DW_AT_const_value
	.byte	21                              @ Abbrev [21] 0x42d:0x6 DW_TAG_enumerator
	.long	.Linfo_string96                 @ DW_AT_name
	.byte	61                              @ DW_AT_const_value
	.byte	21                              @ Abbrev [21] 0x433:0x6 DW_TAG_enumerator
	.long	.Linfo_string97                 @ DW_AT_name
	.byte	62                              @ DW_AT_const_value
	.byte	21                              @ Abbrev [21] 0x439:0x6 DW_TAG_enumerator
	.long	.Linfo_string98                 @ DW_AT_name
	.byte	63                              @ DW_AT_const_value
	.byte	21                              @ Abbrev [21] 0x43f:0x6 DW_TAG_enumerator
	.long	.Linfo_string99                 @ DW_AT_name
	.byte	64                              @ DW_AT_const_value
	.byte	21                              @ Abbrev [21] 0x445:0x6 DW_TAG_enumerator
	.long	.Linfo_string100                @ DW_AT_name
	.byte	65                              @ DW_AT_const_value
	.byte	21                              @ Abbrev [21] 0x44b:0x6 DW_TAG_enumerator
	.long	.Linfo_string101                @ DW_AT_name
	.byte	66                              @ DW_AT_const_value
	.byte	21                              @ Abbrev [21] 0x451:0x6 DW_TAG_enumerator
	.long	.Linfo_string102                @ DW_AT_name
	.byte	67                              @ DW_AT_const_value
	.byte	21                              @ Abbrev [21] 0x457:0x6 DW_TAG_enumerator
	.long	.Linfo_string103                @ DW_AT_name
	.byte	68                              @ DW_AT_const_value
	.byte	21                              @ Abbrev [21] 0x45d:0x6 DW_TAG_enumerator
	.long	.Linfo_string104                @ DW_AT_name
	.byte	69                              @ DW_AT_const_value
	.byte	21                              @ Abbrev [21] 0x463:0x6 DW_TAG_enumerator
	.long	.Linfo_string105                @ DW_AT_name
	.byte	70                              @ DW_AT_const_value
	.byte	21                              @ Abbrev [21] 0x469:0x6 DW_TAG_enumerator
	.long	.Linfo_string106                @ DW_AT_name
	.byte	71                              @ DW_AT_const_value
	.byte	21                              @ Abbrev [21] 0x46f:0x6 DW_TAG_enumerator
	.long	.Linfo_string107                @ DW_AT_name
	.byte	72                              @ DW_AT_const_value
	.byte	21                              @ Abbrev [21] 0x475:0x6 DW_TAG_enumerator
	.long	.Linfo_string108                @ DW_AT_name
	.byte	73                              @ DW_AT_const_value
	.byte	21                              @ Abbrev [21] 0x47b:0x6 DW_TAG_enumerator
	.long	.Linfo_string109                @ DW_AT_name
	.byte	74                              @ DW_AT_const_value
	.byte	21                              @ Abbrev [21] 0x481:0x6 DW_TAG_enumerator
	.long	.Linfo_string110                @ DW_AT_name
	.byte	75                              @ DW_AT_const_value
	.byte	21                              @ Abbrev [21] 0x487:0x6 DW_TAG_enumerator
	.long	.Linfo_string111                @ DW_AT_name
	.byte	76                              @ DW_AT_const_value
	.byte	21                              @ Abbrev [21] 0x48d:0x6 DW_TAG_enumerator
	.long	.Linfo_string112                @ DW_AT_name
	.byte	80                              @ DW_AT_const_value
	.byte	21                              @ Abbrev [21] 0x493:0x6 DW_TAG_enumerator
	.long	.Linfo_string113                @ DW_AT_name
	.byte	81                              @ DW_AT_const_value
	.byte	21                              @ Abbrev [21] 0x499:0x6 DW_TAG_enumerator
	.long	.Linfo_string114                @ DW_AT_name
	.byte	82                              @ DW_AT_const_value
	.byte	21                              @ Abbrev [21] 0x49f:0x6 DW_TAG_enumerator
	.long	.Linfo_string115                @ DW_AT_name
	.byte	83                              @ DW_AT_const_value
	.byte	21                              @ Abbrev [21] 0x4a5:0x6 DW_TAG_enumerator
	.long	.Linfo_string116                @ DW_AT_name
	.byte	84                              @ DW_AT_const_value
	.byte	21                              @ Abbrev [21] 0x4ab:0x6 DW_TAG_enumerator
	.long	.Linfo_string117                @ DW_AT_name
	.byte	85                              @ DW_AT_const_value
	.byte	21                              @ Abbrev [21] 0x4b1:0x6 DW_TAG_enumerator
	.long	.Linfo_string118                @ DW_AT_name
	.byte	86                              @ DW_AT_const_value
	.byte	21                              @ Abbrev [21] 0x4b7:0x6 DW_TAG_enumerator
	.long	.Linfo_string119                @ DW_AT_name
	.byte	97                              @ DW_AT_const_value
	.byte	21                              @ Abbrev [21] 0x4bd:0x6 DW_TAG_enumerator
	.long	.Linfo_string120                @ DW_AT_name
	.byte	98                              @ DW_AT_const_value
	.byte	21                              @ Abbrev [21] 0x4c3:0x6 DW_TAG_enumerator
	.long	.Linfo_string121                @ DW_AT_name
	.byte	99                              @ DW_AT_const_value
	.byte	21                              @ Abbrev [21] 0x4c9:0x6 DW_TAG_enumerator
	.long	.Linfo_string122                @ DW_AT_name
	.byte	100                             @ DW_AT_const_value
	.byte	21                              @ Abbrev [21] 0x4cf:0x6 DW_TAG_enumerator
	.long	.Linfo_string123                @ DW_AT_name
	.byte	101                             @ DW_AT_const_value
	.byte	21                              @ Abbrev [21] 0x4d5:0x6 DW_TAG_enumerator
	.long	.Linfo_string124                @ DW_AT_name
	.byte	102                             @ DW_AT_const_value
	.byte	21                              @ Abbrev [21] 0x4db:0x6 DW_TAG_enumerator
	.long	.Linfo_string125                @ DW_AT_name
	.byte	103                             @ DW_AT_const_value
	.byte	21                              @ Abbrev [21] 0x4e1:0x6 DW_TAG_enumerator
	.long	.Linfo_string126                @ DW_AT_name
	.byte	104                             @ DW_AT_const_value
	.byte	21                              @ Abbrev [21] 0x4e7:0x6 DW_TAG_enumerator
	.long	.Linfo_string127                @ DW_AT_name
	.byte	105                             @ DW_AT_const_value
	.byte	21                              @ Abbrev [21] 0x4ed:0x6 DW_TAG_enumerator
	.long	.Linfo_string128                @ DW_AT_name
	.byte	106                             @ DW_AT_const_value
	.byte	21                              @ Abbrev [21] 0x4f3:0x6 DW_TAG_enumerator
	.long	.Linfo_string129                @ DW_AT_name
	.byte	107                             @ DW_AT_const_value
	.byte	21                              @ Abbrev [21] 0x4f9:0x6 DW_TAG_enumerator
	.long	.Linfo_string130                @ DW_AT_name
	.byte	108                             @ DW_AT_const_value
	.byte	21                              @ Abbrev [21] 0x4ff:0x6 DW_TAG_enumerator
	.long	.Linfo_string131                @ DW_AT_name
	.byte	109                             @ DW_AT_const_value
	.byte	21                              @ Abbrev [21] 0x505:0x6 DW_TAG_enumerator
	.long	.Linfo_string132                @ DW_AT_name
	.byte	110                             @ DW_AT_const_value
	.byte	21                              @ Abbrev [21] 0x50b:0x6 DW_TAG_enumerator
	.long	.Linfo_string133                @ DW_AT_name
	.byte	111                             @ DW_AT_const_value
	.byte	21                              @ Abbrev [21] 0x511:0x6 DW_TAG_enumerator
	.long	.Linfo_string134                @ DW_AT_name
	.byte	113                             @ DW_AT_const_value
	.byte	21                              @ Abbrev [21] 0x517:0x6 DW_TAG_enumerator
	.long	.Linfo_string135                @ DW_AT_name
	.byte	114                             @ DW_AT_const_value
	.byte	21                              @ Abbrev [21] 0x51d:0x6 DW_TAG_enumerator
	.long	.Linfo_string136                @ DW_AT_name
	.byte	115                             @ DW_AT_const_value
	.byte	21                              @ Abbrev [21] 0x523:0x6 DW_TAG_enumerator
	.long	.Linfo_string137                @ DW_AT_name
	.byte	116                             @ DW_AT_const_value
	.byte	21                              @ Abbrev [21] 0x529:0x6 DW_TAG_enumerator
	.long	.Linfo_string138                @ DW_AT_name
	.byte	117                             @ DW_AT_const_value
	.byte	21                              @ Abbrev [21] 0x52f:0x6 DW_TAG_enumerator
	.long	.Linfo_string139                @ DW_AT_name
	.byte	118                             @ DW_AT_const_value
	.byte	21                              @ Abbrev [21] 0x535:0x6 DW_TAG_enumerator
	.long	.Linfo_string140                @ DW_AT_name
	.byte	119                             @ DW_AT_const_value
	.byte	21                              @ Abbrev [21] 0x53b:0x6 DW_TAG_enumerator
	.long	.Linfo_string141                @ DW_AT_name
	.byte	120                             @ DW_AT_const_value
	.byte	21                              @ Abbrev [21] 0x541:0x6 DW_TAG_enumerator
	.long	.Linfo_string142                @ DW_AT_name
	.byte	121                             @ DW_AT_const_value
	.byte	21                              @ Abbrev [21] 0x547:0x6 DW_TAG_enumerator
	.long	.Linfo_string143                @ DW_AT_name
	.byte	122                             @ DW_AT_const_value
	.byte	21                              @ Abbrev [21] 0x54d:0x6 DW_TAG_enumerator
	.long	.Linfo_string144                @ DW_AT_name
	.byte	123                             @ DW_AT_const_value
	.byte	21                              @ Abbrev [21] 0x553:0x6 DW_TAG_enumerator
	.long	.Linfo_string145                @ DW_AT_name
	.byte	124                             @ DW_AT_const_value
	.byte	21                              @ Abbrev [21] 0x559:0x6 DW_TAG_enumerator
	.long	.Linfo_string146                @ DW_AT_name
	.byte	125                             @ DW_AT_const_value
	.byte	21                              @ Abbrev [21] 0x55f:0x7 DW_TAG_enumerator
	.long	.Linfo_string147                @ DW_AT_name
	.ascii	"\200\001"                      @ DW_AT_const_value
	.byte	21                              @ Abbrev [21] 0x566:0x7 DW_TAG_enumerator
	.long	.Linfo_string148                @ DW_AT_name
	.ascii	"\201\001"                      @ DW_AT_const_value
	.byte	21                              @ Abbrev [21] 0x56d:0x7 DW_TAG_enumerator
	.long	.Linfo_string149                @ DW_AT_name
	.ascii	"\202\001"                      @ DW_AT_const_value
	.byte	21                              @ Abbrev [21] 0x574:0x7 DW_TAG_enumerator
	.long	.Linfo_string150                @ DW_AT_name
	.ascii	"\203\001"                      @ DW_AT_const_value
	.byte	21                              @ Abbrev [21] 0x57b:0x7 DW_TAG_enumerator
	.long	.Linfo_string151                @ DW_AT_name
	.ascii	"\204\001"                      @ DW_AT_const_value
	.byte	21                              @ Abbrev [21] 0x582:0x7 DW_TAG_enumerator
	.long	.Linfo_string152                @ DW_AT_name
	.ascii	"\205\001"                      @ DW_AT_const_value
	.byte	21                              @ Abbrev [21] 0x589:0x7 DW_TAG_enumerator
	.long	.Linfo_string153                @ DW_AT_name
	.ascii	"\206\001"                      @ DW_AT_const_value
	.byte	21                              @ Abbrev [21] 0x590:0x7 DW_TAG_enumerator
	.long	.Linfo_string154                @ DW_AT_name
	.ascii	"\207\001"                      @ DW_AT_const_value
	.byte	21                              @ Abbrev [21] 0x597:0x7 DW_TAG_enumerator
	.long	.Linfo_string155                @ DW_AT_name
	.ascii	"\210\001"                      @ DW_AT_const_value
	.byte	21                              @ Abbrev [21] 0x59e:0x7 DW_TAG_enumerator
	.long	.Linfo_string156                @ DW_AT_name
	.ascii	"\211\001"                      @ DW_AT_const_value
	.byte	21                              @ Abbrev [21] 0x5a5:0x7 DW_TAG_enumerator
	.long	.Linfo_string157                @ DW_AT_name
	.ascii	"\212\001"                      @ DW_AT_const_value
	.byte	21                              @ Abbrev [21] 0x5ac:0x7 DW_TAG_enumerator
	.long	.Linfo_string158                @ DW_AT_name
	.ascii	"\213\001"                      @ DW_AT_const_value
	.byte	21                              @ Abbrev [21] 0x5b3:0x7 DW_TAG_enumerator
	.long	.Linfo_string159                @ DW_AT_name
	.ascii	"\214\001"                      @ DW_AT_const_value
	.byte	21                              @ Abbrev [21] 0x5ba:0x7 DW_TAG_enumerator
	.long	.Linfo_string160                @ DW_AT_name
	.ascii	"\215\001"                      @ DW_AT_const_value
	.byte	21                              @ Abbrev [21] 0x5c1:0x7 DW_TAG_enumerator
	.long	.Linfo_string161                @ DW_AT_name
	.ascii	"\216\001"                      @ DW_AT_const_value
	.byte	21                              @ Abbrev [21] 0x5c8:0x7 DW_TAG_enumerator
	.long	.Linfo_string162                @ DW_AT_name
	.ascii	"\217\001"                      @ DW_AT_const_value
	.byte	21                              @ Abbrev [21] 0x5cf:0x7 DW_TAG_enumerator
	.long	.Linfo_string163                @ DW_AT_name
	.ascii	"\375\001"                      @ DW_AT_const_value
	.byte	21                              @ Abbrev [21] 0x5d6:0x7 DW_TAG_enumerator
	.long	.Linfo_string164                @ DW_AT_name
	.ascii	"\376\001"                      @ DW_AT_const_value
	.byte	21                              @ Abbrev [21] 0x5dd:0x7 DW_TAG_enumerator
	.long	.Linfo_string165                @ DW_AT_name
	.ascii	"\377\001"                      @ DW_AT_const_value
	.byte	21                              @ Abbrev [21] 0x5e4:0x7 DW_TAG_enumerator
	.long	.Linfo_string166                @ DW_AT_name
	.ascii	"\221\001"                      @ DW_AT_const_value
	.byte	21                              @ Abbrev [21] 0x5eb:0x7 DW_TAG_enumerator
	.long	.Linfo_string167                @ DW_AT_name
	.ascii	"\222\001"                      @ DW_AT_const_value
	.byte	21                              @ Abbrev [21] 0x5f2:0x7 DW_TAG_enumerator
	.long	.Linfo_string168                @ DW_AT_name
	.ascii	"\223\001"                      @ DW_AT_const_value
	.byte	21                              @ Abbrev [21] 0x5f9:0x7 DW_TAG_enumerator
	.long	.Linfo_string169                @ DW_AT_name
	.ascii	"\224\001"                      @ DW_AT_const_value
	.byte	21                              @ Abbrev [21] 0x600:0x7 DW_TAG_enumerator
	.long	.Linfo_string170                @ DW_AT_name
	.ascii	"\225\001"                      @ DW_AT_const_value
	.byte	21                              @ Abbrev [21] 0x607:0x7 DW_TAG_enumerator
	.long	.Linfo_string171                @ DW_AT_name
	.ascii	"\226\001"                      @ DW_AT_const_value
	.byte	21                              @ Abbrev [21] 0x60e:0x7 DW_TAG_enumerator
	.long	.Linfo_string172                @ DW_AT_name
	.ascii	"\227\001"                      @ DW_AT_const_value
	.byte	21                              @ Abbrev [21] 0x615:0x7 DW_TAG_enumerator
	.long	.Linfo_string173                @ DW_AT_name
	.ascii	"\230\001"                      @ DW_AT_const_value
	.byte	21                              @ Abbrev [21] 0x61c:0x7 DW_TAG_enumerator
	.long	.Linfo_string174                @ DW_AT_name
	.ascii	"\231\001"                      @ DW_AT_const_value
	.byte	21                              @ Abbrev [21] 0x623:0x7 DW_TAG_enumerator
	.long	.Linfo_string175                @ DW_AT_name
	.ascii	"\232\001"                      @ DW_AT_const_value
	.byte	21                              @ Abbrev [21] 0x62a:0x7 DW_TAG_enumerator
	.long	.Linfo_string176                @ DW_AT_name
	.ascii	"\233\001"                      @ DW_AT_const_value
	.byte	21                              @ Abbrev [21] 0x631:0x7 DW_TAG_enumerator
	.long	.Linfo_string177                @ DW_AT_name
	.ascii	"\234\001"                      @ DW_AT_const_value
	.byte	21                              @ Abbrev [21] 0x638:0x7 DW_TAG_enumerator
	.long	.Linfo_string178                @ DW_AT_name
	.ascii	"\235\001"                      @ DW_AT_const_value
	.byte	21                              @ Abbrev [21] 0x63f:0x7 DW_TAG_enumerator
	.long	.Linfo_string179                @ DW_AT_name
	.ascii	"\236\001"                      @ DW_AT_const_value
	.byte	21                              @ Abbrev [21] 0x646:0x7 DW_TAG_enumerator
	.long	.Linfo_string180                @ DW_AT_name
	.ascii	"\237\001"                      @ DW_AT_const_value
	.byte	21                              @ Abbrev [21] 0x64d:0x7 DW_TAG_enumerator
	.long	.Linfo_string181                @ DW_AT_name
	.ascii	"\240\001"                      @ DW_AT_const_value
	.byte	21                              @ Abbrev [21] 0x654:0x7 DW_TAG_enumerator
	.long	.Linfo_string182                @ DW_AT_name
	.ascii	"\241\001"                      @ DW_AT_const_value
	.byte	21                              @ Abbrev [21] 0x65b:0x7 DW_TAG_enumerator
	.long	.Linfo_string183                @ DW_AT_name
	.ascii	"\242\001"                      @ DW_AT_const_value
	.byte	21                              @ Abbrev [21] 0x662:0x7 DW_TAG_enumerator
	.long	.Linfo_string184                @ DW_AT_name
	.ascii	"\243\001"                      @ DW_AT_const_value
	.byte	21                              @ Abbrev [21] 0x669:0x7 DW_TAG_enumerator
	.long	.Linfo_string185                @ DW_AT_name
	.ascii	"\244\001"                      @ DW_AT_const_value
	.byte	21                              @ Abbrev [21] 0x670:0x7 DW_TAG_enumerator
	.long	.Linfo_string186                @ DW_AT_name
	.ascii	"\245\001"                      @ DW_AT_const_value
	.byte	21                              @ Abbrev [21] 0x677:0x7 DW_TAG_enumerator
	.long	.Linfo_string187                @ DW_AT_name
	.ascii	"\246\001"                      @ DW_AT_const_value
	.byte	21                              @ Abbrev [21] 0x67e:0x7 DW_TAG_enumerator
	.long	.Linfo_string188                @ DW_AT_name
	.ascii	"\247\001"                      @ DW_AT_const_value
	.byte	21                              @ Abbrev [21] 0x685:0x7 DW_TAG_enumerator
	.long	.Linfo_string189                @ DW_AT_name
	.ascii	"\250\001"                      @ DW_AT_const_value
	.byte	21                              @ Abbrev [21] 0x68c:0x7 DW_TAG_enumerator
	.long	.Linfo_string190                @ DW_AT_name
	.ascii	"\251\001"                      @ DW_AT_const_value
	.byte	21                              @ Abbrev [21] 0x693:0x7 DW_TAG_enumerator
	.long	.Linfo_string191                @ DW_AT_name
	.ascii	"\252\001"                      @ DW_AT_const_value
	.byte	21                              @ Abbrev [21] 0x69a:0x7 DW_TAG_enumerator
	.long	.Linfo_string192                @ DW_AT_name
	.ascii	"\253\001"                      @ DW_AT_const_value
	.byte	21                              @ Abbrev [21] 0x6a1:0x7 DW_TAG_enumerator
	.long	.Linfo_string193                @ DW_AT_name
	.ascii	"\254\001"                      @ DW_AT_const_value
	.byte	21                              @ Abbrev [21] 0x6a8:0x7 DW_TAG_enumerator
	.long	.Linfo_string194                @ DW_AT_name
	.ascii	"\255\001"                      @ DW_AT_const_value
	.byte	21                              @ Abbrev [21] 0x6af:0x7 DW_TAG_enumerator
	.long	.Linfo_string195                @ DW_AT_name
	.ascii	"\256\001"                      @ DW_AT_const_value
	.byte	21                              @ Abbrev [21] 0x6b6:0x7 DW_TAG_enumerator
	.long	.Linfo_string196                @ DW_AT_name
	.ascii	"\257\001"                      @ DW_AT_const_value
	.byte	21                              @ Abbrev [21] 0x6bd:0x7 DW_TAG_enumerator
	.long	.Linfo_string197                @ DW_AT_name
	.ascii	"\260\001"                      @ DW_AT_const_value
	.byte	21                              @ Abbrev [21] 0x6c4:0x7 DW_TAG_enumerator
	.long	.Linfo_string198                @ DW_AT_name
	.ascii	"\261\001"                      @ DW_AT_const_value
	.byte	21                              @ Abbrev [21] 0x6cb:0x7 DW_TAG_enumerator
	.long	.Linfo_string199                @ DW_AT_name
	.ascii	"\262\001"                      @ DW_AT_const_value
	.byte	21                              @ Abbrev [21] 0x6d2:0x7 DW_TAG_enumerator
	.long	.Linfo_string200                @ DW_AT_name
	.ascii	"\263\001"                      @ DW_AT_const_value
	.byte	21                              @ Abbrev [21] 0x6d9:0x7 DW_TAG_enumerator
	.long	.Linfo_string201                @ DW_AT_name
	.ascii	"\264\001"                      @ DW_AT_const_value
	.byte	21                              @ Abbrev [21] 0x6e0:0x7 DW_TAG_enumerator
	.long	.Linfo_string202                @ DW_AT_name
	.ascii	"\265\001"                      @ DW_AT_const_value
	.byte	21                              @ Abbrev [21] 0x6e7:0x7 DW_TAG_enumerator
	.long	.Linfo_string203                @ DW_AT_name
	.ascii	"\266\001"                      @ DW_AT_const_value
	.byte	21                              @ Abbrev [21] 0x6ee:0x7 DW_TAG_enumerator
	.long	.Linfo_string204                @ DW_AT_name
	.ascii	"\267\001"                      @ DW_AT_const_value
	.byte	21                              @ Abbrev [21] 0x6f5:0x7 DW_TAG_enumerator
	.long	.Linfo_string205                @ DW_AT_name
	.ascii	"\270\001"                      @ DW_AT_const_value
	.byte	21                              @ Abbrev [21] 0x6fc:0x7 DW_TAG_enumerator
	.long	.Linfo_string206                @ DW_AT_name
	.ascii	"\271\001"                      @ DW_AT_const_value
	.byte	21                              @ Abbrev [21] 0x703:0x7 DW_TAG_enumerator
	.long	.Linfo_string207                @ DW_AT_name
	.ascii	"\272\001"                      @ DW_AT_const_value
	.byte	21                              @ Abbrev [21] 0x70a:0x7 DW_TAG_enumerator
	.long	.Linfo_string208                @ DW_AT_name
	.ascii	"\274\001"                      @ DW_AT_const_value
	.byte	21                              @ Abbrev [21] 0x711:0x7 DW_TAG_enumerator
	.long	.Linfo_string209                @ DW_AT_name
	.ascii	"\275\001"                      @ DW_AT_const_value
	.byte	21                              @ Abbrev [21] 0x718:0x7 DW_TAG_enumerator
	.long	.Linfo_string210                @ DW_AT_name
	.ascii	"\276\001"                      @ DW_AT_const_value
	.byte	21                              @ Abbrev [21] 0x71f:0x7 DW_TAG_enumerator
	.long	.Linfo_string211                @ DW_AT_name
	.ascii	"\277\001"                      @ DW_AT_const_value
	.byte	21                              @ Abbrev [21] 0x726:0x7 DW_TAG_enumerator
	.long	.Linfo_string212                @ DW_AT_name
	.ascii	"\300\001"                      @ DW_AT_const_value
	.byte	21                              @ Abbrev [21] 0x72d:0x7 DW_TAG_enumerator
	.long	.Linfo_string213                @ DW_AT_name
	.ascii	"\302\001"                      @ DW_AT_const_value
	.byte	21                              @ Abbrev [21] 0x734:0x7 DW_TAG_enumerator
	.long	.Linfo_string214                @ DW_AT_name
	.ascii	"\304\001"                      @ DW_AT_const_value
	.byte	21                              @ Abbrev [21] 0x73b:0x7 DW_TAG_enumerator
	.long	.Linfo_string215                @ DW_AT_name
	.ascii	"\305\001"                      @ DW_AT_const_value
	.byte	21                              @ Abbrev [21] 0x742:0x7 DW_TAG_enumerator
	.long	.Linfo_string216                @ DW_AT_name
	.ascii	"\306\001"                      @ DW_AT_const_value
	.byte	21                              @ Abbrev [21] 0x749:0x7 DW_TAG_enumerator
	.long	.Linfo_string217                @ DW_AT_name
	.ascii	"\307\001"                      @ DW_AT_const_value
	.byte	21                              @ Abbrev [21] 0x750:0x7 DW_TAG_enumerator
	.long	.Linfo_string218                @ DW_AT_name
	.ascii	"\310\001"                      @ DW_AT_const_value
	.byte	21                              @ Abbrev [21] 0x757:0x7 DW_TAG_enumerator
	.long	.Linfo_string219                @ DW_AT_name
	.ascii	"\312\001"                      @ DW_AT_const_value
	.byte	21                              @ Abbrev [21] 0x75e:0x7 DW_TAG_enumerator
	.long	.Linfo_string220                @ DW_AT_name
	.ascii	"\313\001"                      @ DW_AT_const_value
	.byte	21                              @ Abbrev [21] 0x765:0x7 DW_TAG_enumerator
	.long	.Linfo_string221                @ DW_AT_name
	.ascii	"\314\001"                      @ DW_AT_const_value
	.byte	21                              @ Abbrev [21] 0x76c:0x7 DW_TAG_enumerator
	.long	.Linfo_string222                @ DW_AT_name
	.ascii	"\315\001"                      @ DW_AT_const_value
	.byte	21                              @ Abbrev [21] 0x773:0x7 DW_TAG_enumerator
	.long	.Linfo_string223                @ DW_AT_name
	.ascii	"\316\001"                      @ DW_AT_const_value
	.byte	0                               @ End Of Children Mark
	.byte	22                              @ Abbrev [22] 0x77b:0x7a2 DW_TAG_enumeration_type
	.long	132                             @ DW_AT_type
	.byte	2                               @ DW_AT_byte_size
	.byte	9                               @ DW_AT_decl_file
	.byte	135                             @ DW_AT_decl_line
	.byte	21                              @ Abbrev [21] 0x783:0x6 DW_TAG_enumerator
	.long	.Linfo_string225                @ DW_AT_name
	.byte	0                               @ DW_AT_const_value
	.byte	21                              @ Abbrev [21] 0x789:0x7 DW_TAG_enumerator
	.long	.Linfo_string226                @ DW_AT_name
	.ascii	"\2000"                         @ DW_AT_const_value
	.byte	21                              @ Abbrev [21] 0x790:0x7 DW_TAG_enumerator
	.long	.Linfo_string227                @ DW_AT_name
	.ascii	"\2010"                         @ DW_AT_const_value
	.byte	21                              @ Abbrev [21] 0x797:0x7 DW_TAG_enumerator
	.long	.Linfo_string228                @ DW_AT_name
	.ascii	"\2020"                         @ DW_AT_const_value
	.byte	21                              @ Abbrev [21] 0x79e:0x7 DW_TAG_enumerator
	.long	.Linfo_string229                @ DW_AT_name
	.ascii	"\2030"                         @ DW_AT_const_value
	.byte	21                              @ Abbrev [21] 0x7a5:0x7 DW_TAG_enumerator
	.long	.Linfo_string230                @ DW_AT_name
	.ascii	"\2040"                         @ DW_AT_const_value
	.byte	21                              @ Abbrev [21] 0x7ac:0x7 DW_TAG_enumerator
	.long	.Linfo_string231                @ DW_AT_name
	.ascii	"\2050"                         @ DW_AT_const_value
	.byte	21                              @ Abbrev [21] 0x7b3:0x7 DW_TAG_enumerator
	.long	.Linfo_string232                @ DW_AT_name
	.ascii	"\2060"                         @ DW_AT_const_value
	.byte	21                              @ Abbrev [21] 0x7ba:0x7 DW_TAG_enumerator
	.long	.Linfo_string233                @ DW_AT_name
	.ascii	"\2070"                         @ DW_AT_const_value
	.byte	21                              @ Abbrev [21] 0x7c1:0x7 DW_TAG_enumerator
	.long	.Linfo_string234                @ DW_AT_name
	.ascii	"\2100"                         @ DW_AT_const_value
	.byte	21                              @ Abbrev [21] 0x7c8:0x7 DW_TAG_enumerator
	.long	.Linfo_string235                @ DW_AT_name
	.ascii	"\2110"                         @ DW_AT_const_value
	.byte	21                              @ Abbrev [21] 0x7cf:0x7 DW_TAG_enumerator
	.long	.Linfo_string236                @ DW_AT_name
	.ascii	"\2120"                         @ DW_AT_const_value
	.byte	21                              @ Abbrev [21] 0x7d6:0x7 DW_TAG_enumerator
	.long	.Linfo_string237                @ DW_AT_name
	.ascii	"\2150"                         @ DW_AT_const_value
	.byte	21                              @ Abbrev [21] 0x7dd:0x7 DW_TAG_enumerator
	.long	.Linfo_string238                @ DW_AT_name
	.ascii	"\2160"                         @ DW_AT_const_value
	.byte	21                              @ Abbrev [21] 0x7e4:0x7 DW_TAG_enumerator
	.long	.Linfo_string239                @ DW_AT_name
	.ascii	"\2170"                         @ DW_AT_const_value
	.byte	21                              @ Abbrev [21] 0x7eb:0x7 DW_TAG_enumerator
	.long	.Linfo_string240                @ DW_AT_name
	.ascii	"\2200"                         @ DW_AT_const_value
	.byte	21                              @ Abbrev [21] 0x7f2:0x7 DW_TAG_enumerator
	.long	.Linfo_string241                @ DW_AT_name
	.ascii	"\2210"                         @ DW_AT_const_value
	.byte	21                              @ Abbrev [21] 0x7f9:0x7 DW_TAG_enumerator
	.long	.Linfo_string242                @ DW_AT_name
	.ascii	"\2220"                         @ DW_AT_const_value
	.byte	21                              @ Abbrev [21] 0x800:0x7 DW_TAG_enumerator
	.long	.Linfo_string243                @ DW_AT_name
	.ascii	"\2230"                         @ DW_AT_const_value
	.byte	21                              @ Abbrev [21] 0x807:0x7 DW_TAG_enumerator
	.long	.Linfo_string244                @ DW_AT_name
	.ascii	"\2240"                         @ DW_AT_const_value
	.byte	21                              @ Abbrev [21] 0x80e:0x7 DW_TAG_enumerator
	.long	.Linfo_string245                @ DW_AT_name
	.ascii	"\2260"                         @ DW_AT_const_value
	.byte	21                              @ Abbrev [21] 0x815:0x7 DW_TAG_enumerator
	.long	.Linfo_string246                @ DW_AT_name
	.ascii	"\2300"                         @ DW_AT_const_value
	.byte	21                              @ Abbrev [21] 0x81c:0x7 DW_TAG_enumerator
	.long	.Linfo_string247                @ DW_AT_name
	.ascii	"\2310"                         @ DW_AT_const_value
	.byte	21                              @ Abbrev [21] 0x823:0x7 DW_TAG_enumerator
	.long	.Linfo_string248                @ DW_AT_name
	.ascii	"\2330"                         @ DW_AT_const_value
	.byte	21                              @ Abbrev [21] 0x82a:0x7 DW_TAG_enumerator
	.long	.Linfo_string249                @ DW_AT_name
	.ascii	"\2340"                         @ DW_AT_const_value
	.byte	21                              @ Abbrev [21] 0x831:0x7 DW_TAG_enumerator
	.long	.Linfo_string250                @ DW_AT_name
	.ascii	"\2350"                         @ DW_AT_const_value
	.byte	21                              @ Abbrev [21] 0x838:0x7 DW_TAG_enumerator
	.long	.Linfo_string251                @ DW_AT_name
	.ascii	"\2360"                         @ DW_AT_const_value
	.byte	21                              @ Abbrev [21] 0x83f:0x7 DW_TAG_enumerator
	.long	.Linfo_string252                @ DW_AT_name
	.ascii	"\2420"                         @ DW_AT_const_value
	.byte	21                              @ Abbrev [21] 0x846:0x7 DW_TAG_enumerator
	.long	.Linfo_string253                @ DW_AT_name
	.ascii	"\2370"                         @ DW_AT_const_value
	.byte	21                              @ Abbrev [21] 0x84d:0x7 DW_TAG_enumerator
	.long	.Linfo_string254                @ DW_AT_name
	.ascii	"\200N"                         @ DW_AT_const_value
	.byte	21                              @ Abbrev [21] 0x854:0x7 DW_TAG_enumerator
	.long	.Linfo_string255                @ DW_AT_name
	.ascii	"\201N"                         @ DW_AT_const_value
	.byte	21                              @ Abbrev [21] 0x85b:0x7 DW_TAG_enumerator
	.long	.Linfo_string256                @ DW_AT_name
	.ascii	"\202N"                         @ DW_AT_const_value
	.byte	21                              @ Abbrev [21] 0x862:0x7 DW_TAG_enumerator
	.long	.Linfo_string257                @ DW_AT_name
	.ascii	"\203N"                         @ DW_AT_const_value
	.byte	21                              @ Abbrev [21] 0x869:0x7 DW_TAG_enumerator
	.long	.Linfo_string258                @ DW_AT_name
	.ascii	"\204N"                         @ DW_AT_const_value
	.byte	21                              @ Abbrev [21] 0x870:0x7 DW_TAG_enumerator
	.long	.Linfo_string259                @ DW_AT_name
	.ascii	"\205N"                         @ DW_AT_const_value
	.byte	21                              @ Abbrev [21] 0x877:0x7 DW_TAG_enumerator
	.long	.Linfo_string260                @ DW_AT_name
	.ascii	"\206N"                         @ DW_AT_const_value
	.byte	21                              @ Abbrev [21] 0x87e:0x7 DW_TAG_enumerator
	.long	.Linfo_string261                @ DW_AT_name
	.ascii	"\207N"                         @ DW_AT_const_value
	.byte	21                              @ Abbrev [21] 0x885:0x7 DW_TAG_enumerator
	.long	.Linfo_string262                @ DW_AT_name
	.ascii	"\220N"                         @ DW_AT_const_value
	.byte	21                              @ Abbrev [21] 0x88c:0x7 DW_TAG_enumerator
	.long	.Linfo_string263                @ DW_AT_name
	.ascii	"\220N"                         @ DW_AT_const_value
	.byte	21                              @ Abbrev [21] 0x893:0x7 DW_TAG_enumerator
	.long	.Linfo_string264                @ DW_AT_name
	.ascii	"\221N"                         @ DW_AT_const_value
	.byte	21                              @ Abbrev [21] 0x89a:0x7 DW_TAG_enumerator
	.long	.Linfo_string265                @ DW_AT_name
	.ascii	"\222N"                         @ DW_AT_const_value
	.byte	21                              @ Abbrev [21] 0x8a1:0x7 DW_TAG_enumerator
	.long	.Linfo_string266                @ DW_AT_name
	.ascii	"\223N"                         @ DW_AT_const_value
	.byte	21                              @ Abbrev [21] 0x8a8:0x7 DW_TAG_enumerator
	.long	.Linfo_string267                @ DW_AT_name
	.ascii	"\224N"                         @ DW_AT_const_value
	.byte	21                              @ Abbrev [21] 0x8af:0x7 DW_TAG_enumerator
	.long	.Linfo_string268                @ DW_AT_name
	.ascii	"\225N"                         @ DW_AT_const_value
	.byte	21                              @ Abbrev [21] 0x8b6:0x7 DW_TAG_enumerator
	.long	.Linfo_string269                @ DW_AT_name
	.ascii	"\226N"                         @ DW_AT_const_value
	.byte	21                              @ Abbrev [21] 0x8bd:0x7 DW_TAG_enumerator
	.long	.Linfo_string270                @ DW_AT_name
	.ascii	"\227N"                         @ DW_AT_const_value
	.byte	21                              @ Abbrev [21] 0x8c4:0x7 DW_TAG_enumerator
	.long	.Linfo_string271                @ DW_AT_name
	.ascii	"\230N"                         @ DW_AT_const_value
	.byte	21                              @ Abbrev [21] 0x8cb:0x7 DW_TAG_enumerator
	.long	.Linfo_string272                @ DW_AT_name
	.ascii	"\231N"                         @ DW_AT_const_value
	.byte	21                              @ Abbrev [21] 0x8d2:0x7 DW_TAG_enumerator
	.long	.Linfo_string273                @ DW_AT_name
	.ascii	"\232N"                         @ DW_AT_const_value
	.byte	21                              @ Abbrev [21] 0x8d9:0x7 DW_TAG_enumerator
	.long	.Linfo_string274                @ DW_AT_name
	.ascii	"\233N"                         @ DW_AT_const_value
	.byte	21                              @ Abbrev [21] 0x8e0:0x7 DW_TAG_enumerator
	.long	.Linfo_string275                @ DW_AT_name
	.ascii	"\234N"                         @ DW_AT_const_value
	.byte	21                              @ Abbrev [21] 0x8e7:0x7 DW_TAG_enumerator
	.long	.Linfo_string276                @ DW_AT_name
	.ascii	"\235N"                         @ DW_AT_const_value
	.byte	21                              @ Abbrev [21] 0x8ee:0x7 DW_TAG_enumerator
	.long	.Linfo_string277                @ DW_AT_name
	.ascii	"\240N"                         @ DW_AT_const_value
	.byte	21                              @ Abbrev [21] 0x8f5:0x7 DW_TAG_enumerator
	.long	.Linfo_string278                @ DW_AT_name
	.ascii	"\241N"                         @ DW_AT_const_value
	.byte	21                              @ Abbrev [21] 0x8fc:0x7 DW_TAG_enumerator
	.long	.Linfo_string279                @ DW_AT_name
	.ascii	"\242N"                         @ DW_AT_const_value
	.byte	21                              @ Abbrev [21] 0x903:0x7 DW_TAG_enumerator
	.long	.Linfo_string280                @ DW_AT_name
	.ascii	"\243N"                         @ DW_AT_const_value
	.byte	21                              @ Abbrev [21] 0x90a:0x7 DW_TAG_enumerator
	.long	.Linfo_string281                @ DW_AT_name
	.ascii	"\244N"                         @ DW_AT_const_value
	.byte	21                              @ Abbrev [21] 0x911:0x7 DW_TAG_enumerator
	.long	.Linfo_string282                @ DW_AT_name
	.ascii	"\245N"                         @ DW_AT_const_value
	.byte	21                              @ Abbrev [21] 0x918:0x7 DW_TAG_enumerator
	.long	.Linfo_string283                @ DW_AT_name
	.ascii	"\246N"                         @ DW_AT_const_value
	.byte	21                              @ Abbrev [21] 0x91f:0x7 DW_TAG_enumerator
	.long	.Linfo_string284                @ DW_AT_name
	.ascii	"\247N"                         @ DW_AT_const_value
	.byte	21                              @ Abbrev [21] 0x926:0x7 DW_TAG_enumerator
	.long	.Linfo_string285                @ DW_AT_name
	.ascii	"\250N"                         @ DW_AT_const_value
	.byte	21                              @ Abbrev [21] 0x92d:0x7 DW_TAG_enumerator
	.long	.Linfo_string286                @ DW_AT_name
	.ascii	"\251N"                         @ DW_AT_const_value
	.byte	21                              @ Abbrev [21] 0x934:0x7 DW_TAG_enumerator
	.long	.Linfo_string287                @ DW_AT_name
	.ascii	"\252N"                         @ DW_AT_const_value
	.byte	21                              @ Abbrev [21] 0x93b:0x7 DW_TAG_enumerator
	.long	.Linfo_string288                @ DW_AT_name
	.ascii	"\253N"                         @ DW_AT_const_value
	.byte	21                              @ Abbrev [21] 0x942:0x7 DW_TAG_enumerator
	.long	.Linfo_string289                @ DW_AT_name
	.ascii	"\254N"                         @ DW_AT_const_value
	.byte	21                              @ Abbrev [21] 0x949:0x7 DW_TAG_enumerator
	.long	.Linfo_string290                @ DW_AT_name
	.ascii	"\255N"                         @ DW_AT_const_value
	.byte	21                              @ Abbrev [21] 0x950:0x7 DW_TAG_enumerator
	.long	.Linfo_string291                @ DW_AT_name
	.ascii	"\256N"                         @ DW_AT_const_value
	.byte	21                              @ Abbrev [21] 0x957:0x7 DW_TAG_enumerator
	.long	.Linfo_string292                @ DW_AT_name
	.ascii	"\257N"                         @ DW_AT_const_value
	.byte	21                              @ Abbrev [21] 0x95e:0x7 DW_TAG_enumerator
	.long	.Linfo_string293                @ DW_AT_name
	.ascii	"\260N"                         @ DW_AT_const_value
	.byte	21                              @ Abbrev [21] 0x965:0x7 DW_TAG_enumerator
	.long	.Linfo_string294                @ DW_AT_name
	.ascii	"\261N"                         @ DW_AT_const_value
	.byte	21                              @ Abbrev [21] 0x96c:0x7 DW_TAG_enumerator
	.long	.Linfo_string295                @ DW_AT_name
	.ascii	"\262N"                         @ DW_AT_const_value
	.byte	21                              @ Abbrev [21] 0x973:0x7 DW_TAG_enumerator
	.long	.Linfo_string296                @ DW_AT_name
	.ascii	"\263N"                         @ DW_AT_const_value
	.byte	21                              @ Abbrev [21] 0x97a:0x7 DW_TAG_enumerator
	.long	.Linfo_string297                @ DW_AT_name
	.ascii	"\264N"                         @ DW_AT_const_value
	.byte	21                              @ Abbrev [21] 0x981:0x7 DW_TAG_enumerator
	.long	.Linfo_string298                @ DW_AT_name
	.ascii	"\265N"                         @ DW_AT_const_value
	.byte	21                              @ Abbrev [21] 0x988:0x7 DW_TAG_enumerator
	.long	.Linfo_string299                @ DW_AT_name
	.ascii	"\300N"                         @ DW_AT_const_value
	.byte	21                              @ Abbrev [21] 0x98f:0x7 DW_TAG_enumerator
	.long	.Linfo_string300                @ DW_AT_name
	.ascii	"\301N"                         @ DW_AT_const_value
	.byte	21                              @ Abbrev [21] 0x996:0x7 DW_TAG_enumerator
	.long	.Linfo_string301                @ DW_AT_name
	.ascii	"\302N"                         @ DW_AT_const_value
	.byte	21                              @ Abbrev [21] 0x99d:0x7 DW_TAG_enumerator
	.long	.Linfo_string302                @ DW_AT_name
	.ascii	"\303N"                         @ DW_AT_const_value
	.byte	21                              @ Abbrev [21] 0x9a4:0x7 DW_TAG_enumerator
	.long	.Linfo_string303                @ DW_AT_name
	.ascii	"\304N"                         @ DW_AT_const_value
	.byte	21                              @ Abbrev [21] 0x9ab:0x7 DW_TAG_enumerator
	.long	.Linfo_string304                @ DW_AT_name
	.ascii	"\305N"                         @ DW_AT_const_value
	.byte	21                              @ Abbrev [21] 0x9b2:0x7 DW_TAG_enumerator
	.long	.Linfo_string305                @ DW_AT_name
	.ascii	"\306N"                         @ DW_AT_const_value
	.byte	21                              @ Abbrev [21] 0x9b9:0x7 DW_TAG_enumerator
	.long	.Linfo_string306                @ DW_AT_name
	.ascii	"\307N"                         @ DW_AT_const_value
	.byte	21                              @ Abbrev [21] 0x9c0:0x7 DW_TAG_enumerator
	.long	.Linfo_string307                @ DW_AT_name
	.ascii	"\310N"                         @ DW_AT_const_value
	.byte	21                              @ Abbrev [21] 0x9c7:0x7 DW_TAG_enumerator
	.long	.Linfo_string308                @ DW_AT_name
	.ascii	"\311N"                         @ DW_AT_const_value
	.byte	21                              @ Abbrev [21] 0x9ce:0x7 DW_TAG_enumerator
	.long	.Linfo_string309                @ DW_AT_name
	.ascii	"\312N"                         @ DW_AT_const_value
	.byte	21                              @ Abbrev [21] 0x9d5:0x7 DW_TAG_enumerator
	.long	.Linfo_string310                @ DW_AT_name
	.ascii	"\313N"                         @ DW_AT_const_value
	.byte	21                              @ Abbrev [21] 0x9dc:0x7 DW_TAG_enumerator
	.long	.Linfo_string311                @ DW_AT_name
	.ascii	"\314N"                         @ DW_AT_const_value
	.byte	21                              @ Abbrev [21] 0x9e3:0x7 DW_TAG_enumerator
	.long	.Linfo_string312                @ DW_AT_name
	.ascii	"\315N"                         @ DW_AT_const_value
	.byte	21                              @ Abbrev [21] 0x9ea:0x7 DW_TAG_enumerator
	.long	.Linfo_string313                @ DW_AT_name
	.ascii	"\316N"                         @ DW_AT_const_value
	.byte	21                              @ Abbrev [21] 0x9f1:0x7 DW_TAG_enumerator
	.long	.Linfo_string314                @ DW_AT_name
	.ascii	"\317N"                         @ DW_AT_const_value
	.byte	21                              @ Abbrev [21] 0x9f8:0x7 DW_TAG_enumerator
	.long	.Linfo_string315                @ DW_AT_name
	.ascii	"\320N"                         @ DW_AT_const_value
	.byte	21                              @ Abbrev [21] 0x9ff:0x7 DW_TAG_enumerator
	.long	.Linfo_string316                @ DW_AT_name
	.ascii	"\321N"                         @ DW_AT_const_value
	.byte	21                              @ Abbrev [21] 0xa06:0x7 DW_TAG_enumerator
	.long	.Linfo_string317                @ DW_AT_name
	.ascii	"\322N"                         @ DW_AT_const_value
	.byte	21                              @ Abbrev [21] 0xa0d:0x7 DW_TAG_enumerator
	.long	.Linfo_string318                @ DW_AT_name
	.ascii	"\323N"                         @ DW_AT_const_value
	.byte	21                              @ Abbrev [21] 0xa14:0x7 DW_TAG_enumerator
	.long	.Linfo_string319                @ DW_AT_name
	.ascii	"\324N"                         @ DW_AT_const_value
	.byte	21                              @ Abbrev [21] 0xa1b:0x7 DW_TAG_enumerator
	.long	.Linfo_string320                @ DW_AT_name
	.ascii	"\325N"                         @ DW_AT_const_value
	.byte	21                              @ Abbrev [21] 0xa22:0x7 DW_TAG_enumerator
	.long	.Linfo_string321                @ DW_AT_name
	.ascii	"\326N"                         @ DW_AT_const_value
	.byte	21                              @ Abbrev [21] 0xa29:0x7 DW_TAG_enumerator
	.long	.Linfo_string322                @ DW_AT_name
	.ascii	"\327N"                         @ DW_AT_const_value
	.byte	21                              @ Abbrev [21] 0xa30:0x7 DW_TAG_enumerator
	.long	.Linfo_string323                @ DW_AT_name
	.ascii	"\340N"                         @ DW_AT_const_value
	.byte	21                              @ Abbrev [21] 0xa37:0x7 DW_TAG_enumerator
	.long	.Linfo_string324                @ DW_AT_name
	.ascii	"\341N"                         @ DW_AT_const_value
	.byte	21                              @ Abbrev [21] 0xa3e:0x7 DW_TAG_enumerator
	.long	.Linfo_string325                @ DW_AT_name
	.ascii	"\342N"                         @ DW_AT_const_value
	.byte	21                              @ Abbrev [21] 0xa45:0x7 DW_TAG_enumerator
	.long	.Linfo_string326                @ DW_AT_name
	.ascii	"\343N"                         @ DW_AT_const_value
	.byte	21                              @ Abbrev [21] 0xa4c:0x7 DW_TAG_enumerator
	.long	.Linfo_string327                @ DW_AT_name
	.ascii	"\344N"                         @ DW_AT_const_value
	.byte	21                              @ Abbrev [21] 0xa53:0x7 DW_TAG_enumerator
	.long	.Linfo_string328                @ DW_AT_name
	.ascii	"\345N"                         @ DW_AT_const_value
	.byte	21                              @ Abbrev [21] 0xa5a:0x7 DW_TAG_enumerator
	.long	.Linfo_string329                @ DW_AT_name
	.ascii	"\346N"                         @ DW_AT_const_value
	.byte	21                              @ Abbrev [21] 0xa61:0x7 DW_TAG_enumerator
	.long	.Linfo_string330                @ DW_AT_name
	.ascii	"\347N"                         @ DW_AT_const_value
	.byte	21                              @ Abbrev [21] 0xa68:0x7 DW_TAG_enumerator
	.long	.Linfo_string331                @ DW_AT_name
	.ascii	"\350N"                         @ DW_AT_const_value
	.byte	21                              @ Abbrev [21] 0xa6f:0x7 DW_TAG_enumerator
	.long	.Linfo_string332                @ DW_AT_name
	.ascii	"\200O"                         @ DW_AT_const_value
	.byte	21                              @ Abbrev [21] 0xa76:0x7 DW_TAG_enumerator
	.long	.Linfo_string333                @ DW_AT_name
	.ascii	"\201O"                         @ DW_AT_const_value
	.byte	21                              @ Abbrev [21] 0xa7d:0x7 DW_TAG_enumerator
	.long	.Linfo_string334                @ DW_AT_name
	.ascii	"\202O"                         @ DW_AT_const_value
	.byte	21                              @ Abbrev [21] 0xa84:0x7 DW_TAG_enumerator
	.long	.Linfo_string335                @ DW_AT_name
	.ascii	"\203O"                         @ DW_AT_const_value
	.byte	21                              @ Abbrev [21] 0xa8b:0x7 DW_TAG_enumerator
	.long	.Linfo_string336                @ DW_AT_name
	.ascii	"\204O"                         @ DW_AT_const_value
	.byte	21                              @ Abbrev [21] 0xa92:0x7 DW_TAG_enumerator
	.long	.Linfo_string337                @ DW_AT_name
	.ascii	"\205O"                         @ DW_AT_const_value
	.byte	21                              @ Abbrev [21] 0xa99:0x7 DW_TAG_enumerator
	.long	.Linfo_string338                @ DW_AT_name
	.ascii	"\206O"                         @ DW_AT_const_value
	.byte	21                              @ Abbrev [21] 0xaa0:0x7 DW_TAG_enumerator
	.long	.Linfo_string339                @ DW_AT_name
	.ascii	"\207O"                         @ DW_AT_const_value
	.byte	21                              @ Abbrev [21] 0xaa7:0x7 DW_TAG_enumerator
	.long	.Linfo_string340                @ DW_AT_name
	.ascii	"\240O"                         @ DW_AT_const_value
	.byte	21                              @ Abbrev [21] 0xaae:0x7 DW_TAG_enumerator
	.long	.Linfo_string341                @ DW_AT_name
	.ascii	"\241O"                         @ DW_AT_const_value
	.byte	21                              @ Abbrev [21] 0xab5:0x7 DW_TAG_enumerator
	.long	.Linfo_string342                @ DW_AT_name
	.ascii	"\242O"                         @ DW_AT_const_value
	.byte	21                              @ Abbrev [21] 0xabc:0x7 DW_TAG_enumerator
	.long	.Linfo_string343                @ DW_AT_name
	.ascii	"\243O"                         @ DW_AT_const_value
	.byte	21                              @ Abbrev [21] 0xac3:0x7 DW_TAG_enumerator
	.long	.Linfo_string344                @ DW_AT_name
	.ascii	"\244O"                         @ DW_AT_const_value
	.byte	21                              @ Abbrev [21] 0xaca:0x7 DW_TAG_enumerator
	.long	.Linfo_string345                @ DW_AT_name
	.ascii	"\245O"                         @ DW_AT_const_value
	.byte	21                              @ Abbrev [21] 0xad1:0x7 DW_TAG_enumerator
	.long	.Linfo_string346                @ DW_AT_name
	.ascii	"\246O"                         @ DW_AT_const_value
	.byte	21                              @ Abbrev [21] 0xad8:0x7 DW_TAG_enumerator
	.long	.Linfo_string347                @ DW_AT_name
	.ascii	"\247O"                         @ DW_AT_const_value
	.byte	21                              @ Abbrev [21] 0xadf:0x7 DW_TAG_enumerator
	.long	.Linfo_string348                @ DW_AT_name
	.ascii	"\250O"                         @ DW_AT_const_value
	.byte	21                              @ Abbrev [21] 0xae6:0x7 DW_TAG_enumerator
	.long	.Linfo_string349                @ DW_AT_name
	.ascii	"\251O"                         @ DW_AT_const_value
	.byte	21                              @ Abbrev [21] 0xaed:0x7 DW_TAG_enumerator
	.long	.Linfo_string350                @ DW_AT_name
	.ascii	"\252O"                         @ DW_AT_const_value
	.byte	21                              @ Abbrev [21] 0xaf4:0x7 DW_TAG_enumerator
	.long	.Linfo_string351                @ DW_AT_name
	.ascii	"\253O"                         @ DW_AT_const_value
	.byte	21                              @ Abbrev [21] 0xafb:0x7 DW_TAG_enumerator
	.long	.Linfo_string352                @ DW_AT_name
	.ascii	"\254O"                         @ DW_AT_const_value
	.byte	21                              @ Abbrev [21] 0xb02:0x7 DW_TAG_enumerator
	.long	.Linfo_string353                @ DW_AT_name
	.ascii	"\255O"                         @ DW_AT_const_value
	.byte	21                              @ Abbrev [21] 0xb09:0x7 DW_TAG_enumerator
	.long	.Linfo_string354                @ DW_AT_name
	.ascii	"\256O"                         @ DW_AT_const_value
	.byte	21                              @ Abbrev [21] 0xb10:0x7 DW_TAG_enumerator
	.long	.Linfo_string355                @ DW_AT_name
	.ascii	"\257O"                         @ DW_AT_const_value
	.byte	21                              @ Abbrev [21] 0xb17:0x7 DW_TAG_enumerator
	.long	.Linfo_string356                @ DW_AT_name
	.ascii	"\260O"                         @ DW_AT_const_value
	.byte	21                              @ Abbrev [21] 0xb1e:0x7 DW_TAG_enumerator
	.long	.Linfo_string357                @ DW_AT_name
	.ascii	"\261O"                         @ DW_AT_const_value
	.byte	21                              @ Abbrev [21] 0xb25:0x7 DW_TAG_enumerator
	.long	.Linfo_string358                @ DW_AT_name
	.ascii	"\262O"                         @ DW_AT_const_value
	.byte	21                              @ Abbrev [21] 0xb2c:0x7 DW_TAG_enumerator
	.long	.Linfo_string359                @ DW_AT_name
	.ascii	"\263O"                         @ DW_AT_const_value
	.byte	21                              @ Abbrev [21] 0xb33:0x7 DW_TAG_enumerator
	.long	.Linfo_string360                @ DW_AT_name
	.ascii	"\264O"                         @ DW_AT_const_value
	.byte	21                              @ Abbrev [21] 0xb3a:0x7 DW_TAG_enumerator
	.long	.Linfo_string361                @ DW_AT_name
	.ascii	"\200P"                         @ DW_AT_const_value
	.byte	21                              @ Abbrev [21] 0xb41:0x7 DW_TAG_enumerator
	.long	.Linfo_string362                @ DW_AT_name
	.ascii	"\201P"                         @ DW_AT_const_value
	.byte	21                              @ Abbrev [21] 0xb48:0x7 DW_TAG_enumerator
	.long	.Linfo_string363                @ DW_AT_name
	.ascii	"\202P"                         @ DW_AT_const_value
	.byte	21                              @ Abbrev [21] 0xb4f:0x7 DW_TAG_enumerator
	.long	.Linfo_string364                @ DW_AT_name
	.ascii	"\203P"                         @ DW_AT_const_value
	.byte	21                              @ Abbrev [21] 0xb56:0x7 DW_TAG_enumerator
	.long	.Linfo_string365                @ DW_AT_name
	.ascii	"\200R"                         @ DW_AT_const_value
	.byte	21                              @ Abbrev [21] 0xb5d:0x7 DW_TAG_enumerator
	.long	.Linfo_string366                @ DW_AT_name
	.ascii	"\201R"                         @ DW_AT_const_value
	.byte	21                              @ Abbrev [21] 0xb64:0x7 DW_TAG_enumerator
	.long	.Linfo_string367                @ DW_AT_name
	.ascii	"\202R"                         @ DW_AT_const_value
	.byte	21                              @ Abbrev [21] 0xb6b:0x7 DW_TAG_enumerator
	.long	.Linfo_string368                @ DW_AT_name
	.ascii	"\203R"                         @ DW_AT_const_value
	.byte	21                              @ Abbrev [21] 0xb72:0x7 DW_TAG_enumerator
	.long	.Linfo_string369                @ DW_AT_name
	.ascii	"\204R"                         @ DW_AT_const_value
	.byte	21                              @ Abbrev [21] 0xb79:0x7 DW_TAG_enumerator
	.long	.Linfo_string370                @ DW_AT_name
	.ascii	"\205R"                         @ DW_AT_const_value
	.byte	21                              @ Abbrev [21] 0xb80:0x7 DW_TAG_enumerator
	.long	.Linfo_string371                @ DW_AT_name
	.ascii	"\206R"                         @ DW_AT_const_value
	.byte	21                              @ Abbrev [21] 0xb87:0x7 DW_TAG_enumerator
	.long	.Linfo_string372                @ DW_AT_name
	.ascii	"\207R"                         @ DW_AT_const_value
	.byte	21                              @ Abbrev [21] 0xb8e:0x7 DW_TAG_enumerator
	.long	.Linfo_string373                @ DW_AT_name
	.ascii	"\210R"                         @ DW_AT_const_value
	.byte	21                              @ Abbrev [21] 0xb95:0x7 DW_TAG_enumerator
	.long	.Linfo_string374                @ DW_AT_name
	.ascii	"\200T"                         @ DW_AT_const_value
	.byte	21                              @ Abbrev [21] 0xb9c:0x7 DW_TAG_enumerator
	.long	.Linfo_string375                @ DW_AT_name
	.ascii	"\201T"                         @ DW_AT_const_value
	.byte	21                              @ Abbrev [21] 0xba3:0x7 DW_TAG_enumerator
	.long	.Linfo_string376                @ DW_AT_name
	.ascii	"\202T"                         @ DW_AT_const_value
	.byte	21                              @ Abbrev [21] 0xbaa:0x7 DW_TAG_enumerator
	.long	.Linfo_string377                @ DW_AT_name
	.ascii	"\203T"                         @ DW_AT_const_value
	.byte	21                              @ Abbrev [21] 0xbb1:0x7 DW_TAG_enumerator
	.long	.Linfo_string378                @ DW_AT_name
	.ascii	"\204T"                         @ DW_AT_const_value
	.byte	21                              @ Abbrev [21] 0xbb8:0x7 DW_TAG_enumerator
	.long	.Linfo_string379                @ DW_AT_name
	.ascii	"\205T"                         @ DW_AT_const_value
	.byte	21                              @ Abbrev [21] 0xbbf:0x7 DW_TAG_enumerator
	.long	.Linfo_string380                @ DW_AT_name
	.ascii	"\206T"                         @ DW_AT_const_value
	.byte	21                              @ Abbrev [21] 0xbc6:0x7 DW_TAG_enumerator
	.long	.Linfo_string381                @ DW_AT_name
	.ascii	"\207T"                         @ DW_AT_const_value
	.byte	21                              @ Abbrev [21] 0xbcd:0x7 DW_TAG_enumerator
	.long	.Linfo_string382                @ DW_AT_name
	.ascii	"\210T"                         @ DW_AT_const_value
	.byte	21                              @ Abbrev [21] 0xbd4:0x7 DW_TAG_enumerator
	.long	.Linfo_string383                @ DW_AT_name
	.ascii	"\211T"                         @ DW_AT_const_value
	.byte	21                              @ Abbrev [21] 0xbdb:0x7 DW_TAG_enumerator
	.long	.Linfo_string384                @ DW_AT_name
	.ascii	"\212T"                         @ DW_AT_const_value
	.byte	21                              @ Abbrev [21] 0xbe2:0x7 DW_TAG_enumerator
	.long	.Linfo_string385                @ DW_AT_name
	.ascii	"\214T"                         @ DW_AT_const_value
	.byte	21                              @ Abbrev [21] 0xbe9:0x7 DW_TAG_enumerator
	.long	.Linfo_string386                @ DW_AT_name
	.ascii	"\215T"                         @ DW_AT_const_value
	.byte	21                              @ Abbrev [21] 0xbf0:0x7 DW_TAG_enumerator
	.long	.Linfo_string387                @ DW_AT_name
	.ascii	"\216T"                         @ DW_AT_const_value
	.byte	21                              @ Abbrev [21] 0xbf7:0x7 DW_TAG_enumerator
	.long	.Linfo_string388                @ DW_AT_name
	.ascii	"\217T"                         @ DW_AT_const_value
	.byte	21                              @ Abbrev [21] 0xbfe:0x7 DW_TAG_enumerator
	.long	.Linfo_string389                @ DW_AT_name
	.ascii	"\221T"                         @ DW_AT_const_value
	.byte	21                              @ Abbrev [21] 0xc05:0x7 DW_TAG_enumerator
	.long	.Linfo_string390                @ DW_AT_name
	.ascii	"\222T"                         @ DW_AT_const_value
	.byte	21                              @ Abbrev [21] 0xc0c:0x7 DW_TAG_enumerator
	.long	.Linfo_string391                @ DW_AT_name
	.ascii	"\223T"                         @ DW_AT_const_value
	.byte	21                              @ Abbrev [21] 0xc13:0x7 DW_TAG_enumerator
	.long	.Linfo_string392                @ DW_AT_name
	.ascii	"\224T"                         @ DW_AT_const_value
	.byte	21                              @ Abbrev [21] 0xc1a:0x7 DW_TAG_enumerator
	.long	.Linfo_string393                @ DW_AT_name
	.ascii	"\226T"                         @ DW_AT_const_value
	.byte	21                              @ Abbrev [21] 0xc21:0x7 DW_TAG_enumerator
	.long	.Linfo_string394                @ DW_AT_name
	.ascii	"\227T"                         @ DW_AT_const_value
	.byte	21                              @ Abbrev [21] 0xc28:0x7 DW_TAG_enumerator
	.long	.Linfo_string395                @ DW_AT_name
	.ascii	"\230T"                         @ DW_AT_const_value
	.byte	21                              @ Abbrev [21] 0xc2f:0x7 DW_TAG_enumerator
	.long	.Linfo_string396                @ DW_AT_name
	.ascii	"\231T"                         @ DW_AT_const_value
	.byte	21                              @ Abbrev [21] 0xc36:0x7 DW_TAG_enumerator
	.long	.Linfo_string397                @ DW_AT_name
	.ascii	"\234T"                         @ DW_AT_const_value
	.byte	21                              @ Abbrev [21] 0xc3d:0x7 DW_TAG_enumerator
	.long	.Linfo_string398                @ DW_AT_name
	.ascii	"\235T"                         @ DW_AT_const_value
	.byte	21                              @ Abbrev [21] 0xc44:0x7 DW_TAG_enumerator
	.long	.Linfo_string399                @ DW_AT_name
	.ascii	"\236T"                         @ DW_AT_const_value
	.byte	21                              @ Abbrev [21] 0xc4b:0x7 DW_TAG_enumerator
	.long	.Linfo_string400                @ DW_AT_name
	.ascii	"\241T"                         @ DW_AT_const_value
	.byte	21                              @ Abbrev [21] 0xc52:0x7 DW_TAG_enumerator
	.long	.Linfo_string401                @ DW_AT_name
	.ascii	"\242T"                         @ DW_AT_const_value
	.byte	21                              @ Abbrev [21] 0xc59:0x7 DW_TAG_enumerator
	.long	.Linfo_string402                @ DW_AT_name
	.ascii	"\243T"                         @ DW_AT_const_value
	.byte	21                              @ Abbrev [21] 0xc60:0x7 DW_TAG_enumerator
	.long	.Linfo_string403                @ DW_AT_name
	.ascii	"\244T"                         @ DW_AT_const_value
	.byte	21                              @ Abbrev [21] 0xc67:0x7 DW_TAG_enumerator
	.long	.Linfo_string404                @ DW_AT_name
	.ascii	"\245T"                         @ DW_AT_const_value
	.byte	21                              @ Abbrev [21] 0xc6e:0x7 DW_TAG_enumerator
	.long	.Linfo_string405                @ DW_AT_name
	.ascii	"\246T"                         @ DW_AT_const_value
	.byte	21                              @ Abbrev [21] 0xc75:0x7 DW_TAG_enumerator
	.long	.Linfo_string406                @ DW_AT_name
	.ascii	"\247T"                         @ DW_AT_const_value
	.byte	21                              @ Abbrev [21] 0xc7c:0x7 DW_TAG_enumerator
	.long	.Linfo_string407                @ DW_AT_name
	.ascii	"\250T"                         @ DW_AT_const_value
	.byte	21                              @ Abbrev [21] 0xc83:0x7 DW_TAG_enumerator
	.long	.Linfo_string408                @ DW_AT_name
	.ascii	"\251T"                         @ DW_AT_const_value
	.byte	21                              @ Abbrev [21] 0xc8a:0x7 DW_TAG_enumerator
	.long	.Linfo_string409                @ DW_AT_name
	.ascii	"\252T"                         @ DW_AT_const_value
	.byte	21                              @ Abbrev [21] 0xc91:0x7 DW_TAG_enumerator
	.long	.Linfo_string410                @ DW_AT_name
	.ascii	"\253T"                         @ DW_AT_const_value
	.byte	21                              @ Abbrev [21] 0xc98:0x7 DW_TAG_enumerator
	.long	.Linfo_string411                @ DW_AT_name
	.ascii	"\261T"                         @ DW_AT_const_value
	.byte	21                              @ Abbrev [21] 0xc9f:0x7 DW_TAG_enumerator
	.long	.Linfo_string412                @ DW_AT_name
	.ascii	"\262T"                         @ DW_AT_const_value
	.byte	21                              @ Abbrev [21] 0xca6:0x7 DW_TAG_enumerator
	.long	.Linfo_string413                @ DW_AT_name
	.ascii	"\263T"                         @ DW_AT_const_value
	.byte	21                              @ Abbrev [21] 0xcad:0x7 DW_TAG_enumerator
	.long	.Linfo_string414                @ DW_AT_name
	.ascii	"\264T"                         @ DW_AT_const_value
	.byte	21                              @ Abbrev [21] 0xcb4:0x7 DW_TAG_enumerator
	.long	.Linfo_string415                @ DW_AT_name
	.ascii	"\265T"                         @ DW_AT_const_value
	.byte	21                              @ Abbrev [21] 0xcbb:0x7 DW_TAG_enumerator
	.long	.Linfo_string416                @ DW_AT_name
	.ascii	"\266T"                         @ DW_AT_const_value
	.byte	21                              @ Abbrev [21] 0xcc2:0x7 DW_TAG_enumerator
	.long	.Linfo_string417                @ DW_AT_name
	.ascii	"\267T"                         @ DW_AT_const_value
	.byte	21                              @ Abbrev [21] 0xcc9:0x7 DW_TAG_enumerator
	.long	.Linfo_string418                @ DW_AT_name
	.ascii	"\270T"                         @ DW_AT_const_value
	.byte	21                              @ Abbrev [21] 0xcd0:0x7 DW_TAG_enumerator
	.long	.Linfo_string419                @ DW_AT_name
	.ascii	"\271T"                         @ DW_AT_const_value
	.byte	21                              @ Abbrev [21] 0xcd7:0x7 DW_TAG_enumerator
	.long	.Linfo_string420                @ DW_AT_name
	.ascii	"\277T"                         @ DW_AT_const_value
	.byte	21                              @ Abbrev [21] 0xcde:0x7 DW_TAG_enumerator
	.long	.Linfo_string421                @ DW_AT_name
	.ascii	"\300T"                         @ DW_AT_const_value
	.byte	21                              @ Abbrev [21] 0xce5:0x7 DW_TAG_enumerator
	.long	.Linfo_string422                @ DW_AT_name
	.ascii	"\301T"                         @ DW_AT_const_value
	.byte	21                              @ Abbrev [21] 0xcec:0x7 DW_TAG_enumerator
	.long	.Linfo_string423                @ DW_AT_name
	.ascii	"\302T"                         @ DW_AT_const_value
	.byte	21                              @ Abbrev [21] 0xcf3:0x7 DW_TAG_enumerator
	.long	.Linfo_string424                @ DW_AT_name
	.ascii	"\303T"                         @ DW_AT_const_value
	.byte	21                              @ Abbrev [21] 0xcfa:0x7 DW_TAG_enumerator
	.long	.Linfo_string425                @ DW_AT_name
	.ascii	"\304T"                         @ DW_AT_const_value
	.byte	21                              @ Abbrev [21] 0xd01:0x7 DW_TAG_enumerator
	.long	.Linfo_string426                @ DW_AT_name
	.ascii	"\305T"                         @ DW_AT_const_value
	.byte	21                              @ Abbrev [21] 0xd08:0x7 DW_TAG_enumerator
	.long	.Linfo_string427                @ DW_AT_name
	.ascii	"\306T"                         @ DW_AT_const_value
	.byte	21                              @ Abbrev [21] 0xd0f:0x7 DW_TAG_enumerator
	.long	.Linfo_string428                @ DW_AT_name
	.ascii	"\307T"                         @ DW_AT_const_value
	.byte	21                              @ Abbrev [21] 0xd16:0x7 DW_TAG_enumerator
	.long	.Linfo_string429                @ DW_AT_name
	.ascii	"\310T"                         @ DW_AT_const_value
	.byte	21                              @ Abbrev [21] 0xd1d:0x7 DW_TAG_enumerator
	.long	.Linfo_string430                @ DW_AT_name
	.ascii	"\311T"                         @ DW_AT_const_value
	.byte	21                              @ Abbrev [21] 0xd24:0x7 DW_TAG_enumerator
	.long	.Linfo_string431                @ DW_AT_name
	.ascii	"\312T"                         @ DW_AT_const_value
	.byte	21                              @ Abbrev [21] 0xd2b:0x7 DW_TAG_enumerator
	.long	.Linfo_string432                @ DW_AT_name
	.ascii	"\313T"                         @ DW_AT_const_value
	.byte	21                              @ Abbrev [21] 0xd32:0x7 DW_TAG_enumerator
	.long	.Linfo_string433                @ DW_AT_name
	.ascii	"\314T"                         @ DW_AT_const_value
	.byte	21                              @ Abbrev [21] 0xd39:0x7 DW_TAG_enumerator
	.long	.Linfo_string434                @ DW_AT_name
	.ascii	"\315T"                         @ DW_AT_const_value
	.byte	21                              @ Abbrev [21] 0xd40:0x7 DW_TAG_enumerator
	.long	.Linfo_string435                @ DW_AT_name
	.ascii	"\316T"                         @ DW_AT_const_value
	.byte	21                              @ Abbrev [21] 0xd47:0x7 DW_TAG_enumerator
	.long	.Linfo_string436                @ DW_AT_name
	.ascii	"\317T"                         @ DW_AT_const_value
	.byte	21                              @ Abbrev [21] 0xd4e:0x7 DW_TAG_enumerator
	.long	.Linfo_string437                @ DW_AT_name
	.ascii	"\320T"                         @ DW_AT_const_value
	.byte	21                              @ Abbrev [21] 0xd55:0x7 DW_TAG_enumerator
	.long	.Linfo_string438                @ DW_AT_name
	.ascii	"\321T"                         @ DW_AT_const_value
	.byte	21                              @ Abbrev [21] 0xd5c:0x7 DW_TAG_enumerator
	.long	.Linfo_string439                @ DW_AT_name
	.ascii	"\322T"                         @ DW_AT_const_value
	.byte	21                              @ Abbrev [21] 0xd63:0x7 DW_TAG_enumerator
	.long	.Linfo_string440                @ DW_AT_name
	.ascii	"\323T"                         @ DW_AT_const_value
	.byte	21                              @ Abbrev [21] 0xd6a:0x7 DW_TAG_enumerator
	.long	.Linfo_string441                @ DW_AT_name
	.ascii	"\324T"                         @ DW_AT_const_value
	.byte	21                              @ Abbrev [21] 0xd71:0x7 DW_TAG_enumerator
	.long	.Linfo_string442                @ DW_AT_name
	.ascii	"\325T"                         @ DW_AT_const_value
	.byte	21                              @ Abbrev [21] 0xd78:0x7 DW_TAG_enumerator
	.long	.Linfo_string443                @ DW_AT_name
	.ascii	"\333T"                         @ DW_AT_const_value
	.byte	21                              @ Abbrev [21] 0xd7f:0x7 DW_TAG_enumerator
	.long	.Linfo_string444                @ DW_AT_name
	.ascii	"\334T"                         @ DW_AT_const_value
	.byte	21                              @ Abbrev [21] 0xd86:0x7 DW_TAG_enumerator
	.long	.Linfo_string445                @ DW_AT_name
	.ascii	"\335T"                         @ DW_AT_const_value
	.byte	21                              @ Abbrev [21] 0xd8d:0x7 DW_TAG_enumerator
	.long	.Linfo_string446                @ DW_AT_name
	.ascii	"\336T"                         @ DW_AT_const_value
	.byte	21                              @ Abbrev [21] 0xd94:0x7 DW_TAG_enumerator
	.long	.Linfo_string447                @ DW_AT_name
	.ascii	"\337T"                         @ DW_AT_const_value
	.byte	21                              @ Abbrev [21] 0xd9b:0x7 DW_TAG_enumerator
	.long	.Linfo_string448                @ DW_AT_name
	.ascii	"\340T"                         @ DW_AT_const_value
	.byte	21                              @ Abbrev [21] 0xda2:0x7 DW_TAG_enumerator
	.long	.Linfo_string449                @ DW_AT_name
	.ascii	"\343T"                         @ DW_AT_const_value
	.byte	21                              @ Abbrev [21] 0xda9:0x7 DW_TAG_enumerator
	.long	.Linfo_string450                @ DW_AT_name
	.ascii	"\344T"                         @ DW_AT_const_value
	.byte	21                              @ Abbrev [21] 0xdb0:0x7 DW_TAG_enumerator
	.long	.Linfo_string451                @ DW_AT_name
	.ascii	"\345T"                         @ DW_AT_const_value
	.byte	21                              @ Abbrev [21] 0xdb7:0x7 DW_TAG_enumerator
	.long	.Linfo_string452                @ DW_AT_name
	.ascii	"\346T"                         @ DW_AT_const_value
	.byte	21                              @ Abbrev [21] 0xdbe:0x7 DW_TAG_enumerator
	.long	.Linfo_string453                @ DW_AT_name
	.ascii	"\347T"                         @ DW_AT_const_value
	.byte	21                              @ Abbrev [21] 0xdc5:0x7 DW_TAG_enumerator
	.long	.Linfo_string454                @ DW_AT_name
	.ascii	"\350T"                         @ DW_AT_const_value
	.byte	21                              @ Abbrev [21] 0xdcc:0x7 DW_TAG_enumerator
	.long	.Linfo_string455                @ DW_AT_name
	.ascii	"\351T"                         @ DW_AT_const_value
	.byte	21                              @ Abbrev [21] 0xdd3:0x7 DW_TAG_enumerator
	.long	.Linfo_string456                @ DW_AT_name
	.ascii	"\352T"                         @ DW_AT_const_value
	.byte	21                              @ Abbrev [21] 0xdda:0x7 DW_TAG_enumerator
	.long	.Linfo_string457                @ DW_AT_name
	.ascii	"\353T"                         @ DW_AT_const_value
	.byte	21                              @ Abbrev [21] 0xde1:0x7 DW_TAG_enumerator
	.long	.Linfo_string458                @ DW_AT_name
	.ascii	"\376T"                         @ DW_AT_const_value
	.byte	21                              @ Abbrev [21] 0xde8:0x7 DW_TAG_enumerator
	.long	.Linfo_string459                @ DW_AT_name
	.ascii	"\377T"                         @ DW_AT_const_value
	.byte	21                              @ Abbrev [21] 0xdef:0x7 DW_TAG_enumerator
	.long	.Linfo_string460                @ DW_AT_name
	.ascii	"\200U"                         @ DW_AT_const_value
	.byte	21                              @ Abbrev [21] 0xdf6:0x7 DW_TAG_enumerator
	.long	.Linfo_string461                @ DW_AT_name
	.ascii	"\201U"                         @ DW_AT_const_value
	.byte	21                              @ Abbrev [21] 0xdfd:0x7 DW_TAG_enumerator
	.long	.Linfo_string462                @ DW_AT_name
	.ascii	"\202U"                         @ DW_AT_const_value
	.byte	21                              @ Abbrev [21] 0xe04:0x7 DW_TAG_enumerator
	.long	.Linfo_string463                @ DW_AT_name
	.ascii	"\203U"                         @ DW_AT_const_value
	.byte	21                              @ Abbrev [21] 0xe0b:0x7 DW_TAG_enumerator
	.long	.Linfo_string464                @ DW_AT_name
	.ascii	"\204U"                         @ DW_AT_const_value
	.byte	21                              @ Abbrev [21] 0xe12:0x7 DW_TAG_enumerator
	.long	.Linfo_string465                @ DW_AT_name
	.ascii	"\205U"                         @ DW_AT_const_value
	.byte	21                              @ Abbrev [21] 0xe19:0x7 DW_TAG_enumerator
	.long	.Linfo_string466                @ DW_AT_name
	.ascii	"\206U"                         @ DW_AT_const_value
	.byte	21                              @ Abbrev [21] 0xe20:0x7 DW_TAG_enumerator
	.long	.Linfo_string467                @ DW_AT_name
	.ascii	"\207U"                         @ DW_AT_const_value
	.byte	21                              @ Abbrev [21] 0xe27:0x7 DW_TAG_enumerator
	.long	.Linfo_string468                @ DW_AT_name
	.ascii	"\210U"                         @ DW_AT_const_value
	.byte	21                              @ Abbrev [21] 0xe2e:0x7 DW_TAG_enumerator
	.long	.Linfo_string469                @ DW_AT_name
	.ascii	"\211U"                         @ DW_AT_const_value
	.byte	21                              @ Abbrev [21] 0xe35:0x7 DW_TAG_enumerator
	.long	.Linfo_string470                @ DW_AT_name
	.ascii	"\212U"                         @ DW_AT_const_value
	.byte	21                              @ Abbrev [21] 0xe3c:0x7 DW_TAG_enumerator
	.long	.Linfo_string471                @ DW_AT_name
	.ascii	"\213U"                         @ DW_AT_const_value
	.byte	21                              @ Abbrev [21] 0xe43:0x7 DW_TAG_enumerator
	.long	.Linfo_string472                @ DW_AT_name
	.ascii	"\214U"                         @ DW_AT_const_value
	.byte	21                              @ Abbrev [21] 0xe4a:0x7 DW_TAG_enumerator
	.long	.Linfo_string473                @ DW_AT_name
	.ascii	"\215U"                         @ DW_AT_const_value
	.byte	21                              @ Abbrev [21] 0xe51:0x7 DW_TAG_enumerator
	.long	.Linfo_string474                @ DW_AT_name
	.ascii	"\216U"                         @ DW_AT_const_value
	.byte	21                              @ Abbrev [21] 0xe58:0x7 DW_TAG_enumerator
	.long	.Linfo_string475                @ DW_AT_name
	.ascii	"\217U"                         @ DW_AT_const_value
	.byte	21                              @ Abbrev [21] 0xe5f:0x7 DW_TAG_enumerator
	.long	.Linfo_string476                @ DW_AT_name
	.ascii	"\220U"                         @ DW_AT_const_value
	.byte	21                              @ Abbrev [21] 0xe66:0x7 DW_TAG_enumerator
	.long	.Linfo_string477                @ DW_AT_name
	.ascii	"\221U"                         @ DW_AT_const_value
	.byte	21                              @ Abbrev [21] 0xe6d:0x7 DW_TAG_enumerator
	.long	.Linfo_string478                @ DW_AT_name
	.ascii	"\222U"                         @ DW_AT_const_value
	.byte	21                              @ Abbrev [21] 0xe74:0x7 DW_TAG_enumerator
	.long	.Linfo_string479                @ DW_AT_name
	.ascii	"\223U"                         @ DW_AT_const_value
	.byte	21                              @ Abbrev [21] 0xe7b:0x7 DW_TAG_enumerator
	.long	.Linfo_string480                @ DW_AT_name
	.ascii	"\224U"                         @ DW_AT_const_value
	.byte	21                              @ Abbrev [21] 0xe82:0x7 DW_TAG_enumerator
	.long	.Linfo_string481                @ DW_AT_name
	.ascii	"\225U"                         @ DW_AT_const_value
	.byte	21                              @ Abbrev [21] 0xe89:0x7 DW_TAG_enumerator
	.long	.Linfo_string482                @ DW_AT_name
	.ascii	"\226U"                         @ DW_AT_const_value
	.byte	21                              @ Abbrev [21] 0xe90:0x7 DW_TAG_enumerator
	.long	.Linfo_string483                @ DW_AT_name
	.ascii	"\227U"                         @ DW_AT_const_value
	.byte	21                              @ Abbrev [21] 0xe97:0x7 DW_TAG_enumerator
	.long	.Linfo_string484                @ DW_AT_name
	.ascii	"\230U"                         @ DW_AT_const_value
	.byte	21                              @ Abbrev [21] 0xe9e:0x7 DW_TAG_enumerator
	.long	.Linfo_string485                @ DW_AT_name
	.ascii	"\231U"                         @ DW_AT_const_value
	.byte	21                              @ Abbrev [21] 0xea5:0x7 DW_TAG_enumerator
	.long	.Linfo_string486                @ DW_AT_name
	.ascii	"\232U"                         @ DW_AT_const_value
	.byte	21                              @ Abbrev [21] 0xeac:0x7 DW_TAG_enumerator
	.long	.Linfo_string487                @ DW_AT_name
	.ascii	"\233U"                         @ DW_AT_const_value
	.byte	21                              @ Abbrev [21] 0xeb3:0x7 DW_TAG_enumerator
	.long	.Linfo_string488                @ DW_AT_name
	.ascii	"\234U"                         @ DW_AT_const_value
	.byte	21                              @ Abbrev [21] 0xeba:0x7 DW_TAG_enumerator
	.long	.Linfo_string489                @ DW_AT_name
	.ascii	"\235U"                         @ DW_AT_const_value
	.byte	21                              @ Abbrev [21] 0xec1:0x7 DW_TAG_enumerator
	.long	.Linfo_string490                @ DW_AT_name
	.ascii	"\236U"                         @ DW_AT_const_value
	.byte	21                              @ Abbrev [21] 0xec8:0x7 DW_TAG_enumerator
	.long	.Linfo_string491                @ DW_AT_name
	.ascii	"\237U"                         @ DW_AT_const_value
	.byte	21                              @ Abbrev [21] 0xecf:0x7 DW_TAG_enumerator
	.long	.Linfo_string492                @ DW_AT_name
	.ascii	"\242U"                         @ DW_AT_const_value
	.byte	21                              @ Abbrev [21] 0xed6:0x7 DW_TAG_enumerator
	.long	.Linfo_string493                @ DW_AT_name
	.ascii	"\244U"                         @ DW_AT_const_value
	.byte	21                              @ Abbrev [21] 0xedd:0x7 DW_TAG_enumerator
	.long	.Linfo_string494                @ DW_AT_name
	.ascii	"\245U"                         @ DW_AT_const_value
	.byte	21                              @ Abbrev [21] 0xee4:0x7 DW_TAG_enumerator
	.long	.Linfo_string495                @ DW_AT_name
	.ascii	"\246U"                         @ DW_AT_const_value
	.byte	21                              @ Abbrev [21] 0xeeb:0x7 DW_TAG_enumerator
	.long	.Linfo_string496                @ DW_AT_name
	.ascii	"\247U"                         @ DW_AT_const_value
	.byte	21                              @ Abbrev [21] 0xef2:0x7 DW_TAG_enumerator
	.long	.Linfo_string497                @ DW_AT_name
	.ascii	"\250U"                         @ DW_AT_const_value
	.byte	21                              @ Abbrev [21] 0xef9:0x7 DW_TAG_enumerator
	.long	.Linfo_string498                @ DW_AT_name
	.ascii	"\251U"                         @ DW_AT_const_value
	.byte	21                              @ Abbrev [21] 0xf00:0x7 DW_TAG_enumerator
	.long	.Linfo_string499                @ DW_AT_name
	.ascii	"\252U"                         @ DW_AT_const_value
	.byte	21                              @ Abbrev [21] 0xf07:0x7 DW_TAG_enumerator
	.long	.Linfo_string500                @ DW_AT_name
	.ascii	"\253U"                         @ DW_AT_const_value
	.byte	21                              @ Abbrev [21] 0xf0e:0x7 DW_TAG_enumerator
	.long	.Linfo_string501                @ DW_AT_name
	.ascii	"\254U"                         @ DW_AT_const_value
	.byte	21                              @ Abbrev [21] 0xf15:0x7 DW_TAG_enumerator
	.long	.Linfo_string502                @ DW_AT_name
	.ascii	"\311U"                         @ DW_AT_const_value
	.byte	0                               @ End Of Children Mark
	.byte	20                              @ Abbrev [20] 0xf1d:0x85 DW_TAG_enumeration_type
	.long	313                             @ DW_AT_type
	.long	.Linfo_string523                @ DW_AT_name
	.byte	1                               @ DW_AT_byte_size
	.byte	7                               @ DW_AT_decl_file
	.byte	50                              @ DW_AT_decl_line
	.byte	21                              @ Abbrev [21] 0xf29:0x6 DW_TAG_enumerator
	.long	.Linfo_string503                @ DW_AT_name
	.byte	0                               @ DW_AT_const_value
	.byte	21                              @ Abbrev [21] 0xf2f:0x6 DW_TAG_enumerator
	.long	.Linfo_string504                @ DW_AT_name
	.byte	1                               @ DW_AT_const_value
	.byte	21                              @ Abbrev [21] 0xf35:0x6 DW_TAG_enumerator
	.long	.Linfo_string505                @ DW_AT_name
	.byte	2                               @ DW_AT_const_value
	.byte	21                              @ Abbrev [21] 0xf3b:0x6 DW_TAG_enumerator
	.long	.Linfo_string506                @ DW_AT_name
	.byte	3                               @ DW_AT_const_value
	.byte	21                              @ Abbrev [21] 0xf41:0x6 DW_TAG_enumerator
	.long	.Linfo_string507                @ DW_AT_name
	.byte	4                               @ DW_AT_const_value
	.byte	21                              @ Abbrev [21] 0xf47:0x6 DW_TAG_enumerator
	.long	.Linfo_string508                @ DW_AT_name
	.byte	5                               @ DW_AT_const_value
	.byte	21                              @ Abbrev [21] 0xf4d:0x6 DW_TAG_enumerator
	.long	.Linfo_string509                @ DW_AT_name
	.byte	6                               @ DW_AT_const_value
	.byte	21                              @ Abbrev [21] 0xf53:0x6 DW_TAG_enumerator
	.long	.Linfo_string510                @ DW_AT_name
	.byte	7                               @ DW_AT_const_value
	.byte	21                              @ Abbrev [21] 0xf59:0x6 DW_TAG_enumerator
	.long	.Linfo_string511                @ DW_AT_name
	.byte	8                               @ DW_AT_const_value
	.byte	21                              @ Abbrev [21] 0xf5f:0x6 DW_TAG_enumerator
	.long	.Linfo_string512                @ DW_AT_name
	.byte	9                               @ DW_AT_const_value
	.byte	21                              @ Abbrev [21] 0xf65:0x6 DW_TAG_enumerator
	.long	.Linfo_string513                @ DW_AT_name
	.byte	10                              @ DW_AT_const_value
	.byte	21                              @ Abbrev [21] 0xf6b:0x6 DW_TAG_enumerator
	.long	.Linfo_string514                @ DW_AT_name
	.byte	11                              @ DW_AT_const_value
	.byte	21                              @ Abbrev [21] 0xf71:0x6 DW_TAG_enumerator
	.long	.Linfo_string515                @ DW_AT_name
	.byte	12                              @ DW_AT_const_value
	.byte	21                              @ Abbrev [21] 0xf77:0x6 DW_TAG_enumerator
	.long	.Linfo_string516                @ DW_AT_name
	.byte	13                              @ DW_AT_const_value
	.byte	21                              @ Abbrev [21] 0xf7d:0x6 DW_TAG_enumerator
	.long	.Linfo_string517                @ DW_AT_name
	.byte	14                              @ DW_AT_const_value
	.byte	21                              @ Abbrev [21] 0xf83:0x6 DW_TAG_enumerator
	.long	.Linfo_string518                @ DW_AT_name
	.byte	15                              @ DW_AT_const_value
	.byte	21                              @ Abbrev [21] 0xf89:0x6 DW_TAG_enumerator
	.long	.Linfo_string519                @ DW_AT_name
	.byte	16                              @ DW_AT_const_value
	.byte	21                              @ Abbrev [21] 0xf8f:0x6 DW_TAG_enumerator
	.long	.Linfo_string520                @ DW_AT_name
	.byte	17                              @ DW_AT_const_value
	.byte	21                              @ Abbrev [21] 0xf95:0x6 DW_TAG_enumerator
	.long	.Linfo_string521                @ DW_AT_name
	.byte	18                              @ DW_AT_const_value
	.byte	21                              @ Abbrev [21] 0xf9b:0x6 DW_TAG_enumerator
	.long	.Linfo_string522                @ DW_AT_name
	.byte	19                              @ DW_AT_const_value
	.byte	0                               @ End Of Children Mark
	.byte	20                              @ Abbrev [20] 0xfa2:0x4a DW_TAG_enumeration_type
	.long	313                             @ DW_AT_type
	.long	.Linfo_string534                @ DW_AT_name
	.byte	1                               @ DW_AT_byte_size
	.byte	2                               @ DW_AT_decl_file
	.byte	244                             @ DW_AT_decl_line
	.byte	21                              @ Abbrev [21] 0xfae:0x6 DW_TAG_enumerator
	.long	.Linfo_string524                @ DW_AT_name
	.byte	1                               @ DW_AT_const_value
	.byte	21                              @ Abbrev [21] 0xfb4:0x6 DW_TAG_enumerator
	.long	.Linfo_string525                @ DW_AT_name
	.byte	0                               @ DW_AT_const_value
	.byte	21                              @ Abbrev [21] 0xfba:0x6 DW_TAG_enumerator
	.long	.Linfo_string526                @ DW_AT_name
	.byte	2                               @ DW_AT_const_value
	.byte	21                              @ Abbrev [21] 0xfc0:0x6 DW_TAG_enumerator
	.long	.Linfo_string527                @ DW_AT_name
	.byte	1                               @ DW_AT_const_value
	.byte	21                              @ Abbrev [21] 0xfc6:0x6 DW_TAG_enumerator
	.long	.Linfo_string528                @ DW_AT_name
	.byte	28                              @ DW_AT_const_value
	.byte	21                              @ Abbrev [21] 0xfcc:0x6 DW_TAG_enumerator
	.long	.Linfo_string529                @ DW_AT_name
	.byte	2                               @ DW_AT_const_value
	.byte	21                              @ Abbrev [21] 0xfd2:0x6 DW_TAG_enumerator
	.long	.Linfo_string530                @ DW_AT_name
	.byte	96                              @ DW_AT_const_value
	.byte	21                              @ Abbrev [21] 0xfd8:0x6 DW_TAG_enumerator
	.long	.Linfo_string531                @ DW_AT_name
	.byte	5                               @ DW_AT_const_value
	.byte	21                              @ Abbrev [21] 0xfde:0x7 DW_TAG_enumerator
	.long	.Linfo_string532                @ DW_AT_name
	.ascii	"\200\001"                      @ DW_AT_const_value
	.byte	21                              @ Abbrev [21] 0xfe5:0x6 DW_TAG_enumerator
	.long	.Linfo_string533                @ DW_AT_name
	.byte	7                               @ DW_AT_const_value
	.byte	0                               @ End Of Children Mark
	.byte	23                              @ Abbrev [23] 0xfec:0x28 DW_TAG_enumeration_type
	.long	313                             @ DW_AT_type
	.byte	1                               @ DW_AT_byte_size
	.byte	2                               @ DW_AT_decl_file
	.short	299                             @ DW_AT_decl_line
	.byte	21                              @ Abbrev [21] 0xff5:0x6 DW_TAG_enumerator
	.long	.Linfo_string535                @ DW_AT_name
	.byte	0                               @ DW_AT_const_value
	.byte	21                              @ Abbrev [21] 0xffb:0x6 DW_TAG_enumerator
	.long	.Linfo_string536                @ DW_AT_name
	.byte	1                               @ DW_AT_const_value
	.byte	21                              @ Abbrev [21] 0x1001:0x6 DW_TAG_enumerator
	.long	.Linfo_string537                @ DW_AT_name
	.byte	2                               @ DW_AT_const_value
	.byte	21                              @ Abbrev [21] 0x1007:0x6 DW_TAG_enumerator
	.long	.Linfo_string538                @ DW_AT_name
	.byte	3                               @ DW_AT_const_value
	.byte	21                              @ Abbrev [21] 0x100d:0x6 DW_TAG_enumerator
	.long	.Linfo_string539                @ DW_AT_name
	.byte	4                               @ DW_AT_const_value
	.byte	0                               @ End Of Children Mark
	.byte	23                              @ Abbrev [23] 0x1014:0x28 DW_TAG_enumeration_type
	.long	313                             @ DW_AT_type
	.byte	1                               @ DW_AT_byte_size
	.byte	10                              @ DW_AT_decl_file
	.short	633                             @ DW_AT_decl_line
	.byte	21                              @ Abbrev [21] 0x101d:0x6 DW_TAG_enumerator
	.long	.Linfo_string540                @ DW_AT_name
	.byte	0                               @ DW_AT_const_value
	.byte	21                              @ Abbrev [21] 0x1023:0x6 DW_TAG_enumerator
	.long	.Linfo_string541                @ DW_AT_name
	.byte	1                               @ DW_AT_const_value
	.byte	21                              @ Abbrev [21] 0x1029:0x6 DW_TAG_enumerator
	.long	.Linfo_string542                @ DW_AT_name
	.byte	2                               @ DW_AT_const_value
	.byte	21                              @ Abbrev [21] 0x102f:0x6 DW_TAG_enumerator
	.long	.Linfo_string543                @ DW_AT_name
	.byte	3                               @ DW_AT_const_value
	.byte	21                              @ Abbrev [21] 0x1035:0x6 DW_TAG_enumerator
	.long	.Linfo_string544                @ DW_AT_name
	.byte	4                               @ DW_AT_const_value
	.byte	0                               @ End Of Children Mark
	.byte	20                              @ Abbrev [20] 0x103c:0x29 DW_TAG_enumeration_type
	.long	132                             @ DW_AT_type
	.long	.Linfo_string549                @ DW_AT_name
	.byte	2                               @ DW_AT_byte_size
	.byte	6                               @ DW_AT_decl_file
	.byte	69                              @ DW_AT_decl_line
	.byte	21                              @ Abbrev [21] 0x1048:0x8 DW_TAG_enumerator
	.long	.Linfo_string545                @ DW_AT_name
	.ascii	"\377\377\001"                  @ DW_AT_const_value
	.byte	21                              @ Abbrev [21] 0x1050:0x6 DW_TAG_enumerator
	.long	.Linfo_string546                @ DW_AT_name
	.byte	0                               @ DW_AT_const_value
	.byte	21                              @ Abbrev [21] 0x1056:0x8 DW_TAG_enumerator
	.long	.Linfo_string547                @ DW_AT_name
	.ascii	"\200\200\002"                  @ DW_AT_const_value
	.byte	21                              @ Abbrev [21] 0x105e:0x6 DW_TAG_enumerator
	.long	.Linfo_string548                @ DW_AT_name
	.byte	15                              @ DW_AT_const_value
	.byte	0                               @ End Of Children Mark
	.byte	24                              @ Abbrev [24] 0x1065:0x1c9 DW_TAG_enumeration_type
	.long	313                             @ DW_AT_type
	.long	.Linfo_string623                @ DW_AT_name
	.byte	1                               @ DW_AT_byte_size
	.byte	10                              @ DW_AT_decl_file
	.short	514                             @ DW_AT_decl_line
	.byte	21                              @ Abbrev [21] 0x1072:0x6 DW_TAG_enumerator
	.long	.Linfo_string550                @ DW_AT_name
	.byte	0                               @ DW_AT_const_value
	.byte	21                              @ Abbrev [21] 0x1078:0x6 DW_TAG_enumerator
	.long	.Linfo_string551                @ DW_AT_name
	.byte	1                               @ DW_AT_const_value
	.byte	21                              @ Abbrev [21] 0x107e:0x6 DW_TAG_enumerator
	.long	.Linfo_string552                @ DW_AT_name
	.byte	2                               @ DW_AT_const_value
	.byte	21                              @ Abbrev [21] 0x1084:0x6 DW_TAG_enumerator
	.long	.Linfo_string553                @ DW_AT_name
	.byte	3                               @ DW_AT_const_value
	.byte	21                              @ Abbrev [21] 0x108a:0x6 DW_TAG_enumerator
	.long	.Linfo_string554                @ DW_AT_name
	.byte	4                               @ DW_AT_const_value
	.byte	21                              @ Abbrev [21] 0x1090:0x6 DW_TAG_enumerator
	.long	.Linfo_string555                @ DW_AT_name
	.byte	5                               @ DW_AT_const_value
	.byte	21                              @ Abbrev [21] 0x1096:0x6 DW_TAG_enumerator
	.long	.Linfo_string556                @ DW_AT_name
	.byte	6                               @ DW_AT_const_value
	.byte	21                              @ Abbrev [21] 0x109c:0x6 DW_TAG_enumerator
	.long	.Linfo_string557                @ DW_AT_name
	.byte	7                               @ DW_AT_const_value
	.byte	21                              @ Abbrev [21] 0x10a2:0x6 DW_TAG_enumerator
	.long	.Linfo_string558                @ DW_AT_name
	.byte	8                               @ DW_AT_const_value
	.byte	21                              @ Abbrev [21] 0x10a8:0x6 DW_TAG_enumerator
	.long	.Linfo_string559                @ DW_AT_name
	.byte	9                               @ DW_AT_const_value
	.byte	21                              @ Abbrev [21] 0x10ae:0x6 DW_TAG_enumerator
	.long	.Linfo_string560                @ DW_AT_name
	.byte	10                              @ DW_AT_const_value
	.byte	21                              @ Abbrev [21] 0x10b4:0x6 DW_TAG_enumerator
	.long	.Linfo_string561                @ DW_AT_name
	.byte	11                              @ DW_AT_const_value
	.byte	21                              @ Abbrev [21] 0x10ba:0x6 DW_TAG_enumerator
	.long	.Linfo_string562                @ DW_AT_name
	.byte	12                              @ DW_AT_const_value
	.byte	21                              @ Abbrev [21] 0x10c0:0x6 DW_TAG_enumerator
	.long	.Linfo_string563                @ DW_AT_name
	.byte	13                              @ DW_AT_const_value
	.byte	21                              @ Abbrev [21] 0x10c6:0x6 DW_TAG_enumerator
	.long	.Linfo_string564                @ DW_AT_name
	.byte	14                              @ DW_AT_const_value
	.byte	21                              @ Abbrev [21] 0x10cc:0x6 DW_TAG_enumerator
	.long	.Linfo_string565                @ DW_AT_name
	.byte	15                              @ DW_AT_const_value
	.byte	21                              @ Abbrev [21] 0x10d2:0x6 DW_TAG_enumerator
	.long	.Linfo_string566                @ DW_AT_name
	.byte	16                              @ DW_AT_const_value
	.byte	21                              @ Abbrev [21] 0x10d8:0x6 DW_TAG_enumerator
	.long	.Linfo_string567                @ DW_AT_name
	.byte	20                              @ DW_AT_const_value
	.byte	21                              @ Abbrev [21] 0x10de:0x6 DW_TAG_enumerator
	.long	.Linfo_string568                @ DW_AT_name
	.byte	21                              @ DW_AT_const_value
	.byte	21                              @ Abbrev [21] 0x10e4:0x6 DW_TAG_enumerator
	.long	.Linfo_string569                @ DW_AT_name
	.byte	22                              @ DW_AT_const_value
	.byte	21                              @ Abbrev [21] 0x10ea:0x6 DW_TAG_enumerator
	.long	.Linfo_string570                @ DW_AT_name
	.byte	23                              @ DW_AT_const_value
	.byte	21                              @ Abbrev [21] 0x10f0:0x6 DW_TAG_enumerator
	.long	.Linfo_string571                @ DW_AT_name
	.byte	24                              @ DW_AT_const_value
	.byte	21                              @ Abbrev [21] 0x10f6:0x6 DW_TAG_enumerator
	.long	.Linfo_string572                @ DW_AT_name
	.byte	25                              @ DW_AT_const_value
	.byte	21                              @ Abbrev [21] 0x10fc:0x6 DW_TAG_enumerator
	.long	.Linfo_string573                @ DW_AT_name
	.byte	26                              @ DW_AT_const_value
	.byte	21                              @ Abbrev [21] 0x1102:0x6 DW_TAG_enumerator
	.long	.Linfo_string574                @ DW_AT_name
	.byte	27                              @ DW_AT_const_value
	.byte	21                              @ Abbrev [21] 0x1108:0x6 DW_TAG_enumerator
	.long	.Linfo_string575                @ DW_AT_name
	.byte	28                              @ DW_AT_const_value
	.byte	21                              @ Abbrev [21] 0x110e:0x6 DW_TAG_enumerator
	.long	.Linfo_string576                @ DW_AT_name
	.byte	29                              @ DW_AT_const_value
	.byte	21                              @ Abbrev [21] 0x1114:0x6 DW_TAG_enumerator
	.long	.Linfo_string577                @ DW_AT_name
	.byte	30                              @ DW_AT_const_value
	.byte	21                              @ Abbrev [21] 0x111a:0x6 DW_TAG_enumerator
	.long	.Linfo_string578                @ DW_AT_name
	.byte	31                              @ DW_AT_const_value
	.byte	21                              @ Abbrev [21] 0x1120:0x6 DW_TAG_enumerator
	.long	.Linfo_string579                @ DW_AT_name
	.byte	32                              @ DW_AT_const_value
	.byte	21                              @ Abbrev [21] 0x1126:0x6 DW_TAG_enumerator
	.long	.Linfo_string580                @ DW_AT_name
	.byte	33                              @ DW_AT_const_value
	.byte	21                              @ Abbrev [21] 0x112c:0x6 DW_TAG_enumerator
	.long	.Linfo_string581                @ DW_AT_name
	.byte	34                              @ DW_AT_const_value
	.byte	21                              @ Abbrev [21] 0x1132:0x6 DW_TAG_enumerator
	.long	.Linfo_string582                @ DW_AT_name
	.byte	35                              @ DW_AT_const_value
	.byte	21                              @ Abbrev [21] 0x1138:0x6 DW_TAG_enumerator
	.long	.Linfo_string583                @ DW_AT_name
	.byte	36                              @ DW_AT_const_value
	.byte	21                              @ Abbrev [21] 0x113e:0x6 DW_TAG_enumerator
	.long	.Linfo_string584                @ DW_AT_name
	.byte	37                              @ DW_AT_const_value
	.byte	21                              @ Abbrev [21] 0x1144:0x6 DW_TAG_enumerator
	.long	.Linfo_string585                @ DW_AT_name
	.byte	38                              @ DW_AT_const_value
	.byte	21                              @ Abbrev [21] 0x114a:0x6 DW_TAG_enumerator
	.long	.Linfo_string586                @ DW_AT_name
	.byte	39                              @ DW_AT_const_value
	.byte	21                              @ Abbrev [21] 0x1150:0x6 DW_TAG_enumerator
	.long	.Linfo_string587                @ DW_AT_name
	.byte	40                              @ DW_AT_const_value
	.byte	21                              @ Abbrev [21] 0x1156:0x6 DW_TAG_enumerator
	.long	.Linfo_string588                @ DW_AT_name
	.byte	41                              @ DW_AT_const_value
	.byte	21                              @ Abbrev [21] 0x115c:0x6 DW_TAG_enumerator
	.long	.Linfo_string589                @ DW_AT_name
	.byte	42                              @ DW_AT_const_value
	.byte	21                              @ Abbrev [21] 0x1162:0x6 DW_TAG_enumerator
	.long	.Linfo_string590                @ DW_AT_name
	.byte	43                              @ DW_AT_const_value
	.byte	21                              @ Abbrev [21] 0x1168:0x6 DW_TAG_enumerator
	.long	.Linfo_string591                @ DW_AT_name
	.byte	44                              @ DW_AT_const_value
	.byte	21                              @ Abbrev [21] 0x116e:0x6 DW_TAG_enumerator
	.long	.Linfo_string592                @ DW_AT_name
	.byte	45                              @ DW_AT_const_value
	.byte	21                              @ Abbrev [21] 0x1174:0x6 DW_TAG_enumerator
	.long	.Linfo_string593                @ DW_AT_name
	.byte	46                              @ DW_AT_const_value
	.byte	21                              @ Abbrev [21] 0x117a:0x6 DW_TAG_enumerator
	.long	.Linfo_string594                @ DW_AT_name
	.byte	47                              @ DW_AT_const_value
	.byte	21                              @ Abbrev [21] 0x1180:0x6 DW_TAG_enumerator
	.long	.Linfo_string595                @ DW_AT_name
	.byte	48                              @ DW_AT_const_value
	.byte	21                              @ Abbrev [21] 0x1186:0x6 DW_TAG_enumerator
	.long	.Linfo_string596                @ DW_AT_name
	.byte	49                              @ DW_AT_const_value
	.byte	21                              @ Abbrev [21] 0x118c:0x6 DW_TAG_enumerator
	.long	.Linfo_string597                @ DW_AT_name
	.byte	50                              @ DW_AT_const_value
	.byte	21                              @ Abbrev [21] 0x1192:0x6 DW_TAG_enumerator
	.long	.Linfo_string598                @ DW_AT_name
	.byte	51                              @ DW_AT_const_value
	.byte	21                              @ Abbrev [21] 0x1198:0x6 DW_TAG_enumerator
	.long	.Linfo_string599                @ DW_AT_name
	.byte	52                              @ DW_AT_const_value
	.byte	21                              @ Abbrev [21] 0x119e:0x6 DW_TAG_enumerator
	.long	.Linfo_string600                @ DW_AT_name
	.byte	53                              @ DW_AT_const_value
	.byte	21                              @ Abbrev [21] 0x11a4:0x6 DW_TAG_enumerator
	.long	.Linfo_string601                @ DW_AT_name
	.byte	54                              @ DW_AT_const_value
	.byte	21                              @ Abbrev [21] 0x11aa:0x6 DW_TAG_enumerator
	.long	.Linfo_string602                @ DW_AT_name
	.byte	55                              @ DW_AT_const_value
	.byte	21                              @ Abbrev [21] 0x11b0:0x6 DW_TAG_enumerator
	.long	.Linfo_string603                @ DW_AT_name
	.byte	56                              @ DW_AT_const_value
	.byte	21                              @ Abbrev [21] 0x11b6:0x6 DW_TAG_enumerator
	.long	.Linfo_string604                @ DW_AT_name
	.byte	57                              @ DW_AT_const_value
	.byte	21                              @ Abbrev [21] 0x11bc:0x6 DW_TAG_enumerator
	.long	.Linfo_string605                @ DW_AT_name
	.byte	58                              @ DW_AT_const_value
	.byte	21                              @ Abbrev [21] 0x11c2:0x6 DW_TAG_enumerator
	.long	.Linfo_string606                @ DW_AT_name
	.byte	59                              @ DW_AT_const_value
	.byte	21                              @ Abbrev [21] 0x11c8:0x6 DW_TAG_enumerator
	.long	.Linfo_string607                @ DW_AT_name
	.byte	60                              @ DW_AT_const_value
	.byte	21                              @ Abbrev [21] 0x11ce:0x6 DW_TAG_enumerator
	.long	.Linfo_string608                @ DW_AT_name
	.byte	61                              @ DW_AT_const_value
	.byte	21                              @ Abbrev [21] 0x11d4:0x6 DW_TAG_enumerator
	.long	.Linfo_string609                @ DW_AT_name
	.byte	62                              @ DW_AT_const_value
	.byte	21                              @ Abbrev [21] 0x11da:0x6 DW_TAG_enumerator
	.long	.Linfo_string610                @ DW_AT_name
	.byte	63                              @ DW_AT_const_value
	.byte	21                              @ Abbrev [21] 0x11e0:0x6 DW_TAG_enumerator
	.long	.Linfo_string611                @ DW_AT_name
	.byte	64                              @ DW_AT_const_value
	.byte	21                              @ Abbrev [21] 0x11e6:0x6 DW_TAG_enumerator
	.long	.Linfo_string612                @ DW_AT_name
	.byte	65                              @ DW_AT_const_value
	.byte	21                              @ Abbrev [21] 0x11ec:0x6 DW_TAG_enumerator
	.long	.Linfo_string613                @ DW_AT_name
	.byte	66                              @ DW_AT_const_value
	.byte	21                              @ Abbrev [21] 0x11f2:0x6 DW_TAG_enumerator
	.long	.Linfo_string614                @ DW_AT_name
	.byte	69                              @ DW_AT_const_value
	.byte	21                              @ Abbrev [21] 0x11f8:0x6 DW_TAG_enumerator
	.long	.Linfo_string615                @ DW_AT_name
	.byte	70                              @ DW_AT_const_value
	.byte	21                              @ Abbrev [21] 0x11fe:0x6 DW_TAG_enumerator
	.long	.Linfo_string616                @ DW_AT_name
	.byte	67                              @ DW_AT_const_value
	.byte	21                              @ Abbrev [21] 0x1204:0x6 DW_TAG_enumerator
	.long	.Linfo_string617                @ DW_AT_name
	.byte	68                              @ DW_AT_const_value
	.byte	21                              @ Abbrev [21] 0x120a:0x7 DW_TAG_enumerator
	.long	.Linfo_string618                @ DW_AT_name
	.ascii	"\240\001"                      @ DW_AT_const_value
	.byte	21                              @ Abbrev [21] 0x1211:0x7 DW_TAG_enumerator
	.long	.Linfo_string619                @ DW_AT_name
	.ascii	"\374\001"                      @ DW_AT_const_value
	.byte	21                              @ Abbrev [21] 0x1218:0x7 DW_TAG_enumerator
	.long	.Linfo_string620                @ DW_AT_name
	.ascii	"\375\001"                      @ DW_AT_const_value
	.byte	21                              @ Abbrev [21] 0x121f:0x7 DW_TAG_enumerator
	.long	.Linfo_string621                @ DW_AT_name
	.ascii	"\376\001"                      @ DW_AT_const_value
	.byte	21                              @ Abbrev [21] 0x1226:0x7 DW_TAG_enumerator
	.long	.Linfo_string622                @ DW_AT_name
	.ascii	"\377\001"                      @ DW_AT_const_value
	.byte	0                               @ End Of Children Mark
	.byte	22                              @ Abbrev [22] 0x122e:0x1b DW_TAG_enumeration_type
	.long	313                             @ DW_AT_type
	.byte	1                               @ DW_AT_byte_size
	.byte	11                              @ DW_AT_decl_file
	.byte	44                              @ DW_AT_decl_line
	.byte	21                              @ Abbrev [21] 0x1236:0x6 DW_TAG_enumerator
	.long	.Linfo_string624                @ DW_AT_name
	.byte	0                               @ DW_AT_const_value
	.byte	21                              @ Abbrev [21] 0x123c:0x6 DW_TAG_enumerator
	.long	.Linfo_string625                @ DW_AT_name
	.byte	1                               @ DW_AT_const_value
	.byte	21                              @ Abbrev [21] 0x1242:0x6 DW_TAG_enumerator
	.long	.Linfo_string626                @ DW_AT_name
	.byte	2                               @ DW_AT_const_value
	.byte	0                               @ End Of Children Mark
	.byte	14                              @ Abbrev [14] 0x1249:0x5 DW_TAG_pointer_type
	.long	302                             @ DW_AT_type
	.byte	14                              @ Abbrev [14] 0x124e:0x5 DW_TAG_pointer_type
	.long	4691                            @ DW_AT_type
	.byte	12                              @ Abbrev [12] 0x1253:0x5d DW_TAG_structure_type
	.long	.Linfo_string640                @ DW_AT_name
	.byte	32                              @ DW_AT_byte_size
	.byte	7                               @ DW_AT_decl_file
	.byte	150                             @ DW_AT_decl_line
	.byte	13                              @ Abbrev [13] 0x125b:0xc DW_TAG_member
	.long	.Linfo_string39                 @ DW_AT_name
	.long	645                             @ DW_AT_type
	.byte	7                               @ DW_AT_decl_file
	.byte	153                             @ DW_AT_decl_line
	.byte	0                               @ DW_AT_data_member_location
	.byte	13                              @ Abbrev [13] 0x1267:0xc DW_TAG_member
	.long	.Linfo_string627                @ DW_AT_name
	.long	4784                            @ DW_AT_type
	.byte	7                               @ DW_AT_decl_file
	.byte	155                             @ DW_AT_decl_line
	.byte	4                               @ DW_AT_data_member_location
	.byte	13                              @ Abbrev [13] 0x1273:0xc DW_TAG_member
	.long	.Linfo_string636                @ DW_AT_name
	.long	121                             @ DW_AT_type
	.byte	7                               @ DW_AT_decl_file
	.byte	157                             @ DW_AT_decl_line
	.byte	24                              @ DW_AT_data_member_location
	.byte	13                              @ Abbrev [13] 0x127f:0xc DW_TAG_member
	.long	.Linfo_string637                @ DW_AT_name
	.long	121                             @ DW_AT_type
	.byte	7                               @ DW_AT_decl_file
	.byte	159                             @ DW_AT_decl_line
	.byte	26                              @ DW_AT_data_member_location
	.byte	13                              @ Abbrev [13] 0x128b:0xc DW_TAG_member
	.long	.Linfo_string638                @ DW_AT_name
	.long	302                             @ DW_AT_type
	.byte	7                               @ DW_AT_decl_file
	.byte	161                             @ DW_AT_decl_line
	.byte	28                              @ DW_AT_data_member_location
	.byte	13                              @ Abbrev [13] 0x1297:0xc DW_TAG_member
	.long	.Linfo_string639                @ DW_AT_name
	.long	302                             @ DW_AT_type
	.byte	7                               @ DW_AT_decl_file
	.byte	163                             @ DW_AT_decl_line
	.byte	29                              @ DW_AT_data_member_location
	.byte	13                              @ Abbrev [13] 0x12a3:0xc DW_TAG_member
	.long	.Linfo_string31                 @ DW_AT_name
	.long	4879                            @ DW_AT_type
	.byte	7                               @ DW_AT_decl_file
	.byte	166                             @ DW_AT_decl_line
	.byte	30                              @ DW_AT_data_member_location
	.byte	0                               @ End Of Children Mark
	.byte	12                              @ Abbrev [12] 0x12b0:0x45 DW_TAG_structure_type
	.long	.Linfo_string635                @ DW_AT_name
	.byte	20                              @ DW_AT_byte_size
	.byte	12                              @ DW_AT_decl_file
	.byte	62                              @ DW_AT_decl_line
	.byte	13                              @ Abbrev [13] 0x12b8:0xc DW_TAG_member
	.long	.Linfo_string628                @ DW_AT_name
	.long	4853                            @ DW_AT_type
	.byte	12                              @ DW_AT_decl_file
	.byte	65                              @ DW_AT_decl_line
	.byte	0                               @ DW_AT_data_member_location
	.byte	13                              @ Abbrev [13] 0x12c4:0xc DW_TAG_member
	.long	.Linfo_string631                @ DW_AT_name
	.long	4853                            @ DW_AT_type
	.byte	12                              @ DW_AT_decl_file
	.byte	67                              @ DW_AT_decl_line
	.byte	4                               @ DW_AT_data_member_location
	.byte	13                              @ Abbrev [13] 0x12d0:0xc DW_TAG_member
	.long	.Linfo_string632                @ DW_AT_name
	.long	151                             @ DW_AT_type
	.byte	12                              @ DW_AT_decl_file
	.byte	71                              @ DW_AT_decl_line
	.byte	8                               @ DW_AT_data_member_location
	.byte	13                              @ Abbrev [13] 0x12dc:0xc DW_TAG_member
	.long	.Linfo_string633                @ DW_AT_name
	.long	151                             @ DW_AT_type
	.byte	12                              @ DW_AT_decl_file
	.byte	73                              @ DW_AT_decl_line
	.byte	12                              @ DW_AT_data_member_location
	.byte	13                              @ Abbrev [13] 0x12e8:0xc DW_TAG_member
	.long	.Linfo_string634                @ DW_AT_name
	.long	151                             @ DW_AT_type
	.byte	12                              @ DW_AT_decl_file
	.byte	75                              @ DW_AT_decl_line
	.byte	16                              @ DW_AT_data_member_location
	.byte	0                               @ End Of Children Mark
	.byte	14                              @ Abbrev [14] 0x12f5:0x5 DW_TAG_pointer_type
	.long	4858                            @ DW_AT_type
	.byte	12                              @ Abbrev [12] 0x12fa:0x15 DW_TAG_structure_type
	.long	.Linfo_string630                @ DW_AT_name
	.byte	4                               @ DW_AT_byte_size
	.byte	12                              @ DW_AT_decl_file
	.byte	55                              @ DW_AT_decl_line
	.byte	13                              @ Abbrev [13] 0x1302:0xc DW_TAG_member
	.long	.Linfo_string629                @ DW_AT_name
	.long	4853                            @ DW_AT_type
	.byte	12                              @ DW_AT_decl_file
	.byte	58                              @ DW_AT_decl_line
	.byte	0                               @ DW_AT_data_member_location
	.byte	0                               @ End Of Children Mark
	.byte	3                               @ Abbrev [3] 0x130f:0xc DW_TAG_array_type
	.long	629                             @ DW_AT_type
	.byte	4                               @ Abbrev [4] 0x1314:0x6 DW_TAG_subrange_type
	.long	169                             @ DW_AT_type
	.byte	1                               @ DW_AT_count
	.byte	0                               @ End Of Children Mark
	.byte	25                              @ Abbrev [25] 0x131b:0x97 DW_TAG_subprogram
	.long	.Lfunc_begin0                   @ DW_AT_low_pc
	.long	.Lfunc_end0-.Lfunc_begin0       @ DW_AT_high_pc
	.byte	1                               @ DW_AT_frame_base
	.byte	93
                                        @ DW_AT_GNU_all_call_sites
	.long	.Linfo_string645                @ DW_AT_name
	.byte	3                               @ DW_AT_decl_file
	.byte	143                             @ DW_AT_decl_line
                                        @ DW_AT_prototyped
	.long	302                             @ DW_AT_type
	.byte	26                              @ Abbrev [26] 0x1330:0xf DW_TAG_formal_parameter
	.long	.Ldebug_loc0                    @ DW_AT_location
	.long	.Linfo_string36                 @ DW_AT_name
	.byte	3                               @ DW_AT_decl_file
	.byte	143                             @ DW_AT_decl_line
	.long	320                             @ DW_AT_type
	.byte	26                              @ Abbrev [26] 0x133f:0xf DW_TAG_formal_parameter
	.long	.Ldebug_loc1                    @ DW_AT_location
	.long	.Linfo_string636                @ DW_AT_name
	.byte	3                               @ DW_AT_decl_file
	.byte	143                             @ DW_AT_decl_line
	.long	689                             @ DW_AT_type
	.byte	26                              @ Abbrev [26] 0x134e:0xf DW_TAG_formal_parameter
	.long	.Ldebug_loc2                    @ DW_AT_location
	.long	.Linfo_string37                 @ DW_AT_name
	.byte	3                               @ DW_AT_decl_file
	.byte	143                             @ DW_AT_decl_line
	.long	121                             @ DW_AT_type
	.byte	26                              @ Abbrev [26] 0x135d:0xf DW_TAG_formal_parameter
	.long	.Ldebug_loc3                    @ DW_AT_location
	.long	.Linfo_string655                @ DW_AT_name
	.byte	3                               @ DW_AT_decl_file
	.byte	143                             @ DW_AT_decl_line
	.long	302                             @ DW_AT_type
	.byte	27                              @ Abbrev [27] 0x136c:0xf DW_TAG_formal_parameter
	.byte	3                               @ DW_AT_location
	.byte	145
	.asciz	"\300"
	.long	.Linfo_string656                @ DW_AT_name
	.byte	3                               @ DW_AT_decl_file
	.byte	143                             @ DW_AT_decl_line
	.long	5656                            @ DW_AT_type
	.byte	28                              @ Abbrev [28] 0x137b:0xe DW_TAG_variable
	.byte	2                               @ DW_AT_location
	.byte	145
	.byte	40
	.long	.Linfo_string654                @ DW_AT_name
	.byte	3                               @ DW_AT_decl_file
	.byte	148                             @ DW_AT_decl_line
	.long	151                             @ DW_AT_type
	.byte	29                              @ Abbrev [29] 0x1389:0xf DW_TAG_variable
	.long	.Ldebug_loc4                    @ DW_AT_location
	.long	.Linfo_string658                @ DW_AT_name
	.byte	3                               @ DW_AT_decl_file
	.byte	150                             @ DW_AT_decl_line
	.long	302                             @ DW_AT_type
	.byte	30                              @ Abbrev [30] 0x1398:0x19 DW_TAG_lexical_block
	.long	.Ltmp12                         @ DW_AT_low_pc
	.long	.Ltmp21-.Ltmp12                 @ DW_AT_high_pc
	.byte	29                              @ Abbrev [29] 0x13a1:0xf DW_TAG_variable
	.long	.Ldebug_loc5                    @ DW_AT_location
	.long	.Linfo_string659                @ DW_AT_name
	.byte	3                               @ DW_AT_decl_file
	.byte	162                             @ DW_AT_decl_line
	.long	4686                            @ DW_AT_type
	.byte	0                               @ End Of Children Mark
	.byte	0                               @ End Of Children Mark
	.byte	31                              @ Abbrev [31] 0x13b2:0x23 DW_TAG_subprogram
	.long	.Linfo_string641                @ DW_AT_name
	.byte	12                              @ DW_AT_decl_file
	.byte	237                             @ DW_AT_decl_line
                                        @ DW_AT_prototyped
	.long	5077                            @ DW_AT_type
	.byte	1                               @ DW_AT_inline
	.byte	32                              @ Abbrev [32] 0x13be:0xb DW_TAG_formal_parameter
	.long	.Linfo_string643                @ DW_AT_name
	.byte	12                              @ DW_AT_decl_file
	.byte	237                             @ DW_AT_decl_line
	.long	5084                            @ DW_AT_type
	.byte	33                              @ Abbrev [33] 0x13c9:0xb DW_TAG_variable
	.long	.Linfo_string644                @ DW_AT_name
	.byte	12                              @ DW_AT_decl_file
	.byte	239                             @ DW_AT_decl_line
	.long	5077                            @ DW_AT_type
	.byte	0                               @ End Of Children Mark
	.byte	9                               @ Abbrev [9] 0x13d5:0x7 DW_TAG_base_type
	.long	.Linfo_string642                @ DW_AT_name
	.byte	2                               @ DW_AT_encoding
	.byte	1                               @ DW_AT_byte_size
	.byte	5                               @ Abbrev [5] 0x13dc:0x5 DW_TAG_const_type
	.long	5089                            @ DW_AT_type
	.byte	14                              @ Abbrev [14] 0x13e1:0x5 DW_TAG_pointer_type
	.long	5094                            @ DW_AT_type
	.byte	5                               @ Abbrev [5] 0x13e6:0x5 DW_TAG_const_type
	.long	4784                            @ DW_AT_type
	.byte	34                              @ Abbrev [34] 0x13eb:0x61 DW_TAG_subprogram
	.long	.Lfunc_begin1                   @ DW_AT_low_pc
	.long	.Lfunc_end1-.Lfunc_begin1       @ DW_AT_high_pc
	.byte	1                               @ DW_AT_frame_base
	.byte	93
                                        @ DW_AT_GNU_all_call_sites
	.long	.Linfo_string646                @ DW_AT_name
	.byte	3                               @ DW_AT_decl_file
	.byte	196                             @ DW_AT_decl_line
                                        @ DW_AT_prototyped
	.byte	26                              @ Abbrev [26] 0x13fc:0xf DW_TAG_formal_parameter
	.long	.Ldebug_loc6                    @ DW_AT_location
	.long	.Linfo_string36                 @ DW_AT_name
	.byte	3                               @ DW_AT_decl_file
	.byte	196                             @ DW_AT_decl_line
	.long	320                             @ DW_AT_type
	.byte	29                              @ Abbrev [29] 0x140b:0xf DW_TAG_variable
	.long	.Ldebug_loc7                    @ DW_AT_location
	.long	.Linfo_string659                @ DW_AT_name
	.byte	3                               @ DW_AT_decl_file
	.byte	198                             @ DW_AT_decl_line
	.long	4686                            @ DW_AT_type
	.byte	35                              @ Abbrev [35] 0x141a:0x18 DW_TAG_inlined_subroutine
	.long	5042                            @ DW_AT_abstract_origin
	.long	.Ltmp26                         @ DW_AT_low_pc
	.long	.Ltmp27-.Ltmp26                 @ DW_AT_high_pc
	.byte	3                               @ DW_AT_call_file
	.byte	201                             @ DW_AT_call_line
	.byte	12                              @ DW_AT_call_column
	.byte	36                              @ Abbrev [36] 0x142a:0x7 DW_TAG_formal_parameter
	.byte	1                               @ DW_AT_location
	.byte	86
	.long	5054                            @ DW_AT_abstract_origin
	.byte	0                               @ End Of Children Mark
	.byte	30                              @ Abbrev [30] 0x1432:0x19 DW_TAG_lexical_block
	.long	.Ltmp28                         @ DW_AT_low_pc
	.long	.Ltmp30-.Ltmp28                 @ DW_AT_high_pc
	.byte	29                              @ Abbrev [29] 0x143b:0xf DW_TAG_variable
	.long	.Ldebug_loc8                    @ DW_AT_location
	.long	.Linfo_string660                @ DW_AT_name
	.byte	3                               @ DW_AT_decl_file
	.byte	203                             @ DW_AT_decl_line
	.long	4853                            @ DW_AT_type
	.byte	0                               @ End Of Children Mark
	.byte	0                               @ End Of Children Mark
	.byte	34                              @ Abbrev [34] 0x144c:0x28 DW_TAG_subprogram
	.long	.Lfunc_begin2                   @ DW_AT_low_pc
	.long	.Lfunc_end2-.Lfunc_begin2       @ DW_AT_high_pc
	.byte	1                               @ DW_AT_frame_base
	.byte	93
                                        @ DW_AT_GNU_all_call_sites
	.long	.Linfo_string647                @ DW_AT_name
	.byte	3                               @ DW_AT_decl_file
	.byte	220                             @ DW_AT_decl_line
                                        @ DW_AT_prototyped
	.byte	32                              @ Abbrev [32] 0x145d:0xb DW_TAG_formal_parameter
	.long	.Linfo_string36                 @ DW_AT_name
	.byte	3                               @ DW_AT_decl_file
	.byte	220                             @ DW_AT_decl_line
	.long	320                             @ DW_AT_type
	.byte	32                              @ Abbrev [32] 0x1468:0xb DW_TAG_formal_parameter
	.long	.Linfo_string661                @ DW_AT_name
	.byte	3                               @ DW_AT_decl_file
	.byte	220                             @ DW_AT_decl_line
	.long	302                             @ DW_AT_type
	.byte	0                               @ End Of Children Mark
	.byte	34                              @ Abbrev [34] 0x1474:0x33 DW_TAG_subprogram
	.long	.Lfunc_begin3                   @ DW_AT_low_pc
	.long	.Lfunc_end3-.Lfunc_begin3       @ DW_AT_high_pc
	.byte	1                               @ DW_AT_frame_base
	.byte	93
                                        @ DW_AT_GNU_all_call_sites
	.long	.Linfo_string648                @ DW_AT_name
	.byte	3                               @ DW_AT_decl_file
	.byte	234                             @ DW_AT_decl_line
                                        @ DW_AT_prototyped
	.byte	32                              @ Abbrev [32] 0x1485:0xb DW_TAG_formal_parameter
	.long	.Linfo_string36                 @ DW_AT_name
	.byte	3                               @ DW_AT_decl_file
	.byte	234                             @ DW_AT_decl_line
	.long	320                             @ DW_AT_type
	.byte	32                              @ Abbrev [32] 0x1490:0xb DW_TAG_formal_parameter
	.long	.Linfo_string661                @ DW_AT_name
	.byte	3                               @ DW_AT_decl_file
	.byte	234                             @ DW_AT_decl_line
	.long	302                             @ DW_AT_type
	.byte	32                              @ Abbrev [32] 0x149b:0xb DW_TAG_formal_parameter
	.long	.Linfo_string662                @ DW_AT_name
	.byte	3                               @ DW_AT_decl_file
	.byte	234                             @ DW_AT_decl_line
	.long	302                             @ DW_AT_type
	.byte	0                               @ End Of Children Mark
	.byte	37                              @ Abbrev [37] 0x14a7:0x16 DW_TAG_subprogram
	.long	.Lfunc_begin4                   @ DW_AT_low_pc
	.long	.Lfunc_end4-.Lfunc_begin4       @ DW_AT_high_pc
	.byte	1                               @ DW_AT_frame_base
	.byte	93
                                        @ DW_AT_GNU_all_call_sites
	.long	.Linfo_string649                @ DW_AT_name
	.byte	3                               @ DW_AT_decl_file
	.short	258                             @ DW_AT_decl_line
                                        @ DW_AT_prototyped
	.long	5651                            @ DW_AT_type
                                        @ DW_AT_external
	.byte	38                              @ Abbrev [38] 0x14bd:0x4f DW_TAG_subprogram
	.long	.Lfunc_begin5                   @ DW_AT_low_pc
	.long	.Lfunc_end5-.Lfunc_begin5       @ DW_AT_high_pc
	.byte	1                               @ DW_AT_frame_base
	.byte	93
                                        @ DW_AT_GNU_all_call_sites
	.long	.Linfo_string650                @ DW_AT_name
	.byte	3                               @ DW_AT_decl_file
	.short	263                             @ DW_AT_decl_line
                                        @ DW_AT_prototyped
	.long	151                             @ DW_AT_type
                                        @ DW_AT_external
	.byte	39                              @ Abbrev [39] 0x14d3:0x10 DW_TAG_formal_parameter
	.long	.Ldebug_loc9                    @ DW_AT_location
	.long	.Linfo_string637                @ DW_AT_name
	.byte	3                               @ DW_AT_decl_file
	.short	263                             @ DW_AT_decl_line
	.long	121                             @ DW_AT_type
	.byte	40                              @ Abbrev [40] 0x14e3:0x10 DW_TAG_variable
	.long	.Ldebug_loc10                   @ DW_AT_location
	.long	.Linfo_string654                @ DW_AT_name
	.byte	3                               @ DW_AT_decl_file
	.short	266                             @ DW_AT_decl_line
	.long	151                             @ DW_AT_type
	.byte	30                              @ Abbrev [30] 0x14f3:0x18 DW_TAG_lexical_block
	.long	.Ltmp39                         @ DW_AT_low_pc
	.long	.Ltmp44-.Ltmp39                 @ DW_AT_high_pc
	.byte	41                              @ Abbrev [41] 0x14fc:0xe DW_TAG_variable
	.byte	1                               @ DW_AT_location
	.byte	83
	.long	.Linfo_string663                @ DW_AT_name
	.byte	3                               @ DW_AT_decl_file
	.short	268                             @ DW_AT_decl_line
	.long	302                             @ DW_AT_type
	.byte	0                               @ End Of Children Mark
	.byte	0                               @ End Of Children Mark
	.byte	38                              @ Abbrev [38] 0x150c:0x6d DW_TAG_subprogram
	.long	.Lfunc_begin6                   @ DW_AT_low_pc
	.long	.Lfunc_end6-.Lfunc_begin6       @ DW_AT_high_pc
	.byte	1                               @ DW_AT_frame_base
	.byte	93
                                        @ DW_AT_GNU_all_call_sites
	.long	.Linfo_string651                @ DW_AT_name
	.byte	3                               @ DW_AT_decl_file
	.short	280                             @ DW_AT_decl_line
                                        @ DW_AT_prototyped
	.long	302                             @ DW_AT_type
                                        @ DW_AT_external
	.byte	39                              @ Abbrev [39] 0x1522:0x10 DW_TAG_formal_parameter
	.long	.Ldebug_loc11                   @ DW_AT_location
	.long	.Linfo_string36                 @ DW_AT_name
	.byte	3                               @ DW_AT_decl_file
	.short	280                             @ DW_AT_decl_line
	.long	4686                            @ DW_AT_type
	.byte	42                              @ Abbrev [42] 0x1532:0xe DW_TAG_formal_parameter
	.byte	1                               @ DW_AT_location
	.byte	81
	.long	.Linfo_string664                @ DW_AT_name
	.byte	3                               @ DW_AT_decl_file
	.short	280                             @ DW_AT_decl_line
	.long	121                             @ DW_AT_type
	.byte	40                              @ Abbrev [40] 0x1540:0x10 DW_TAG_variable
	.long	.Ldebug_loc12                   @ DW_AT_location
	.long	.Linfo_string665                @ DW_AT_name
	.byte	3                               @ DW_AT_decl_file
	.short	282                             @ DW_AT_decl_line
	.long	302                             @ DW_AT_type
	.byte	40                              @ Abbrev [40] 0x1550:0x10 DW_TAG_variable
	.long	.Ldebug_loc13                   @ DW_AT_location
	.long	.Linfo_string666                @ DW_AT_name
	.byte	3                               @ DW_AT_decl_file
	.short	285                             @ DW_AT_decl_line
	.long	121                             @ DW_AT_type
	.byte	30                              @ Abbrev [30] 0x1560:0x18 DW_TAG_lexical_block
	.long	.Ltmp50                         @ DW_AT_low_pc
	.long	.Ltmp57-.Ltmp50                 @ DW_AT_high_pc
	.byte	41                              @ Abbrev [41] 0x1569:0xe DW_TAG_variable
	.byte	1                               @ DW_AT_location
	.byte	80
	.long	.Linfo_string663                @ DW_AT_name
	.byte	3                               @ DW_AT_decl_file
	.short	287                             @ DW_AT_decl_line
	.long	302                             @ DW_AT_type
	.byte	0                               @ End Of Children Mark
	.byte	0                               @ End Of Children Mark
	.byte	38                              @ Abbrev [38] 0x1579:0x55 DW_TAG_subprogram
	.long	.Lfunc_begin7                   @ DW_AT_low_pc
	.long	.Lfunc_end7-.Lfunc_begin7       @ DW_AT_high_pc
	.byte	1                               @ DW_AT_frame_base
	.byte	93
                                        @ DW_AT_GNU_all_call_sites
	.long	.Linfo_string652                @ DW_AT_name
	.byte	3                               @ DW_AT_decl_file
	.short	304                             @ DW_AT_decl_line
                                        @ DW_AT_prototyped
	.long	121                             @ DW_AT_type
                                        @ DW_AT_external
	.byte	39                              @ Abbrev [39] 0x158f:0x10 DW_TAG_formal_parameter
	.long	.Ldebug_loc14                   @ DW_AT_location
	.long	.Linfo_string36                 @ DW_AT_name
	.byte	3                               @ DW_AT_decl_file
	.short	304                             @ DW_AT_decl_line
	.long	4686                            @ DW_AT_type
	.byte	42                              @ Abbrev [42] 0x159f:0xe DW_TAG_formal_parameter
	.byte	1                               @ DW_AT_location
	.byte	81
	.long	.Linfo_string665                @ DW_AT_name
	.byte	3                               @ DW_AT_decl_file
	.short	304                             @ DW_AT_decl_line
	.long	302                             @ DW_AT_type
	.byte	40                              @ Abbrev [40] 0x15ad:0x10 DW_TAG_variable
	.long	.Ldebug_loc15                   @ DW_AT_location
	.long	.Linfo_string663                @ DW_AT_name
	.byte	3                               @ DW_AT_decl_file
	.short	307                             @ DW_AT_decl_line
	.long	5682                            @ DW_AT_type
	.byte	40                              @ Abbrev [40] 0x15bd:0x10 DW_TAG_variable
	.long	.Ldebug_loc16                   @ DW_AT_location
	.long	.Linfo_string664                @ DW_AT_name
	.byte	3                               @ DW_AT_decl_file
	.short	306                             @ DW_AT_decl_line
	.long	121                             @ DW_AT_type
	.byte	0                               @ End Of Children Mark
	.byte	38                              @ Abbrev [38] 0x15ce:0x45 DW_TAG_subprogram
	.long	.Lfunc_begin8                   @ DW_AT_low_pc
	.long	.Lfunc_end8-.Lfunc_begin8       @ DW_AT_high_pc
	.byte	1                               @ DW_AT_frame_base
	.byte	93
                                        @ DW_AT_GNU_all_call_sites
	.long	.Linfo_string653                @ DW_AT_name
	.byte	3                               @ DW_AT_decl_file
	.short	327                             @ DW_AT_decl_line
                                        @ DW_AT_prototyped
	.long	302                             @ DW_AT_type
                                        @ DW_AT_external
	.byte	39                              @ Abbrev [39] 0x15e4:0x10 DW_TAG_formal_parameter
	.long	.Ldebug_loc17                   @ DW_AT_location
	.long	.Linfo_string669                @ DW_AT_name
	.byte	3                               @ DW_AT_decl_file
	.short	327                             @ DW_AT_decl_line
	.long	302                             @ DW_AT_type
	.byte	42                              @ Abbrev [42] 0x15f4:0xe DW_TAG_formal_parameter
	.byte	1                               @ DW_AT_location
	.byte	81
	.long	.Linfo_string670                @ DW_AT_name
	.byte	3                               @ DW_AT_decl_file
	.short	327                             @ DW_AT_decl_line
	.long	302                             @ DW_AT_type
	.byte	40                              @ Abbrev [40] 0x1602:0x10 DW_TAG_variable
	.long	.Ldebug_loc18                   @ DW_AT_location
	.long	.Linfo_string658                @ DW_AT_name
	.byte	3                               @ DW_AT_decl_file
	.short	329                             @ DW_AT_decl_line
	.long	302                             @ DW_AT_type
	.byte	0                               @ End Of Children Mark
	.byte	14                              @ Abbrev [14] 0x1613:0x5 DW_TAG_pointer_type
	.long	193                             @ DW_AT_type
	.byte	14                              @ Abbrev [14] 0x1618:0x5 DW_TAG_pointer_type
	.long	5661                            @ DW_AT_type
	.byte	12                              @ Abbrev [12] 0x161d:0x15 DW_TAG_structure_type
	.long	.Linfo_string657                @ DW_AT_name
	.byte	2                               @ DW_AT_byte_size
	.byte	11                              @ DW_AT_decl_file
	.byte	74                              @ DW_AT_decl_line
	.byte	13                              @ Abbrev [13] 0x1625:0xc DW_TAG_member
	.long	.Linfo_string637                @ DW_AT_name
	.long	121                             @ DW_AT_type
	.byte	11                              @ DW_AT_decl_file
	.byte	77                              @ DW_AT_decl_line
	.byte	0                               @ DW_AT_data_member_location
	.byte	0                               @ End Of Children Mark
	.byte	8                               @ Abbrev [8] 0x1632:0xb DW_TAG_typedef
	.long	5693                            @ DW_AT_type
	.long	.Linfo_string668                @ DW_AT_name
	.byte	1                               @ DW_AT_decl_file
	.byte	56                              @ DW_AT_decl_line
	.byte	9                               @ Abbrev [9] 0x163d:0x7 DW_TAG_base_type
	.long	.Linfo_string667                @ DW_AT_name
	.byte	6                               @ DW_AT_encoding
	.byte	1                               @ DW_AT_byte_size
	.byte	0                               @ End Of Children Mark
.Ldebug_info_end0:
	.section	.debug_str,"MS",%progbits,1
.Linfo_string0:
	.asciz	"Component: Arm Compiler for Embedded 6.23 Tool: armclang [5f103000]" @ string offset=0
.Linfo_string1:
	.asciz	"../../../../../sdk/ble_stack/profiles/dis/diss/src\\diss.c" @ string offset=68
.Linfo_string2:
	.asciz	"C:\\Users\\teodor\\Desktop\\stem\\codeless\\6.0.24.1464\\projects\\target_apps\\ble_examples\\empty_peripheral_template\\Keil_5" @ string offset=126
.Linfo_string3:
	.asciz	"diss_att_db"                   @ string offset=243
.Linfo_string4:
	.asciz	"uuid"                          @ string offset=255
.Linfo_string5:
	.asciz	"unsigned short"                @ string offset=260
.Linfo_string6:
	.asciz	"uint16_t"                      @ string offset=275
.Linfo_string7:
	.asciz	"perm"                          @ string offset=284
.Linfo_string8:
	.asciz	"unsigned int"                  @ string offset=289
.Linfo_string9:
	.asciz	"uint32_t"                      @ string offset=302
.Linfo_string10:
	.asciz	"att_perm_type"                 @ string offset=311
.Linfo_string11:
	.asciz	"max_size"                      @ string offset=325
.Linfo_string12:
	.asciz	"attm_desc"                     @ string offset=334
.Linfo_string13:
	.asciz	"__ARRAY_SIZE_TYPE__"           @ string offset=344
.Linfo_string14:
	.asciz	"diss_itf"                      @ string offset=364
.Linfo_string15:
	.asciz	"init"                          @ string offset=373
.Linfo_string16:
	.asciz	"unsigned char"                 @ string offset=378
.Linfo_string17:
	.asciz	"uint8_t"                       @ string offset=392
.Linfo_string18:
	.asciz	"desc"                          @ string offset=400
.Linfo_string19:
	.asciz	"state_handler"                 @ string offset=405
.Linfo_string20:
	.asciz	"msg_table"                     @ string offset=419
.Linfo_string21:
	.asciz	"id"                            @ string offset=429
.Linfo_string22:
	.asciz	"ke_msg_id_t"                   @ string offset=432
.Linfo_string23:
	.asciz	"func"                          @ string offset=444
.Linfo_string24:
	.asciz	"int"                           @ string offset=449
.Linfo_string25:
	.asciz	"ke_task_id_t"                  @ string offset=453
.Linfo_string26:
	.asciz	"ke_msg_func_t"                 @ string offset=466
.Linfo_string27:
	.asciz	"ke_msg_handler"                @ string offset=480
.Linfo_string28:
	.asciz	"msg_cnt"                       @ string offset=495
.Linfo_string29:
	.asciz	"ke_state_handler"              @ string offset=503
.Linfo_string30:
	.asciz	"default_handler"               @ string offset=520
.Linfo_string31:
	.asciz	"state"                         @ string offset=536
.Linfo_string32:
	.asciz	"ke_state_t"                    @ string offset=542
.Linfo_string33:
	.asciz	"state_max"                     @ string offset=553
.Linfo_string34:
	.asciz	"idx_max"                       @ string offset=563
.Linfo_string35:
	.asciz	"ke_task_desc"                  @ string offset=571
.Linfo_string36:
	.asciz	"env"                           @ string offset=584
.Linfo_string37:
	.asciz	"app_task"                      @ string offset=588
.Linfo_string38:
	.asciz	"prf_task"                      @ string offset=597
.Linfo_string39:
	.asciz	"prf_env"                       @ string offset=606
.Linfo_string40:
	.asciz	"prf_env_t"                     @ string offset=614
.Linfo_string41:
	.asciz	"task"                          @ string offset=624
.Linfo_string42:
	.asciz	"prf_task_env"                  @ string offset=629
.Linfo_string43:
	.asciz	"prf_init_fnct"                 @ string offset=642
.Linfo_string44:
	.asciz	"destroy"                       @ string offset=656
.Linfo_string45:
	.asciz	"prf_destroy_fnct"              @ string offset=664
.Linfo_string46:
	.asciz	"create"                        @ string offset=681
.Linfo_string47:
	.asciz	"prf_create_fnct"               @ string offset=688
.Linfo_string48:
	.asciz	"cleanup"                       @ string offset=704
.Linfo_string49:
	.asciz	"prf_cleanup_fnct"              @ string offset=712
.Linfo_string50:
	.asciz	"prf_task_cbs"                  @ string offset=729
.Linfo_string51:
	.asciz	"DIS_MANUFACTURER_NAME_CHAR"    @ string offset=742
.Linfo_string52:
	.asciz	"DIS_MODEL_NB_STR_CHAR"         @ string offset=769
.Linfo_string53:
	.asciz	"DIS_SERIAL_NB_STR_CHAR"        @ string offset=791
.Linfo_string54:
	.asciz	"DIS_HARD_REV_STR_CHAR"         @ string offset=814
.Linfo_string55:
	.asciz	"DIS_FIRM_REV_STR_CHAR"         @ string offset=836
.Linfo_string56:
	.asciz	"DIS_SW_REV_STR_CHAR"           @ string offset=858
.Linfo_string57:
	.asciz	"DIS_SYSTEM_ID_CHAR"            @ string offset=878
.Linfo_string58:
	.asciz	"DIS_IEEE_CHAR"                 @ string offset=897
.Linfo_string59:
	.asciz	"DIS_PNP_ID_CHAR"               @ string offset=911
.Linfo_string60:
	.asciz	"DIS_CHAR_MAX"                  @ string offset=927
.Linfo_string61:
	.asciz	"diss_info"                     @ string offset=940
.Linfo_string62:
	.asciz	"GAP_ERR_NO_ERROR"              @ string offset=950
.Linfo_string63:
	.asciz	"ATT_ERR_NO_ERROR"              @ string offset=967
.Linfo_string64:
	.asciz	"ATT_ERR_INVALID_HANDLE"        @ string offset=984
.Linfo_string65:
	.asciz	"ATT_ERR_READ_NOT_PERMITTED"    @ string offset=1007
.Linfo_string66:
	.asciz	"ATT_ERR_WRITE_NOT_PERMITTED"   @ string offset=1034
.Linfo_string67:
	.asciz	"ATT_ERR_INVALID_PDU"           @ string offset=1062
.Linfo_string68:
	.asciz	"ATT_ERR_INSUFF_AUTHEN"         @ string offset=1082
.Linfo_string69:
	.asciz	"ATT_ERR_REQUEST_NOT_SUPPORTED" @ string offset=1104
.Linfo_string70:
	.asciz	"ATT_ERR_INVALID_OFFSET"        @ string offset=1134
.Linfo_string71:
	.asciz	"ATT_ERR_INSUFF_AUTHOR"         @ string offset=1157
.Linfo_string72:
	.asciz	"ATT_ERR_PREPARE_QUEUE_FULL"    @ string offset=1179
.Linfo_string73:
	.asciz	"ATT_ERR_ATTRIBUTE_NOT_FOUND"   @ string offset=1206
.Linfo_string74:
	.asciz	"ATT_ERR_ATTRIBUTE_NOT_LONG"    @ string offset=1234
.Linfo_string75:
	.asciz	"ATT_ERR_SHORT_ENC_KEY_SIZE"    @ string offset=1261
.Linfo_string76:
	.asciz	"ATT_ERR_INVALID_ATTRIBUTE_VAL_LEN" @ string offset=1288
.Linfo_string77:
	.asciz	"ATT_ERR_UNLIKELY_ERR"          @ string offset=1322
.Linfo_string78:
	.asciz	"ATT_ERR_INSUFF_ENC"            @ string offset=1343
.Linfo_string79:
	.asciz	"ATT_ERR_UNSUPP_GRP_TYPE"       @ string offset=1362
.Linfo_string80:
	.asciz	"ATT_ERR_INSUFF_RESOURCE"       @ string offset=1386
.Linfo_string81:
	.asciz	"ATT_ERR_APP_ERROR"             @ string offset=1410
.Linfo_string82:
	.asciz	"L2C_ERR_CONNECTION_LOST"       @ string offset=1428
.Linfo_string83:
	.asciz	"L2C_ERR_INVALID_MTU_EXCEED"    @ string offset=1452
.Linfo_string84:
	.asciz	"L2C_ERR_INVALID_MPS_EXCEED"    @ string offset=1479
.Linfo_string85:
	.asciz	"L2C_ERR_INVALID_CID"           @ string offset=1506
.Linfo_string86:
	.asciz	"L2C_ERR_INVALID_PDU"           @ string offset=1526
.Linfo_string87:
	.asciz	"L2C_ERR_NO_RES_AVAIL"          @ string offset=1546
.Linfo_string88:
	.asciz	"L2C_ERR_INSUFF_AUTHEN"         @ string offset=1567
.Linfo_string89:
	.asciz	"L2C_ERR_INSUFF_AUTHOR"         @ string offset=1589
.Linfo_string90:
	.asciz	"L2C_ERR_SHORT_ENC_KEY_SIZE"    @ string offset=1611
.Linfo_string91:
	.asciz	"L2C_ERR_INSUFF_ENC"            @ string offset=1638
.Linfo_string92:
	.asciz	"L2C_ERR_LEPSM_NOT_SUPP"        @ string offset=1657
.Linfo_string93:
	.asciz	"L2C_ERR_INSUFF_CREDIT"         @ string offset=1680
.Linfo_string94:
	.asciz	"L2C_ERR_NO_MORE_CREDIT"        @ string offset=1702
.Linfo_string95:
	.asciz	"L2C_ERR_NOT_UNDERSTOOD"        @ string offset=1725
.Linfo_string96:
	.asciz	"L2C_ERR_INVALID_SCID"          @ string offset=1748
.Linfo_string97:
	.asciz	"L2C_ERR_SCID_ALLOCATED"        @ string offset=1769
.Linfo_string98:
	.asciz	"L2C_ERR_UNACCEPTABLE_PARAM"    @ string offset=1792
.Linfo_string99:
	.asciz	"GAP_ERR_INVALID_PARAM"         @ string offset=1819
.Linfo_string100:
	.asciz	"GAP_ERR_PROTOCOL_PROBLEM"      @ string offset=1841
.Linfo_string101:
	.asciz	"GAP_ERR_NOT_SUPPORTED"         @ string offset=1866
.Linfo_string102:
	.asciz	"GAP_ERR_COMMAND_DISALLOWED"    @ string offset=1888
.Linfo_string103:
	.asciz	"GAP_ERR_CANCELED"              @ string offset=1915
.Linfo_string104:
	.asciz	"GAP_ERR_TIMEOUT"               @ string offset=1932
.Linfo_string105:
	.asciz	"GAP_ERR_DISCONNECTED"          @ string offset=1948
.Linfo_string106:
	.asciz	"GAP_ERR_NOT_FOUND"             @ string offset=1969
.Linfo_string107:
	.asciz	"GAP_ERR_REJECTED"              @ string offset=1987
.Linfo_string108:
	.asciz	"GAP_ERR_PRIVACY_CFG_PB"        @ string offset=2004
.Linfo_string109:
	.asciz	"GAP_ERR_ADV_DATA_INVALID"      @ string offset=2027
.Linfo_string110:
	.asciz	"GAP_ERR_INSUFF_RESOURCES"      @ string offset=2052
.Linfo_string111:
	.asciz	"GAP_ERR_UNEXPECTED"            @ string offset=2077
.Linfo_string112:
	.asciz	"GATT_ERR_INVALID_ATT_LEN"      @ string offset=2096
.Linfo_string113:
	.asciz	"GATT_ERR_INVALID_TYPE_IN_SVC_SEARCH" @ string offset=2121
.Linfo_string114:
	.asciz	"GATT_ERR_WRITE"                @ string offset=2157
.Linfo_string115:
	.asciz	"GATT_ERR_SIGNED_WRITE"         @ string offset=2172
.Linfo_string116:
	.asciz	"GATT_ERR_ATTRIBUTE_CLIENT_MISSING" @ string offset=2194
.Linfo_string117:
	.asciz	"GATT_ERR_ATTRIBUTE_SERVER_MISSING" @ string offset=2228
.Linfo_string118:
	.asciz	"GATT_ERR_INVALID_PERM"         @ string offset=2262
.Linfo_string119:
	.asciz	"SMP_ERROR_LOC_PASSKEY_ENTRY_FAILED" @ string offset=2284
.Linfo_string120:
	.asciz	"SMP_ERROR_LOC_OOB_NOT_AVAILABLE" @ string offset=2319
.Linfo_string121:
	.asciz	"SMP_ERROR_LOC_AUTH_REQ"        @ string offset=2351
.Linfo_string122:
	.asciz	"SMP_ERROR_LOC_CONF_VAL_FAILED" @ string offset=2374
.Linfo_string123:
	.asciz	"SMP_ERROR_LOC_PAIRING_NOT_SUPP" @ string offset=2404
.Linfo_string124:
	.asciz	"SMP_ERROR_LOC_ENC_KEY_SIZE"    @ string offset=2435
.Linfo_string125:
	.asciz	"SMP_ERROR_LOC_CMD_NOT_SUPPORTED" @ string offset=2462
.Linfo_string126:
	.asciz	"SMP_ERROR_LOC_UNSPECIFIED_REASON" @ string offset=2494
.Linfo_string127:
	.asciz	"SMP_ERROR_LOC_REPEATED_ATTEMPTS" @ string offset=2527
.Linfo_string128:
	.asciz	"SMP_ERROR_LOC_INVALID_PARAM"   @ string offset=2559
.Linfo_string129:
	.asciz	"SMP_ERROR_LOC_REQ_DISALLOWED"  @ string offset=2587
.Linfo_string130:
	.asciz	"SMP_ERROR_LOC_LL_ERROR"        @ string offset=2616
.Linfo_string131:
	.asciz	"SMP_ERROR_LOC_ADDR_RESOLV_FAIL" @ string offset=2639
.Linfo_string132:
	.asciz	"SMP_ERROR_LOC_SIGN_VERIF_FAIL" @ string offset=2670
.Linfo_string133:
	.asciz	"SMP_ERROR_LOC_TIMEOUT"         @ string offset=2700
.Linfo_string134:
	.asciz	"SMP_ERROR_REM_PASSKEY_ENTRY_FAILED" @ string offset=2722
.Linfo_string135:
	.asciz	"SMP_ERROR_REM_OOB_NOT_AVAILABLE" @ string offset=2757
.Linfo_string136:
	.asciz	"SMP_ERROR_REM_AUTH_REQ"        @ string offset=2789
.Linfo_string137:
	.asciz	"SMP_ERROR_REM_CONF_VAL_FAILED" @ string offset=2812
.Linfo_string138:
	.asciz	"SMP_ERROR_REM_PAIRING_NOT_SUPP" @ string offset=2842
.Linfo_string139:
	.asciz	"SMP_ERROR_REM_ENC_KEY_SIZE"    @ string offset=2873
.Linfo_string140:
	.asciz	"SMP_ERROR_REM_CMD_NOT_SUPPORTED" @ string offset=2900
.Linfo_string141:
	.asciz	"SMP_ERROR_REM_UNSPECIFIED_REASON" @ string offset=2932
.Linfo_string142:
	.asciz	"SMP_ERROR_REM_REPEATED_ATTEMPTS" @ string offset=2965
.Linfo_string143:
	.asciz	"SMP_ERROR_REM_INVALID_PARAM"   @ string offset=2997
.Linfo_string144:
	.asciz	"SMP_ERROR_REM_ENC_KEY_MISSING" @ string offset=3025
.Linfo_string145:
	.asciz	"SMP_ERROR_REM_ENC_NOT_SUPPORTED" @ string offset=3055
.Linfo_string146:
	.asciz	"SMP_ERROR_REM_ENC_TIMEOUT"     @ string offset=3087
.Linfo_string147:
	.asciz	"PRF_APP_ERROR"                 @ string offset=3113
.Linfo_string148:
	.asciz	"PRF_ERR_INVALID_PARAM"         @ string offset=3127
.Linfo_string149:
	.asciz	"PRF_ERR_INEXISTENT_HDL"        @ string offset=3149
.Linfo_string150:
	.asciz	"PRF_ERR_STOP_DISC_CHAR_MISSING" @ string offset=3172
.Linfo_string151:
	.asciz	"PRF_ERR_MULTIPLE_SVC"          @ string offset=3203
.Linfo_string152:
	.asciz	"PRF_ERR_STOP_DISC_WRONG_CHAR_PROP" @ string offset=3224
.Linfo_string153:
	.asciz	"PRF_ERR_MULTIPLE_CHAR"         @ string offset=3258
.Linfo_string154:
	.asciz	"PRF_ERR_NOT_WRITABLE"          @ string offset=3280
.Linfo_string155:
	.asciz	"PRF_ERR_NOT_READABLE"          @ string offset=3301
.Linfo_string156:
	.asciz	"PRF_ERR_REQ_DISALLOWED"        @ string offset=3322
.Linfo_string157:
	.asciz	"PRF_ERR_NTF_DISABLED"          @ string offset=3345
.Linfo_string158:
	.asciz	"PRF_ERR_IND_DISABLED"          @ string offset=3366
.Linfo_string159:
	.asciz	"PRF_ERR_FEATURE_NOT_SUPPORTED" @ string offset=3387
.Linfo_string160:
	.asciz	"PRF_ERR_UNEXPECTED_LEN"        @ string offset=3417
.Linfo_string161:
	.asciz	"PRF_ERR_DISCONNECTED"          @ string offset=3440
.Linfo_string162:
	.asciz	"PRF_ERR_PROC_TIMEOUT"          @ string offset=3461
.Linfo_string163:
	.asciz	"PRF_CCCD_IMPR_CONFIGURED"      @ string offset=3482
.Linfo_string164:
	.asciz	"PRF_PROC_IN_PROGRESS"          @ string offset=3507
.Linfo_string165:
	.asciz	"PRF_OUT_OF_RANGE"              @ string offset=3528
.Linfo_string166:
	.asciz	"LL_ERR_UNKNOWN_HCI_COMMAND"    @ string offset=3545
.Linfo_string167:
	.asciz	"LL_ERR_UNKNOWN_CONNECTION_ID"  @ string offset=3572
.Linfo_string168:
	.asciz	"LL_ERR_HARDWARE_FAILURE"       @ string offset=3601
.Linfo_string169:
	.asciz	"LL_ERR_PAGE_TIMEOUT"           @ string offset=3625
.Linfo_string170:
	.asciz	"LL_ERR_AUTH_FAILURE"           @ string offset=3645
.Linfo_string171:
	.asciz	"LL_ERR_PIN_MISSING"            @ string offset=3665
.Linfo_string172:
	.asciz	"LL_ERR_MEMORY_CAPA_EXCEED"     @ string offset=3684
.Linfo_string173:
	.asciz	"LL_ERR_CON_TIMEOUT"            @ string offset=3710
.Linfo_string174:
	.asciz	"LL_ERR_CON_LIMIT_EXCEED"       @ string offset=3729
.Linfo_string175:
	.asciz	"LL_ERR_SYNC_CON_LIMIT_DEV_EXCEED" @ string offset=3753
.Linfo_string176:
	.asciz	"LL_ERR_ACL_CON_EXISTS"         @ string offset=3786
.Linfo_string177:
	.asciz	"LL_ERR_COMMAND_DISALLOWED"     @ string offset=3808
.Linfo_string178:
	.asciz	"LL_ERR_CONN_REJ_LIMITED_RESOURCES" @ string offset=3834
.Linfo_string179:
	.asciz	"LL_ERR_CONN_REJ_SECURITY_REASONS" @ string offset=3868
.Linfo_string180:
	.asciz	"LL_ERR_CONN_REJ_UNACCEPTABLE_BDADDR" @ string offset=3901
.Linfo_string181:
	.asciz	"LL_ERR_CONN_ACCEPT_TIMEOUT_EXCEED" @ string offset=3937
.Linfo_string182:
	.asciz	"LL_ERR_UNSUPPORTED"            @ string offset=3971
.Linfo_string183:
	.asciz	"LL_ERR_INVALID_HCI_PARAM"      @ string offset=3990
.Linfo_string184:
	.asciz	"LL_ERR_REMOTE_USER_TERM_CON"   @ string offset=4015
.Linfo_string185:
	.asciz	"LL_ERR_REMOTE_DEV_TERM_LOW_RESOURCES" @ string offset=4043
.Linfo_string186:
	.asciz	"LL_ERR_REMOTE_DEV_POWER_OFF"   @ string offset=4080
.Linfo_string187:
	.asciz	"LL_ERR_CON_TERM_BY_LOCAL_HOST" @ string offset=4108
.Linfo_string188:
	.asciz	"LL_ERR_REPEATED_ATTEMPTS"      @ string offset=4138
.Linfo_string189:
	.asciz	"LL_ERR_PAIRING_NOT_ALLOWED"    @ string offset=4163
.Linfo_string190:
	.asciz	"LL_ERR_UNKNOWN_LMP_PDU"        @ string offset=4190
.Linfo_string191:
	.asciz	"LL_ERR_UNSUPPORTED_REMOTE_FEATURE" @ string offset=4213
.Linfo_string192:
	.asciz	"LL_ERR_SCO_OFFSET_REJECTED"    @ string offset=4247
.Linfo_string193:
	.asciz	"LL_ERR_SCO_INTERVAL_REJECTED"  @ string offset=4274
.Linfo_string194:
	.asciz	"LL_ERR_SCO_AIR_MODE_REJECTED"  @ string offset=4303
.Linfo_string195:
	.asciz	"LL_ERR_INVALID_LMP_PARAM"      @ string offset=4332
.Linfo_string196:
	.asciz	"LL_ERR_UNSPECIFIED_ERROR"      @ string offset=4357
.Linfo_string197:
	.asciz	"LL_ERR_UNSUPPORTED_LMP_PARAM_VALUE" @ string offset=4382
.Linfo_string198:
	.asciz	"LL_ERR_ROLE_CHANGE_NOT_ALLOWED" @ string offset=4417
.Linfo_string199:
	.asciz	"LL_ERR_LMP_RSP_TIMEOUT"        @ string offset=4448
.Linfo_string200:
	.asciz	"LL_ERR_LMP_COLLISION"          @ string offset=4471
.Linfo_string201:
	.asciz	"LL_ERR_LMP_PDU_NOT_ALLOWED"    @ string offset=4492
.Linfo_string202:
	.asciz	"LL_ERR_ENC_MODE_NOT_ACCEPT"    @ string offset=4519
.Linfo_string203:
	.asciz	"LL_ERR_LINK_KEY_CANT_CHANGE"   @ string offset=4546
.Linfo_string204:
	.asciz	"LL_ERR_QOS_NOT_SUPPORTED"      @ string offset=4574
.Linfo_string205:
	.asciz	"LL_ERR_INSTANT_PASSED"         @ string offset=4599
.Linfo_string206:
	.asciz	"LL_ERR_PAIRING_WITH_UNIT_KEY_NOT_SUP" @ string offset=4621
.Linfo_string207:
	.asciz	"LL_ERR_DIFF_TRANSACTION_COLLISION" @ string offset=4658
.Linfo_string208:
	.asciz	"LL_ERR_QOS_UNACCEPTABLE_PARAM" @ string offset=4692
.Linfo_string209:
	.asciz	"LL_ERR_QOS_REJECTED"           @ string offset=4722
.Linfo_string210:
	.asciz	"LL_ERR_CHANNEL_CLASS_NOT_SUP"  @ string offset=4742
.Linfo_string211:
	.asciz	"LL_ERR_INSUFFICIENT_SECURITY"  @ string offset=4771
.Linfo_string212:
	.asciz	"LL_ERR_PARAM_OUT_OF_MAND_RANGE" @ string offset=4800
.Linfo_string213:
	.asciz	"LL_ERR_ROLE_SWITCH_PEND"       @ string offset=4831
.Linfo_string214:
	.asciz	"LL_ERR_RESERVED_SLOT_VIOLATION" @ string offset=4855
.Linfo_string215:
	.asciz	"LL_ERR_ROLE_SWITCH_FAIL"       @ string offset=4886
.Linfo_string216:
	.asciz	"LL_ERR_EIR_TOO_LARGE"          @ string offset=4910
.Linfo_string217:
	.asciz	"LL_ERR_SP_NOT_SUPPORTED_HOST"  @ string offset=4931
.Linfo_string218:
	.asciz	"LL_ERR_HOST_BUSY_PAIRING"      @ string offset=4960
.Linfo_string219:
	.asciz	"LL_ERR_CONTROLLER_BUSY"        @ string offset=4985
.Linfo_string220:
	.asciz	"LL_ERR_UNACCEPTABLE_CONN_INT"  @ string offset=5008
.Linfo_string221:
	.asciz	"LL_ERR_DIRECT_ADV_TO"          @ string offset=5037
.Linfo_string222:
	.asciz	"LL_ERR_TERMINATED_MIC_FAILURE" @ string offset=5058
.Linfo_string223:
	.asciz	"LL_ERR_CONN_FAILED_TO_BE_EST"  @ string offset=5088
.Linfo_string224:
	.asciz	"hl_err"                        @ string offset=5117
.Linfo_string225:
	.asciz	"ATT_INVALID_UUID"              @ string offset=5124
.Linfo_string226:
	.asciz	"ATT_SVC_GENERIC_ACCESS"        @ string offset=5141
.Linfo_string227:
	.asciz	"ATT_SVC_GENERIC_ATTRIBUTE"     @ string offset=5164
.Linfo_string228:
	.asciz	"ATT_SVC_IMMEDIATE_ALERT"       @ string offset=5190
.Linfo_string229:
	.asciz	"ATT_SVC_LINK_LOSS"             @ string offset=5214
.Linfo_string230:
	.asciz	"ATT_SVC_TX_POWER"              @ string offset=5232
.Linfo_string231:
	.asciz	"ATT_SVC_CURRENT_TIME"          @ string offset=5249
.Linfo_string232:
	.asciz	"ATT_SVC_REF_TIME_UPDATE"       @ string offset=5270
.Linfo_string233:
	.asciz	"ATT_SVC_NEXT_DST_CHANGE"       @ string offset=5294
.Linfo_string234:
	.asciz	"ATT_SVC_GLUCOSE"               @ string offset=5318
.Linfo_string235:
	.asciz	"ATT_SVC_HEALTH_THERMOM"        @ string offset=5334
.Linfo_string236:
	.asciz	"ATT_SVC_DEVICE_INFO"           @ string offset=5357
.Linfo_string237:
	.asciz	"ATT_SVC_HEART_RATE"            @ string offset=5377
.Linfo_string238:
	.asciz	"ATT_SVC_PHONE_ALERT_STATUS"    @ string offset=5396
.Linfo_string239:
	.asciz	"ATT_SVC_BATTERY_SERVICE"       @ string offset=5423
.Linfo_string240:
	.asciz	"ATT_SVC_BLOOD_PRESSURE"        @ string offset=5447
.Linfo_string241:
	.asciz	"ATT_SVC_ALERT_NTF"             @ string offset=5470
.Linfo_string242:
	.asciz	"ATT_SVC_HID"                   @ string offset=5488
.Linfo_string243:
	.asciz	"ATT_SVC_SCAN_PARAMETERS"       @ string offset=5500
.Linfo_string244:
	.asciz	"ATT_SVC_RUNNING_SPEED_CADENCE" @ string offset=5524
.Linfo_string245:
	.asciz	"ATT_SVC_CYCLING_SPEED_CADENCE" @ string offset=5554
.Linfo_string246:
	.asciz	"ATT_SVC_CYCLING_POWER"         @ string offset=5584
.Linfo_string247:
	.asciz	"ATT_SVC_LOCATION_AND_NAVIGATION" @ string offset=5606
.Linfo_string248:
	.asciz	"ATT_SVC_BODY_COMPOSITION"      @ string offset=5638
.Linfo_string249:
	.asciz	"ATT_SVC_USER_DATA"             @ string offset=5663
.Linfo_string250:
	.asciz	"ATT_SVC_WEIGHT_SCALE"          @ string offset=5681
.Linfo_string251:
	.asciz	"ATT_SVC_BOND_MANAGEMENT"       @ string offset=5702
.Linfo_string252:
	.asciz	"ATT_SVC_PULSE_OXIMETER"        @ string offset=5726
.Linfo_string253:
	.asciz	"ATT_SVC_CONTINUOUS_GLUCOSE_MONITORING" @ string offset=5749
.Linfo_string254:
	.asciz	"ATT_UNIT_UNITLESS"             @ string offset=5787
.Linfo_string255:
	.asciz	"ATT_UNIT_METRE"                @ string offset=5805
.Linfo_string256:
	.asciz	"ATT_UNIT_KG"                   @ string offset=5820
.Linfo_string257:
	.asciz	"ATT_UNIT_SECOND"               @ string offset=5832
.Linfo_string258:
	.asciz	"ATT_UNIT_AMPERE"               @ string offset=5848
.Linfo_string259:
	.asciz	"ATT_UNIT_KELVIN"               @ string offset=5864
.Linfo_string260:
	.asciz	"ATT_UNIT_MOLE"                 @ string offset=5880
.Linfo_string261:
	.asciz	"ATT_UNIT_CANDELA"              @ string offset=5894
.Linfo_string262:
	.asciz	"ATT_UNIT_SQ_METRE"             @ string offset=5911
.Linfo_string263:
	.asciz	"ATT_UNIT_CUBIC_METRE"          @ string offset=5929
.Linfo_string264:
	.asciz	"ATT_UNIT_METRE_PER_SECOND"     @ string offset=5950
.Linfo_string265:
	.asciz	"ATT_UNIT_METRES_PER_SEC_SQ"    @ string offset=5976
.Linfo_string266:
	.asciz	"ATT_UNIT_RECIPROCAL_METRE"     @ string offset=6003
.Linfo_string267:
	.asciz	"ATT_UNIT_DENS_KG_PER_CUBIC_METRE" @ string offset=6029
.Linfo_string268:
	.asciz	"ATT_UNIT_KG_PER_SQ_METRE"      @ string offset=6062
.Linfo_string269:
	.asciz	"ATT_UNIT_CUBIC_METRE_PER_KG"   @ string offset=6087
.Linfo_string270:
	.asciz	"ATT_UNIT_AMPERE_PER_SQ_METRE"  @ string offset=6115
.Linfo_string271:
	.asciz	"ATT_UNIT_AMPERE_PER_METRE"     @ string offset=6144
.Linfo_string272:
	.asciz	"ATT_UNIT_MOLE_PER_CUBIC_METRE" @ string offset=6170
.Linfo_string273:
	.asciz	"ATT_UNIT_MASS_KG_PER_CUBIC_METRE" @ string offset=6200
.Linfo_string274:
	.asciz	"ATT_UNIT_CANDELA_PER_SQ_METRE" @ string offset=6233
.Linfo_string275:
	.asciz	"ATT_UNIT_REFRACTIVE_INDEX"     @ string offset=6263
.Linfo_string276:
	.asciz	"ATT_UNIT_RELATIVE_PERMEABILITY" @ string offset=6289
.Linfo_string277:
	.asciz	"ATT_UNIT_RADIAN"               @ string offset=6320
.Linfo_string278:
	.asciz	"ATT_UNIT_STERADIAN"            @ string offset=6336
.Linfo_string279:
	.asciz	"ATT_UNIT_HERTZ"                @ string offset=6355
.Linfo_string280:
	.asciz	"ATT_UNIT_NEWTON"               @ string offset=6370
.Linfo_string281:
	.asciz	"ATT_UNIT_PASCAL"               @ string offset=6386
.Linfo_string282:
	.asciz	"ATT_UNIT_JOULE"                @ string offset=6402
.Linfo_string283:
	.asciz	"ATT_UNIT_WATT"                 @ string offset=6417
.Linfo_string284:
	.asciz	"ATT_UNIT_COULOMB"              @ string offset=6431
.Linfo_string285:
	.asciz	"ATT_UNIT_VOLT"                 @ string offset=6448
.Linfo_string286:
	.asciz	"ATT_UNIT_FARAD"                @ string offset=6462
.Linfo_string287:
	.asciz	"ATT_UNIT_OHM"                  @ string offset=6477
.Linfo_string288:
	.asciz	"ATT_UNIT_SIEMENS"              @ string offset=6490
.Linfo_string289:
	.asciz	"ATT_UNIT_WEBER"                @ string offset=6507
.Linfo_string290:
	.asciz	"ATT_UNIT_TESLA"                @ string offset=6522
.Linfo_string291:
	.asciz	"ATT_UNIT_HENRY"                @ string offset=6537
.Linfo_string292:
	.asciz	"ATT_UNIT_CELSIUS"              @ string offset=6552
.Linfo_string293:
	.asciz	"ATT_UNIT_LUMEN"                @ string offset=6569
.Linfo_string294:
	.asciz	"ATT_UNIT_LUX"                  @ string offset=6584
.Linfo_string295:
	.asciz	"ATT_UNIT_BECQUEREL"            @ string offset=6597
.Linfo_string296:
	.asciz	"ATT_UNIT_GRAY"                 @ string offset=6616
.Linfo_string297:
	.asciz	"ATT_UNIT_SIEVERT"              @ string offset=6630
.Linfo_string298:
	.asciz	"ATT_UNIT_KATAL"                @ string offset=6647
.Linfo_string299:
	.asciz	"ATT_UNIT_PASCAL_SECOND"        @ string offset=6662
.Linfo_string300:
	.asciz	"ATT_UNIT_NEWTON_METRE"         @ string offset=6685
.Linfo_string301:
	.asciz	"ATT_UNIT_NEWTON_PER_METRE"     @ string offset=6707
.Linfo_string302:
	.asciz	"ATT_UNIT_RADIAN_PER_SECOND"    @ string offset=6733
.Linfo_string303:
	.asciz	"ATT_UNIT_RADIAN_PER_SECOND_SQ" @ string offset=6760
.Linfo_string304:
	.asciz	"ATT_UNIT_WATT_PER_SQ_METRE"    @ string offset=6790
.Linfo_string305:
	.asciz	"ATT_UNIT_JOULE_PER_KELVIN"     @ string offset=6817
.Linfo_string306:
	.asciz	"ATT_UNIT_JOULE_PER_KG_KELVIN"  @ string offset=6843
.Linfo_string307:
	.asciz	"ATT_UNIT_JOULE_PER_KG"         @ string offset=6872
.Linfo_string308:
	.asciz	"ATT_UNIT_WATT_PER_METRE_KELVIN" @ string offset=6894
.Linfo_string309:
	.asciz	"ATT_UNIT_JOULE_PER_CUBIC_METRE" @ string offset=6925
.Linfo_string310:
	.asciz	"ATT_UNIT_VOLT_PER_METRE"       @ string offset=6956
.Linfo_string311:
	.asciz	"ATT_UNIT_COULOMB_PER_CUBIC_METRE" @ string offset=6980
.Linfo_string312:
	.asciz	"ATT_UNIT_SURF_COULOMB_PER_SQ_METRE" @ string offset=7013
.Linfo_string313:
	.asciz	"ATT_UNIT_FLUX_COULOMB_PER_SQ_METRE" @ string offset=7048
.Linfo_string314:
	.asciz	"ATT_UNIT_FARAD_PER_METRE"      @ string offset=7083
.Linfo_string315:
	.asciz	"ATT_UNIT_HENRY_PER_METRE"      @ string offset=7108
.Linfo_string316:
	.asciz	"ATT_UNIT_JOULE_PER_MOLE"       @ string offset=7133
.Linfo_string317:
	.asciz	"ATT_UNIT_JOULE_PER_MOLE_KELVIN" @ string offset=7157
.Linfo_string318:
	.asciz	"ATT_UNIT_COULOMB_PER_KG"       @ string offset=7188
.Linfo_string319:
	.asciz	"ATT_UNIT_GRAY_PER_SECOND"      @ string offset=7212
.Linfo_string320:
	.asciz	"ATT_UNIT_WATT_PER_STERADIAN"   @ string offset=7237
.Linfo_string321:
	.asciz	"ATT_UNIT_WATT_PER_SQ_METRE_STERADIAN" @ string offset=7265
.Linfo_string322:
	.asciz	"ATT_UNIT_KATAL_PER_CUBIC_METRE" @ string offset=7302
.Linfo_string323:
	.asciz	"ATT_UNIT_MINUTE"               @ string offset=7333
.Linfo_string324:
	.asciz	"ATT_UNIT_HOUR"                 @ string offset=7349
.Linfo_string325:
	.asciz	"ATT_UNIT_DAY"                  @ string offset=7363
.Linfo_string326:
	.asciz	"ATT_UNIT_ANGLE_DEGREE"         @ string offset=7376
.Linfo_string327:
	.asciz	"ATT_UNIT_ANGLE_MINUTE"         @ string offset=7398
.Linfo_string328:
	.asciz	"ATT_UNIT_ANGLE_SECOND"         @ string offset=7420
.Linfo_string329:
	.asciz	"ATT_UNIT_HECTARE"              @ string offset=7442
.Linfo_string330:
	.asciz	"ATT_UNIT_LITRE"                @ string offset=7459
.Linfo_string331:
	.asciz	"ATT_UNIT_TONNE"                @ string offset=7474
.Linfo_string332:
	.asciz	"ATT_UNIT_BAR"                  @ string offset=7489
.Linfo_string333:
	.asciz	"ATT_UNIT_MM_MERCURY"           @ string offset=7502
.Linfo_string334:
	.asciz	"ATT_UNIT_ANGSTROM"             @ string offset=7522
.Linfo_string335:
	.asciz	"ATT_UNIT_NAUTICAL_MILE"        @ string offset=7540
.Linfo_string336:
	.asciz	"ATT_UNIT_BARN"                 @ string offset=7563
.Linfo_string337:
	.asciz	"ATT_UNIT_KNOT"                 @ string offset=7577
.Linfo_string338:
	.asciz	"ATT_UNIT_NEPER"                @ string offset=7591
.Linfo_string339:
	.asciz	"ATT_UNIT_BEL"                  @ string offset=7606
.Linfo_string340:
	.asciz	"ATT_UNIT_YARD"                 @ string offset=7619
.Linfo_string341:
	.asciz	"ATT_UNIT_PARSEC"               @ string offset=7633
.Linfo_string342:
	.asciz	"ATT_UNIT_INCH"                 @ string offset=7649
.Linfo_string343:
	.asciz	"ATT_UNIT_FOOT"                 @ string offset=7663
.Linfo_string344:
	.asciz	"ATT_UNIT_MILE"                 @ string offset=7677
.Linfo_string345:
	.asciz	"ATT_UNIT_POUND_FORCE_PER_SQ_INCH" @ string offset=7691
.Linfo_string346:
	.asciz	"ATT_UNIT_KM_PER_HOUR"          @ string offset=7724
.Linfo_string347:
	.asciz	"ATT_UNIT_MILE_PER_HOUR"        @ string offset=7745
.Linfo_string348:
	.asciz	"ATT_UNIT_REVOLUTION_PER_MINUTE" @ string offset=7768
.Linfo_string349:
	.asciz	"ATT_UNIT_GRAM_CALORIE"         @ string offset=7799
.Linfo_string350:
	.asciz	"ATT_UNIT_KG_CALORIE"           @ string offset=7821
.Linfo_string351:
	.asciz	"ATT_UNIT_KILOWATT_HOUR"        @ string offset=7841
.Linfo_string352:
	.asciz	"ATT_UNIT_FAHRENHEIT"           @ string offset=7864
.Linfo_string353:
	.asciz	"ATT_UNIT_PERCENTAGE"           @ string offset=7884
.Linfo_string354:
	.asciz	"ATT_UNIT_PER_MILLE"            @ string offset=7904
.Linfo_string355:
	.asciz	"ATT_UNIT_BEATS_PER_MINUTE"     @ string offset=7923
.Linfo_string356:
	.asciz	"ATT_UNIT_AMPERE_HOURS"         @ string offset=7949
.Linfo_string357:
	.asciz	"ATT_UNIT_MILLIGRAM_PER_DECILITRE" @ string offset=7971
.Linfo_string358:
	.asciz	"ATT_UNIT_MILLIMOLE_PER_LITRE"  @ string offset=8004
.Linfo_string359:
	.asciz	"ATT_UNIT_YEAR"                 @ string offset=8033
.Linfo_string360:
	.asciz	"ATT_UNIT_MONTH"                @ string offset=8047
.Linfo_string361:
	.asciz	"ATT_DECL_PRIMARY_SERVICE"      @ string offset=8062
.Linfo_string362:
	.asciz	"ATT_DECL_SECONDARY_SERVICE"    @ string offset=8087
.Linfo_string363:
	.asciz	"ATT_DECL_INCLUDE"              @ string offset=8114
.Linfo_string364:
	.asciz	"ATT_DECL_CHARACTERISTIC"       @ string offset=8131
.Linfo_string365:
	.asciz	"ATT_DESC_CHAR_EXT_PROPERTIES"  @ string offset=8155
.Linfo_string366:
	.asciz	"ATT_DESC_CHAR_USER_DESCRIPTION" @ string offset=8184
.Linfo_string367:
	.asciz	"ATT_DESC_CLIENT_CHAR_CFG"      @ string offset=8215
.Linfo_string368:
	.asciz	"ATT_DESC_SERVER_CHAR_CFG"      @ string offset=8240
.Linfo_string369:
	.asciz	"ATT_DESC_CHAR_PRES_FORMAT"     @ string offset=8265
.Linfo_string370:
	.asciz	"ATT_DESC_CHAR_AGGREGATE_FORMAT" @ string offset=8291
.Linfo_string371:
	.asciz	"ATT_DESC_VALID_RANGE"          @ string offset=8322
.Linfo_string372:
	.asciz	"ATT_DESC_EXT_REPORT_REF"       @ string offset=8343
.Linfo_string373:
	.asciz	"ATT_DESC_REPORT_REF"           @ string offset=8367
.Linfo_string374:
	.asciz	"ATT_CHAR_DEVICE_NAME"          @ string offset=8387
.Linfo_string375:
	.asciz	"ATT_CHAR_APPEARANCE"           @ string offset=8408
.Linfo_string376:
	.asciz	"ATT_CHAR_PRIVACY_FLAG"         @ string offset=8428
.Linfo_string377:
	.asciz	"ATT_CHAR_RECONNECTION_ADDR"    @ string offset=8450
.Linfo_string378:
	.asciz	"ATT_CHAR_PERIPH_PREF_CON_PARAM" @ string offset=8477
.Linfo_string379:
	.asciz	"ATT_CHAR_SERVICE_CHANGED"      @ string offset=8508
.Linfo_string380:
	.asciz	"ATT_CHAR_ALERT_LEVEL"          @ string offset=8533
.Linfo_string381:
	.asciz	"ATT_CHAR_TX_POWER_LEVEL"       @ string offset=8554
.Linfo_string382:
	.asciz	"ATT_CHAR_DATE_TIME"            @ string offset=8578
.Linfo_string383:
	.asciz	"ATT_CHAR_DAY_WEEK"             @ string offset=8597
.Linfo_string384:
	.asciz	"ATT_CHAR_DAY_DATE_TIME"        @ string offset=8615
.Linfo_string385:
	.asciz	"ATT_CHAR_EXACT_TIME_256"       @ string offset=8638
.Linfo_string386:
	.asciz	"ATT_CHAR_DST_OFFSET"           @ string offset=8662
.Linfo_string387:
	.asciz	"ATT_CHAR_TIME_ZONE"            @ string offset=8682
.Linfo_string388:
	.asciz	"ATT_CHAR_LOCAL_TIME_INFO"      @ string offset=8701
.Linfo_string389:
	.asciz	"ATT_CHAR_TIME_WITH_DST"        @ string offset=8726
.Linfo_string390:
	.asciz	"ATT_CHAR_TIME_ACCURACY"        @ string offset=8749
.Linfo_string391:
	.asciz	"ATT_CHAR_TIME_SOURCE"          @ string offset=8772
.Linfo_string392:
	.asciz	"ATT_CHAR_REFERENCE_TIME_INFO"  @ string offset=8793
.Linfo_string393:
	.asciz	"ATT_CHAR_TIME_UPDATE_CNTL_POINT" @ string offset=8822
.Linfo_string394:
	.asciz	"ATT_CHAR_TIME_UPDATE_STATE"    @ string offset=8854
.Linfo_string395:
	.asciz	"ATT_CHAR_GLUCOSE_MEAS"         @ string offset=8881
.Linfo_string396:
	.asciz	"ATT_CHAR_BATTERY_LEVEL"        @ string offset=8903
.Linfo_string397:
	.asciz	"ATT_CHAR_TEMPERATURE_MEAS"     @ string offset=8926
.Linfo_string398:
	.asciz	"ATT_CHAR_TEMPERATURE_TYPE"     @ string offset=8952
.Linfo_string399:
	.asciz	"ATT_CHAR_INTERMED_TEMPERATURE" @ string offset=8978
.Linfo_string400:
	.asciz	"ATT_CHAR_MEAS_INTERVAL"        @ string offset=9008
.Linfo_string401:
	.asciz	"ATT_CHAR_BOOT_KB_IN_REPORT"    @ string offset=9031
.Linfo_string402:
	.asciz	"ATT_CHAR_SYS_ID"               @ string offset=9058
.Linfo_string403:
	.asciz	"ATT_CHAR_MODEL_NB"             @ string offset=9074
.Linfo_string404:
	.asciz	"ATT_CHAR_SERIAL_NB"            @ string offset=9092
.Linfo_string405:
	.asciz	"ATT_CHAR_FW_REV"               @ string offset=9111
.Linfo_string406:
	.asciz	"ATT_CHAR_HW_REV"               @ string offset=9127
.Linfo_string407:
	.asciz	"ATT_CHAR_SW_REV"               @ string offset=9143
.Linfo_string408:
	.asciz	"ATT_CHAR_MANUF_NAME"           @ string offset=9159
.Linfo_string409:
	.asciz	"ATT_CHAR_IEEE_CERTIF"          @ string offset=9179
.Linfo_string410:
	.asciz	"ATT_CHAR_CT_TIME"              @ string offset=9200
.Linfo_string411:
	.asciz	"ATT_CHAR_SCAN_REFRESH"         @ string offset=9217
.Linfo_string412:
	.asciz	"ATT_CHAR_BOOT_KB_OUT_REPORT"   @ string offset=9239
.Linfo_string413:
	.asciz	"ATT_CHAR_BOOT_MOUSE_IN_REPORT" @ string offset=9267
.Linfo_string414:
	.asciz	"ATT_CHAR_GLUCOSE_MEAS_CTX"     @ string offset=9297
.Linfo_string415:
	.asciz	"ATT_CHAR_BLOOD_PRESSURE_MEAS"  @ string offset=9323
.Linfo_string416:
	.asciz	"ATT_CHAR_INTERMEDIATE_CUFF_PRESSURE" @ string offset=9352
.Linfo_string417:
	.asciz	"ATT_CHAR_HEART_RATE_MEAS"      @ string offset=9388
.Linfo_string418:
	.asciz	"ATT_CHAR_BODY_SENSOR_LOCATION" @ string offset=9413
.Linfo_string419:
	.asciz	"ATT_CHAR_HEART_RATE_CNTL_POINT" @ string offset=9443
.Linfo_string420:
	.asciz	"ATT_CHAR_ALERT_STATUS"         @ string offset=9474
.Linfo_string421:
	.asciz	"ATT_CHAR_RINGER_CNTL_POINT"    @ string offset=9496
.Linfo_string422:
	.asciz	"ATT_CHAR_RINGER_SETTING"       @ string offset=9523
.Linfo_string423:
	.asciz	"ATT_CHAR_ALERT_CAT_ID_BIT_MASK" @ string offset=9547
.Linfo_string424:
	.asciz	"ATT_CHAR_ALERT_CAT_ID"         @ string offset=9578
.Linfo_string425:
	.asciz	"ATT_CHAR_ALERT_NTF_CTNL_PT"    @ string offset=9600
.Linfo_string426:
	.asciz	"ATT_CHAR_UNREAD_ALERT_STATUS"  @ string offset=9627
.Linfo_string427:
	.asciz	"ATT_CHAR_NEW_ALERT"            @ string offset=9656
.Linfo_string428:
	.asciz	"ATT_CHAR_SUP_NEW_ALERT_CAT"    @ string offset=9675
.Linfo_string429:
	.asciz	"ATT_CHAR_SUP_UNREAD_ALERT_CAT" @ string offset=9702
.Linfo_string430:
	.asciz	"ATT_CHAR_BLOOD_PRESSURE_FEATURE" @ string offset=9732
.Linfo_string431:
	.asciz	"ATT_CHAR_HID_INFO"             @ string offset=9764
.Linfo_string432:
	.asciz	"ATT_CHAR_REPORT_MAP"           @ string offset=9782
.Linfo_string433:
	.asciz	"ATT_CHAR_HID_CTNL_PT"          @ string offset=9802
.Linfo_string434:
	.asciz	"ATT_CHAR_REPORT"               @ string offset=9823
.Linfo_string435:
	.asciz	"ATT_CHAR_PROTOCOL_MODE"        @ string offset=9839
.Linfo_string436:
	.asciz	"ATT_CHAR_SCAN_INTV_WD"         @ string offset=9862
.Linfo_string437:
	.asciz	"ATT_CHAR_PNP_ID"               @ string offset=9884
.Linfo_string438:
	.asciz	"ATT_CHAR_GLUCOSE_FEATURE"      @ string offset=9900
.Linfo_string439:
	.asciz	"ATT_CHAR_REC_ACCESS_CTRL_PT"   @ string offset=9925
.Linfo_string440:
	.asciz	"ATT_CHAR_RSC_MEAS"             @ string offset=9953
.Linfo_string441:
	.asciz	"ATT_CHAR_RSC_FEAT"             @ string offset=9971
.Linfo_string442:
	.asciz	"ATT_CHAR_SC_CNTL_PT"           @ string offset=9989
.Linfo_string443:
	.asciz	"ATT_CHAR_CSC_MEAS"             @ string offset=10009
.Linfo_string444:
	.asciz	"ATT_CHAR_CSC_FEAT"             @ string offset=10027
.Linfo_string445:
	.asciz	"ATT_CHAR_SENSOR_LOC"           @ string offset=10045
.Linfo_string446:
	.asciz	"ATT_CHAR_PLX_SPOT_MEAS"        @ string offset=10065
.Linfo_string447:
	.asciz	"ATT_CHAR_PLX_CONT_MEAS"        @ string offset=10088
.Linfo_string448:
	.asciz	"ATT_CHAR_PLX_FEAT"             @ string offset=10111
.Linfo_string449:
	.asciz	"ATT_CHAR_CP_MEAS"              @ string offset=10129
.Linfo_string450:
	.asciz	"ATT_CHAR_CP_VECTOR"            @ string offset=10146
.Linfo_string451:
	.asciz	"ATT_CHAR_CP_FEAT"              @ string offset=10165
.Linfo_string452:
	.asciz	"ATT_CHAR_CP_CNTL_PT"           @ string offset=10182
.Linfo_string453:
	.asciz	"ATT_CHAR_LOC_SPEED"            @ string offset=10202
.Linfo_string454:
	.asciz	"ATT_CHAR_NAVIGATION"           @ string offset=10221
.Linfo_string455:
	.asciz	"ATT_CHAR_POS_QUALITY"          @ string offset=10241
.Linfo_string456:
	.asciz	"ATT_CHAR_LN_FEAT"              @ string offset=10262
.Linfo_string457:
	.asciz	"ATT_CHAR_LN_CNTL_PT"           @ string offset=10279
.Linfo_string458:
	.asciz	"ATT_CHAR_UDS_USER_AEROBIC_HR_LOW_LIM" @ string offset=10299
.Linfo_string459:
	.asciz	"ATT_CHAR_UDS_USER_AEROBIC_THRESHOLD" @ string offset=10336
.Linfo_string460:
	.asciz	"ATT_CHAR_UDS_USER_AGE"         @ string offset=10372
.Linfo_string461:
	.asciz	"ATT_CHAR_UDS_USER_ANAEROBIC_HR_LOW_LIM" @ string offset=10394
.Linfo_string462:
	.asciz	"ATT_CHAR_UDS_USER_ANAEROBIC_HR_UP_LIM" @ string offset=10433
.Linfo_string463:
	.asciz	"ATT_CHAR_UDS_USER_ANAEROBIC_THRESHOLD" @ string offset=10471
.Linfo_string464:
	.asciz	"ATT_CHAR_UDS_USER_AEROBIC_HR_UP_LIM" @ string offset=10509
.Linfo_string465:
	.asciz	"ATT_CHAR_UDS_USER_DATE_OF_BIRTH" @ string offset=10545
.Linfo_string466:
	.asciz	"ATT_CHAR_UDS_USER_DATE_OF_THRESHOLD_ASS" @ string offset=10577
.Linfo_string467:
	.asciz	"ATT_CHAR_UDS_USER_EMAIL_ADDR"  @ string offset=10617
.Linfo_string468:
	.asciz	"ATT_CHAR_UDS_USER_FAT_BURN_HR_LOW_LIM" @ string offset=10646
.Linfo_string469:
	.asciz	"ATT_CHAR_UDS_USER_FAT_BURN_HR_UP_LIM" @ string offset=10684
.Linfo_string470:
	.asciz	"ATT_CHAR_UDS_USER_FIRST_NAME"  @ string offset=10721
.Linfo_string471:
	.asciz	"ATT_CHAR_UDS_USER_5ZONE_HR_LIM" @ string offset=10750
.Linfo_string472:
	.asciz	"ATT_CHAR_UDS_USER_GENDER"      @ string offset=10781
.Linfo_string473:
	.asciz	"ATT_CHAR_UDS_USER_HEART_RATE_MAX" @ string offset=10806
.Linfo_string474:
	.asciz	"ATT_CHAR_UDS_USER_HEIGHT"      @ string offset=10839
.Linfo_string475:
	.asciz	"ATT_CHAR_UDS_USER_HIP_CIRCUMFERENCE" @ string offset=10864
.Linfo_string476:
	.asciz	"ATT_CHAR_UDS_USER_LAST_NAME"   @ string offset=10900
.Linfo_string477:
	.asciz	"ATT_CHAR_UDS_USER_MAX_REC_HEART_RATE" @ string offset=10928
.Linfo_string478:
	.asciz	"ATT_CHAR_UDS_USER_RESTING_HEART_RATE" @ string offset=10965
.Linfo_string479:
	.asciz	"ATT_CHAR_UDS_USER_THRESHOLDS_SPORT_TYPE" @ string offset=11002
.Linfo_string480:
	.asciz	"ATT_CHAR_UDS_USER_3ZONE_HR_LIM" @ string offset=11042
.Linfo_string481:
	.asciz	"ATT_CHAR_UDS_USER_2ZONE_HR_LIM" @ string offset=11073
.Linfo_string482:
	.asciz	"ATT_CHAR_UDS_USER_VO2_MAX"     @ string offset=11104
.Linfo_string483:
	.asciz	"ATT_CHAR_UDS_USER_WAIST_CIRCUMFERENCE" @ string offset=11130
.Linfo_string484:
	.asciz	"ATT_CHAR_UDS_USER_WEIGHT"      @ string offset=11168
.Linfo_string485:
	.asciz	"ATT_CHAR_UDS_USER_DB_CHANGE_INCR" @ string offset=11193
.Linfo_string486:
	.asciz	"ATT_CHAR_UDS_USER_INDEX"       @ string offset=11226
.Linfo_string487:
	.asciz	"ATT_CHAR_BC_FEAT"              @ string offset=11250
.Linfo_string488:
	.asciz	"ATT_CHAR_BC_MEAS"              @ string offset=11267
.Linfo_string489:
	.asciz	"ATT_CHAR_WS_MEAS"              @ string offset=11284
.Linfo_string490:
	.asciz	"ATT_CHAR_WS_FEAT"              @ string offset=11301
.Linfo_string491:
	.asciz	"ATT_CHAR_UDS_USER_CTRL_PT"     @ string offset=11318
.Linfo_string492:
	.asciz	"ATT_CHAR_UDS_USER_LANGUAGE"    @ string offset=11344
.Linfo_string493:
	.asciz	"ATT_CHAR_BM_CNTL_PT"           @ string offset=11371
.Linfo_string494:
	.asciz	"ATT_CHAR_BM_FEAT"              @ string offset=11391
.Linfo_string495:
	.asciz	"ATT_CHAR_CENTRAL_RPA"          @ string offset=11408
.Linfo_string496:
	.asciz	"ATT_CHAR_CGM_MEASUREMENT"      @ string offset=11429
.Linfo_string497:
	.asciz	"ATT_CHAR_CGM_FEATURE"          @ string offset=11454
.Linfo_string498:
	.asciz	"ATT_CHAR_CGM_STATUS"           @ string offset=11475
.Linfo_string499:
	.asciz	"ATT_CHAR_CGM_SESSION_START_TIME" @ string offset=11495
.Linfo_string500:
	.asciz	"ATT_CHAR_CGM_SESSION_RUN_TIME" @ string offset=11527
.Linfo_string501:
	.asciz	"ATT_CHAR_CGM_SPECIFIC_OPS_CP"  @ string offset=11557
.Linfo_string502:
	.asciz	"ATT_CHAR_RPA_ONLY"             @ string offset=11586
.Linfo_string503:
	.asciz	"DIS_IDX_SVC"                   @ string offset=11604
.Linfo_string504:
	.asciz	"DIS_IDX_MANUFACTURER_NAME_CHAR" @ string offset=11616
.Linfo_string505:
	.asciz	"DIS_IDX_MANUFACTURER_NAME_VAL" @ string offset=11647
.Linfo_string506:
	.asciz	"DIS_IDX_MODEL_NB_STR_CHAR"     @ string offset=11677
.Linfo_string507:
	.asciz	"DIS_IDX_MODEL_NB_STR_VAL"      @ string offset=11703
.Linfo_string508:
	.asciz	"DIS_IDX_SERIAL_NB_STR_CHAR"    @ string offset=11728
.Linfo_string509:
	.asciz	"DIS_IDX_SERIAL_NB_STR_VAL"     @ string offset=11755
.Linfo_string510:
	.asciz	"DIS_IDX_HARD_REV_STR_CHAR"     @ string offset=11781
.Linfo_string511:
	.asciz	"DIS_IDX_HARD_REV_STR_VAL"      @ string offset=11807
.Linfo_string512:
	.asciz	"DIS_IDX_FIRM_REV_STR_CHAR"     @ string offset=11832
.Linfo_string513:
	.asciz	"DIS_IDX_FIRM_REV_STR_VAL"      @ string offset=11858
.Linfo_string514:
	.asciz	"DIS_IDX_SW_REV_STR_CHAR"       @ string offset=11883
.Linfo_string515:
	.asciz	"DIS_IDX_SW_REV_STR_VAL"        @ string offset=11907
.Linfo_string516:
	.asciz	"DIS_IDX_SYSTEM_ID_CHAR"        @ string offset=11930
.Linfo_string517:
	.asciz	"DIS_IDX_SYSTEM_ID_VAL"         @ string offset=11953
.Linfo_string518:
	.asciz	"DIS_IDX_IEEE_CHAR"             @ string offset=11975
.Linfo_string519:
	.asciz	"DIS_IDX_IEEE_VAL"              @ string offset=11993
.Linfo_string520:
	.asciz	"DIS_IDX_PNP_ID_CHAR"           @ string offset=12010
.Linfo_string521:
	.asciz	"DIS_IDX_PNP_ID_VAL"            @ string offset=12030
.Linfo_string522:
	.asciz	"DIS_IDX_NB"                    @ string offset=12049
.Linfo_string523:
	.asciz	"diss_att_db_handles"           @ string offset=12060
.Linfo_string524:
	.asciz	"PERM_MASK_SVC_MI"              @ string offset=12080
.Linfo_string525:
	.asciz	"PERM_POS_SVC_MI"               @ string offset=12097
.Linfo_string526:
	.asciz	"PERM_MASK_SVC_EKS"             @ string offset=12113
.Linfo_string527:
	.asciz	"PERM_POS_SVC_EKS"              @ string offset=12131
.Linfo_string528:
	.asciz	"PERM_MASK_SVC_AUTH"            @ string offset=12148
.Linfo_string529:
	.asciz	"PERM_POS_SVC_AUTH"             @ string offset=12167
.Linfo_string530:
	.asciz	"PERM_MASK_SVC_UUID_LEN"        @ string offset=12185
.Linfo_string531:
	.asciz	"PERM_POS_SVC_UUID_LEN"         @ string offset=12208
.Linfo_string532:
	.asciz	"PERM_MASK_SVC_PRIMARY"         @ string offset=12230
.Linfo_string533:
	.asciz	"PERM_POS_SVC_PRIMARY"          @ string offset=12252
.Linfo_string534:
	.asciz	"attm_svc_perm_mask"            @ string offset=12273
.Linfo_string535:
	.asciz	"PERM_RIGHT_DISABLE"            @ string offset=12292
.Linfo_string536:
	.asciz	"PERM_RIGHT_ENABLE"             @ string offset=12311
.Linfo_string537:
	.asciz	"PERM_RIGHT_UNAUTH"             @ string offset=12329
.Linfo_string538:
	.asciz	"PERM_RIGHT_AUTH"               @ string offset=12347
.Linfo_string539:
	.asciz	"PERM_RIGHT_SECURE"             @ string offset=12363
.Linfo_string540:
	.asciz	"KE_MEM_ENV"                    @ string offset=12381
.Linfo_string541:
	.asciz	"KE_MEM_ATT_DB"                 @ string offset=12392
.Linfo_string542:
	.asciz	"KE_MEM_KE_MSG"                 @ string offset=12406
.Linfo_string543:
	.asciz	"KE_MEM_NON_RETENTION"          @ string offset=12420
.Linfo_string544:
	.asciz	"KE_MEM_BLOCK_MAX"              @ string offset=12441
.Linfo_string545:
	.asciz	"PERM_MASK_PRF_TASK"            @ string offset=12458
.Linfo_string546:
	.asciz	"PERM_POS_PRF_TASK"             @ string offset=12477
.Linfo_string547:
	.asciz	"PERM_MASK_PRF_MI"              @ string offset=12495
.Linfo_string548:
	.asciz	"PERM_POS_PRF_MI"               @ string offset=12512
.Linfo_string549:
	.asciz	"prf_perm_mask"                 @ string offset=12528
.Linfo_string550:
	.asciz	"TASK_ID_LLM"                   @ string offset=12542
.Linfo_string551:
	.asciz	"TASK_ID_LLC"                   @ string offset=12554
.Linfo_string552:
	.asciz	"TASK_ID_LLD"                   @ string offset=12566
.Linfo_string553:
	.asciz	"TASK_ID_DBG"                   @ string offset=12578
.Linfo_string554:
	.asciz	"TASK_ID_LM"                    @ string offset=12590
.Linfo_string555:
	.asciz	"TASK_ID_LC"                    @ string offset=12601
.Linfo_string556:
	.asciz	"TASK_ID_LB"                    @ string offset=12612
.Linfo_string557:
	.asciz	"TASK_ID_LD"                    @ string offset=12623
.Linfo_string558:
	.asciz	"TASK_ID_HCI"                   @ string offset=12634
.Linfo_string559:
	.asciz	"TASK_ID_DISPLAY"               @ string offset=12646
.Linfo_string560:
	.asciz	"TASK_ID_L2CC"                  @ string offset=12662
.Linfo_string561:
	.asciz	"TASK_ID_GATTM"                 @ string offset=12675
.Linfo_string562:
	.asciz	"TASK_ID_GATTC"                 @ string offset=12689
.Linfo_string563:
	.asciz	"TASK_ID_GAPM"                  @ string offset=12703
.Linfo_string564:
	.asciz	"TASK_ID_GAPC"                  @ string offset=12716
.Linfo_string565:
	.asciz	"TASK_ID_APP"                   @ string offset=12729
.Linfo_string566:
	.asciz	"TASK_ID_GTL"                   @ string offset=12741
.Linfo_string567:
	.asciz	"TASK_ID_DISS"                  @ string offset=12753
.Linfo_string568:
	.asciz	"TASK_ID_DISC"                  @ string offset=12766
.Linfo_string569:
	.asciz	"TASK_ID_PROXM"                 @ string offset=12779
.Linfo_string570:
	.asciz	"TASK_ID_PROXR"                 @ string offset=12793
.Linfo_string571:
	.asciz	"TASK_ID_FINDL"                 @ string offset=12807
.Linfo_string572:
	.asciz	"TASK_ID_FINDT"                 @ string offset=12821
.Linfo_string573:
	.asciz	"TASK_ID_HTPC"                  @ string offset=12835
.Linfo_string574:
	.asciz	"TASK_ID_HTPT"                  @ string offset=12848
.Linfo_string575:
	.asciz	"TASK_ID_BLPS"                  @ string offset=12861
.Linfo_string576:
	.asciz	"TASK_ID_BLPC"                  @ string offset=12874
.Linfo_string577:
	.asciz	"TASK_ID_HRPS"                  @ string offset=12887
.Linfo_string578:
	.asciz	"TASK_ID_HRPC"                  @ string offset=12900
.Linfo_string579:
	.asciz	"TASK_ID_TIPS"                  @ string offset=12913
.Linfo_string580:
	.asciz	"TASK_ID_TIPC"                  @ string offset=12926
.Linfo_string581:
	.asciz	"TASK_ID_SCPPS"                 @ string offset=12939
.Linfo_string582:
	.asciz	"TASK_ID_SCPPC"                 @ string offset=12953
.Linfo_string583:
	.asciz	"TASK_ID_BASS"                  @ string offset=12967
.Linfo_string584:
	.asciz	"TASK_ID_BASC"                  @ string offset=12980
.Linfo_string585:
	.asciz	"TASK_ID_HOGPD"                 @ string offset=12993
.Linfo_string586:
	.asciz	"TASK_ID_HOGPBH"                @ string offset=13007
.Linfo_string587:
	.asciz	"TASK_ID_HOGPRH"                @ string offset=13022
.Linfo_string588:
	.asciz	"TASK_ID_GLPS"                  @ string offset=13037
.Linfo_string589:
	.asciz	"TASK_ID_GLPC"                  @ string offset=13050
.Linfo_string590:
	.asciz	"TASK_ID_RSCPS"                 @ string offset=13063
.Linfo_string591:
	.asciz	"TASK_ID_RSCPC"                 @ string offset=13077
.Linfo_string592:
	.asciz	"TASK_ID_CSCPS"                 @ string offset=13091
.Linfo_string593:
	.asciz	"TASK_ID_CSCPC"                 @ string offset=13105
.Linfo_string594:
	.asciz	"TASK_ID_ANPS"                  @ string offset=13119
.Linfo_string595:
	.asciz	"TASK_ID_ANPC"                  @ string offset=13132
.Linfo_string596:
	.asciz	"TASK_ID_PASPS"                 @ string offset=13145
.Linfo_string597:
	.asciz	"TASK_ID_PASPC"                 @ string offset=13159
.Linfo_string598:
	.asciz	"TASK_ID_CPPS"                  @ string offset=13173
.Linfo_string599:
	.asciz	"TASK_ID_CPPC"                  @ string offset=13186
.Linfo_string600:
	.asciz	"TASK_ID_LANS"                  @ string offset=13199
.Linfo_string601:
	.asciz	"TASK_ID_LANC"                  @ string offset=13212
.Linfo_string602:
	.asciz	"TASK_ID_BMSS"                  @ string offset=13225
.Linfo_string603:
	.asciz	"TASK_ID_BMSC"                  @ string offset=13238
.Linfo_string604:
	.asciz	"TASK_ID_BCSS"                  @ string offset=13251
.Linfo_string605:
	.asciz	"TASK_ID_BCSC"                  @ string offset=13264
.Linfo_string606:
	.asciz	"TASK_ID_UDSS"                  @ string offset=13277
.Linfo_string607:
	.asciz	"TASK_ID_UDSC"                  @ string offset=13290
.Linfo_string608:
	.asciz	"TASK_ID_WSSS"                  @ string offset=13303
.Linfo_string609:
	.asciz	"TASK_ID_WSSC"                  @ string offset=13316
.Linfo_string610:
	.asciz	"TASK_ID_CTSS"                  @ string offset=13329
.Linfo_string611:
	.asciz	"TASK_ID_CTSC"                  @ string offset=13342
.Linfo_string612:
	.asciz	"TASK_ID_ANCC"                  @ string offset=13355
.Linfo_string613:
	.asciz	"TASK_ID_GATT_CLIENT"           @ string offset=13368
.Linfo_string614:
	.asciz	"TASK_ID_CGMS"                  @ string offset=13388
.Linfo_string615:
	.asciz	"TASK_ID_CGMC"                  @ string offset=13401
.Linfo_string616:
	.asciz	"TASK_ID_PLXS"                  @ string offset=13414
.Linfo_string617:
	.asciz	"TASK_ID_PLXC"                  @ string offset=13427
.Linfo_string618:
	.asciz	"TASK_ID_FSP_EXT"               @ string offset=13440
.Linfo_string619:
	.asciz	"TASK_ID_SUOTAR"                @ string offset=13456
.Linfo_string620:
	.asciz	"TASK_ID_CUSTS1"                @ string offset=13471
.Linfo_string621:
	.asciz	"TASK_ID_CUSTS2"                @ string offset=13486
.Linfo_string622:
	.asciz	"TASK_ID_INVALID"               @ string offset=13501
.Linfo_string623:
	.asciz	"KE_API_ID"                     @ string offset=13517
.Linfo_string624:
	.asciz	"DISS_IDLE"                     @ string offset=13527
.Linfo_string625:
	.asciz	"DISS_BUSY"                     @ string offset=13537
.Linfo_string626:
	.asciz	"DISS_STATE_MAX"                @ string offset=13547
.Linfo_string627:
	.asciz	"values"                        @ string offset=13562
.Linfo_string628:
	.asciz	"first"                         @ string offset=13569
.Linfo_string629:
	.asciz	"next"                          @ string offset=13575
.Linfo_string630:
	.asciz	"co_list_hdr"                   @ string offset=13580
.Linfo_string631:
	.asciz	"last"                          @ string offset=13592
.Linfo_string632:
	.asciz	"cnt"                           @ string offset=13597
.Linfo_string633:
	.asciz	"maxcnt"                        @ string offset=13601
.Linfo_string634:
	.asciz	"mincnt"                        @ string offset=13608
.Linfo_string635:
	.asciz	"co_list"                       @ string offset=13615
.Linfo_string636:
	.asciz	"start_hdl"                     @ string offset=13623
.Linfo_string637:
	.asciz	"features"                      @ string offset=13633
.Linfo_string638:
	.asciz	"req_val"                       @ string offset=13642
.Linfo_string639:
	.asciz	"req_conidx"                    @ string offset=13650
.Linfo_string640:
	.asciz	"diss_env_tag"                  @ string offset=13661
.Linfo_string641:
	.asciz	"co_list_is_empty"              @ string offset=13674
.Linfo_string642:
	.asciz	"_Bool"                         @ string offset=13691
.Linfo_string643:
	.asciz	"list"                          @ string offset=13697
.Linfo_string644:
	.asciz	"listempty"                     @ string offset=13702
.Linfo_string645:
	.asciz	"diss_init"                     @ string offset=13712
.Linfo_string646:
	.asciz	"diss_destroy"                  @ string offset=13722
.Linfo_string647:
	.asciz	"diss_create"                   @ string offset=13735
.Linfo_string648:
	.asciz	"diss_cleanup"                  @ string offset=13747
.Linfo_string649:
	.asciz	"diss_prf_itf_get"              @ string offset=13760
.Linfo_string650:
	.asciz	"diss_compute_cfg_flag"         @ string offset=13777
.Linfo_string651:
	.asciz	"diss_handle_to_value"          @ string offset=13799
.Linfo_string652:
	.asciz	"diss_value_to_handle"          @ string offset=13820
.Linfo_string653:
	.asciz	"diss_check_val_len"            @ string offset=13841
.Linfo_string654:
	.asciz	"cfg_flag"                      @ string offset=13860
.Linfo_string655:
	.asciz	"sec_lvl"                       @ string offset=13869
.Linfo_string656:
	.asciz	"params"                        @ string offset=13877
.Linfo_string657:
	.asciz	"diss_db_cfg"                   @ string offset=13884
.Linfo_string658:
	.asciz	"status"                        @ string offset=13896
.Linfo_string659:
	.asciz	"diss_env"                      @ string offset=13903
.Linfo_string660:
	.asciz	"hdr"                           @ string offset=13912
.Linfo_string661:
	.asciz	"conidx"                        @ string offset=13916
.Linfo_string662:
	.asciz	"reason"                        @ string offset=13923
.Linfo_string663:
	.asciz	"i"                             @ string offset=13930
.Linfo_string664:
	.asciz	"handle"                        @ string offset=13932
.Linfo_string665:
	.asciz	"value"                         @ string offset=13939
.Linfo_string666:
	.asciz	"cur_hdl"                       @ string offset=13945
.Linfo_string667:
	.asciz	"signed char"                   @ string offset=13953
.Linfo_string668:
	.asciz	"int8_t"                        @ string offset=13965
.Linfo_string669:
	.asciz	"char_code"                     @ string offset=13972
.Linfo_string670:
	.asciz	"val_len"                       @ string offset=13982
	.ident	"Component: Arm Compiler for Embedded 6.23 Tool: armclang [5f103000]"
	.section	".note.GNU-stack","",%progbits
	.eabi_attribute	30, 4	@ Tag_ABI_optimization_goals
	.ARM_attribute	16, 1	@ Tag_AV_eba
	.section	.debug_line,"",%progbits
.Lline_table_start0:
