	.text
	.syntax unified
	.eabi_attribute	67, "2.09"	@ Tag_conformance
	.cpu	cortex-m0plus
	.eabi_attribute	6, 12	@ Tag_CPU_arch
	.eabi_attribute	7, 77	@ Tag_CPU_arch_profile
	.eabi_attribute	8, 0	@ Tag_ARM_ISA_use
	.eabi_attribute	9, 1	@ Tag_THUMB_ISA_use
	.eabi_attribute	34, 0	@ Tag_CPU_unaligned_access
	.eabi_attribute	17, 1	@ Tag_ABI_PCS_GOT_use
	.eabi_attribute	20, 2	@ Tag_ABI_FP_denormal
	.eabi_attribute	21, 0	@ Tag_ABI_FP_exceptions
	.eabi_attribute	23, 1	@ Tag_ABI_FP_number_model
	.eabi_attribute	24, 1	@ Tag_ABI_align_needed
	.eabi_attribute	25, 1	@ Tag_ABI_align_preserved
	.eabi_attribute	38, 1	@ Tag_ABI_FP_16bit_format
	.eabi_attribute	18, 2	@ Tag_ABI_PCS_wchar_t
	.eabi_attribute	26, 1	@ Tag_ABI_enum_size
	.eabi_attribute	14, 0	@ Tag_ABI_PCS_R9_use
	.file	"i2c.c"
	.file	1 "C:\\Users\\teodor" "AppData\\Local\\Keil_v5\\ARM\\ARMCLANG\\bin\\..\\include\\stdint.h"
	.file	2 "C:\\Users\\teodor\\Desktop\\stem\\codeless\\6.0.24.1464\\projects\\target_apps\\ble_examples\\empty_peripheral_template\\Keil_5" "../../../../../sdk/platform/driver/i2c/i2c.c"
	.file	3 "C:\\Users\\teodor\\Desktop\\stem\\codeless\\6.0.24.1464\\projects\\target_apps\\ble_examples\\empty_peripheral_template\\Keil_5" "../../../../../sdk/platform/driver/i2c\\i2c.h"
	.file	4 "C:\\Users\\teodor\\Desktop\\stem\\codeless\\6.0.24.1464\\projects\\target_apps\\ble_examples\\empty_peripheral_template\\Keil_5" "./../../../../../sdk/platform/include\\da14535.h"
	.file	5 "C:\\Users\\teodor\\Desktop\\stem\\codeless\\6.0.24.1464\\projects\\target_apps\\ble_examples\\empty_peripheral_template\\Keil_5" "../../../../../sdk/platform/include/CMSIS/5.9.0/CMSIS/Core/Include\\core_cm0plus.h"
	.hidden	i2c_master_transmit_buffer_async @ -- Begin function i2c_master_transmit_buffer_async
	.globl	i2c_master_transmit_buffer_async
	.p2align	2
	.type	i2c_master_transmit_buffer_async,%function
	.code	16                              @ @i2c_master_transmit_buffer_async
	.thumb_func
i2c_master_transmit_buffer_async:
.Lfunc_begin0:
	.loc	2 393 0                         @ ../../../../../sdk/platform/driver/i2c/i2c.c:393:0
	.fnstart
	.cfi_sections .debug_frame
	.cfi_startproc
@ %bb.0:
	@DEBUG_VALUE: i2c_master_transmit_buffer_async:data <- $r0
	@DEBUG_VALUE: i2c_master_transmit_buffer_async:len <- $r1
	@DEBUG_VALUE: i2c_master_transmit_buffer_async:cb <- $r2
	@DEBUG_VALUE: i2c_master_transmit_buffer_async:cb_data <- $r3
	.save	{r4, r5, r7, lr}
	push	{r4, r5, r7, lr}
	.cfi_def_cfa_offset 16
	.cfi_offset lr, -4
	.cfi_offset r7, -8
	.cfi_offset r5, -12
	.cfi_offset r4, -16
.Ltmp0:
	@DEBUG_VALUE: i2c_master_transmit_buffer_async:flags <- [DW_OP_plus_uconst 16] [$sp+0]
	.loc	2 404 27 prologue_end           @ ../../../../../sdk/platform/driver/i2c/i2c.c:404:27
	ldr	r4, __arm_cp.0_0
	movs	r5, #0
	.loc	2 406 26                        @ ../../../../../sdk/platform/driver/i2c/i2c.c:406:26
	strh	r5, [r4, #4]
	.loc	2 405 26                        @ ../../../../../sdk/platform/driver/i2c/i2c.c:405:26
	strh	r1, [r4]
	.loc	2 404 27                        @ ../../../../../sdk/platform/driver/i2c/i2c.c:404:27
	mov	r1, r4
.Ltmp1:
	@DEBUG_VALUE: i2c_master_transmit_buffer_async:len <- [DW_OP_LLVM_entry_value 1] $r1
	adds	r1, #20
	stm	r1!, {r0, r2, r3}
	ldr	r0, [sp, #16]
.Ltmp2:
	@DEBUG_VALUE: i2c_master_transmit_buffer_async:data <- [DW_OP_LLVM_entry_value 1] $r0
	@DEBUG_VALUE: i2c_master_transmit_buffer_async:mask <- 80
	.loc	2 397 9                         @ ../../../../../sdk/platform/driver/i2c/i2c.c:397:9
	lsls	r1, r0, #31
	lsrs	r2, r1, #30
.Ltmp3:
	@DEBUG_VALUE: i2c_master_transmit_buffer_async:cb <- [DW_OP_LLVM_entry_value 1] $r2
	@DEBUG_VALUE: i2c_master_transmit_buffer_async:flags <- [DW_OP_LLVM_arg 0, DW_OP_LLVM_arg 1, DW_OP_or, DW_OP_stack_value] $r0, $r2
	orrs	r2, r0
.Ltmp4:
	.loc	2 409 28                        @ ../../../../../sdk/platform/driver/i2c/i2c.c:409:28
	str	r2, [r4, #32]
	ldr	r0, __arm_cp.0_1
.Ltmp5:
	.loc	3 894 5                         @ ../../../../../sdk/platform/driver/i2c\i2c.h:894:5
	ldrh	r2, [r0, #36]
.Ltmp6:
	.loc	2 414 9                         @ ../../../../../sdk/platform/driver/i2c/i2c.c:414:9
	cmp	r1, #0
	bne	.LBB0_2
.Ltmp7:
@ %bb.1:
	@DEBUG_VALUE: i2c_master_transmit_buffer_async:cb <- [DW_OP_LLVM_entry_value 1] $r2
	@DEBUG_VALUE: i2c_master_transmit_buffer_async:mask <- 80
	@DEBUG_VALUE: i2c_master_transmit_buffer_async:data <- [DW_OP_LLVM_entry_value 1] $r0
	@DEBUG_VALUE: i2c_master_transmit_buffer_async:len <- [DW_OP_LLVM_entry_value 1] $r1
	@DEBUG_VALUE: i2c_master_transmit_buffer_async:cb_data <- $r3
	.loc	2 0 9 is_stmt 0                 @ ../../../../../sdk/platform/driver/i2c/i2c.c:0:9
	movs	r1, #80
	.loc	2 414 9                         @ ../../../../../sdk/platform/driver/i2c/i2c.c:414:9
	b	.LBB0_3
.Ltmp8:
.LBB0_2:
	@DEBUG_VALUE: i2c_master_transmit_buffer_async:cb <- [DW_OP_LLVM_entry_value 1] $r2
	@DEBUG_VALUE: i2c_master_transmit_buffer_async:mask <- 80
	@DEBUG_VALUE: i2c_master_transmit_buffer_async:data <- [DW_OP_LLVM_entry_value 1] $r0
	@DEBUG_VALUE: i2c_master_transmit_buffer_async:len <- [DW_OP_LLVM_entry_value 1] $r1
	@DEBUG_VALUE: i2c_master_transmit_buffer_async:cb_data <- $r3
	.loc	3 942 5 is_stmt 1               @ ../../../../../sdk/platform/driver/i2c\i2c.h:942:5
	ldrh	r1, [r0, #48]
	movs	r1, #37
	lsls	r1, r1, #4
.Ltmp9:
	@DEBUG_VALUE: i2c_master_transmit_buffer_async:mask <- 592
.LBB0_3:
	@DEBUG_VALUE: i2c_master_transmit_buffer_async:cb <- [DW_OP_LLVM_entry_value 1] $r2
	@DEBUG_VALUE: i2c_master_transmit_buffer_async:data <- [DW_OP_LLVM_entry_value 1] $r0
	@DEBUG_VALUE: i2c_master_transmit_buffer_async:len <- [DW_OP_LLVM_entry_value 1] $r1
	@DEBUG_VALUE: i2c_master_transmit_buffer_async:cb_data <- $r3
	@DEBUG_VALUE: i2c_master_transmit_buffer_async:mask <- $r1
	@DEBUG_VALUE: i2c_register_int:mask <- $r1
	@DEBUG_VALUE: i2c_set_int_mask:mask <- $r1
	.loc	3 780 5                         @ ../../../../../sdk/platform/driver/i2c\i2c.h:780:5
	strh	r1, [r0]
.Ltmp10:
	.loc	2 1019 21                       @ ../../../../../sdk/platform/driver/i2c/i2c.c:1019:21
	ldr	r0, __arm_cp.0_2
.Ltmp11:
	@DEBUG_VALUE: i2c_register_int:cb <- $r0
	str	r0, [r4, #52]
.Ltmp12:
	.loc	2 424 1 epilogue_begin          @ ../../../../../sdk/platform/driver/i2c/i2c.c:424:1
	pop	{r4, r5, r7, pc}
.Ltmp13:
	.loc	2 0 1 is_stmt 0                 @ :0:1
.Ltmp14:
	.p2align	2
@ %bb.4:
__arm_cp.0_0:
	.long	.L_MergedGlobals
.Lcpi_end0:
	.size	__arm_cp.0_0, .Lcpi_end0-__arm_cp.0_0
__arm_cp.0_1:
	.long	1342182192                      @ 0x50001330
.Lcpi_end1:
	.size	__arm_cp.0_1, .Lcpi_end1-__arm_cp.0_1
__arm_cp.0_2:
	.long	intr_master_transmit_buffer_handler
.Lcpi_end2:
	.size	__arm_cp.0_2, .Lcpi_end2-__arm_cp.0_2
.Lfunc_end0:
	.size	i2c_master_transmit_buffer_async, .Lfunc_end0-i2c_master_transmit_buffer_async
	.cfi_endproc
	.cantunwind
	.fnend
                                        @ -- End function
	.hidden	i2c_register_int                @ -- Begin function i2c_register_int
	.globl	i2c_register_int
	.p2align	2
	.type	i2c_register_int,%function
	.code	16                              @ @i2c_register_int
	.thumb_func
i2c_register_int:
.Lfunc_begin1:
	.loc	2 1017 0 is_stmt 1              @ ../../../../../sdk/platform/driver/i2c/i2c.c:1017:0
	.fnstart
	.cfi_startproc
@ %bb.0:
	@DEBUG_VALUE: i2c_register_int:cb <- $r0
	@DEBUG_VALUE: i2c_register_int:mask <- $r1
	ldr	r2, __arm_cp.1_0
.Ltmp15:
	@DEBUG_VALUE: i2c_set_int_mask:mask <- undef
	.loc	3 780 5 prologue_end            @ ../../../../../sdk/platform/driver/i2c\i2c.h:780:5
	strh	r1, [r2]
.Ltmp16:
	.loc	2 1019 21                       @ ../../../../../sdk/platform/driver/i2c/i2c.c:1019:21
	ldr	r1, __arm_cp.1_1
.Ltmp17:
	@DEBUG_VALUE: i2c_register_int:mask <- [DW_OP_LLVM_entry_value 1] $r1
	str	r0, [r1, #52]
	.loc	2 1023 1                        @ ../../../../../sdk/platform/driver/i2c/i2c.c:1023:1
	bx	lr
.Ltmp18:
	.loc	2 0 1 is_stmt 0                 @ :0:1
.Ltmp19:
	.p2align	2
@ %bb.1:
__arm_cp.1_0:
	.long	1342182192                      @ 0x50001330
.Lcpi_end3:
	.size	__arm_cp.1_0, .Lcpi_end3-__arm_cp.1_0
__arm_cp.1_1:
	.long	.L_MergedGlobals
.Lcpi_end4:
	.size	__arm_cp.1_1, .Lcpi_end4-__arm_cp.1_1
.Lfunc_end1:
	.size	i2c_register_int, .Lfunc_end1-i2c_register_int
	.cfi_endproc
	.cantunwind
	.fnend
                                        @ -- End function
	.p2align	2                               @ -- Begin function intr_master_transmit_buffer_handler
	.type	intr_master_transmit_buffer_handler,%function
	.code	16                              @ @intr_master_transmit_buffer_handler
	.thumb_func
intr_master_transmit_buffer_handler:
.Lfunc_begin2:
	.loc	2 345 0 is_stmt 1               @ ../../../../../sdk/platform/driver/i2c/i2c.c:345:0
	.fnstart
	.cfi_startproc
@ %bb.0:
	@DEBUG_VALUE: intr_master_transmit_buffer_handler:mask <- $r0
	.save	{r4, r5, r6, lr}
	push	{r4, r5, r6, lr}
	.cfi_def_cfa_offset 16
	.cfi_offset lr, -4
	.cfi_offset r6, -8
	.cfi_offset r5, -12
	.cfi_offset r4, -16
.Ltmp20:
	.loc	2 348 9 prologue_end            @ ../../../../../sdk/platform/driver/i2c/i2c.c:348:9
	lsls	r1, r0, #25
	ldr	r4, __arm_cp.2_0
	bmi	.LBB2_9
.Ltmp21:
@ %bb.1:
	@DEBUG_VALUE: intr_master_transmit_buffer_handler:mask <- $r0
	.loc	2 357 9                         @ ../../../../../sdk/platform/driver/i2c/i2c.c:357:9
	lsls	r0, r0, #22
.Ltmp22:
	@DEBUG_VALUE: intr_master_transmit_buffer_handler:mask <- [DW_OP_LLVM_entry_value 1] $r0
	bmi	.LBB2_10
.Ltmp23:
@ %bb.2:
	@DEBUG_VALUE: intr_master_transmit_buffer_handler:mask <- [DW_OP_LLVM_entry_value 1] $r0
	.loc	2 0 9 is_stmt 0                 @ ../../../../../sdk/platform/driver/i2c/i2c.c:0:9
	ldr	r1, __arm_cp.2_1
	.loc	2 366 18 is_stmt 1              @ ../../../../../sdk/platform/driver/i2c/i2c.c:366:18
	ldrh	r3, [r1, #4]
	ldr	r2, [r1, #20]
	ldr	r0, __arm_cp.2_2
.Ltmp24:
.LBB2_3:                                @ =>This Inner Loop Header: Depth=1
	@DEBUG_VALUE: intr_master_transmit_buffer_handler:mask <- [DW_OP_LLVM_entry_value 1] $r0
	.loc	2 366 29 is_stmt 0              @ ../../../../../sdk/platform/driver/i2c/i2c.c:366:29
	ldrh	r5, [r1]
	.loc	2 366 22                        @ ../../../../../sdk/platform/driver/i2c/i2c.c:366:22
	uxth	r3, r3
	.loc	2 366 34                        @ ../../../../../sdk/platform/driver/i2c/i2c.c:366:34
	cmp	r3, r5
	bhs	.LBB2_11
.Ltmp25:
@ %bb.4:                                @   in Loop: Header=BB2_3 Depth=1
	@DEBUG_VALUE: intr_master_transmit_buffer_handler:mask <- [DW_OP_LLVM_entry_value 1] $r0
	.loc	3 1007 13 is_stmt 1             @ ../../../../../sdk/platform/driver/i2c\i2c.h:1007:13
	ldrh	r6, [r4, #28]
.Ltmp26:
	.loc	2 366 5                         @ ../../../../../sdk/platform/driver/i2c/i2c.c:366:5
	lsls	r6, r6, #30
	bpl	.LBB2_11
.Ltmp27:
@ %bb.5:                                @   in Loop: Header=BB2_3 Depth=1
	@DEBUG_VALUE: intr_master_transmit_buffer_handler:mask <- [DW_OP_LLVM_entry_value 1] $r0
	.loc	2 370 58                        @ ../../../../../sdk/platform/driver/i2c/i2c.c:370:58
	adds	r6, r3, #1
	.loc	2 370 47 is_stmt 0              @ ../../../../../sdk/platform/driver/i2c/i2c.c:370:47
	cmp	r6, r5
	beq	.LBB2_7
.Ltmp28:
@ %bb.6:                                @   in Loop: Header=BB2_3 Depth=1
	@DEBUG_VALUE: intr_master_transmit_buffer_handler:mask <- [DW_OP_LLVM_entry_value 1] $r0
	.loc	2 0 47                          @ ../../../../../sdk/platform/driver/i2c/i2c.c:0:47
	movs	r5, #0
	b	.LBB2_8
.Ltmp29:
.LBB2_7:                                @   in Loop: Header=BB2_3 Depth=1
	@DEBUG_VALUE: intr_master_transmit_buffer_handler:mask <- [DW_OP_LLVM_entry_value 1] $r0
	ldr	r5, [r1, #32]
	movs	r6, #2
	.loc	2 370 0                         @ ../../../../../sdk/platform/driver/i2c/i2c.c:370:0
	ands	r6, r5
	lsrs	r5, r6, #1
	.loc	2 370 47                        @ ../../../../../sdk/platform/driver/i2c/i2c.c:370:47
	lsls	r5, r5, #9
.Ltmp30:
.LBB2_8:                                @   in Loop: Header=BB2_3 Depth=1
	@DEBUG_VALUE: intr_master_transmit_buffer_handler:mask <- [DW_OP_LLVM_entry_value 1] $r0
	.loc	2 370 24                        @ ../../../../../sdk/platform/driver/i2c/i2c.c:370:24
	ldrb	r3, [r2, r3]
	.loc	2 370 44                        @ ../../../../../sdk/platform/driver/i2c/i2c.c:370:44
	adds	r3, r5, r3
.Ltmp31:
	@DEBUG_VALUE: i2c_write_byte:data <- $r3
	.loc	3 1173 5 is_stmt 1              @ ../../../../../sdk/platform/driver/i2c\i2c.h:1173:5
	strh	r3, [r0]
.Ltmp32:
	.loc	2 374 17                        @ ../../../../../sdk/platform/driver/i2c/i2c.c:374:17
	ldrh	r3, [r1, #4]
.Ltmp33:
	adds	r3, r3, #1
	strh	r3, [r1, #4]
.Ltmp34:
	.loc	2 366 5                         @ ../../../../../sdk/platform/driver/i2c/i2c.c:366:5
	b	.LBB2_3
.Ltmp35:
.LBB2_9:
	@DEBUG_VALUE: intr_master_transmit_buffer_handler:mask <- $r0
	.loc	2 0 5 is_stmt 0                 @ ../../../../../sdk/platform/driver/i2c/i2c.c:0:5
	movs	r0, #0
.Ltmp36:
	@DEBUG_VALUE: intr_master_transmit_buffer_handler:mask <- [DW_OP_LLVM_entry_value 1] $r0
	.loc	2 350 9 is_stmt 1               @ ../../../../../sdk/platform/driver/i2c/i2c.c:350:9
	bl	tx_reply
.Ltmp37:
	.loc	3 894 5                         @ ../../../../../sdk/platform/driver/i2c\i2c.h:894:5
	ldrh	r0, [r4]
.Ltmp38:
	.loc	2 390 1 epilogue_begin          @ ../../../../../sdk/platform/driver/i2c/i2c.c:390:1
	pop	{r4, r5, r6, pc}
.Ltmp39:
.LBB2_10:
	@DEBUG_VALUE: intr_master_transmit_buffer_handler:mask <- [DW_OP_LLVM_entry_value 1] $r0
	.loc	2 359 23                        @ ../../../../../sdk/platform/driver/i2c/i2c.c:359:23
	ldr	r0, __arm_cp.2_1
	.loc	2 359 35 is_stmt 0              @ ../../../../../sdk/platform/driver/i2c/i2c.c:359:35
	ldrh	r1, [r0]
	.loc	2 359 23                        @ ../../../../../sdk/platform/driver/i2c/i2c.c:359:23
	ldrh	r0, [r0, #4]
	.loc	2 359 27                        @ ../../../../../sdk/platform/driver/i2c/i2c.c:359:27
	subs	r1, r0, r1
	rsbs	r0, r1, #0
	adcs	r0, r1
	.loc	2 359 9                         @ ../../../../../sdk/platform/driver/i2c/i2c.c:359:9
	bl	tx_reply
.Ltmp40:
	.loc	3 942 5 is_stmt 1               @ ../../../../../sdk/platform/driver/i2c\i2c.h:942:5
	ldrh	r0, [r4, #12]
.Ltmp41:
	.loc	2 390 1 epilogue_begin          @ ../../../../../sdk/platform/driver/i2c/i2c.c:390:1
	pop	{r4, r5, r6, pc}
.Ltmp42:
.LBB2_11:
	@DEBUG_VALUE: intr_master_transmit_buffer_handler:mask <- [DW_OP_LLVM_entry_value 1] $r0
	.loc	2 378 9                         @ ../../../../../sdk/platform/driver/i2c/i2c.c:378:9
	cmp	r3, r5
	bne	.LBB2_14
.Ltmp43:
@ %bb.12:
	@DEBUG_VALUE: intr_master_transmit_buffer_handler:mask <- [DW_OP_LLVM_entry_value 1] $r0
	.loc	2 0 9 is_stmt 0                 @ ../../../../../sdk/platform/driver/i2c/i2c.c:0:9
	movs	r2, #32
.Ltmp44:
	.loc	2 380 13 is_stmt 1              @ ../../../../../sdk/platform/driver/i2c/i2c.c:380:13
	ldrb	r1, [r1, r2]
	lsls	r1, r1, #31
	bne	.LBB2_15
.Ltmp45:
@ %bb.13:
	@DEBUG_VALUE: intr_master_transmit_buffer_handler:mask <- [DW_OP_LLVM_entry_value 1] $r0
	.loc	2 0 13 is_stmt 0                @ ../../../../../sdk/platform/driver/i2c/i2c.c:0:13
	movs	r0, #1
.Ltmp46:
	.loc	2 387 13 is_stmt 1              @ ../../../../../sdk/platform/driver/i2c/i2c.c:387:13
	bl	tx_reply
.Ltmp47:
.LBB2_14:
	@DEBUG_VALUE: intr_master_transmit_buffer_handler:mask <- [DW_OP_LLVM_entry_value 1] $r0
	.loc	2 390 1 epilogue_begin          @ ../../../../../sdk/platform/driver/i2c/i2c.c:390:1
	pop	{r4, r5, r6, pc}
.Ltmp48:
.LBB2_15:
	@DEBUG_VALUE: intr_master_transmit_buffer_handler:mask <- [DW_OP_LLVM_entry_value 1] $r0
	.loc	3 792 12                        @ ../../../../../sdk/platform/driver/i2c\i2c.h:792:12
	ldrh	r1, [r0, #32]
	movs	r2, #16
.Ltmp49:
	.loc	2 382 49                        @ ../../../../../sdk/platform/driver/i2c/i2c.c:382:49
	bics	r1, r2
.Ltmp50:
	@DEBUG_VALUE: i2c_set_int_mask:mask <- $r1
	.loc	3 780 5                         @ ../../../../../sdk/platform/driver/i2c\i2c.h:780:5
	strh	r1, [r0, #32]
.Ltmp51:
	.loc	2 390 1 epilogue_begin          @ ../../../../../sdk/platform/driver/i2c/i2c.c:390:1
	pop	{r4, r5, r6, pc}
.Ltmp52:
	.loc	2 0 1 is_stmt 0                 @ :0:1
.Ltmp53:
	.p2align	2
@ %bb.16:
__arm_cp.2_0:
	.long	1342182228                      @ 0x50001354
.Lcpi_end5:
	.size	__arm_cp.2_0, .Lcpi_end5-__arm_cp.2_0
__arm_cp.2_1:
	.long	.L_MergedGlobals
.Lcpi_end6:
	.size	__arm_cp.2_1, .Lcpi_end6-__arm_cp.2_1
__arm_cp.2_2:
	.long	1342182160                      @ 0x50001310
.Lcpi_end7:
	.size	__arm_cp.2_2, .Lcpi_end7-__arm_cp.2_2
.Lfunc_end2:
	.size	intr_master_transmit_buffer_handler, .Lfunc_end2-intr_master_transmit_buffer_handler
	.cfi_endproc
	.cantunwind
	.fnend
                                        @ -- End function
	.hidden	i2c_master_receive_buffer_async @ -- Begin function i2c_master_receive_buffer_async
	.globl	i2c_master_receive_buffer_async
	.p2align	2
	.type	i2c_master_receive_buffer_async,%function
	.code	16                              @ @i2c_master_receive_buffer_async
	.thumb_func
i2c_master_receive_buffer_async:
.Lfunc_begin3:
	.loc	2 484 0 is_stmt 1               @ ../../../../../sdk/platform/driver/i2c/i2c.c:484:0
	.fnstart
	.cfi_startproc
@ %bb.0:
	@DEBUG_VALUE: i2c_master_receive_buffer_async:data <- $r0
	@DEBUG_VALUE: i2c_master_receive_buffer_async:len <- $r1
	@DEBUG_VALUE: i2c_master_receive_buffer_async:cb <- $r2
	@DEBUG_VALUE: i2c_master_receive_buffer_async:cb_data <- $r3
	.save	{r4, r5, r7, lr}
	push	{r4, r5, r7, lr}
	.cfi_def_cfa_offset 16
	.cfi_offset lr, -4
	.cfi_offset r7, -8
	.cfi_offset r5, -12
	.cfi_offset r4, -16
.Ltmp54:
	@DEBUG_VALUE: i2c_master_receive_buffer_async:flags <- [DW_OP_plus_uconst 16] [$sp+0]
	@DEBUG_VALUE: i2c_master_receive_buffer_async:mask <- 84
	.loc	2 488 27 prologue_end           @ ../../../../../sdk/platform/driver/i2c/i2c.c:488:27
	ldr	r4, __arm_cp.3_0
	movs	r5, #0
	.loc	2 491 25                        @ ../../../../../sdk/platform/driver/i2c/i2c.c:491:25
	strh	r5, [r4, #16]
	.loc	2 490 26                        @ ../../../../../sdk/platform/driver/i2c/i2c.c:490:26
	strh	r5, [r4, #12]
	.loc	2 489 26                        @ ../../../../../sdk/platform/driver/i2c/i2c.c:489:26
	strh	r1, [r4, #8]
	.loc	2 488 27                        @ ../../../../../sdk/platform/driver/i2c/i2c.c:488:27
	str	r0, [r4, #36]
	ldr	r0, [sp, #16]
.Ltmp55:
	@DEBUG_VALUE: i2c_master_receive_buffer_async:data <- [DW_OP_LLVM_entry_value 1] $r0
	.loc	2 494 28                        @ ../../../../../sdk/platform/driver/i2c/i2c.c:494:28
	str	r0, [r4, #48]
	.loc	2 493 30                        @ ../../../../../sdk/platform/driver/i2c/i2c.c:493:30
	str	r3, [r4, #44]
	.loc	2 492 25                        @ ../../../../../sdk/platform/driver/i2c/i2c.c:492:25
	str	r2, [r4, #40]
.Ltmp56:
	@DEBUG_VALUE: i2c_register_int:mask <- 84
	.loc	2 1019 21                       @ ../../../../../sdk/platform/driver/i2c/i2c.c:1019:21
	ldr	r0, __arm_cp.3_1
.Ltmp57:
	@DEBUG_VALUE: i2c_register_int:cb <- $r0
	str	r0, [r4, #52]
	ldr	r0, __arm_cp.3_2
.Ltmp58:
	.loc	3 894 5                         @ ../../../../../sdk/platform/driver/i2c\i2c.h:894:5
	ldrh	r1, [r0, #36]
.Ltmp59:
	@DEBUG_VALUE: i2c_master_receive_buffer_async:len <- [DW_OP_LLVM_entry_value 1] $r1
	.loc	3 0 5 is_stmt 0                 @ ../../../../../sdk/platform/driver/i2c\i2c.h:0:5
	movs	r1, #84
.Ltmp60:
	@DEBUG_VALUE: i2c_set_int_mask:mask <- 84
	.loc	3 780 5 is_stmt 1               @ ../../../../../sdk/platform/driver/i2c\i2c.h:780:5
	strh	r1, [r0]
.Ltmp61:
	@DEBUG_VALUE: i2c_register_int:mask <- 84
	.loc	2 501 1 epilogue_begin          @ ../../../../../sdk/platform/driver/i2c/i2c.c:501:1
	pop	{r4, r5, r7, pc}
.Ltmp62:
	.loc	2 0 1 is_stmt 0                 @ :0:1
.Ltmp63:
	.p2align	2
@ %bb.1:
__arm_cp.3_0:
	.long	.L_MergedGlobals
.Lcpi_end8:
	.size	__arm_cp.3_0, .Lcpi_end8-__arm_cp.3_0
__arm_cp.3_1:
	.long	intr_master_receive_buffer_handler
.Lcpi_end9:
	.size	__arm_cp.3_1, .Lcpi_end9-__arm_cp.3_1
__arm_cp.3_2:
	.long	1342182192                      @ 0x50001330
.Lcpi_end10:
	.size	__arm_cp.3_2, .Lcpi_end10-__arm_cp.3_2
.Lfunc_end3:
	.size	i2c_master_receive_buffer_async, .Lfunc_end3-i2c_master_receive_buffer_async
	.cfi_endproc
	.cantunwind
	.fnend
                                        @ -- End function
	.p2align	2                               @ -- Begin function intr_master_receive_buffer_handler
	.type	intr_master_receive_buffer_handler,%function
	.code	16                              @ @intr_master_receive_buffer_handler
	.thumb_func
intr_master_receive_buffer_handler:
.Lfunc_begin4:
	.loc	2 441 0 is_stmt 1               @ ../../../../../sdk/platform/driver/i2c/i2c.c:441:0
	.fnstart
	.cfi_startproc
@ %bb.0:
	@DEBUG_VALUE: intr_master_receive_buffer_handler:mask <- $r0
	.save	{r4, r5, r6, lr}
	push	{r4, r5, r6, lr}
	.cfi_def_cfa_offset 16
	.cfi_offset lr, -4
	.cfi_offset r6, -8
	.cfi_offset r5, -12
	.cfi_offset r4, -16
.Ltmp64:
	.loc	2 444 9 prologue_end            @ ../../../../../sdk/platform/driver/i2c/i2c.c:444:9
	lsls	r0, r0, #25
.Ltmp65:
	@DEBUG_VALUE: intr_master_receive_buffer_handler:mask <- [DW_OP_LLVM_entry_value 1] $r0
	.loc	2 0 9 is_stmt 0                 @ ../../../../../sdk/platform/driver/i2c/i2c.c:0:9
	ldr	r4, __arm_cp.4_0
	.loc	2 444 9                         @ ../../../../../sdk/platform/driver/i2c/i2c.c:444:9
	bmi	.LBB4_10
.Ltmp66:
@ %bb.1:
	@DEBUG_VALUE: intr_master_receive_buffer_handler:mask <- [DW_OP_LLVM_entry_value 1] $r0
	.loc	2 0 9                           @ ../../../../../sdk/platform/driver/i2c/i2c.c:0:9
	ldr	r0, __arm_cp.4_1
	ldr	r1, __arm_cp.4_2
.Ltmp67:
.LBB4_2:                                @ =>This Inner Loop Header: Depth=1
	@DEBUG_VALUE: intr_master_receive_buffer_handler:mask <- [DW_OP_LLVM_entry_value 1] $r0
	.loc	2 453 28 is_stmt 1              @ ../../../../../sdk/platform/driver/i2c/i2c.c:453:28
	ldrh	r2, [r1, #8]
	.loc	2 453 18 is_stmt 0              @ ../../../../../sdk/platform/driver/i2c/i2c.c:453:18
	ldrh	r3, [r1, #16]
	.loc	2 453 33                        @ ../../../../../sdk/platform/driver/i2c/i2c.c:453:33
	cmp	r3, r2
	bhs	.LBB4_11
.Ltmp68:
@ %bb.3:                                @   in Loop: Header=BB4_2 Depth=1
	@DEBUG_VALUE: intr_master_receive_buffer_handler:mask <- [DW_OP_LLVM_entry_value 1] $r0
	.loc	3 1007 13 is_stmt 1             @ ../../../../../sdk/platform/driver/i2c\i2c.h:1007:13
	ldrh	r5, [r4, #28]
.Ltmp69:
	.loc	2 453 5                         @ ../../../../../sdk/platform/driver/i2c/i2c.c:453:5
	lsls	r5, r5, #30
	bpl	.LBB4_11
.Ltmp70:
@ %bb.4:                                @   in Loop: Header=BB4_2 Depth=1
	@DEBUG_VALUE: intr_master_receive_buffer_handler:mask <- [DW_OP_LLVM_entry_value 1] $r0
	.loc	2 455 16                        @ ../../../../../sdk/platform/driver/i2c/i2c.c:455:16
	adds	r5, r3, #1
	strh	r5, [r1, #16]
	movs	r3, #1
	lsls	r3, r3, #8
	.loc	2 457 56                        @ ../../../../../sdk/platform/driver/i2c/i2c.c:457:56
	ldr	r6, [r1, #48]
	.loc	2 457 24 is_stmt 0              @ ../../../../../sdk/platform/driver/i2c/i2c.c:457:24
	lsls	r6, r6, #30
	bmi	.LBB4_6
.Ltmp71:
@ %bb.5:                                @   in Loop: Header=BB4_2 Depth=1
	@DEBUG_VALUE: intr_master_receive_buffer_handler:mask <- [DW_OP_LLVM_entry_value 1] $r0
	.loc	2 0 24                          @ ../../../../../sdk/platform/driver/i2c/i2c.c:0:24
	mov	r6, r3
	b	.LBB4_7
.Ltmp72:
.LBB4_6:                                @   in Loop: Header=BB4_2 Depth=1
	@DEBUG_VALUE: intr_master_receive_buffer_handler:mask <- [DW_OP_LLVM_entry_value 1] $r0
	movs	r6, #3
	lsls	r6, r6, #8
.Ltmp73:
.LBB4_7:                                @   in Loop: Header=BB4_2 Depth=1
	@DEBUG_VALUE: intr_master_receive_buffer_handler:mask <- [DW_OP_LLVM_entry_value 1] $r0
	.loc	2 457 24                        @ ../../../../../sdk/platform/driver/i2c/i2c.c:457:24
	cmp	r5, r2
	beq	.LBB4_9
.Ltmp74:
@ %bb.8:                                @   in Loop: Header=BB4_2 Depth=1
	@DEBUG_VALUE: intr_master_receive_buffer_handler:mask <- [DW_OP_LLVM_entry_value 1] $r0
	.loc	2 0 24                          @ ../../../../../sdk/platform/driver/i2c/i2c.c:0:24
	mov	r6, r3
.Ltmp75:
.LBB4_9:                                @   in Loop: Header=BB4_2 Depth=1
	@DEBUG_VALUE: intr_master_receive_buffer_handler:mask <- [DW_OP_LLVM_entry_value 1] $r0
	@DEBUG_VALUE: i2c_write_byte:data <- $r6
	.loc	3 1173 5 is_stmt 1              @ ../../../../../sdk/platform/driver/i2c\i2c.h:1173:5
	strh	r6, [r0]
.Ltmp76:
	.loc	2 453 5                         @ ../../../../../sdk/platform/driver/i2c/i2c.c:453:5
	b	.LBB4_2
.Ltmp77:
.LBB4_10:
	@DEBUG_VALUE: intr_master_receive_buffer_handler:mask <- [DW_OP_LLVM_entry_value 1] $r0
	.loc	2 0 5 is_stmt 0                 @ ../../../../../sdk/platform/driver/i2c/i2c.c:0:5
	movs	r0, #0
.Ltmp78:
	.loc	2 446 9 is_stmt 1               @ ../../../../../sdk/platform/driver/i2c/i2c.c:446:9
	bl	rx_reply
.Ltmp79:
	.loc	3 894 5                         @ ../../../../../sdk/platform/driver/i2c\i2c.h:894:5
	ldrh	r0, [r4]
.Ltmp80:
	.loc	2 481 1 epilogue_begin          @ ../../../../../sdk/platform/driver/i2c/i2c.c:481:1
	pop	{r4, r5, r6, pc}
.Ltmp81:
.LBB4_11:
	@DEBUG_VALUE: intr_master_receive_buffer_handler:mask <- [DW_OP_LLVM_entry_value 1] $r0
	.loc	2 463 18                        @ ../../../../../sdk/platform/driver/i2c/i2c.c:463:18
	ldrh	r3, [r1, #12]
	ldr	r5, [r1, #36]
.Ltmp82:
.LBB4_12:                               @ =>This Inner Loop Header: Depth=1
	@DEBUG_VALUE: intr_master_receive_buffer_handler:mask <- [DW_OP_LLVM_entry_value 1] $r0
	.loc	2 463 34 is_stmt 0              @ ../../../../../sdk/platform/driver/i2c/i2c.c:463:34
	cmp	r3, r2
	bhs	.LBB4_15
.Ltmp83:
@ %bb.13:                               @   in Loop: Header=BB4_12 Depth=1
	@DEBUG_VALUE: intr_master_receive_buffer_handler:mask <- [DW_OP_LLVM_entry_value 1] $r0
	.loc	3 1085 12 is_stmt 1             @ ../../../../../sdk/platform/driver/i2c\i2c.h:1085:12
	ldrh	r6, [r4, #36]
.Ltmp84:
	.loc	2 463 5                         @ ../../../../../sdk/platform/driver/i2c/i2c.c:463:5
	lsls	r6, r6, #26
	beq	.LBB4_15
.Ltmp85:
@ %bb.14:                               @   in Loop: Header=BB4_12 Depth=1
	@DEBUG_VALUE: intr_master_receive_buffer_handler:mask <- [DW_OP_LLVM_entry_value 1] $r0
	.loc	3 1195 12                       @ ../../../../../sdk/platform/driver/i2c\i2c.h:1195:12
	ldrh	r6, [r0]
.Ltmp86:
	.loc	2 466 29                        @ ../../../../../sdk/platform/driver/i2c/i2c.c:466:29
	strb	r6, [r5, r3]
	.loc	2 467 17                        @ ../../../../../sdk/platform/driver/i2c/i2c.c:467:17
	adds	r3, r3, #1
	strh	r3, [r1, #12]
.Ltmp87:
	.loc	2 463 5                         @ ../../../../../sdk/platform/driver/i2c/i2c.c:463:5
	b	.LBB4_12
.Ltmp88:
.LBB4_15:
	@DEBUG_VALUE: intr_master_receive_buffer_handler:mask <- [DW_OP_LLVM_entry_value 1] $r0
	.loc	2 470 9                         @ ../../../../../sdk/platform/driver/i2c/i2c.c:470:9
	cmp	r3, r2
	bne	.LBB4_17
.Ltmp89:
@ %bb.16:
	@DEBUG_VALUE: intr_master_receive_buffer_handler:mask <- [DW_OP_LLVM_entry_value 1] $r0
	.loc	2 0 9 is_stmt 0                 @ ../../../../../sdk/platform/driver/i2c/i2c.c:0:9
	movs	r0, #1
.Ltmp90:
	.loc	2 472 9 is_stmt 1               @ ../../../../../sdk/platform/driver/i2c/i2c.c:472:9
	bl	rx_reply
.Ltmp91:
.LBB4_17:
	@DEBUG_VALUE: intr_master_receive_buffer_handler:mask <- [DW_OP_LLVM_entry_value 1] $r0
	.loc	2 481 1 epilogue_begin          @ ../../../../../sdk/platform/driver/i2c/i2c.c:481:1
	pop	{r4, r5, r6, pc}
.Ltmp92:
	.loc	2 0 1 is_stmt 0                 @ :0:1
.Ltmp93:
	.p2align	2
@ %bb.18:
__arm_cp.4_0:
	.long	1342182228                      @ 0x50001354
.Lcpi_end11:
	.size	__arm_cp.4_0, .Lcpi_end11-__arm_cp.4_0
__arm_cp.4_1:
	.long	1342182160                      @ 0x50001310
.Lcpi_end12:
	.size	__arm_cp.4_1, .Lcpi_end12-__arm_cp.4_1
__arm_cp.4_2:
	.long	.L_MergedGlobals
.Lcpi_end13:
	.size	__arm_cp.4_2, .Lcpi_end13-__arm_cp.4_2
.Lfunc_end4:
	.size	intr_master_receive_buffer_handler, .Lfunc_end4-intr_master_receive_buffer_handler
	.cfi_endproc
	.cantunwind
	.fnend
                                        @ -- End function
	.hidden	i2c_slave_receive_buffer_async  @ -- Begin function i2c_slave_receive_buffer_async
	.globl	i2c_slave_receive_buffer_async
	.p2align	2
	.type	i2c_slave_receive_buffer_async,%function
	.code	16                              @ @i2c_slave_receive_buffer_async
	.thumb_func
i2c_slave_receive_buffer_async:
.Lfunc_begin5:
	.loc	2 592 0 is_stmt 1               @ ../../../../../sdk/platform/driver/i2c/i2c.c:592:0
	.fnstart
	.cfi_startproc
@ %bb.0:
	@DEBUG_VALUE: i2c_slave_receive_buffer_async:data <- $r0
	@DEBUG_VALUE: i2c_slave_receive_buffer_async:len <- $r1
	@DEBUG_VALUE: i2c_slave_receive_buffer_async:cb <- $r2
	@DEBUG_VALUE: i2c_slave_receive_buffer_async:cb_data <- $r3
	.save	{r4, r5, r7, lr}
	push	{r4, r5, r7, lr}
	.cfi_def_cfa_offset 16
	.cfi_offset lr, -4
	.cfi_offset r7, -8
	.cfi_offset r5, -12
	.cfi_offset r4, -16
.Ltmp94:
	@DEBUG_VALUE: i2c_slave_receive_buffer_async:mask <- 518
	.loc	2 596 27 prologue_end           @ ../../../../../sdk/platform/driver/i2c/i2c.c:596:27
	ldr	r4, __arm_cp.5_0
	movs	r5, #0
	.loc	2 598 26                        @ ../../../../../sdk/platform/driver/i2c/i2c.c:598:26
	strh	r5, [r4, #12]
	.loc	2 597 26                        @ ../../../../../sdk/platform/driver/i2c/i2c.c:597:26
	strh	r1, [r4, #8]
.Ltmp95:
	@DEBUG_VALUE: i2c_register_int:mask <- 518
	.loc	2 1019 21                       @ ../../../../../sdk/platform/driver/i2c/i2c.c:1019:21
	ldr	r1, __arm_cp.5_1
.Ltmp96:
	@DEBUG_VALUE: i2c_slave_receive_buffer_async:len <- [DW_OP_LLVM_entry_value 1] $r1
	@DEBUG_VALUE: i2c_register_int:cb <- $r1
	str	r1, [r4, #52]
.Ltmp97:
	.loc	2 596 27                        @ ../../../../../sdk/platform/driver/i2c/i2c.c:596:27
	mov	r1, r4
.Ltmp98:
	adds	r1, #36
	stm	r1!, {r0, r2, r3}
	ldr	r0, __arm_cp.5_2
.Ltmp99:
	@DEBUG_VALUE: i2c_slave_receive_buffer_async:data <- [DW_OP_LLVM_entry_value 1] $r0
	.loc	2 0 27 is_stmt 0                @ ../../../../../sdk/platform/driver/i2c/i2c.c:0:27
	ldr	r1, __arm_cp.5_3
.Ltmp100:
	@DEBUG_VALUE: i2c_set_int_mask:mask <- 518
	.loc	3 780 5 is_stmt 1               @ ../../../../../sdk/platform/driver/i2c\i2c.h:780:5
	strh	r1, [r0]
.Ltmp101:
	@DEBUG_VALUE: i2c_register_int:mask <- 518
	.loc	2 604 1 epilogue_begin          @ ../../../../../sdk/platform/driver/i2c/i2c.c:604:1
	pop	{r4, r5, r7, pc}
.Ltmp102:
	.loc	2 0 1 is_stmt 0                 @ :0:1
.Ltmp103:
	.p2align	2
@ %bb.1:
__arm_cp.5_0:
	.long	.L_MergedGlobals
.Lcpi_end14:
	.size	__arm_cp.5_0, .Lcpi_end14-__arm_cp.5_0
__arm_cp.5_1:
	.long	intr_slave_receive_buffer_handler
.Lcpi_end15:
	.size	__arm_cp.5_1, .Lcpi_end15-__arm_cp.5_1
__arm_cp.5_2:
	.long	1342182192                      @ 0x50001330
.Lcpi_end16:
	.size	__arm_cp.5_2, .Lcpi_end16-__arm_cp.5_2
__arm_cp.5_3:
	.long	518                             @ 0x206
.Lcpi_end17:
	.size	__arm_cp.5_3, .Lcpi_end17-__arm_cp.5_3
.Lfunc_end5:
	.size	i2c_slave_receive_buffer_async, .Lfunc_end5-i2c_slave_receive_buffer_async
	.cfi_endproc
	.cantunwind
	.fnend
                                        @ -- End function
	.p2align	2                               @ -- Begin function intr_slave_receive_buffer_handler
	.type	intr_slave_receive_buffer_handler,%function
	.code	16                              @ @intr_slave_receive_buffer_handler
	.thumb_func
intr_slave_receive_buffer_handler:
.Lfunc_begin6:
	.loc	2 562 0 is_stmt 1               @ ../../../../../sdk/platform/driver/i2c/i2c.c:562:0
	.fnstart
	.cfi_startproc
@ %bb.0:
	@DEBUG_VALUE: intr_slave_receive_buffer_handler:mask <- $r0
	.save	{r4, r5, r6, r7, lr}
	.pad	#4
	push	{r3, r4, r5, r6, r7, lr}
	.cfi_def_cfa_offset 24
	.cfi_offset lr, -4
	.cfi_offset r7, -8
	.cfi_offset r6, -12
	.cfi_offset r5, -16
	.cfi_offset r4, -20
	mov	r4, r0
.Ltmp104:
	@DEBUG_VALUE: intr_slave_receive_buffer_handler:mask <- $r4
	.loc	2 565 9 prologue_end            @ ../../../../../sdk/platform/driver/i2c/i2c.c:565:9
	lsls	r0, r0, #30
	ldr	r5, __arm_cp.6_0
	bpl	.LBB6_2
.Ltmp105:
@ %bb.1:
	@DEBUG_VALUE: intr_slave_receive_buffer_handler:mask <- $r4
	.loc	2 0 9 is_stmt 0                 @ ../../../../../sdk/platform/driver/i2c/i2c.c:0:9
	movs	r0, #0
.Ltmp106:
	.loc	2 567 9 is_stmt 1               @ ../../../../../sdk/platform/driver/i2c/i2c.c:567:9
	bl	rx_reply
.Ltmp107:
	.loc	3 858 5                         @ ../../../../../sdk/platform/driver/i2c\i2c.h:858:5
	ldrh	r0, [r5, #56]
.Ltmp108:
.LBB6_2:
	@DEBUG_VALUE: intr_slave_receive_buffer_handler:mask <- $r4
	.loc	3 0 5 is_stmt 0                 @ ../../../../../sdk/platform/driver/i2c\i2c.h:0:5
	ldr	r2, __arm_cp.6_1
.Ltmp109:
	.loc	2 581 15 is_stmt 1              @ ../../../../../sdk/platform/driver/i2c/i2c.c:581:15
	ldrh	r0, [r2, #12]
	ldr	r3, [r2, #36]
	ldrh	r1, [r2, #8]
	ldr	r6, __arm_cp.6_2
.Ltmp110:
.LBB6_3:                                @ =>This Inner Loop Header: Depth=1
	@DEBUG_VALUE: intr_slave_receive_buffer_handler:mask <- $r4
	.loc	3 1085 12                       @ ../../../../../sdk/platform/driver/i2c\i2c.h:1085:12
	ldrh	r7, [r6, #24]
.Ltmp111:
	.loc	2 573 36                        @ ../../../../../sdk/platform/driver/i2c/i2c.c:573:36
	lsls	r7, r7, #26
	beq	.LBB6_6
.Ltmp112:
@ %bb.4:                                @   in Loop: Header=BB6_3 Depth=1
	@DEBUG_VALUE: intr_slave_receive_buffer_handler:mask <- $r4
	cmp	r0, r1
	bhs	.LBB6_6
.Ltmp113:
@ %bb.5:                                @   in Loop: Header=BB6_3 Depth=1
	@DEBUG_VALUE: intr_slave_receive_buffer_handler:mask <- $r4
	.loc	3 1195 12                       @ ../../../../../sdk/platform/driver/i2c\i2c.h:1195:12
	ldrh	r7, [r5]
.Ltmp114:
	.loc	2 576 29                        @ ../../../../../sdk/platform/driver/i2c/i2c.c:576:29
	strb	r7, [r3, r0]
	.loc	2 578 17                        @ ../../../../../sdk/platform/driver/i2c/i2c.c:578:17
	adds	r0, r0, #1
	strh	r0, [r2, #12]
.Ltmp115:
	.loc	2 573 5                         @ ../../../../../sdk/platform/driver/i2c/i2c.c:573:5
	b	.LBB6_3
.Ltmp116:
.LBB6_6:
	@DEBUG_VALUE: intr_slave_receive_buffer_handler:mask <- $r4
	.loc	2 581 32                        @ ../../../../../sdk/platform/driver/i2c/i2c.c:581:32
	lsls	r2, r4, #22
	bmi	.LBB6_9
.Ltmp117:
@ %bb.7:
	@DEBUG_VALUE: intr_slave_receive_buffer_handler:mask <- $r4
	cmp	r0, r1
	beq	.LBB6_9
.Ltmp118:
@ %bb.8:
	@DEBUG_VALUE: intr_slave_receive_buffer_handler:mask <- $r4
	.loc	2 589 1 epilogue_begin          @ ../../../../../sdk/platform/driver/i2c/i2c.c:589:1
	pop	{r3, r4, r5, r6, r7, pc}
.Ltmp119:
.LBB6_9:
	@DEBUG_VALUE: intr_slave_receive_buffer_handler:mask <- $r4
	.loc	2 0 1 is_stmt 0                 @ ../../../../../sdk/platform/driver/i2c/i2c.c:0:1
	movs	r0, #1
.Ltmp120:
	.loc	2 583 9 is_stmt 1               @ ../../../../../sdk/platform/driver/i2c/i2c.c:583:9
	bl	rx_reply
.Ltmp121:
	.loc	3 942 5                         @ ../../../../../sdk/platform/driver/i2c\i2c.h:942:5
	ldrh	r0, [r6]
.Ltmp122:
	.loc	2 589 1 epilogue_begin          @ ../../../../../sdk/platform/driver/i2c/i2c.c:589:1
	pop	{r3, r4, r5, r6, r7, pc}
.Ltmp123:
	.loc	2 0 1 is_stmt 0                 @ :0:1
.Ltmp124:
	.p2align	2
@ %bb.10:
__arm_cp.6_0:
	.long	1342182160                      @ 0x50001310
.Lcpi_end18:
	.size	__arm_cp.6_0, .Lcpi_end18-__arm_cp.6_0
__arm_cp.6_1:
	.long	.L_MergedGlobals
.Lcpi_end19:
	.size	__arm_cp.6_1, .Lcpi_end19-__arm_cp.6_1
__arm_cp.6_2:
	.long	1342182240                      @ 0x50001360
.Lcpi_end20:
	.size	__arm_cp.6_2, .Lcpi_end20-__arm_cp.6_2
.Lfunc_end6:
	.size	intr_slave_receive_buffer_handler, .Lfunc_end6-intr_slave_receive_buffer_handler
	.cfi_endproc
	.cantunwind
	.fnend
                                        @ -- End function
	.hidden	i2c_slave_transmit_buffer_async @ -- Begin function i2c_slave_transmit_buffer_async
	.globl	i2c_slave_transmit_buffer_async
	.p2align	2
	.type	i2c_slave_transmit_buffer_async,%function
	.code	16                              @ @i2c_slave_transmit_buffer_async
	.thumb_func
i2c_slave_transmit_buffer_async:
.Lfunc_begin7:
	.loc	2 665 0 is_stmt 1               @ ../../../../../sdk/platform/driver/i2c/i2c.c:665:0
	.fnstart
	.cfi_startproc
@ %bb.0:
	@DEBUG_VALUE: i2c_slave_transmit_buffer_async:data <- $r0
	@DEBUG_VALUE: i2c_slave_transmit_buffer_async:len <- $r1
	@DEBUG_VALUE: i2c_slave_transmit_buffer_async:cb <- $r2
	@DEBUG_VALUE: i2c_slave_transmit_buffer_async:cb_data <- $r3
	.save	{r4, r5, r7, lr}
	push	{r4, r5, r7, lr}
	.cfi_def_cfa_offset 16
	.cfi_offset lr, -4
	.cfi_offset r7, -8
	.cfi_offset r5, -12
	.cfi_offset r4, -16
.Ltmp125:
	@DEBUG_VALUE: i2c_slave_transmit_buffer_async:mask <- 742
	.loc	2 669 27 prologue_end           @ ../../../../../sdk/platform/driver/i2c/i2c.c:669:27
	ldr	r4, __arm_cp.7_0
	movs	r5, #0
	.loc	2 671 26                        @ ../../../../../sdk/platform/driver/i2c/i2c.c:671:26
	strh	r5, [r4, #4]
	.loc	2 670 26                        @ ../../../../../sdk/platform/driver/i2c/i2c.c:670:26
	strh	r1, [r4]
	.loc	2 669 27                        @ ../../../../../sdk/platform/driver/i2c/i2c.c:669:27
	mov	r1, r4
.Ltmp126:
	@DEBUG_VALUE: i2c_slave_transmit_buffer_async:len <- [DW_OP_LLVM_entry_value 1] $r1
	adds	r1, #20
	stm	r1!, {r0, r2, r3}
.Ltmp127:
	@DEBUG_VALUE: i2c_register_int:mask <- 742
	.loc	2 1019 21                       @ ../../../../../sdk/platform/driver/i2c/i2c.c:1019:21
	ldr	r0, __arm_cp.7_1
.Ltmp128:
	@DEBUG_VALUE: i2c_slave_transmit_buffer_async:data <- [DW_OP_LLVM_entry_value 1] $r0
	@DEBUG_VALUE: i2c_register_int:cb <- $r0
	str	r0, [r4, #52]
	ldr	r0, __arm_cp.7_2
.Ltmp129:
	.loc	3 894 5                         @ ../../../../../sdk/platform/driver/i2c\i2c.h:894:5
	ldrh	r1, [r0, #36]
	ldr	r1, __arm_cp.7_3
.Ltmp130:
	@DEBUG_VALUE: i2c_set_int_mask:mask <- 742
	.loc	3 780 5                         @ ../../../../../sdk/platform/driver/i2c\i2c.h:780:5
	strh	r1, [r0]
.Ltmp131:
	@DEBUG_VALUE: i2c_register_int:mask <- 742
	.loc	2 680 1 epilogue_begin          @ ../../../../../sdk/platform/driver/i2c/i2c.c:680:1
	pop	{r4, r5, r7, pc}
.Ltmp132:
	.loc	2 0 1 is_stmt 0                 @ :0:1
.Ltmp133:
	.p2align	2
@ %bb.1:
__arm_cp.7_0:
	.long	.L_MergedGlobals
.Lcpi_end21:
	.size	__arm_cp.7_0, .Lcpi_end21-__arm_cp.7_0
__arm_cp.7_1:
	.long	intr_slave_transmit_buffer_handler
.Lcpi_end22:
	.size	__arm_cp.7_1, .Lcpi_end22-__arm_cp.7_1
__arm_cp.7_2:
	.long	1342182192                      @ 0x50001330
.Lcpi_end23:
	.size	__arm_cp.7_2, .Lcpi_end23-__arm_cp.7_2
__arm_cp.7_3:
	.long	742                             @ 0x2e6
.Lcpi_end24:
	.size	__arm_cp.7_3, .Lcpi_end24-__arm_cp.7_3
.Lfunc_end7:
	.size	i2c_slave_transmit_buffer_async, .Lfunc_end7-i2c_slave_transmit_buffer_async
	.cfi_endproc
	.cantunwind
	.fnend
                                        @ -- End function
	.p2align	2                               @ -- Begin function intr_slave_transmit_buffer_handler
	.type	intr_slave_transmit_buffer_handler,%function
	.code	16                              @ @intr_slave_transmit_buffer_handler
	.thumb_func
intr_slave_transmit_buffer_handler:
.Lfunc_begin8:
	.loc	2 607 0 is_stmt 1               @ ../../../../../sdk/platform/driver/i2c/i2c.c:607:0
	.fnstart
	.cfi_startproc
@ %bb.0:
	@DEBUG_VALUE: intr_slave_transmit_buffer_handler:mask <- $r0
	.save	{r4, r5, r7, lr}
	push	{r4, r5, r7, lr}
	.cfi_def_cfa_offset 16
	.cfi_offset lr, -4
	.cfi_offset r7, -8
	.cfi_offset r5, -12
	.cfi_offset r4, -16
	mov	r4, r0
.Ltmp134:
	@DEBUG_VALUE: intr_slave_transmit_buffer_handler:mask <- $r4
	.loc	2 610 9 prologue_end            @ ../../../../../sdk/platform/driver/i2c/i2c.c:610:9
	lsls	r0, r0, #25
	ldr	r5, __arm_cp.8_0
	bpl	.LBB8_2
.Ltmp135:
@ %bb.1:
	@DEBUG_VALUE: intr_slave_transmit_buffer_handler:mask <- $r4
	.loc	2 0 9 is_stmt 0                 @ ../../../../../sdk/platform/driver/i2c/i2c.c:0:9
	movs	r0, #0
.Ltmp136:
	.loc	2 612 9 is_stmt 1               @ ../../../../../sdk/platform/driver/i2c/i2c.c:612:9
	bl	tx_reply
.Ltmp137:
	.loc	3 894 5                         @ ../../../../../sdk/platform/driver/i2c\i2c.h:894:5
	ldrh	r0, [r5]
.Ltmp138:
.LBB8_2:
	@DEBUG_VALUE: intr_slave_transmit_buffer_handler:mask <- $r4
	.loc	2 618 9                         @ ../../../../../sdk/platform/driver/i2c/i2c.c:618:9
	lsls	r0, r4, #30
	bpl	.LBB8_4
.Ltmp139:
@ %bb.3:
	@DEBUG_VALUE: intr_slave_transmit_buffer_handler:mask <- $r4
	.loc	2 0 9 is_stmt 0                 @ ../../../../../sdk/platform/driver/i2c/i2c.c:0:9
	movs	r0, #0
.Ltmp140:
	.loc	2 620 9 is_stmt 1               @ ../../../../../sdk/platform/driver/i2c/i2c.c:620:9
	bl	tx_reply
.Ltmp141:
	.loc	2 0 9 is_stmt 0                 @ ../../../../../sdk/platform/driver/i2c/i2c.c:0:9
	ldr	r0, __arm_cp.8_1
.Ltmp142:
	.loc	3 858 5 is_stmt 1               @ ../../../../../sdk/platform/driver/i2c\i2c.h:858:5
	ldrh	r0, [r0, #56]
.Ltmp143:
.LBB8_4:
	@DEBUG_VALUE: intr_slave_transmit_buffer_handler:mask <- $r4
	.loc	2 626 9                         @ ../../../../../sdk/platform/driver/i2c/i2c.c:626:9
	lsls	r0, r4, #24
	bmi	.LBB8_12
.Ltmp144:
@ %bb.5:
	@DEBUG_VALUE: intr_slave_transmit_buffer_handler:mask <- $r4
	.loc	2 635 9                         @ ../../../../../sdk/platform/driver/i2c/i2c.c:635:9
	lsls	r0, r4, #22
	bmi	.LBB8_13
.Ltmp145:
@ %bb.6:
	@DEBUG_VALUE: intr_slave_transmit_buffer_handler:mask <- $r4
	.loc	2 644 9                         @ ../../../../../sdk/platform/driver/i2c/i2c.c:644:9
	lsls	r0, r4, #26
	bpl	.LBB8_16
.Ltmp146:
@ %bb.7:
	@DEBUG_VALUE: intr_slave_transmit_buffer_handler:mask <- $r4
	.loc	2 0 9 is_stmt 0                 @ ../../../../../sdk/platform/driver/i2c/i2c.c:0:9
	ldr	r4, __arm_cp.8_1
.Ltmp147:
	@DEBUG_VALUE: intr_slave_transmit_buffer_handler:mask <- [DW_OP_LLVM_entry_value 1] $r0
	.loc	2 646 18 is_stmt 1              @ ../../../../../sdk/platform/driver/i2c/i2c.c:646:18
	ldr	r0, __arm_cp.8_2
	.loc	2 646 30 is_stmt 0              @ ../../../../../sdk/platform/driver/i2c/i2c.c:646:30
	ldrh	r3, [r0]
	.loc	2 646 18                        @ ../../../../../sdk/platform/driver/i2c/i2c.c:646:18
	ldrh	r1, [r0, #4]
.Ltmp148:
	.loc	2 646 13                        @ ../../../../../sdk/platform/driver/i2c/i2c.c:646:13
	cmp	r1, r3
	bhs	.LBB8_17
.Ltmp149:
@ %bb.8:
	@DEBUG_VALUE: intr_slave_transmit_buffer_handler:mask <- [DW_OP_LLVM_entry_value 1] $r0
	.loc	2 0 13                          @ ../../../../../sdk/platform/driver/i2c/i2c.c:0:13
	ldr	r2, [r0, #20]
.Ltmp150:
.LBB8_9:                                @ =>This Inner Loop Header: Depth=1
	@DEBUG_VALUE: intr_slave_transmit_buffer_handler:mask <- [DW_OP_LLVM_entry_value 1] $r0
	.loc	2 652 40 is_stmt 1              @ ../../../../../sdk/platform/driver/i2c/i2c.c:652:40
	cmp	r1, r3
	bhs	.LBB8_18
.Ltmp151:
@ %bb.10:                               @   in Loop: Header=BB8_9 Depth=1
	@DEBUG_VALUE: intr_slave_transmit_buffer_handler:mask <- [DW_OP_LLVM_entry_value 1] $r0
	.loc	3 1007 13                       @ ../../../../../sdk/platform/driver/i2c\i2c.h:1007:13
	ldrh	r3, [r5, #28]
.Ltmp152:
	.loc	2 652 13                        @ ../../../../../sdk/platform/driver/i2c/i2c.c:652:13
	lsls	r3, r3, #30
	bpl	.LBB8_18
.Ltmp153:
@ %bb.11:                               @   in Loop: Header=BB8_9 Depth=1
	@DEBUG_VALUE: intr_slave_transmit_buffer_handler:mask <- [DW_OP_LLVM_entry_value 1] $r0
	.loc	2 655 50                        @ ../../../../../sdk/platform/driver/i2c/i2c.c:655:50
	adds	r3, r1, #1
	strh	r3, [r0, #4]
	.loc	2 655 32 is_stmt 0              @ ../../../../../sdk/platform/driver/i2c/i2c.c:655:32
	ldrb	r1, [r2, r1]
.Ltmp154:
	@DEBUG_VALUE: i2c_write_byte:data <- $r1
	.loc	3 1173 5 is_stmt 1              @ ../../../../../sdk/platform/driver/i2c\i2c.h:1173:5
	strh	r1, [r4]
.Ltmp155:
	.loc	2 652 36                        @ ../../../../../sdk/platform/driver/i2c/i2c.c:652:36
	ldrh	r3, [r0]
	.loc	2 652 25 is_stmt 0              @ ../../../../../sdk/platform/driver/i2c/i2c.c:652:25
	ldrh	r1, [r0, #4]
.Ltmp156:
	.loc	2 652 13                        @ ../../../../../sdk/platform/driver/i2c/i2c.c:652:13
	b	.LBB8_9
.Ltmp157:
.LBB8_12:
	@DEBUG_VALUE: intr_slave_transmit_buffer_handler:mask <- $r4
	.loc	2 628 23 is_stmt 1              @ ../../../../../sdk/platform/driver/i2c/i2c.c:628:23
	ldr	r0, __arm_cp.8_2
	.loc	2 628 35 is_stmt 0              @ ../../../../../sdk/platform/driver/i2c/i2c.c:628:35
	ldrh	r1, [r0]
	.loc	2 628 23                        @ ../../../../../sdk/platform/driver/i2c/i2c.c:628:23
	ldrh	r0, [r0, #4]
	.loc	2 628 27                        @ ../../../../../sdk/platform/driver/i2c/i2c.c:628:27
	subs	r1, r0, r1
	rsbs	r0, r1, #0
	adcs	r0, r1
	adds	r4, r5, #4
.Ltmp158:
	@DEBUG_VALUE: intr_slave_transmit_buffer_handler:mask <- [DW_OP_LLVM_entry_value 1] $r0
	.loc	2 0 27                          @ ../../../../../sdk/platform/driver/i2c/i2c.c:0:27
	b	.LBB8_14
.Ltmp159:
.LBB8_13:
	@DEBUG_VALUE: intr_slave_transmit_buffer_handler:mask <- $r4
	.loc	2 637 23 is_stmt 1              @ ../../../../../sdk/platform/driver/i2c/i2c.c:637:23
	ldr	r0, __arm_cp.8_2
	.loc	2 637 35 is_stmt 0              @ ../../../../../sdk/platform/driver/i2c/i2c.c:637:35
	ldrh	r1, [r0]
	.loc	2 637 23                        @ ../../../../../sdk/platform/driver/i2c/i2c.c:637:23
	ldrh	r0, [r0, #4]
	.loc	2 637 27                        @ ../../../../../sdk/platform/driver/i2c/i2c.c:637:27
	subs	r1, r0, r1
	rsbs	r0, r1, #0
	adcs	r0, r1
	adds	r5, #12
	mov	r4, r5
.Ltmp160:
	@DEBUG_VALUE: intr_slave_transmit_buffer_handler:mask <- [DW_OP_LLVM_entry_value 1] $r0
.LBB8_14:
	@DEBUG_VALUE: intr_slave_transmit_buffer_handler:mask <- [DW_OP_LLVM_entry_value 1] $r0
	.loc	2 0 0                           @ ../../../../../sdk/platform/driver/i2c/i2c.c:0:0
	bl	tx_reply
.Ltmp161:
.LBB8_15:
	@DEBUG_VALUE: intr_slave_transmit_buffer_handler:mask <- [DW_OP_LLVM_entry_value 1] $r0
	ldrh	r0, [r4]
.Ltmp162:
.LBB8_16:
	.loc	2 662 1 epilogue_begin is_stmt 1 @ ../../../../../sdk/platform/driver/i2c/i2c.c:662:1
	pop	{r4, r5, r7, pc}
.LBB8_17:
.Ltmp163:
	@DEBUG_VALUE: intr_slave_transmit_buffer_handler:mask <- [DW_OP_LLVM_entry_value 1] $r0
	.loc	2 0 1 is_stmt 0                 @ ../../../../../sdk/platform/driver/i2c/i2c.c:0:1
	adds	r4, #64
	movs	r0, #0
.Ltmp164:
	.loc	2 646 13 is_stmt 1              @ ../../../../../sdk/platform/driver/i2c/i2c.c:646:13
	b	.LBB8_14
.Ltmp165:
.LBB8_18:
	@DEBUG_VALUE: intr_slave_transmit_buffer_handler:mask <- [DW_OP_LLVM_entry_value 1] $r0
	.loc	2 0 13 is_stmt 0                @ ../../../../../sdk/platform/driver/i2c/i2c.c:0:13
	adds	r4, #64
	b	.LBB8_15
.Ltmp166:
	.p2align	2
@ %bb.19:
__arm_cp.8_0:
	.long	1342182228                      @ 0x50001354
.Lcpi_end25:
	.size	__arm_cp.8_0, .Lcpi_end25-__arm_cp.8_0
__arm_cp.8_1:
	.long	1342182160                      @ 0x50001310
.Lcpi_end26:
	.size	__arm_cp.8_1, .Lcpi_end26-__arm_cp.8_1
__arm_cp.8_2:
	.long	.L_MergedGlobals
.Lcpi_end27:
	.size	__arm_cp.8_2, .Lcpi_end27-__arm_cp.8_2
.Lfunc_end8:
	.size	intr_slave_transmit_buffer_handler, .Lfunc_end8-intr_slave_transmit_buffer_handler
	.cfi_endproc
	.cantunwind
	.fnend
                                        @ -- End function
	.hidden	i2c_unregister_int              @ -- Begin function i2c_unregister_int
	.globl	i2c_unregister_int
	.p2align	2
	.type	i2c_unregister_int,%function
	.code	16                              @ @i2c_unregister_int
	.thumb_func
i2c_unregister_int:
.Lfunc_begin9:
	.loc	2 1026 0 is_stmt 1              @ ../../../../../sdk/platform/driver/i2c/i2c.c:1026:0
	.fnstart
	.cfi_startproc
@ %bb.0:
	ldr	r0, __arm_cp.9_0
	movs	r1, #0
.Ltmp167:
	@DEBUG_VALUE: i2c_set_int_mask:mask <- 0
	@DEBUG_VALUE: i2c_register_int:mask <- 0
	@DEBUG_VALUE: i2c_register_int:cb <- 0
	.loc	3 780 5 prologue_end            @ ../../../../../sdk/platform/driver/i2c\i2c.h:780:5
	strh	r1, [r0]
.Ltmp168:
	.loc	2 1019 21                       @ ../../../../../sdk/platform/driver/i2c/i2c.c:1019:21
	ldr	r0, __arm_cp.9_1
	str	r1, [r0, #52]
	ldr	r0, __arm_cp.9_2
	movs	r1, #16
.Ltmp169:
	@DEBUG_VALUE: __NVIC_ClearPendingIRQ:IRQn <- 4
	.loc	5 836 20                        @ ../../../../../sdk/platform/include/CMSIS/5.9.0/CMSIS/Core/Include\core_cm0plus.h:836:20
	str	r1, [r0]
.Ltmp170:
	.loc	2 1031 1                        @ ../../../../../sdk/platform/driver/i2c/i2c.c:1031:1
	bx	lr
.Ltmp171:
	.loc	2 0 1 is_stmt 0                 @ :0:1
.Ltmp172:
	.p2align	2
@ %bb.1:
__arm_cp.9_0:
	.long	1342182192                      @ 0x50001330
.Lcpi_end28:
	.size	__arm_cp.9_0, .Lcpi_end28-__arm_cp.9_0
__arm_cp.9_1:
	.long	.L_MergedGlobals
.Lcpi_end29:
	.size	__arm_cp.9_1, .Lcpi_end29-__arm_cp.9_1
__arm_cp.9_2:
	.long	3758154368                      @ 0xe000e280
.Lcpi_end30:
	.size	__arm_cp.9_2, .Lcpi_end30-__arm_cp.9_2
.Lfunc_end9:
	.size	i2c_unregister_int, .Lfunc_end9-i2c_unregister_int
	.cfi_endproc
	.cantunwind
	.fnend
                                        @ -- End function
	.hidden	I2C_Handler                     @ -- Begin function I2C_Handler
	.globl	I2C_Handler
	.p2align	2
	.type	I2C_Handler,%function
	.code	16                              @ @I2C_Handler
	.thumb_func
I2C_Handler:
.Lfunc_begin10:
	.loc	2 1049 0 is_stmt 1              @ ../../../../../sdk/platform/driver/i2c/i2c.c:1049:0
	.fnstart
	.cfi_startproc
@ %bb.0:
	@DEBUG_VALUE: intr_handler:mask <- undef
	.save	{r7, lr}
	push	{r7, lr}
	.cfi_def_cfa_offset 8
	.cfi_offset lr, -4
	.cfi_offset r7, -8
.Ltmp173:
	@DEBUG_VALUE: I2C_Handler:mask <- undef
	.loc	2 1036 17 prologue_end          @ ../../../../../sdk/platform/driver/i2c/i2c.c:1036:17
	ldr	r0, __arm_cp.10_0
	ldr	r1, [r0, #52]
	ldr	r0, __arm_cp.10_1
.Ltmp174:
	.loc	3 807 12                        @ ../../../../../sdk/platform/driver/i2c\i2c.h:807:12
	ldrh	r0, [r0]
.Ltmp175:
	.loc	2 1036 9                        @ ../../../../../sdk/platform/driver/i2c/i2c.c:1036:9
	cmp	r1, #0
	beq	.LBB10_2
.Ltmp176:
@ %bb.1:
	.loc	2 1039 9                        @ ../../../../../sdk/platform/driver/i2c/i2c.c:1039:9
	blx	r1
.Ltmp177:
	.loc	2 1054 1 epilogue_begin         @ ../../../../../sdk/platform/driver/i2c/i2c.c:1054:1
	pop	{r7, pc}
.LBB10_2:
	.loc	2 0 1 is_stmt 0                 @ ../../../../../sdk/platform/driver/i2c/i2c.c:0:1
	ldr	r0, __arm_cp.10_2
	movs	r1, #16
.Ltmp178:
	@DEBUG_VALUE: __NVIC_ClearPendingIRQ:IRQn <- 4
	.loc	5 836 20 is_stmt 1              @ ../../../../../sdk/platform/include/CMSIS/5.9.0/CMSIS/Core/Include\core_cm0plus.h:836:20
	str	r1, [r0]
.Ltmp179:
	.loc	2 1054 1 epilogue_begin         @ ../../../../../sdk/platform/driver/i2c/i2c.c:1054:1
	pop	{r7, pc}
.Ltmp180:
	.loc	2 0 1 is_stmt 0                 @ :0:1
.Ltmp181:
	.p2align	2
@ %bb.3:
__arm_cp.10_0:
	.long	.L_MergedGlobals
.Lcpi_end31:
	.size	__arm_cp.10_0, .Lcpi_end31-__arm_cp.10_0
__arm_cp.10_1:
	.long	1342182188                      @ 0x5000132c
.Lcpi_end32:
	.size	__arm_cp.10_1, .Lcpi_end32-__arm_cp.10_1
__arm_cp.10_2:
	.long	3758154368                      @ 0xe000e280
.Lcpi_end33:
	.size	__arm_cp.10_2, .Lcpi_end33-__arm_cp.10_2
.Lfunc_end10:
	.size	I2C_Handler, .Lfunc_end10-I2C_Handler
	.cfi_endproc
	.cantunwind
	.fnend
                                        @ -- End function
	.p2align	2                               @ -- Begin function tx_reply
	.type	tx_reply,%function
	.code	16                              @ @tx_reply
	.thumb_func
tx_reply:
.Lfunc_begin11:
	.loc	2 331 0 is_stmt 1               @ ../../../../../sdk/platform/driver/i2c/i2c.c:331:0
	.fnstart
	.cfi_startproc
@ %bb.0:
	@DEBUG_VALUE: tx_reply:success <- [DW_OP_LLVM_convert 1 7, DW_OP_LLVM_convert 8 7, DW_OP_stack_value] $r0
	.save	{r7, lr}
	push	{r7, lr}
	.cfi_def_cfa_offset 8
	.cfi_offset lr, -4
	.cfi_offset r7, -8
	mov	r2, r0
.Ltmp182:
	@DEBUG_VALUE: tx_reply:success <- [DW_OP_LLVM_convert 1 7, DW_OP_LLVM_convert 8 7, DW_OP_stack_value] $r2
	ldr	r0, __arm_cp.11_0
	movs	r1, #0
.Ltmp183:
	@DEBUG_VALUE: i2c_set_int_mask:mask <- 0
	.loc	3 780 5 prologue_end            @ ../../../../../sdk/platform/driver/i2c\i2c.h:780:5
	strh	r1, [r0]
.Ltmp184:
	@DEBUG_VALUE: i2c_register_int:mask <- 0
	@DEBUG_VALUE: i2c_register_int:cb <- 0
	.loc	2 1019 21                       @ ../../../../../sdk/platform/driver/i2c/i2c.c:1019:21
	ldr	r0, __arm_cp.11_1
	str	r1, [r0, #52]
.Ltmp185:
	.loc	2 335 27                        @ ../../../../../sdk/platform/driver/i2c/i2c.c:335:27
	str	r1, [r0, #20]
	ldr	r1, __arm_cp.11_2
	movs	r3, #16
.Ltmp186:
	@DEBUG_VALUE: __NVIC_ClearPendingIRQ:IRQn <- 4
	.loc	5 836 20                        @ ../../../../../sdk/platform/include/CMSIS/5.9.0/CMSIS/Core/Include\core_cm0plus.h:836:20
	str	r3, [r1]
.Ltmp187:
	.loc	2 338 26                        @ ../../../../../sdk/platform/driver/i2c/i2c.c:338:26
	ldr	r3, [r0, #24]
.Ltmp188:
	.loc	2 338 9 is_stmt 0               @ ../../../../../sdk/platform/driver/i2c/i2c.c:338:9
	cmp	r3, #0
	beq	.LBB11_2
.Ltmp189:
@ %bb.1:
	@DEBUG_VALUE: tx_reply:success <- [DW_OP_LLVM_convert 1 7, DW_OP_LLVM_convert 8 7, DW_OP_stack_value] $r2
	@DEBUG_VALUE: tx_reply:success <- [DW_OP_LLVM_convert 1 7, DW_OP_LLVM_convert 8 7, DW_OP_stack_value] $r2
	.loc	2 340 72 is_stmt 1              @ ../../../../../sdk/platform/driver/i2c/i2c.c:340:72
	ldrh	r1, [r0, #4]
	.loc	2 340 46 is_stmt 0              @ ../../../../../sdk/platform/driver/i2c/i2c.c:340:46
	ldr	r0, [r0, #28]
	.loc	2 340 9                         @ ../../../../../sdk/platform/driver/i2c/i2c.c:340:9
	blx	r3
.Ltmp190:
.LBB11_2:
	.loc	2 342 1 epilogue_begin is_stmt 1 @ ../../../../../sdk/platform/driver/i2c/i2c.c:342:1
	pop	{r7, pc}
.Ltmp191:
	.loc	2 0 1 is_stmt 0                 @ :0:1
.Ltmp192:
	.p2align	2
@ %bb.3:
__arm_cp.11_0:
	.long	1342182192                      @ 0x50001330
.Lcpi_end34:
	.size	__arm_cp.11_0, .Lcpi_end34-__arm_cp.11_0
__arm_cp.11_1:
	.long	.L_MergedGlobals
.Lcpi_end35:
	.size	__arm_cp.11_1, .Lcpi_end35-__arm_cp.11_1
__arm_cp.11_2:
	.long	3758154368                      @ 0xe000e280
.Lcpi_end36:
	.size	__arm_cp.11_2, .Lcpi_end36-__arm_cp.11_2
.Lfunc_end11:
	.size	tx_reply, .Lfunc_end11-tx_reply
	.cfi_endproc
	.cantunwind
	.fnend
                                        @ -- End function
	.p2align	2                               @ -- Begin function rx_reply
	.type	rx_reply,%function
	.code	16                              @ @rx_reply
	.thumb_func
rx_reply:
.Lfunc_begin12:
	.loc	2 427 0 is_stmt 1               @ ../../../../../sdk/platform/driver/i2c/i2c.c:427:0
	.fnstart
	.cfi_startproc
@ %bb.0:
	@DEBUG_VALUE: rx_reply:success <- [DW_OP_LLVM_convert 1 7, DW_OP_LLVM_convert 8 7, DW_OP_stack_value] $r0
	.save	{r7, lr}
	push	{r7, lr}
	.cfi_def_cfa_offset 8
	.cfi_offset lr, -4
	.cfi_offset r7, -8
	mov	r2, r0
.Ltmp193:
	@DEBUG_VALUE: rx_reply:success <- [DW_OP_LLVM_convert 1 7, DW_OP_LLVM_convert 8 7, DW_OP_stack_value] $r2
	ldr	r0, __arm_cp.12_0
	movs	r1, #0
.Ltmp194:
	@DEBUG_VALUE: i2c_set_int_mask:mask <- 0
	.loc	3 780 5 prologue_end            @ ../../../../../sdk/platform/driver/i2c\i2c.h:780:5
	strh	r1, [r0]
.Ltmp195:
	@DEBUG_VALUE: i2c_register_int:mask <- 0
	@DEBUG_VALUE: i2c_register_int:cb <- 0
	.loc	2 1019 21                       @ ../../../../../sdk/platform/driver/i2c/i2c.c:1019:21
	ldr	r0, __arm_cp.12_1
	str	r1, [r0, #52]
.Ltmp196:
	.loc	2 431 27                        @ ../../../../../sdk/platform/driver/i2c/i2c.c:431:27
	str	r1, [r0, #36]
	ldr	r1, __arm_cp.12_2
	movs	r3, #16
.Ltmp197:
	@DEBUG_VALUE: __NVIC_ClearPendingIRQ:IRQn <- 4
	.loc	5 836 20                        @ ../../../../../sdk/platform/include/CMSIS/5.9.0/CMSIS/Core/Include\core_cm0plus.h:836:20
	str	r3, [r1]
.Ltmp198:
	.loc	2 434 26                        @ ../../../../../sdk/platform/driver/i2c/i2c.c:434:26
	ldr	r3, [r0, #40]
.Ltmp199:
	.loc	2 434 9 is_stmt 0               @ ../../../../../sdk/platform/driver/i2c/i2c.c:434:9
	cmp	r3, #0
	beq	.LBB12_2
.Ltmp200:
@ %bb.1:
	@DEBUG_VALUE: rx_reply:success <- [DW_OP_LLVM_convert 1 7, DW_OP_LLVM_convert 8 7, DW_OP_stack_value] $r2
	@DEBUG_VALUE: rx_reply:success <- [DW_OP_LLVM_convert 1 7, DW_OP_LLVM_convert 8 7, DW_OP_stack_value] $r2
	.loc	2 436 72 is_stmt 1              @ ../../../../../sdk/platform/driver/i2c/i2c.c:436:72
	ldrh	r1, [r0, #12]
	.loc	2 436 46 is_stmt 0              @ ../../../../../sdk/platform/driver/i2c/i2c.c:436:46
	ldr	r0, [r0, #44]
	.loc	2 436 9                         @ ../../../../../sdk/platform/driver/i2c/i2c.c:436:9
	blx	r3
.Ltmp201:
.LBB12_2:
	.loc	2 438 1 epilogue_begin is_stmt 1 @ ../../../../../sdk/platform/driver/i2c/i2c.c:438:1
	pop	{r7, pc}
.Ltmp202:
	.loc	2 0 1 is_stmt 0                 @ :0:1
.Ltmp203:
	.p2align	2
@ %bb.3:
__arm_cp.12_0:
	.long	1342182192                      @ 0x50001330
.Lcpi_end37:
	.size	__arm_cp.12_0, .Lcpi_end37-__arm_cp.12_0
__arm_cp.12_1:
	.long	.L_MergedGlobals
.Lcpi_end38:
	.size	__arm_cp.12_1, .Lcpi_end38-__arm_cp.12_1
__arm_cp.12_2:
	.long	3758154368                      @ 0xe000e280
.Lcpi_end39:
	.size	__arm_cp.12_2, .Lcpi_end39-__arm_cp.12_2
.Lfunc_end12:
	.size	rx_reply, .Lfunc_end12-rx_reply
	.cfi_endproc
	.cantunwind
	.fnend
                                        @ -- End function
	.type	.L_MergedGlobals,%object        @ @_MergedGlobals
	.section	.bss.retention_mem_area0,"aw",%nobits
	.p2align	2, 0x0
.L_MergedGlobals:
	.zero	56
	.size	.L_MergedGlobals, 56

.set i2c_env.1, .L_MergedGlobals
	.size	i2c_env.1, 2
.set i2c_env.2, .L_MergedGlobals+4
	.size	i2c_env.2, 2
.set i2c_env.7, .L_MergedGlobals+8
	.size	i2c_env.7, 2
.set i2c_env.8, .L_MergedGlobals+12
	.size	i2c_env.8, 2
.set i2c_env.9, .L_MergedGlobals+16
	.size	i2c_env.9, 2
.set i2c_env.0, .L_MergedGlobals+20
	.size	i2c_env.0, 4
.set i2c_env.3, .L_MergedGlobals+24
	.size	i2c_env.3, 4
.set i2c_env.4, .L_MergedGlobals+28
	.size	i2c_env.4, 4
.set i2c_env.5, .L_MergedGlobals+32
	.size	i2c_env.5, 4
.set i2c_env.6, .L_MergedGlobals+36
	.size	i2c_env.6, 4
.set i2c_env.10, .L_MergedGlobals+40
	.size	i2c_env.10, 4
.set i2c_env.11, .L_MergedGlobals+44
	.size	i2c_env.11, 4
.set i2c_env.12, .L_MergedGlobals+48
	.size	i2c_env.12, 4
.set i2c_env.13, .L_MergedGlobals+52
	.size	i2c_env.13, 4
	.section	.debug_loc,"",%progbits
.Ldebug_loc0:
	.long	.Lfunc_begin0-.Lfunc_begin0
	.long	.Ltmp2-.Lfunc_begin0
	.short	1                               @ Loc expr size
	.byte	80                              @ DW_OP_reg0
	.long	.Ltmp2-.Lfunc_begin0
	.long	.Ltmp13-.Lfunc_begin0
	.short	4                               @ Loc expr size
	.byte	243                             @ DW_OP_GNU_entry_value
	.byte	1                               @ 1
	.byte	80                              @ DW_OP_reg0
	.byte	159                             @ DW_OP_stack_value
	.long	0
	.long	0
.Ldebug_loc1:
	.long	.Lfunc_begin0-.Lfunc_begin0
	.long	.Ltmp1-.Lfunc_begin0
	.short	1                               @ Loc expr size
	.byte	81                              @ DW_OP_reg1
	.long	.Ltmp1-.Lfunc_begin0
	.long	.Ltmp13-.Lfunc_begin0
	.short	4                               @ Loc expr size
	.byte	243                             @ DW_OP_GNU_entry_value
	.byte	1                               @ 1
	.byte	81                              @ DW_OP_reg1
	.byte	159                             @ DW_OP_stack_value
	.long	0
	.long	0
.Ldebug_loc2:
	.long	.Lfunc_begin0-.Lfunc_begin0
	.long	.Ltmp3-.Lfunc_begin0
	.short	1                               @ Loc expr size
	.byte	82                              @ DW_OP_reg2
	.long	.Ltmp3-.Lfunc_begin0
	.long	.Ltmp13-.Lfunc_begin0
	.short	4                               @ Loc expr size
	.byte	243                             @ DW_OP_GNU_entry_value
	.byte	1                               @ 1
	.byte	82                              @ DW_OP_reg2
	.byte	159                             @ DW_OP_stack_value
	.long	0
	.long	0
.Ldebug_loc3:
	.long	.Ltmp0-.Lfunc_begin0
	.long	.Ltmp3-.Lfunc_begin0
	.short	2                               @ Loc expr size
	.byte	125                             @ DW_OP_breg13
	.byte	16                              @ 16
	.long	.Ltmp3-.Lfunc_begin0
	.long	.Ltmp4-.Lfunc_begin0
	.short	6                               @ Loc expr size
	.byte	112                             @ DW_OP_breg0
	.byte	0                               @ 0
	.byte	114                             @ DW_OP_breg2
	.byte	0                               @ 0
	.byte	33                              @ DW_OP_or
	.byte	159                             @ DW_OP_stack_value
	.long	0
	.long	0
.Ldebug_loc4:
	.long	.Ltmp2-.Lfunc_begin0
	.long	.Ltmp9-.Lfunc_begin0
	.short	3                               @ Loc expr size
	.byte	16                              @ DW_OP_constu
	.byte	80                              @ 80
	.byte	159                             @ DW_OP_stack_value
	.long	.Ltmp9-.Lfunc_begin0
	.long	.Ltmp13-.Lfunc_begin0
	.short	1                               @ Loc expr size
	.byte	81                              @ DW_OP_reg1
	.long	0
	.long	0
.Ldebug_loc5:
	.long	.Ltmp11-.Lfunc_begin0
	.long	.Ltmp13-.Lfunc_begin0
	.short	1                               @ Loc expr size
	.byte	80                              @ DW_OP_reg0
	.long	0
	.long	0
.Ldebug_loc6:
	.long	.Lfunc_begin1-.Lfunc_begin0
	.long	.Ltmp17-.Lfunc_begin0
	.short	1                               @ Loc expr size
	.byte	81                              @ DW_OP_reg1
	.long	.Ltmp17-.Lfunc_begin0
	.long	.Ltmp18-.Lfunc_begin0
	.short	4                               @ Loc expr size
	.byte	243                             @ DW_OP_GNU_entry_value
	.byte	1                               @ 1
	.byte	81                              @ DW_OP_reg1
	.byte	159                             @ DW_OP_stack_value
	.long	0
	.long	0
.Ldebug_loc7:
	.long	.Lfunc_begin2-.Lfunc_begin0
	.long	.Ltmp22-.Lfunc_begin0
	.short	1                               @ Loc expr size
	.byte	80                              @ DW_OP_reg0
	.long	.Ltmp22-.Lfunc_begin0
	.long	.Ltmp35-.Lfunc_begin0
	.short	4                               @ Loc expr size
	.byte	243                             @ DW_OP_GNU_entry_value
	.byte	1                               @ 1
	.byte	80                              @ DW_OP_reg0
	.byte	159                             @ DW_OP_stack_value
	.long	.Ltmp35-.Lfunc_begin0
	.long	.Ltmp36-.Lfunc_begin0
	.short	1                               @ Loc expr size
	.byte	80                              @ DW_OP_reg0
	.long	.Ltmp36-.Lfunc_begin0
	.long	.Ltmp52-.Lfunc_begin0
	.short	4                               @ Loc expr size
	.byte	243                             @ DW_OP_GNU_entry_value
	.byte	1                               @ 1
	.byte	80                              @ DW_OP_reg0
	.byte	159                             @ DW_OP_stack_value
	.long	0
	.long	0
.Ldebug_loc8:
	.long	.Lfunc_begin3-.Lfunc_begin0
	.long	.Ltmp55-.Lfunc_begin0
	.short	1                               @ Loc expr size
	.byte	80                              @ DW_OP_reg0
	.long	.Ltmp55-.Lfunc_begin0
	.long	.Ltmp62-.Lfunc_begin0
	.short	4                               @ Loc expr size
	.byte	243                             @ DW_OP_GNU_entry_value
	.byte	1                               @ 1
	.byte	80                              @ DW_OP_reg0
	.byte	159                             @ DW_OP_stack_value
	.long	0
	.long	0
.Ldebug_loc9:
	.long	.Lfunc_begin3-.Lfunc_begin0
	.long	.Ltmp59-.Lfunc_begin0
	.short	1                               @ Loc expr size
	.byte	81                              @ DW_OP_reg1
	.long	.Ltmp59-.Lfunc_begin0
	.long	.Ltmp62-.Lfunc_begin0
	.short	4                               @ Loc expr size
	.byte	243                             @ DW_OP_GNU_entry_value
	.byte	1                               @ 1
	.byte	81                              @ DW_OP_reg1
	.byte	159                             @ DW_OP_stack_value
	.long	0
	.long	0
.Ldebug_loc10:
	.long	.Ltmp57-.Lfunc_begin0
	.long	.Ltmp58-.Lfunc_begin0
	.short	1                               @ Loc expr size
	.byte	80                              @ DW_OP_reg0
	.long	0
	.long	0
.Ldebug_loc11:
	.long	.Lfunc_begin4-.Lfunc_begin0
	.long	.Ltmp65-.Lfunc_begin0
	.short	1                               @ Loc expr size
	.byte	80                              @ DW_OP_reg0
	.long	.Ltmp65-.Lfunc_begin0
	.long	.Ltmp92-.Lfunc_begin0
	.short	4                               @ Loc expr size
	.byte	243                             @ DW_OP_GNU_entry_value
	.byte	1                               @ 1
	.byte	80                              @ DW_OP_reg0
	.byte	159                             @ DW_OP_stack_value
	.long	0
	.long	0
.Ldebug_loc12:
	.long	.Lfunc_begin5-.Lfunc_begin0
	.long	.Ltmp99-.Lfunc_begin0
	.short	1                               @ Loc expr size
	.byte	80                              @ DW_OP_reg0
	.long	.Ltmp99-.Lfunc_begin0
	.long	.Ltmp102-.Lfunc_begin0
	.short	4                               @ Loc expr size
	.byte	243                             @ DW_OP_GNU_entry_value
	.byte	1                               @ 1
	.byte	80                              @ DW_OP_reg0
	.byte	159                             @ DW_OP_stack_value
	.long	0
	.long	0
.Ldebug_loc13:
	.long	.Lfunc_begin5-.Lfunc_begin0
	.long	.Ltmp96-.Lfunc_begin0
	.short	1                               @ Loc expr size
	.byte	81                              @ DW_OP_reg1
	.long	.Ltmp96-.Lfunc_begin0
	.long	.Ltmp102-.Lfunc_begin0
	.short	4                               @ Loc expr size
	.byte	243                             @ DW_OP_GNU_entry_value
	.byte	1                               @ 1
	.byte	81                              @ DW_OP_reg1
	.byte	159                             @ DW_OP_stack_value
	.long	0
	.long	0
.Ldebug_loc14:
	.long	.Ltmp96-.Lfunc_begin0
	.long	.Ltmp98-.Lfunc_begin0
	.short	1                               @ Loc expr size
	.byte	81                              @ DW_OP_reg1
	.long	0
	.long	0
.Ldebug_loc15:
	.long	.Lfunc_begin6-.Lfunc_begin0
	.long	.Ltmp104-.Lfunc_begin0
	.short	1                               @ Loc expr size
	.byte	80                              @ DW_OP_reg0
	.long	.Ltmp104-.Lfunc_begin0
	.long	.Ltmp123-.Lfunc_begin0
	.short	1                               @ Loc expr size
	.byte	84                              @ DW_OP_reg4
	.long	0
	.long	0
.Ldebug_loc16:
	.long	.Lfunc_begin7-.Lfunc_begin0
	.long	.Ltmp128-.Lfunc_begin0
	.short	1                               @ Loc expr size
	.byte	80                              @ DW_OP_reg0
	.long	.Ltmp128-.Lfunc_begin0
	.long	.Ltmp132-.Lfunc_begin0
	.short	4                               @ Loc expr size
	.byte	243                             @ DW_OP_GNU_entry_value
	.byte	1                               @ 1
	.byte	80                              @ DW_OP_reg0
	.byte	159                             @ DW_OP_stack_value
	.long	0
	.long	0
.Ldebug_loc17:
	.long	.Lfunc_begin7-.Lfunc_begin0
	.long	.Ltmp126-.Lfunc_begin0
	.short	1                               @ Loc expr size
	.byte	81                              @ DW_OP_reg1
	.long	.Ltmp126-.Lfunc_begin0
	.long	.Ltmp132-.Lfunc_begin0
	.short	4                               @ Loc expr size
	.byte	243                             @ DW_OP_GNU_entry_value
	.byte	1                               @ 1
	.byte	81                              @ DW_OP_reg1
	.byte	159                             @ DW_OP_stack_value
	.long	0
	.long	0
.Ldebug_loc18:
	.long	.Ltmp128-.Lfunc_begin0
	.long	.Ltmp129-.Lfunc_begin0
	.short	1                               @ Loc expr size
	.byte	80                              @ DW_OP_reg0
	.long	0
	.long	0
.Ldebug_loc19:
	.long	.Lfunc_begin8-.Lfunc_begin0
	.long	.Ltmp134-.Lfunc_begin0
	.short	1                               @ Loc expr size
	.byte	80                              @ DW_OP_reg0
	.long	.Ltmp134-.Lfunc_begin0
	.long	.Ltmp147-.Lfunc_begin0
	.short	1                               @ Loc expr size
	.byte	84                              @ DW_OP_reg4
	.long	.Ltmp147-.Lfunc_begin0
	.long	.Ltmp157-.Lfunc_begin0
	.short	4                               @ Loc expr size
	.byte	243                             @ DW_OP_GNU_entry_value
	.byte	1                               @ 1
	.byte	80                              @ DW_OP_reg0
	.byte	159                             @ DW_OP_stack_value
	.long	.Ltmp157-.Lfunc_begin0
	.long	.Ltmp158-.Lfunc_begin0
	.short	1                               @ Loc expr size
	.byte	84                              @ DW_OP_reg4
	.long	.Ltmp158-.Lfunc_begin0
	.long	.Ltmp159-.Lfunc_begin0
	.short	4                               @ Loc expr size
	.byte	243                             @ DW_OP_GNU_entry_value
	.byte	1                               @ 1
	.byte	80                              @ DW_OP_reg0
	.byte	159                             @ DW_OP_stack_value
	.long	.Ltmp159-.Lfunc_begin0
	.long	.Ltmp160-.Lfunc_begin0
	.short	1                               @ Loc expr size
	.byte	84                              @ DW_OP_reg4
	.long	.Ltmp160-.Lfunc_begin0
	.long	.Ltmp162-.Lfunc_begin0
	.short	4                               @ Loc expr size
	.byte	243                             @ DW_OP_GNU_entry_value
	.byte	1                               @ 1
	.byte	80                              @ DW_OP_reg0
	.byte	159                             @ DW_OP_stack_value
	.long	.Ltmp163-.Lfunc_begin0
	.long	.Ltmp166-.Lfunc_begin0
	.short	4                               @ Loc expr size
	.byte	243                             @ DW_OP_GNU_entry_value
	.byte	1                               @ 1
	.byte	80                              @ DW_OP_reg0
	.byte	159                             @ DW_OP_stack_value
	.long	0
	.long	0
.Ldebug_loc20:
	.long	.Lfunc_begin11-.Lfunc_begin0
	.long	.Ltmp182-.Lfunc_begin0
	.short	6                               @ Loc expr size
	.byte	112                             @ DW_OP_breg0
	.byte	0                               @ 0
	.byte	16                              @ DW_OP_constu
	.byte	1                               @ 1
	.byte	26                              @ DW_OP_and
	.byte	159                             @ DW_OP_stack_value
	.long	.Ltmp182-.Lfunc_begin0
	.long	.Ltmp190-.Lfunc_begin0
	.short	6                               @ Loc expr size
	.byte	114                             @ DW_OP_breg2
	.byte	0                               @ 0
	.byte	16                              @ DW_OP_constu
	.byte	1                               @ 1
	.byte	26                              @ DW_OP_and
	.byte	159                             @ DW_OP_stack_value
	.long	0
	.long	0
.Ldebug_loc21:
	.long	.Ltmp184-.Lfunc_begin0
	.long	.Ltmp189-.Lfunc_begin0
	.short	2                               @ Loc expr size
	.byte	48                              @ DW_OP_lit0
	.byte	159                             @ DW_OP_stack_value
	.long	0
	.long	0
.Ldebug_loc22:
	.long	.Ltmp184-.Lfunc_begin0
	.long	.Ltmp189-.Lfunc_begin0
	.short	2                               @ Loc expr size
	.byte	48                              @ DW_OP_lit0
	.byte	159                             @ DW_OP_stack_value
	.long	0
	.long	0
.Ldebug_loc23:
	.long	.Lfunc_begin12-.Lfunc_begin0
	.long	.Ltmp193-.Lfunc_begin0
	.short	6                               @ Loc expr size
	.byte	112                             @ DW_OP_breg0
	.byte	0                               @ 0
	.byte	16                              @ DW_OP_constu
	.byte	1                               @ 1
	.byte	26                              @ DW_OP_and
	.byte	159                             @ DW_OP_stack_value
	.long	.Ltmp193-.Lfunc_begin0
	.long	.Ltmp201-.Lfunc_begin0
	.short	6                               @ Loc expr size
	.byte	114                             @ DW_OP_breg2
	.byte	0                               @ 0
	.byte	16                              @ DW_OP_constu
	.byte	1                               @ 1
	.byte	26                              @ DW_OP_and
	.byte	159                             @ DW_OP_stack_value
	.long	0
	.long	0
.Ldebug_loc24:
	.long	.Ltmp195-.Lfunc_begin0
	.long	.Ltmp200-.Lfunc_begin0
	.short	2                               @ Loc expr size
	.byte	48                              @ DW_OP_lit0
	.byte	159                             @ DW_OP_stack_value
	.long	0
	.long	0
.Ldebug_loc25:
	.long	.Ltmp195-.Lfunc_begin0
	.long	.Ltmp200-.Lfunc_begin0
	.short	2                               @ Loc expr size
	.byte	48                              @ DW_OP_lit0
	.byte	159                             @ DW_OP_stack_value
	.long	0
	.long	0
	.section	.debug_abbrev,"",%progbits
	.byte	1                               @ Abbreviation Code
	.byte	17                              @ DW_TAG_compile_unit
	.byte	1                               @ DW_CHILDREN_yes
	.byte	37                              @ DW_AT_producer
	.byte	14                              @ DW_FORM_strp
	.byte	19                              @ DW_AT_language
	.byte	5                               @ DW_FORM_data2
	.byte	3                               @ DW_AT_name
	.byte	14                              @ DW_FORM_strp
	.byte	16                              @ DW_AT_stmt_list
	.byte	23                              @ DW_FORM_sec_offset
	.byte	27                              @ DW_AT_comp_dir
	.byte	14                              @ DW_FORM_strp
	.byte	17                              @ DW_AT_low_pc
	.byte	1                               @ DW_FORM_addr
	.byte	18                              @ DW_AT_high_pc
	.byte	6                               @ DW_FORM_data4
	.byte	0                               @ EOM(1)
	.byte	0                               @ EOM(2)
	.byte	2                               @ Abbreviation Code
	.byte	52                              @ DW_TAG_variable
	.byte	0                               @ DW_CHILDREN_no
	.byte	3                               @ DW_AT_name
	.byte	14                              @ DW_FORM_strp
	.byte	73                              @ DW_AT_type
	.byte	19                              @ DW_FORM_ref4
	.byte	58                              @ DW_AT_decl_file
	.byte	11                              @ DW_FORM_data1
	.byte	59                              @ DW_AT_decl_line
	.byte	11                              @ DW_FORM_data1
	.byte	2                               @ DW_AT_location
	.byte	24                              @ DW_FORM_exprloc
	.byte	0                               @ EOM(1)
	.byte	0                               @ EOM(2)
	.byte	3                               @ Abbreviation Code
	.byte	22                              @ DW_TAG_typedef
	.byte	0                               @ DW_CHILDREN_no
	.byte	73                              @ DW_AT_type
	.byte	19                              @ DW_FORM_ref4
	.byte	3                               @ DW_AT_name
	.byte	14                              @ DW_FORM_strp
	.byte	58                              @ DW_AT_decl_file
	.byte	11                              @ DW_FORM_data1
	.byte	59                              @ DW_AT_decl_line
	.byte	11                              @ DW_FORM_data1
	.byte	0                               @ EOM(1)
	.byte	0                               @ EOM(2)
	.byte	4                               @ Abbreviation Code
	.byte	19                              @ DW_TAG_structure_type
	.byte	1                               @ DW_CHILDREN_yes
	.byte	11                              @ DW_AT_byte_size
	.byte	11                              @ DW_FORM_data1
	.byte	58                              @ DW_AT_decl_file
	.byte	11                              @ DW_FORM_data1
	.byte	59                              @ DW_AT_decl_line
	.byte	11                              @ DW_FORM_data1
	.byte	0                               @ EOM(1)
	.byte	0                               @ EOM(2)
	.byte	5                               @ Abbreviation Code
	.byte	13                              @ DW_TAG_member
	.byte	0                               @ DW_CHILDREN_no
	.byte	3                               @ DW_AT_name
	.byte	14                              @ DW_FORM_strp
	.byte	73                              @ DW_AT_type
	.byte	19                              @ DW_FORM_ref4
	.byte	58                              @ DW_AT_decl_file
	.byte	11                              @ DW_FORM_data1
	.byte	59                              @ DW_AT_decl_line
	.byte	11                              @ DW_FORM_data1
	.byte	56                              @ DW_AT_data_member_location
	.byte	11                              @ DW_FORM_data1
	.byte	0                               @ EOM(1)
	.byte	0                               @ EOM(2)
	.byte	6                               @ Abbreviation Code
	.byte	15                              @ DW_TAG_pointer_type
	.byte	0                               @ DW_CHILDREN_no
	.byte	73                              @ DW_AT_type
	.byte	19                              @ DW_FORM_ref4
	.byte	0                               @ EOM(1)
	.byte	0                               @ EOM(2)
	.byte	7                               @ Abbreviation Code
	.byte	38                              @ DW_TAG_const_type
	.byte	0                               @ DW_CHILDREN_no
	.byte	73                              @ DW_AT_type
	.byte	19                              @ DW_FORM_ref4
	.byte	0                               @ EOM(1)
	.byte	0                               @ EOM(2)
	.byte	8                               @ Abbreviation Code
	.byte	36                              @ DW_TAG_base_type
	.byte	0                               @ DW_CHILDREN_no
	.byte	3                               @ DW_AT_name
	.byte	14                              @ DW_FORM_strp
	.byte	62                              @ DW_AT_encoding
	.byte	11                              @ DW_FORM_data1
	.byte	11                              @ DW_AT_byte_size
	.byte	11                              @ DW_FORM_data1
	.byte	0                               @ EOM(1)
	.byte	0                               @ EOM(2)
	.byte	9                               @ Abbreviation Code
	.byte	22                              @ DW_TAG_typedef
	.byte	0                               @ DW_CHILDREN_no
	.byte	73                              @ DW_AT_type
	.byte	19                              @ DW_FORM_ref4
	.byte	3                               @ DW_AT_name
	.byte	14                              @ DW_FORM_strp
	.byte	58                              @ DW_AT_decl_file
	.byte	11                              @ DW_FORM_data1
	.byte	59                              @ DW_AT_decl_line
	.byte	5                               @ DW_FORM_data2
	.byte	0                               @ EOM(1)
	.byte	0                               @ EOM(2)
	.byte	10                              @ Abbreviation Code
	.byte	21                              @ DW_TAG_subroutine_type
	.byte	1                               @ DW_CHILDREN_yes
	.byte	39                              @ DW_AT_prototyped
	.byte	25                              @ DW_FORM_flag_present
	.byte	0                               @ EOM(1)
	.byte	0                               @ EOM(2)
	.byte	11                              @ Abbreviation Code
	.byte	5                               @ DW_TAG_formal_parameter
	.byte	0                               @ DW_CHILDREN_no
	.byte	73                              @ DW_AT_type
	.byte	19                              @ DW_FORM_ref4
	.byte	0                               @ EOM(1)
	.byte	0                               @ EOM(2)
	.byte	12                              @ Abbreviation Code
	.byte	15                              @ DW_TAG_pointer_type
	.byte	0                               @ DW_CHILDREN_no
	.byte	0                               @ EOM(1)
	.byte	0                               @ EOM(2)
	.byte	13                              @ Abbreviation Code
	.byte	52                              @ DW_TAG_variable
	.byte	0                               @ DW_CHILDREN_no
	.byte	3                               @ DW_AT_name
	.byte	14                              @ DW_FORM_strp
	.byte	73                              @ DW_AT_type
	.byte	19                              @ DW_FORM_ref4
	.byte	58                              @ DW_AT_decl_file
	.byte	11                              @ DW_FORM_data1
	.byte	59                              @ DW_AT_decl_line
	.byte	11                              @ DW_FORM_data1
	.byte	0                               @ EOM(1)
	.byte	0                               @ EOM(2)
	.byte	14                              @ Abbreviation Code
	.byte	19                              @ DW_TAG_structure_type
	.byte	1                               @ DW_CHILDREN_yes
	.byte	11                              @ DW_AT_byte_size
	.byte	5                               @ DW_FORM_data2
	.byte	58                              @ DW_AT_decl_file
	.byte	11                              @ DW_FORM_data1
	.byte	59                              @ DW_AT_decl_line
	.byte	11                              @ DW_FORM_data1
	.byte	0                               @ EOM(1)
	.byte	0                               @ EOM(2)
	.byte	15                              @ Abbreviation Code
	.byte	53                              @ DW_TAG_volatile_type
	.byte	0                               @ DW_CHILDREN_no
	.byte	73                              @ DW_AT_type
	.byte	19                              @ DW_FORM_ref4
	.byte	0                               @ EOM(1)
	.byte	0                               @ EOM(2)
	.byte	16                              @ Abbreviation Code
	.byte	1                               @ DW_TAG_array_type
	.byte	1                               @ DW_CHILDREN_yes
	.byte	73                              @ DW_AT_type
	.byte	19                              @ DW_FORM_ref4
	.byte	0                               @ EOM(1)
	.byte	0                               @ EOM(2)
	.byte	17                              @ Abbreviation Code
	.byte	33                              @ DW_TAG_subrange_type
	.byte	0                               @ DW_CHILDREN_no
	.byte	73                              @ DW_AT_type
	.byte	19                              @ DW_FORM_ref4
	.byte	55                              @ DW_AT_count
	.byte	11                              @ DW_FORM_data1
	.byte	0                               @ EOM(1)
	.byte	0                               @ EOM(2)
	.byte	18                              @ Abbreviation Code
	.byte	36                              @ DW_TAG_base_type
	.byte	0                               @ DW_CHILDREN_no
	.byte	3                               @ DW_AT_name
	.byte	14                              @ DW_FORM_strp
	.byte	11                              @ DW_AT_byte_size
	.byte	11                              @ DW_FORM_data1
	.byte	62                              @ DW_AT_encoding
	.byte	11                              @ DW_FORM_data1
	.byte	0                               @ EOM(1)
	.byte	0                               @ EOM(2)
	.byte	19                              @ Abbreviation Code
	.byte	4                               @ DW_TAG_enumeration_type
	.byte	1                               @ DW_CHILDREN_yes
	.byte	73                              @ DW_AT_type
	.byte	19                              @ DW_FORM_ref4
	.byte	11                              @ DW_AT_byte_size
	.byte	11                              @ DW_FORM_data1
	.byte	58                              @ DW_AT_decl_file
	.byte	11                              @ DW_FORM_data1
	.byte	59                              @ DW_AT_decl_line
	.byte	5                               @ DW_FORM_data2
	.byte	0                               @ EOM(1)
	.byte	0                               @ EOM(2)
	.byte	20                              @ Abbreviation Code
	.byte	40                              @ DW_TAG_enumerator
	.byte	0                               @ DW_CHILDREN_no
	.byte	3                               @ DW_AT_name
	.byte	14                              @ DW_FORM_strp
	.byte	28                              @ DW_AT_const_value
	.byte	15                              @ DW_FORM_udata
	.byte	0                               @ EOM(1)
	.byte	0                               @ EOM(2)
	.byte	21                              @ Abbreviation Code
	.byte	4                               @ DW_TAG_enumeration_type
	.byte	1                               @ DW_CHILDREN_yes
	.byte	73                              @ DW_AT_type
	.byte	19                              @ DW_FORM_ref4
	.byte	11                              @ DW_AT_byte_size
	.byte	11                              @ DW_FORM_data1
	.byte	58                              @ DW_AT_decl_file
	.byte	11                              @ DW_FORM_data1
	.byte	59                              @ DW_AT_decl_line
	.byte	11                              @ DW_FORM_data1
	.byte	0                               @ EOM(1)
	.byte	0                               @ EOM(2)
	.byte	22                              @ Abbreviation Code
	.byte	4                               @ DW_TAG_enumeration_type
	.byte	1                               @ DW_CHILDREN_yes
	.byte	73                              @ DW_AT_type
	.byte	19                              @ DW_FORM_ref4
	.byte	3                               @ DW_AT_name
	.byte	14                              @ DW_FORM_strp
	.byte	11                              @ DW_AT_byte_size
	.byte	11                              @ DW_FORM_data1
	.byte	58                              @ DW_AT_decl_file
	.byte	11                              @ DW_FORM_data1
	.byte	59                              @ DW_AT_decl_line
	.byte	11                              @ DW_FORM_data1
	.byte	0                               @ EOM(1)
	.byte	0                               @ EOM(2)
	.byte	23                              @ Abbreviation Code
	.byte	40                              @ DW_TAG_enumerator
	.byte	0                               @ DW_CHILDREN_no
	.byte	3                               @ DW_AT_name
	.byte	14                              @ DW_FORM_strp
	.byte	28                              @ DW_AT_const_value
	.byte	13                              @ DW_FORM_sdata
	.byte	0                               @ EOM(1)
	.byte	0                               @ EOM(2)
	.byte	24                              @ Abbreviation Code
	.byte	19                              @ DW_TAG_structure_type
	.byte	1                               @ DW_CHILDREN_yes
	.byte	11                              @ DW_AT_byte_size
	.byte	5                               @ DW_FORM_data2
	.byte	58                              @ DW_AT_decl_file
	.byte	11                              @ DW_FORM_data1
	.byte	59                              @ DW_AT_decl_line
	.byte	5                               @ DW_FORM_data2
	.byte	0                               @ EOM(1)
	.byte	0                               @ EOM(2)
	.byte	25                              @ Abbreviation Code
	.byte	13                              @ DW_TAG_member
	.byte	0                               @ DW_CHILDREN_no
	.byte	3                               @ DW_AT_name
	.byte	14                              @ DW_FORM_strp
	.byte	73                              @ DW_AT_type
	.byte	19                              @ DW_FORM_ref4
	.byte	58                              @ DW_AT_decl_file
	.byte	11                              @ DW_FORM_data1
	.byte	59                              @ DW_AT_decl_line
	.byte	5                               @ DW_FORM_data2
	.byte	56                              @ DW_AT_data_member_location
	.byte	11                              @ DW_FORM_data1
	.byte	0                               @ EOM(1)
	.byte	0                               @ EOM(2)
	.byte	26                              @ Abbreviation Code
	.byte	13                              @ DW_TAG_member
	.byte	0                               @ DW_CHILDREN_no
	.byte	3                               @ DW_AT_name
	.byte	14                              @ DW_FORM_strp
	.byte	73                              @ DW_AT_type
	.byte	19                              @ DW_FORM_ref4
	.byte	58                              @ DW_AT_decl_file
	.byte	11                              @ DW_FORM_data1
	.byte	59                              @ DW_AT_decl_line
	.byte	5                               @ DW_FORM_data2
	.byte	56                              @ DW_AT_data_member_location
	.byte	5                               @ DW_FORM_data2
	.byte	0                               @ EOM(1)
	.byte	0                               @ EOM(2)
	.byte	27                              @ Abbreviation Code
	.byte	46                              @ DW_TAG_subprogram
	.byte	0                               @ DW_CHILDREN_no
	.byte	3                               @ DW_AT_name
	.byte	14                              @ DW_FORM_strp
	.byte	58                              @ DW_AT_decl_file
	.byte	11                              @ DW_FORM_data1
	.byte	59                              @ DW_AT_decl_line
	.byte	5                               @ DW_FORM_data2
	.byte	39                              @ DW_AT_prototyped
	.byte	25                              @ DW_FORM_flag_present
	.byte	32                              @ DW_AT_inline
	.byte	11                              @ DW_FORM_data1
	.byte	0                               @ EOM(1)
	.byte	0                               @ EOM(2)
	.byte	28                              @ Abbreviation Code
	.byte	46                              @ DW_TAG_subprogram
	.byte	1                               @ DW_CHILDREN_yes
	.byte	3                               @ DW_AT_name
	.byte	14                              @ DW_FORM_strp
	.byte	58                              @ DW_AT_decl_file
	.byte	11                              @ DW_FORM_data1
	.byte	59                              @ DW_AT_decl_line
	.byte	5                               @ DW_FORM_data2
	.byte	39                              @ DW_AT_prototyped
	.byte	25                              @ DW_FORM_flag_present
	.byte	32                              @ DW_AT_inline
	.byte	11                              @ DW_FORM_data1
	.byte	0                               @ EOM(1)
	.byte	0                               @ EOM(2)
	.byte	29                              @ Abbreviation Code
	.byte	5                               @ DW_TAG_formal_parameter
	.byte	0                               @ DW_CHILDREN_no
	.byte	3                               @ DW_AT_name
	.byte	14                              @ DW_FORM_strp
	.byte	58                              @ DW_AT_decl_file
	.byte	11                              @ DW_FORM_data1
	.byte	59                              @ DW_AT_decl_line
	.byte	5                               @ DW_FORM_data2
	.byte	73                              @ DW_AT_type
	.byte	19                              @ DW_FORM_ref4
	.byte	0                               @ EOM(1)
	.byte	0                               @ EOM(2)
	.byte	30                              @ Abbreviation Code
	.byte	46                              @ DW_TAG_subprogram
	.byte	1                               @ DW_CHILDREN_yes
	.byte	3                               @ DW_AT_name
	.byte	14                              @ DW_FORM_strp
	.byte	58                              @ DW_AT_decl_file
	.byte	11                              @ DW_FORM_data1
	.byte	59                              @ DW_AT_decl_line
	.byte	5                               @ DW_FORM_data2
	.byte	39                              @ DW_AT_prototyped
	.byte	25                              @ DW_FORM_flag_present
	.byte	63                              @ DW_AT_external
	.byte	25                              @ DW_FORM_flag_present
	.byte	32                              @ DW_AT_inline
	.byte	11                              @ DW_FORM_data1
	.byte	0                               @ EOM(1)
	.byte	0                               @ EOM(2)
	.byte	31                              @ Abbreviation Code
	.byte	46                              @ DW_TAG_subprogram
	.byte	1                               @ DW_CHILDREN_yes
	.byte	17                              @ DW_AT_low_pc
	.byte	1                               @ DW_FORM_addr
	.byte	18                              @ DW_AT_high_pc
	.byte	6                               @ DW_FORM_data4
	.byte	64                              @ DW_AT_frame_base
	.byte	24                              @ DW_FORM_exprloc
	.ascii	"\227B"                         @ DW_AT_GNU_all_call_sites
	.byte	25                              @ DW_FORM_flag_present
	.byte	3                               @ DW_AT_name
	.byte	14                              @ DW_FORM_strp
	.byte	58                              @ DW_AT_decl_file
	.byte	11                              @ DW_FORM_data1
	.byte	59                              @ DW_AT_decl_line
	.byte	5                               @ DW_FORM_data2
	.byte	39                              @ DW_AT_prototyped
	.byte	25                              @ DW_FORM_flag_present
	.byte	63                              @ DW_AT_external
	.byte	25                              @ DW_FORM_flag_present
	.byte	0                               @ EOM(1)
	.byte	0                               @ EOM(2)
	.byte	32                              @ Abbreviation Code
	.byte	5                               @ DW_TAG_formal_parameter
	.byte	0                               @ DW_CHILDREN_no
	.byte	2                               @ DW_AT_location
	.byte	23                              @ DW_FORM_sec_offset
	.byte	3                               @ DW_AT_name
	.byte	14                              @ DW_FORM_strp
	.byte	58                              @ DW_AT_decl_file
	.byte	11                              @ DW_FORM_data1
	.byte	59                              @ DW_AT_decl_line
	.byte	5                               @ DW_FORM_data2
	.byte	73                              @ DW_AT_type
	.byte	19                              @ DW_FORM_ref4
	.byte	0                               @ EOM(1)
	.byte	0                               @ EOM(2)
	.byte	33                              @ Abbreviation Code
	.byte	5                               @ DW_TAG_formal_parameter
	.byte	0                               @ DW_CHILDREN_no
	.byte	2                               @ DW_AT_location
	.byte	24                              @ DW_FORM_exprloc
	.byte	3                               @ DW_AT_name
	.byte	14                              @ DW_FORM_strp
	.byte	58                              @ DW_AT_decl_file
	.byte	11                              @ DW_FORM_data1
	.byte	59                              @ DW_AT_decl_line
	.byte	5                               @ DW_FORM_data2
	.byte	73                              @ DW_AT_type
	.byte	19                              @ DW_FORM_ref4
	.byte	0                               @ EOM(1)
	.byte	0                               @ EOM(2)
	.byte	34                              @ Abbreviation Code
	.byte	52                              @ DW_TAG_variable
	.byte	0                               @ DW_CHILDREN_no
	.byte	2                               @ DW_AT_location
	.byte	23                              @ DW_FORM_sec_offset
	.byte	3                               @ DW_AT_name
	.byte	14                              @ DW_FORM_strp
	.byte	58                              @ DW_AT_decl_file
	.byte	11                              @ DW_FORM_data1
	.byte	59                              @ DW_AT_decl_line
	.byte	5                               @ DW_FORM_data2
	.byte	73                              @ DW_AT_type
	.byte	19                              @ DW_FORM_ref4
	.byte	0                               @ EOM(1)
	.byte	0                               @ EOM(2)
	.byte	35                              @ Abbreviation Code
	.byte	29                              @ DW_TAG_inlined_subroutine
	.byte	0                               @ DW_CHILDREN_no
	.byte	49                              @ DW_AT_abstract_origin
	.byte	19                              @ DW_FORM_ref4
	.byte	17                              @ DW_AT_low_pc
	.byte	1                               @ DW_FORM_addr
	.byte	18                              @ DW_AT_high_pc
	.byte	6                               @ DW_FORM_data4
	.byte	88                              @ DW_AT_call_file
	.byte	11                              @ DW_FORM_data1
	.byte	89                              @ DW_AT_call_line
	.byte	5                               @ DW_FORM_data2
	.byte	87                              @ DW_AT_call_column
	.byte	11                              @ DW_FORM_data1
	.byte	0                               @ EOM(1)
	.byte	0                               @ EOM(2)
	.byte	36                              @ Abbreviation Code
	.byte	29                              @ DW_TAG_inlined_subroutine
	.byte	1                               @ DW_CHILDREN_yes
	.byte	49                              @ DW_AT_abstract_origin
	.byte	19                              @ DW_FORM_ref4
	.byte	17                              @ DW_AT_low_pc
	.byte	1                               @ DW_FORM_addr
	.byte	18                              @ DW_AT_high_pc
	.byte	6                               @ DW_FORM_data4
	.byte	88                              @ DW_AT_call_file
	.byte	11                              @ DW_FORM_data1
	.byte	89                              @ DW_AT_call_line
	.byte	5                               @ DW_FORM_data2
	.byte	87                              @ DW_AT_call_column
	.byte	11                              @ DW_FORM_data1
	.byte	0                               @ EOM(1)
	.byte	0                               @ EOM(2)
	.byte	37                              @ Abbreviation Code
	.byte	5                               @ DW_TAG_formal_parameter
	.byte	0                               @ DW_CHILDREN_no
	.byte	2                               @ DW_AT_location
	.byte	23                              @ DW_FORM_sec_offset
	.byte	49                              @ DW_AT_abstract_origin
	.byte	19                              @ DW_FORM_ref4
	.byte	0                               @ EOM(1)
	.byte	0                               @ EOM(2)
	.byte	38                              @ Abbreviation Code
	.byte	5                               @ DW_TAG_formal_parameter
	.byte	0                               @ DW_CHILDREN_no
	.byte	2                               @ DW_AT_location
	.byte	24                              @ DW_FORM_exprloc
	.byte	49                              @ DW_AT_abstract_origin
	.byte	19                              @ DW_FORM_ref4
	.byte	0                               @ EOM(1)
	.byte	0                               @ EOM(2)
	.byte	39                              @ Abbreviation Code
	.byte	46                              @ DW_TAG_subprogram
	.byte	1                               @ DW_CHILDREN_yes
	.byte	17                              @ DW_AT_low_pc
	.byte	1                               @ DW_FORM_addr
	.byte	18                              @ DW_AT_high_pc
	.byte	6                               @ DW_FORM_data4
	.byte	64                              @ DW_AT_frame_base
	.byte	24                              @ DW_FORM_exprloc
	.ascii	"\227B"                         @ DW_AT_GNU_all_call_sites
	.byte	25                              @ DW_FORM_flag_present
	.byte	49                              @ DW_AT_abstract_origin
	.byte	19                              @ DW_FORM_ref4
	.byte	0                               @ EOM(1)
	.byte	0                               @ EOM(2)
	.byte	40                              @ Abbreviation Code
	.byte	46                              @ DW_TAG_subprogram
	.byte	0                               @ DW_CHILDREN_no
	.byte	3                               @ DW_AT_name
	.byte	14                              @ DW_FORM_strp
	.byte	58                              @ DW_AT_decl_file
	.byte	11                              @ DW_FORM_data1
	.byte	59                              @ DW_AT_decl_line
	.byte	5                               @ DW_FORM_data2
	.byte	39                              @ DW_AT_prototyped
	.byte	25                              @ DW_FORM_flag_present
	.byte	73                              @ DW_AT_type
	.byte	19                              @ DW_FORM_ref4
	.byte	32                              @ DW_AT_inline
	.byte	11                              @ DW_FORM_data1
	.byte	0                               @ EOM(1)
	.byte	0                               @ EOM(2)
	.byte	41                              @ Abbreviation Code
	.byte	46                              @ DW_TAG_subprogram
	.byte	1                               @ DW_CHILDREN_yes
	.byte	17                              @ DW_AT_low_pc
	.byte	1                               @ DW_FORM_addr
	.byte	18                              @ DW_AT_high_pc
	.byte	6                               @ DW_FORM_data4
	.byte	64                              @ DW_AT_frame_base
	.byte	24                              @ DW_FORM_exprloc
	.ascii	"\227B"                         @ DW_AT_GNU_all_call_sites
	.byte	25                              @ DW_FORM_flag_present
	.byte	3                               @ DW_AT_name
	.byte	14                              @ DW_FORM_strp
	.byte	58                              @ DW_AT_decl_file
	.byte	11                              @ DW_FORM_data1
	.byte	59                              @ DW_AT_decl_line
	.byte	5                               @ DW_FORM_data2
	.byte	39                              @ DW_AT_prototyped
	.byte	25                              @ DW_FORM_flag_present
	.byte	0                               @ EOM(1)
	.byte	0                               @ EOM(2)
	.byte	42                              @ Abbreviation Code
	.byte	52                              @ DW_TAG_variable
	.byte	0                               @ DW_CHILDREN_no
	.byte	3                               @ DW_AT_name
	.byte	14                              @ DW_FORM_strp
	.byte	58                              @ DW_AT_decl_file
	.byte	11                              @ DW_FORM_data1
	.byte	59                              @ DW_AT_decl_line
	.byte	5                               @ DW_FORM_data2
	.byte	73                              @ DW_AT_type
	.byte	19                              @ DW_FORM_ref4
	.byte	0                               @ EOM(1)
	.byte	0                               @ EOM(2)
	.byte	43                              @ Abbreviation Code
	.byte	52                              @ DW_TAG_variable
	.byte	0                               @ DW_CHILDREN_no
	.byte	28                              @ DW_AT_const_value
	.byte	15                              @ DW_FORM_udata
	.byte	3                               @ DW_AT_name
	.byte	14                              @ DW_FORM_strp
	.byte	58                              @ DW_AT_decl_file
	.byte	11                              @ DW_FORM_data1
	.byte	59                              @ DW_AT_decl_line
	.byte	5                               @ DW_FORM_data2
	.byte	73                              @ DW_AT_type
	.byte	19                              @ DW_FORM_ref4
	.byte	0                               @ EOM(1)
	.byte	0                               @ EOM(2)
	.byte	44                              @ Abbreviation Code
	.byte	29                              @ DW_TAG_inlined_subroutine
	.byte	1                               @ DW_CHILDREN_yes
	.byte	49                              @ DW_AT_abstract_origin
	.byte	19                              @ DW_FORM_ref4
	.byte	85                              @ DW_AT_ranges
	.byte	23                              @ DW_FORM_sec_offset
	.byte	88                              @ DW_AT_call_file
	.byte	11                              @ DW_FORM_data1
	.byte	89                              @ DW_AT_call_line
	.byte	5                               @ DW_FORM_data2
	.byte	87                              @ DW_AT_call_column
	.byte	11                              @ DW_FORM_data1
	.byte	0                               @ EOM(1)
	.byte	0                               @ EOM(2)
	.byte	45                              @ Abbreviation Code
	.byte	5                               @ DW_TAG_formal_parameter
	.byte	0                               @ DW_CHILDREN_no
	.byte	28                              @ DW_AT_const_value
	.byte	15                              @ DW_FORM_udata
	.byte	49                              @ DW_AT_abstract_origin
	.byte	19                              @ DW_FORM_ref4
	.byte	0                               @ EOM(1)
	.byte	0                               @ EOM(2)
	.byte	46                              @ Abbreviation Code
	.byte	5                               @ DW_TAG_formal_parameter
	.byte	0                               @ DW_CHILDREN_no
	.byte	28                              @ DW_AT_const_value
	.byte	13                              @ DW_FORM_sdata
	.byte	49                              @ DW_AT_abstract_origin
	.byte	19                              @ DW_FORM_ref4
	.byte	0                               @ EOM(1)
	.byte	0                               @ EOM(2)
	.byte	47                              @ Abbreviation Code
	.byte	46                              @ DW_TAG_subprogram
	.byte	0                               @ DW_CHILDREN_no
	.byte	3                               @ DW_AT_name
	.byte	14                              @ DW_FORM_strp
	.byte	58                              @ DW_AT_decl_file
	.byte	11                              @ DW_FORM_data1
	.byte	59                              @ DW_AT_decl_line
	.byte	5                               @ DW_FORM_data2
	.byte	39                              @ DW_AT_prototyped
	.byte	25                              @ DW_FORM_flag_present
	.byte	63                              @ DW_AT_external
	.byte	25                              @ DW_FORM_flag_present
	.byte	32                              @ DW_AT_inline
	.byte	11                              @ DW_FORM_data1
	.byte	0                               @ EOM(1)
	.byte	0                               @ EOM(2)
	.byte	0                               @ EOM(3)
	.section	.debug_info,"",%progbits
.Lcu_begin0:
	.long	.Ldebug_info_end0-.Ldebug_info_start0 @ Length of Unit
.Ldebug_info_start0:
	.short	4                               @ DWARF version number
	.long	.debug_abbrev                   @ Offset Into Abbrev. Section
	.byte	4                               @ Address Size (in bytes)
	.byte	1                               @ Abbrev [1] 0xb:0x100d DW_TAG_compile_unit
	.long	.Linfo_string0                  @ DW_AT_producer
	.short	12                              @ DW_AT_language
	.long	.Linfo_string1                  @ DW_AT_name
	.long	.Lline_table_start0             @ DW_AT_stmt_list
	.long	.Linfo_string2                  @ DW_AT_comp_dir
	.long	.Lfunc_begin0                   @ DW_AT_low_pc
	.long	.Lfunc_end12-.Lfunc_begin0      @ DW_AT_high_pc
	.byte	2                               @ Abbrev [2] 0x26:0x8a DW_TAG_variable
	.long	.Linfo_string3                  @ DW_AT_name
	.long	176                             @ DW_AT_type
	.byte	2                               @ DW_AT_decl_file
	.byte	88                              @ DW_AT_decl_line
	.byte	126                             @ DW_AT_location
	.byte	3
	.long	.L_MergedGlobals
	.byte	35
	.byte	20
	.byte	147
	.byte	4
	.byte	3
	.long	.L_MergedGlobals
	.byte	147
	.byte	2
	.byte	3
	.long	.L_MergedGlobals
	.byte	35
	.byte	4
	.byte	147
	.byte	2
	.byte	3
	.long	.L_MergedGlobals
	.byte	35
	.byte	24
	.byte	147
	.byte	4
	.byte	3
	.long	.L_MergedGlobals
	.byte	35
	.byte	28
	.byte	147
	.byte	4
	.byte	3
	.long	.L_MergedGlobals
	.byte	35
	.byte	32
	.byte	147
	.byte	4
	.byte	3
	.long	.L_MergedGlobals
	.byte	35
	.byte	36
	.byte	147
	.byte	4
	.byte	3
	.long	.L_MergedGlobals
	.byte	35
	.byte	8
	.byte	147
	.byte	2
	.byte	3
	.long	.L_MergedGlobals
	.byte	35
	.byte	12
	.byte	147
	.byte	2
	.byte	3
	.long	.L_MergedGlobals
	.byte	35
	.byte	16
	.byte	147
	.byte	2
	.byte	147
	.byte	2
	.byte	3
	.long	.L_MergedGlobals
	.byte	35
	.byte	40
	.byte	147
	.byte	4
	.byte	3
	.long	.L_MergedGlobals
	.byte	35
	.byte	44
	.byte	147
	.byte	4
	.byte	3
	.long	.L_MergedGlobals
	.byte	35
	.byte	48
	.byte	147
	.byte	4
	.byte	3
	.long	.L_MergedGlobals
	.byte	35
	.byte	52
	.byte	147
	.byte	4
	.byte	3                               @ Abbrev [3] 0xb0:0xb DW_TAG_typedef
	.long	187                             @ DW_AT_type
	.long	.Linfo_string25                 @ DW_AT_name
	.byte	2                               @ DW_AT_decl_file
	.byte	85                              @ DW_AT_decl_line
	.byte	4                               @ Abbrev [4] 0xbb:0x29 DW_TAG_structure_type
	.byte	48                              @ DW_AT_byte_size
	.byte	2                               @ DW_AT_decl_file
	.byte	77                              @ DW_AT_decl_line
	.byte	5                               @ Abbrev [5] 0xbf:0xc DW_TAG_member
	.long	.Linfo_string4                  @ DW_AT_name
	.long	228                             @ DW_AT_type
	.byte	2                               @ DW_AT_decl_file
	.byte	79                              @ DW_AT_decl_line
	.byte	0                               @ DW_AT_data_member_location
	.byte	5                               @ Abbrev [5] 0xcb:0xc DW_TAG_member
	.long	.Linfo_string20                 @ DW_AT_name
	.long	422                             @ DW_AT_type
	.byte	2                               @ DW_AT_decl_file
	.byte	80                              @ DW_AT_decl_line
	.byte	20                              @ DW_AT_data_member_location
	.byte	5                               @ Abbrev [5] 0xd7:0xc DW_TAG_member
	.long	.Linfo_string23                 @ DW_AT_name
	.long	527                             @ DW_AT_type
	.byte	2                               @ DW_AT_decl_file
	.byte	84                              @ DW_AT_decl_line
	.byte	44                              @ DW_AT_data_member_location
	.byte	0                               @ End Of Children Mark
	.byte	3                               @ Abbrev [3] 0xe4:0xb DW_TAG_typedef
	.long	239                             @ DW_AT_type
	.long	.Linfo_string19                 @ DW_AT_name
	.byte	2                               @ DW_AT_decl_file
	.byte	55                              @ DW_AT_decl_line
	.byte	4                               @ Abbrev [4] 0xef:0x4d DW_TAG_structure_type
	.byte	20                              @ DW_AT_byte_size
	.byte	2                               @ DW_AT_decl_file
	.byte	47                              @ DW_AT_decl_line
	.byte	5                               @ Abbrev [5] 0xf3:0xc DW_TAG_member
	.long	.Linfo_string5                  @ DW_AT_name
	.long	316                             @ DW_AT_type
	.byte	2                               @ DW_AT_decl_file
	.byte	49                              @ DW_AT_decl_line
	.byte	0                               @ DW_AT_data_member_location
	.byte	5                               @ Abbrev [5] 0xff:0xc DW_TAG_member
	.long	.Linfo_string8                  @ DW_AT_name
	.long	344                             @ DW_AT_type
	.byte	2                               @ DW_AT_decl_file
	.byte	50                              @ DW_AT_decl_line
	.byte	4                               @ DW_AT_data_member_location
	.byte	5                               @ Abbrev [5] 0x10b:0xc DW_TAG_member
	.long	.Linfo_string11                 @ DW_AT_name
	.long	344                             @ DW_AT_type
	.byte	2                               @ DW_AT_decl_file
	.byte	51                              @ DW_AT_decl_line
	.byte	6                               @ DW_AT_data_member_location
	.byte	5                               @ Abbrev [5] 0x117:0xc DW_TAG_member
	.long	.Linfo_string12                 @ DW_AT_name
	.long	362                             @ DW_AT_type
	.byte	2                               @ DW_AT_decl_file
	.byte	52                              @ DW_AT_decl_line
	.byte	8                               @ DW_AT_data_member_location
	.byte	5                               @ Abbrev [5] 0x123:0xc DW_TAG_member
	.long	.Linfo_string15                 @ DW_AT_name
	.long	396                             @ DW_AT_type
	.byte	2                               @ DW_AT_decl_file
	.byte	53                              @ DW_AT_decl_line
	.byte	12                              @ DW_AT_data_member_location
	.byte	5                               @ Abbrev [5] 0x12f:0xc DW_TAG_member
	.long	.Linfo_string16                 @ DW_AT_name
	.long	404                             @ DW_AT_type
	.byte	2                               @ DW_AT_decl_file
	.byte	54                              @ DW_AT_decl_line
	.byte	16                              @ DW_AT_data_member_location
	.byte	0                               @ End Of Children Mark
	.byte	6                               @ Abbrev [6] 0x13c:0x5 DW_TAG_pointer_type
	.long	321                             @ DW_AT_type
	.byte	7                               @ Abbrev [7] 0x141:0x5 DW_TAG_const_type
	.long	326                             @ DW_AT_type
	.byte	3                               @ Abbrev [3] 0x146:0xb DW_TAG_typedef
	.long	337                             @ DW_AT_type
	.long	.Linfo_string7                  @ DW_AT_name
	.byte	1                               @ DW_AT_decl_file
	.byte	62                              @ DW_AT_decl_line
	.byte	8                               @ Abbrev [8] 0x151:0x7 DW_TAG_base_type
	.long	.Linfo_string6                  @ DW_AT_name
	.byte	8                               @ DW_AT_encoding
	.byte	1                               @ DW_AT_byte_size
	.byte	3                               @ Abbrev [3] 0x158:0xb DW_TAG_typedef
	.long	355                             @ DW_AT_type
	.long	.Linfo_string10                 @ DW_AT_name
	.byte	1                               @ DW_AT_decl_file
	.byte	63                              @ DW_AT_decl_line
	.byte	8                               @ Abbrev [8] 0x163:0x7 DW_TAG_base_type
	.long	.Linfo_string9                  @ DW_AT_name
	.byte	7                               @ DW_AT_encoding
	.byte	2                               @ DW_AT_byte_size
	.byte	9                               @ Abbrev [9] 0x16a:0xc DW_TAG_typedef
	.long	374                             @ DW_AT_type
	.long	.Linfo_string14                 @ DW_AT_name
	.byte	3                               @ DW_AT_decl_file
	.short	441                             @ DW_AT_decl_line
	.byte	6                               @ Abbrev [6] 0x176:0x5 DW_TAG_pointer_type
	.long	379                             @ DW_AT_type
	.byte	10                              @ Abbrev [10] 0x17b:0x11 DW_TAG_subroutine_type
                                        @ DW_AT_prototyped
	.byte	11                              @ Abbrev [11] 0x17c:0x5 DW_TAG_formal_parameter
	.long	396                             @ DW_AT_type
	.byte	11                              @ Abbrev [11] 0x181:0x5 DW_TAG_formal_parameter
	.long	344                             @ DW_AT_type
	.byte	11                              @ Abbrev [11] 0x186:0x5 DW_TAG_formal_parameter
	.long	397                             @ DW_AT_type
	.byte	0                               @ End Of Children Mark
	.byte	12                              @ Abbrev [12] 0x18c:0x1 DW_TAG_pointer_type
	.byte	8                               @ Abbrev [8] 0x18d:0x7 DW_TAG_base_type
	.long	.Linfo_string13                 @ DW_AT_name
	.byte	2                               @ DW_AT_encoding
	.byte	1                               @ DW_AT_byte_size
	.byte	3                               @ Abbrev [3] 0x194:0xb DW_TAG_typedef
	.long	415                             @ DW_AT_type
	.long	.Linfo_string18                 @ DW_AT_name
	.byte	1                               @ DW_AT_decl_file
	.byte	64                              @ DW_AT_decl_line
	.byte	8                               @ Abbrev [8] 0x19f:0x7 DW_TAG_base_type
	.long	.Linfo_string17                 @ DW_AT_name
	.byte	7                               @ DW_AT_encoding
	.byte	4                               @ DW_AT_byte_size
	.byte	3                               @ Abbrev [3] 0x1a6:0xb DW_TAG_typedef
	.long	433                             @ DW_AT_type
	.long	.Linfo_string22                 @ DW_AT_name
	.byte	2                               @ DW_AT_decl_file
	.byte	66                              @ DW_AT_decl_line
	.byte	4                               @ Abbrev [4] 0x1b1:0x59 DW_TAG_structure_type
	.byte	24                              @ DW_AT_byte_size
	.byte	2                               @ DW_AT_decl_file
	.byte	57                              @ DW_AT_decl_line
	.byte	5                               @ Abbrev [5] 0x1b5:0xc DW_TAG_member
	.long	.Linfo_string5                  @ DW_AT_name
	.long	522                             @ DW_AT_type
	.byte	2                               @ DW_AT_decl_file
	.byte	59                              @ DW_AT_decl_line
	.byte	0                               @ DW_AT_data_member_location
	.byte	5                               @ Abbrev [5] 0x1c1:0xc DW_TAG_member
	.long	.Linfo_string8                  @ DW_AT_name
	.long	344                             @ DW_AT_type
	.byte	2                               @ DW_AT_decl_file
	.byte	60                              @ DW_AT_decl_line
	.byte	4                               @ DW_AT_data_member_location
	.byte	5                               @ Abbrev [5] 0x1cd:0xc DW_TAG_member
	.long	.Linfo_string11                 @ DW_AT_name
	.long	344                             @ DW_AT_type
	.byte	2                               @ DW_AT_decl_file
	.byte	61                              @ DW_AT_decl_line
	.byte	6                               @ DW_AT_data_member_location
	.byte	5                               @ Abbrev [5] 0x1d9:0xc DW_TAG_member
	.long	.Linfo_string21                 @ DW_AT_name
	.long	344                             @ DW_AT_type
	.byte	2                               @ DW_AT_decl_file
	.byte	62                              @ DW_AT_decl_line
	.byte	8                               @ DW_AT_data_member_location
	.byte	5                               @ Abbrev [5] 0x1e5:0xc DW_TAG_member
	.long	.Linfo_string12                 @ DW_AT_name
	.long	362                             @ DW_AT_type
	.byte	2                               @ DW_AT_decl_file
	.byte	63                              @ DW_AT_decl_line
	.byte	12                              @ DW_AT_data_member_location
	.byte	5                               @ Abbrev [5] 0x1f1:0xc DW_TAG_member
	.long	.Linfo_string15                 @ DW_AT_name
	.long	396                             @ DW_AT_type
	.byte	2                               @ DW_AT_decl_file
	.byte	64                              @ DW_AT_decl_line
	.byte	16                              @ DW_AT_data_member_location
	.byte	5                               @ Abbrev [5] 0x1fd:0xc DW_TAG_member
	.long	.Linfo_string16                 @ DW_AT_name
	.long	404                             @ DW_AT_type
	.byte	2                               @ DW_AT_decl_file
	.byte	65                              @ DW_AT_decl_line
	.byte	20                              @ DW_AT_data_member_location
	.byte	0                               @ End Of Children Mark
	.byte	6                               @ Abbrev [6] 0x20a:0x5 DW_TAG_pointer_type
	.long	326                             @ DW_AT_type
	.byte	9                               @ Abbrev [9] 0x20f:0xc DW_TAG_typedef
	.long	539                             @ DW_AT_type
	.long	.Linfo_string24                 @ DW_AT_name
	.byte	3                               @ DW_AT_decl_file
	.short	438                             @ DW_AT_decl_line
	.byte	6                               @ Abbrev [6] 0x21b:0x5 DW_TAG_pointer_type
	.long	544                             @ DW_AT_type
	.byte	10                              @ Abbrev [10] 0x220:0x7 DW_TAG_subroutine_type
                                        @ DW_AT_prototyped
	.byte	11                              @ Abbrev [11] 0x221:0x5 DW_TAG_formal_parameter
	.long	344                             @ DW_AT_type
	.byte	0                               @ End Of Children Mark
	.byte	13                              @ Abbrev [13] 0x227:0xb DW_TAG_variable
	.long	.Linfo_string26                 @ DW_AT_name
	.long	562                             @ DW_AT_type
	.byte	3                               @ DW_AT_decl_file
	.byte	250                             @ DW_AT_decl_line
	.byte	7                               @ Abbrev [7] 0x232:0x5 DW_TAG_const_type
	.long	567                             @ DW_AT_type
	.byte	6                               @ Abbrev [6] 0x237:0x5 DW_TAG_pointer_type
	.long	572                             @ DW_AT_type
	.byte	3                               @ Abbrev [3] 0x23c:0xb DW_TAG_typedef
	.long	583                             @ DW_AT_type
	.long	.Linfo_string108                @ DW_AT_name
	.byte	3                               @ DW_AT_decl_file
	.byte	247                             @ DW_AT_decl_line
	.byte	14                              @ Abbrev [14] 0x247:0x3c6 DW_TAG_structure_type
	.short	256                             @ DW_AT_byte_size
	.byte	3                               @ DW_AT_decl_file
	.byte	79                              @ DW_AT_decl_line
	.byte	5                               @ Abbrev [5] 0x24c:0xc DW_TAG_member
	.long	.Linfo_string27                 @ DW_AT_name
	.long	1549                            @ DW_AT_type
	.byte	3                               @ DW_AT_decl_file
	.byte	82                              @ DW_AT_decl_line
	.byte	0                               @ DW_AT_data_member_location
	.byte	5                               @ Abbrev [5] 0x258:0xc DW_TAG_member
	.long	.Linfo_string28                 @ DW_AT_name
	.long	344                             @ DW_AT_type
	.byte	3                               @ DW_AT_decl_file
	.byte	83                              @ DW_AT_decl_line
	.byte	2                               @ DW_AT_data_member_location
	.byte	5                               @ Abbrev [5] 0x264:0xc DW_TAG_member
	.long	.Linfo_string29                 @ DW_AT_name
	.long	1549                            @ DW_AT_type
	.byte	3                               @ DW_AT_decl_file
	.byte	86                              @ DW_AT_decl_line
	.byte	4                               @ DW_AT_data_member_location
	.byte	5                               @ Abbrev [5] 0x270:0xc DW_TAG_member
	.long	.Linfo_string30                 @ DW_AT_name
	.long	344                             @ DW_AT_type
	.byte	3                               @ DW_AT_decl_file
	.byte	87                              @ DW_AT_decl_line
	.byte	6                               @ DW_AT_data_member_location
	.byte	5                               @ Abbrev [5] 0x27c:0xc DW_TAG_member
	.long	.Linfo_string31                 @ DW_AT_name
	.long	1549                            @ DW_AT_type
	.byte	3                               @ DW_AT_decl_file
	.byte	90                              @ DW_AT_decl_line
	.byte	8                               @ DW_AT_data_member_location
	.byte	5                               @ Abbrev [5] 0x288:0xc DW_TAG_member
	.long	.Linfo_string32                 @ DW_AT_name
	.long	1554                            @ DW_AT_type
	.byte	3                               @ DW_AT_decl_file
	.byte	91                              @ DW_AT_decl_line
	.byte	10                              @ DW_AT_data_member_location
	.byte	5                               @ Abbrev [5] 0x294:0xc DW_TAG_member
	.long	.Linfo_string34                 @ DW_AT_name
	.long	1549                            @ DW_AT_type
	.byte	3                               @ DW_AT_decl_file
	.byte	94                              @ DW_AT_decl_line
	.byte	16                              @ DW_AT_data_member_location
	.byte	5                               @ Abbrev [5] 0x2a0:0xc DW_TAG_member
	.long	.Linfo_string35                 @ DW_AT_name
	.long	344                             @ DW_AT_type
	.byte	3                               @ DW_AT_decl_file
	.byte	95                              @ DW_AT_decl_line
	.byte	18                              @ DW_AT_data_member_location
	.byte	5                               @ Abbrev [5] 0x2ac:0xc DW_TAG_member
	.long	.Linfo_string36                 @ DW_AT_name
	.long	1549                            @ DW_AT_type
	.byte	3                               @ DW_AT_decl_file
	.byte	98                              @ DW_AT_decl_line
	.byte	20                              @ DW_AT_data_member_location
	.byte	5                               @ Abbrev [5] 0x2b8:0xc DW_TAG_member
	.long	.Linfo_string37                 @ DW_AT_name
	.long	344                             @ DW_AT_type
	.byte	3                               @ DW_AT_decl_file
	.byte	99                              @ DW_AT_decl_line
	.byte	22                              @ DW_AT_data_member_location
	.byte	5                               @ Abbrev [5] 0x2c4:0xc DW_TAG_member
	.long	.Linfo_string38                 @ DW_AT_name
	.long	1549                            @ DW_AT_type
	.byte	3                               @ DW_AT_decl_file
	.byte	102                             @ DW_AT_decl_line
	.byte	24                              @ DW_AT_data_member_location
	.byte	5                               @ Abbrev [5] 0x2d0:0xc DW_TAG_member
	.long	.Linfo_string39                 @ DW_AT_name
	.long	344                             @ DW_AT_type
	.byte	3                               @ DW_AT_decl_file
	.byte	103                             @ DW_AT_decl_line
	.byte	26                              @ DW_AT_data_member_location
	.byte	5                               @ Abbrev [5] 0x2dc:0xc DW_TAG_member
	.long	.Linfo_string40                 @ DW_AT_name
	.long	1549                            @ DW_AT_type
	.byte	3                               @ DW_AT_decl_file
	.byte	106                             @ DW_AT_decl_line
	.byte	28                              @ DW_AT_data_member_location
	.byte	5                               @ Abbrev [5] 0x2e8:0xc DW_TAG_member
	.long	.Linfo_string41                 @ DW_AT_name
	.long	344                             @ DW_AT_type
	.byte	3                               @ DW_AT_decl_file
	.byte	107                             @ DW_AT_decl_line
	.byte	30                              @ DW_AT_data_member_location
	.byte	5                               @ Abbrev [5] 0x2f4:0xc DW_TAG_member
	.long	.Linfo_string42                 @ DW_AT_name
	.long	1549                            @ DW_AT_type
	.byte	3                               @ DW_AT_decl_file
	.byte	110                             @ DW_AT_decl_line
	.byte	32                              @ DW_AT_data_member_location
	.byte	5                               @ Abbrev [5] 0x300:0xc DW_TAG_member
	.long	.Linfo_string43                 @ DW_AT_name
	.long	1573                            @ DW_AT_type
	.byte	3                               @ DW_AT_decl_file
	.byte	111                             @ DW_AT_decl_line
	.byte	34                              @ DW_AT_data_member_location
	.byte	5                               @ Abbrev [5] 0x30c:0xc DW_TAG_member
	.long	.Linfo_string44                 @ DW_AT_name
	.long	1549                            @ DW_AT_type
	.byte	3                               @ DW_AT_decl_file
	.byte	114                             @ DW_AT_decl_line
	.byte	44                              @ DW_AT_data_member_location
	.byte	5                               @ Abbrev [5] 0x318:0xc DW_TAG_member
	.long	.Linfo_string45                 @ DW_AT_name
	.long	344                             @ DW_AT_type
	.byte	3                               @ DW_AT_decl_file
	.byte	115                             @ DW_AT_decl_line
	.byte	46                              @ DW_AT_data_member_location
	.byte	5                               @ Abbrev [5] 0x324:0xc DW_TAG_member
	.long	.Linfo_string46                 @ DW_AT_name
	.long	1549                            @ DW_AT_type
	.byte	3                               @ DW_AT_decl_file
	.byte	118                             @ DW_AT_decl_line
	.byte	48                              @ DW_AT_data_member_location
	.byte	5                               @ Abbrev [5] 0x330:0xc DW_TAG_member
	.long	.Linfo_string47                 @ DW_AT_name
	.long	344                             @ DW_AT_type
	.byte	3                               @ DW_AT_decl_file
	.byte	119                             @ DW_AT_decl_line
	.byte	50                              @ DW_AT_data_member_location
	.byte	5                               @ Abbrev [5] 0x33c:0xc DW_TAG_member
	.long	.Linfo_string48                 @ DW_AT_name
	.long	1549                            @ DW_AT_type
	.byte	3                               @ DW_AT_decl_file
	.byte	122                             @ DW_AT_decl_line
	.byte	52                              @ DW_AT_data_member_location
	.byte	5                               @ Abbrev [5] 0x348:0xc DW_TAG_member
	.long	.Linfo_string49                 @ DW_AT_name
	.long	344                             @ DW_AT_type
	.byte	3                               @ DW_AT_decl_file
	.byte	123                             @ DW_AT_decl_line
	.byte	54                              @ DW_AT_data_member_location
	.byte	5                               @ Abbrev [5] 0x354:0xc DW_TAG_member
	.long	.Linfo_string50                 @ DW_AT_name
	.long	1549                            @ DW_AT_type
	.byte	3                               @ DW_AT_decl_file
	.byte	126                             @ DW_AT_decl_line
	.byte	56                              @ DW_AT_data_member_location
	.byte	5                               @ Abbrev [5] 0x360:0xc DW_TAG_member
	.long	.Linfo_string51                 @ DW_AT_name
	.long	344                             @ DW_AT_type
	.byte	3                               @ DW_AT_decl_file
	.byte	127                             @ DW_AT_decl_line
	.byte	58                              @ DW_AT_data_member_location
	.byte	5                               @ Abbrev [5] 0x36c:0xc DW_TAG_member
	.long	.Linfo_string52                 @ DW_AT_name
	.long	1549                            @ DW_AT_type
	.byte	3                               @ DW_AT_decl_file
	.byte	130                             @ DW_AT_decl_line
	.byte	60                              @ DW_AT_data_member_location
	.byte	5                               @ Abbrev [5] 0x378:0xc DW_TAG_member
	.long	.Linfo_string53                 @ DW_AT_name
	.long	344                             @ DW_AT_type
	.byte	3                               @ DW_AT_decl_file
	.byte	131                             @ DW_AT_decl_line
	.byte	62                              @ DW_AT_data_member_location
	.byte	5                               @ Abbrev [5] 0x384:0xc DW_TAG_member
	.long	.Linfo_string54                 @ DW_AT_name
	.long	1549                            @ DW_AT_type
	.byte	3                               @ DW_AT_decl_file
	.byte	134                             @ DW_AT_decl_line
	.byte	64                              @ DW_AT_data_member_location
	.byte	5                               @ Abbrev [5] 0x390:0xc DW_TAG_member
	.long	.Linfo_string55                 @ DW_AT_name
	.long	344                             @ DW_AT_type
	.byte	3                               @ DW_AT_decl_file
	.byte	135                             @ DW_AT_decl_line
	.byte	66                              @ DW_AT_data_member_location
	.byte	5                               @ Abbrev [5] 0x39c:0xc DW_TAG_member
	.long	.Linfo_string56                 @ DW_AT_name
	.long	1549                            @ DW_AT_type
	.byte	3                               @ DW_AT_decl_file
	.byte	138                             @ DW_AT_decl_line
	.byte	68                              @ DW_AT_data_member_location
	.byte	5                               @ Abbrev [5] 0x3a8:0xc DW_TAG_member
	.long	.Linfo_string57                 @ DW_AT_name
	.long	344                             @ DW_AT_type
	.byte	3                               @ DW_AT_decl_file
	.byte	139                             @ DW_AT_decl_line
	.byte	70                              @ DW_AT_data_member_location
	.byte	5                               @ Abbrev [5] 0x3b4:0xc DW_TAG_member
	.long	.Linfo_string58                 @ DW_AT_name
	.long	1549                            @ DW_AT_type
	.byte	3                               @ DW_AT_decl_file
	.byte	142                             @ DW_AT_decl_line
	.byte	72                              @ DW_AT_data_member_location
	.byte	5                               @ Abbrev [5] 0x3c0:0xc DW_TAG_member
	.long	.Linfo_string59                 @ DW_AT_name
	.long	344                             @ DW_AT_type
	.byte	3                               @ DW_AT_decl_file
	.byte	143                             @ DW_AT_decl_line
	.byte	74                              @ DW_AT_data_member_location
	.byte	5                               @ Abbrev [5] 0x3cc:0xc DW_TAG_member
	.long	.Linfo_string60                 @ DW_AT_name
	.long	1549                            @ DW_AT_type
	.byte	3                               @ DW_AT_decl_file
	.byte	146                             @ DW_AT_decl_line
	.byte	76                              @ DW_AT_data_member_location
	.byte	5                               @ Abbrev [5] 0x3d8:0xc DW_TAG_member
	.long	.Linfo_string61                 @ DW_AT_name
	.long	344                             @ DW_AT_type
	.byte	3                               @ DW_AT_decl_file
	.byte	147                             @ DW_AT_decl_line
	.byte	78                              @ DW_AT_data_member_location
	.byte	5                               @ Abbrev [5] 0x3e4:0xc DW_TAG_member
	.long	.Linfo_string62                 @ DW_AT_name
	.long	1549                            @ DW_AT_type
	.byte	3                               @ DW_AT_decl_file
	.byte	150                             @ DW_AT_decl_line
	.byte	80                              @ DW_AT_data_member_location
	.byte	5                               @ Abbrev [5] 0x3f0:0xc DW_TAG_member
	.long	.Linfo_string63                 @ DW_AT_name
	.long	344                             @ DW_AT_type
	.byte	3                               @ DW_AT_decl_file
	.byte	151                             @ DW_AT_decl_line
	.byte	82                              @ DW_AT_data_member_location
	.byte	5                               @ Abbrev [5] 0x3fc:0xc DW_TAG_member
	.long	.Linfo_string64                 @ DW_AT_name
	.long	1549                            @ DW_AT_type
	.byte	3                               @ DW_AT_decl_file
	.byte	154                             @ DW_AT_decl_line
	.byte	84                              @ DW_AT_data_member_location
	.byte	5                               @ Abbrev [5] 0x408:0xc DW_TAG_member
	.long	.Linfo_string65                 @ DW_AT_name
	.long	344                             @ DW_AT_type
	.byte	3                               @ DW_AT_decl_file
	.byte	155                             @ DW_AT_decl_line
	.byte	86                              @ DW_AT_data_member_location
	.byte	5                               @ Abbrev [5] 0x414:0xc DW_TAG_member
	.long	.Linfo_string66                 @ DW_AT_name
	.long	1549                            @ DW_AT_type
	.byte	3                               @ DW_AT_decl_file
	.byte	158                             @ DW_AT_decl_line
	.byte	88                              @ DW_AT_data_member_location
	.byte	5                               @ Abbrev [5] 0x420:0xc DW_TAG_member
	.long	.Linfo_string67                 @ DW_AT_name
	.long	344                             @ DW_AT_type
	.byte	3                               @ DW_AT_decl_file
	.byte	159                             @ DW_AT_decl_line
	.byte	90                              @ DW_AT_data_member_location
	.byte	5                               @ Abbrev [5] 0x42c:0xc DW_TAG_member
	.long	.Linfo_string68                 @ DW_AT_name
	.long	1549                            @ DW_AT_type
	.byte	3                               @ DW_AT_decl_file
	.byte	162                             @ DW_AT_decl_line
	.byte	92                              @ DW_AT_data_member_location
	.byte	5                               @ Abbrev [5] 0x438:0xc DW_TAG_member
	.long	.Linfo_string69                 @ DW_AT_name
	.long	344                             @ DW_AT_type
	.byte	3                               @ DW_AT_decl_file
	.byte	163                             @ DW_AT_decl_line
	.byte	94                              @ DW_AT_data_member_location
	.byte	5                               @ Abbrev [5] 0x444:0xc DW_TAG_member
	.long	.Linfo_string70                 @ DW_AT_name
	.long	1549                            @ DW_AT_type
	.byte	3                               @ DW_AT_decl_file
	.byte	166                             @ DW_AT_decl_line
	.byte	96                              @ DW_AT_data_member_location
	.byte	5                               @ Abbrev [5] 0x450:0xc DW_TAG_member
	.long	.Linfo_string71                 @ DW_AT_name
	.long	344                             @ DW_AT_type
	.byte	3                               @ DW_AT_decl_file
	.byte	167                             @ DW_AT_decl_line
	.byte	98                              @ DW_AT_data_member_location
	.byte	5                               @ Abbrev [5] 0x45c:0xc DW_TAG_member
	.long	.Linfo_string72                 @ DW_AT_name
	.long	1549                            @ DW_AT_type
	.byte	3                               @ DW_AT_decl_file
	.byte	170                             @ DW_AT_decl_line
	.byte	100                             @ DW_AT_data_member_location
	.byte	5                               @ Abbrev [5] 0x468:0xc DW_TAG_member
	.long	.Linfo_string73                 @ DW_AT_name
	.long	344                             @ DW_AT_type
	.byte	3                               @ DW_AT_decl_file
	.byte	171                             @ DW_AT_decl_line
	.byte	102                             @ DW_AT_data_member_location
	.byte	5                               @ Abbrev [5] 0x474:0xc DW_TAG_member
	.long	.Linfo_string74                 @ DW_AT_name
	.long	1549                            @ DW_AT_type
	.byte	3                               @ DW_AT_decl_file
	.byte	174                             @ DW_AT_decl_line
	.byte	104                             @ DW_AT_data_member_location
	.byte	5                               @ Abbrev [5] 0x480:0xc DW_TAG_member
	.long	.Linfo_string75                 @ DW_AT_name
	.long	344                             @ DW_AT_type
	.byte	3                               @ DW_AT_decl_file
	.byte	175                             @ DW_AT_decl_line
	.byte	106                             @ DW_AT_data_member_location
	.byte	5                               @ Abbrev [5] 0x48c:0xc DW_TAG_member
	.long	.Linfo_string76                 @ DW_AT_name
	.long	1549                            @ DW_AT_type
	.byte	3                               @ DW_AT_decl_file
	.byte	178                             @ DW_AT_decl_line
	.byte	108                             @ DW_AT_data_member_location
	.byte	5                               @ Abbrev [5] 0x498:0xc DW_TAG_member
	.long	.Linfo_string77                 @ DW_AT_name
	.long	344                             @ DW_AT_type
	.byte	3                               @ DW_AT_decl_file
	.byte	179                             @ DW_AT_decl_line
	.byte	110                             @ DW_AT_data_member_location
	.byte	5                               @ Abbrev [5] 0x4a4:0xc DW_TAG_member
	.long	.Linfo_string78                 @ DW_AT_name
	.long	1549                            @ DW_AT_type
	.byte	3                               @ DW_AT_decl_file
	.byte	182                             @ DW_AT_decl_line
	.byte	112                             @ DW_AT_data_member_location
	.byte	5                               @ Abbrev [5] 0x4b0:0xc DW_TAG_member
	.long	.Linfo_string79                 @ DW_AT_name
	.long	344                             @ DW_AT_type
	.byte	3                               @ DW_AT_decl_file
	.byte	183                             @ DW_AT_decl_line
	.byte	114                             @ DW_AT_data_member_location
	.byte	5                               @ Abbrev [5] 0x4bc:0xc DW_TAG_member
	.long	.Linfo_string80                 @ DW_AT_name
	.long	1549                            @ DW_AT_type
	.byte	3                               @ DW_AT_decl_file
	.byte	186                             @ DW_AT_decl_line
	.byte	116                             @ DW_AT_data_member_location
	.byte	5                               @ Abbrev [5] 0x4c8:0xc DW_TAG_member
	.long	.Linfo_string81                 @ DW_AT_name
	.long	344                             @ DW_AT_type
	.byte	3                               @ DW_AT_decl_file
	.byte	187                             @ DW_AT_decl_line
	.byte	118                             @ DW_AT_data_member_location
	.byte	5                               @ Abbrev [5] 0x4d4:0xc DW_TAG_member
	.long	.Linfo_string82                 @ DW_AT_name
	.long	1549                            @ DW_AT_type
	.byte	3                               @ DW_AT_decl_file
	.byte	190                             @ DW_AT_decl_line
	.byte	120                             @ DW_AT_data_member_location
	.byte	5                               @ Abbrev [5] 0x4e0:0xc DW_TAG_member
	.long	.Linfo_string83                 @ DW_AT_name
	.long	344                             @ DW_AT_type
	.byte	3                               @ DW_AT_decl_file
	.byte	191                             @ DW_AT_decl_line
	.byte	122                             @ DW_AT_data_member_location
	.byte	5                               @ Abbrev [5] 0x4ec:0xc DW_TAG_member
	.long	.Linfo_string84                 @ DW_AT_name
	.long	1549                            @ DW_AT_type
	.byte	3                               @ DW_AT_decl_file
	.byte	194                             @ DW_AT_decl_line
	.byte	124                             @ DW_AT_data_member_location
	.byte	5                               @ Abbrev [5] 0x4f8:0xc DW_TAG_member
	.long	.Linfo_string85                 @ DW_AT_name
	.long	344                             @ DW_AT_type
	.byte	3                               @ DW_AT_decl_file
	.byte	195                             @ DW_AT_decl_line
	.byte	126                             @ DW_AT_data_member_location
	.byte	5                               @ Abbrev [5] 0x504:0xc DW_TAG_member
	.long	.Linfo_string86                 @ DW_AT_name
	.long	1549                            @ DW_AT_type
	.byte	3                               @ DW_AT_decl_file
	.byte	198                             @ DW_AT_decl_line
	.byte	128                             @ DW_AT_data_member_location
	.byte	5                               @ Abbrev [5] 0x510:0xc DW_TAG_member
	.long	.Linfo_string87                 @ DW_AT_name
	.long	1554                            @ DW_AT_type
	.byte	3                               @ DW_AT_decl_file
	.byte	199                             @ DW_AT_decl_line
	.byte	130                             @ DW_AT_data_member_location
	.byte	5                               @ Abbrev [5] 0x51c:0xc DW_TAG_member
	.long	.Linfo_string88                 @ DW_AT_name
	.long	1549                            @ DW_AT_type
	.byte	3                               @ DW_AT_decl_file
	.byte	202                             @ DW_AT_decl_line
	.byte	136                             @ DW_AT_data_member_location
	.byte	5                               @ Abbrev [5] 0x528:0xc DW_TAG_member
	.long	.Linfo_string89                 @ DW_AT_name
	.long	344                             @ DW_AT_type
	.byte	3                               @ DW_AT_decl_file
	.byte	203                             @ DW_AT_decl_line
	.byte	138                             @ DW_AT_data_member_location
	.byte	5                               @ Abbrev [5] 0x534:0xc DW_TAG_member
	.long	.Linfo_string90                 @ DW_AT_name
	.long	1549                            @ DW_AT_type
	.byte	3                               @ DW_AT_decl_file
	.byte	206                             @ DW_AT_decl_line
	.byte	140                             @ DW_AT_data_member_location
	.byte	5                               @ Abbrev [5] 0x540:0xc DW_TAG_member
	.long	.Linfo_string91                 @ DW_AT_name
	.long	344                             @ DW_AT_type
	.byte	3                               @ DW_AT_decl_file
	.byte	207                             @ DW_AT_decl_line
	.byte	142                             @ DW_AT_data_member_location
	.byte	5                               @ Abbrev [5] 0x54c:0xc DW_TAG_member
	.long	.Linfo_string92                 @ DW_AT_name
	.long	1549                            @ DW_AT_type
	.byte	3                               @ DW_AT_decl_file
	.byte	210                             @ DW_AT_decl_line
	.byte	144                             @ DW_AT_data_member_location
	.byte	5                               @ Abbrev [5] 0x558:0xc DW_TAG_member
	.long	.Linfo_string93                 @ DW_AT_name
	.long	344                             @ DW_AT_type
	.byte	3                               @ DW_AT_decl_file
	.byte	211                             @ DW_AT_decl_line
	.byte	146                             @ DW_AT_data_member_location
	.byte	5                               @ Abbrev [5] 0x564:0xc DW_TAG_member
	.long	.Linfo_string94                 @ DW_AT_name
	.long	1549                            @ DW_AT_type
	.byte	3                               @ DW_AT_decl_file
	.byte	214                             @ DW_AT_decl_line
	.byte	148                             @ DW_AT_data_member_location
	.byte	5                               @ Abbrev [5] 0x570:0xc DW_TAG_member
	.long	.Linfo_string95                 @ DW_AT_name
	.long	344                             @ DW_AT_type
	.byte	3                               @ DW_AT_decl_file
	.byte	215                             @ DW_AT_decl_line
	.byte	150                             @ DW_AT_data_member_location
	.byte	5                               @ Abbrev [5] 0x57c:0xc DW_TAG_member
	.long	.Linfo_string96                 @ DW_AT_name
	.long	1549                            @ DW_AT_type
	.byte	3                               @ DW_AT_decl_file
	.byte	218                             @ DW_AT_decl_line
	.byte	152                             @ DW_AT_data_member_location
	.byte	5                               @ Abbrev [5] 0x588:0xc DW_TAG_member
	.long	.Linfo_string97                 @ DW_AT_name
	.long	344                             @ DW_AT_type
	.byte	3                               @ DW_AT_decl_file
	.byte	219                             @ DW_AT_decl_line
	.byte	154                             @ DW_AT_data_member_location
	.byte	5                               @ Abbrev [5] 0x594:0xc DW_TAG_member
	.long	.Linfo_string98                 @ DW_AT_name
	.long	1549                            @ DW_AT_type
	.byte	3                               @ DW_AT_decl_file
	.byte	222                             @ DW_AT_decl_line
	.byte	156                             @ DW_AT_data_member_location
	.byte	5                               @ Abbrev [5] 0x5a0:0xc DW_TAG_member
	.long	.Linfo_string99                 @ DW_AT_name
	.long	344                             @ DW_AT_type
	.byte	3                               @ DW_AT_decl_file
	.byte	223                             @ DW_AT_decl_line
	.byte	158                             @ DW_AT_data_member_location
	.byte	5                               @ Abbrev [5] 0x5ac:0xc DW_TAG_member
	.long	.Linfo_string100                @ DW_AT_name
	.long	1549                            @ DW_AT_type
	.byte	3                               @ DW_AT_decl_file
	.byte	226                             @ DW_AT_decl_line
	.byte	160                             @ DW_AT_data_member_location
	.byte	5                               @ Abbrev [5] 0x5b8:0xc DW_TAG_member
	.long	.Linfo_string101                @ DW_AT_name
	.long	1585                            @ DW_AT_type
	.byte	3                               @ DW_AT_decl_file
	.byte	227                             @ DW_AT_decl_line
	.byte	162                             @ DW_AT_data_member_location
	.byte	5                               @ Abbrev [5] 0x5c4:0xc DW_TAG_member
	.long	.Linfo_string102                @ DW_AT_name
	.long	1549                            @ DW_AT_type
	.byte	3                               @ DW_AT_decl_file
	.byte	230                             @ DW_AT_decl_line
	.byte	244                             @ DW_AT_data_member_location
	.byte	5                               @ Abbrev [5] 0x5d0:0xc DW_TAG_member
	.long	.Linfo_string103                @ DW_AT_name
	.long	1549                            @ DW_AT_type
	.byte	3                               @ DW_AT_decl_file
	.byte	233                             @ DW_AT_decl_line
	.byte	246                             @ DW_AT_data_member_location
	.byte	5                               @ Abbrev [5] 0x5dc:0xc DW_TAG_member
	.long	.Linfo_string104                @ DW_AT_name
	.long	1549                            @ DW_AT_type
	.byte	3                               @ DW_AT_decl_file
	.byte	236                             @ DW_AT_decl_line
	.byte	248                             @ DW_AT_data_member_location
	.byte	5                               @ Abbrev [5] 0x5e8:0xc DW_TAG_member
	.long	.Linfo_string105                @ DW_AT_name
	.long	1549                            @ DW_AT_type
	.byte	3                               @ DW_AT_decl_file
	.byte	239                             @ DW_AT_decl_line
	.byte	250                             @ DW_AT_data_member_location
	.byte	5                               @ Abbrev [5] 0x5f4:0xc DW_TAG_member
	.long	.Linfo_string106                @ DW_AT_name
	.long	1549                            @ DW_AT_type
	.byte	3                               @ DW_AT_decl_file
	.byte	242                             @ DW_AT_decl_line
	.byte	252                             @ DW_AT_data_member_location
	.byte	5                               @ Abbrev [5] 0x600:0xc DW_TAG_member
	.long	.Linfo_string107                @ DW_AT_name
	.long	1549                            @ DW_AT_type
	.byte	3                               @ DW_AT_decl_file
	.byte	245                             @ DW_AT_decl_line
	.byte	254                             @ DW_AT_data_member_location
	.byte	0                               @ End Of Children Mark
	.byte	15                              @ Abbrev [15] 0x60d:0x5 DW_TAG_volatile_type
	.long	344                             @ DW_AT_type
	.byte	16                              @ Abbrev [16] 0x612:0xc DW_TAG_array_type
	.long	344                             @ DW_AT_type
	.byte	17                              @ Abbrev [17] 0x617:0x6 DW_TAG_subrange_type
	.long	1566                            @ DW_AT_type
	.byte	3                               @ DW_AT_count
	.byte	0                               @ End Of Children Mark
	.byte	18                              @ Abbrev [18] 0x61e:0x7 DW_TAG_base_type
	.long	.Linfo_string33                 @ DW_AT_name
	.byte	8                               @ DW_AT_byte_size
	.byte	7                               @ DW_AT_encoding
	.byte	16                              @ Abbrev [16] 0x625:0xc DW_TAG_array_type
	.long	344                             @ DW_AT_type
	.byte	17                              @ Abbrev [17] 0x62a:0x6 DW_TAG_subrange_type
	.long	1566                            @ DW_AT_type
	.byte	5                               @ DW_AT_count
	.byte	0                               @ End Of Children Mark
	.byte	16                              @ Abbrev [16] 0x631:0xc DW_TAG_array_type
	.long	344                             @ DW_AT_type
	.byte	17                              @ Abbrev [17] 0x636:0x6 DW_TAG_subrange_type
	.long	1566                            @ DW_AT_type
	.byte	41                              @ DW_AT_count
	.byte	0                               @ End Of Children Mark
	.byte	19                              @ Abbrev [19] 0x63d:0x57 DW_TAG_enumeration_type
	.long	355                             @ DW_AT_type
	.byte	2                               @ DW_AT_byte_size
	.byte	3                               @ DW_AT_decl_file
	.short	318                             @ DW_AT_decl_line
	.byte	20                              @ Abbrev [20] 0x646:0x6 DW_TAG_enumerator
	.long	.Linfo_string109                @ DW_AT_name
	.byte	1                               @ DW_AT_const_value
	.byte	20                              @ Abbrev [20] 0x64c:0x6 DW_TAG_enumerator
	.long	.Linfo_string110                @ DW_AT_name
	.byte	2                               @ DW_AT_const_value
	.byte	20                              @ Abbrev [20] 0x652:0x6 DW_TAG_enumerator
	.long	.Linfo_string111                @ DW_AT_name
	.byte	4                               @ DW_AT_const_value
	.byte	20                              @ Abbrev [20] 0x658:0x6 DW_TAG_enumerator
	.long	.Linfo_string112                @ DW_AT_name
	.byte	8                               @ DW_AT_const_value
	.byte	20                              @ Abbrev [20] 0x65e:0x6 DW_TAG_enumerator
	.long	.Linfo_string113                @ DW_AT_name
	.byte	16                              @ DW_AT_const_value
	.byte	20                              @ Abbrev [20] 0x664:0x6 DW_TAG_enumerator
	.long	.Linfo_string114                @ DW_AT_name
	.byte	32                              @ DW_AT_const_value
	.byte	20                              @ Abbrev [20] 0x66a:0x6 DW_TAG_enumerator
	.long	.Linfo_string115                @ DW_AT_name
	.byte	64                              @ DW_AT_const_value
	.byte	20                              @ Abbrev [20] 0x670:0x7 DW_TAG_enumerator
	.long	.Linfo_string116                @ DW_AT_name
	.ascii	"\200\001"                      @ DW_AT_const_value
	.byte	20                              @ Abbrev [20] 0x677:0x7 DW_TAG_enumerator
	.long	.Linfo_string117                @ DW_AT_name
	.ascii	"\200\002"                      @ DW_AT_const_value
	.byte	20                              @ Abbrev [20] 0x67e:0x7 DW_TAG_enumerator
	.long	.Linfo_string118                @ DW_AT_name
	.ascii	"\200\004"                      @ DW_AT_const_value
	.byte	20                              @ Abbrev [20] 0x685:0x7 DW_TAG_enumerator
	.long	.Linfo_string119                @ DW_AT_name
	.ascii	"\200\b"                        @ DW_AT_const_value
	.byte	20                              @ Abbrev [20] 0x68c:0x7 DW_TAG_enumerator
	.long	.Linfo_string120                @ DW_AT_name
	.ascii	"\200\020"                      @ DW_AT_const_value
	.byte	0                               @ End Of Children Mark
	.byte	21                              @ Abbrev [21] 0x694:0x1b DW_TAG_enumeration_type
	.long	337                             @ DW_AT_type
	.byte	1                               @ DW_AT_byte_size
	.byte	3                               @ DW_AT_decl_file
	.byte	58                              @ DW_AT_decl_line
	.byte	20                              @ Abbrev [20] 0x69c:0x6 DW_TAG_enumerator
	.long	.Linfo_string121                @ DW_AT_name
	.byte	0                               @ DW_AT_const_value
	.byte	20                              @ Abbrev [20] 0x6a2:0x6 DW_TAG_enumerator
	.long	.Linfo_string122                @ DW_AT_name
	.byte	1                               @ DW_AT_const_value
	.byte	20                              @ Abbrev [20] 0x6a8:0x6 DW_TAG_enumerator
	.long	.Linfo_string123                @ DW_AT_name
	.byte	2                               @ DW_AT_const_value
	.byte	0                               @ End Of Children Mark
	.byte	22                              @ Abbrev [22] 0x6af:0xbb DW_TAG_enumeration_type
	.long	1898                            @ DW_AT_type
	.long	.Linfo_string154                @ DW_AT_name
	.byte	1                               @ DW_AT_byte_size
	.byte	4                               @ DW_AT_decl_file
	.byte	71                              @ DW_AT_decl_line
	.byte	23                              @ Abbrev [23] 0x6bb:0x6 DW_TAG_enumerator
	.long	.Linfo_string125                @ DW_AT_name
	.byte	114                             @ DW_AT_const_value
	.byte	23                              @ Abbrev [23] 0x6c1:0x6 DW_TAG_enumerator
	.long	.Linfo_string126                @ DW_AT_name
	.byte	115                             @ DW_AT_const_value
	.byte	23                              @ Abbrev [23] 0x6c7:0x6 DW_TAG_enumerator
	.long	.Linfo_string127                @ DW_AT_name
	.byte	123                             @ DW_AT_const_value
	.byte	23                              @ Abbrev [23] 0x6cd:0x6 DW_TAG_enumerator
	.long	.Linfo_string128                @ DW_AT_name
	.byte	126                             @ DW_AT_const_value
	.byte	23                              @ Abbrev [23] 0x6d3:0x6 DW_TAG_enumerator
	.long	.Linfo_string129                @ DW_AT_name
	.byte	127                             @ DW_AT_const_value
	.byte	23                              @ Abbrev [23] 0x6d9:0x6 DW_TAG_enumerator
	.long	.Linfo_string130                @ DW_AT_name
	.byte	0                               @ DW_AT_const_value
	.byte	23                              @ Abbrev [23] 0x6df:0x6 DW_TAG_enumerator
	.long	.Linfo_string131                @ DW_AT_name
	.byte	1                               @ DW_AT_const_value
	.byte	23                              @ Abbrev [23] 0x6e5:0x6 DW_TAG_enumerator
	.long	.Linfo_string132                @ DW_AT_name
	.byte	2                               @ DW_AT_const_value
	.byte	23                              @ Abbrev [23] 0x6eb:0x6 DW_TAG_enumerator
	.long	.Linfo_string133                @ DW_AT_name
	.byte	3                               @ DW_AT_const_value
	.byte	23                              @ Abbrev [23] 0x6f1:0x6 DW_TAG_enumerator
	.long	.Linfo_string134                @ DW_AT_name
	.byte	4                               @ DW_AT_const_value
	.byte	23                              @ Abbrev [23] 0x6f7:0x6 DW_TAG_enumerator
	.long	.Linfo_string135                @ DW_AT_name
	.byte	5                               @ DW_AT_const_value
	.byte	23                              @ Abbrev [23] 0x6fd:0x6 DW_TAG_enumerator
	.long	.Linfo_string136                @ DW_AT_name
	.byte	6                               @ DW_AT_const_value
	.byte	23                              @ Abbrev [23] 0x703:0x6 DW_TAG_enumerator
	.long	.Linfo_string137                @ DW_AT_name
	.byte	7                               @ DW_AT_const_value
	.byte	23                              @ Abbrev [23] 0x709:0x6 DW_TAG_enumerator
	.long	.Linfo_string138                @ DW_AT_name
	.byte	8                               @ DW_AT_const_value
	.byte	23                              @ Abbrev [23] 0x70f:0x6 DW_TAG_enumerator
	.long	.Linfo_string139                @ DW_AT_name
	.byte	9                               @ DW_AT_const_value
	.byte	23                              @ Abbrev [23] 0x715:0x6 DW_TAG_enumerator
	.long	.Linfo_string140                @ DW_AT_name
	.byte	10                              @ DW_AT_const_value
	.byte	23                              @ Abbrev [23] 0x71b:0x6 DW_TAG_enumerator
	.long	.Linfo_string141                @ DW_AT_name
	.byte	11                              @ DW_AT_const_value
	.byte	23                              @ Abbrev [23] 0x721:0x6 DW_TAG_enumerator
	.long	.Linfo_string142                @ DW_AT_name
	.byte	12                              @ DW_AT_const_value
	.byte	23                              @ Abbrev [23] 0x727:0x6 DW_TAG_enumerator
	.long	.Linfo_string143                @ DW_AT_name
	.byte	13                              @ DW_AT_const_value
	.byte	23                              @ Abbrev [23] 0x72d:0x6 DW_TAG_enumerator
	.long	.Linfo_string144                @ DW_AT_name
	.byte	14                              @ DW_AT_const_value
	.byte	23                              @ Abbrev [23] 0x733:0x6 DW_TAG_enumerator
	.long	.Linfo_string145                @ DW_AT_name
	.byte	15                              @ DW_AT_const_value
	.byte	23                              @ Abbrev [23] 0x739:0x6 DW_TAG_enumerator
	.long	.Linfo_string146                @ DW_AT_name
	.byte	16                              @ DW_AT_const_value
	.byte	23                              @ Abbrev [23] 0x73f:0x6 DW_TAG_enumerator
	.long	.Linfo_string147                @ DW_AT_name
	.byte	17                              @ DW_AT_const_value
	.byte	23                              @ Abbrev [23] 0x745:0x6 DW_TAG_enumerator
	.long	.Linfo_string148                @ DW_AT_name
	.byte	18                              @ DW_AT_const_value
	.byte	23                              @ Abbrev [23] 0x74b:0x6 DW_TAG_enumerator
	.long	.Linfo_string149                @ DW_AT_name
	.byte	19                              @ DW_AT_const_value
	.byte	23                              @ Abbrev [23] 0x751:0x6 DW_TAG_enumerator
	.long	.Linfo_string150                @ DW_AT_name
	.byte	20                              @ DW_AT_const_value
	.byte	23                              @ Abbrev [23] 0x757:0x6 DW_TAG_enumerator
	.long	.Linfo_string151                @ DW_AT_name
	.byte	21                              @ DW_AT_const_value
	.byte	23                              @ Abbrev [23] 0x75d:0x6 DW_TAG_enumerator
	.long	.Linfo_string152                @ DW_AT_name
	.byte	22                              @ DW_AT_const_value
	.byte	23                              @ Abbrev [23] 0x763:0x6 DW_TAG_enumerator
	.long	.Linfo_string153                @ DW_AT_name
	.byte	23                              @ DW_AT_const_value
	.byte	0                               @ End Of Children Mark
	.byte	8                               @ Abbrev [8] 0x76a:0x7 DW_TAG_base_type
	.long	.Linfo_string124                @ DW_AT_name
	.byte	6                               @ DW_AT_encoding
	.byte	1                               @ DW_AT_byte_size
	.byte	6                               @ Abbrev [6] 0x771:0x5 DW_TAG_pointer_type
	.long	1549                            @ DW_AT_type
	.byte	3                               @ Abbrev [3] 0x776:0xb DW_TAG_typedef
	.long	1921                            @ DW_AT_type
	.long	.Linfo_string156                @ DW_AT_name
	.byte	1                               @ DW_AT_decl_file
	.byte	58                              @ DW_AT_decl_line
	.byte	8                               @ Abbrev [8] 0x781:0x7 DW_TAG_base_type
	.long	.Linfo_string155                @ DW_AT_name
	.byte	5                               @ DW_AT_encoding
	.byte	4                               @ DW_AT_byte_size
	.byte	6                               @ Abbrev [6] 0x788:0x5 DW_TAG_pointer_type
	.long	1933                            @ DW_AT_type
	.byte	9                               @ Abbrev [9] 0x78d:0xc DW_TAG_typedef
	.long	1945                            @ DW_AT_type
	.long	.Linfo_string163                @ DW_AT_name
	.byte	5                               @ DW_AT_decl_file
	.short	340                             @ DW_AT_decl_line
	.byte	24                              @ Abbrev [24] 0x799:0x8f DW_TAG_structure_type
	.short	800                             @ DW_AT_byte_size
	.byte	5                               @ DW_AT_decl_file
	.short	328                             @ DW_AT_decl_line
	.byte	25                              @ Abbrev [25] 0x79f:0xd DW_TAG_member
	.long	.Linfo_string157                @ DW_AT_name
	.long	2088                            @ DW_AT_type
	.byte	5                               @ DW_AT_decl_file
	.short	330                             @ DW_AT_decl_line
	.byte	0                               @ DW_AT_data_member_location
	.byte	25                              @ Abbrev [25] 0x7ac:0xd DW_TAG_member
	.long	.Linfo_string158                @ DW_AT_name
	.long	2105                            @ DW_AT_type
	.byte	5                               @ DW_AT_decl_file
	.short	331                             @ DW_AT_decl_line
	.byte	4                               @ DW_AT_data_member_location
	.byte	25                              @ Abbrev [25] 0x7b9:0xd DW_TAG_member
	.long	.Linfo_string159                @ DW_AT_name
	.long	2088                            @ DW_AT_type
	.byte	5                               @ DW_AT_decl_file
	.short	332                             @ DW_AT_decl_line
	.byte	128                             @ DW_AT_data_member_location
	.byte	25                              @ Abbrev [25] 0x7c6:0xd DW_TAG_member
	.long	.Linfo_string30                 @ DW_AT_name
	.long	2105                            @ DW_AT_type
	.byte	5                               @ DW_AT_decl_file
	.short	333                             @ DW_AT_decl_line
	.byte	132                             @ DW_AT_data_member_location
	.byte	26                              @ Abbrev [26] 0x7d3:0xe DW_TAG_member
	.long	.Linfo_string160                @ DW_AT_name
	.long	2088                            @ DW_AT_type
	.byte	5                               @ DW_AT_decl_file
	.short	334                             @ DW_AT_decl_line
	.short	256                             @ DW_AT_data_member_location
	.byte	26                              @ Abbrev [26] 0x7e1:0xe DW_TAG_member
	.long	.Linfo_string32                 @ DW_AT_name
	.long	2105                            @ DW_AT_type
	.byte	5                               @ DW_AT_decl_file
	.short	335                             @ DW_AT_decl_line
	.short	260                             @ DW_AT_data_member_location
	.byte	26                              @ Abbrev [26] 0x7ef:0xe DW_TAG_member
	.long	.Linfo_string161                @ DW_AT_name
	.long	2088                            @ DW_AT_type
	.byte	5                               @ DW_AT_decl_file
	.short	336                             @ DW_AT_decl_line
	.short	384                             @ DW_AT_data_member_location
	.byte	26                              @ Abbrev [26] 0x7fd:0xe DW_TAG_member
	.long	.Linfo_string35                 @ DW_AT_name
	.long	2105                            @ DW_AT_type
	.byte	5                               @ DW_AT_decl_file
	.short	337                             @ DW_AT_decl_line
	.short	388                             @ DW_AT_data_member_location
	.byte	26                              @ Abbrev [26] 0x80b:0xe DW_TAG_member
	.long	.Linfo_string37                 @ DW_AT_name
	.long	2117                            @ DW_AT_type
	.byte	5                               @ DW_AT_decl_file
	.short	338                             @ DW_AT_decl_line
	.short	512                             @ DW_AT_data_member_location
	.byte	26                              @ Abbrev [26] 0x819:0xe DW_TAG_member
	.long	.Linfo_string162                @ DW_AT_name
	.long	2129                            @ DW_AT_type
	.byte	5                               @ DW_AT_decl_file
	.short	339                             @ DW_AT_decl_line
	.short	768                             @ DW_AT_data_member_location
	.byte	0                               @ End Of Children Mark
	.byte	16                              @ Abbrev [16] 0x828:0xc DW_TAG_array_type
	.long	2100                            @ DW_AT_type
	.byte	17                              @ Abbrev [17] 0x82d:0x6 DW_TAG_subrange_type
	.long	1566                            @ DW_AT_type
	.byte	1                               @ DW_AT_count
	.byte	0                               @ End Of Children Mark
	.byte	15                              @ Abbrev [15] 0x834:0x5 DW_TAG_volatile_type
	.long	404                             @ DW_AT_type
	.byte	16                              @ Abbrev [16] 0x839:0xc DW_TAG_array_type
	.long	404                             @ DW_AT_type
	.byte	17                              @ Abbrev [17] 0x83e:0x6 DW_TAG_subrange_type
	.long	1566                            @ DW_AT_type
	.byte	31                              @ DW_AT_count
	.byte	0                               @ End Of Children Mark
	.byte	16                              @ Abbrev [16] 0x845:0xc DW_TAG_array_type
	.long	404                             @ DW_AT_type
	.byte	17                              @ Abbrev [17] 0x84a:0x6 DW_TAG_subrange_type
	.long	1566                            @ DW_AT_type
	.byte	64                              @ DW_AT_count
	.byte	0                               @ End Of Children Mark
	.byte	16                              @ Abbrev [16] 0x851:0xc DW_TAG_array_type
	.long	2100                            @ DW_AT_type
	.byte	17                              @ Abbrev [17] 0x856:0x6 DW_TAG_subrange_type
	.long	1566                            @ DW_AT_type
	.byte	8                               @ DW_AT_count
	.byte	0                               @ End Of Children Mark
	.byte	27                              @ Abbrev [27] 0x85d:0x9 DW_TAG_subprogram
	.long	.Linfo_string164                @ DW_AT_name
	.byte	3                               @ DW_AT_decl_file
	.short	892                             @ DW_AT_decl_line
                                        @ DW_AT_prototyped
	.byte	1                               @ DW_AT_inline
	.byte	27                              @ Abbrev [27] 0x866:0x9 DW_TAG_subprogram
	.long	.Linfo_string165                @ DW_AT_name
	.byte	3                               @ DW_AT_decl_file
	.short	940                             @ DW_AT_decl_line
                                        @ DW_AT_prototyped
	.byte	1                               @ DW_AT_inline
	.byte	28                              @ Abbrev [28] 0x86f:0x16 DW_TAG_subprogram
	.long	.Linfo_string166                @ DW_AT_name
	.byte	3                               @ DW_AT_decl_file
	.short	778                             @ DW_AT_decl_line
                                        @ DW_AT_prototyped
	.byte	1                               @ DW_AT_inline
	.byte	29                              @ Abbrev [29] 0x878:0xc DW_TAG_formal_parameter
	.long	.Linfo_string167                @ DW_AT_name
	.byte	3                               @ DW_AT_decl_file
	.short	778                             @ DW_AT_decl_line
	.long	344                             @ DW_AT_type
	.byte	0                               @ End Of Children Mark
	.byte	30                              @ Abbrev [30] 0x885:0x22 DW_TAG_subprogram
	.long	.Linfo_string168                @ DW_AT_name
	.byte	2                               @ DW_AT_decl_file
	.short	1016                            @ DW_AT_decl_line
                                        @ DW_AT_prototyped
                                        @ DW_AT_external
	.byte	1                               @ DW_AT_inline
	.byte	29                              @ Abbrev [29] 0x88e:0xc DW_TAG_formal_parameter
	.long	.Linfo_string12                 @ DW_AT_name
	.byte	2                               @ DW_AT_decl_file
	.short	1016                            @ DW_AT_decl_line
	.long	527                             @ DW_AT_type
	.byte	29                              @ Abbrev [29] 0x89a:0xc DW_TAG_formal_parameter
	.long	.Linfo_string167                @ DW_AT_name
	.byte	2                               @ DW_AT_decl_file
	.short	1016                            @ DW_AT_decl_line
	.long	344                             @ DW_AT_type
	.byte	0                               @ End Of Children Mark
	.byte	31                              @ Abbrev [31] 0x8a7:0xce DW_TAG_subprogram
	.long	.Lfunc_begin0                   @ DW_AT_low_pc
	.long	.Lfunc_end0-.Lfunc_begin0       @ DW_AT_high_pc
	.byte	1                               @ DW_AT_frame_base
	.byte	93
                                        @ DW_AT_GNU_all_call_sites
	.long	.Linfo_string180                @ DW_AT_name
	.byte	2                               @ DW_AT_decl_file
	.short	392                             @ DW_AT_decl_line
                                        @ DW_AT_prototyped
                                        @ DW_AT_external
	.byte	32                              @ Abbrev [32] 0x8b9:0x10 DW_TAG_formal_parameter
	.long	.Ldebug_loc0                    @ DW_AT_location
	.long	.Linfo_string5                  @ DW_AT_name
	.byte	2                               @ DW_AT_decl_file
	.short	392                             @ DW_AT_decl_line
	.long	316                             @ DW_AT_type
	.byte	32                              @ Abbrev [32] 0x8c9:0x10 DW_TAG_formal_parameter
	.long	.Ldebug_loc1                    @ DW_AT_location
	.long	.Linfo_string8                  @ DW_AT_name
	.byte	2                               @ DW_AT_decl_file
	.short	392                             @ DW_AT_decl_line
	.long	344                             @ DW_AT_type
	.byte	32                              @ Abbrev [32] 0x8d9:0x10 DW_TAG_formal_parameter
	.long	.Ldebug_loc2                    @ DW_AT_location
	.long	.Linfo_string12                 @ DW_AT_name
	.byte	2                               @ DW_AT_decl_file
	.short	392                             @ DW_AT_decl_line
	.long	362                             @ DW_AT_type
	.byte	33                              @ Abbrev [33] 0x8e9:0xe DW_TAG_formal_parameter
	.byte	1                               @ DW_AT_location
	.byte	83
	.long	.Linfo_string15                 @ DW_AT_name
	.byte	2                               @ DW_AT_decl_file
	.short	392                             @ DW_AT_decl_line
	.long	396                             @ DW_AT_type
	.byte	32                              @ Abbrev [32] 0x8f7:0x10 DW_TAG_formal_parameter
	.long	.Ldebug_loc3                    @ DW_AT_location
	.long	.Linfo_string16                 @ DW_AT_name
	.byte	2                               @ DW_AT_decl_file
	.short	392                             @ DW_AT_decl_line
	.long	404                             @ DW_AT_type
	.byte	34                              @ Abbrev [34] 0x907:0x10 DW_TAG_variable
	.long	.Ldebug_loc4                    @ DW_AT_location
	.long	.Linfo_string167                @ DW_AT_name
	.byte	2                               @ DW_AT_decl_file
	.short	394                             @ DW_AT_decl_line
	.long	344                             @ DW_AT_type
	.byte	35                              @ Abbrev [35] 0x917:0x11 DW_TAG_inlined_subroutine
	.long	2141                            @ DW_AT_abstract_origin
	.long	.Ltmp5                          @ DW_AT_low_pc
	.long	.Ltmp6-.Ltmp5                   @ DW_AT_high_pc
	.byte	2                               @ DW_AT_call_file
	.short	412                             @ DW_AT_call_line
	.byte	5                               @ DW_AT_call_column
	.byte	35                              @ Abbrev [35] 0x928:0x11 DW_TAG_inlined_subroutine
	.long	2150                            @ DW_AT_abstract_origin
	.long	.Ltmp8                          @ DW_AT_low_pc
	.long	.Ltmp9-.Ltmp8                   @ DW_AT_high_pc
	.byte	2                               @ DW_AT_call_file
	.short	417                             @ DW_AT_call_line
	.byte	9                               @ DW_AT_call_column
	.byte	36                              @ Abbrev [36] 0x939:0x3b DW_TAG_inlined_subroutine
	.long	2181                            @ DW_AT_abstract_origin
	.long	.Ltmp9                          @ DW_AT_low_pc
	.long	.Ltmp12-.Ltmp9                  @ DW_AT_high_pc
	.byte	2                               @ DW_AT_call_file
	.short	423                             @ DW_AT_call_line
	.byte	5                               @ DW_AT_call_column
	.byte	37                              @ Abbrev [37] 0x94a:0x9 DW_TAG_formal_parameter
	.long	.Ldebug_loc5                    @ DW_AT_location
	.long	2190                            @ DW_AT_abstract_origin
	.byte	38                              @ Abbrev [38] 0x953:0x7 DW_TAG_formal_parameter
	.byte	1                               @ DW_AT_location
	.byte	81
	.long	2202                            @ DW_AT_abstract_origin
	.byte	36                              @ Abbrev [36] 0x95a:0x19 DW_TAG_inlined_subroutine
	.long	2159                            @ DW_AT_abstract_origin
	.long	.Ltmp9                          @ DW_AT_low_pc
	.long	.Ltmp10-.Ltmp9                  @ DW_AT_high_pc
	.byte	2                               @ DW_AT_call_file
	.short	1022                            @ DW_AT_call_line
	.byte	5                               @ DW_AT_call_column
	.byte	38                              @ Abbrev [38] 0x96b:0x7 DW_TAG_formal_parameter
	.byte	1                               @ DW_AT_location
	.byte	81
	.long	2168                            @ DW_AT_abstract_origin
	.byte	0                               @ End Of Children Mark
	.byte	0                               @ End Of Children Mark
	.byte	0                               @ End Of Children Mark
	.byte	39                              @ Abbrev [39] 0x975:0x31 DW_TAG_subprogram
	.long	.Lfunc_begin1                   @ DW_AT_low_pc
	.long	.Lfunc_end1-.Lfunc_begin1       @ DW_AT_high_pc
	.byte	1                               @ DW_AT_frame_base
	.byte	93
                                        @ DW_AT_GNU_all_call_sites
	.long	2181                            @ DW_AT_abstract_origin
	.byte	38                              @ Abbrev [38] 0x984:0x7 DW_TAG_formal_parameter
	.byte	1                               @ DW_AT_location
	.byte	80
	.long	2190                            @ DW_AT_abstract_origin
	.byte	37                              @ Abbrev [37] 0x98b:0x9 DW_TAG_formal_parameter
	.long	.Ldebug_loc6                    @ DW_AT_location
	.long	2202                            @ DW_AT_abstract_origin
	.byte	35                              @ Abbrev [35] 0x994:0x11 DW_TAG_inlined_subroutine
	.long	2159                            @ DW_AT_abstract_origin
	.long	.Ltmp15                         @ DW_AT_low_pc
	.long	.Ltmp16-.Ltmp15                 @ DW_AT_high_pc
	.byte	2                               @ DW_AT_call_file
	.short	1022                            @ DW_AT_call_line
	.byte	5                               @ DW_AT_call_column
	.byte	0                               @ End Of Children Mark
	.byte	40                              @ Abbrev [40] 0x9a6:0xd DW_TAG_subprogram
	.long	.Linfo_string169                @ DW_AT_name
	.byte	3                               @ DW_AT_decl_file
	.short	1005                            @ DW_AT_decl_line
                                        @ DW_AT_prototyped
	.long	397                             @ DW_AT_type
	.byte	1                               @ DW_AT_inline
	.byte	28                              @ Abbrev [28] 0x9b3:0x16 DW_TAG_subprogram
	.long	.Linfo_string170                @ DW_AT_name
	.byte	3                               @ DW_AT_decl_file
	.short	1171                            @ DW_AT_decl_line
                                        @ DW_AT_prototyped
	.byte	1                               @ DW_AT_inline
	.byte	29                              @ Abbrev [29] 0x9bc:0xc DW_TAG_formal_parameter
	.long	.Linfo_string5                  @ DW_AT_name
	.byte	3                               @ DW_AT_decl_file
	.short	1171                            @ DW_AT_decl_line
	.long	344                             @ DW_AT_type
	.byte	0                               @ End Of Children Mark
	.byte	40                              @ Abbrev [40] 0x9c9:0xd DW_TAG_subprogram
	.long	.Linfo_string171                @ DW_AT_name
	.byte	3                               @ DW_AT_decl_file
	.short	790                             @ DW_AT_decl_line
                                        @ DW_AT_prototyped
	.long	344                             @ DW_AT_type
	.byte	1                               @ DW_AT_inline
	.byte	41                              @ Abbrev [41] 0x9d6:0xa5 DW_TAG_subprogram
	.long	.Lfunc_begin2                   @ DW_AT_low_pc
	.long	.Lfunc_end2-.Lfunc_begin2       @ DW_AT_high_pc
	.byte	1                               @ DW_AT_frame_base
	.byte	93
                                        @ DW_AT_GNU_all_call_sites
	.long	.Linfo_string181                @ DW_AT_name
	.byte	2                               @ DW_AT_decl_file
	.short	344                             @ DW_AT_decl_line
                                        @ DW_AT_prototyped
	.byte	32                              @ Abbrev [32] 0x9e8:0x10 DW_TAG_formal_parameter
	.long	.Ldebug_loc7                    @ DW_AT_location
	.long	.Linfo_string167                @ DW_AT_name
	.byte	2                               @ DW_AT_decl_file
	.short	344                             @ DW_AT_decl_line
	.long	344                             @ DW_AT_type
	.byte	42                              @ Abbrev [42] 0x9f8:0xc DW_TAG_variable
	.long	.Linfo_string191                @ DW_AT_name
	.byte	2                               @ DW_AT_decl_file
	.short	346                             @ DW_AT_decl_line
	.long	4109                            @ DW_AT_type
	.byte	35                              @ Abbrev [35] 0xa04:0x11 DW_TAG_inlined_subroutine
	.long	2470                            @ DW_AT_abstract_origin
	.long	.Ltmp25                         @ DW_AT_low_pc
	.long	.Ltmp26-.Ltmp25                 @ DW_AT_high_pc
	.byte	2                               @ DW_AT_call_file
	.short	366                             @ DW_AT_call_line
	.byte	38                              @ DW_AT_call_column
	.byte	36                              @ Abbrev [36] 0xa15:0x19 DW_TAG_inlined_subroutine
	.long	2483                            @ DW_AT_abstract_origin
	.long	.Ltmp31                         @ DW_AT_low_pc
	.long	.Ltmp32-.Ltmp31                 @ DW_AT_high_pc
	.byte	2                               @ DW_AT_call_file
	.short	370                             @ DW_AT_call_line
	.byte	9                               @ DW_AT_call_column
	.byte	38                              @ Abbrev [38] 0xa26:0x7 DW_TAG_formal_parameter
	.byte	1                               @ DW_AT_location
	.byte	83
	.long	2492                            @ DW_AT_abstract_origin
	.byte	0                               @ End Of Children Mark
	.byte	35                              @ Abbrev [35] 0xa2e:0x11 DW_TAG_inlined_subroutine
	.long	2141                            @ DW_AT_abstract_origin
	.long	.Ltmp37                         @ DW_AT_low_pc
	.long	.Ltmp38-.Ltmp37                 @ DW_AT_high_pc
	.byte	2                               @ DW_AT_call_file
	.short	353                             @ DW_AT_call_line
	.byte	9                               @ DW_AT_call_column
	.byte	35                              @ Abbrev [35] 0xa3f:0x11 DW_TAG_inlined_subroutine
	.long	2150                            @ DW_AT_abstract_origin
	.long	.Ltmp40                         @ DW_AT_low_pc
	.long	.Ltmp41-.Ltmp40                 @ DW_AT_high_pc
	.byte	2                               @ DW_AT_call_file
	.short	362                             @ DW_AT_call_line
	.byte	9                               @ DW_AT_call_column
	.byte	35                              @ Abbrev [35] 0xa50:0x11 DW_TAG_inlined_subroutine
	.long	2505                            @ DW_AT_abstract_origin
	.long	.Ltmp48                         @ DW_AT_low_pc
	.long	.Ltmp49-.Ltmp48                 @ DW_AT_high_pc
	.byte	2                               @ DW_AT_call_file
	.short	382                             @ DW_AT_call_line
	.byte	30                              @ DW_AT_call_column
	.byte	36                              @ Abbrev [36] 0xa61:0x19 DW_TAG_inlined_subroutine
	.long	2159                            @ DW_AT_abstract_origin
	.long	.Ltmp50                         @ DW_AT_low_pc
	.long	.Ltmp51-.Ltmp50                 @ DW_AT_high_pc
	.byte	2                               @ DW_AT_call_file
	.short	382                             @ DW_AT_call_line
	.byte	13                              @ DW_AT_call_column
	.byte	38                              @ Abbrev [38] 0xa72:0x7 DW_TAG_formal_parameter
	.byte	1                               @ DW_AT_location
	.byte	81
	.long	2168                            @ DW_AT_abstract_origin
	.byte	0                               @ End Of Children Mark
	.byte	0                               @ End Of Children Mark
	.byte	31                              @ Abbrev [31] 0xa7b:0xb1 DW_TAG_subprogram
	.long	.Lfunc_begin3                   @ DW_AT_low_pc
	.long	.Lfunc_end3-.Lfunc_begin3       @ DW_AT_high_pc
	.byte	1                               @ DW_AT_frame_base
	.byte	93
                                        @ DW_AT_GNU_all_call_sites
	.long	.Linfo_string182                @ DW_AT_name
	.byte	2                               @ DW_AT_decl_file
	.short	483                             @ DW_AT_decl_line
                                        @ DW_AT_prototyped
                                        @ DW_AT_external
	.byte	32                              @ Abbrev [32] 0xa8d:0x10 DW_TAG_formal_parameter
	.long	.Ldebug_loc8                    @ DW_AT_location
	.long	.Linfo_string5                  @ DW_AT_name
	.byte	2                               @ DW_AT_decl_file
	.short	483                             @ DW_AT_decl_line
	.long	522                             @ DW_AT_type
	.byte	32                              @ Abbrev [32] 0xa9d:0x10 DW_TAG_formal_parameter
	.long	.Ldebug_loc9                    @ DW_AT_location
	.long	.Linfo_string8                  @ DW_AT_name
	.byte	2                               @ DW_AT_decl_file
	.short	483                             @ DW_AT_decl_line
	.long	344                             @ DW_AT_type
	.byte	33                              @ Abbrev [33] 0xaad:0xe DW_TAG_formal_parameter
	.byte	1                               @ DW_AT_location
	.byte	82
	.long	.Linfo_string12                 @ DW_AT_name
	.byte	2                               @ DW_AT_decl_file
	.short	483                             @ DW_AT_decl_line
	.long	362                             @ DW_AT_type
	.byte	33                              @ Abbrev [33] 0xabb:0xe DW_TAG_formal_parameter
	.byte	1                               @ DW_AT_location
	.byte	83
	.long	.Linfo_string15                 @ DW_AT_name
	.byte	2                               @ DW_AT_decl_file
	.short	483                             @ DW_AT_decl_line
	.long	396                             @ DW_AT_type
	.byte	33                              @ Abbrev [33] 0xac9:0xf DW_TAG_formal_parameter
	.byte	2                               @ DW_AT_location
	.byte	145
	.byte	16
	.long	.Linfo_string16                 @ DW_AT_name
	.byte	2                               @ DW_AT_decl_file
	.short	483                             @ DW_AT_decl_line
	.long	404                             @ DW_AT_type
	.byte	43                              @ Abbrev [43] 0xad8:0xd DW_TAG_variable
	.byte	84                              @ DW_AT_const_value
	.long	.Linfo_string167                @ DW_AT_name
	.byte	2                               @ DW_AT_decl_file
	.short	485                             @ DW_AT_decl_line
	.long	344                             @ DW_AT_type
	.byte	44                              @ Abbrev [44] 0xae5:0x35 DW_TAG_inlined_subroutine
	.long	2181                            @ DW_AT_abstract_origin
	.long	.Ldebug_ranges0                 @ DW_AT_ranges
	.byte	2                               @ DW_AT_call_file
	.short	500                             @ DW_AT_call_line
	.byte	5                               @ DW_AT_call_column
	.byte	37                              @ Abbrev [37] 0xaf2:0x9 DW_TAG_formal_parameter
	.long	.Ldebug_loc10                   @ DW_AT_location
	.long	2190                            @ DW_AT_abstract_origin
	.byte	45                              @ Abbrev [45] 0xafb:0x6 DW_TAG_formal_parameter
	.byte	84                              @ DW_AT_const_value
	.long	2202                            @ DW_AT_abstract_origin
	.byte	36                              @ Abbrev [36] 0xb01:0x18 DW_TAG_inlined_subroutine
	.long	2159                            @ DW_AT_abstract_origin
	.long	.Ltmp60                         @ DW_AT_low_pc
	.long	.Ltmp61-.Ltmp60                 @ DW_AT_high_pc
	.byte	2                               @ DW_AT_call_file
	.short	1022                            @ DW_AT_call_line
	.byte	5                               @ DW_AT_call_column
	.byte	45                              @ Abbrev [45] 0xb12:0x6 DW_TAG_formal_parameter
	.byte	84                              @ DW_AT_const_value
	.long	2168                            @ DW_AT_abstract_origin
	.byte	0                               @ End Of Children Mark
	.byte	0                               @ End Of Children Mark
	.byte	35                              @ Abbrev [35] 0xb1a:0x11 DW_TAG_inlined_subroutine
	.long	2141                            @ DW_AT_abstract_origin
	.long	.Ltmp58                         @ DW_AT_low_pc
	.long	.Ltmp60-.Ltmp58                 @ DW_AT_high_pc
	.byte	2                               @ DW_AT_call_file
	.short	497                             @ DW_AT_call_line
	.byte	5                               @ DW_AT_call_column
	.byte	0                               @ End Of Children Mark
	.byte	40                              @ Abbrev [40] 0xb2c:0xd DW_TAG_subprogram
	.long	.Linfo_string172                @ DW_AT_name
	.byte	3                               @ DW_AT_decl_file
	.short	1083                            @ DW_AT_decl_line
                                        @ DW_AT_prototyped
	.long	344                             @ DW_AT_type
	.byte	1                               @ DW_AT_inline
	.byte	40                              @ Abbrev [40] 0xb39:0xd DW_TAG_subprogram
	.long	.Linfo_string173                @ DW_AT_name
	.byte	3                               @ DW_AT_decl_file
	.short	1192                            @ DW_AT_decl_line
                                        @ DW_AT_prototyped
	.long	326                             @ DW_AT_type
	.byte	1                               @ DW_AT_inline
	.byte	41                              @ Abbrev [41] 0xb46:0x8c DW_TAG_subprogram
	.long	.Lfunc_begin4                   @ DW_AT_low_pc
	.long	.Lfunc_end4-.Lfunc_begin4       @ DW_AT_high_pc
	.byte	1                               @ DW_AT_frame_base
	.byte	93
                                        @ DW_AT_GNU_all_call_sites
	.long	.Linfo_string183                @ DW_AT_name
	.byte	2                               @ DW_AT_decl_file
	.short	440                             @ DW_AT_decl_line
                                        @ DW_AT_prototyped
	.byte	32                              @ Abbrev [32] 0xb58:0x10 DW_TAG_formal_parameter
	.long	.Ldebug_loc11                   @ DW_AT_location
	.long	.Linfo_string167                @ DW_AT_name
	.byte	2                               @ DW_AT_decl_file
	.short	440                             @ DW_AT_decl_line
	.long	344                             @ DW_AT_type
	.byte	42                              @ Abbrev [42] 0xb68:0xc DW_TAG_variable
	.long	.Linfo_string192                @ DW_AT_name
	.byte	2                               @ DW_AT_decl_file
	.short	442                             @ DW_AT_decl_line
	.long	4114                            @ DW_AT_type
	.byte	35                              @ Abbrev [35] 0xb74:0x11 DW_TAG_inlined_subroutine
	.long	2470                            @ DW_AT_abstract_origin
	.long	.Ltmp68                         @ DW_AT_low_pc
	.long	.Ltmp69-.Ltmp68                 @ DW_AT_high_pc
	.byte	2                               @ DW_AT_call_file
	.short	453                             @ DW_AT_call_line
	.byte	36                              @ DW_AT_call_column
	.byte	36                              @ Abbrev [36] 0xb85:0x19 DW_TAG_inlined_subroutine
	.long	2483                            @ DW_AT_abstract_origin
	.long	.Ltmp75                         @ DW_AT_low_pc
	.long	.Ltmp76-.Ltmp75                 @ DW_AT_high_pc
	.byte	2                               @ DW_AT_call_file
	.short	457                             @ DW_AT_call_line
	.byte	9                               @ DW_AT_call_column
	.byte	38                              @ Abbrev [38] 0xb96:0x7 DW_TAG_formal_parameter
	.byte	1                               @ DW_AT_location
	.byte	86
	.long	2492                            @ DW_AT_abstract_origin
	.byte	0                               @ End Of Children Mark
	.byte	35                              @ Abbrev [35] 0xb9e:0x11 DW_TAG_inlined_subroutine
	.long	2141                            @ DW_AT_abstract_origin
	.long	.Ltmp79                         @ DW_AT_low_pc
	.long	.Ltmp80-.Ltmp79                 @ DW_AT_high_pc
	.byte	2                               @ DW_AT_call_file
	.short	449                             @ DW_AT_call_line
	.byte	9                               @ DW_AT_call_column
	.byte	35                              @ Abbrev [35] 0xbaf:0x11 DW_TAG_inlined_subroutine
	.long	2860                            @ DW_AT_abstract_origin
	.long	.Ltmp83                         @ DW_AT_low_pc
	.long	.Ltmp84-.Ltmp83                 @ DW_AT_high_pc
	.byte	2                               @ DW_AT_call_file
	.short	463                             @ DW_AT_call_line
	.byte	37                              @ DW_AT_call_column
	.byte	35                              @ Abbrev [35] 0xbc0:0x11 DW_TAG_inlined_subroutine
	.long	2873                            @ DW_AT_abstract_origin
	.long	.Ltmp85                         @ DW_AT_low_pc
	.long	.Ltmp86-.Ltmp85                 @ DW_AT_high_pc
	.byte	2                               @ DW_AT_call_file
	.short	466                             @ DW_AT_call_line
	.byte	31                              @ DW_AT_call_column
	.byte	0                               @ End Of Children Mark
	.byte	31                              @ Abbrev [31] 0xbd2:0x94 DW_TAG_subprogram
	.long	.Lfunc_begin5                   @ DW_AT_low_pc
	.long	.Lfunc_end5-.Lfunc_begin5       @ DW_AT_high_pc
	.byte	1                               @ DW_AT_frame_base
	.byte	93
                                        @ DW_AT_GNU_all_call_sites
	.long	.Linfo_string184                @ DW_AT_name
	.byte	2                               @ DW_AT_decl_file
	.short	591                             @ DW_AT_decl_line
                                        @ DW_AT_prototyped
                                        @ DW_AT_external
	.byte	32                              @ Abbrev [32] 0xbe4:0x10 DW_TAG_formal_parameter
	.long	.Ldebug_loc12                   @ DW_AT_location
	.long	.Linfo_string5                  @ DW_AT_name
	.byte	2                               @ DW_AT_decl_file
	.short	591                             @ DW_AT_decl_line
	.long	522                             @ DW_AT_type
	.byte	32                              @ Abbrev [32] 0xbf4:0x10 DW_TAG_formal_parameter
	.long	.Ldebug_loc13                   @ DW_AT_location
	.long	.Linfo_string8                  @ DW_AT_name
	.byte	2                               @ DW_AT_decl_file
	.short	591                             @ DW_AT_decl_line
	.long	344                             @ DW_AT_type
	.byte	33                              @ Abbrev [33] 0xc04:0xe DW_TAG_formal_parameter
	.byte	1                               @ DW_AT_location
	.byte	82
	.long	.Linfo_string12                 @ DW_AT_name
	.byte	2                               @ DW_AT_decl_file
	.short	591                             @ DW_AT_decl_line
	.long	362                             @ DW_AT_type
	.byte	33                              @ Abbrev [33] 0xc12:0xe DW_TAG_formal_parameter
	.byte	1                               @ DW_AT_location
	.byte	83
	.long	.Linfo_string15                 @ DW_AT_name
	.byte	2                               @ DW_AT_decl_file
	.short	591                             @ DW_AT_decl_line
	.long	396                             @ DW_AT_type
	.byte	43                              @ Abbrev [43] 0xc20:0xe DW_TAG_variable
	.ascii	"\206\004"                      @ DW_AT_const_value
	.long	.Linfo_string167                @ DW_AT_name
	.byte	2                               @ DW_AT_decl_file
	.short	593                             @ DW_AT_decl_line
	.long	344                             @ DW_AT_type
	.byte	44                              @ Abbrev [44] 0xc2e:0x37 DW_TAG_inlined_subroutine
	.long	2181                            @ DW_AT_abstract_origin
	.long	.Ldebug_ranges1                 @ DW_AT_ranges
	.byte	2                               @ DW_AT_call_file
	.short	603                             @ DW_AT_call_line
	.byte	5                               @ DW_AT_call_column
	.byte	37                              @ Abbrev [37] 0xc3b:0x9 DW_TAG_formal_parameter
	.long	.Ldebug_loc14                   @ DW_AT_location
	.long	2190                            @ DW_AT_abstract_origin
	.byte	45                              @ Abbrev [45] 0xc44:0x7 DW_TAG_formal_parameter
	.ascii	"\206\004"                      @ DW_AT_const_value
	.long	2202                            @ DW_AT_abstract_origin
	.byte	36                              @ Abbrev [36] 0xc4b:0x19 DW_TAG_inlined_subroutine
	.long	2159                            @ DW_AT_abstract_origin
	.long	.Ltmp100                        @ DW_AT_low_pc
	.long	.Ltmp101-.Ltmp100               @ DW_AT_high_pc
	.byte	2                               @ DW_AT_call_file
	.short	1022                            @ DW_AT_call_line
	.byte	5                               @ DW_AT_call_column
	.byte	45                              @ Abbrev [45] 0xc5c:0x7 DW_TAG_formal_parameter
	.ascii	"\206\004"                      @ DW_AT_const_value
	.long	2168                            @ DW_AT_abstract_origin
	.byte	0                               @ End Of Children Mark
	.byte	0                               @ End Of Children Mark
	.byte	0                               @ End Of Children Mark
	.byte	27                              @ Abbrev [27] 0xc66:0x9 DW_TAG_subprogram
	.long	.Linfo_string174                @ DW_AT_name
	.byte	3                               @ DW_AT_decl_file
	.short	856                             @ DW_AT_decl_line
                                        @ DW_AT_prototyped
	.byte	1                               @ DW_AT_inline
	.byte	41                              @ Abbrev [41] 0xc6f:0x73 DW_TAG_subprogram
	.long	.Lfunc_begin6                   @ DW_AT_low_pc
	.long	.Lfunc_end6-.Lfunc_begin6       @ DW_AT_high_pc
	.byte	1                               @ DW_AT_frame_base
	.byte	93
                                        @ DW_AT_GNU_all_call_sites
	.long	.Linfo_string185                @ DW_AT_name
	.byte	2                               @ DW_AT_decl_file
	.short	561                             @ DW_AT_decl_line
                                        @ DW_AT_prototyped
	.byte	32                              @ Abbrev [32] 0xc81:0x10 DW_TAG_formal_parameter
	.long	.Ldebug_loc15                   @ DW_AT_location
	.long	.Linfo_string167                @ DW_AT_name
	.byte	2                               @ DW_AT_decl_file
	.short	561                             @ DW_AT_decl_line
	.long	344                             @ DW_AT_type
	.byte	42                              @ Abbrev [42] 0xc91:0xc DW_TAG_variable
	.long	.Linfo_string192                @ DW_AT_name
	.byte	2                               @ DW_AT_decl_file
	.short	563                             @ DW_AT_decl_line
	.long	4114                            @ DW_AT_type
	.byte	35                              @ Abbrev [35] 0xc9d:0x11 DW_TAG_inlined_subroutine
	.long	3174                            @ DW_AT_abstract_origin
	.long	.Ltmp107                        @ DW_AT_low_pc
	.long	.Ltmp108-.Ltmp107               @ DW_AT_high_pc
	.byte	2                               @ DW_AT_call_file
	.short	570                             @ DW_AT_call_line
	.byte	9                               @ DW_AT_call_column
	.byte	35                              @ Abbrev [35] 0xcae:0x11 DW_TAG_inlined_subroutine
	.long	2150                            @ DW_AT_abstract_origin
	.long	.Ltmp121                        @ DW_AT_low_pc
	.long	.Ltmp122-.Ltmp121               @ DW_AT_high_pc
	.byte	2                               @ DW_AT_call_file
	.short	586                             @ DW_AT_call_line
	.byte	9                               @ DW_AT_call_column
	.byte	35                              @ Abbrev [35] 0xcbf:0x11 DW_TAG_inlined_subroutine
	.long	2860                            @ DW_AT_abstract_origin
	.long	.Ltmp110                        @ DW_AT_low_pc
	.long	.Ltmp111-.Ltmp110               @ DW_AT_high_pc
	.byte	2                               @ DW_AT_call_file
	.short	573                             @ DW_AT_call_line
	.byte	12                              @ DW_AT_call_column
	.byte	35                              @ Abbrev [35] 0xcd0:0x11 DW_TAG_inlined_subroutine
	.long	2873                            @ DW_AT_abstract_origin
	.long	.Ltmp113                        @ DW_AT_low_pc
	.long	.Ltmp114-.Ltmp113               @ DW_AT_high_pc
	.byte	2                               @ DW_AT_call_file
	.short	576                             @ DW_AT_call_line
	.byte	31                              @ DW_AT_call_column
	.byte	0                               @ End Of Children Mark
	.byte	31                              @ Abbrev [31] 0xce2:0xa5 DW_TAG_subprogram
	.long	.Lfunc_begin7                   @ DW_AT_low_pc
	.long	.Lfunc_end7-.Lfunc_begin7       @ DW_AT_high_pc
	.byte	1                               @ DW_AT_frame_base
	.byte	93
                                        @ DW_AT_GNU_all_call_sites
	.long	.Linfo_string186                @ DW_AT_name
	.byte	2                               @ DW_AT_decl_file
	.short	664                             @ DW_AT_decl_line
                                        @ DW_AT_prototyped
                                        @ DW_AT_external
	.byte	32                              @ Abbrev [32] 0xcf4:0x10 DW_TAG_formal_parameter
	.long	.Ldebug_loc16                   @ DW_AT_location
	.long	.Linfo_string5                  @ DW_AT_name
	.byte	2                               @ DW_AT_decl_file
	.short	664                             @ DW_AT_decl_line
	.long	316                             @ DW_AT_type
	.byte	32                              @ Abbrev [32] 0xd04:0x10 DW_TAG_formal_parameter
	.long	.Ldebug_loc17                   @ DW_AT_location
	.long	.Linfo_string8                  @ DW_AT_name
	.byte	2                               @ DW_AT_decl_file
	.short	664                             @ DW_AT_decl_line
	.long	344                             @ DW_AT_type
	.byte	33                              @ Abbrev [33] 0xd14:0xe DW_TAG_formal_parameter
	.byte	1                               @ DW_AT_location
	.byte	82
	.long	.Linfo_string12                 @ DW_AT_name
	.byte	2                               @ DW_AT_decl_file
	.short	664                             @ DW_AT_decl_line
	.long	362                             @ DW_AT_type
	.byte	33                              @ Abbrev [33] 0xd22:0xe DW_TAG_formal_parameter
	.byte	1                               @ DW_AT_location
	.byte	83
	.long	.Linfo_string15                 @ DW_AT_name
	.byte	2                               @ DW_AT_decl_file
	.short	664                             @ DW_AT_decl_line
	.long	396                             @ DW_AT_type
	.byte	43                              @ Abbrev [43] 0xd30:0xe DW_TAG_variable
	.ascii	"\346\005"                      @ DW_AT_const_value
	.long	.Linfo_string167                @ DW_AT_name
	.byte	2                               @ DW_AT_decl_file
	.short	666                             @ DW_AT_decl_line
	.long	344                             @ DW_AT_type
	.byte	44                              @ Abbrev [44] 0xd3e:0x37 DW_TAG_inlined_subroutine
	.long	2181                            @ DW_AT_abstract_origin
	.long	.Ldebug_ranges2                 @ DW_AT_ranges
	.byte	2                               @ DW_AT_call_file
	.short	679                             @ DW_AT_call_line
	.byte	5                               @ DW_AT_call_column
	.byte	37                              @ Abbrev [37] 0xd4b:0x9 DW_TAG_formal_parameter
	.long	.Ldebug_loc18                   @ DW_AT_location
	.long	2190                            @ DW_AT_abstract_origin
	.byte	45                              @ Abbrev [45] 0xd54:0x7 DW_TAG_formal_parameter
	.ascii	"\346\005"                      @ DW_AT_const_value
	.long	2202                            @ DW_AT_abstract_origin
	.byte	36                              @ Abbrev [36] 0xd5b:0x19 DW_TAG_inlined_subroutine
	.long	2159                            @ DW_AT_abstract_origin
	.long	.Ltmp130                        @ DW_AT_low_pc
	.long	.Ltmp131-.Ltmp130               @ DW_AT_high_pc
	.byte	2                               @ DW_AT_call_file
	.short	1022                            @ DW_AT_call_line
	.byte	5                               @ DW_AT_call_column
	.byte	45                              @ Abbrev [45] 0xd6c:0x7 DW_TAG_formal_parameter
	.ascii	"\346\005"                      @ DW_AT_const_value
	.long	2168                            @ DW_AT_abstract_origin
	.byte	0                               @ End Of Children Mark
	.byte	0                               @ End Of Children Mark
	.byte	35                              @ Abbrev [35] 0xd75:0x11 DW_TAG_inlined_subroutine
	.long	2141                            @ DW_AT_abstract_origin
	.long	.Ltmp129                        @ DW_AT_low_pc
	.long	.Ltmp130-.Ltmp129               @ DW_AT_high_pc
	.byte	2                               @ DW_AT_call_file
	.short	676                             @ DW_AT_call_line
	.byte	5                               @ DW_AT_call_column
	.byte	0                               @ End Of Children Mark
	.byte	41                              @ Abbrev [41] 0xd87:0x7b DW_TAG_subprogram
	.long	.Lfunc_begin8                   @ DW_AT_low_pc
	.long	.Lfunc_end8-.Lfunc_begin8       @ DW_AT_high_pc
	.byte	1                               @ DW_AT_frame_base
	.byte	93
                                        @ DW_AT_GNU_all_call_sites
	.long	.Linfo_string187                @ DW_AT_name
	.byte	2                               @ DW_AT_decl_file
	.short	606                             @ DW_AT_decl_line
                                        @ DW_AT_prototyped
	.byte	32                              @ Abbrev [32] 0xd99:0x10 DW_TAG_formal_parameter
	.long	.Ldebug_loc19                   @ DW_AT_location
	.long	.Linfo_string167                @ DW_AT_name
	.byte	2                               @ DW_AT_decl_file
	.short	606                             @ DW_AT_decl_line
	.long	344                             @ DW_AT_type
	.byte	42                              @ Abbrev [42] 0xda9:0xc DW_TAG_variable
	.long	.Linfo_string191                @ DW_AT_name
	.byte	2                               @ DW_AT_decl_file
	.short	608                             @ DW_AT_decl_line
	.long	4109                            @ DW_AT_type
	.byte	35                              @ Abbrev [35] 0xdb5:0x11 DW_TAG_inlined_subroutine
	.long	2141                            @ DW_AT_abstract_origin
	.long	.Ltmp137                        @ DW_AT_low_pc
	.long	.Ltmp138-.Ltmp137               @ DW_AT_high_pc
	.byte	2                               @ DW_AT_call_file
	.short	615                             @ DW_AT_call_line
	.byte	9                               @ DW_AT_call_column
	.byte	35                              @ Abbrev [35] 0xdc6:0x11 DW_TAG_inlined_subroutine
	.long	3174                            @ DW_AT_abstract_origin
	.long	.Ltmp142                        @ DW_AT_low_pc
	.long	.Ltmp143-.Ltmp142               @ DW_AT_high_pc
	.byte	2                               @ DW_AT_call_file
	.short	623                             @ DW_AT_call_line
	.byte	9                               @ DW_AT_call_column
	.byte	35                              @ Abbrev [35] 0xdd7:0x11 DW_TAG_inlined_subroutine
	.long	2470                            @ DW_AT_abstract_origin
	.long	.Ltmp151                        @ DW_AT_low_pc
	.long	.Ltmp152-.Ltmp151               @ DW_AT_high_pc
	.byte	2                               @ DW_AT_call_file
	.short	652                             @ DW_AT_call_line
	.byte	43                              @ DW_AT_call_column
	.byte	36                              @ Abbrev [36] 0xde8:0x19 DW_TAG_inlined_subroutine
	.long	2483                            @ DW_AT_abstract_origin
	.long	.Ltmp154                        @ DW_AT_low_pc
	.long	.Ltmp155-.Ltmp154               @ DW_AT_high_pc
	.byte	2                               @ DW_AT_call_file
	.short	655                             @ DW_AT_call_line
	.byte	17                              @ DW_AT_call_column
	.byte	38                              @ Abbrev [38] 0xdf9:0x7 DW_TAG_formal_parameter
	.byte	1                               @ DW_AT_location
	.byte	81
	.long	2492                            @ DW_AT_abstract_origin
	.byte	0                               @ End Of Children Mark
	.byte	0                               @ End Of Children Mark
	.byte	28                              @ Abbrev [28] 0xe02:0x16 DW_TAG_subprogram
	.long	.Linfo_string175                @ DW_AT_name
	.byte	5                               @ DW_AT_decl_file
	.short	832                             @ DW_AT_decl_line
                                        @ DW_AT_prototyped
	.byte	1                               @ DW_AT_inline
	.byte	29                              @ Abbrev [29] 0xe0b:0xc DW_TAG_formal_parameter
	.long	.Linfo_string154                @ DW_AT_name
	.byte	5                               @ DW_AT_decl_file
	.short	832                             @ DW_AT_decl_line
	.long	3608                            @ DW_AT_type
	.byte	0                               @ End Of Children Mark
	.byte	3                               @ Abbrev [3] 0xe18:0xb DW_TAG_typedef
	.long	1711                            @ DW_AT_type
	.long	.Linfo_string176                @ DW_AT_name
	.byte	4                               @ DW_AT_decl_file
	.byte	130                             @ DW_AT_decl_line
	.byte	39                              @ Abbrev [39] 0xe23:0x5e DW_TAG_subprogram
	.long	.Lfunc_begin9                   @ DW_AT_low_pc
	.long	.Lfunc_end9-.Lfunc_begin9       @ DW_AT_high_pc
	.byte	1                               @ DW_AT_frame_base
	.byte	93
                                        @ DW_AT_GNU_all_call_sites
	.long	3834                            @ DW_AT_abstract_origin
	.byte	36                              @ Abbrev [36] 0xe32:0x36 DW_TAG_inlined_subroutine
	.long	2181                            @ DW_AT_abstract_origin
	.long	.Ltmp167                        @ DW_AT_low_pc
	.long	.Ltmp169-.Ltmp167               @ DW_AT_high_pc
	.byte	2                               @ DW_AT_call_file
	.short	1027                            @ DW_AT_call_line
	.byte	5                               @ DW_AT_call_column
	.byte	45                              @ Abbrev [45] 0xe43:0x6 DW_TAG_formal_parameter
	.byte	0                               @ DW_AT_const_value
	.long	2190                            @ DW_AT_abstract_origin
	.byte	45                              @ Abbrev [45] 0xe49:0x6 DW_TAG_formal_parameter
	.byte	0                               @ DW_AT_const_value
	.long	2202                            @ DW_AT_abstract_origin
	.byte	36                              @ Abbrev [36] 0xe4f:0x18 DW_TAG_inlined_subroutine
	.long	2159                            @ DW_AT_abstract_origin
	.long	.Ltmp167                        @ DW_AT_low_pc
	.long	.Ltmp168-.Ltmp167               @ DW_AT_high_pc
	.byte	2                               @ DW_AT_call_file
	.short	1022                            @ DW_AT_call_line
	.byte	5                               @ DW_AT_call_column
	.byte	45                              @ Abbrev [45] 0xe60:0x6 DW_TAG_formal_parameter
	.byte	0                               @ DW_AT_const_value
	.long	2168                            @ DW_AT_abstract_origin
	.byte	0                               @ End Of Children Mark
	.byte	0                               @ End Of Children Mark
	.byte	36                              @ Abbrev [36] 0xe68:0x18 DW_TAG_inlined_subroutine
	.long	3586                            @ DW_AT_abstract_origin
	.long	.Ltmp169                        @ DW_AT_low_pc
	.long	.Ltmp170-.Ltmp169               @ DW_AT_high_pc
	.byte	2                               @ DW_AT_call_file
	.short	1030                            @ DW_AT_call_line
	.byte	5                               @ DW_AT_call_column
	.byte	46                              @ Abbrev [46] 0xe79:0x6 DW_TAG_formal_parameter
	.byte	4                               @ DW_AT_const_value
	.long	3595                            @ DW_AT_abstract_origin
	.byte	0                               @ End Of Children Mark
	.byte	0                               @ End Of Children Mark
	.byte	28                              @ Abbrev [28] 0xe81:0x16 DW_TAG_subprogram
	.long	.Linfo_string177                @ DW_AT_name
	.byte	2                               @ DW_AT_decl_file
	.short	1034                            @ DW_AT_decl_line
                                        @ DW_AT_prototyped
	.byte	1                               @ DW_AT_inline
	.byte	29                              @ Abbrev [29] 0xe8a:0xc DW_TAG_formal_parameter
	.long	.Linfo_string167                @ DW_AT_name
	.byte	2                               @ DW_AT_decl_file
	.short	1034                            @ DW_AT_decl_line
	.long	344                             @ DW_AT_type
	.byte	0                               @ End Of Children Mark
	.byte	40                              @ Abbrev [40] 0xe97:0xd DW_TAG_subprogram
	.long	.Linfo_string178                @ DW_AT_name
	.byte	3                               @ DW_AT_decl_file
	.short	805                             @ DW_AT_decl_line
                                        @ DW_AT_prototyped
	.long	344                             @ DW_AT_type
	.byte	1                               @ DW_AT_inline
	.byte	31                              @ Abbrev [31] 0xea4:0x56 DW_TAG_subprogram
	.long	.Lfunc_begin10                  @ DW_AT_low_pc
	.long	.Lfunc_end10-.Lfunc_begin10     @ DW_AT_high_pc
	.byte	1                               @ DW_AT_frame_base
	.byte	93
                                        @ DW_AT_GNU_all_call_sites
	.long	.Linfo_string188                @ DW_AT_name
	.byte	2                               @ DW_AT_decl_file
	.short	1048                            @ DW_AT_decl_line
                                        @ DW_AT_prototyped
                                        @ DW_AT_external
	.byte	42                              @ Abbrev [42] 0xeb6:0xc DW_TAG_variable
	.long	.Linfo_string167                @ DW_AT_name
	.byte	2                               @ DW_AT_decl_file
	.short	1051                            @ DW_AT_decl_line
	.long	344                             @ DW_AT_type
	.byte	44                              @ Abbrev [44] 0xec2:0x26 DW_TAG_inlined_subroutine
	.long	3713                            @ DW_AT_abstract_origin
	.long	.Ldebug_ranges3                 @ DW_AT_ranges
	.byte	2                               @ DW_AT_call_file
	.short	1053                            @ DW_AT_call_line
	.byte	5                               @ DW_AT_call_column
	.byte	36                              @ Abbrev [36] 0xecf:0x18 DW_TAG_inlined_subroutine
	.long	3586                            @ DW_AT_abstract_origin
	.long	.Ltmp178                        @ DW_AT_low_pc
	.long	.Ltmp179-.Ltmp178               @ DW_AT_high_pc
	.byte	2                               @ DW_AT_call_file
	.short	1044                            @ DW_AT_call_line
	.byte	9                               @ DW_AT_call_column
	.byte	46                              @ Abbrev [46] 0xee0:0x6 DW_TAG_formal_parameter
	.byte	4                               @ DW_AT_const_value
	.long	3595                            @ DW_AT_abstract_origin
	.byte	0                               @ End Of Children Mark
	.byte	0                               @ End Of Children Mark
	.byte	35                              @ Abbrev [35] 0xee8:0x11 DW_TAG_inlined_subroutine
	.long	3735                            @ DW_AT_abstract_origin
	.long	.Ltmp174                        @ DW_AT_low_pc
	.long	.Ltmp175-.Ltmp174               @ DW_AT_high_pc
	.byte	2                               @ DW_AT_call_file
	.short	1051                            @ DW_AT_call_line
	.byte	21                              @ DW_AT_call_column
	.byte	0                               @ End Of Children Mark
	.byte	47                              @ Abbrev [47] 0xefa:0x9 DW_TAG_subprogram
	.long	.Linfo_string179                @ DW_AT_name
	.byte	2                               @ DW_AT_decl_file
	.short	1025                            @ DW_AT_decl_line
                                        @ DW_AT_prototyped
                                        @ DW_AT_external
	.byte	1                               @ DW_AT_inline
	.byte	41                              @ Abbrev [41] 0xf03:0x85 DW_TAG_subprogram
	.long	.Lfunc_begin11                  @ DW_AT_low_pc
	.long	.Lfunc_end11-.Lfunc_begin11     @ DW_AT_high_pc
	.byte	1                               @ DW_AT_frame_base
	.byte	93
                                        @ DW_AT_GNU_all_call_sites
	.long	.Linfo_string189                @ DW_AT_name
	.byte	2                               @ DW_AT_decl_file
	.short	330                             @ DW_AT_decl_line
                                        @ DW_AT_prototyped
	.byte	32                              @ Abbrev [32] 0xf15:0x10 DW_TAG_formal_parameter
	.long	.Ldebug_loc20                   @ DW_AT_location
	.long	.Linfo_string193                @ DW_AT_name
	.byte	2                               @ DW_AT_decl_file
	.short	330                             @ DW_AT_decl_line
	.long	397                             @ DW_AT_type
	.byte	44                              @ Abbrev [44] 0xf25:0x62 DW_TAG_inlined_subroutine
	.long	3834                            @ DW_AT_abstract_origin
	.long	.Ldebug_ranges4                 @ DW_AT_ranges
	.byte	2                               @ DW_AT_call_file
	.short	333                             @ DW_AT_call_line
	.byte	5                               @ DW_AT_call_column
	.byte	36                              @ Abbrev [36] 0xf32:0x3c DW_TAG_inlined_subroutine
	.long	2181                            @ DW_AT_abstract_origin
	.long	.Ltmp183                        @ DW_AT_low_pc
	.long	.Ltmp185-.Ltmp183               @ DW_AT_high_pc
	.byte	2                               @ DW_AT_call_file
	.short	1027                            @ DW_AT_call_line
	.byte	5                               @ DW_AT_call_column
	.byte	37                              @ Abbrev [37] 0xf43:0x9 DW_TAG_formal_parameter
	.long	.Ldebug_loc22                   @ DW_AT_location
	.long	2190                            @ DW_AT_abstract_origin
	.byte	37                              @ Abbrev [37] 0xf4c:0x9 DW_TAG_formal_parameter
	.long	.Ldebug_loc21                   @ DW_AT_location
	.long	2202                            @ DW_AT_abstract_origin
	.byte	36                              @ Abbrev [36] 0xf55:0x18 DW_TAG_inlined_subroutine
	.long	2159                            @ DW_AT_abstract_origin
	.long	.Ltmp183                        @ DW_AT_low_pc
	.long	.Ltmp184-.Ltmp183               @ DW_AT_high_pc
	.byte	2                               @ DW_AT_call_file
	.short	1022                            @ DW_AT_call_line
	.byte	5                               @ DW_AT_call_column
	.byte	45                              @ Abbrev [45] 0xf66:0x6 DW_TAG_formal_parameter
	.byte	0                               @ DW_AT_const_value
	.long	2168                            @ DW_AT_abstract_origin
	.byte	0                               @ End Of Children Mark
	.byte	0                               @ End Of Children Mark
	.byte	36                              @ Abbrev [36] 0xf6e:0x18 DW_TAG_inlined_subroutine
	.long	3586                            @ DW_AT_abstract_origin
	.long	.Ltmp186                        @ DW_AT_low_pc
	.long	.Ltmp187-.Ltmp186               @ DW_AT_high_pc
	.byte	2                               @ DW_AT_call_file
	.short	1030                            @ DW_AT_call_line
	.byte	5                               @ DW_AT_call_column
	.byte	46                              @ Abbrev [46] 0xf7f:0x6 DW_TAG_formal_parameter
	.byte	4                               @ DW_AT_const_value
	.long	3595                            @ DW_AT_abstract_origin
	.byte	0                               @ End Of Children Mark
	.byte	0                               @ End Of Children Mark
	.byte	0                               @ End Of Children Mark
	.byte	41                              @ Abbrev [41] 0xf88:0x85 DW_TAG_subprogram
	.long	.Lfunc_begin12                  @ DW_AT_low_pc
	.long	.Lfunc_end12-.Lfunc_begin12     @ DW_AT_high_pc
	.byte	1                               @ DW_AT_frame_base
	.byte	93
                                        @ DW_AT_GNU_all_call_sites
	.long	.Linfo_string190                @ DW_AT_name
	.byte	2                               @ DW_AT_decl_file
	.short	426                             @ DW_AT_decl_line
                                        @ DW_AT_prototyped
	.byte	32                              @ Abbrev [32] 0xf9a:0x10 DW_TAG_formal_parameter
	.long	.Ldebug_loc23                   @ DW_AT_location
	.long	.Linfo_string193                @ DW_AT_name
	.byte	2                               @ DW_AT_decl_file
	.short	426                             @ DW_AT_decl_line
	.long	397                             @ DW_AT_type
	.byte	44                              @ Abbrev [44] 0xfaa:0x62 DW_TAG_inlined_subroutine
	.long	3834                            @ DW_AT_abstract_origin
	.long	.Ldebug_ranges5                 @ DW_AT_ranges
	.byte	2                               @ DW_AT_call_file
	.short	429                             @ DW_AT_call_line
	.byte	5                               @ DW_AT_call_column
	.byte	36                              @ Abbrev [36] 0xfb7:0x3c DW_TAG_inlined_subroutine
	.long	2181                            @ DW_AT_abstract_origin
	.long	.Ltmp194                        @ DW_AT_low_pc
	.long	.Ltmp196-.Ltmp194               @ DW_AT_high_pc
	.byte	2                               @ DW_AT_call_file
	.short	1027                            @ DW_AT_call_line
	.byte	5                               @ DW_AT_call_column
	.byte	37                              @ Abbrev [37] 0xfc8:0x9 DW_TAG_formal_parameter
	.long	.Ldebug_loc25                   @ DW_AT_location
	.long	2190                            @ DW_AT_abstract_origin
	.byte	37                              @ Abbrev [37] 0xfd1:0x9 DW_TAG_formal_parameter
	.long	.Ldebug_loc24                   @ DW_AT_location
	.long	2202                            @ DW_AT_abstract_origin
	.byte	36                              @ Abbrev [36] 0xfda:0x18 DW_TAG_inlined_subroutine
	.long	2159                            @ DW_AT_abstract_origin
	.long	.Ltmp194                        @ DW_AT_low_pc
	.long	.Ltmp195-.Ltmp194               @ DW_AT_high_pc
	.byte	2                               @ DW_AT_call_file
	.short	1022                            @ DW_AT_call_line
	.byte	5                               @ DW_AT_call_column
	.byte	45                              @ Abbrev [45] 0xfeb:0x6 DW_TAG_formal_parameter
	.byte	0                               @ DW_AT_const_value
	.long	2168                            @ DW_AT_abstract_origin
	.byte	0                               @ End Of Children Mark
	.byte	0                               @ End Of Children Mark
	.byte	36                              @ Abbrev [36] 0xff3:0x18 DW_TAG_inlined_subroutine
	.long	3586                            @ DW_AT_abstract_origin
	.long	.Ltmp197                        @ DW_AT_low_pc
	.long	.Ltmp198-.Ltmp197               @ DW_AT_high_pc
	.byte	2                               @ DW_AT_call_file
	.short	1030                            @ DW_AT_call_line
	.byte	5                               @ DW_AT_call_column
	.byte	46                              @ Abbrev [46] 0x1004:0x6 DW_TAG_formal_parameter
	.byte	4                               @ DW_AT_const_value
	.long	3595                            @ DW_AT_abstract_origin
	.byte	0                               @ End Of Children Mark
	.byte	0                               @ End Of Children Mark
	.byte	0                               @ End Of Children Mark
	.byte	6                               @ Abbrev [6] 0x100d:0x5 DW_TAG_pointer_type
	.long	228                             @ DW_AT_type
	.byte	6                               @ Abbrev [6] 0x1012:0x5 DW_TAG_pointer_type
	.long	422                             @ DW_AT_type
	.byte	0                               @ End Of Children Mark
.Ldebug_info_end0:
	.section	.debug_ranges,"",%progbits
.Ldebug_ranges0:
	.long	.Ltmp56-.Lfunc_begin0
	.long	.Ltmp58-.Lfunc_begin0
	.long	.Ltmp60-.Lfunc_begin0
	.long	.Ltmp61-.Lfunc_begin0
	.long	0
	.long	0
.Ldebug_ranges1:
	.long	.Ltmp95-.Lfunc_begin0
	.long	.Ltmp97-.Lfunc_begin0
	.long	.Ltmp100-.Lfunc_begin0
	.long	.Ltmp101-.Lfunc_begin0
	.long	0
	.long	0
.Ldebug_ranges2:
	.long	.Ltmp127-.Lfunc_begin0
	.long	.Ltmp129-.Lfunc_begin0
	.long	.Ltmp130-.Lfunc_begin0
	.long	.Ltmp131-.Lfunc_begin0
	.long	0
	.long	0
.Ldebug_ranges3:
	.long	.Ltmp173-.Lfunc_begin0
	.long	.Ltmp174-.Lfunc_begin0
	.long	.Ltmp175-.Lfunc_begin0
	.long	.Ltmp177-.Lfunc_begin0
	.long	.Ltmp178-.Lfunc_begin0
	.long	.Ltmp179-.Lfunc_begin0
	.long	0
	.long	0
.Ldebug_ranges4:
	.long	.Ltmp183-.Lfunc_begin0
	.long	.Ltmp185-.Lfunc_begin0
	.long	.Ltmp186-.Lfunc_begin0
	.long	.Ltmp187-.Lfunc_begin0
	.long	0
	.long	0
.Ldebug_ranges5:
	.long	.Ltmp194-.Lfunc_begin0
	.long	.Ltmp196-.Lfunc_begin0
	.long	.Ltmp197-.Lfunc_begin0
	.long	.Ltmp198-.Lfunc_begin0
	.long	0
	.long	0
	.section	.debug_str,"MS",%progbits,1
.Linfo_string0:
	.asciz	"Component: Arm Compiler for Embedded 6.23 Tool: armclang [5f103000]" @ string offset=0
.Linfo_string1:
	.asciz	"../../../../../sdk/platform/driver/i2c\\i2c.c" @ string offset=68
.Linfo_string2:
	.asciz	"C:\\Users\\teodor\\Desktop\\stem\\codeless\\6.0.24.1464\\projects\\target_apps\\ble_examples\\empty_peripheral_template\\Keil_5" @ string offset=113
.Linfo_string3:
	.asciz	"i2c_env"                       @ string offset=230
.Linfo_string4:
	.asciz	"tx_state"                      @ string offset=238
.Linfo_string5:
	.asciz	"data"                          @ string offset=247
.Linfo_string6:
	.asciz	"unsigned char"                 @ string offset=252
.Linfo_string7:
	.asciz	"uint8_t"                       @ string offset=266
.Linfo_string8:
	.asciz	"len"                           @ string offset=274
.Linfo_string9:
	.asciz	"unsigned short"                @ string offset=278
.Linfo_string10:
	.asciz	"uint16_t"                      @ string offset=293
.Linfo_string11:
	.asciz	"num"                           @ string offset=302
.Linfo_string12:
	.asciz	"cb"                            @ string offset=306
.Linfo_string13:
	.asciz	"_Bool"                         @ string offset=309
.Linfo_string14:
	.asciz	"i2c_complete_cb_t"             @ string offset=315
.Linfo_string15:
	.asciz	"cb_data"                       @ string offset=333
.Linfo_string16:
	.asciz	"flags"                         @ string offset=341
.Linfo_string17:
	.asciz	"unsigned int"                  @ string offset=347
.Linfo_string18:
	.asciz	"uint32_t"                      @ string offset=360
.Linfo_string19:
	.asciz	"tx_state_t"                    @ string offset=369
.Linfo_string20:
	.asciz	"rx_state"                      @ string offset=380
.Linfo_string21:
	.asciz	"rr"                            @ string offset=389
.Linfo_string22:
	.asciz	"rx_state_t"                    @ string offset=392
.Linfo_string23:
	.asciz	"intr_cb"                       @ string offset=403
.Linfo_string24:
	.asciz	"i2c_interrupt_cb_t"            @ string offset=411
.Linfo_string25:
	.asciz	"i2c_env_tag_t"                 @ string offset=430
.Linfo_string26:
	.asciz	"i2c"                           @ string offset=444
.Linfo_string27:
	.asciz	"I2C_CON_REGF"                  @ string offset=448
.Linfo_string28:
	.asciz	"RESERVED"                      @ string offset=461
.Linfo_string29:
	.asciz	"I2C_TAR_REGF"                  @ string offset=470
.Linfo_string30:
	.asciz	"RESERVED1"                     @ string offset=483
.Linfo_string31:
	.asciz	"I2C_SAR_REGF"                  @ string offset=493
.Linfo_string32:
	.asciz	"RESERVED2"                     @ string offset=506
.Linfo_string33:
	.asciz	"__ARRAY_SIZE_TYPE__"           @ string offset=516
.Linfo_string34:
	.asciz	"I2C_DATA_CMD_REGF"             @ string offset=536
.Linfo_string35:
	.asciz	"RESERVED3"                     @ string offset=554
.Linfo_string36:
	.asciz	"I2C_SS_SCL_HCNT_REGF"          @ string offset=564
.Linfo_string37:
	.asciz	"RESERVED4"                     @ string offset=585
.Linfo_string38:
	.asciz	"I2C_SS_SCL_LCNT_REGF"          @ string offset=595
.Linfo_string39:
	.asciz	"RESERVED5"                     @ string offset=616
.Linfo_string40:
	.asciz	"I2C_FS_SCL_HCNT_REGF"          @ string offset=626
.Linfo_string41:
	.asciz	"RESERVED6"                     @ string offset=647
.Linfo_string42:
	.asciz	"I2C_FS_SCL_LCNT_REGF"          @ string offset=657
.Linfo_string43:
	.asciz	"RESERVED7"                     @ string offset=678
.Linfo_string44:
	.asciz	"I2C_INTR_STAT_REGF"            @ string offset=688
.Linfo_string45:
	.asciz	"RESERVED8"                     @ string offset=707
.Linfo_string46:
	.asciz	"I2C_INTR_MASK_REGF"            @ string offset=717
.Linfo_string47:
	.asciz	"RESERVED9"                     @ string offset=736
.Linfo_string48:
	.asciz	"I2C_RAW_INTR_STAT_REGF"        @ string offset=746
.Linfo_string49:
	.asciz	"RESERVED10"                    @ string offset=769
.Linfo_string50:
	.asciz	"I2C_RX_TL_REGF"                @ string offset=780
.Linfo_string51:
	.asciz	"RESERVED11"                    @ string offset=795
.Linfo_string52:
	.asciz	"I2C_TX_TL_REGF"                @ string offset=806
.Linfo_string53:
	.asciz	"RESERVED12"                    @ string offset=821
.Linfo_string54:
	.asciz	"I2C_CLR_INTR_REGF"             @ string offset=832
.Linfo_string55:
	.asciz	"RESERVED13"                    @ string offset=850
.Linfo_string56:
	.asciz	"I2C_CLR_RX_UNDER_REGF"         @ string offset=861
.Linfo_string57:
	.asciz	"RESERVED14"                    @ string offset=883
.Linfo_string58:
	.asciz	"I2C_CLR_RX_OVER_REGF"          @ string offset=894
.Linfo_string59:
	.asciz	"RESERVED15"                    @ string offset=915
.Linfo_string60:
	.asciz	"I2C_CLR_TX_OVER_REGF"          @ string offset=926
.Linfo_string61:
	.asciz	"RESERVED16"                    @ string offset=947
.Linfo_string62:
	.asciz	"I2C_CLR_RD_REQ_REGF"           @ string offset=958
.Linfo_string63:
	.asciz	"RESERVED17"                    @ string offset=978
.Linfo_string64:
	.asciz	"I2C_CLR_TX_ABRT_REGF"          @ string offset=989
.Linfo_string65:
	.asciz	"RESERVED18"                    @ string offset=1010
.Linfo_string66:
	.asciz	"I2C_CLR_RX_DONE_REGF"          @ string offset=1021
.Linfo_string67:
	.asciz	"RESERVED19"                    @ string offset=1042
.Linfo_string68:
	.asciz	"I2C_CLR_ACTIVITY_REGF"         @ string offset=1053
.Linfo_string69:
	.asciz	"RESERVED20"                    @ string offset=1075
.Linfo_string70:
	.asciz	"I2C_CLR_STOP_DET_REGF"         @ string offset=1086
.Linfo_string71:
	.asciz	"RESERVED21"                    @ string offset=1108
.Linfo_string72:
	.asciz	"I2C_CLR_START_DET_REGF"        @ string offset=1119
.Linfo_string73:
	.asciz	"RESERVED22"                    @ string offset=1142
.Linfo_string74:
	.asciz	"I2C_CLR_GEN_CALL_REGF"         @ string offset=1153
.Linfo_string75:
	.asciz	"RESERVED23"                    @ string offset=1175
.Linfo_string76:
	.asciz	"I2C_ENABLE_REGF"               @ string offset=1186
.Linfo_string77:
	.asciz	"RESERVED24"                    @ string offset=1202
.Linfo_string78:
	.asciz	"I2C_STATUS_REGF"               @ string offset=1213
.Linfo_string79:
	.asciz	"RESERVED25"                    @ string offset=1229
.Linfo_string80:
	.asciz	"I2C_TXFLR_REGF"                @ string offset=1240
.Linfo_string81:
	.asciz	"RESERVED26"                    @ string offset=1255
.Linfo_string82:
	.asciz	"I2C_RXFLR_REGF"                @ string offset=1266
.Linfo_string83:
	.asciz	"RESERVED27"                    @ string offset=1281
.Linfo_string84:
	.asciz	"I2C_SDA_HOLD_REGF"             @ string offset=1292
.Linfo_string85:
	.asciz	"RESERVED28"                    @ string offset=1310
.Linfo_string86:
	.asciz	"I2C_TX_ABRT_SOURCE_REGF"       @ string offset=1321
.Linfo_string87:
	.asciz	"RESERVED29"                    @ string offset=1345
.Linfo_string88:
	.asciz	"I2C_DMA_CR_REGF"               @ string offset=1356
.Linfo_string89:
	.asciz	"RESERVED30"                    @ string offset=1372
.Linfo_string90:
	.asciz	"I2C_DMA_TDLR_REGF"             @ string offset=1383
.Linfo_string91:
	.asciz	"RESERVED31"                    @ string offset=1401
.Linfo_string92:
	.asciz	"I2C_DMA_RDLR_REGF"             @ string offset=1412
.Linfo_string93:
	.asciz	"RESERVED32"                    @ string offset=1430
.Linfo_string94:
	.asciz	"I2C_SDA_SETUP_REGF"            @ string offset=1441
.Linfo_string95:
	.asciz	"RESERVED33"                    @ string offset=1460
.Linfo_string96:
	.asciz	"I2C_ACK_GENERAL_CALL_REGF"     @ string offset=1471
.Linfo_string97:
	.asciz	"RESERVED34"                    @ string offset=1497
.Linfo_string98:
	.asciz	"I2C_ENABLE_STATUS_REGF"        @ string offset=1508
.Linfo_string99:
	.asciz	"RESERVED35"                    @ string offset=1531
.Linfo_string100:
	.asciz	"I2C_IC_FS_SPKLEN_REGF"         @ string offset=1542
.Linfo_string101:
	.asciz	"RESERVED36"                    @ string offset=1564
.Linfo_string102:
	.asciz	"I2C_COMP_PARAM1_REGF"          @ string offset=1575
.Linfo_string103:
	.asciz	"I2C_COMP_PARAM2_REGF"          @ string offset=1596
.Linfo_string104:
	.asciz	"I2C_COMP_VERSION_REGF"         @ string offset=1617
.Linfo_string105:
	.asciz	"I2C_COMP2_VERSIONF"            @ string offset=1639
.Linfo_string106:
	.asciz	"I2C_COMP_TYPE_REGF"            @ string offset=1658
.Linfo_string107:
	.asciz	"I2C_COMP_TYPE2_REGF"           @ string offset=1677
.Linfo_string108:
	.asciz	"i2c_t"                         @ string offset=1697
.Linfo_string109:
	.asciz	"I2C_INT_RX_UNDERFLOW"          @ string offset=1703
.Linfo_string110:
	.asciz	"I2C_INT_RX_OVERFLOW"           @ string offset=1724
.Linfo_string111:
	.asciz	"I2C_INT_RX_FULL"               @ string offset=1744
.Linfo_string112:
	.asciz	"I2C_INT_TX_OVERFLOW"           @ string offset=1760
.Linfo_string113:
	.asciz	"I2C_INT_TX_EMPTY"              @ string offset=1780
.Linfo_string114:
	.asciz	"I2C_INT_READ_REQUEST"          @ string offset=1797
.Linfo_string115:
	.asciz	"I2C_INT_TX_ABORT"              @ string offset=1818
.Linfo_string116:
	.asciz	"I2C_INT_RX_DONE"               @ string offset=1835
.Linfo_string117:
	.asciz	"I2C_INT_ACTIVITY"              @ string offset=1851
.Linfo_string118:
	.asciz	"I2C_INT_STOP_DETECTED"         @ string offset=1868
.Linfo_string119:
	.asciz	"I2C_INT_START_DETECTED"        @ string offset=1890
.Linfo_string120:
	.asciz	"I2C_INT_GENERAL_CALL"          @ string offset=1913
.Linfo_string121:
	.asciz	"I2C_F_NONE"                    @ string offset=1934
.Linfo_string122:
	.asciz	"I2C_F_WAIT_FOR_STOP"           @ string offset=1945
.Linfo_string123:
	.asciz	"I2C_F_ADD_STOP"                @ string offset=1965
.Linfo_string124:
	.asciz	"signed char"                   @ string offset=1980
.Linfo_string125:
	.asciz	"NonMaskableInt_IRQn"           @ string offset=1992
.Linfo_string126:
	.asciz	"HardFault_IRQn"                @ string offset=2012
.Linfo_string127:
	.asciz	"SVCall_IRQn"                   @ string offset=2027
.Linfo_string128:
	.asciz	"PendSV_IRQn"                   @ string offset=2039
.Linfo_string129:
	.asciz	"SysTick_IRQn"                  @ string offset=2051
.Linfo_string130:
	.asciz	"BLE_WAKEUP_LP_IRQn"            @ string offset=2064
.Linfo_string131:
	.asciz	"BLE_GEN_IRQn"                  @ string offset=2083
.Linfo_string132:
	.asciz	"UART_IRQn"                     @ string offset=2096
.Linfo_string133:
	.asciz	"UART2_IRQn"                    @ string offset=2106
.Linfo_string134:
	.asciz	"I2C_IRQn"                      @ string offset=2117
.Linfo_string135:
	.asciz	"SPI_IRQn"                      @ string offset=2126
.Linfo_string136:
	.asciz	"ADC_IRQn"                      @ string offset=2135
.Linfo_string137:
	.asciz	"KEYBRD_IRQn"                   @ string offset=2144
.Linfo_string138:
	.asciz	"BLE_RF_DIAG_IRQn"              @ string offset=2156
.Linfo_string139:
	.asciz	"RF_CAL_IRQn"                   @ string offset=2173
.Linfo_string140:
	.asciz	"GPIO0_IRQn"                    @ string offset=2185
.Linfo_string141:
	.asciz	"GPIO1_IRQn"                    @ string offset=2196
.Linfo_string142:
	.asciz	"GPIO2_IRQn"                    @ string offset=2207
.Linfo_string143:
	.asciz	"GPIO3_IRQn"                    @ string offset=2218
.Linfo_string144:
	.asciz	"GPIO4_IRQn"                    @ string offset=2229
.Linfo_string145:
	.asciz	"SWTIM_IRQn"                    @ string offset=2240
.Linfo_string146:
	.asciz	"WKUP_QUADEC_IRQn"              @ string offset=2251
.Linfo_string147:
	.asciz	"SWTIM1_IRQn"                   @ string offset=2268
.Linfo_string148:
	.asciz	"RTC_IRQn"                      @ string offset=2280
.Linfo_string149:
	.asciz	"DMA_IRQn"                      @ string offset=2289
.Linfo_string150:
	.asciz	"XTAL32M_RDY_IRQn"              @ string offset=2298
.Linfo_string151:
	.asciz	"RESERVED21_IRQn"               @ string offset=2315
.Linfo_string152:
	.asciz	"RESERVED22_IRQn"               @ string offset=2331
.Linfo_string153:
	.asciz	"RESERVED23_IRQn"               @ string offset=2347
.Linfo_string154:
	.asciz	"IRQn"                          @ string offset=2363
.Linfo_string155:
	.asciz	"int"                           @ string offset=2368
.Linfo_string156:
	.asciz	"int32_t"                       @ string offset=2372
.Linfo_string157:
	.asciz	"ISER"                          @ string offset=2380
.Linfo_string158:
	.asciz	"RESERVED0"                     @ string offset=2385
.Linfo_string159:
	.asciz	"ICER"                          @ string offset=2395
.Linfo_string160:
	.asciz	"ISPR"                          @ string offset=2400
.Linfo_string161:
	.asciz	"ICPR"                          @ string offset=2405
.Linfo_string162:
	.asciz	"IP"                            @ string offset=2410
.Linfo_string163:
	.asciz	"NVIC_Type"                     @ string offset=2413
.Linfo_string164:
	.asciz	"i2c_reset_int_tx_abort"        @ string offset=2423
.Linfo_string165:
	.asciz	"i2c_reset_int_stop_detected"   @ string offset=2446
.Linfo_string166:
	.asciz	"i2c_set_int_mask"              @ string offset=2474
.Linfo_string167:
	.asciz	"mask"                          @ string offset=2491
.Linfo_string168:
	.asciz	"i2c_register_int"              @ string offset=2496
.Linfo_string169:
	.asciz	"i2c_is_tx_fifo_not_full"       @ string offset=2513
.Linfo_string170:
	.asciz	"i2c_write_byte"                @ string offset=2537
.Linfo_string171:
	.asciz	"i2c_get_int_mask"              @ string offset=2552
.Linfo_string172:
	.asciz	"i2c_get_rx_fifo_level"         @ string offset=2569
.Linfo_string173:
	.asciz	"i2c_read_byte"                 @ string offset=2591
.Linfo_string174:
	.asciz	"i2c_reset_int_rx_overflow"     @ string offset=2605
.Linfo_string175:
	.asciz	"__NVIC_ClearPendingIRQ"        @ string offset=2631
.Linfo_string176:
	.asciz	"IRQn_Type"                     @ string offset=2654
.Linfo_string177:
	.asciz	"intr_handler"                  @ string offset=2664
.Linfo_string178:
	.asciz	"i2c_get_int_state"             @ string offset=2677
.Linfo_string179:
	.asciz	"i2c_unregister_int"            @ string offset=2695
.Linfo_string180:
	.asciz	"i2c_master_transmit_buffer_async" @ string offset=2714
.Linfo_string181:
	.asciz	"intr_master_transmit_buffer_handler" @ string offset=2747
.Linfo_string182:
	.asciz	"i2c_master_receive_buffer_async" @ string offset=2783
.Linfo_string183:
	.asciz	"intr_master_receive_buffer_handler" @ string offset=2815
.Linfo_string184:
	.asciz	"i2c_slave_receive_buffer_async" @ string offset=2850
.Linfo_string185:
	.asciz	"intr_slave_receive_buffer_handler" @ string offset=2881
.Linfo_string186:
	.asciz	"i2c_slave_transmit_buffer_async" @ string offset=2915
.Linfo_string187:
	.asciz	"intr_slave_transmit_buffer_handler" @ string offset=2947
.Linfo_string188:
	.asciz	"I2C_Handler"                   @ string offset=2982
.Linfo_string189:
	.asciz	"tx_reply"                      @ string offset=2994
.Linfo_string190:
	.asciz	"rx_reply"                      @ string offset=3003
.Linfo_string191:
	.asciz	"txs"                           @ string offset=3012
.Linfo_string192:
	.asciz	"rxs"                           @ string offset=3016
.Linfo_string193:
	.asciz	"success"                       @ string offset=3020
	.ident	"Component: Arm Compiler for Embedded 6.23 Tool: armclang [5f103000]"
	.section	".note.GNU-stack","",%progbits
	.eabi_attribute	30, 4	@ Tag_ABI_optimization_goals
	.ARM_attribute	16, 1	@ Tag_AV_eba
	.section	.debug_line,"",%progbits
.Lline_table_start0:
