	.text
	.syntax unified
	.eabi_attribute	67, "2.09"	@ Tag_conformance
	.cpu	cortex-m0plus
	.eabi_attribute	6, 12	@ Tag_CPU_arch
	.eabi_attribute	7, 77	@ Tag_CPU_arch_profile
	.eabi_attribute	8, 0	@ Tag_ARM_ISA_use
	.eabi_attribute	9, 1	@ Tag_THUMB_ISA_use
	.eabi_attribute	34, 0	@ Tag_CPU_unaligned_access
	.eabi_attribute	17, 1	@ Tag_ABI_PCS_GOT_use
	.eabi_attribute	20, 2	@ Tag_ABI_FP_denormal
	.eabi_attribute	21, 0	@ Tag_ABI_FP_exceptions
	.eabi_attribute	23, 1	@ Tag_ABI_FP_number_model
	.eabi_attribute	24, 1	@ Tag_ABI_align_needed
	.eabi_attribute	25, 1	@ Tag_ABI_align_preserved
	.eabi_attribute	38, 1	@ Tag_ABI_FP_16bit_format
	.eabi_attribute	18, 2	@ Tag_ABI_PCS_wchar_t
	.eabi_attribute	26, 1	@ Tag_ABI_enum_size
	.eabi_attribute	14, 0	@ Tag_ABI_PCS_R9_use
	.file	"i2c_eeprom.c"
	.file	1 "C:\\Users\\teodor" "AppData\\Local\\Keil_v5\\ARM\\ARMCLANG\\bin\\..\\include\\stdint.h"
	.file	2 "C:\\Users\\teodor\\Desktop\\stem\\codeless\\6.0.24.1464\\projects\\target_apps\\ble_examples\\empty_peripheral_template\\Keil_5" "./../../../../../sdk/platform/driver/i2c\\i2c.h"
	.file	3 "C:\\Users\\teodor\\Desktop\\stem\\codeless\\6.0.24.1464\\projects\\target_apps\\ble_examples\\empty_peripheral_template\\Keil_5" "../../../../../sdk/platform/driver/i2c_eeprom/i2c_eeprom.c"
	.file	4 "C:\\Users\\teodor\\Desktop\\stem\\codeless\\6.0.24.1464\\projects\\target_apps\\ble_examples\\empty_peripheral_template\\Keil_5" "../../../../../sdk/platform/driver/i2c_eeprom\\i2c_eeprom.h"
	.hidden	i2c_eeprom_configure            @ -- Begin function i2c_eeprom_configure
	.globl	i2c_eeprom_configure
	.p2align	2
	.type	i2c_eeprom_configure,%function
	.code	16                              @ @i2c_eeprom_configure
	.thumb_func
i2c_eeprom_configure:
.Lfunc_begin0:
	.loc	3 73 0                          @ ../../../../../sdk/platform/driver/i2c_eeprom/i2c_eeprom.c:73:0
	.fnstart
	.cfi_sections .debug_frame
	.cfi_startproc
@ %bb.0:
	@DEBUG_VALUE: i2c_eeprom_configure:i2c_cfg <- $r0
	@DEBUG_VALUE: i2c_eeprom_configure:i2c_eeprom_cfg <- $r1
	.save	{r7, lr}
	push	{r7, lr}
	.cfi_def_cfa_offset 8
	.cfi_offset lr, -4
	.cfi_offset r7, -8
	mov	r3, r0
.Ltmp0:
	@DEBUG_VALUE: i2c_eeprom_configure:i2c_cfg <- $r3
	.loc	3 74 5 prologue_end             @ ../../../../../sdk/platform/driver/i2c_eeprom/i2c_eeprom.c:74:5
	ldr	r2, [r1]
	ldr	r1, [r1, #4]
.Ltmp1:
	@DEBUG_VALUE: i2c_eeprom_configure:i2c_eeprom_cfg <- [DW_OP_LLVM_entry_value 1] $r1
	ldr	r0, __arm_cp.0_0
	str	r2, [r0, #16]
	str	r1, [r0, #20]
	movs	r2, #16
	.loc	3 75 5                          @ ../../../../../sdk/platform/driver/i2c_eeprom/i2c_eeprom.c:75:5
	mov	r1, r3
.Ltmp2:
	@DEBUG_VALUE: i2c_eeprom_configure:i2c_cfg <- $r1
	bl	__aeabi_memcpy
.Ltmp3:
	.loc	3 76 1 epilogue_begin           @ ../../../../../sdk/platform/driver/i2c_eeprom/i2c_eeprom.c:76:1
	pop	{r7, pc}
.Ltmp4:
	.loc	3 0 1 is_stmt 0                 @ :0:1
.Ltmp5:
	.p2align	2
@ %bb.1:
__arm_cp.0_0:
	.long	i2c_eeprom_env
.Lcpi_end0:
	.size	__arm_cp.0_0, .Lcpi_end0-__arm_cp.0_0
.Lfunc_end0:
	.size	i2c_eeprom_configure, .Lfunc_end0-i2c_eeprom_configure
	.cfi_endproc
	.cantunwind
	.fnend
                                        @ -- End function
	.hidden	i2c_eeprom_get_configuration    @ -- Begin function i2c_eeprom_get_configuration
	.globl	i2c_eeprom_get_configuration
	.p2align	2
	.type	i2c_eeprom_get_configuration,%function
	.code	16                              @ @i2c_eeprom_get_configuration
	.thumb_func
i2c_eeprom_get_configuration:
.Lfunc_begin1:
	.loc	3 79 0 is_stmt 1                @ ../../../../../sdk/platform/driver/i2c_eeprom/i2c_eeprom.c:79:0
	.fnstart
	.cfi_startproc
@ %bb.0:
	@DEBUG_VALUE: i2c_eeprom_get_configuration:i2c_cfg <- $r0
	@DEBUG_VALUE: i2c_eeprom_get_configuration:i2c_eeprom_cfg <- $r1
	.save	{r4, lr}
	push	{r4, lr}
	.cfi_def_cfa_offset 8
	.cfi_offset lr, -4
	.cfi_offset r4, -8
.Ltmp6:
	.loc	3 80 5 prologue_end             @ ../../../../../sdk/platform/driver/i2c_eeprom/i2c_eeprom.c:80:5
	ldr	r3, __arm_cp.1_0
	ldr	r2, [r3, #16]
	ldr	r4, [r3, #20]
	stm	r1!, {r2, r4}
.Ltmp7:
	@DEBUG_VALUE: i2c_eeprom_get_configuration:i2c_eeprom_cfg <- [DW_OP_LLVM_entry_value 1] $r1
	.loc	3 0 5 is_stmt 0                 @ ../../../../../sdk/platform/driver/i2c_eeprom/i2c_eeprom.c:0:5
	movs	r2, #16
	.loc	3 81 5 is_stmt 1                @ ../../../../../sdk/platform/driver/i2c_eeprom/i2c_eeprom.c:81:5
	mov	r1, r3
	bl	__aeabi_memcpy
.Ltmp8:
	@DEBUG_VALUE: i2c_eeprom_get_configuration:i2c_cfg <- [DW_OP_LLVM_entry_value 1] $r0
	.loc	3 82 1 epilogue_begin           @ ../../../../../sdk/platform/driver/i2c_eeprom/i2c_eeprom.c:82:1
	pop	{r4, pc}
.Ltmp9:
	.loc	3 0 1 is_stmt 0                 @ :0:1
.Ltmp10:
	.p2align	2
@ %bb.1:
__arm_cp.1_0:
	.long	i2c_eeprom_env
.Lcpi_end1:
	.size	__arm_cp.1_0, .Lcpi_end1-__arm_cp.1_0
.Lfunc_end1:
	.size	i2c_eeprom_get_configuration, .Lfunc_end1-i2c_eeprom_get_configuration
	.cfi_endproc
	.cantunwind
	.fnend
                                        @ -- End function
	.hidden	i2c_eeprom_initialize           @ -- Begin function i2c_eeprom_initialize
	.globl	i2c_eeprom_initialize
	.p2align	2
	.type	i2c_eeprom_initialize,%function
	.code	16                              @ @i2c_eeprom_initialize
	.thumb_func
i2c_eeprom_initialize:
.Lfunc_begin2:
	.loc	3 85 0 is_stmt 1                @ ../../../../../sdk/platform/driver/i2c_eeprom/i2c_eeprom.c:85:0
	.fnstart
	.cfi_startproc
@ %bb.0:
	.save	{r7, lr}
	push	{r7, lr}
	.cfi_def_cfa_offset 8
	.cfi_offset lr, -4
	.cfi_offset r7, -8
.Ltmp11:
	.loc	3 86 5 prologue_end             @ ../../../../../sdk/platform/driver/i2c_eeprom/i2c_eeprom.c:86:5
	ldr	r0, __arm_cp.2_0
	bl	i2c_init
.Ltmp12:
	.loc	3 87 1 epilogue_begin           @ ../../../../../sdk/platform/driver/i2c_eeprom/i2c_eeprom.c:87:1
	pop	{r7, pc}
.Ltmp13:
	.loc	3 0 1 is_stmt 0                 @ :0:1
.Ltmp14:
	.p2align	2
@ %bb.1:
__arm_cp.2_0:
	.long	i2c_eeprom_env
.Lcpi_end2:
	.size	__arm_cp.2_0, .Lcpi_end2-__arm_cp.2_0
.Lfunc_end2:
	.size	i2c_eeprom_initialize, .Lfunc_end2-i2c_eeprom_initialize
	.cfi_endproc
	.cantunwind
	.fnend
                                        @ -- End function
	.hidden	i2c_eeprom_update_slave_address @ -- Begin function i2c_eeprom_update_slave_address
	.globl	i2c_eeprom_update_slave_address
	.p2align	2
	.type	i2c_eeprom_update_slave_address,%function
	.code	16                              @ @i2c_eeprom_update_slave_address
	.thumb_func
i2c_eeprom_update_slave_address:
.Lfunc_begin3:
	.loc	3 97 0 is_stmt 1                @ ../../../../../sdk/platform/driver/i2c_eeprom/i2c_eeprom.c:97:0
	.fnstart
	.cfi_startproc
@ %bb.0:
	@DEBUG_VALUE: i2c_eeprom_update_slave_address:slave_addr <- $r0
	.save	{r4, lr}
	push	{r4, lr}
	.cfi_def_cfa_offset 8
	.cfi_offset lr, -4
	.cfi_offset r4, -8
	mov	r4, r0
.Ltmp15:
	@DEBUG_VALUE: i2c_eeprom_update_slave_address:slave_addr <- $r4
	.loc	3 98 5 prologue_end             @ ../../../../../sdk/platform/driver/i2c_eeprom/i2c_eeprom.c:98:5
	bl	i2c_release
.Ltmp16:
	.loc	3 99 32                         @ ../../../../../sdk/platform/driver/i2c_eeprom/i2c_eeprom.c:99:32
	ldr	r0, __arm_cp.3_0
	strh	r4, [r0, #12]
	.loc	3 100 1 epilogue_begin          @ ../../../../../sdk/platform/driver/i2c_eeprom/i2c_eeprom.c:100:1
	pop	{r4, pc}
.Ltmp17:
	.loc	3 0 1 is_stmt 0                 @ :0:1
.Ltmp18:
	.p2align	2
@ %bb.1:
__arm_cp.3_0:
	.long	i2c_eeprom_env
.Lcpi_end3:
	.size	__arm_cp.3_0, .Lcpi_end3-__arm_cp.3_0
.Lfunc_end3:
	.size	i2c_eeprom_update_slave_address, .Lfunc_end3-i2c_eeprom_update_slave_address
	.cfi_endproc
	.cantunwind
	.fnend
                                        @ -- End function
	.hidden	i2c_wait_until_eeprom_ready     @ -- Begin function i2c_wait_until_eeprom_ready
	.globl	i2c_wait_until_eeprom_ready
	.p2align	2
	.type	i2c_wait_until_eeprom_ready,%function
	.code	16                              @ @i2c_wait_until_eeprom_ready
	.thumb_func
i2c_wait_until_eeprom_ready:
.Lfunc_begin4:
	.loc	3 120 0 is_stmt 1               @ ../../../../../sdk/platform/driver/i2c_eeprom/i2c_eeprom.c:120:0
	.fnstart
	.cfi_startproc
@ %bb.0:
	.save	{r4, r5, r6, lr}
	push	{r4, r5, r6, lr}
	.cfi_def_cfa_offset 16
	.cfi_offset lr, -4
	.cfi_offset r6, -8
	.cfi_offset r5, -12
	.cfi_offset r4, -16
	movs	r0, #0
	ldr	r4, __arm_cp.4_0
	ldr	r5, __arm_cp.4_1
	@DEBUG_VALUE: i <- 0
.LBB4_1:                                @ =>This Loop Header: Depth=1
                                        @     Child Loop BB4_3 Depth 2
                                        @     Child Loop BB4_4 Depth 2
.Ltmp19:
	.loc	3 124 0 prologue_end            @ ../../../../../sdk/platform/driver/i2c_eeprom/i2c_eeprom.c:124:0
	mov	r6, r0
.Ltmp20:
	@DEBUG_VALUE: i <- $r6
	.loc	3 124 28 is_stmt 0              @ ../../../../../sdk/platform/driver/i2c_eeprom/i2c_eeprom.c:124:28
	adds	r0, r4, #1
.Ltmp21:
	.loc	3 124 5                         @ ../../../../../sdk/platform/driver/i2c_eeprom/i2c_eeprom.c:124:5
	cmp	r6, r0
	beq	.LBB4_6
.Ltmp22:
@ %bb.2:                                @   in Loop: Header=BB4_1 Depth=1
	@DEBUG_VALUE: i <- $r6
	.loc	3 0 5                           @ ../../../../../sdk/platform/driver/i2c_eeprom/i2c_eeprom.c:0:5
	movs	r0, #8
.Ltmp23:
	.loc	3 126 9 is_stmt 1               @ ../../../../../sdk/platform/driver/i2c_eeprom/i2c_eeprom.c:126:9
	bl	i2c_write_last_byte
.Ltmp24:
.LBB4_3:                                @   Parent Loop BB4_1 Depth=1
                                        @ =>  This Inner Loop Header: Depth=2
	@DEBUG_VALUE: i <- $r6
	.loc	2 994 13                        @ ./../../../../../sdk/platform/driver/i2c\i2c.h:994:13
	ldrh	r0, [r5, #28]
.Ltmp25:
	.loc	3 127 9                         @ ../../../../../sdk/platform/driver/i2c_eeprom/i2c_eeprom.c:127:9
	lsls	r0, r0, #29
	bpl	.LBB4_3
.Ltmp26:
.LBB4_4:                                @   Parent Loop BB4_1 Depth=1
                                        @ =>  This Inner Loop Header: Depth=2
	@DEBUG_VALUE: i <- $r6
	.loc	2 1140 13                       @ ./../../../../../sdk/platform/driver/i2c\i2c.h:1140:13
	ldrh	r0, [r5, #28]
.Ltmp27:
	.loc	3 128 9                         @ ../../../../../sdk/platform/driver/i2c_eeprom/i2c_eeprom.c:128:9
	lsls	r0, r0, #26
	bmi	.LBB4_4
.Ltmp28:
@ %bb.5:                                @   in Loop: Header=BB4_1 Depth=1
	@DEBUG_VALUE: i <- $r6
	.loc	2 1101 27                       @ ./../../../../../sdk/platform/driver/i2c\i2c.h:1101:27
	ldrh	r1, [r5, #44]
.Ltmp29:
	@DEBUG_VALUE: i2c_wait_until_eeprom_ready:tx_abrt_source <- undef
	.loc	2 894 5                         @ ./../../../../../sdk/platform/driver/i2c\i2c.h:894:5
	ldrh	r0, [r5]
.Ltmp30:
	.loc	3 124 48                        @ ../../../../../sdk/platform/driver/i2c_eeprom/i2c_eeprom.c:124:48
	adds	r0, r6, #1
.Ltmp31:
	@DEBUG_VALUE: i <- $r0
	.loc	3 131 13                        @ ../../../../../sdk/platform/driver/i2c_eeprom/i2c_eeprom.c:131:13
	lsls	r1, r1, #31
	bne	.LBB4_1
.Ltmp32:
.LBB4_6:
	.loc	3 124 28                        @ ../../../../../sdk/platform/driver/i2c_eeprom/i2c_eeprom.c:124:28
	cmp	r6, r4
	bhi	.LBB4_8
.Ltmp33:
@ %bb.7:
	.loc	3 0 28 is_stmt 0                @ ../../../../../sdk/platform/driver/i2c_eeprom/i2c_eeprom.c:0:28
	movs	r0, #0
	.loc	3 137 1 epilogue_begin is_stmt 1 @ ../../../../../sdk/platform/driver/i2c_eeprom/i2c_eeprom.c:137:1
	pop	{r4, r5, r6, pc}
.LBB4_8:
	.loc	3 0 1 is_stmt 0                 @ ../../../../../sdk/platform/driver/i2c_eeprom/i2c_eeprom.c:0:1
	movs	r0, #1
	.loc	3 137 1 epilogue_begin          @ ../../../../../sdk/platform/driver/i2c_eeprom/i2c_eeprom.c:137:1
	pop	{r4, r5, r6, pc}
.Ltmp34:
	.loc	3 0 1                           @ :0:1
.Ltmp35:
	.p2align	2
@ %bb.9:
__arm_cp.4_0:
	.long	199999                          @ 0x30d3f
.Lcpi_end4:
	.size	__arm_cp.4_0, .Lcpi_end4-__arm_cp.4_0
__arm_cp.4_1:
	.long	1342182228                      @ 0x50001354
.Lcpi_end5:
	.size	__arm_cp.4_1, .Lcpi_end5-__arm_cp.4_1
.Lfunc_end4:
	.size	i2c_wait_until_eeprom_ready, .Lfunc_end4-i2c_wait_until_eeprom_ready
	.cfi_endproc
	.cantunwind
	.fnend
                                        @ -- End function
	.hidden	i2c_eeprom_read_byte            @ -- Begin function i2c_eeprom_read_byte
	.globl	i2c_eeprom_read_byte
	.p2align	2
	.type	i2c_eeprom_read_byte,%function
	.code	16                              @ @i2c_eeprom_read_byte
	.thumb_func
i2c_eeprom_read_byte:
.Lfunc_begin5:
	.loc	3 171 0 is_stmt 1               @ ../../../../../sdk/platform/driver/i2c_eeprom/i2c_eeprom.c:171:0
	.fnstart
	.cfi_startproc
@ %bb.0:
	@DEBUG_VALUE: i2c_eeprom_read_byte:address <- $r0
	@DEBUG_VALUE: i2c_eeprom_read_byte:byte <- $r1
	.save	{r4, r5, r6, r7, lr}
	.pad	#4
	push	{r3, r4, r5, r6, r7, lr}
	.cfi_def_cfa_offset 24
	.cfi_offset lr, -4
	.cfi_offset r7, -8
	.cfi_offset r6, -12
	.cfi_offset r5, -16
	.cfi_offset r4, -20
	mov	r4, r1
.Ltmp36:
	@DEBUG_VALUE: i2c_eeprom_read_byte:byte <- $r4
	mov	r5, r0
.Ltmp37:
	@DEBUG_VALUE: i2c_eeprom_read_byte:address <- $r5
	.loc	3 172 9 prologue_end            @ ../../../../../sdk/platform/driver/i2c_eeprom/i2c_eeprom.c:172:9
	bl	i2c_wait_until_eeprom_ready
.Ltmp38:
	.loc	3 172 9 is_stmt 0               @ ../../../../../sdk/platform/driver/i2c_eeprom/i2c_eeprom.c:172:9
	cmp	r0, #0
	beq	.LBB5_2
.Ltmp39:
@ %bb.1:
	@DEBUG_VALUE: i2c_eeprom_read_byte:address <- $r5
	@DEBUG_VALUE: i2c_eeprom_read_byte:byte <- $r4
	.loc	3 0 9                           @ ../../../../../sdk/platform/driver/i2c_eeprom/i2c_eeprom.c:0:9
	movs	r0, #1
	.loc	3 194 1 epilogue_begin is_stmt 1 @ ../../../../../sdk/platform/driver/i2c_eeprom/i2c_eeprom.c:194:1
	pop	{r3, r4, r5, r6, r7, pc}
.Ltmp40:
.LBB5_2:
	@DEBUG_VALUE: i2c_eeprom_read_byte:address <- $r5
	@DEBUG_VALUE: i2c_eeprom_read_byte:byte <- $r4
	.file	5 "C:\\Users\\teodor\\Desktop\\stem\\codeless\\6.0.24.1464\\projects\\target_apps\\ble_examples\\empty_peripheral_template\\Keil_5" "../../../../../sdk/platform/include/CMSIS/5.9.0/CMSIS/Core/Include\\cmsis_armclang.h"
	.loc	5 999 3                         @ ../../../../../sdk/platform/include/CMSIS/5.9.0/CMSIS/Core/Include\cmsis_armclang.h:999:3
	@APP
	mrs	r7, primask
	@NO_APP
.Ltmp41:
	@DEBUG_VALUE: __l_irq_rest <- $r7
	@DEBUG_VALUE: __get_PRIMASK:result <- $r7
	.loc	5 0 3 is_stmt 0                 @ ../../../../../sdk/platform/include/CMSIS/5.9.0/CMSIS/Core/Include\cmsis_armclang.h:0:3
	movs	r6, #1
.Ltmp42:
	@DEBUG_VALUE: __set_PRIMASK:priMask <- 1
	.loc	5 1027 3 is_stmt 1              @ ../../../../../sdk/platform/include/CMSIS/5.9.0/CMSIS/Core/Include\cmsis_armclang.h:1027:3
	@APP
	msr	primask, r6
	@NO_APP
.Ltmp43:
	.loc	3 180 5                         @ ../../../../../sdk/platform/driver/i2c_eeprom/i2c_eeprom.c:180:5
	mov	r0, r5
	bl	i2c_eeprom_send_address
.Ltmp44:
	.loc	3 0 5 is_stmt 0                 @ ../../../../../sdk/platform/driver/i2c_eeprom/i2c_eeprom.c:0:5
	lsls	r0, r6, #8
	.loc	3 182 5 is_stmt 1               @ ../../../../../sdk/platform/driver/i2c_eeprom/i2c_eeprom.c:182:5
	bl	i2c_write_last_byte
.Ltmp45:
	.loc	3 185 5                         @ ../../../../../sdk/platform/driver/i2c_eeprom/i2c_eeprom.c:185:5
	cmp	r7, #0
	beq	.LBB5_4
.Ltmp46:
@ %bb.3:
	@DEBUG_VALUE: __l_irq_rest <- $r7
	@DEBUG_VALUE: i2c_eeprom_read_byte:address <- $r5
	@DEBUG_VALUE: i2c_eeprom_read_byte:byte <- $r4
	@DEBUG_VALUE: __set_PRIMASK:priMask <- 1
	.loc	5 1027 3                        @ ../../../../../sdk/platform/include/CMSIS/5.9.0/CMSIS/Core/Include\cmsis_armclang.h:1027:3
	@APP
	msr	primask, r6
	@NO_APP
	b	.LBB5_5
.Ltmp47:
.LBB5_4:
	@DEBUG_VALUE: __l_irq_rest <- $r7
	@DEBUG_VALUE: i2c_eeprom_read_byte:address <- $r5
	@DEBUG_VALUE: i2c_eeprom_read_byte:byte <- $r4
	.loc	5 0 3 is_stmt 0                 @ ../../../../../sdk/platform/include/CMSIS/5.9.0/CMSIS/Core/Include\cmsis_armclang.h:0:3
	movs	r0, #0
.Ltmp48:
	@DEBUG_VALUE: __set_PRIMASK:priMask <- 0
	.loc	5 1027 3                        @ ../../../../../sdk/platform/include/CMSIS/5.9.0/CMSIS/Core/Include\cmsis_armclang.h:1027:3
	@APP
	msr	primask, r0
	@NO_APP
.Ltmp49:
.LBB5_5:
	@DEBUG_VALUE: __l_irq_rest <- $r7
	@DEBUG_VALUE: i2c_eeprom_read_byte:address <- $r5
	@DEBUG_VALUE: i2c_eeprom_read_byte:byte <- $r4
	.loc	5 0 3                           @ ../../../../../sdk/platform/include/CMSIS/5.9.0/CMSIS/Core/Include\cmsis_armclang.h:0:3
	ldr	r0, __arm_cp.5_0
.Ltmp50:
.LBB5_6:                                @ =>This Inner Loop Header: Depth=1
	@DEBUG_VALUE: i2c_eeprom_read_byte:address <- $r5
	@DEBUG_VALUE: i2c_eeprom_read_byte:byte <- $r4
	.loc	2 1085 12 is_stmt 1             @ ./../../../../../sdk/platform/driver/i2c\i2c.h:1085:12
	ldrh	r1, [r0, #8]
.Ltmp51:
	.loc	3 187 5                         @ ../../../../../sdk/platform/driver/i2c_eeprom/i2c_eeprom.c:187:5
	lsls	r1, r1, #26
	beq	.LBB5_6
.Ltmp52:
@ %bb.7:
	@DEBUG_VALUE: i2c_eeprom_read_byte:address <- $r5
	@DEBUG_VALUE: i2c_eeprom_read_byte:byte <- $r4
	.loc	3 0 5 is_stmt 0                 @ ../../../../../sdk/platform/driver/i2c_eeprom/i2c_eeprom.c:0:5
	ldr	r1, __arm_cp.5_1
.Ltmp53:
	.loc	2 1195 12 is_stmt 1             @ ./../../../../../sdk/platform/driver/i2c\i2c.h:1195:12
	ldrh	r1, [r1]
.Ltmp54:
	.loc	3 188 11                        @ ../../../../../sdk/platform/driver/i2c_eeprom/i2c_eeprom.c:188:11
	strb	r1, [r4]
.Ltmp55:
.LBB5_8:                                @ =>This Inner Loop Header: Depth=1
	@DEBUG_VALUE: i2c_eeprom_read_byte:address <- $r5
	@DEBUG_VALUE: i2c_eeprom_read_byte:byte <- $r4
	.loc	2 994 13                        @ ./../../../../../sdk/platform/driver/i2c\i2c.h:994:13
	ldrh	r1, [r0]
.Ltmp56:
	.loc	3 190 5                         @ ../../../../../sdk/platform/driver/i2c_eeprom/i2c_eeprom.c:190:5
	lsls	r1, r1, #29
	bpl	.LBB5_8
.Ltmp57:
.LBB5_9:                                @ =>This Inner Loop Header: Depth=1
	@DEBUG_VALUE: i2c_eeprom_read_byte:address <- $r5
	@DEBUG_VALUE: i2c_eeprom_read_byte:byte <- $r4
	.loc	2 1140 13                       @ ./../../../../../sdk/platform/driver/i2c\i2c.h:1140:13
	ldrh	r1, [r0]
.Ltmp58:
	.loc	3 191 5                         @ ../../../../../sdk/platform/driver/i2c_eeprom/i2c_eeprom.c:191:5
	lsls	r1, r1, #26
	bmi	.LBB5_9
.Ltmp59:
@ %bb.10:
	@DEBUG_VALUE: i2c_eeprom_read_byte:address <- $r5
	@DEBUG_VALUE: i2c_eeprom_read_byte:byte <- $r4
	.loc	3 0 5 is_stmt 0                 @ ../../../../../sdk/platform/driver/i2c_eeprom/i2c_eeprom.c:0:5
	movs	r0, #0
	.loc	3 194 1 epilogue_begin is_stmt 1 @ ../../../../../sdk/platform/driver/i2c_eeprom/i2c_eeprom.c:194:1
	pop	{r3, r4, r5, r6, r7, pc}
.Ltmp60:
	.loc	3 0 1 is_stmt 0                 @ :0:1
.Ltmp61:
	.p2align	2
@ %bb.11:
__arm_cp.5_0:
	.long	1342182256                      @ 0x50001370
.Lcpi_end6:
	.size	__arm_cp.5_0, .Lcpi_end6-__arm_cp.5_0
__arm_cp.5_1:
	.long	1342182160                      @ 0x50001310
.Lcpi_end7:
	.size	__arm_cp.5_1, .Lcpi_end7-__arm_cp.5_1
.Lfunc_end5:
	.size	i2c_eeprom_read_byte, .Lfunc_end5-i2c_eeprom_read_byte
	.cfi_endproc
	.cantunwind
	.fnend
                                        @ -- End function
	.p2align	2                               @ -- Begin function i2c_eeprom_send_address
	.type	i2c_eeprom_send_address,%function
	.code	16                              @ @i2c_eeprom_send_address
	.thumb_func
i2c_eeprom_send_address:
.Lfunc_begin6:
	.loc	3 146 0 is_stmt 1               @ ../../../../../sdk/platform/driver/i2c_eeprom/i2c_eeprom.c:146:0
	.fnstart
	.cfi_startproc
@ %bb.0:
	@DEBUG_VALUE: i2c_eeprom_send_address:address <- $r0
	.save	{r4, r5, r6, lr}
	push	{r4, r5, r6, lr}
	.cfi_def_cfa_offset 16
	.cfi_offset lr, -4
	.cfi_offset r6, -8
	.cfi_offset r5, -12
	.cfi_offset r4, -16
.Ltmp62:
	.loc	3 147 34 prologue_end           @ ../../../../../sdk/platform/driver/i2c_eeprom/i2c_eeprom.c:147:34
	ldr	r4, __arm_cp.6_0
	ldrb	r2, [r4, #22]
	ldr	r1, __arm_cp.6_1
	.loc	3 147 5 is_stmt 0               @ ../../../../../sdk/platform/driver/i2c_eeprom/i2c_eeprom.c:147:5
	cmp	r2, #1
	beq	.LBB6_3
.Ltmp63:
@ %bb.1:
	@DEBUG_VALUE: i2c_eeprom_send_address:address <- $r0
	cmp	r2, #2
	bne	.LBB6_6
.Ltmp64:
@ %bb.2:
	@DEBUG_VALUE: i2c_eeprom_send_address:address <- $r0
	.loc	3 161 37 is_stmt 1              @ ../../../../../sdk/platform/driver/i2c_eeprom/i2c_eeprom.c:161:37
	lsrs	r2, r0, #16
	.loc	3 161 28 is_stmt 0              @ ../../../../../sdk/platform/driver/i2c_eeprom/i2c_eeprom.c:161:28
	uxtb	r2, r2
.Ltmp65:
	@DEBUG_VALUE: i2c_write_byte:data <- $r2
	.loc	2 1173 5 is_stmt 1              @ ./../../../../../sdk/platform/driver/i2c\i2c.h:1173:5
	strh	r2, [r1, #12]
	b	.LBB6_5
.Ltmp66:
.LBB6_3:
	@DEBUG_VALUE: i2c_eeprom_send_address:address <- $r0
	.loc	2 0 5 is_stmt 0                 @ ./../../../../../sdk/platform/driver/i2c\i2c.h:0:5
	ldr	r2, __arm_cp.6_2
.Ltmp67:
	@DEBUG_VALUE: i2c_set_controller_status:status <- 0
	.loc	2 501 5 is_stmt 1               @ ./../../../../../sdk/platform/driver/i2c\i2c.h:501:5
	ldrh	r5, [r2]
	movs	r3, #1
	bics	r5, r3
	strh	r5, [r2]
.Ltmp68:
	.loc	3 153 36                        @ ../../../../../sdk/platform/driver/i2c_eeprom/i2c_eeprom.c:153:36
	lsls	r5, r0, #14
	lsrs	r5, r5, #30
	.loc	3 153 55 is_stmt 0              @ ../../../../../sdk/platform/driver/i2c_eeprom/i2c_eeprom.c:153:55
	ldrh	r4, [r4, #12]
	.loc	3 153 36                        @ ../../../../../sdk/platform/driver/i2c_eeprom/i2c_eeprom.c:153:36
	orrs	r4, r5
	movs	r5, #63
	lsls	r5, r5, #10
.Ltmp69:
	@DEBUG_VALUE: i2c_set_target_address:address <- $r4
	.loc	2 628 5 is_stmt 1               @ ./../../../../../sdk/platform/driver/i2c\i2c.h:628:5
	ldrh	r6, [r1]
	ands	r6, r5
	orrs	r6, r4
	strh	r6, [r1]
.Ltmp70:
	@DEBUG_VALUE: i2c_set_controller_status:status <- 1
	.loc	2 501 5                         @ ./../../../../../sdk/platform/driver/i2c\i2c.h:501:5
	ldrh	r4, [r2]
.Ltmp71:
	orrs	r4, r3
	strh	r4, [r2]
.Ltmp72:
.LBB6_4:                                @ =>This Inner Loop Header: Depth=1
	@DEBUG_VALUE: i2c_eeprom_send_address:address <- $r0
	.loc	2 1140 13                       @ ./../../../../../sdk/platform/driver/i2c\i2c.h:1140:13
	ldrh	r3, [r2, #4]
.Ltmp73:
	.loc	3 155 13                        @ ../../../../../sdk/platform/driver/i2c_eeprom/i2c_eeprom.c:155:13
	lsls	r3, r3, #26
	bmi	.LBB6_4
.Ltmp74:
.LBB6_5:
	@DEBUG_VALUE: i2c_eeprom_send_address:address <- $r0
	.loc	3 0 0 is_stmt 0                 @ ../../../../../sdk/platform/driver/i2c_eeprom/i2c_eeprom.c:0:0
	uxth	r2, r0
	lsrs	r2, r2, #8
.Ltmp75:
	@DEBUG_VALUE: i2c_write_byte:data <- $r2
	.loc	2 1173 5 is_stmt 1              @ ./../../../../../sdk/platform/driver/i2c\i2c.h:1173:5
	strh	r2, [r1, #12]
.Ltmp76:
.LBB6_6:
	@DEBUG_VALUE: i2c_eeprom_send_address:address <- $r0
	.loc	3 167 20                        @ ../../../../../sdk/platform/driver/i2c_eeprom/i2c_eeprom.c:167:20
	uxtb	r0, r0
.Ltmp77:
	@DEBUG_VALUE: i2c_eeprom_send_address:address <- [DW_OP_LLVM_entry_value 1] $r0
	@DEBUG_VALUE: i2c_write_byte:data <- $r0
	.loc	2 1173 5                        @ ./../../../../../sdk/platform/driver/i2c\i2c.h:1173:5
	strh	r0, [r1, #12]
.Ltmp78:
	.loc	3 168 1 epilogue_begin          @ ../../../../../sdk/platform/driver/i2c_eeprom/i2c_eeprom.c:168:1
	pop	{r4, r5, r6, pc}
.Ltmp79:
	.loc	3 0 1 is_stmt 0                 @ :0:1
.Ltmp80:
	.p2align	2
@ %bb.7:
__arm_cp.6_0:
	.long	i2c_eeprom_env
.Lcpi_end8:
	.size	__arm_cp.6_0, .Lcpi_end8-__arm_cp.6_0
__arm_cp.6_1:
	.long	1342182148                      @ 0x50001304
.Lcpi_end9:
	.size	__arm_cp.6_1, .Lcpi_end9-__arm_cp.6_1
__arm_cp.6_2:
	.long	1342182252                      @ 0x5000136c
.Lcpi_end10:
	.size	__arm_cp.6_2, .Lcpi_end10-__arm_cp.6_2
.Lfunc_end6:
	.size	i2c_eeprom_send_address, .Lfunc_end6-i2c_eeprom_send_address
	.cfi_endproc
	.cantunwind
	.fnend
                                        @ -- End function
	.hidden	i2c_eeprom_read_data            @ -- Begin function i2c_eeprom_read_data
	.globl	i2c_eeprom_read_data
	.p2align	2
	.type	i2c_eeprom_read_data,%function
	.code	16                              @ @i2c_eeprom_read_data
	.thumb_func
i2c_eeprom_read_data:
.Lfunc_begin7:
	.loc	3 238 0 is_stmt 1               @ ../../../../../sdk/platform/driver/i2c_eeprom/i2c_eeprom.c:238:0
	.fnstart
	.cfi_startproc
@ %bb.0:
	@DEBUG_VALUE: i2c_eeprom_read_data:address <- $r1
	@DEBUG_VALUE: i2c_eeprom_read_data:size <- $r2
	@DEBUG_VALUE: i2c_eeprom_read_data:bytes_read <- $r3
	@DEBUG_VALUE: i2c_eeprom_read_data:size <- $r2
	@DEBUG_VALUE: i2c_eeprom_read_data:address <- $r1
	.save	{r4, r5, r6, lr}
	.pad	#8
	push	{r2, r3, r4, r5, r6, lr}
	.cfi_def_cfa_offset 24
	.cfi_offset lr, -4
	.cfi_offset r6, -8
	.cfi_offset r5, -12
	.cfi_offset r4, -16
	str	r0, [sp, #4]
.Ltmp81:
	.loc	3 241 9 prologue_end            @ ../../../../../sdk/platform/driver/i2c_eeprom/i2c_eeprom.c:241:9
	cmp	r2, #0
	beq	.LBB7_9
.Ltmp82:
@ %bb.1:
	@DEBUG_VALUE: i2c_eeprom_read_data:bytes_read <- $r3
	@DEBUG_VALUE: i2c_eeprom_read_data:size <- $r2
	@DEBUG_VALUE: i2c_eeprom_read_data:address <- $r1
	.loc	3 0 9 is_stmt 0                 @ ../../../../../sdk/platform/driver/i2c_eeprom/i2c_eeprom.c:0:9
	mov	r4, r2
.Ltmp83:
	@DEBUG_VALUE: i2c_eeprom_read_data:size <- $r4
	mov	r5, r1
.Ltmp84:
	@DEBUG_VALUE: i2c_eeprom_read_data:address <- $r5
	.loc	3 248 38 is_stmt 1              @ ../../../../../sdk/platform/driver/i2c_eeprom/i2c_eeprom.c:248:38
	ldr	r0, __arm_cp.7_0
	ldr	r0, [r0, #16]
	.loc	3 248 43 is_stmt 0              @ ../../../../../sdk/platform/driver/i2c_eeprom/i2c_eeprom.c:248:43
	subs	r0, r0, r1
	cmp	r2, r0
	blo	.LBB7_3
.Ltmp85:
@ %bb.2:
	@DEBUG_VALUE: i2c_eeprom_read_data:address <- $r5
	@DEBUG_VALUE: i2c_eeprom_read_data:size <- $r4
	@DEBUG_VALUE: i2c_eeprom_read_data:bytes_read <- $r3
	.loc	3 0 43                          @ ../../../../../sdk/platform/driver/i2c_eeprom/i2c_eeprom.c:0:43
	mov	r4, r0
.Ltmp86:
	@DEBUG_VALUE: i2c_eeprom_read_data:size <- [DW_OP_LLVM_entry_value 1] $r2
.LBB7_3:
	@DEBUG_VALUE: i2c_eeprom_read_data:address <- $r5
	@DEBUG_VALUE: i2c_eeprom_read_data:bytes_read <- $r3
	@DEBUG_VALUE: i2c_eeprom_read_data:tmp_size <- $r4
	str	r4, [r3]
.Ltmp87:
	.loc	3 259 9 is_stmt 1               @ ../../../../../sdk/platform/driver/i2c_eeprom/i2c_eeprom.c:259:9
	bl	i2c_wait_until_eeprom_ready
.Ltmp88:
	@DEBUG_VALUE: i2c_eeprom_read_data:bytes_read <- [DW_OP_LLVM_entry_value 1] $r3
	.loc	3 259 9 is_stmt 0               @ ../../../../../sdk/platform/driver/i2c_eeprom/i2c_eeprom.c:259:9
	cmp	r0, #0
	beq	.LBB7_6
.Ltmp89:
@ %bb.4:
	@DEBUG_VALUE: i2c_eeprom_read_data:bytes_read <- [DW_OP_LLVM_entry_value 1] $r3
	@DEBUG_VALUE: i2c_eeprom_read_data:tmp_size <- $r4
	@DEBUG_VALUE: i2c_eeprom_read_data:address <- $r5
	.loc	3 0 9                           @ ../../../../../sdk/platform/driver/i2c_eeprom/i2c_eeprom.c:0:9
	movs	r6, #1
	.loc	3 259 9                         @ ../../../../../sdk/platform/driver/i2c_eeprom/i2c_eeprom.c:259:9
	b	.LBB7_10
.Ltmp90:
.LBB7_5:                                @   in Loop: Header=BB7_6 Depth=1
	@DEBUG_VALUE: i2c_eeprom_read_data:bytes_read <- [DW_OP_LLVM_entry_value 1] $r3
	@DEBUG_VALUE: i2c_eeprom_read_data:tmp_size <- $r4
	@DEBUG_VALUE: i2c_eeprom_read_data:address <- $r5
	.loc	3 0 9                           @ ../../../../../sdk/platform/driver/i2c_eeprom/i2c_eeprom.c:0:9
	add	r0, sp, #4
	movs	r2, #32
.Ltmp91:
	.loc	3 267 9 is_stmt 1               @ ../../../../../sdk/platform/driver/i2c_eeprom/i2c_eeprom.c:267:9
	mov	r1, r5
	bl	read_data_single
.Ltmp92:
	.loc	3 270 18                        @ ../../../../../sdk/platform/driver/i2c_eeprom/i2c_eeprom.c:270:18
	subs	r4, #32
.Ltmp93:
	@DEBUG_VALUE: i2c_eeprom_read_data:tmp_size <- $r4
	.loc	3 269 17                        @ ../../../../../sdk/platform/driver/i2c_eeprom/i2c_eeprom.c:269:17
	adds	r5, #32
.Ltmp94:
	@DEBUG_VALUE: i2c_eeprom_read_data:address <- $r5
.LBB7_6:                                @ =>This Inner Loop Header: Depth=1
	@DEBUG_VALUE: i2c_eeprom_read_data:bytes_read <- [DW_OP_LLVM_entry_value 1] $r3
	@DEBUG_VALUE: i2c_eeprom_read_data:tmp_size <- $r4
	@DEBUG_VALUE: i2c_eeprom_read_data:address <- $r5
	@DEBUG_VALUE: i2c_eeprom_read_data:address <- $r5
	@DEBUG_VALUE: i2c_eeprom_read_data:tmp_size <- $r4
	.loc	3 265 5                         @ ../../../../../sdk/platform/driver/i2c_eeprom/i2c_eeprom.c:265:5
	cmp	r4, #32
	bhs	.LBB7_5
.Ltmp95:
@ %bb.7:
	@DEBUG_VALUE: i2c_eeprom_read_data:bytes_read <- [DW_OP_LLVM_entry_value 1] $r3
	@DEBUG_VALUE: i2c_eeprom_read_data:tmp_size <- $r4
	@DEBUG_VALUE: i2c_eeprom_read_data:address <- $r5
	.loc	3 0 5 is_stmt 0                 @ ../../../../../sdk/platform/driver/i2c_eeprom/i2c_eeprom.c:0:5
	movs	r6, #0
	.loc	3 273 9 is_stmt 1               @ ../../../../../sdk/platform/driver/i2c_eeprom/i2c_eeprom.c:273:9
	cmp	r4, #0
	beq	.LBB7_10
.Ltmp96:
@ %bb.8:
	@DEBUG_VALUE: i2c_eeprom_read_data:bytes_read <- [DW_OP_LLVM_entry_value 1] $r3
	@DEBUG_VALUE: i2c_eeprom_read_data:tmp_size <- $r4
	@DEBUG_VALUE: i2c_eeprom_read_data:address <- $r5
	.loc	3 0 9 is_stmt 0                 @ ../../../../../sdk/platform/driver/i2c_eeprom/i2c_eeprom.c:0:9
	add	r0, sp, #4
.Ltmp97:
	.loc	3 275 9 is_stmt 1               @ ../../../../../sdk/platform/driver/i2c_eeprom/i2c_eeprom.c:275:9
	mov	r1, r5
	mov	r2, r4
	bl	read_data_single
.Ltmp98:
	.loc	3 0 9 is_stmt 0                 @ ../../../../../sdk/platform/driver/i2c_eeprom/i2c_eeprom.c:0:9
	b	.LBB7_10
.Ltmp99:
.LBB7_9:
	@DEBUG_VALUE: i2c_eeprom_read_data:bytes_read <- $r3
	@DEBUG_VALUE: i2c_eeprom_read_data:size <- $r2
	@DEBUG_VALUE: i2c_eeprom_read_data:address <- $r1
	movs	r6, #0
.Ltmp100:
	.loc	3 243 21 is_stmt 1              @ ../../../../../sdk/platform/driver/i2c_eeprom/i2c_eeprom.c:243:21
	str	r6, [r3]
.Ltmp101:
.LBB7_10:
	.loc	3 279 1                         @ ../../../../../sdk/platform/driver/i2c_eeprom/i2c_eeprom.c:279:1
	mov	r0, r6
	.loc	3 279 1 epilogue_begin is_stmt 0 @ ../../../../../sdk/platform/driver/i2c_eeprom/i2c_eeprom.c:279:1
	pop	{r2, r3, r4, r5, r6, pc}
.Ltmp102:
	.loc	3 0 1                           @ :0:1
.Ltmp103:
	.p2align	2
@ %bb.11:
__arm_cp.7_0:
	.long	i2c_eeprom_env
.Lcpi_end11:
	.size	__arm_cp.7_0, .Lcpi_end11-__arm_cp.7_0
.Lfunc_end7:
	.size	i2c_eeprom_read_data, .Lfunc_end7-i2c_eeprom_read_data
	.cfi_endproc
	.cantunwind
	.fnend
                                        @ -- End function
	.p2align	2                               @ -- Begin function read_data_single
	.type	read_data_single,%function
	.code	16                              @ @read_data_single
	.thumb_func
read_data_single:
.Lfunc_begin8:
	.loc	3 205 0 is_stmt 1               @ ../../../../../sdk/platform/driver/i2c_eeprom/i2c_eeprom.c:205:0
	.fnstart
	.cfi_startproc
@ %bb.0:
	@DEBUG_VALUE: read_data_single:p <- $r0
	@DEBUG_VALUE: read_data_single:address <- $r1
	@DEBUG_VALUE: read_data_single:size <- $r2
	.save	{r4, r5, r6, r7, lr}
	.pad	#12
	push	{r1, r2, r3, r4, r5, r6, r7, lr}
	.cfi_def_cfa_offset 32
	.cfi_offset lr, -4
	.cfi_offset r7, -8
	.cfi_offset r6, -12
	.cfi_offset r5, -16
	.cfi_offset r4, -20
	mov	r4, r2
.Ltmp104:
	@DEBUG_VALUE: read_data_single:size <- $r4
	mov	r5, r0
.Ltmp105:
	@DEBUG_VALUE: read_data_single:p <- $r5
	.loc	5 999 3 prologue_end            @ ../../../../../sdk/platform/include/CMSIS/5.9.0/CMSIS/Core/Include\cmsis_armclang.h:999:3
	@APP
	mrs	r0, primask
	@NO_APP
.Ltmp106:
	@DEBUG_VALUE: __l_irq_rest <- $r0
	@DEBUG_VALUE: __get_PRIMASK:result <- $r0
	.loc	5 0 3 is_stmt 0                 @ ../../../../../sdk/platform/include/CMSIS/5.9.0/CMSIS/Core/Include\cmsis_armclang.h:0:3
	str	r0, [sp, #8]                    @ 4-byte Spill
.Ltmp107:
	@DEBUG_VALUE: __l_irq_rest <- [DW_OP_plus_uconst 8] [$sp+0]
	@DEBUG_VALUE: __l_irq_rest <- [DW_OP_plus_uconst 8] [$sp+0]
	@DEBUG_VALUE: __get_PRIMASK:result <- [DW_OP_plus_uconst 8] [$sp+0]
	movs	r6, #1
.Ltmp108:
	@DEBUG_VALUE: __set_PRIMASK:priMask <- 1
	.loc	5 1027 3 is_stmt 1              @ ../../../../../sdk/platform/include/CMSIS/5.9.0/CMSIS/Core/Include\cmsis_armclang.h:1027:3
	@APP
	msr	primask, r6
	@NO_APP
.Ltmp109:
	.loc	3 211 5                         @ ../../../../../sdk/platform/driver/i2c_eeprom/i2c_eeprom.c:211:5
	mov	r0, r1
.Ltmp110:
	@DEBUG_VALUE: read_data_single:address <- $r0
	bl	i2c_eeprom_send_address
.Ltmp111:
	@DEBUG_VALUE: read_data_single:j <- 0
	.loc	3 0 5 is_stmt 0                 @ ../../../../../sdk/platform/driver/i2c_eeprom/i2c_eeprom.c:0:5
	subs	r1, r4, #1
	str	r6, [sp, #4]                    @ 4-byte Spill
	lsls	r0, r6, #8
	movs	r2, #0
	ldr	r7, __arm_cp.8_0
	ldr	r6, __arm_cp.8_1
.Ltmp112:
.LBB8_1:                                @ =>This Loop Header: Depth=1
                                        @     Child Loop BB8_2 Depth 2
	@DEBUG_VALUE: __l_irq_rest <- [DW_OP_plus_uconst 8] [$sp+0]
	@DEBUG_VALUE: read_data_single:p <- $r5
	@DEBUG_VALUE: read_data_single:size <- $r4
	@DEBUG_VALUE: read_data_single:j <- $r2
	.loc	3 213 5 is_stmt 1               @ ../../../../../sdk/platform/driver/i2c_eeprom/i2c_eeprom.c:213:5
	cmp	r2, r1
	beq	.LBB8_4
.Ltmp113:
.LBB8_2:                                @   Parent Loop BB8_1 Depth=1
                                        @ =>  This Inner Loop Header: Depth=2
	@DEBUG_VALUE: read_data_single:j <- $r2
	@DEBUG_VALUE: __l_irq_rest <- [DW_OP_plus_uconst 8] [$sp+0]
	@DEBUG_VALUE: read_data_single:p <- $r5
	@DEBUG_VALUE: read_data_single:size <- $r4
	.loc	2 1007 13                       @ ./../../../../../sdk/platform/driver/i2c\i2c.h:1007:13
	ldrh	r3, [r6]
.Ltmp114:
	.loc	3 215 9                         @ ../../../../../sdk/platform/driver/i2c_eeprom/i2c_eeprom.c:215:9
	lsls	r3, r3, #30
	bpl	.LBB8_2
.Ltmp115:
@ %bb.3:                                @   in Loop: Header=BB8_1 Depth=1
	@DEBUG_VALUE: read_data_single:j <- $r2
	@DEBUG_VALUE: __l_irq_rest <- [DW_OP_plus_uconst 8] [$sp+0]
	@DEBUG_VALUE: read_data_single:p <- $r5
	@DEBUG_VALUE: read_data_single:size <- $r4
	@DEBUG_VALUE: i2c_write_byte:data <- 256
	.loc	2 1173 5                        @ ./../../../../../sdk/platform/driver/i2c\i2c.h:1173:5
	strh	r0, [r7]
.Ltmp116:
	.loc	3 213 33                        @ ../../../../../sdk/platform/driver/i2c_eeprom/i2c_eeprom.c:213:33
	adds	r2, r2, #1
.Ltmp117:
	@DEBUG_VALUE: read_data_single:j <- $r2
	.loc	3 213 5 is_stmt 0               @ ../../../../../sdk/platform/driver/i2c_eeprom/i2c_eeprom.c:213:5
	b	.LBB8_1
.Ltmp118:
.LBB8_4:                                @ =>This Inner Loop Header: Depth=1
	@DEBUG_VALUE: read_data_single:j <- $r2
	@DEBUG_VALUE: __l_irq_rest <- [DW_OP_plus_uconst 8] [$sp+0]
	@DEBUG_VALUE: read_data_single:p <- $r5
	@DEBUG_VALUE: read_data_single:size <- $r4
	.loc	2 1007 13 is_stmt 1             @ ./../../../../../sdk/platform/driver/i2c\i2c.h:1007:13
	ldrh	r1, [r6]
.Ltmp119:
	.loc	3 219 5                         @ ../../../../../sdk/platform/driver/i2c_eeprom/i2c_eeprom.c:219:5
	lsls	r1, r1, #30
	bpl	.LBB8_4
.Ltmp120:
@ %bb.5:
	@DEBUG_VALUE: read_data_single:j <- $r2
	@DEBUG_VALUE: __l_irq_rest <- [DW_OP_plus_uconst 8] [$sp+0]
	@DEBUG_VALUE: read_data_single:p <- $r5
	@DEBUG_VALUE: read_data_single:size <- $r4
	.loc	3 220 5                         @ ../../../../../sdk/platform/driver/i2c_eeprom/i2c_eeprom.c:220:5
	bl	i2c_write_last_byte
.Ltmp121:
	.loc	3 223 5                         @ ../../../../../sdk/platform/driver/i2c_eeprom/i2c_eeprom.c:223:5
	ldr	r0, [sp, #8]                    @ 4-byte Reload
	cmp	r0, #0
	beq	.LBB8_7
.Ltmp122:
@ %bb.6:
	@DEBUG_VALUE: __l_irq_rest <- [DW_OP_plus_uconst 8] [$sp+0]
	@DEBUG_VALUE: read_data_single:p <- $r5
	@DEBUG_VALUE: read_data_single:size <- $r4
	@DEBUG_VALUE: __set_PRIMASK:priMask <- 1
	.loc	5 1027 3                        @ ../../../../../sdk/platform/include/CMSIS/5.9.0/CMSIS/Core/Include\cmsis_armclang.h:1027:3
	ldr	r0, [sp, #4]                    @ 4-byte Reload
	@APP
	msr	primask, r0
	@NO_APP
	b	.LBB8_8
.Ltmp123:
.LBB8_7:
	@DEBUG_VALUE: __l_irq_rest <- [DW_OP_plus_uconst 8] [$sp+0]
	@DEBUG_VALUE: read_data_single:p <- $r5
	@DEBUG_VALUE: read_data_single:size <- $r4
	.loc	5 0 3 is_stmt 0                 @ ../../../../../sdk/platform/include/CMSIS/5.9.0/CMSIS/Core/Include\cmsis_armclang.h:0:3
	movs	r0, #0
.Ltmp124:
	@DEBUG_VALUE: __set_PRIMASK:priMask <- 0
	.loc	5 1027 3                        @ ../../../../../sdk/platform/include/CMSIS/5.9.0/CMSIS/Core/Include\cmsis_armclang.h:1027:3
	@APP
	msr	primask, r0
	@NO_APP
.Ltmp125:
.LBB8_8:
	@DEBUG_VALUE: __l_irq_rest <- [DW_OP_plus_uconst 8] [$sp+0]
	@DEBUG_VALUE: read_data_single:p <- $r5
	@DEBUG_VALUE: read_data_single:size <- $r4
	.loc	5 0 3                           @ ../../../../../sdk/platform/include/CMSIS/5.9.0/CMSIS/Core/Include\cmsis_armclang.h:0:3
	movs	r0, #0
.Ltmp126:
.LBB8_9:                                @ =>This Loop Header: Depth=1
                                        @     Child Loop BB8_10 Depth 2
	@DEBUG_VALUE: read_data_single:p <- $r5
	@DEBUG_VALUE: read_data_single:size <- $r4
	@DEBUG_VALUE: read_data_single:j <- $r0
	.loc	3 226 5 is_stmt 1               @ ../../../../../sdk/platform/driver/i2c_eeprom/i2c_eeprom.c:226:5
	cmp	r0, r4
	beq	.LBB8_12
.Ltmp127:
.LBB8_10:                               @   Parent Loop BB8_9 Depth=1
                                        @ =>  This Inner Loop Header: Depth=2
	@DEBUG_VALUE: read_data_single:j <- $r0
	@DEBUG_VALUE: read_data_single:p <- $r5
	@DEBUG_VALUE: read_data_single:size <- $r4
	.loc	2 1085 12                       @ ./../../../../../sdk/platform/driver/i2c\i2c.h:1085:12
	ldrh	r1, [r6, #8]
.Ltmp128:
	.loc	3 228 9                         @ ../../../../../sdk/platform/driver/i2c_eeprom/i2c_eeprom.c:228:9
	lsls	r1, r1, #26
	beq	.LBB8_10
.Ltmp129:
@ %bb.11:                               @   in Loop: Header=BB8_9 Depth=1
	@DEBUG_VALUE: read_data_single:j <- $r0
	@DEBUG_VALUE: read_data_single:p <- $r5
	@DEBUG_VALUE: read_data_single:size <- $r4
	.loc	3 229 10                        @ ../../../../../sdk/platform/driver/i2c_eeprom/i2c_eeprom.c:229:10
	ldr	r1, [r5]
.Ltmp130:
	.loc	2 1195 12                       @ ./../../../../../sdk/platform/driver/i2c\i2c.h:1195:12
	ldrh	r2, [r7]
.Ltmp131:
	.loc	3 229 13                        @ ../../../../../sdk/platform/driver/i2c_eeprom/i2c_eeprom.c:229:13
	strb	r2, [r1]
	.loc	3 230 13                        @ ../../../../../sdk/platform/driver/i2c_eeprom/i2c_eeprom.c:230:13
	ldr	r1, [r5]
	adds	r1, r1, #1
	str	r1, [r5]
.Ltmp132:
	.loc	3 226 28                        @ ../../../../../sdk/platform/driver/i2c_eeprom/i2c_eeprom.c:226:28
	adds	r0, r0, #1
.Ltmp133:
	@DEBUG_VALUE: read_data_single:j <- $r0
	.loc	3 226 5 is_stmt 0               @ ../../../../../sdk/platform/driver/i2c_eeprom/i2c_eeprom.c:226:5
	b	.LBB8_9
.Ltmp134:
.LBB8_12:                               @ =>This Inner Loop Header: Depth=1
	@DEBUG_VALUE: read_data_single:p <- $r5
	@DEBUG_VALUE: read_data_single:size <- $r4
	.loc	2 994 13 is_stmt 1              @ ./../../../../../sdk/platform/driver/i2c\i2c.h:994:13
	ldrh	r0, [r6]
.Ltmp135:
	.loc	3 233 5                         @ ../../../../../sdk/platform/driver/i2c_eeprom/i2c_eeprom.c:233:5
	lsls	r0, r0, #29
	bpl	.LBB8_12
.Ltmp136:
.LBB8_13:                               @ =>This Inner Loop Header: Depth=1
	@DEBUG_VALUE: read_data_single:p <- $r5
	@DEBUG_VALUE: read_data_single:size <- $r4
	.loc	2 1140 13                       @ ./../../../../../sdk/platform/driver/i2c\i2c.h:1140:13
	ldrh	r0, [r6]
.Ltmp137:
	.loc	3 234 5                         @ ../../../../../sdk/platform/driver/i2c_eeprom/i2c_eeprom.c:234:5
	lsls	r0, r0, #26
	bmi	.LBB8_13
.Ltmp138:
@ %bb.14:
	@DEBUG_VALUE: read_data_single:p <- $r5
	@DEBUG_VALUE: read_data_single:size <- $r4
	.loc	3 235 1 epilogue_begin          @ ../../../../../sdk/platform/driver/i2c_eeprom/i2c_eeprom.c:235:1
	pop	{r1, r2, r3, r4, r5, r6, r7, pc}
.Ltmp139:
	.loc	3 0 1 is_stmt 0                 @ :0:1
.Ltmp140:
	.p2align	2
@ %bb.15:
__arm_cp.8_0:
	.long	1342182160                      @ 0x50001310
.Lcpi_end12:
	.size	__arm_cp.8_0, .Lcpi_end12-__arm_cp.8_0
__arm_cp.8_1:
	.long	1342182256                      @ 0x50001370
.Lcpi_end13:
	.size	__arm_cp.8_1, .Lcpi_end13-__arm_cp.8_1
.Lfunc_end8:
	.size	read_data_single, .Lfunc_end8-read_data_single
	.cfi_endproc
	.cantunwind
	.fnend
                                        @ -- End function
	.hidden	i2c_eeprom_write_byte           @ -- Begin function i2c_eeprom_write_byte
	.globl	i2c_eeprom_write_byte
	.p2align	2
	.type	i2c_eeprom_write_byte,%function
	.code	16                              @ @i2c_eeprom_write_byte
	.thumb_func
i2c_eeprom_write_byte:
.Lfunc_begin9:
	.loc	3 282 0 is_stmt 1               @ ../../../../../sdk/platform/driver/i2c_eeprom/i2c_eeprom.c:282:0
	.fnstart
	.cfi_startproc
@ %bb.0:
	@DEBUG_VALUE: i2c_eeprom_write_byte:address <- $r0
	@DEBUG_VALUE: i2c_eeprom_write_byte:byte <- $r1
	.save	{r4, r5, r6, r7, lr}
	.pad	#4
	push	{r3, r4, r5, r6, r7, lr}
	.cfi_def_cfa_offset 24
	.cfi_offset lr, -4
	.cfi_offset r7, -8
	.cfi_offset r6, -12
	.cfi_offset r5, -16
	.cfi_offset r4, -20
	mov	r4, r1
.Ltmp141:
	@DEBUG_VALUE: i2c_eeprom_write_byte:byte <- $r4
	mov	r5, r0
.Ltmp142:
	@DEBUG_VALUE: i2c_eeprom_write_byte:address <- $r5
	.loc	3 283 9 prologue_end            @ ../../../../../sdk/platform/driver/i2c_eeprom/i2c_eeprom.c:283:9
	bl	i2c_wait_until_eeprom_ready
.Ltmp143:
	.loc	3 283 9 is_stmt 0               @ ../../../../../sdk/platform/driver/i2c_eeprom/i2c_eeprom.c:283:9
	cmp	r0, #0
	beq	.LBB9_2
.Ltmp144:
@ %bb.1:
	@DEBUG_VALUE: i2c_eeprom_write_byte:address <- $r5
	@DEBUG_VALUE: i2c_eeprom_write_byte:byte <- $r4
	.loc	3 0 9                           @ ../../../../../sdk/platform/driver/i2c_eeprom/i2c_eeprom.c:0:9
	movs	r0, #1
	.loc	3 302 1 epilogue_begin is_stmt 1 @ ../../../../../sdk/platform/driver/i2c_eeprom/i2c_eeprom.c:302:1
	pop	{r3, r4, r5, r6, r7, pc}
.Ltmp145:
.LBB9_2:
	@DEBUG_VALUE: i2c_eeprom_write_byte:address <- $r5
	@DEBUG_VALUE: i2c_eeprom_write_byte:byte <- $r4
	@DEBUG_VALUE: i2c_eeprom_write_byte:byte <- $r4
	.loc	5 999 3                         @ ../../../../../sdk/platform/include/CMSIS/5.9.0/CMSIS/Core/Include\cmsis_armclang.h:999:3
	@APP
	mrs	r7, primask
	@NO_APP
.Ltmp146:
	@DEBUG_VALUE: __l_irq_rest <- $r7
	@DEBUG_VALUE: __get_PRIMASK:result <- $r7
	.loc	5 0 3 is_stmt 0                 @ ../../../../../sdk/platform/include/CMSIS/5.9.0/CMSIS/Core/Include\cmsis_armclang.h:0:3
	movs	r6, #1
.Ltmp147:
	@DEBUG_VALUE: __set_PRIMASK:priMask <- 1
	.loc	5 1027 3 is_stmt 1              @ ../../../../../sdk/platform/include/CMSIS/5.9.0/CMSIS/Core/Include\cmsis_armclang.h:1027:3
	@APP
	msr	primask, r6
	@NO_APP
.Ltmp148:
	.loc	3 291 5                         @ ../../../../../sdk/platform/driver/i2c_eeprom/i2c_eeprom.c:291:5
	mov	r0, r5
	bl	i2c_eeprom_send_address
.Ltmp149:
	.loc	3 293 5                         @ ../../../../../sdk/platform/driver/i2c_eeprom/i2c_eeprom.c:293:5
	mov	r0, r4
	bl	i2c_write_last_byte
.Ltmp150:
	.loc	3 296 5                         @ ../../../../../sdk/platform/driver/i2c_eeprom/i2c_eeprom.c:296:5
	cmp	r7, #0
	beq	.LBB9_4
.Ltmp151:
@ %bb.3:
	@DEBUG_VALUE: __l_irq_rest <- $r7
	@DEBUG_VALUE: i2c_eeprom_write_byte:address <- $r5
	@DEBUG_VALUE: i2c_eeprom_write_byte:byte <- $r4
	@DEBUG_VALUE: __set_PRIMASK:priMask <- 1
	.loc	5 1027 3                        @ ../../../../../sdk/platform/include/CMSIS/5.9.0/CMSIS/Core/Include\cmsis_armclang.h:1027:3
	@APP
	msr	primask, r6
	@NO_APP
	b	.LBB9_5
.Ltmp152:
.LBB9_4:
	@DEBUG_VALUE: __l_irq_rest <- $r7
	@DEBUG_VALUE: i2c_eeprom_write_byte:address <- $r5
	@DEBUG_VALUE: i2c_eeprom_write_byte:byte <- $r4
	.loc	5 0 3 is_stmt 0                 @ ../../../../../sdk/platform/include/CMSIS/5.9.0/CMSIS/Core/Include\cmsis_armclang.h:0:3
	movs	r0, #0
.Ltmp153:
	@DEBUG_VALUE: __set_PRIMASK:priMask <- 0
	.loc	5 1027 3                        @ ../../../../../sdk/platform/include/CMSIS/5.9.0/CMSIS/Core/Include\cmsis_armclang.h:1027:3
	@APP
	msr	primask, r0
	@NO_APP
.Ltmp154:
.LBB9_5:
	@DEBUG_VALUE: __l_irq_rest <- $r7
	@DEBUG_VALUE: i2c_eeprom_write_byte:address <- $r5
	@DEBUG_VALUE: i2c_eeprom_write_byte:byte <- $r4
	.loc	5 0 3                           @ ../../../../../sdk/platform/include/CMSIS/5.9.0/CMSIS/Core/Include\cmsis_armclang.h:0:3
	ldr	r0, __arm_cp.9_0
.Ltmp155:
.LBB9_6:                                @ =>This Inner Loop Header: Depth=1
	@DEBUG_VALUE: i2c_eeprom_write_byte:address <- $r5
	@DEBUG_VALUE: i2c_eeprom_write_byte:byte <- $r4
	.loc	2 994 13 is_stmt 1              @ ./../../../../../sdk/platform/driver/i2c\i2c.h:994:13
	ldrh	r1, [r0]
.Ltmp156:
	.loc	3 298 5                         @ ../../../../../sdk/platform/driver/i2c_eeprom/i2c_eeprom.c:298:5
	lsls	r1, r1, #29
	bpl	.LBB9_6
.Ltmp157:
.LBB9_7:                                @ =>This Inner Loop Header: Depth=1
	@DEBUG_VALUE: i2c_eeprom_write_byte:address <- $r5
	@DEBUG_VALUE: i2c_eeprom_write_byte:byte <- $r4
	.loc	2 1140 13                       @ ./../../../../../sdk/platform/driver/i2c\i2c.h:1140:13
	ldrh	r1, [r0]
.Ltmp158:
	.loc	3 299 5                         @ ../../../../../sdk/platform/driver/i2c_eeprom/i2c_eeprom.c:299:5
	lsls	r1, r1, #26
	bmi	.LBB9_7
.Ltmp159:
@ %bb.8:
	@DEBUG_VALUE: i2c_eeprom_write_byte:address <- $r5
	@DEBUG_VALUE: i2c_eeprom_write_byte:byte <- $r4
	.loc	3 0 5 is_stmt 0                 @ ../../../../../sdk/platform/driver/i2c_eeprom/i2c_eeprom.c:0:5
	movs	r0, #0
	.loc	3 302 1 epilogue_begin is_stmt 1 @ ../../../../../sdk/platform/driver/i2c_eeprom/i2c_eeprom.c:302:1
	pop	{r3, r4, r5, r6, r7, pc}
.Ltmp160:
	.loc	3 0 1 is_stmt 0                 @ :0:1
.Ltmp161:
	.p2align	2
@ %bb.9:
__arm_cp.9_0:
	.long	1342182256                      @ 0x50001370
.Lcpi_end14:
	.size	__arm_cp.9_0, .Lcpi_end14-__arm_cp.9_0
.Lfunc_end9:
	.size	i2c_eeprom_write_byte, .Lfunc_end9-i2c_eeprom_write_byte
	.cfi_endproc
	.cantunwind
	.fnend
                                        @ -- End function
	.hidden	i2c_eeprom_write_page           @ -- Begin function i2c_eeprom_write_page
	.globl	i2c_eeprom_write_page
	.p2align	2
	.type	i2c_eeprom_write_page,%function
	.code	16                              @ @i2c_eeprom_write_page
	.thumb_func
i2c_eeprom_write_page:
.Lfunc_begin10:
	.loc	3 305 0 is_stmt 1               @ ../../../../../sdk/platform/driver/i2c_eeprom/i2c_eeprom.c:305:0
	.fnstart
	.cfi_startproc
@ %bb.0:
	@DEBUG_VALUE: i2c_eeprom_write_page:wr_data_ptr <- $r0
	@DEBUG_VALUE: i2c_eeprom_write_page:address <- $r1
	@DEBUG_VALUE: i2c_eeprom_write_page:size <- $r2
	@DEBUG_VALUE: i2c_eeprom_write_page:bytes_written <- $r3
	@DEBUG_VALUE: i2c_eeprom_write_page:bytes_written <- $r3
	@DEBUG_VALUE: i2c_eeprom_write_page:size <- $r2
	.save	{r4, r5, r6, r7, lr}
	push	{r4, r5, r6, r7, lr}
	.cfi_def_cfa_offset 20
	.cfi_offset lr, -4
	.cfi_offset r7, -8
	.cfi_offset r6, -12
	.cfi_offset r5, -16
	.cfi_offset r4, -20
	.pad	#20
	sub	sp, #20
	.cfi_def_cfa_offset 40
	mov	r4, r1
.Ltmp162:
	@DEBUG_VALUE: i2c_eeprom_write_page:address <- $r4
	mov	r7, r0
.Ltmp163:
	@DEBUG_VALUE: i2c_eeprom_write_page:wr_data_ptr <- $r7
	movs	r0, #0
	str	r0, [sp, #16]                   @ 4-byte Spill
.Ltmp164:
	.loc	3 307 20 prologue_end           @ ../../../../../sdk/platform/driver/i2c_eeprom/i2c_eeprom.c:307:20
	str	r0, [r3]
.Ltmp165:
	.loc	3 309 41                        @ ../../../../../sdk/platform/driver/i2c_eeprom/i2c_eeprom.c:309:41
	ldr	r0, __arm_cp.10_0
	ldr	r1, [r0, #16]
.Ltmp166:
	.loc	3 309 9 is_stmt 0               @ ../../../../../sdk/platform/driver/i2c_eeprom/i2c_eeprom.c:309:9
	cmp	r4, r1
	bhs	.LBB10_16
.Ltmp167:
@ %bb.1:
	@DEBUG_VALUE: i2c_eeprom_write_page:wr_data_ptr <- $r7
	@DEBUG_VALUE: i2c_eeprom_write_page:address <- $r4
	@DEBUG_VALUE: i2c_eeprom_write_page:bytes_written <- $r3
	@DEBUG_VALUE: i2c_eeprom_write_page:size <- $r2
	.loc	3 0 9                           @ ../../../../../sdk/platform/driver/i2c_eeprom/i2c_eeprom.c:0:9
	mov	r5, r3
.Ltmp168:
	@DEBUG_VALUE: i2c_eeprom_write_page:bytes_written <- $r5
	mov	r6, r2
.Ltmp169:
	@DEBUG_VALUE: i2c_eeprom_write_page:size <- $r6
	@DEBUG_VALUE: i2c_eeprom_write_page:size <- $r6
	.loc	3 312 47 is_stmt 1              @ ../../../../../sdk/platform/driver/i2c_eeprom/i2c_eeprom.c:312:47
	ldrh	r0, [r0, #20]
.Ltmp170:
	@DEBUG_VALUE: i2c_eeprom_write_page:feasible_size <- undef
	.loc	3 319 13                        @ ../../../../../sdk/platform/driver/i2c_eeprom/i2c_eeprom.c:319:13
	str	r0, [sp, #12]                   @ 4-byte Spill
	bl	i2c_wait_until_eeprom_ready
.Ltmp171:
	.loc	3 319 13 is_stmt 0              @ ../../../../../sdk/platform/driver/i2c_eeprom/i2c_eeprom.c:319:13
	cmp	r0, #0
	beq	.LBB10_3
.Ltmp172:
@ %bb.2:
	@DEBUG_VALUE: i2c_eeprom_write_page:size <- $r6
	@DEBUG_VALUE: i2c_eeprom_write_page:bytes_written <- $r5
	@DEBUG_VALUE: i2c_eeprom_write_page:wr_data_ptr <- $r7
	@DEBUG_VALUE: i2c_eeprom_write_page:address <- $r4
	.loc	3 0 13                          @ ../../../../../sdk/platform/driver/i2c_eeprom/i2c_eeprom.c:0:13
	movs	r0, #1
	.loc	3 319 13                        @ ../../../../../sdk/platform/driver/i2c_eeprom/i2c_eeprom.c:319:13
	b	.LBB10_17
.Ltmp173:
.LBB10_3:
	@DEBUG_VALUE: i2c_eeprom_write_page:size <- $r6
	@DEBUG_VALUE: i2c_eeprom_write_page:bytes_written <- $r5
	@DEBUG_VALUE: i2c_eeprom_write_page:wr_data_ptr <- $r7
	@DEBUG_VALUE: i2c_eeprom_write_page:address <- $r4
	@DEBUG_VALUE: i2c_eeprom_write_page:size <- $r6
	.loc	5 999 3 is_stmt 1               @ ../../../../../sdk/platform/include/CMSIS/5.9.0/CMSIS/Core/Include\cmsis_armclang.h:999:3
	@APP
	mrs	r0, primask
	@NO_APP
.Ltmp174:
	@DEBUG_VALUE: __l_irq_rest <- $r0
	@DEBUG_VALUE: __get_PRIMASK:result <- $r0
	.loc	5 0 3 is_stmt 0                 @ ../../../../../sdk/platform/include/CMSIS/5.9.0/CMSIS/Core/Include\cmsis_armclang.h:0:3
	str	r0, [sp, #8]                    @ 4-byte Spill
.Ltmp175:
	@DEBUG_VALUE: __l_irq_rest <- [DW_OP_plus_uconst 8] [$sp+0]
	@DEBUG_VALUE: __l_irq_rest <- [DW_OP_plus_uconst 8] [$sp+0]
	@DEBUG_VALUE: __get_PRIMASK:result <- [DW_OP_plus_uconst 8] [$sp+0]
	movs	r0, #1
	str	r0, [sp, #4]                    @ 4-byte Spill
.Ltmp176:
	@DEBUG_VALUE: __set_PRIMASK:priMask <- 1
	.loc	5 1027 3 is_stmt 1              @ ../../../../../sdk/platform/include/CMSIS/5.9.0/CMSIS/Core/Include\cmsis_armclang.h:1027:3
	@APP
	msr	primask, r0
	@NO_APP
.Ltmp177:
	.loc	3 327 9                         @ ../../../../../sdk/platform/driver/i2c_eeprom/i2c_eeprom.c:327:9
	mov	r0, r4
	bl	i2c_eeprom_send_address
.Ltmp178:
	.loc	3 312 68                        @ ../../../../../sdk/platform/driver/i2c_eeprom/i2c_eeprom.c:312:68
	mov	r0, r4
	ldr	r4, [sp, #12]                   @ 4-byte Reload
.Ltmp179:
	@DEBUG_VALUE: i2c_eeprom_write_page:address <- [DW_OP_LLVM_entry_value 1] $r1
	mov	r1, r4
	bl	__aeabi_uidivmod
.Ltmp180:
	@DEBUG_VALUE: i2c_eeprom_write_page:feasible_size <- [DW_OP_LLVM_arg 0, DW_OP_LLVM_arg 1, DW_OP_minus, DW_OP_stack_value] $r4, $r1
	.loc	3 312 25 is_stmt 0              @ ../../../../../sdk/platform/driver/i2c_eeprom/i2c_eeprom.c:312:25
	subs	r0, r4, r1
.Ltmp181:
	@DEBUG_VALUE: i2c_eeprom_write_page:feasible_size <- $r0
	uxth	r0, r0
.Ltmp182:
	.loc	3 314 13 is_stmt 1              @ ../../../../../sdk/platform/driver/i2c_eeprom/i2c_eeprom.c:314:13
	cmp	r6, r0
	blo	.LBB10_5
.Ltmp183:
@ %bb.4:
	@DEBUG_VALUE: i2c_eeprom_write_page:address <- [DW_OP_LLVM_entry_value 1] $r1
	@DEBUG_VALUE: __set_PRIMASK:priMask <- 1
	@DEBUG_VALUE: __get_PRIMASK:result <- [DW_OP_plus_uconst 8] [$sp+0]
	@DEBUG_VALUE: __l_irq_rest <- [DW_OP_plus_uconst 8] [$sp+0]
	@DEBUG_VALUE: i2c_eeprom_write_page:size <- $r6
	@DEBUG_VALUE: i2c_eeprom_write_page:bytes_written <- $r5
	@DEBUG_VALUE: i2c_eeprom_write_page:wr_data_ptr <- $r7
	.loc	3 0 13 is_stmt 0                @ ../../../../../sdk/platform/driver/i2c_eeprom/i2c_eeprom.c:0:13
	mov	r6, r0
.Ltmp184:
.LBB10_5:
	@DEBUG_VALUE: i2c_eeprom_write_page:address <- [DW_OP_LLVM_entry_value 1] $r1
	@DEBUG_VALUE: __set_PRIMASK:priMask <- 1
	@DEBUG_VALUE: __get_PRIMASK:result <- [DW_OP_plus_uconst 8] [$sp+0]
	@DEBUG_VALUE: __l_irq_rest <- [DW_OP_plus_uconst 8] [$sp+0]
	@DEBUG_VALUE: i2c_eeprom_write_page:bytes_written <- $r5
	@DEBUG_VALUE: i2c_eeprom_write_page:wr_data_ptr <- $r7
	@DEBUG_VALUE: i2c_eeprom_write_page:feasible_size <- $r6
	ldr	r4, __arm_cp.10_1
	@DEBUG_VALUE: i2c_eeprom_write_page:wr_data_ptr <- $r7
	@DEBUG_VALUE: i2c_eeprom_write_page:feasible_size <- $r6
.Ltmp185:
.LBB10_6:                               @ =>This Inner Loop Header: Depth=1
	@DEBUG_VALUE: i2c_eeprom_write_page:feasible_size <- $r6
	@DEBUG_VALUE: i2c_eeprom_write_page:address <- [DW_OP_LLVM_entry_value 1] $r1
	@DEBUG_VALUE: __l_irq_rest <- [DW_OP_plus_uconst 8] [$sp+0]
	@DEBUG_VALUE: i2c_eeprom_write_page:bytes_written <- $r5
	@DEBUG_VALUE: i2c_eeprom_write_page:wr_data_ptr <- $r7
	.loc	2 1007 13 is_stmt 1             @ ./../../../../../sdk/platform/driver/i2c\i2c.h:1007:13
	ldrh	r0, [r4]
.Ltmp186:
	.loc	3 331 13                        @ ../../../../../sdk/platform/driver/i2c_eeprom/i2c_eeprom.c:331:13
	lsls	r0, r0, #30
	bpl	.LBB10_6
.Ltmp187:
@ %bb.7:                                @   in Loop: Header=BB10_6 Depth=1
	@DEBUG_VALUE: i2c_eeprom_write_page:feasible_size <- $r6
	@DEBUG_VALUE: i2c_eeprom_write_page:address <- [DW_OP_LLVM_entry_value 1] $r1
	@DEBUG_VALUE: __l_irq_rest <- [DW_OP_plus_uconst 8] [$sp+0]
	@DEBUG_VALUE: i2c_eeprom_write_page:bytes_written <- $r5
	@DEBUG_VALUE: i2c_eeprom_write_page:wr_data_ptr <- $r7
	.loc	3 0 0 is_stmt 0                 @ ../../../../../sdk/platform/driver/i2c_eeprom/i2c_eeprom.c:0:0
	ldrb	r0, [r7]
	.loc	3 332 31 is_stmt 1              @ ../../../../../sdk/platform/driver/i2c_eeprom/i2c_eeprom.c:332:31
	uxth	r1, r6
.Ltmp188:
	.loc	3 332 17 is_stmt 0              @ ../../../../../sdk/platform/driver/i2c_eeprom/i2c_eeprom.c:332:17
	cmp	r1, #1
	bne	.LBB10_9
.Ltmp189:
@ %bb.8:                                @   in Loop: Header=BB10_6 Depth=1
	@DEBUG_VALUE: i2c_eeprom_write_page:feasible_size <- $r6
	@DEBUG_VALUE: i2c_eeprom_write_page:address <- [DW_OP_LLVM_entry_value 1] $r1
	@DEBUG_VALUE: __l_irq_rest <- [DW_OP_plus_uconst 8] [$sp+0]
	@DEBUG_VALUE: i2c_eeprom_write_page:bytes_written <- $r5
	@DEBUG_VALUE: i2c_eeprom_write_page:wr_data_ptr <- $r7
	.loc	3 334 17 is_stmt 1              @ ../../../../../sdk/platform/driver/i2c_eeprom/i2c_eeprom.c:334:17
	bl	i2c_write_last_byte
.Ltmp190:
	.loc	3 335 13                        @ ../../../../../sdk/platform/driver/i2c_eeprom/i2c_eeprom.c:335:13
	b	.LBB10_10
.Ltmp191:
.LBB10_9:                               @   in Loop: Header=BB10_6 Depth=1
	@DEBUG_VALUE: i2c_eeprom_write_page:feasible_size <- $r6
	@DEBUG_VALUE: i2c_eeprom_write_page:address <- [DW_OP_LLVM_entry_value 1] $r1
	@DEBUG_VALUE: __l_irq_rest <- [DW_OP_plus_uconst 8] [$sp+0]
	@DEBUG_VALUE: i2c_eeprom_write_page:bytes_written <- $r5
	@DEBUG_VALUE: i2c_eeprom_write_page:wr_data_ptr <- $r7
	@DEBUG_VALUE: i2c_write_byte:data <- $r0
	.loc	2 1173 5                        @ ./../../../../../sdk/platform/driver/i2c\i2c.h:1173:5
	ldr	r1, __arm_cp.10_2
	strh	r0, [r1]
.Ltmp192:
.LBB10_10:                              @   in Loop: Header=BB10_6 Depth=1
	@DEBUG_VALUE: i2c_eeprom_write_page:feasible_size <- $r6
	@DEBUG_VALUE: i2c_eeprom_write_page:address <- [DW_OP_LLVM_entry_value 1] $r1
	@DEBUG_VALUE: __l_irq_rest <- [DW_OP_plus_uconst 8] [$sp+0]
	@DEBUG_VALUE: i2c_eeprom_write_page:bytes_written <- $r5
	@DEBUG_VALUE: i2c_eeprom_write_page:wr_data_ptr <- $r7
	.loc	3 343 29                        @ ../../../../../sdk/platform/driver/i2c_eeprom/i2c_eeprom.c:343:29
	ldr	r0, [r5]
	adds	r0, r0, #1
	str	r0, [r5]
	.loc	3 341 24                        @ ../../../../../sdk/platform/driver/i2c_eeprom/i2c_eeprom.c:341:24
	adds	r7, r7, #1
.Ltmp193:
	@DEBUG_VALUE: i2c_eeprom_write_page:wr_data_ptr <- $r7
	.loc	3 342 26                        @ ../../../../../sdk/platform/driver/i2c_eeprom/i2c_eeprom.c:342:26
	subs	r6, r6, #1
.Ltmp194:
	@DEBUG_VALUE: i2c_eeprom_write_page:feasible_size <- $r6
	.loc	3 344 9                         @ ../../../../../sdk/platform/driver/i2c_eeprom/i2c_eeprom.c:344:9
	lsls	r0, r6, #16
	bne	.LBB10_6
.Ltmp195:
@ %bb.11:
	@DEBUG_VALUE: i2c_eeprom_write_page:feasible_size <- $r6
	@DEBUG_VALUE: i2c_eeprom_write_page:address <- [DW_OP_LLVM_entry_value 1] $r1
	@DEBUG_VALUE: __l_irq_rest <- [DW_OP_plus_uconst 8] [$sp+0]
	@DEBUG_VALUE: i2c_eeprom_write_page:bytes_written <- $r5
	@DEBUG_VALUE: i2c_eeprom_write_page:wr_data_ptr <- $r7
	.loc	3 348 9                         @ ../../../../../sdk/platform/driver/i2c_eeprom/i2c_eeprom.c:348:9
	ldr	r0, [sp, #8]                    @ 4-byte Reload
	cmp	r0, #0
	beq	.LBB10_13
.Ltmp196:
@ %bb.12:
	@DEBUG_VALUE: i2c_eeprom_write_page:feasible_size <- $r6
	@DEBUG_VALUE: i2c_eeprom_write_page:address <- [DW_OP_LLVM_entry_value 1] $r1
	@DEBUG_VALUE: __l_irq_rest <- [DW_OP_plus_uconst 8] [$sp+0]
	@DEBUG_VALUE: i2c_eeprom_write_page:bytes_written <- $r5
	@DEBUG_VALUE: i2c_eeprom_write_page:wr_data_ptr <- $r7
	@DEBUG_VALUE: __set_PRIMASK:priMask <- 1
	.loc	5 1027 3                        @ ../../../../../sdk/platform/include/CMSIS/5.9.0/CMSIS/Core/Include\cmsis_armclang.h:1027:3
	ldr	r0, [sp, #4]                    @ 4-byte Reload
	@APP
	msr	primask, r0
	@NO_APP
	b	.LBB10_14
.Ltmp197:
.LBB10_13:
	@DEBUG_VALUE: i2c_eeprom_write_page:feasible_size <- $r6
	@DEBUG_VALUE: i2c_eeprom_write_page:address <- [DW_OP_LLVM_entry_value 1] $r1
	@DEBUG_VALUE: __l_irq_rest <- [DW_OP_plus_uconst 8] [$sp+0]
	@DEBUG_VALUE: i2c_eeprom_write_page:bytes_written <- $r5
	@DEBUG_VALUE: i2c_eeprom_write_page:wr_data_ptr <- $r7
	.loc	5 0 3 is_stmt 0                 @ ../../../../../sdk/platform/include/CMSIS/5.9.0/CMSIS/Core/Include\cmsis_armclang.h:0:3
	movs	r0, #0
.Ltmp198:
	@DEBUG_VALUE: __set_PRIMASK:priMask <- 0
	.loc	5 1027 3                        @ ../../../../../sdk/platform/include/CMSIS/5.9.0/CMSIS/Core/Include\cmsis_armclang.h:1027:3
	@APP
	msr	primask, r0
	@NO_APP
.Ltmp199:
.LBB10_14:                              @ =>This Inner Loop Header: Depth=1
	@DEBUG_VALUE: i2c_eeprom_write_page:feasible_size <- $r6
	@DEBUG_VALUE: i2c_eeprom_write_page:address <- [DW_OP_LLVM_entry_value 1] $r1
	@DEBUG_VALUE: i2c_eeprom_write_page:bytes_written <- $r5
	@DEBUG_VALUE: i2c_eeprom_write_page:wr_data_ptr <- $r7
	.loc	2 994 13 is_stmt 1              @ ./../../../../../sdk/platform/driver/i2c\i2c.h:994:13
	ldrh	r0, [r4]
.Ltmp200:
	.loc	3 350 9                         @ ../../../../../sdk/platform/driver/i2c_eeprom/i2c_eeprom.c:350:9
	lsls	r0, r0, #29
	bpl	.LBB10_14
.Ltmp201:
.LBB10_15:                              @ =>This Inner Loop Header: Depth=1
	@DEBUG_VALUE: i2c_eeprom_write_page:feasible_size <- $r6
	@DEBUG_VALUE: i2c_eeprom_write_page:address <- [DW_OP_LLVM_entry_value 1] $r1
	@DEBUG_VALUE: i2c_eeprom_write_page:bytes_written <- $r5
	@DEBUG_VALUE: i2c_eeprom_write_page:wr_data_ptr <- $r7
	.loc	2 1140 13                       @ ./../../../../../sdk/platform/driver/i2c\i2c.h:1140:13
	ldrh	r0, [r4]
.Ltmp202:
	.loc	3 351 9                         @ ../../../../../sdk/platform/driver/i2c_eeprom/i2c_eeprom.c:351:9
	lsls	r0, r0, #26
	bmi	.LBB10_15
.Ltmp203:
.LBB10_16:
	@DEBUG_VALUE: i2c_eeprom_write_page:wr_data_ptr <- $r7
	.loc	3 0 9 is_stmt 0                 @ ../../../../../sdk/platform/driver/i2c_eeprom/i2c_eeprom.c:0:9
	ldr	r0, [sp, #16]                   @ 4-byte Reload
.Ltmp204:
.LBB10_17:
	@DEBUG_VALUE: i2c_eeprom_write_page:wr_data_ptr <- $r7
	.loc	3 355 1 epilogue_begin is_stmt 1 @ ../../../../../sdk/platform/driver/i2c_eeprom/i2c_eeprom.c:355:1
	add	sp, #20
	pop	{r4, r5, r6, r7, pc}
.Ltmp205:
	.loc	3 0 1 is_stmt 0                 @ :0:1
.Ltmp206:
	.p2align	2
@ %bb.18:
__arm_cp.10_0:
	.long	i2c_eeprom_env
.Lcpi_end15:
	.size	__arm_cp.10_0, .Lcpi_end15-__arm_cp.10_0
__arm_cp.10_1:
	.long	1342182256                      @ 0x50001370
.Lcpi_end16:
	.size	__arm_cp.10_1, .Lcpi_end16-__arm_cp.10_1
__arm_cp.10_2:
	.long	1342182160                      @ 0x50001310
.Lcpi_end17:
	.size	__arm_cp.10_2, .Lcpi_end17-__arm_cp.10_2
.Lfunc_end10:
	.size	i2c_eeprom_write_page, .Lfunc_end10-i2c_eeprom_write_page
	.cfi_endproc
	.cantunwind
	.fnend
                                        @ -- End function
	.hidden	i2c_eeprom_write_data           @ -- Begin function i2c_eeprom_write_data
	.globl	i2c_eeprom_write_data
	.p2align	2
	.type	i2c_eeprom_write_data,%function
	.code	16                              @ @i2c_eeprom_write_data
	.thumb_func
i2c_eeprom_write_data:
.Lfunc_begin11:
	.loc	3 358 0 is_stmt 1               @ ../../../../../sdk/platform/driver/i2c_eeprom/i2c_eeprom.c:358:0
	.fnstart
	.cfi_startproc
@ %bb.0:
	@DEBUG_VALUE: i2c_eeprom_write_data:wr_data_ptr <- $r0
	@DEBUG_VALUE: i2c_eeprom_write_data:address <- $r1
	@DEBUG_VALUE: i2c_eeprom_write_data:size <- $r2
	@DEBUG_VALUE: i2c_eeprom_write_data:bytes_written <- $r3
	@DEBUG_VALUE: i2c_eeprom_write_data:bytes_written <- $r3
	@DEBUG_VALUE: i2c_eeprom_write_data:size <- $r2
	.save	{r4, r5, r6, r7, lr}
	.pad	#12
	push	{r1, r2, r3, r4, r5, r6, r7, lr}
	.cfi_def_cfa_offset 32
	.cfi_offset lr, -4
	.cfi_offset r7, -8
	.cfi_offset r6, -12
	.cfi_offset r5, -16
	.cfi_offset r4, -20
	mov	r6, r1
.Ltmp207:
	@DEBUG_VALUE: i2c_eeprom_write_data:address <- $r6
	mov	r4, r0
.Ltmp208:
	@DEBUG_VALUE: i2c_eeprom_write_data:wr_data_ptr <- $r4
	movs	r1, #0
.Ltmp209:
	.loc	3 359 20 prologue_end           @ ../../../../../sdk/platform/driver/i2c_eeprom/i2c_eeprom.c:359:20
	str	r1, [r3]
.Ltmp210:
	@DEBUG_VALUE: i2c_eeprom_write_data:feasible_size <- undef
	.loc	3 362 14                        @ ../../../../../sdk/platform/driver/i2c_eeprom/i2c_eeprom.c:362:14
	str	r1, [sp, #8]
.Ltmp211:
	.loc	3 364 42                        @ ../../../../../sdk/platform/driver/i2c_eeprom/i2c_eeprom.c:364:42
	ldr	r0, __arm_cp.11_0
	ldr	r0, [r0, #16]
.Ltmp212:
	.loc	3 364 9 is_stmt 0               @ ../../../../../sdk/platform/driver/i2c_eeprom/i2c_eeprom.c:364:9
	cmp	r0, r6
	bls	.LBB11_7
.Ltmp213:
@ %bb.1:
	@DEBUG_VALUE: i2c_eeprom_write_data:wr_data_ptr <- $r4
	@DEBUG_VALUE: i2c_eeprom_write_data:address <- $r6
	@DEBUG_VALUE: i2c_eeprom_write_data:bytes_written <- $r3
	@DEBUG_VALUE: i2c_eeprom_write_data:size <- $r2
	.loc	3 0 9                           @ ../../../../../sdk/platform/driver/i2c_eeprom/i2c_eeprom.c:0:9
	mov	r5, r3
.Ltmp214:
	@DEBUG_VALUE: i2c_eeprom_write_data:bytes_written <- $r5
	mov	r7, r2
.Ltmp215:
	@DEBUG_VALUE: i2c_eeprom_write_data:size <- $r7
	.loc	3 370 43 is_stmt 1              @ ../../../../../sdk/platform/driver/i2c_eeprom/i2c_eeprom.c:370:43
	subs	r0, r0, r6
.Ltmp216:
	.loc	3 370 9 is_stmt 0               @ ../../../../../sdk/platform/driver/i2c_eeprom/i2c_eeprom.c:370:9
	cmp	r2, r0
	blo	.LBB11_3
.Ltmp217:
@ %bb.2:
	@DEBUG_VALUE: i2c_eeprom_write_data:size <- $r7
	@DEBUG_VALUE: i2c_eeprom_write_data:bytes_written <- $r5
	@DEBUG_VALUE: i2c_eeprom_write_data:wr_data_ptr <- $r4
	@DEBUG_VALUE: i2c_eeprom_write_data:address <- $r6
	.loc	3 0 9                           @ ../../../../../sdk/platform/driver/i2c_eeprom/i2c_eeprom.c:0:9
	mov	r7, r0
.Ltmp218:
	@DEBUG_VALUE: i2c_eeprom_write_data:size <- [DW_OP_LLVM_entry_value 1] $r2
.LBB11_3:
	@DEBUG_VALUE: i2c_eeprom_write_data:bytes_written <- $r5
	@DEBUG_VALUE: i2c_eeprom_write_data:wr_data_ptr <- $r4
	@DEBUG_VALUE: i2c_eeprom_write_data:address <- $r6
	@DEBUG_VALUE: i2c_eeprom_write_data:feasible_size <- $r7
	@DEBUG_VALUE: i2c_eeprom_write_data:bytes_left_to_send <- $r7
	str	r1, [sp, #4]                    @ 4-byte Spill
.Ltmp219:
.LBB11_4:                               @ =>This Inner Loop Header: Depth=1
	@DEBUG_VALUE: i2c_eeprom_write_data:bytes_left_to_send <- $r7
	@DEBUG_VALUE: i2c_eeprom_write_data:bytes_written <- $r5
	@DEBUG_VALUE: i2c_eeprom_write_data:wr_data_ptr <- $r4
	@DEBUG_VALUE: i2c_eeprom_write_data:address <- $r6
	@DEBUG_VALUE: i2c_eeprom_write_data:bytes_left_to_send <- $r7
	.loc	3 377 5 is_stmt 1               @ ../../../../../sdk/platform/driver/i2c_eeprom/i2c_eeprom.c:377:5
	cmp	r7, #0
	beq	.LBB11_8
.Ltmp220:
@ %bb.5:                                @   in Loop: Header=BB11_4 Depth=1
	@DEBUG_VALUE: i2c_eeprom_write_data:bytes_left_to_send <- $r7
	@DEBUG_VALUE: i2c_eeprom_write_data:bytes_written <- $r5
	@DEBUG_VALUE: i2c_eeprom_write_data:wr_data_ptr <- $r4
	@DEBUG_VALUE: i2c_eeprom_write_data:address <- $r6
	.loc	3 379 47                        @ ../../../../../sdk/platform/driver/i2c_eeprom/i2c_eeprom.c:379:47
	adds	r0, r4, r1
	.loc	3 379 75 is_stmt 0              @ ../../../../../sdk/platform/driver/i2c_eeprom/i2c_eeprom.c:379:75
	adds	r1, r1, r6
	.loc	3 379 13                        @ ../../../../../sdk/platform/driver/i2c_eeprom/i2c_eeprom.c:379:13
	uxth	r2, r7
	add	r3, sp, #8
	bl	i2c_eeprom_write_page
.Ltmp221:
	.loc	3 379 13                        @ ../../../../../sdk/platform/driver/i2c_eeprom/i2c_eeprom.c:379:13
	cmp	r0, #0
	bne	.LBB11_9
.Ltmp222:
@ %bb.6:                                @   in Loop: Header=BB11_4 Depth=1
	@DEBUG_VALUE: i2c_eeprom_write_data:bytes_left_to_send <- $r7
	@DEBUG_VALUE: i2c_eeprom_write_data:bytes_written <- $r5
	@DEBUG_VALUE: i2c_eeprom_write_data:wr_data_ptr <- $r4
	@DEBUG_VALUE: i2c_eeprom_write_data:address <- $r6
	.loc	3 383 26 is_stmt 1              @ ../../../../../sdk/platform/driver/i2c_eeprom/i2c_eeprom.c:383:26
	ldr	r0, [r5]
	.loc	3 383 29 is_stmt 0              @ ../../../../../sdk/platform/driver/i2c_eeprom/i2c_eeprom.c:383:29
	ldr	r2, [sp, #8]
	.loc	3 383 26                        @ ../../../../../sdk/platform/driver/i2c_eeprom/i2c_eeprom.c:383:26
	adds	r1, r0, r2
	str	r1, [r5]
	.loc	3 384 28 is_stmt 1              @ ../../../../../sdk/platform/driver/i2c_eeprom/i2c_eeprom.c:384:28
	subs	r7, r7, r2
.Ltmp223:
	@DEBUG_VALUE: i2c_eeprom_write_data:bytes_left_to_send <- $r7
	.loc	3 377 5                         @ ../../../../../sdk/platform/driver/i2c_eeprom/i2c_eeprom.c:377:5
	b	.LBB11_4
.Ltmp224:
.LBB11_7:
	@DEBUG_VALUE: i2c_eeprom_write_data:wr_data_ptr <- $r4
	@DEBUG_VALUE: i2c_eeprom_write_data:address <- $r6
	@DEBUG_VALUE: i2c_eeprom_write_data:bytes_written <- $r3
	@DEBUG_VALUE: i2c_eeprom_write_data:size <- $r2
	.loc	3 0 5 is_stmt 0                 @ ../../../../../sdk/platform/driver/i2c_eeprom/i2c_eeprom.c:0:5
	movs	r0, #2
	.loc	3 388 1 epilogue_begin is_stmt 1 @ ../../../../../sdk/platform/driver/i2c_eeprom/i2c_eeprom.c:388:1
	pop	{r1, r2, r3, r4, r5, r6, r7, pc}
.Ltmp225:
.LBB11_8:
	@DEBUG_VALUE: i2c_eeprom_write_data:bytes_left_to_send <- $r7
	@DEBUG_VALUE: i2c_eeprom_write_data:bytes_written <- $r5
	@DEBUG_VALUE: i2c_eeprom_write_data:wr_data_ptr <- $r4
	@DEBUG_VALUE: i2c_eeprom_write_data:address <- $r6
	.loc	3 0 1 is_stmt 0                 @ ../../../../../sdk/platform/driver/i2c_eeprom/i2c_eeprom.c:0:1
	ldr	r0, [sp, #4]                    @ 4-byte Reload
	.loc	3 388 1 epilogue_begin          @ ../../../../../sdk/platform/driver/i2c_eeprom/i2c_eeprom.c:388:1
	pop	{r1, r2, r3, r4, r5, r6, r7, pc}
.Ltmp226:
.LBB11_9:
	@DEBUG_VALUE: i2c_eeprom_write_data:bytes_left_to_send <- $r7
	@DEBUG_VALUE: i2c_eeprom_write_data:bytes_written <- $r5
	@DEBUG_VALUE: i2c_eeprom_write_data:wr_data_ptr <- $r4
	@DEBUG_VALUE: i2c_eeprom_write_data:address <- $r6
	.loc	3 0 1                           @ ../../../../../sdk/platform/driver/i2c_eeprom/i2c_eeprom.c:0:1
	movs	r0, #1
	.loc	3 388 1 epilogue_begin          @ ../../../../../sdk/platform/driver/i2c_eeprom/i2c_eeprom.c:388:1
	pop	{r1, r2, r3, r4, r5, r6, r7, pc}
.Ltmp227:
	.loc	3 0 1                           @ :0:1
.Ltmp228:
	.p2align	2
@ %bb.10:
__arm_cp.11_0:
	.long	i2c_eeprom_env
.Lcpi_end18:
	.size	__arm_cp.11_0, .Lcpi_end18-__arm_cp.11_0
.Lfunc_end11:
	.size	i2c_eeprom_write_data, .Lfunc_end11-i2c_eeprom_write_data
	.cfi_endproc
	.cantunwind
	.fnend
                                        @ -- End function
	.type	i2c_eeprom_env,%object          @ @i2c_eeprom_env
	.section	.bss.retention_mem_area0,"aw",%nobits
	.p2align	2, 0x0
i2c_eeprom_env:
	.zero	24
	.size	i2c_eeprom_env, 24

	.section	.debug_loc,"",%progbits
.Ldebug_loc0:
	.long	.Lfunc_begin0-.Lfunc_begin0
	.long	.Ltmp0-.Lfunc_begin0
	.short	1                               @ Loc expr size
	.byte	80                              @ DW_OP_reg0
	.long	.Ltmp0-.Lfunc_begin0
	.long	.Ltmp2-.Lfunc_begin0
	.short	1                               @ Loc expr size
	.byte	83                              @ DW_OP_reg3
	.long	.Ltmp2-.Lfunc_begin0
	.long	.Ltmp3-.Lfunc_begin0
	.short	1                               @ Loc expr size
	.byte	81                              @ DW_OP_reg1
	.long	0
	.long	0
.Ldebug_loc1:
	.long	.Lfunc_begin0-.Lfunc_begin0
	.long	.Ltmp1-.Lfunc_begin0
	.short	1                               @ Loc expr size
	.byte	81                              @ DW_OP_reg1
	.long	.Ltmp1-.Lfunc_begin0
	.long	.Ltmp4-.Lfunc_begin0
	.short	4                               @ Loc expr size
	.byte	243                             @ DW_OP_GNU_entry_value
	.byte	1                               @ 1
	.byte	81                              @ DW_OP_reg1
	.byte	159                             @ DW_OP_stack_value
	.long	0
	.long	0
.Ldebug_loc2:
	.long	.Lfunc_begin1-.Lfunc_begin0
	.long	.Ltmp8-.Lfunc_begin0
	.short	1                               @ Loc expr size
	.byte	80                              @ DW_OP_reg0
	.long	.Ltmp8-.Lfunc_begin0
	.long	.Ltmp9-.Lfunc_begin0
	.short	4                               @ Loc expr size
	.byte	243                             @ DW_OP_GNU_entry_value
	.byte	1                               @ 1
	.byte	80                              @ DW_OP_reg0
	.byte	159                             @ DW_OP_stack_value
	.long	0
	.long	0
.Ldebug_loc3:
	.long	.Lfunc_begin1-.Lfunc_begin0
	.long	.Ltmp7-.Lfunc_begin0
	.short	1                               @ Loc expr size
	.byte	81                              @ DW_OP_reg1
	.long	.Ltmp7-.Lfunc_begin0
	.long	.Ltmp9-.Lfunc_begin0
	.short	4                               @ Loc expr size
	.byte	243                             @ DW_OP_GNU_entry_value
	.byte	1                               @ 1
	.byte	81                              @ DW_OP_reg1
	.byte	159                             @ DW_OP_stack_value
	.long	0
	.long	0
.Ldebug_loc4:
	.long	.Lfunc_begin3-.Lfunc_begin0
	.long	.Ltmp15-.Lfunc_begin0
	.short	1                               @ Loc expr size
	.byte	80                              @ DW_OP_reg0
	.long	.Ltmp15-.Lfunc_begin0
	.long	.Ltmp17-.Lfunc_begin0
	.short	1                               @ Loc expr size
	.byte	84                              @ DW_OP_reg4
	.long	0
	.long	0
.Ldebug_loc5:
	.long	.Ltmp20-.Lfunc_begin0
	.long	.Ltmp31-.Lfunc_begin0
	.short	1                               @ Loc expr size
	.byte	86                              @ DW_OP_reg6
	.long	.Ltmp31-.Lfunc_begin0
	.long	.Ltmp32-.Lfunc_begin0
	.short	1                               @ Loc expr size
	.byte	80                              @ DW_OP_reg0
	.long	0
	.long	0
.Ldebug_loc6:
	.long	.Lfunc_begin5-.Lfunc_begin0
	.long	.Ltmp37-.Lfunc_begin0
	.short	1                               @ Loc expr size
	.byte	80                              @ DW_OP_reg0
	.long	.Ltmp37-.Lfunc_begin0
	.long	.Ltmp60-.Lfunc_begin0
	.short	1                               @ Loc expr size
	.byte	85                              @ DW_OP_reg5
	.long	0
	.long	0
.Ldebug_loc7:
	.long	.Lfunc_begin5-.Lfunc_begin0
	.long	.Ltmp36-.Lfunc_begin0
	.short	1                               @ Loc expr size
	.byte	81                              @ DW_OP_reg1
	.long	.Ltmp36-.Lfunc_begin0
	.long	.Ltmp60-.Lfunc_begin0
	.short	1                               @ Loc expr size
	.byte	84                              @ DW_OP_reg4
	.long	0
	.long	0
.Ldebug_loc8:
	.long	.Ltmp41-.Lfunc_begin0
	.long	.Ltmp49-.Lfunc_begin0
	.short	1                               @ Loc expr size
	.byte	87                              @ DW_OP_reg7
	.long	0
	.long	0
.Ldebug_loc9:
	.long	.Ltmp41-.Lfunc_begin0
	.long	.Ltmp46-.Lfunc_begin0
	.short	1                               @ Loc expr size
	.byte	87                              @ DW_OP_reg7
	.long	0
	.long	0
.Ldebug_loc10:
	.long	.Lfunc_begin6-.Lfunc_begin0
	.long	.Ltmp77-.Lfunc_begin0
	.short	1                               @ Loc expr size
	.byte	80                              @ DW_OP_reg0
	.long	.Ltmp77-.Lfunc_begin0
	.long	.Ltmp79-.Lfunc_begin0
	.short	4                               @ Loc expr size
	.byte	243                             @ DW_OP_GNU_entry_value
	.byte	1                               @ 1
	.byte	80                              @ DW_OP_reg0
	.byte	159                             @ DW_OP_stack_value
	.long	0
	.long	0
.Ldebug_loc11:
	.long	.Lfunc_begin7-.Lfunc_begin0
	.long	.Ltmp84-.Lfunc_begin0
	.short	1                               @ Loc expr size
	.byte	81                              @ DW_OP_reg1
	.long	.Ltmp84-.Lfunc_begin0
	.long	.Ltmp99-.Lfunc_begin0
	.short	1                               @ Loc expr size
	.byte	85                              @ DW_OP_reg5
	.long	.Ltmp99-.Lfunc_begin0
	.long	.Ltmp101-.Lfunc_begin0
	.short	1                               @ Loc expr size
	.byte	81                              @ DW_OP_reg1
	.long	0
	.long	0
.Ldebug_loc12:
	.long	.Lfunc_begin7-.Lfunc_begin0
	.long	.Ltmp83-.Lfunc_begin0
	.short	1                               @ Loc expr size
	.byte	82                              @ DW_OP_reg2
	.long	.Ltmp83-.Lfunc_begin0
	.long	.Ltmp86-.Lfunc_begin0
	.short	1                               @ Loc expr size
	.byte	84                              @ DW_OP_reg4
	.long	.Ltmp99-.Lfunc_begin0
	.long	.Ltmp101-.Lfunc_begin0
	.short	1                               @ Loc expr size
	.byte	82                              @ DW_OP_reg2
	.long	0
	.long	0
.Ldebug_loc13:
	.long	.Lfunc_begin7-.Lfunc_begin0
	.long	.Ltmp88-.Lfunc_begin0
	.short	1                               @ Loc expr size
	.byte	83                              @ DW_OP_reg3
	.long	.Ltmp88-.Lfunc_begin0
	.long	.Ltmp99-.Lfunc_begin0
	.short	4                               @ Loc expr size
	.byte	243                             @ DW_OP_GNU_entry_value
	.byte	1                               @ 1
	.byte	83                              @ DW_OP_reg3
	.byte	159                             @ DW_OP_stack_value
	.long	.Ltmp99-.Lfunc_begin0
	.long	.Ltmp101-.Lfunc_begin0
	.short	1                               @ Loc expr size
	.byte	83                              @ DW_OP_reg3
	.long	0
	.long	0
.Ldebug_loc14:
	.long	.Ltmp86-.Lfunc_begin0
	.long	.Ltmp99-.Lfunc_begin0
	.short	1                               @ Loc expr size
	.byte	84                              @ DW_OP_reg4
	.long	0
	.long	0
.Ldebug_loc15:
	.long	.Lfunc_begin8-.Lfunc_begin0
	.long	.Ltmp105-.Lfunc_begin0
	.short	1                               @ Loc expr size
	.byte	80                              @ DW_OP_reg0
	.long	.Ltmp105-.Lfunc_begin0
	.long	.Ltmp139-.Lfunc_begin0
	.short	1                               @ Loc expr size
	.byte	85                              @ DW_OP_reg5
	.long	0
	.long	0
.Ldebug_loc16:
	.long	.Lfunc_begin8-.Lfunc_begin0
	.long	.Ltmp110-.Lfunc_begin0
	.short	1                               @ Loc expr size
	.byte	81                              @ DW_OP_reg1
	.long	.Ltmp110-.Lfunc_begin0
	.long	.Ltmp111-.Lfunc_begin0
	.short	1                               @ Loc expr size
	.byte	80                              @ DW_OP_reg0
	.long	0
	.long	0
.Ldebug_loc17:
	.long	.Lfunc_begin8-.Lfunc_begin0
	.long	.Ltmp104-.Lfunc_begin0
	.short	1                               @ Loc expr size
	.byte	82                              @ DW_OP_reg2
	.long	.Ltmp104-.Lfunc_begin0
	.long	.Ltmp139-.Lfunc_begin0
	.short	1                               @ Loc expr size
	.byte	84                              @ DW_OP_reg4
	.long	0
	.long	0
.Ldebug_loc18:
	.long	.Ltmp106-.Lfunc_begin0
	.long	.Ltmp107-.Lfunc_begin0
	.short	1                               @ Loc expr size
	.byte	80                              @ DW_OP_reg0
	.long	.Ltmp107-.Lfunc_begin0
	.long	.Ltmp125-.Lfunc_begin0
	.short	2                               @ Loc expr size
	.byte	125                             @ DW_OP_breg13
	.byte	8                               @ 8
	.long	0
	.long	0
.Ldebug_loc19:
	.long	.Ltmp106-.Lfunc_begin0
	.long	.Ltmp107-.Lfunc_begin0
	.short	1                               @ Loc expr size
	.byte	80                              @ DW_OP_reg0
	.long	.Ltmp107-.Lfunc_begin0
	.long	.Ltmp112-.Lfunc_begin0
	.short	2                               @ Loc expr size
	.byte	125                             @ DW_OP_breg13
	.byte	8                               @ 8
	.long	0
	.long	0
.Ldebug_loc20:
	.long	.Ltmp111-.Lfunc_begin0
	.long	.Ltmp112-.Lfunc_begin0
	.short	2                               @ Loc expr size
	.byte	48                              @ DW_OP_lit0
	.byte	159                             @ DW_OP_stack_value
	.long	.Ltmp112-.Lfunc_begin0
	.long	.Ltmp121-.Lfunc_begin0
	.short	1                               @ Loc expr size
	.byte	82                              @ DW_OP_reg2
	.long	.Ltmp126-.Lfunc_begin0
	.long	.Ltmp134-.Lfunc_begin0
	.short	1                               @ Loc expr size
	.byte	80                              @ DW_OP_reg0
	.long	0
	.long	0
.Ldebug_loc21:
	.long	.Lfunc_begin9-.Lfunc_begin0
	.long	.Ltmp142-.Lfunc_begin0
	.short	1                               @ Loc expr size
	.byte	80                              @ DW_OP_reg0
	.long	.Ltmp142-.Lfunc_begin0
	.long	.Ltmp160-.Lfunc_begin0
	.short	1                               @ Loc expr size
	.byte	85                              @ DW_OP_reg5
	.long	0
	.long	0
.Ldebug_loc22:
	.long	.Lfunc_begin9-.Lfunc_begin0
	.long	.Ltmp141-.Lfunc_begin0
	.short	1                               @ Loc expr size
	.byte	81                              @ DW_OP_reg1
	.long	.Ltmp141-.Lfunc_begin0
	.long	.Ltmp160-.Lfunc_begin0
	.short	1                               @ Loc expr size
	.byte	84                              @ DW_OP_reg4
	.long	0
	.long	0
.Ldebug_loc23:
	.long	.Ltmp146-.Lfunc_begin0
	.long	.Ltmp154-.Lfunc_begin0
	.short	1                               @ Loc expr size
	.byte	87                              @ DW_OP_reg7
	.long	0
	.long	0
.Ldebug_loc24:
	.long	.Ltmp146-.Lfunc_begin0
	.long	.Ltmp151-.Lfunc_begin0
	.short	1                               @ Loc expr size
	.byte	87                              @ DW_OP_reg7
	.long	0
	.long	0
.Ldebug_loc25:
	.long	.Lfunc_begin10-.Lfunc_begin0
	.long	.Ltmp163-.Lfunc_begin0
	.short	1                               @ Loc expr size
	.byte	80                              @ DW_OP_reg0
	.long	.Ltmp163-.Lfunc_begin0
	.long	.Ltmp205-.Lfunc_begin0
	.short	1                               @ Loc expr size
	.byte	87                              @ DW_OP_reg7
	.long	0
	.long	0
.Ldebug_loc26:
	.long	.Lfunc_begin10-.Lfunc_begin0
	.long	.Ltmp162-.Lfunc_begin0
	.short	1                               @ Loc expr size
	.byte	81                              @ DW_OP_reg1
	.long	.Ltmp162-.Lfunc_begin0
	.long	.Ltmp179-.Lfunc_begin0
	.short	1                               @ Loc expr size
	.byte	84                              @ DW_OP_reg4
	.long	.Ltmp179-.Lfunc_begin0
	.long	.Ltmp203-.Lfunc_begin0
	.short	4                               @ Loc expr size
	.byte	243                             @ DW_OP_GNU_entry_value
	.byte	1                               @ 1
	.byte	81                              @ DW_OP_reg1
	.byte	159                             @ DW_OP_stack_value
	.long	0
	.long	0
.Ldebug_loc27:
	.long	.Lfunc_begin10-.Lfunc_begin0
	.long	.Ltmp169-.Lfunc_begin0
	.short	1                               @ Loc expr size
	.byte	82                              @ DW_OP_reg2
	.long	.Ltmp169-.Lfunc_begin0
	.long	.Ltmp184-.Lfunc_begin0
	.short	1                               @ Loc expr size
	.byte	86                              @ DW_OP_reg6
	.long	0
	.long	0
.Ldebug_loc28:
	.long	.Lfunc_begin10-.Lfunc_begin0
	.long	.Ltmp168-.Lfunc_begin0
	.short	1                               @ Loc expr size
	.byte	83                              @ DW_OP_reg3
	.long	.Ltmp168-.Lfunc_begin0
	.long	.Ltmp203-.Lfunc_begin0
	.short	1                               @ Loc expr size
	.byte	85                              @ DW_OP_reg5
	.long	0
	.long	0
.Ldebug_loc29:
	.long	.Ltmp180-.Lfunc_begin0
	.long	.Ltmp181-.Lfunc_begin0
	.short	6                               @ Loc expr size
	.byte	116                             @ DW_OP_breg4
	.byte	0                               @ 0
	.byte	113                             @ DW_OP_breg1
	.byte	0                               @ 0
	.byte	28                              @ DW_OP_minus
	.byte	159                             @ DW_OP_stack_value
	.long	.Ltmp181-.Lfunc_begin0
	.long	.Ltmp182-.Lfunc_begin0
	.short	1                               @ Loc expr size
	.byte	80                              @ DW_OP_reg0
	.long	.Ltmp184-.Lfunc_begin0
	.long	.Ltmp203-.Lfunc_begin0
	.short	1                               @ Loc expr size
	.byte	86                              @ DW_OP_reg6
	.long	0
	.long	0
.Ldebug_loc30:
	.long	.Ltmp174-.Lfunc_begin0
	.long	.Ltmp175-.Lfunc_begin0
	.short	1                               @ Loc expr size
	.byte	80                              @ DW_OP_reg0
	.long	.Ltmp175-.Lfunc_begin0
	.long	.Ltmp183-.Lfunc_begin0
	.short	2                               @ Loc expr size
	.byte	125                             @ DW_OP_breg13
	.byte	8                               @ 8
	.long	.Ltmp185-.Lfunc_begin0
	.long	.Ltmp199-.Lfunc_begin0
	.short	2                               @ Loc expr size
	.byte	125                             @ DW_OP_breg13
	.byte	8                               @ 8
	.long	0
	.long	0
.Ldebug_loc31:
	.long	.Ltmp174-.Lfunc_begin0
	.long	.Ltmp175-.Lfunc_begin0
	.short	1                               @ Loc expr size
	.byte	80                              @ DW_OP_reg0
	.long	.Ltmp175-.Lfunc_begin0
	.long	.Ltmp183-.Lfunc_begin0
	.short	2                               @ Loc expr size
	.byte	125                             @ DW_OP_breg13
	.byte	8                               @ 8
	.long	0
	.long	0
.Ldebug_loc32:
	.long	.Lfunc_begin11-.Lfunc_begin0
	.long	.Ltmp208-.Lfunc_begin0
	.short	1                               @ Loc expr size
	.byte	80                              @ DW_OP_reg0
	.long	.Ltmp208-.Lfunc_begin0
	.long	.Ltmp227-.Lfunc_begin0
	.short	1                               @ Loc expr size
	.byte	84                              @ DW_OP_reg4
	.long	0
	.long	0
.Ldebug_loc33:
	.long	.Lfunc_begin11-.Lfunc_begin0
	.long	.Ltmp207-.Lfunc_begin0
	.short	1                               @ Loc expr size
	.byte	81                              @ DW_OP_reg1
	.long	.Ltmp207-.Lfunc_begin0
	.long	.Ltmp227-.Lfunc_begin0
	.short	1                               @ Loc expr size
	.byte	86                              @ DW_OP_reg6
	.long	0
	.long	0
.Ldebug_loc34:
	.long	.Lfunc_begin11-.Lfunc_begin0
	.long	.Ltmp215-.Lfunc_begin0
	.short	1                               @ Loc expr size
	.byte	82                              @ DW_OP_reg2
	.long	.Ltmp215-.Lfunc_begin0
	.long	.Ltmp218-.Lfunc_begin0
	.short	1                               @ Loc expr size
	.byte	87                              @ DW_OP_reg7
	.long	.Ltmp224-.Lfunc_begin0
	.long	.Ltmp225-.Lfunc_begin0
	.short	1                               @ Loc expr size
	.byte	82                              @ DW_OP_reg2
	.long	0
	.long	0
.Ldebug_loc35:
	.long	.Lfunc_begin11-.Lfunc_begin0
	.long	.Ltmp214-.Lfunc_begin0
	.short	1                               @ Loc expr size
	.byte	83                              @ DW_OP_reg3
	.long	.Ltmp214-.Lfunc_begin0
	.long	.Ltmp224-.Lfunc_begin0
	.short	1                               @ Loc expr size
	.byte	85                              @ DW_OP_reg5
	.long	.Ltmp224-.Lfunc_begin0
	.long	.Ltmp225-.Lfunc_begin0
	.short	1                               @ Loc expr size
	.byte	83                              @ DW_OP_reg3
	.long	.Ltmp225-.Lfunc_begin0
	.long	.Ltmp227-.Lfunc_begin0
	.short	1                               @ Loc expr size
	.byte	85                              @ DW_OP_reg5
	.long	0
	.long	0
.Ldebug_loc36:
	.long	.Ltmp218-.Lfunc_begin0
	.long	.Ltmp219-.Lfunc_begin0
	.short	1                               @ Loc expr size
	.byte	87                              @ DW_OP_reg7
	.long	0
	.long	0
.Ldebug_loc37:
	.long	.Ltmp218-.Lfunc_begin0
	.long	.Ltmp224-.Lfunc_begin0
	.short	1                               @ Loc expr size
	.byte	87                              @ DW_OP_reg7
	.long	.Ltmp225-.Lfunc_begin0
	.long	.Ltmp227-.Lfunc_begin0
	.short	1                               @ Loc expr size
	.byte	87                              @ DW_OP_reg7
	.long	0
	.long	0
	.section	.debug_abbrev,"",%progbits
	.byte	1                               @ Abbreviation Code
	.byte	17                              @ DW_TAG_compile_unit
	.byte	1                               @ DW_CHILDREN_yes
	.byte	37                              @ DW_AT_producer
	.byte	14                              @ DW_FORM_strp
	.byte	19                              @ DW_AT_language
	.byte	5                               @ DW_FORM_data2
	.byte	3                               @ DW_AT_name
	.byte	14                              @ DW_FORM_strp
	.byte	16                              @ DW_AT_stmt_list
	.byte	23                              @ DW_FORM_sec_offset
	.byte	27                              @ DW_AT_comp_dir
	.byte	14                              @ DW_FORM_strp
	.byte	17                              @ DW_AT_low_pc
	.byte	1                               @ DW_FORM_addr
	.byte	18                              @ DW_AT_high_pc
	.byte	6                               @ DW_FORM_data4
	.byte	0                               @ EOM(1)
	.byte	0                               @ EOM(2)
	.byte	2                               @ Abbreviation Code
	.byte	52                              @ DW_TAG_variable
	.byte	0                               @ DW_CHILDREN_no
	.byte	3                               @ DW_AT_name
	.byte	14                              @ DW_FORM_strp
	.byte	73                              @ DW_AT_type
	.byte	19                              @ DW_FORM_ref4
	.byte	58                              @ DW_AT_decl_file
	.byte	11                              @ DW_FORM_data1
	.byte	59                              @ DW_AT_decl_line
	.byte	11                              @ DW_FORM_data1
	.byte	2                               @ DW_AT_location
	.byte	24                              @ DW_FORM_exprloc
	.byte	0                               @ EOM(1)
	.byte	0                               @ EOM(2)
	.byte	3                               @ Abbreviation Code
	.byte	22                              @ DW_TAG_typedef
	.byte	0                               @ DW_CHILDREN_no
	.byte	73                              @ DW_AT_type
	.byte	19                              @ DW_FORM_ref4
	.byte	3                               @ DW_AT_name
	.byte	14                              @ DW_FORM_strp
	.byte	58                              @ DW_AT_decl_file
	.byte	11                              @ DW_FORM_data1
	.byte	59                              @ DW_AT_decl_line
	.byte	11                              @ DW_FORM_data1
	.byte	0                               @ EOM(1)
	.byte	0                               @ EOM(2)
	.byte	4                               @ Abbreviation Code
	.byte	19                              @ DW_TAG_structure_type
	.byte	1                               @ DW_CHILDREN_yes
	.byte	11                              @ DW_AT_byte_size
	.byte	11                              @ DW_FORM_data1
	.byte	58                              @ DW_AT_decl_file
	.byte	11                              @ DW_FORM_data1
	.byte	59                              @ DW_AT_decl_line
	.byte	11                              @ DW_FORM_data1
	.byte	0                               @ EOM(1)
	.byte	0                               @ EOM(2)
	.byte	5                               @ Abbreviation Code
	.byte	13                              @ DW_TAG_member
	.byte	0                               @ DW_CHILDREN_no
	.byte	3                               @ DW_AT_name
	.byte	14                              @ DW_FORM_strp
	.byte	73                              @ DW_AT_type
	.byte	19                              @ DW_FORM_ref4
	.byte	58                              @ DW_AT_decl_file
	.byte	11                              @ DW_FORM_data1
	.byte	59                              @ DW_AT_decl_line
	.byte	11                              @ DW_FORM_data1
	.byte	56                              @ DW_AT_data_member_location
	.byte	11                              @ DW_FORM_data1
	.byte	0                               @ EOM(1)
	.byte	0                               @ EOM(2)
	.byte	6                               @ Abbreviation Code
	.byte	22                              @ DW_TAG_typedef
	.byte	0                               @ DW_CHILDREN_no
	.byte	73                              @ DW_AT_type
	.byte	19                              @ DW_FORM_ref4
	.byte	3                               @ DW_AT_name
	.byte	14                              @ DW_FORM_strp
	.byte	58                              @ DW_AT_decl_file
	.byte	11                              @ DW_FORM_data1
	.byte	59                              @ DW_AT_decl_line
	.byte	5                               @ DW_FORM_data2
	.byte	0                               @ EOM(1)
	.byte	0                               @ EOM(2)
	.byte	7                               @ Abbreviation Code
	.byte	19                              @ DW_TAG_structure_type
	.byte	1                               @ DW_CHILDREN_yes
	.byte	11                              @ DW_AT_byte_size
	.byte	11                              @ DW_FORM_data1
	.byte	58                              @ DW_AT_decl_file
	.byte	11                              @ DW_FORM_data1
	.byte	59                              @ DW_AT_decl_line
	.byte	5                               @ DW_FORM_data2
	.byte	0                               @ EOM(1)
	.byte	0                               @ EOM(2)
	.byte	8                               @ Abbreviation Code
	.byte	13                              @ DW_TAG_member
	.byte	0                               @ DW_CHILDREN_no
	.byte	3                               @ DW_AT_name
	.byte	14                              @ DW_FORM_strp
	.byte	73                              @ DW_AT_type
	.byte	19                              @ DW_FORM_ref4
	.byte	58                              @ DW_AT_decl_file
	.byte	11                              @ DW_FORM_data1
	.byte	59                              @ DW_AT_decl_line
	.byte	5                               @ DW_FORM_data2
	.byte	56                              @ DW_AT_data_member_location
	.byte	11                              @ DW_FORM_data1
	.byte	0                               @ EOM(1)
	.byte	0                               @ EOM(2)
	.byte	9                               @ Abbreviation Code
	.byte	36                              @ DW_TAG_base_type
	.byte	0                               @ DW_CHILDREN_no
	.byte	3                               @ DW_AT_name
	.byte	14                              @ DW_FORM_strp
	.byte	62                              @ DW_AT_encoding
	.byte	11                              @ DW_FORM_data1
	.byte	11                              @ DW_AT_byte_size
	.byte	11                              @ DW_FORM_data1
	.byte	0                               @ EOM(1)
	.byte	0                               @ EOM(2)
	.byte	10                              @ Abbreviation Code
	.byte	4                               @ DW_TAG_enumeration_type
	.byte	1                               @ DW_CHILDREN_yes
	.byte	73                              @ DW_AT_type
	.byte	19                              @ DW_FORM_ref4
	.byte	11                              @ DW_AT_byte_size
	.byte	11                              @ DW_FORM_data1
	.byte	58                              @ DW_AT_decl_file
	.byte	11                              @ DW_FORM_data1
	.byte	59                              @ DW_AT_decl_line
	.byte	5                               @ DW_FORM_data2
	.byte	0                               @ EOM(1)
	.byte	0                               @ EOM(2)
	.byte	11                              @ Abbreviation Code
	.byte	40                              @ DW_TAG_enumerator
	.byte	0                               @ DW_CHILDREN_no
	.byte	3                               @ DW_AT_name
	.byte	14                              @ DW_FORM_strp
	.byte	28                              @ DW_AT_const_value
	.byte	15                              @ DW_FORM_udata
	.byte	0                               @ EOM(1)
	.byte	0                               @ EOM(2)
	.byte	12                              @ Abbreviation Code
	.byte	52                              @ DW_TAG_variable
	.byte	0                               @ DW_CHILDREN_no
	.byte	3                               @ DW_AT_name
	.byte	14                              @ DW_FORM_strp
	.byte	73                              @ DW_AT_type
	.byte	19                              @ DW_FORM_ref4
	.byte	58                              @ DW_AT_decl_file
	.byte	11                              @ DW_FORM_data1
	.byte	59                              @ DW_AT_decl_line
	.byte	11                              @ DW_FORM_data1
	.byte	0                               @ EOM(1)
	.byte	0                               @ EOM(2)
	.byte	13                              @ Abbreviation Code
	.byte	38                              @ DW_TAG_const_type
	.byte	0                               @ DW_CHILDREN_no
	.byte	73                              @ DW_AT_type
	.byte	19                              @ DW_FORM_ref4
	.byte	0                               @ EOM(1)
	.byte	0                               @ EOM(2)
	.byte	14                              @ Abbreviation Code
	.byte	15                              @ DW_TAG_pointer_type
	.byte	0                               @ DW_CHILDREN_no
	.byte	73                              @ DW_AT_type
	.byte	19                              @ DW_FORM_ref4
	.byte	0                               @ EOM(1)
	.byte	0                               @ EOM(2)
	.byte	15                              @ Abbreviation Code
	.byte	19                              @ DW_TAG_structure_type
	.byte	1                               @ DW_CHILDREN_yes
	.byte	11                              @ DW_AT_byte_size
	.byte	5                               @ DW_FORM_data2
	.byte	58                              @ DW_AT_decl_file
	.byte	11                              @ DW_FORM_data1
	.byte	59                              @ DW_AT_decl_line
	.byte	11                              @ DW_FORM_data1
	.byte	0                               @ EOM(1)
	.byte	0                               @ EOM(2)
	.byte	16                              @ Abbreviation Code
	.byte	53                              @ DW_TAG_volatile_type
	.byte	0                               @ DW_CHILDREN_no
	.byte	73                              @ DW_AT_type
	.byte	19                              @ DW_FORM_ref4
	.byte	0                               @ EOM(1)
	.byte	0                               @ EOM(2)
	.byte	17                              @ Abbreviation Code
	.byte	1                               @ DW_TAG_array_type
	.byte	1                               @ DW_CHILDREN_yes
	.byte	73                              @ DW_AT_type
	.byte	19                              @ DW_FORM_ref4
	.byte	0                               @ EOM(1)
	.byte	0                               @ EOM(2)
	.byte	18                              @ Abbreviation Code
	.byte	33                              @ DW_TAG_subrange_type
	.byte	0                               @ DW_CHILDREN_no
	.byte	73                              @ DW_AT_type
	.byte	19                              @ DW_FORM_ref4
	.byte	55                              @ DW_AT_count
	.byte	11                              @ DW_FORM_data1
	.byte	0                               @ EOM(1)
	.byte	0                               @ EOM(2)
	.byte	19                              @ Abbreviation Code
	.byte	36                              @ DW_TAG_base_type
	.byte	0                               @ DW_CHILDREN_no
	.byte	3                               @ DW_AT_name
	.byte	14                              @ DW_FORM_strp
	.byte	11                              @ DW_AT_byte_size
	.byte	11                              @ DW_FORM_data1
	.byte	62                              @ DW_AT_encoding
	.byte	11                              @ DW_FORM_data1
	.byte	0                               @ EOM(1)
	.byte	0                               @ EOM(2)
	.byte	20                              @ Abbreviation Code
	.byte	4                               @ DW_TAG_enumeration_type
	.byte	1                               @ DW_CHILDREN_yes
	.byte	73                              @ DW_AT_type
	.byte	19                              @ DW_FORM_ref4
	.byte	11                              @ DW_AT_byte_size
	.byte	11                              @ DW_FORM_data1
	.byte	58                              @ DW_AT_decl_file
	.byte	11                              @ DW_FORM_data1
	.byte	59                              @ DW_AT_decl_line
	.byte	11                              @ DW_FORM_data1
	.byte	0                               @ EOM(1)
	.byte	0                               @ EOM(2)
	.byte	21                              @ Abbreviation Code
	.byte	4                               @ DW_TAG_enumeration_type
	.byte	1                               @ DW_CHILDREN_yes
	.byte	73                              @ DW_AT_type
	.byte	19                              @ DW_FORM_ref4
	.byte	3                               @ DW_AT_name
	.byte	14                              @ DW_FORM_strp
	.byte	11                              @ DW_AT_byte_size
	.byte	11                              @ DW_FORM_data1
	.byte	58                              @ DW_AT_decl_file
	.byte	11                              @ DW_FORM_data1
	.byte	59                              @ DW_AT_decl_line
	.byte	11                              @ DW_FORM_data1
	.byte	0                               @ EOM(1)
	.byte	0                               @ EOM(2)
	.byte	22                              @ Abbreviation Code
	.byte	46                              @ DW_TAG_subprogram
	.byte	1                               @ DW_CHILDREN_yes
	.byte	17                              @ DW_AT_low_pc
	.byte	1                               @ DW_FORM_addr
	.byte	18                              @ DW_AT_high_pc
	.byte	6                               @ DW_FORM_data4
	.byte	64                              @ DW_AT_frame_base
	.byte	24                              @ DW_FORM_exprloc
	.ascii	"\227B"                         @ DW_AT_GNU_all_call_sites
	.byte	25                              @ DW_FORM_flag_present
	.byte	3                               @ DW_AT_name
	.byte	14                              @ DW_FORM_strp
	.byte	58                              @ DW_AT_decl_file
	.byte	11                              @ DW_FORM_data1
	.byte	59                              @ DW_AT_decl_line
	.byte	11                              @ DW_FORM_data1
	.byte	39                              @ DW_AT_prototyped
	.byte	25                              @ DW_FORM_flag_present
	.byte	63                              @ DW_AT_external
	.byte	25                              @ DW_FORM_flag_present
	.byte	0                               @ EOM(1)
	.byte	0                               @ EOM(2)
	.byte	23                              @ Abbreviation Code
	.byte	5                               @ DW_TAG_formal_parameter
	.byte	0                               @ DW_CHILDREN_no
	.byte	2                               @ DW_AT_location
	.byte	23                              @ DW_FORM_sec_offset
	.byte	3                               @ DW_AT_name
	.byte	14                              @ DW_FORM_strp
	.byte	58                              @ DW_AT_decl_file
	.byte	11                              @ DW_FORM_data1
	.byte	59                              @ DW_AT_decl_line
	.byte	11                              @ DW_FORM_data1
	.byte	73                              @ DW_AT_type
	.byte	19                              @ DW_FORM_ref4
	.byte	0                               @ EOM(1)
	.byte	0                               @ EOM(2)
	.byte	24                              @ Abbreviation Code
	.byte	46                              @ DW_TAG_subprogram
	.byte	0                               @ DW_CHILDREN_no
	.byte	17                              @ DW_AT_low_pc
	.byte	1                               @ DW_FORM_addr
	.byte	18                              @ DW_AT_high_pc
	.byte	6                               @ DW_FORM_data4
	.byte	64                              @ DW_AT_frame_base
	.byte	24                              @ DW_FORM_exprloc
	.ascii	"\227B"                         @ DW_AT_GNU_all_call_sites
	.byte	25                              @ DW_FORM_flag_present
	.byte	3                               @ DW_AT_name
	.byte	14                              @ DW_FORM_strp
	.byte	58                              @ DW_AT_decl_file
	.byte	11                              @ DW_FORM_data1
	.byte	59                              @ DW_AT_decl_line
	.byte	11                              @ DW_FORM_data1
	.byte	39                              @ DW_AT_prototyped
	.byte	25                              @ DW_FORM_flag_present
	.byte	63                              @ DW_AT_external
	.byte	25                              @ DW_FORM_flag_present
	.byte	0                               @ EOM(1)
	.byte	0                               @ EOM(2)
	.byte	25                              @ Abbreviation Code
	.byte	46                              @ DW_TAG_subprogram
	.byte	0                               @ DW_CHILDREN_no
	.byte	3                               @ DW_AT_name
	.byte	14                              @ DW_FORM_strp
	.byte	58                              @ DW_AT_decl_file
	.byte	11                              @ DW_FORM_data1
	.byte	59                              @ DW_AT_decl_line
	.byte	5                               @ DW_FORM_data2
	.byte	39                              @ DW_AT_prototyped
	.byte	25                              @ DW_FORM_flag_present
	.byte	73                              @ DW_AT_type
	.byte	19                              @ DW_FORM_ref4
	.byte	32                              @ DW_AT_inline
	.byte	11                              @ DW_FORM_data1
	.byte	0                               @ EOM(1)
	.byte	0                               @ EOM(2)
	.byte	26                              @ Abbreviation Code
	.byte	46                              @ DW_TAG_subprogram
	.byte	0                               @ DW_CHILDREN_no
	.byte	3                               @ DW_AT_name
	.byte	14                              @ DW_FORM_strp
	.byte	58                              @ DW_AT_decl_file
	.byte	11                              @ DW_FORM_data1
	.byte	59                              @ DW_AT_decl_line
	.byte	5                               @ DW_FORM_data2
	.byte	39                              @ DW_AT_prototyped
	.byte	25                              @ DW_FORM_flag_present
	.byte	32                              @ DW_AT_inline
	.byte	11                              @ DW_FORM_data1
	.byte	0                               @ EOM(1)
	.byte	0                               @ EOM(2)
	.byte	27                              @ Abbreviation Code
	.byte	46                              @ DW_TAG_subprogram
	.byte	1                               @ DW_CHILDREN_yes
	.byte	17                              @ DW_AT_low_pc
	.byte	1                               @ DW_FORM_addr
	.byte	18                              @ DW_AT_high_pc
	.byte	6                               @ DW_FORM_data4
	.byte	64                              @ DW_AT_frame_base
	.byte	24                              @ DW_FORM_exprloc
	.ascii	"\227B"                         @ DW_AT_GNU_all_call_sites
	.byte	25                              @ DW_FORM_flag_present
	.byte	3                               @ DW_AT_name
	.byte	14                              @ DW_FORM_strp
	.byte	58                              @ DW_AT_decl_file
	.byte	11                              @ DW_FORM_data1
	.byte	59                              @ DW_AT_decl_line
	.byte	11                              @ DW_FORM_data1
	.byte	39                              @ DW_AT_prototyped
	.byte	25                              @ DW_FORM_flag_present
	.byte	73                              @ DW_AT_type
	.byte	19                              @ DW_FORM_ref4
	.byte	63                              @ DW_AT_external
	.byte	25                              @ DW_FORM_flag_present
	.byte	0                               @ EOM(1)
	.byte	0                               @ EOM(2)
	.byte	28                              @ Abbreviation Code
	.byte	52                              @ DW_TAG_variable
	.byte	0                               @ DW_CHILDREN_no
	.byte	3                               @ DW_AT_name
	.byte	14                              @ DW_FORM_strp
	.byte	58                              @ DW_AT_decl_file
	.byte	11                              @ DW_FORM_data1
	.byte	59                              @ DW_AT_decl_line
	.byte	11                              @ DW_FORM_data1
	.byte	73                              @ DW_AT_type
	.byte	19                              @ DW_FORM_ref4
	.byte	0                               @ EOM(1)
	.byte	0                               @ EOM(2)
	.byte	29                              @ Abbreviation Code
	.byte	11                              @ DW_TAG_lexical_block
	.byte	1                               @ DW_CHILDREN_yes
	.byte	17                              @ DW_AT_low_pc
	.byte	1                               @ DW_FORM_addr
	.byte	18                              @ DW_AT_high_pc
	.byte	6                               @ DW_FORM_data4
	.byte	0                               @ EOM(1)
	.byte	0                               @ EOM(2)
	.byte	30                              @ Abbreviation Code
	.byte	52                              @ DW_TAG_variable
	.byte	0                               @ DW_CHILDREN_no
	.byte	2                               @ DW_AT_location
	.byte	23                              @ DW_FORM_sec_offset
	.byte	3                               @ DW_AT_name
	.byte	14                              @ DW_FORM_strp
	.byte	58                              @ DW_AT_decl_file
	.byte	11                              @ DW_FORM_data1
	.byte	59                              @ DW_AT_decl_line
	.byte	11                              @ DW_FORM_data1
	.byte	73                              @ DW_AT_type
	.byte	19                              @ DW_FORM_ref4
	.byte	0                               @ EOM(1)
	.byte	0                               @ EOM(2)
	.byte	31                              @ Abbreviation Code
	.byte	29                              @ DW_TAG_inlined_subroutine
	.byte	0                               @ DW_CHILDREN_no
	.byte	49                              @ DW_AT_abstract_origin
	.byte	19                              @ DW_FORM_ref4
	.byte	17                              @ DW_AT_low_pc
	.byte	1                               @ DW_FORM_addr
	.byte	18                              @ DW_AT_high_pc
	.byte	6                               @ DW_FORM_data4
	.byte	88                              @ DW_AT_call_file
	.byte	11                              @ DW_FORM_data1
	.byte	89                              @ DW_AT_call_line
	.byte	11                              @ DW_FORM_data1
	.byte	87                              @ DW_AT_call_column
	.byte	11                              @ DW_FORM_data1
	.byte	0                               @ EOM(1)
	.byte	0                               @ EOM(2)
	.byte	32                              @ Abbreviation Code
	.byte	46                              @ DW_TAG_subprogram
	.byte	1                               @ DW_CHILDREN_yes
	.byte	3                               @ DW_AT_name
	.byte	14                              @ DW_FORM_strp
	.byte	58                              @ DW_AT_decl_file
	.byte	11                              @ DW_FORM_data1
	.byte	59                              @ DW_AT_decl_line
	.byte	5                               @ DW_FORM_data2
	.byte	39                              @ DW_AT_prototyped
	.byte	25                              @ DW_FORM_flag_present
	.byte	73                              @ DW_AT_type
	.byte	19                              @ DW_FORM_ref4
	.byte	32                              @ DW_AT_inline
	.byte	11                              @ DW_FORM_data1
	.byte	0                               @ EOM(1)
	.byte	0                               @ EOM(2)
	.byte	33                              @ Abbreviation Code
	.byte	52                              @ DW_TAG_variable
	.byte	0                               @ DW_CHILDREN_no
	.byte	3                               @ DW_AT_name
	.byte	14                              @ DW_FORM_strp
	.byte	58                              @ DW_AT_decl_file
	.byte	11                              @ DW_FORM_data1
	.byte	59                              @ DW_AT_decl_line
	.byte	5                               @ DW_FORM_data2
	.byte	73                              @ DW_AT_type
	.byte	19                              @ DW_FORM_ref4
	.byte	0                               @ EOM(1)
	.byte	0                               @ EOM(2)
	.byte	34                              @ Abbreviation Code
	.byte	46                              @ DW_TAG_subprogram
	.byte	1                               @ DW_CHILDREN_yes
	.byte	3                               @ DW_AT_name
	.byte	14                              @ DW_FORM_strp
	.byte	58                              @ DW_AT_decl_file
	.byte	11                              @ DW_FORM_data1
	.byte	59                              @ DW_AT_decl_line
	.byte	5                               @ DW_FORM_data2
	.byte	39                              @ DW_AT_prototyped
	.byte	25                              @ DW_FORM_flag_present
	.byte	32                              @ DW_AT_inline
	.byte	11                              @ DW_FORM_data1
	.byte	0                               @ EOM(1)
	.byte	0                               @ EOM(2)
	.byte	35                              @ Abbreviation Code
	.byte	5                               @ DW_TAG_formal_parameter
	.byte	0                               @ DW_CHILDREN_no
	.byte	3                               @ DW_AT_name
	.byte	14                              @ DW_FORM_strp
	.byte	58                              @ DW_AT_decl_file
	.byte	11                              @ DW_FORM_data1
	.byte	59                              @ DW_AT_decl_line
	.byte	5                               @ DW_FORM_data2
	.byte	73                              @ DW_AT_type
	.byte	19                              @ DW_FORM_ref4
	.byte	0                               @ EOM(1)
	.byte	0                               @ EOM(2)
	.byte	36                              @ Abbreviation Code
	.byte	29                              @ DW_TAG_inlined_subroutine
	.byte	1                               @ DW_CHILDREN_yes
	.byte	49                              @ DW_AT_abstract_origin
	.byte	19                              @ DW_FORM_ref4
	.byte	17                              @ DW_AT_low_pc
	.byte	1                               @ DW_FORM_addr
	.byte	18                              @ DW_AT_high_pc
	.byte	6                               @ DW_FORM_data4
	.byte	88                              @ DW_AT_call_file
	.byte	11                              @ DW_FORM_data1
	.byte	89                              @ DW_AT_call_line
	.byte	11                              @ DW_FORM_data1
	.byte	87                              @ DW_AT_call_column
	.byte	11                              @ DW_FORM_data1
	.byte	0                               @ EOM(1)
	.byte	0                               @ EOM(2)
	.byte	37                              @ Abbreviation Code
	.byte	52                              @ DW_TAG_variable
	.byte	0                               @ DW_CHILDREN_no
	.byte	2                               @ DW_AT_location
	.byte	23                              @ DW_FORM_sec_offset
	.byte	49                              @ DW_AT_abstract_origin
	.byte	19                              @ DW_FORM_ref4
	.byte	0                               @ EOM(1)
	.byte	0                               @ EOM(2)
	.byte	38                              @ Abbreviation Code
	.byte	5                               @ DW_TAG_formal_parameter
	.byte	0                               @ DW_CHILDREN_no
	.byte	28                              @ DW_AT_const_value
	.byte	15                              @ DW_FORM_udata
	.byte	49                              @ DW_AT_abstract_origin
	.byte	19                              @ DW_FORM_ref4
	.byte	0                               @ EOM(1)
	.byte	0                               @ EOM(2)
	.byte	39                              @ Abbreviation Code
	.byte	46                              @ DW_TAG_subprogram
	.byte	1                               @ DW_CHILDREN_yes
	.byte	17                              @ DW_AT_low_pc
	.byte	1                               @ DW_FORM_addr
	.byte	18                              @ DW_AT_high_pc
	.byte	6                               @ DW_FORM_data4
	.byte	64                              @ DW_AT_frame_base
	.byte	24                              @ DW_FORM_exprloc
	.ascii	"\227B"                         @ DW_AT_GNU_all_call_sites
	.byte	25                              @ DW_FORM_flag_present
	.byte	3                               @ DW_AT_name
	.byte	14                              @ DW_FORM_strp
	.byte	58                              @ DW_AT_decl_file
	.byte	11                              @ DW_FORM_data1
	.byte	59                              @ DW_AT_decl_line
	.byte	11                              @ DW_FORM_data1
	.byte	39                              @ DW_AT_prototyped
	.byte	25                              @ DW_FORM_flag_present
	.byte	0                               @ EOM(1)
	.byte	0                               @ EOM(2)
	.byte	40                              @ Abbreviation Code
	.byte	5                               @ DW_TAG_formal_parameter
	.byte	0                               @ DW_CHILDREN_no
	.byte	2                               @ DW_AT_location
	.byte	24                              @ DW_FORM_exprloc
	.byte	49                              @ DW_AT_abstract_origin
	.byte	19                              @ DW_FORM_ref4
	.byte	0                               @ EOM(1)
	.byte	0                               @ EOM(2)
	.byte	41                              @ Abbreviation Code
	.byte	29                              @ DW_TAG_inlined_subroutine
	.byte	0                               @ DW_CHILDREN_no
	.byte	49                              @ DW_AT_abstract_origin
	.byte	19                              @ DW_FORM_ref4
	.byte	17                              @ DW_AT_low_pc
	.byte	1                               @ DW_FORM_addr
	.byte	18                              @ DW_AT_high_pc
	.byte	6                               @ DW_FORM_data4
	.byte	88                              @ DW_AT_call_file
	.byte	11                              @ DW_FORM_data1
	.byte	89                              @ DW_AT_call_line
	.byte	11                              @ DW_FORM_data1
	.byte	0                               @ EOM(1)
	.byte	0                               @ EOM(2)
	.byte	42                              @ Abbreviation Code
	.byte	5                               @ DW_TAG_formal_parameter
	.byte	0                               @ DW_CHILDREN_no
	.byte	2                               @ DW_AT_location
	.byte	24                              @ DW_FORM_exprloc
	.byte	3                               @ DW_AT_name
	.byte	14                              @ DW_FORM_strp
	.byte	58                              @ DW_AT_decl_file
	.byte	11                              @ DW_FORM_data1
	.byte	59                              @ DW_AT_decl_line
	.byte	11                              @ DW_FORM_data1
	.byte	73                              @ DW_AT_type
	.byte	19                              @ DW_FORM_ref4
	.byte	0                               @ EOM(1)
	.byte	0                               @ EOM(2)
	.byte	43                              @ Abbreviation Code
	.byte	46                              @ DW_TAG_subprogram
	.byte	1                               @ DW_CHILDREN_yes
	.byte	17                              @ DW_AT_low_pc
	.byte	1                               @ DW_FORM_addr
	.byte	18                              @ DW_AT_high_pc
	.byte	6                               @ DW_FORM_data4
	.byte	64                              @ DW_AT_frame_base
	.byte	24                              @ DW_FORM_exprloc
	.ascii	"\227B"                         @ DW_AT_GNU_all_call_sites
	.byte	25                              @ DW_FORM_flag_present
	.byte	3                               @ DW_AT_name
	.byte	14                              @ DW_FORM_strp
	.byte	58                              @ DW_AT_decl_file
	.byte	11                              @ DW_FORM_data1
	.byte	59                              @ DW_AT_decl_line
	.byte	5                               @ DW_FORM_data2
	.byte	39                              @ DW_AT_prototyped
	.byte	25                              @ DW_FORM_flag_present
	.byte	73                              @ DW_AT_type
	.byte	19                              @ DW_FORM_ref4
	.byte	63                              @ DW_AT_external
	.byte	25                              @ DW_FORM_flag_present
	.byte	0                               @ EOM(1)
	.byte	0                               @ EOM(2)
	.byte	44                              @ Abbreviation Code
	.byte	5                               @ DW_TAG_formal_parameter
	.byte	0                               @ DW_CHILDREN_no
	.byte	2                               @ DW_AT_location
	.byte	23                              @ DW_FORM_sec_offset
	.byte	3                               @ DW_AT_name
	.byte	14                              @ DW_FORM_strp
	.byte	58                              @ DW_AT_decl_file
	.byte	11                              @ DW_FORM_data1
	.byte	59                              @ DW_AT_decl_line
	.byte	5                               @ DW_FORM_data2
	.byte	73                              @ DW_AT_type
	.byte	19                              @ DW_FORM_ref4
	.byte	0                               @ EOM(1)
	.byte	0                               @ EOM(2)
	.byte	45                              @ Abbreviation Code
	.byte	52                              @ DW_TAG_variable
	.byte	0                               @ DW_CHILDREN_no
	.byte	2                               @ DW_AT_location
	.byte	23                              @ DW_FORM_sec_offset
	.byte	3                               @ DW_AT_name
	.byte	14                              @ DW_FORM_strp
	.byte	58                              @ DW_AT_decl_file
	.byte	11                              @ DW_FORM_data1
	.byte	59                              @ DW_AT_decl_line
	.byte	5                               @ DW_FORM_data2
	.byte	73                              @ DW_AT_type
	.byte	19                              @ DW_FORM_ref4
	.byte	0                               @ EOM(1)
	.byte	0                               @ EOM(2)
	.byte	46                              @ Abbreviation Code
	.byte	29                              @ DW_TAG_inlined_subroutine
	.byte	1                               @ DW_CHILDREN_yes
	.byte	49                              @ DW_AT_abstract_origin
	.byte	19                              @ DW_FORM_ref4
	.byte	17                              @ DW_AT_low_pc
	.byte	1                               @ DW_FORM_addr
	.byte	18                              @ DW_AT_high_pc
	.byte	6                               @ DW_FORM_data4
	.byte	88                              @ DW_AT_call_file
	.byte	11                              @ DW_FORM_data1
	.byte	89                              @ DW_AT_call_line
	.byte	5                               @ DW_FORM_data2
	.byte	87                              @ DW_AT_call_column
	.byte	11                              @ DW_FORM_data1
	.byte	0                               @ EOM(1)
	.byte	0                               @ EOM(2)
	.byte	47                              @ Abbreviation Code
	.byte	29                              @ DW_TAG_inlined_subroutine
	.byte	0                               @ DW_CHILDREN_no
	.byte	49                              @ DW_AT_abstract_origin
	.byte	19                              @ DW_FORM_ref4
	.byte	17                              @ DW_AT_low_pc
	.byte	1                               @ DW_FORM_addr
	.byte	18                              @ DW_AT_high_pc
	.byte	6                               @ DW_FORM_data4
	.byte	88                              @ DW_AT_call_file
	.byte	11                              @ DW_FORM_data1
	.byte	89                              @ DW_AT_call_line
	.byte	5                               @ DW_FORM_data2
	.byte	87                              @ DW_AT_call_column
	.byte	11                              @ DW_FORM_data1
	.byte	0                               @ EOM(1)
	.byte	0                               @ EOM(2)
	.byte	48                              @ Abbreviation Code
	.byte	11                              @ DW_TAG_lexical_block
	.byte	1                               @ DW_CHILDREN_yes
	.byte	85                              @ DW_AT_ranges
	.byte	23                              @ DW_FORM_sec_offset
	.byte	0                               @ EOM(1)
	.byte	0                               @ EOM(2)
	.byte	49                              @ Abbreviation Code
	.byte	52                              @ DW_TAG_variable
	.byte	0                               @ DW_CHILDREN_no
	.byte	2                               @ DW_AT_location
	.byte	24                              @ DW_FORM_exprloc
	.byte	3                               @ DW_AT_name
	.byte	14                              @ DW_FORM_strp
	.byte	58                              @ DW_AT_decl_file
	.byte	11                              @ DW_FORM_data1
	.byte	59                              @ DW_AT_decl_line
	.byte	5                               @ DW_FORM_data2
	.byte	73                              @ DW_AT_type
	.byte	19                              @ DW_FORM_ref4
	.byte	0                               @ EOM(1)
	.byte	0                               @ EOM(2)
	.byte	0                               @ EOM(3)
	.section	.debug_info,"",%progbits
.Lcu_begin0:
	.long	.Ldebug_info_end0-.Ldebug_info_start0 @ Length of Unit
.Ldebug_info_start0:
	.short	4                               @ DWARF version number
	.long	.debug_abbrev                   @ Offset Into Abbrev. Section
	.byte	4                               @ Address Size (in bytes)
	.byte	1                               @ Abbrev [1] 0xb:0xed6 DW_TAG_compile_unit
	.long	.Linfo_string0                  @ DW_AT_producer
	.short	12                              @ DW_AT_language
	.long	.Linfo_string1                  @ DW_AT_name
	.long	.Lline_table_start0             @ DW_AT_stmt_list
	.long	.Linfo_string2                  @ DW_AT_comp_dir
	.long	.Lfunc_begin0                   @ DW_AT_low_pc
	.long	.Lfunc_end11-.Lfunc_begin0      @ DW_AT_high_pc
	.byte	2                               @ Abbrev [2] 0x26:0x11 DW_TAG_variable
	.long	.Linfo_string3                  @ DW_AT_name
	.long	55                              @ DW_AT_type
	.byte	3                               @ DW_AT_decl_file
	.byte	61                              @ DW_AT_decl_line
	.byte	5                               @ DW_AT_location
	.byte	3
	.long	i2c_eeprom_env
	.byte	3                               @ Abbrev [3] 0x37:0xb DW_TAG_typedef
	.long	66                              @ DW_AT_type
	.long	.Linfo_string41                 @ DW_AT_name
	.byte	3                               @ DW_AT_decl_file
	.byte	59                              @ DW_AT_decl_line
	.byte	4                               @ Abbrev [4] 0x42:0x1d DW_TAG_structure_type
	.byte	24                              @ DW_AT_byte_size
	.byte	3                               @ DW_AT_decl_file
	.byte	52                              @ DW_AT_decl_line
	.byte	5                               @ Abbrev [5] 0x46:0xc DW_TAG_member
	.long	.Linfo_string4                  @ DW_AT_name
	.long	95                              @ DW_AT_type
	.byte	3                               @ DW_AT_decl_file
	.byte	55                              @ DW_AT_decl_line
	.byte	0                               @ DW_AT_data_member_location
	.byte	5                               @ Abbrev [5] 0x52:0xc DW_TAG_member
	.long	.Linfo_string34                 @ DW_AT_name
	.long	447                             @ DW_AT_type
	.byte	3                               @ DW_AT_decl_file
	.byte	58                              @ DW_AT_decl_line
	.byte	16                              @ DW_AT_data_member_location
	.byte	0                               @ End Of Children Mark
	.byte	6                               @ Abbrev [6] 0x5f:0xc DW_TAG_typedef
	.long	107                             @ DW_AT_type
	.long	.Linfo_string33                 @ DW_AT_name
	.byte	2                               @ DW_AT_decl_file
	.short	485                             @ DW_AT_decl_line
	.byte	7                               @ Abbrev [7] 0x6b:0xa8 DW_TAG_structure_type
	.byte	16                              @ DW_AT_byte_size
	.byte	2                               @ DW_AT_decl_file
	.short	444                             @ DW_AT_decl_line
	.byte	8                               @ Abbrev [8] 0x70:0xd DW_TAG_member
	.long	.Linfo_string5                  @ DW_AT_name
	.long	125                             @ DW_AT_type
	.byte	2                               @ DW_AT_decl_file
	.short	461                             @ DW_AT_decl_line
	.byte	0                               @ DW_AT_data_member_location
	.byte	7                               @ Abbrev [7] 0x7d:0x3a DW_TAG_structure_type
	.byte	8                               @ DW_AT_byte_size
	.byte	2                               @ DW_AT_decl_file
	.short	447                             @ DW_AT_decl_line
	.byte	8                               @ Abbrev [8] 0x82:0xd DW_TAG_member
	.long	.Linfo_string6                  @ DW_AT_name
	.long	275                             @ DW_AT_type
	.byte	2                               @ DW_AT_decl_file
	.short	450                             @ DW_AT_decl_line
	.byte	0                               @ DW_AT_data_member_location
	.byte	8                               @ Abbrev [8] 0x8f:0xd DW_TAG_member
	.long	.Linfo_string9                  @ DW_AT_name
	.long	275                             @ DW_AT_type
	.byte	2                               @ DW_AT_decl_file
	.short	453                             @ DW_AT_decl_line
	.byte	2                               @ DW_AT_data_member_location
	.byte	8                               @ Abbrev [8] 0x9c:0xd DW_TAG_member
	.long	.Linfo_string10                 @ DW_AT_name
	.long	275                             @ DW_AT_type
	.byte	2                               @ DW_AT_decl_file
	.short	456                             @ DW_AT_decl_line
	.byte	4                               @ DW_AT_data_member_location
	.byte	8                               @ Abbrev [8] 0xa9:0xd DW_TAG_member
	.long	.Linfo_string11                 @ DW_AT_name
	.long	275                             @ DW_AT_type
	.byte	2                               @ DW_AT_decl_file
	.short	459                             @ DW_AT_decl_line
	.byte	6                               @ DW_AT_data_member_location
	.byte	0                               @ End Of Children Mark
	.byte	8                               @ Abbrev [8] 0xb7:0xd DW_TAG_member
	.long	.Linfo_string12                 @ DW_AT_name
	.long	293                             @ DW_AT_type
	.byte	2                               @ DW_AT_decl_file
	.short	465                             @ DW_AT_decl_line
	.byte	8                               @ DW_AT_data_member_location
	.byte	8                               @ Abbrev [8] 0xc4:0xd DW_TAG_member
	.long	.Linfo_string17                 @ DW_AT_name
	.long	334                             @ DW_AT_type
	.byte	2                               @ DW_AT_decl_file
	.short	468                             @ DW_AT_decl_line
	.byte	9                               @ DW_AT_data_member_location
	.byte	8                               @ Abbrev [8] 0xd1:0xd DW_TAG_member
	.long	.Linfo_string21                 @ DW_AT_name
	.long	368                             @ DW_AT_type
	.byte	2                               @ DW_AT_decl_file
	.short	471                             @ DW_AT_decl_line
	.byte	10                              @ DW_AT_data_member_location
	.byte	8                               @ Abbrev [8] 0xde:0xd DW_TAG_member
	.long	.Linfo_string25                 @ DW_AT_name
	.long	402                             @ DW_AT_type
	.byte	2                               @ DW_AT_decl_file
	.short	474                             @ DW_AT_decl_line
	.byte	11                              @ DW_AT_data_member_location
	.byte	8                               @ Abbrev [8] 0xeb:0xd DW_TAG_member
	.long	.Linfo_string29                 @ DW_AT_name
	.long	275                             @ DW_AT_type
	.byte	2                               @ DW_AT_decl_file
	.short	477                             @ DW_AT_decl_line
	.byte	12                              @ DW_AT_data_member_location
	.byte	8                               @ Abbrev [8] 0xf8:0xd DW_TAG_member
	.long	.Linfo_string30                 @ DW_AT_name
	.long	436                             @ DW_AT_type
	.byte	2                               @ DW_AT_decl_file
	.short	480                             @ DW_AT_decl_line
	.byte	14                              @ DW_AT_data_member_location
	.byte	8                               @ Abbrev [8] 0x105:0xd DW_TAG_member
	.long	.Linfo_string32                 @ DW_AT_name
	.long	436                             @ DW_AT_type
	.byte	2                               @ DW_AT_decl_file
	.short	483                             @ DW_AT_decl_line
	.byte	15                              @ DW_AT_data_member_location
	.byte	0                               @ End Of Children Mark
	.byte	3                               @ Abbrev [3] 0x113:0xb DW_TAG_typedef
	.long	286                             @ DW_AT_type
	.long	.Linfo_string8                  @ DW_AT_name
	.byte	1                               @ DW_AT_decl_file
	.byte	63                              @ DW_AT_decl_line
	.byte	9                               @ Abbrev [9] 0x11e:0x7 DW_TAG_base_type
	.long	.Linfo_string7                  @ DW_AT_name
	.byte	7                               @ DW_AT_encoding
	.byte	2                               @ DW_AT_byte_size
	.byte	6                               @ Abbrev [6] 0x125:0xc DW_TAG_typedef
	.long	305                             @ DW_AT_type
	.long	.Linfo_string16                 @ DW_AT_name
	.byte	2                               @ DW_AT_decl_file
	.short	294                             @ DW_AT_decl_line
	.byte	10                              @ Abbrev [10] 0x131:0x16 DW_TAG_enumeration_type
	.long	327                             @ DW_AT_type
	.byte	1                               @ DW_AT_byte_size
	.byte	2                               @ DW_AT_decl_file
	.short	286                             @ DW_AT_decl_line
	.byte	11                              @ Abbrev [11] 0x13a:0x6 DW_TAG_enumerator
	.long	.Linfo_string14                 @ DW_AT_name
	.byte	0                               @ DW_AT_const_value
	.byte	11                              @ Abbrev [11] 0x140:0x6 DW_TAG_enumerator
	.long	.Linfo_string15                 @ DW_AT_name
	.byte	1                               @ DW_AT_const_value
	.byte	0                               @ End Of Children Mark
	.byte	9                               @ Abbrev [9] 0x147:0x7 DW_TAG_base_type
	.long	.Linfo_string13                 @ DW_AT_name
	.byte	8                               @ DW_AT_encoding
	.byte	1                               @ DW_AT_byte_size
	.byte	6                               @ Abbrev [6] 0x14e:0xc DW_TAG_typedef
	.long	346                             @ DW_AT_type
	.long	.Linfo_string20                 @ DW_AT_name
	.byte	2                               @ DW_AT_decl_file
	.short	315                             @ DW_AT_decl_line
	.byte	10                              @ Abbrev [10] 0x15a:0x16 DW_TAG_enumeration_type
	.long	327                             @ DW_AT_type
	.byte	1                               @ DW_AT_byte_size
	.byte	2                               @ DW_AT_decl_file
	.short	307                             @ DW_AT_decl_line
	.byte	11                              @ Abbrev [11] 0x163:0x6 DW_TAG_enumerator
	.long	.Linfo_string18                 @ DW_AT_name
	.byte	1                               @ DW_AT_const_value
	.byte	11                              @ Abbrev [11] 0x169:0x6 DW_TAG_enumerator
	.long	.Linfo_string19                 @ DW_AT_name
	.byte	0                               @ DW_AT_const_value
	.byte	0                               @ End Of Children Mark
	.byte	6                               @ Abbrev [6] 0x170:0xc DW_TAG_typedef
	.long	380                             @ DW_AT_type
	.long	.Linfo_string24                 @ DW_AT_name
	.byte	2                               @ DW_AT_decl_file
	.short	283                             @ DW_AT_decl_line
	.byte	10                              @ Abbrev [10] 0x17c:0x16 DW_TAG_enumeration_type
	.long	327                             @ DW_AT_type
	.byte	1                               @ DW_AT_byte_size
	.byte	2                               @ DW_AT_decl_file
	.short	275                             @ DW_AT_decl_line
	.byte	11                              @ Abbrev [11] 0x185:0x6 DW_TAG_enumerator
	.long	.Linfo_string22                 @ DW_AT_name
	.byte	0                               @ DW_AT_const_value
	.byte	11                              @ Abbrev [11] 0x18b:0x6 DW_TAG_enumerator
	.long	.Linfo_string23                 @ DW_AT_name
	.byte	1                               @ DW_AT_const_value
	.byte	0                               @ End Of Children Mark
	.byte	6                               @ Abbrev [6] 0x192:0xc DW_TAG_typedef
	.long	414                             @ DW_AT_type
	.long	.Linfo_string28                 @ DW_AT_name
	.byte	2                               @ DW_AT_decl_file
	.short	304                             @ DW_AT_decl_line
	.byte	10                              @ Abbrev [10] 0x19e:0x16 DW_TAG_enumeration_type
	.long	327                             @ DW_AT_type
	.byte	1                               @ DW_AT_byte_size
	.byte	2                               @ DW_AT_decl_file
	.short	297                             @ DW_AT_decl_line
	.byte	11                              @ Abbrev [11] 0x1a7:0x6 DW_TAG_enumerator
	.long	.Linfo_string26                 @ DW_AT_name
	.byte	0                               @ DW_AT_const_value
	.byte	11                              @ Abbrev [11] 0x1ad:0x6 DW_TAG_enumerator
	.long	.Linfo_string27                 @ DW_AT_name
	.byte	1                               @ DW_AT_const_value
	.byte	0                               @ End Of Children Mark
	.byte	3                               @ Abbrev [3] 0x1b4:0xb DW_TAG_typedef
	.long	327                             @ DW_AT_type
	.long	.Linfo_string31                 @ DW_AT_name
	.byte	1                               @ DW_AT_decl_file
	.byte	62                              @ DW_AT_decl_line
	.byte	3                               @ Abbrev [3] 0x1bf:0xb DW_TAG_typedef
	.long	458                             @ DW_AT_type
	.long	.Linfo_string40                 @ DW_AT_name
	.byte	4                               @ DW_AT_decl_file
	.byte	128                             @ DW_AT_decl_line
	.byte	4                               @ Abbrev [4] 0x1ca:0x29 DW_TAG_structure_type
	.byte	8                               @ DW_AT_byte_size
	.byte	4                               @ DW_AT_decl_file
	.byte	117                             @ DW_AT_decl_line
	.byte	5                               @ Abbrev [5] 0x1ce:0xc DW_TAG_member
	.long	.Linfo_string35                 @ DW_AT_name
	.long	499                             @ DW_AT_type
	.byte	4                               @ DW_AT_decl_file
	.byte	120                             @ DW_AT_decl_line
	.byte	0                               @ DW_AT_data_member_location
	.byte	5                               @ Abbrev [5] 0x1da:0xc DW_TAG_member
	.long	.Linfo_string38                 @ DW_AT_name
	.long	275                             @ DW_AT_type
	.byte	4                               @ DW_AT_decl_file
	.byte	123                             @ DW_AT_decl_line
	.byte	4                               @ DW_AT_data_member_location
	.byte	5                               @ Abbrev [5] 0x1e6:0xc DW_TAG_member
	.long	.Linfo_string39                 @ DW_AT_name
	.long	436                             @ DW_AT_type
	.byte	4                               @ DW_AT_decl_file
	.byte	126                             @ DW_AT_decl_line
	.byte	6                               @ DW_AT_data_member_location
	.byte	0                               @ End Of Children Mark
	.byte	3                               @ Abbrev [3] 0x1f3:0xb DW_TAG_typedef
	.long	510                             @ DW_AT_type
	.long	.Linfo_string37                 @ DW_AT_name
	.byte	1                               @ DW_AT_decl_file
	.byte	64                              @ DW_AT_decl_line
	.byte	9                               @ Abbrev [9] 0x1fe:0x7 DW_TAG_base_type
	.long	.Linfo_string36                 @ DW_AT_name
	.byte	7                               @ DW_AT_encoding
	.byte	4                               @ DW_AT_byte_size
	.byte	12                              @ Abbrev [12] 0x205:0xb DW_TAG_variable
	.long	.Linfo_string4                  @ DW_AT_name
	.long	528                             @ DW_AT_type
	.byte	2                               @ DW_AT_decl_file
	.byte	250                             @ DW_AT_decl_line
	.byte	13                              @ Abbrev [13] 0x210:0x5 DW_TAG_const_type
	.long	533                             @ DW_AT_type
	.byte	14                              @ Abbrev [14] 0x215:0x5 DW_TAG_pointer_type
	.long	538                             @ DW_AT_type
	.byte	3                               @ Abbrev [3] 0x21a:0xb DW_TAG_typedef
	.long	549                             @ DW_AT_type
	.long	.Linfo_string123                @ DW_AT_name
	.byte	2                               @ DW_AT_decl_file
	.byte	247                             @ DW_AT_decl_line
	.byte	15                              @ Abbrev [15] 0x225:0x3c6 DW_TAG_structure_type
	.short	256                             @ DW_AT_byte_size
	.byte	2                               @ DW_AT_decl_file
	.byte	79                              @ DW_AT_decl_line
	.byte	5                               @ Abbrev [5] 0x22a:0xc DW_TAG_member
	.long	.Linfo_string42                 @ DW_AT_name
	.long	1515                            @ DW_AT_type
	.byte	2                               @ DW_AT_decl_file
	.byte	82                              @ DW_AT_decl_line
	.byte	0                               @ DW_AT_data_member_location
	.byte	5                               @ Abbrev [5] 0x236:0xc DW_TAG_member
	.long	.Linfo_string43                 @ DW_AT_name
	.long	275                             @ DW_AT_type
	.byte	2                               @ DW_AT_decl_file
	.byte	83                              @ DW_AT_decl_line
	.byte	2                               @ DW_AT_data_member_location
	.byte	5                               @ Abbrev [5] 0x242:0xc DW_TAG_member
	.long	.Linfo_string44                 @ DW_AT_name
	.long	1515                            @ DW_AT_type
	.byte	2                               @ DW_AT_decl_file
	.byte	86                              @ DW_AT_decl_line
	.byte	4                               @ DW_AT_data_member_location
	.byte	5                               @ Abbrev [5] 0x24e:0xc DW_TAG_member
	.long	.Linfo_string45                 @ DW_AT_name
	.long	275                             @ DW_AT_type
	.byte	2                               @ DW_AT_decl_file
	.byte	87                              @ DW_AT_decl_line
	.byte	6                               @ DW_AT_data_member_location
	.byte	5                               @ Abbrev [5] 0x25a:0xc DW_TAG_member
	.long	.Linfo_string46                 @ DW_AT_name
	.long	1515                            @ DW_AT_type
	.byte	2                               @ DW_AT_decl_file
	.byte	90                              @ DW_AT_decl_line
	.byte	8                               @ DW_AT_data_member_location
	.byte	5                               @ Abbrev [5] 0x266:0xc DW_TAG_member
	.long	.Linfo_string47                 @ DW_AT_name
	.long	1520                            @ DW_AT_type
	.byte	2                               @ DW_AT_decl_file
	.byte	91                              @ DW_AT_decl_line
	.byte	10                              @ DW_AT_data_member_location
	.byte	5                               @ Abbrev [5] 0x272:0xc DW_TAG_member
	.long	.Linfo_string49                 @ DW_AT_name
	.long	1515                            @ DW_AT_type
	.byte	2                               @ DW_AT_decl_file
	.byte	94                              @ DW_AT_decl_line
	.byte	16                              @ DW_AT_data_member_location
	.byte	5                               @ Abbrev [5] 0x27e:0xc DW_TAG_member
	.long	.Linfo_string50                 @ DW_AT_name
	.long	275                             @ DW_AT_type
	.byte	2                               @ DW_AT_decl_file
	.byte	95                              @ DW_AT_decl_line
	.byte	18                              @ DW_AT_data_member_location
	.byte	5                               @ Abbrev [5] 0x28a:0xc DW_TAG_member
	.long	.Linfo_string51                 @ DW_AT_name
	.long	1515                            @ DW_AT_type
	.byte	2                               @ DW_AT_decl_file
	.byte	98                              @ DW_AT_decl_line
	.byte	20                              @ DW_AT_data_member_location
	.byte	5                               @ Abbrev [5] 0x296:0xc DW_TAG_member
	.long	.Linfo_string52                 @ DW_AT_name
	.long	275                             @ DW_AT_type
	.byte	2                               @ DW_AT_decl_file
	.byte	99                              @ DW_AT_decl_line
	.byte	22                              @ DW_AT_data_member_location
	.byte	5                               @ Abbrev [5] 0x2a2:0xc DW_TAG_member
	.long	.Linfo_string53                 @ DW_AT_name
	.long	1515                            @ DW_AT_type
	.byte	2                               @ DW_AT_decl_file
	.byte	102                             @ DW_AT_decl_line
	.byte	24                              @ DW_AT_data_member_location
	.byte	5                               @ Abbrev [5] 0x2ae:0xc DW_TAG_member
	.long	.Linfo_string54                 @ DW_AT_name
	.long	275                             @ DW_AT_type
	.byte	2                               @ DW_AT_decl_file
	.byte	103                             @ DW_AT_decl_line
	.byte	26                              @ DW_AT_data_member_location
	.byte	5                               @ Abbrev [5] 0x2ba:0xc DW_TAG_member
	.long	.Linfo_string55                 @ DW_AT_name
	.long	1515                            @ DW_AT_type
	.byte	2                               @ DW_AT_decl_file
	.byte	106                             @ DW_AT_decl_line
	.byte	28                              @ DW_AT_data_member_location
	.byte	5                               @ Abbrev [5] 0x2c6:0xc DW_TAG_member
	.long	.Linfo_string56                 @ DW_AT_name
	.long	275                             @ DW_AT_type
	.byte	2                               @ DW_AT_decl_file
	.byte	107                             @ DW_AT_decl_line
	.byte	30                              @ DW_AT_data_member_location
	.byte	5                               @ Abbrev [5] 0x2d2:0xc DW_TAG_member
	.long	.Linfo_string57                 @ DW_AT_name
	.long	1515                            @ DW_AT_type
	.byte	2                               @ DW_AT_decl_file
	.byte	110                             @ DW_AT_decl_line
	.byte	32                              @ DW_AT_data_member_location
	.byte	5                               @ Abbrev [5] 0x2de:0xc DW_TAG_member
	.long	.Linfo_string58                 @ DW_AT_name
	.long	1539                            @ DW_AT_type
	.byte	2                               @ DW_AT_decl_file
	.byte	111                             @ DW_AT_decl_line
	.byte	34                              @ DW_AT_data_member_location
	.byte	5                               @ Abbrev [5] 0x2ea:0xc DW_TAG_member
	.long	.Linfo_string59                 @ DW_AT_name
	.long	1515                            @ DW_AT_type
	.byte	2                               @ DW_AT_decl_file
	.byte	114                             @ DW_AT_decl_line
	.byte	44                              @ DW_AT_data_member_location
	.byte	5                               @ Abbrev [5] 0x2f6:0xc DW_TAG_member
	.long	.Linfo_string60                 @ DW_AT_name
	.long	275                             @ DW_AT_type
	.byte	2                               @ DW_AT_decl_file
	.byte	115                             @ DW_AT_decl_line
	.byte	46                              @ DW_AT_data_member_location
	.byte	5                               @ Abbrev [5] 0x302:0xc DW_TAG_member
	.long	.Linfo_string61                 @ DW_AT_name
	.long	1515                            @ DW_AT_type
	.byte	2                               @ DW_AT_decl_file
	.byte	118                             @ DW_AT_decl_line
	.byte	48                              @ DW_AT_data_member_location
	.byte	5                               @ Abbrev [5] 0x30e:0xc DW_TAG_member
	.long	.Linfo_string62                 @ DW_AT_name
	.long	275                             @ DW_AT_type
	.byte	2                               @ DW_AT_decl_file
	.byte	119                             @ DW_AT_decl_line
	.byte	50                              @ DW_AT_data_member_location
	.byte	5                               @ Abbrev [5] 0x31a:0xc DW_TAG_member
	.long	.Linfo_string63                 @ DW_AT_name
	.long	1515                            @ DW_AT_type
	.byte	2                               @ DW_AT_decl_file
	.byte	122                             @ DW_AT_decl_line
	.byte	52                              @ DW_AT_data_member_location
	.byte	5                               @ Abbrev [5] 0x326:0xc DW_TAG_member
	.long	.Linfo_string64                 @ DW_AT_name
	.long	275                             @ DW_AT_type
	.byte	2                               @ DW_AT_decl_file
	.byte	123                             @ DW_AT_decl_line
	.byte	54                              @ DW_AT_data_member_location
	.byte	5                               @ Abbrev [5] 0x332:0xc DW_TAG_member
	.long	.Linfo_string65                 @ DW_AT_name
	.long	1515                            @ DW_AT_type
	.byte	2                               @ DW_AT_decl_file
	.byte	126                             @ DW_AT_decl_line
	.byte	56                              @ DW_AT_data_member_location
	.byte	5                               @ Abbrev [5] 0x33e:0xc DW_TAG_member
	.long	.Linfo_string66                 @ DW_AT_name
	.long	275                             @ DW_AT_type
	.byte	2                               @ DW_AT_decl_file
	.byte	127                             @ DW_AT_decl_line
	.byte	58                              @ DW_AT_data_member_location
	.byte	5                               @ Abbrev [5] 0x34a:0xc DW_TAG_member
	.long	.Linfo_string67                 @ DW_AT_name
	.long	1515                            @ DW_AT_type
	.byte	2                               @ DW_AT_decl_file
	.byte	130                             @ DW_AT_decl_line
	.byte	60                              @ DW_AT_data_member_location
	.byte	5                               @ Abbrev [5] 0x356:0xc DW_TAG_member
	.long	.Linfo_string68                 @ DW_AT_name
	.long	275                             @ DW_AT_type
	.byte	2                               @ DW_AT_decl_file
	.byte	131                             @ DW_AT_decl_line
	.byte	62                              @ DW_AT_data_member_location
	.byte	5                               @ Abbrev [5] 0x362:0xc DW_TAG_member
	.long	.Linfo_string69                 @ DW_AT_name
	.long	1515                            @ DW_AT_type
	.byte	2                               @ DW_AT_decl_file
	.byte	134                             @ DW_AT_decl_line
	.byte	64                              @ DW_AT_data_member_location
	.byte	5                               @ Abbrev [5] 0x36e:0xc DW_TAG_member
	.long	.Linfo_string70                 @ DW_AT_name
	.long	275                             @ DW_AT_type
	.byte	2                               @ DW_AT_decl_file
	.byte	135                             @ DW_AT_decl_line
	.byte	66                              @ DW_AT_data_member_location
	.byte	5                               @ Abbrev [5] 0x37a:0xc DW_TAG_member
	.long	.Linfo_string71                 @ DW_AT_name
	.long	1515                            @ DW_AT_type
	.byte	2                               @ DW_AT_decl_file
	.byte	138                             @ DW_AT_decl_line
	.byte	68                              @ DW_AT_data_member_location
	.byte	5                               @ Abbrev [5] 0x386:0xc DW_TAG_member
	.long	.Linfo_string72                 @ DW_AT_name
	.long	275                             @ DW_AT_type
	.byte	2                               @ DW_AT_decl_file
	.byte	139                             @ DW_AT_decl_line
	.byte	70                              @ DW_AT_data_member_location
	.byte	5                               @ Abbrev [5] 0x392:0xc DW_TAG_member
	.long	.Linfo_string73                 @ DW_AT_name
	.long	1515                            @ DW_AT_type
	.byte	2                               @ DW_AT_decl_file
	.byte	142                             @ DW_AT_decl_line
	.byte	72                              @ DW_AT_data_member_location
	.byte	5                               @ Abbrev [5] 0x39e:0xc DW_TAG_member
	.long	.Linfo_string74                 @ DW_AT_name
	.long	275                             @ DW_AT_type
	.byte	2                               @ DW_AT_decl_file
	.byte	143                             @ DW_AT_decl_line
	.byte	74                              @ DW_AT_data_member_location
	.byte	5                               @ Abbrev [5] 0x3aa:0xc DW_TAG_member
	.long	.Linfo_string75                 @ DW_AT_name
	.long	1515                            @ DW_AT_type
	.byte	2                               @ DW_AT_decl_file
	.byte	146                             @ DW_AT_decl_line
	.byte	76                              @ DW_AT_data_member_location
	.byte	5                               @ Abbrev [5] 0x3b6:0xc DW_TAG_member
	.long	.Linfo_string76                 @ DW_AT_name
	.long	275                             @ DW_AT_type
	.byte	2                               @ DW_AT_decl_file
	.byte	147                             @ DW_AT_decl_line
	.byte	78                              @ DW_AT_data_member_location
	.byte	5                               @ Abbrev [5] 0x3c2:0xc DW_TAG_member
	.long	.Linfo_string77                 @ DW_AT_name
	.long	1515                            @ DW_AT_type
	.byte	2                               @ DW_AT_decl_file
	.byte	150                             @ DW_AT_decl_line
	.byte	80                              @ DW_AT_data_member_location
	.byte	5                               @ Abbrev [5] 0x3ce:0xc DW_TAG_member
	.long	.Linfo_string78                 @ DW_AT_name
	.long	275                             @ DW_AT_type
	.byte	2                               @ DW_AT_decl_file
	.byte	151                             @ DW_AT_decl_line
	.byte	82                              @ DW_AT_data_member_location
	.byte	5                               @ Abbrev [5] 0x3da:0xc DW_TAG_member
	.long	.Linfo_string79                 @ DW_AT_name
	.long	1515                            @ DW_AT_type
	.byte	2                               @ DW_AT_decl_file
	.byte	154                             @ DW_AT_decl_line
	.byte	84                              @ DW_AT_data_member_location
	.byte	5                               @ Abbrev [5] 0x3e6:0xc DW_TAG_member
	.long	.Linfo_string80                 @ DW_AT_name
	.long	275                             @ DW_AT_type
	.byte	2                               @ DW_AT_decl_file
	.byte	155                             @ DW_AT_decl_line
	.byte	86                              @ DW_AT_data_member_location
	.byte	5                               @ Abbrev [5] 0x3f2:0xc DW_TAG_member
	.long	.Linfo_string81                 @ DW_AT_name
	.long	1515                            @ DW_AT_type
	.byte	2                               @ DW_AT_decl_file
	.byte	158                             @ DW_AT_decl_line
	.byte	88                              @ DW_AT_data_member_location
	.byte	5                               @ Abbrev [5] 0x3fe:0xc DW_TAG_member
	.long	.Linfo_string82                 @ DW_AT_name
	.long	275                             @ DW_AT_type
	.byte	2                               @ DW_AT_decl_file
	.byte	159                             @ DW_AT_decl_line
	.byte	90                              @ DW_AT_data_member_location
	.byte	5                               @ Abbrev [5] 0x40a:0xc DW_TAG_member
	.long	.Linfo_string83                 @ DW_AT_name
	.long	1515                            @ DW_AT_type
	.byte	2                               @ DW_AT_decl_file
	.byte	162                             @ DW_AT_decl_line
	.byte	92                              @ DW_AT_data_member_location
	.byte	5                               @ Abbrev [5] 0x416:0xc DW_TAG_member
	.long	.Linfo_string84                 @ DW_AT_name
	.long	275                             @ DW_AT_type
	.byte	2                               @ DW_AT_decl_file
	.byte	163                             @ DW_AT_decl_line
	.byte	94                              @ DW_AT_data_member_location
	.byte	5                               @ Abbrev [5] 0x422:0xc DW_TAG_member
	.long	.Linfo_string85                 @ DW_AT_name
	.long	1515                            @ DW_AT_type
	.byte	2                               @ DW_AT_decl_file
	.byte	166                             @ DW_AT_decl_line
	.byte	96                              @ DW_AT_data_member_location
	.byte	5                               @ Abbrev [5] 0x42e:0xc DW_TAG_member
	.long	.Linfo_string86                 @ DW_AT_name
	.long	275                             @ DW_AT_type
	.byte	2                               @ DW_AT_decl_file
	.byte	167                             @ DW_AT_decl_line
	.byte	98                              @ DW_AT_data_member_location
	.byte	5                               @ Abbrev [5] 0x43a:0xc DW_TAG_member
	.long	.Linfo_string87                 @ DW_AT_name
	.long	1515                            @ DW_AT_type
	.byte	2                               @ DW_AT_decl_file
	.byte	170                             @ DW_AT_decl_line
	.byte	100                             @ DW_AT_data_member_location
	.byte	5                               @ Abbrev [5] 0x446:0xc DW_TAG_member
	.long	.Linfo_string88                 @ DW_AT_name
	.long	275                             @ DW_AT_type
	.byte	2                               @ DW_AT_decl_file
	.byte	171                             @ DW_AT_decl_line
	.byte	102                             @ DW_AT_data_member_location
	.byte	5                               @ Abbrev [5] 0x452:0xc DW_TAG_member
	.long	.Linfo_string89                 @ DW_AT_name
	.long	1515                            @ DW_AT_type
	.byte	2                               @ DW_AT_decl_file
	.byte	174                             @ DW_AT_decl_line
	.byte	104                             @ DW_AT_data_member_location
	.byte	5                               @ Abbrev [5] 0x45e:0xc DW_TAG_member
	.long	.Linfo_string90                 @ DW_AT_name
	.long	275                             @ DW_AT_type
	.byte	2                               @ DW_AT_decl_file
	.byte	175                             @ DW_AT_decl_line
	.byte	106                             @ DW_AT_data_member_location
	.byte	5                               @ Abbrev [5] 0x46a:0xc DW_TAG_member
	.long	.Linfo_string91                 @ DW_AT_name
	.long	1515                            @ DW_AT_type
	.byte	2                               @ DW_AT_decl_file
	.byte	178                             @ DW_AT_decl_line
	.byte	108                             @ DW_AT_data_member_location
	.byte	5                               @ Abbrev [5] 0x476:0xc DW_TAG_member
	.long	.Linfo_string92                 @ DW_AT_name
	.long	275                             @ DW_AT_type
	.byte	2                               @ DW_AT_decl_file
	.byte	179                             @ DW_AT_decl_line
	.byte	110                             @ DW_AT_data_member_location
	.byte	5                               @ Abbrev [5] 0x482:0xc DW_TAG_member
	.long	.Linfo_string93                 @ DW_AT_name
	.long	1515                            @ DW_AT_type
	.byte	2                               @ DW_AT_decl_file
	.byte	182                             @ DW_AT_decl_line
	.byte	112                             @ DW_AT_data_member_location
	.byte	5                               @ Abbrev [5] 0x48e:0xc DW_TAG_member
	.long	.Linfo_string94                 @ DW_AT_name
	.long	275                             @ DW_AT_type
	.byte	2                               @ DW_AT_decl_file
	.byte	183                             @ DW_AT_decl_line
	.byte	114                             @ DW_AT_data_member_location
	.byte	5                               @ Abbrev [5] 0x49a:0xc DW_TAG_member
	.long	.Linfo_string95                 @ DW_AT_name
	.long	1515                            @ DW_AT_type
	.byte	2                               @ DW_AT_decl_file
	.byte	186                             @ DW_AT_decl_line
	.byte	116                             @ DW_AT_data_member_location
	.byte	5                               @ Abbrev [5] 0x4a6:0xc DW_TAG_member
	.long	.Linfo_string96                 @ DW_AT_name
	.long	275                             @ DW_AT_type
	.byte	2                               @ DW_AT_decl_file
	.byte	187                             @ DW_AT_decl_line
	.byte	118                             @ DW_AT_data_member_location
	.byte	5                               @ Abbrev [5] 0x4b2:0xc DW_TAG_member
	.long	.Linfo_string97                 @ DW_AT_name
	.long	1515                            @ DW_AT_type
	.byte	2                               @ DW_AT_decl_file
	.byte	190                             @ DW_AT_decl_line
	.byte	120                             @ DW_AT_data_member_location
	.byte	5                               @ Abbrev [5] 0x4be:0xc DW_TAG_member
	.long	.Linfo_string98                 @ DW_AT_name
	.long	275                             @ DW_AT_type
	.byte	2                               @ DW_AT_decl_file
	.byte	191                             @ DW_AT_decl_line
	.byte	122                             @ DW_AT_data_member_location
	.byte	5                               @ Abbrev [5] 0x4ca:0xc DW_TAG_member
	.long	.Linfo_string99                 @ DW_AT_name
	.long	1515                            @ DW_AT_type
	.byte	2                               @ DW_AT_decl_file
	.byte	194                             @ DW_AT_decl_line
	.byte	124                             @ DW_AT_data_member_location
	.byte	5                               @ Abbrev [5] 0x4d6:0xc DW_TAG_member
	.long	.Linfo_string100                @ DW_AT_name
	.long	275                             @ DW_AT_type
	.byte	2                               @ DW_AT_decl_file
	.byte	195                             @ DW_AT_decl_line
	.byte	126                             @ DW_AT_data_member_location
	.byte	5                               @ Abbrev [5] 0x4e2:0xc DW_TAG_member
	.long	.Linfo_string101                @ DW_AT_name
	.long	1515                            @ DW_AT_type
	.byte	2                               @ DW_AT_decl_file
	.byte	198                             @ DW_AT_decl_line
	.byte	128                             @ DW_AT_data_member_location
	.byte	5                               @ Abbrev [5] 0x4ee:0xc DW_TAG_member
	.long	.Linfo_string102                @ DW_AT_name
	.long	1520                            @ DW_AT_type
	.byte	2                               @ DW_AT_decl_file
	.byte	199                             @ DW_AT_decl_line
	.byte	130                             @ DW_AT_data_member_location
	.byte	5                               @ Abbrev [5] 0x4fa:0xc DW_TAG_member
	.long	.Linfo_string103                @ DW_AT_name
	.long	1515                            @ DW_AT_type
	.byte	2                               @ DW_AT_decl_file
	.byte	202                             @ DW_AT_decl_line
	.byte	136                             @ DW_AT_data_member_location
	.byte	5                               @ Abbrev [5] 0x506:0xc DW_TAG_member
	.long	.Linfo_string104                @ DW_AT_name
	.long	275                             @ DW_AT_type
	.byte	2                               @ DW_AT_decl_file
	.byte	203                             @ DW_AT_decl_line
	.byte	138                             @ DW_AT_data_member_location
	.byte	5                               @ Abbrev [5] 0x512:0xc DW_TAG_member
	.long	.Linfo_string105                @ DW_AT_name
	.long	1515                            @ DW_AT_type
	.byte	2                               @ DW_AT_decl_file
	.byte	206                             @ DW_AT_decl_line
	.byte	140                             @ DW_AT_data_member_location
	.byte	5                               @ Abbrev [5] 0x51e:0xc DW_TAG_member
	.long	.Linfo_string106                @ DW_AT_name
	.long	275                             @ DW_AT_type
	.byte	2                               @ DW_AT_decl_file
	.byte	207                             @ DW_AT_decl_line
	.byte	142                             @ DW_AT_data_member_location
	.byte	5                               @ Abbrev [5] 0x52a:0xc DW_TAG_member
	.long	.Linfo_string107                @ DW_AT_name
	.long	1515                            @ DW_AT_type
	.byte	2                               @ DW_AT_decl_file
	.byte	210                             @ DW_AT_decl_line
	.byte	144                             @ DW_AT_data_member_location
	.byte	5                               @ Abbrev [5] 0x536:0xc DW_TAG_member
	.long	.Linfo_string108                @ DW_AT_name
	.long	275                             @ DW_AT_type
	.byte	2                               @ DW_AT_decl_file
	.byte	211                             @ DW_AT_decl_line
	.byte	146                             @ DW_AT_data_member_location
	.byte	5                               @ Abbrev [5] 0x542:0xc DW_TAG_member
	.long	.Linfo_string109                @ DW_AT_name
	.long	1515                            @ DW_AT_type
	.byte	2                               @ DW_AT_decl_file
	.byte	214                             @ DW_AT_decl_line
	.byte	148                             @ DW_AT_data_member_location
	.byte	5                               @ Abbrev [5] 0x54e:0xc DW_TAG_member
	.long	.Linfo_string110                @ DW_AT_name
	.long	275                             @ DW_AT_type
	.byte	2                               @ DW_AT_decl_file
	.byte	215                             @ DW_AT_decl_line
	.byte	150                             @ DW_AT_data_member_location
	.byte	5                               @ Abbrev [5] 0x55a:0xc DW_TAG_member
	.long	.Linfo_string111                @ DW_AT_name
	.long	1515                            @ DW_AT_type
	.byte	2                               @ DW_AT_decl_file
	.byte	218                             @ DW_AT_decl_line
	.byte	152                             @ DW_AT_data_member_location
	.byte	5                               @ Abbrev [5] 0x566:0xc DW_TAG_member
	.long	.Linfo_string112                @ DW_AT_name
	.long	275                             @ DW_AT_type
	.byte	2                               @ DW_AT_decl_file
	.byte	219                             @ DW_AT_decl_line
	.byte	154                             @ DW_AT_data_member_location
	.byte	5                               @ Abbrev [5] 0x572:0xc DW_TAG_member
	.long	.Linfo_string113                @ DW_AT_name
	.long	1515                            @ DW_AT_type
	.byte	2                               @ DW_AT_decl_file
	.byte	222                             @ DW_AT_decl_line
	.byte	156                             @ DW_AT_data_member_location
	.byte	5                               @ Abbrev [5] 0x57e:0xc DW_TAG_member
	.long	.Linfo_string114                @ DW_AT_name
	.long	275                             @ DW_AT_type
	.byte	2                               @ DW_AT_decl_file
	.byte	223                             @ DW_AT_decl_line
	.byte	158                             @ DW_AT_data_member_location
	.byte	5                               @ Abbrev [5] 0x58a:0xc DW_TAG_member
	.long	.Linfo_string115                @ DW_AT_name
	.long	1515                            @ DW_AT_type
	.byte	2                               @ DW_AT_decl_file
	.byte	226                             @ DW_AT_decl_line
	.byte	160                             @ DW_AT_data_member_location
	.byte	5                               @ Abbrev [5] 0x596:0xc DW_TAG_member
	.long	.Linfo_string116                @ DW_AT_name
	.long	1551                            @ DW_AT_type
	.byte	2                               @ DW_AT_decl_file
	.byte	227                             @ DW_AT_decl_line
	.byte	162                             @ DW_AT_data_member_location
	.byte	5                               @ Abbrev [5] 0x5a2:0xc DW_TAG_member
	.long	.Linfo_string117                @ DW_AT_name
	.long	1515                            @ DW_AT_type
	.byte	2                               @ DW_AT_decl_file
	.byte	230                             @ DW_AT_decl_line
	.byte	244                             @ DW_AT_data_member_location
	.byte	5                               @ Abbrev [5] 0x5ae:0xc DW_TAG_member
	.long	.Linfo_string118                @ DW_AT_name
	.long	1515                            @ DW_AT_type
	.byte	2                               @ DW_AT_decl_file
	.byte	233                             @ DW_AT_decl_line
	.byte	246                             @ DW_AT_data_member_location
	.byte	5                               @ Abbrev [5] 0x5ba:0xc DW_TAG_member
	.long	.Linfo_string119                @ DW_AT_name
	.long	1515                            @ DW_AT_type
	.byte	2                               @ DW_AT_decl_file
	.byte	236                             @ DW_AT_decl_line
	.byte	248                             @ DW_AT_data_member_location
	.byte	5                               @ Abbrev [5] 0x5c6:0xc DW_TAG_member
	.long	.Linfo_string120                @ DW_AT_name
	.long	1515                            @ DW_AT_type
	.byte	2                               @ DW_AT_decl_file
	.byte	239                             @ DW_AT_decl_line
	.byte	250                             @ DW_AT_data_member_location
	.byte	5                               @ Abbrev [5] 0x5d2:0xc DW_TAG_member
	.long	.Linfo_string121                @ DW_AT_name
	.long	1515                            @ DW_AT_type
	.byte	2                               @ DW_AT_decl_file
	.byte	242                             @ DW_AT_decl_line
	.byte	252                             @ DW_AT_data_member_location
	.byte	5                               @ Abbrev [5] 0x5de:0xc DW_TAG_member
	.long	.Linfo_string122                @ DW_AT_name
	.long	1515                            @ DW_AT_type
	.byte	2                               @ DW_AT_decl_file
	.byte	245                             @ DW_AT_decl_line
	.byte	254                             @ DW_AT_data_member_location
	.byte	0                               @ End Of Children Mark
	.byte	16                              @ Abbrev [16] 0x5eb:0x5 DW_TAG_volatile_type
	.long	275                             @ DW_AT_type
	.byte	17                              @ Abbrev [17] 0x5f0:0xc DW_TAG_array_type
	.long	275                             @ DW_AT_type
	.byte	18                              @ Abbrev [18] 0x5f5:0x6 DW_TAG_subrange_type
	.long	1532                            @ DW_AT_type
	.byte	3                               @ DW_AT_count
	.byte	0                               @ End Of Children Mark
	.byte	19                              @ Abbrev [19] 0x5fc:0x7 DW_TAG_base_type
	.long	.Linfo_string48                 @ DW_AT_name
	.byte	8                               @ DW_AT_byte_size
	.byte	7                               @ DW_AT_encoding
	.byte	17                              @ Abbrev [17] 0x603:0xc DW_TAG_array_type
	.long	275                             @ DW_AT_type
	.byte	18                              @ Abbrev [18] 0x608:0x6 DW_TAG_subrange_type
	.long	1532                            @ DW_AT_type
	.byte	5                               @ DW_AT_count
	.byte	0                               @ End Of Children Mark
	.byte	17                              @ Abbrev [17] 0x60f:0xc DW_TAG_array_type
	.long	275                             @ DW_AT_type
	.byte	18                              @ Abbrev [18] 0x614:0x6 DW_TAG_subrange_type
	.long	1532                            @ DW_AT_type
	.byte	41                              @ DW_AT_count
	.byte	0                               @ End Of Children Mark
	.byte	20                              @ Abbrev [20] 0x61b:0x1b DW_TAG_enumeration_type
	.long	327                             @ DW_AT_type
	.byte	1                               @ DW_AT_byte_size
	.byte	4                               @ DW_AT_decl_file
	.byte	103                             @ DW_AT_decl_line
	.byte	11                              @ Abbrev [11] 0x623:0x6 DW_TAG_enumerator
	.long	.Linfo_string124                @ DW_AT_name
	.byte	0                               @ DW_AT_const_value
	.byte	11                              @ Abbrev [11] 0x629:0x6 DW_TAG_enumerator
	.long	.Linfo_string125                @ DW_AT_name
	.byte	1                               @ DW_AT_const_value
	.byte	11                              @ Abbrev [11] 0x62f:0x6 DW_TAG_enumerator
	.long	.Linfo_string126                @ DW_AT_name
	.byte	2                               @ DW_AT_const_value
	.byte	0                               @ End Of Children Mark
	.byte	10                              @ Abbrev [10] 0x636:0x7c DW_TAG_enumeration_type
	.long	286                             @ DW_AT_type
	.byte	2                               @ DW_AT_byte_size
	.byte	2                               @ DW_AT_decl_file
	.short	359                             @ DW_AT_decl_line
	.byte	11                              @ Abbrev [11] 0x63f:0x6 DW_TAG_enumerator
	.long	.Linfo_string127                @ DW_AT_name
	.byte	0                               @ DW_AT_const_value
	.byte	11                              @ Abbrev [11] 0x645:0x6 DW_TAG_enumerator
	.long	.Linfo_string128                @ DW_AT_name
	.byte	1                               @ DW_AT_const_value
	.byte	11                              @ Abbrev [11] 0x64b:0x6 DW_TAG_enumerator
	.long	.Linfo_string129                @ DW_AT_name
	.byte	2                               @ DW_AT_const_value
	.byte	11                              @ Abbrev [11] 0x651:0x6 DW_TAG_enumerator
	.long	.Linfo_string130                @ DW_AT_name
	.byte	4                               @ DW_AT_const_value
	.byte	11                              @ Abbrev [11] 0x657:0x6 DW_TAG_enumerator
	.long	.Linfo_string131                @ DW_AT_name
	.byte	8                               @ DW_AT_const_value
	.byte	11                              @ Abbrev [11] 0x65d:0x6 DW_TAG_enumerator
	.long	.Linfo_string132                @ DW_AT_name
	.byte	16                              @ DW_AT_const_value
	.byte	11                              @ Abbrev [11] 0x663:0x6 DW_TAG_enumerator
	.long	.Linfo_string133                @ DW_AT_name
	.byte	32                              @ DW_AT_const_value
	.byte	11                              @ Abbrev [11] 0x669:0x6 DW_TAG_enumerator
	.long	.Linfo_string134                @ DW_AT_name
	.byte	64                              @ DW_AT_const_value
	.byte	11                              @ Abbrev [11] 0x66f:0x7 DW_TAG_enumerator
	.long	.Linfo_string135                @ DW_AT_name
	.ascii	"\200\001"                      @ DW_AT_const_value
	.byte	11                              @ Abbrev [11] 0x676:0x7 DW_TAG_enumerator
	.long	.Linfo_string136                @ DW_AT_name
	.ascii	"\200\002"                      @ DW_AT_const_value
	.byte	11                              @ Abbrev [11] 0x67d:0x7 DW_TAG_enumerator
	.long	.Linfo_string137                @ DW_AT_name
	.ascii	"\200\b"                        @ DW_AT_const_value
	.byte	11                              @ Abbrev [11] 0x684:0x7 DW_TAG_enumerator
	.long	.Linfo_string138                @ DW_AT_name
	.ascii	"\200\020"                      @ DW_AT_const_value
	.byte	11                              @ Abbrev [11] 0x68b:0x7 DW_TAG_enumerator
	.long	.Linfo_string139                @ DW_AT_name
	.ascii	"\200 "                         @ DW_AT_const_value
	.byte	11                              @ Abbrev [11] 0x692:0x7 DW_TAG_enumerator
	.long	.Linfo_string140                @ DW_AT_name
	.ascii	"\200@"                         @ DW_AT_const_value
	.byte	11                              @ Abbrev [11] 0x699:0x8 DW_TAG_enumerator
	.long	.Linfo_string141                @ DW_AT_name
	.ascii	"\200\200\001"                  @ DW_AT_const_value
	.byte	11                              @ Abbrev [11] 0x6a1:0x8 DW_TAG_enumerator
	.long	.Linfo_string142                @ DW_AT_name
	.ascii	"\200\200\002"                  @ DW_AT_const_value
	.byte	11                              @ Abbrev [11] 0x6a9:0x8 DW_TAG_enumerator
	.long	.Linfo_string143                @ DW_AT_name
	.ascii	"\201\200\002"                  @ DW_AT_const_value
	.byte	0                               @ End Of Children Mark
	.byte	21                              @ Abbrev [21] 0x6b2:0x1f DW_TAG_enumeration_type
	.long	327                             @ DW_AT_type
	.long	.Linfo_string147                @ DW_AT_name
	.byte	1                               @ DW_AT_byte_size
	.byte	4                               @ DW_AT_decl_file
	.byte	90                              @ DW_AT_decl_line
	.byte	11                              @ Abbrev [11] 0x6be:0x6 DW_TAG_enumerator
	.long	.Linfo_string144                @ DW_AT_name
	.byte	0                               @ DW_AT_const_value
	.byte	11                              @ Abbrev [11] 0x6c4:0x6 DW_TAG_enumerator
	.long	.Linfo_string145                @ DW_AT_name
	.byte	1                               @ DW_AT_const_value
	.byte	11                              @ Abbrev [11] 0x6ca:0x6 DW_TAG_enumerator
	.long	.Linfo_string146                @ DW_AT_name
	.byte	2                               @ DW_AT_const_value
	.byte	0                               @ End Of Children Mark
	.byte	10                              @ Abbrev [10] 0x6d1:0x16 DW_TAG_enumeration_type
	.long	327                             @ DW_AT_type
	.byte	1                               @ DW_AT_byte_size
	.byte	2                               @ DW_AT_decl_file
	.short	264                             @ DW_AT_decl_line
	.byte	11                              @ Abbrev [11] 0x6da:0x6 DW_TAG_enumerator
	.long	.Linfo_string148                @ DW_AT_name
	.byte	0                               @ DW_AT_const_value
	.byte	11                              @ Abbrev [11] 0x6e0:0x6 DW_TAG_enumerator
	.long	.Linfo_string149                @ DW_AT_name
	.byte	1                               @ DW_AT_const_value
	.byte	0                               @ End Of Children Mark
	.byte	14                              @ Abbrev [14] 0x6e7:0x5 DW_TAG_pointer_type
	.long	1515                            @ DW_AT_type
	.byte	6                               @ Abbrev [6] 0x6ec:0xc DW_TAG_typedef
	.long	1590                            @ DW_AT_type
	.long	.Linfo_string150                @ DW_AT_name
	.byte	2                               @ DW_AT_decl_file
	.short	412                             @ DW_AT_decl_line
	.byte	22                              @ Abbrev [22] 0x6f8:0x30 DW_TAG_subprogram
	.long	.Lfunc_begin0                   @ DW_AT_low_pc
	.long	.Lfunc_end0-.Lfunc_begin0       @ DW_AT_high_pc
	.byte	1                               @ DW_AT_frame_base
	.byte	93
                                        @ DW_AT_GNU_all_call_sites
	.long	.Linfo_string169                @ DW_AT_name
	.byte	3                               @ DW_AT_decl_file
	.byte	72                              @ DW_AT_decl_line
                                        @ DW_AT_prototyped
                                        @ DW_AT_external
	.byte	23                              @ Abbrev [23] 0x709:0xf DW_TAG_formal_parameter
	.long	.Ldebug_loc0                    @ DW_AT_location
	.long	.Linfo_string182                @ DW_AT_name
	.byte	3                               @ DW_AT_decl_file
	.byte	72                              @ DW_AT_decl_line
	.long	3763                            @ DW_AT_type
	.byte	23                              @ Abbrev [23] 0x718:0xf DW_TAG_formal_parameter
	.long	.Ldebug_loc1                    @ DW_AT_location
	.long	.Linfo_string183                @ DW_AT_name
	.byte	3                               @ DW_AT_decl_file
	.byte	72                              @ DW_AT_decl_line
	.long	3773                            @ DW_AT_type
	.byte	0                               @ End Of Children Mark
	.byte	22                              @ Abbrev [22] 0x728:0x30 DW_TAG_subprogram
	.long	.Lfunc_begin1                   @ DW_AT_low_pc
	.long	.Lfunc_end1-.Lfunc_begin1       @ DW_AT_high_pc
	.byte	1                               @ DW_AT_frame_base
	.byte	93
                                        @ DW_AT_GNU_all_call_sites
	.long	.Linfo_string170                @ DW_AT_name
	.byte	3                               @ DW_AT_decl_file
	.byte	78                              @ DW_AT_decl_line
                                        @ DW_AT_prototyped
                                        @ DW_AT_external
	.byte	23                              @ Abbrev [23] 0x739:0xf DW_TAG_formal_parameter
	.long	.Ldebug_loc2                    @ DW_AT_location
	.long	.Linfo_string182                @ DW_AT_name
	.byte	3                               @ DW_AT_decl_file
	.byte	78                              @ DW_AT_decl_line
	.long	3783                            @ DW_AT_type
	.byte	23                              @ Abbrev [23] 0x748:0xf DW_TAG_formal_parameter
	.long	.Ldebug_loc3                    @ DW_AT_location
	.long	.Linfo_string183                @ DW_AT_name
	.byte	3                               @ DW_AT_decl_file
	.byte	78                              @ DW_AT_decl_line
	.long	3788                            @ DW_AT_type
	.byte	0                               @ End Of Children Mark
	.byte	24                              @ Abbrev [24] 0x758:0x11 DW_TAG_subprogram
	.long	.Lfunc_begin2                   @ DW_AT_low_pc
	.long	.Lfunc_end2-.Lfunc_begin2       @ DW_AT_high_pc
	.byte	1                               @ DW_AT_frame_base
	.byte	93
                                        @ DW_AT_GNU_all_call_sites
	.long	.Linfo_string171                @ DW_AT_name
	.byte	3                               @ DW_AT_decl_file
	.byte	84                              @ DW_AT_decl_line
                                        @ DW_AT_prototyped
                                        @ DW_AT_external
	.byte	22                              @ Abbrev [22] 0x769:0x21 DW_TAG_subprogram
	.long	.Lfunc_begin3                   @ DW_AT_low_pc
	.long	.Lfunc_end3-.Lfunc_begin3       @ DW_AT_high_pc
	.byte	1                               @ DW_AT_frame_base
	.byte	93
                                        @ DW_AT_GNU_all_call_sites
	.long	.Linfo_string172                @ DW_AT_name
	.byte	3                               @ DW_AT_decl_file
	.byte	96                              @ DW_AT_decl_line
                                        @ DW_AT_prototyped
                                        @ DW_AT_external
	.byte	23                              @ Abbrev [23] 0x77a:0xf DW_TAG_formal_parameter
	.long	.Ldebug_loc4                    @ DW_AT_location
	.long	.Linfo_string184                @ DW_AT_name
	.byte	3                               @ DW_AT_decl_file
	.byte	96                              @ DW_AT_decl_line
	.long	275                             @ DW_AT_type
	.byte	0                               @ End Of Children Mark
	.byte	25                              @ Abbrev [25] 0x78a:0xd DW_TAG_subprogram
	.long	.Linfo_string151                @ DW_AT_name
	.byte	2                               @ DW_AT_decl_file
	.short	992                             @ DW_AT_decl_line
                                        @ DW_AT_prototyped
	.long	1943                            @ DW_AT_type
	.byte	1                               @ DW_AT_inline
	.byte	9                               @ Abbrev [9] 0x797:0x7 DW_TAG_base_type
	.long	.Linfo_string152                @ DW_AT_name
	.byte	2                               @ DW_AT_encoding
	.byte	1                               @ DW_AT_byte_size
	.byte	25                              @ Abbrev [25] 0x79e:0xd DW_TAG_subprogram
	.long	.Linfo_string153                @ DW_AT_name
	.byte	2                               @ DW_AT_decl_file
	.short	1138                            @ DW_AT_decl_line
                                        @ DW_AT_prototyped
	.long	1943                            @ DW_AT_type
	.byte	1                               @ DW_AT_inline
	.byte	25                              @ Abbrev [25] 0x7ab:0xd DW_TAG_subprogram
	.long	.Linfo_string154                @ DW_AT_name
	.byte	2                               @ DW_AT_decl_file
	.short	1099                            @ DW_AT_decl_line
                                        @ DW_AT_prototyped
	.long	1772                            @ DW_AT_type
	.byte	1                               @ DW_AT_inline
	.byte	26                              @ Abbrev [26] 0x7b8:0x9 DW_TAG_subprogram
	.long	.Linfo_string155                @ DW_AT_name
	.byte	2                               @ DW_AT_decl_file
	.short	892                             @ DW_AT_decl_line
                                        @ DW_AT_prototyped
	.byte	1                               @ DW_AT_inline
	.byte	27                              @ Abbrev [27] 0x7c1:0x7a DW_TAG_subprogram
	.long	.Lfunc_begin4                   @ DW_AT_low_pc
	.long	.Lfunc_end4-.Lfunc_begin4       @ DW_AT_high_pc
	.byte	1                               @ DW_AT_frame_base
	.byte	93
                                        @ DW_AT_GNU_all_call_sites
	.long	.Linfo_string173                @ DW_AT_name
	.byte	3                               @ DW_AT_decl_file
	.byte	119                             @ DW_AT_decl_line
                                        @ DW_AT_prototyped
	.long	3752                            @ DW_AT_type
                                        @ DW_AT_external
	.byte	28                              @ Abbrev [28] 0x7d6:0xb DW_TAG_variable
	.long	.Linfo_string186                @ DW_AT_name
	.byte	3                               @ DW_AT_decl_file
	.byte	121                             @ DW_AT_decl_line
	.long	275                             @ DW_AT_type
	.byte	29                              @ Abbrev [29] 0x7e1:0x59 DW_TAG_lexical_block
	.long	.Ltmp19                         @ DW_AT_low_pc
	.long	.Ltmp33-.Ltmp19                 @ DW_AT_high_pc
	.byte	30                              @ Abbrev [30] 0x7ea:0xf DW_TAG_variable
	.long	.Ldebug_loc5                    @ DW_AT_location
	.long	.Linfo_string185                @ DW_AT_name
	.byte	3                               @ DW_AT_decl_file
	.byte	124                             @ DW_AT_decl_line
	.long	499                             @ DW_AT_type
	.byte	31                              @ Abbrev [31] 0x7f9:0x10 DW_TAG_inlined_subroutine
	.long	1930                            @ DW_AT_abstract_origin
	.long	.Ltmp24                         @ DW_AT_low_pc
	.long	.Ltmp25-.Ltmp24                 @ DW_AT_high_pc
	.byte	3                               @ DW_AT_call_file
	.byte	127                             @ DW_AT_call_line
	.byte	16                              @ DW_AT_call_column
	.byte	31                              @ Abbrev [31] 0x809:0x10 DW_TAG_inlined_subroutine
	.long	1950                            @ DW_AT_abstract_origin
	.long	.Ltmp26                         @ DW_AT_low_pc
	.long	.Ltmp27-.Ltmp26                 @ DW_AT_high_pc
	.byte	3                               @ DW_AT_call_file
	.byte	128                             @ DW_AT_call_line
	.byte	16                              @ DW_AT_call_column
	.byte	31                              @ Abbrev [31] 0x819:0x10 DW_TAG_inlined_subroutine
	.long	1963                            @ DW_AT_abstract_origin
	.long	.Ltmp28                         @ DW_AT_low_pc
	.long	.Ltmp29-.Ltmp28                 @ DW_AT_high_pc
	.byte	3                               @ DW_AT_call_file
	.byte	129                             @ DW_AT_call_line
	.byte	26                              @ DW_AT_call_column
	.byte	31                              @ Abbrev [31] 0x829:0x10 DW_TAG_inlined_subroutine
	.long	1976                            @ DW_AT_abstract_origin
	.long	.Ltmp29                         @ DW_AT_low_pc
	.long	.Ltmp30-.Ltmp29                 @ DW_AT_high_pc
	.byte	3                               @ DW_AT_call_file
	.byte	130                             @ DW_AT_call_line
	.byte	9                               @ DW_AT_call_column
	.byte	0                               @ End Of Children Mark
	.byte	0                               @ End Of Children Mark
	.byte	32                              @ Abbrev [32] 0x83b:0x1a DW_TAG_subprogram
	.long	.Linfo_string156                @ DW_AT_name
	.byte	5                               @ DW_AT_decl_file
	.short	995                             @ DW_AT_decl_line
                                        @ DW_AT_prototyped
	.long	499                             @ DW_AT_type
	.byte	1                               @ DW_AT_inline
	.byte	33                              @ Abbrev [33] 0x848:0xc DW_TAG_variable
	.long	.Linfo_string157                @ DW_AT_name
	.byte	5                               @ DW_AT_decl_file
	.short	997                             @ DW_AT_decl_line
	.long	499                             @ DW_AT_type
	.byte	0                               @ End Of Children Mark
	.byte	34                              @ Abbrev [34] 0x855:0x16 DW_TAG_subprogram
	.long	.Linfo_string158                @ DW_AT_name
	.byte	5                               @ DW_AT_decl_file
	.short	1025                            @ DW_AT_decl_line
                                        @ DW_AT_prototyped
	.byte	1                               @ DW_AT_inline
	.byte	35                              @ Abbrev [35] 0x85e:0xc DW_TAG_formal_parameter
	.long	.Linfo_string159                @ DW_AT_name
	.byte	5                               @ DW_AT_decl_file
	.short	1025                            @ DW_AT_decl_line
	.long	499                             @ DW_AT_type
	.byte	0                               @ End Of Children Mark
	.byte	25                              @ Abbrev [25] 0x86b:0xd DW_TAG_subprogram
	.long	.Linfo_string160                @ DW_AT_name
	.byte	2                               @ DW_AT_decl_file
	.short	1083                            @ DW_AT_decl_line
                                        @ DW_AT_prototyped
	.long	275                             @ DW_AT_type
	.byte	1                               @ DW_AT_inline
	.byte	25                              @ Abbrev [25] 0x878:0xd DW_TAG_subprogram
	.long	.Linfo_string161                @ DW_AT_name
	.byte	2                               @ DW_AT_decl_file
	.short	1192                            @ DW_AT_decl_line
                                        @ DW_AT_prototyped
	.long	436                             @ DW_AT_type
	.byte	1                               @ DW_AT_inline
	.byte	27                              @ Abbrev [27] 0x885:0xec DW_TAG_subprogram
	.long	.Lfunc_begin5                   @ DW_AT_low_pc
	.long	.Lfunc_end5-.Lfunc_begin5       @ DW_AT_high_pc
	.byte	1                               @ DW_AT_frame_base
	.byte	93
                                        @ DW_AT_GNU_all_call_sites
	.long	.Linfo_string175                @ DW_AT_name
	.byte	3                               @ DW_AT_decl_file
	.byte	170                             @ DW_AT_decl_line
                                        @ DW_AT_prototyped
	.long	3752                            @ DW_AT_type
                                        @ DW_AT_external
	.byte	23                              @ Abbrev [23] 0x89a:0xf DW_TAG_formal_parameter
	.long	.Ldebug_loc6                    @ DW_AT_location
	.long	.Linfo_string29                 @ DW_AT_name
	.byte	3                               @ DW_AT_decl_file
	.byte	170                             @ DW_AT_decl_line
	.long	499                             @ DW_AT_type
	.byte	23                              @ Abbrev [23] 0x8a9:0xf DW_TAG_formal_parameter
	.long	.Ldebug_loc7                    @ DW_AT_location
	.long	.Linfo_string187                @ DW_AT_name
	.byte	3                               @ DW_AT_decl_file
	.byte	170                             @ DW_AT_decl_line
	.long	3793                            @ DW_AT_type
	.byte	29                              @ Abbrev [29] 0x8b8:0x78 DW_TAG_lexical_block
	.long	.Ltmp40                         @ DW_AT_low_pc
	.long	.Ltmp49-.Ltmp40                 @ DW_AT_high_pc
	.byte	30                              @ Abbrev [30] 0x8c1:0xf DW_TAG_variable
	.long	.Ldebug_loc8                    @ DW_AT_location
	.long	.Linfo_string188                @ DW_AT_name
	.byte	3                               @ DW_AT_decl_file
	.byte	178                             @ DW_AT_decl_line
	.long	499                             @ DW_AT_type
	.byte	36                              @ Abbrev [36] 0x8d0:0x1a DW_TAG_inlined_subroutine
	.long	2107                            @ DW_AT_abstract_origin
	.long	.Ltmp40                         @ DW_AT_low_pc
	.long	.Ltmp42-.Ltmp40                 @ DW_AT_high_pc
	.byte	3                               @ DW_AT_call_file
	.byte	178                             @ DW_AT_call_line
	.byte	5                               @ DW_AT_call_column
	.byte	37                              @ Abbrev [37] 0x8e0:0x9 DW_TAG_variable
	.long	.Ldebug_loc9                    @ DW_AT_location
	.long	2120                            @ DW_AT_abstract_origin
	.byte	0                               @ End Of Children Mark
	.byte	36                              @ Abbrev [36] 0x8ea:0x17 DW_TAG_inlined_subroutine
	.long	2133                            @ DW_AT_abstract_origin
	.long	.Ltmp42                         @ DW_AT_low_pc
	.long	.Ltmp43-.Ltmp42                 @ DW_AT_high_pc
	.byte	3                               @ DW_AT_call_file
	.byte	178                             @ DW_AT_call_line
	.byte	5                               @ DW_AT_call_column
	.byte	38                              @ Abbrev [38] 0x8fa:0x6 DW_TAG_formal_parameter
	.byte	1                               @ DW_AT_const_value
	.long	2142                            @ DW_AT_abstract_origin
	.byte	0                               @ End Of Children Mark
	.byte	36                              @ Abbrev [36] 0x901:0x17 DW_TAG_inlined_subroutine
	.long	2133                            @ DW_AT_abstract_origin
	.long	.Ltmp46                         @ DW_AT_low_pc
	.long	.Ltmp47-.Ltmp46                 @ DW_AT_high_pc
	.byte	3                               @ DW_AT_call_file
	.byte	185                             @ DW_AT_call_line
	.byte	5                               @ DW_AT_call_column
	.byte	38                              @ Abbrev [38] 0x911:0x6 DW_TAG_formal_parameter
	.byte	1                               @ DW_AT_const_value
	.long	2142                            @ DW_AT_abstract_origin
	.byte	0                               @ End Of Children Mark
	.byte	36                              @ Abbrev [36] 0x918:0x17 DW_TAG_inlined_subroutine
	.long	2133                            @ DW_AT_abstract_origin
	.long	.Ltmp48                         @ DW_AT_low_pc
	.long	.Ltmp49-.Ltmp48                 @ DW_AT_high_pc
	.byte	3                               @ DW_AT_call_file
	.byte	185                             @ DW_AT_call_line
	.byte	5                               @ DW_AT_call_column
	.byte	38                              @ Abbrev [38] 0x928:0x6 DW_TAG_formal_parameter
	.byte	0                               @ DW_AT_const_value
	.long	2142                            @ DW_AT_abstract_origin
	.byte	0                               @ End Of Children Mark
	.byte	0                               @ End Of Children Mark
	.byte	31                              @ Abbrev [31] 0x930:0x10 DW_TAG_inlined_subroutine
	.long	2155                            @ DW_AT_abstract_origin
	.long	.Ltmp50                         @ DW_AT_low_pc
	.long	.Ltmp51-.Ltmp50                 @ DW_AT_high_pc
	.byte	3                               @ DW_AT_call_file
	.byte	187                             @ DW_AT_call_line
	.byte	12                              @ DW_AT_call_column
	.byte	31                              @ Abbrev [31] 0x940:0x10 DW_TAG_inlined_subroutine
	.long	2168                            @ DW_AT_abstract_origin
	.long	.Ltmp53                         @ DW_AT_low_pc
	.long	.Ltmp54-.Ltmp53                 @ DW_AT_high_pc
	.byte	3                               @ DW_AT_call_file
	.byte	188                             @ DW_AT_call_line
	.byte	13                              @ DW_AT_call_column
	.byte	31                              @ Abbrev [31] 0x950:0x10 DW_TAG_inlined_subroutine
	.long	1930                            @ DW_AT_abstract_origin
	.long	.Ltmp55                         @ DW_AT_low_pc
	.long	.Ltmp56-.Ltmp55                 @ DW_AT_high_pc
	.byte	3                               @ DW_AT_call_file
	.byte	190                             @ DW_AT_call_line
	.byte	12                              @ DW_AT_call_column
	.byte	31                              @ Abbrev [31] 0x960:0x10 DW_TAG_inlined_subroutine
	.long	1950                            @ DW_AT_abstract_origin
	.long	.Ltmp57                         @ DW_AT_low_pc
	.long	.Ltmp58-.Ltmp57                 @ DW_AT_high_pc
	.byte	3                               @ DW_AT_call_file
	.byte	191                             @ DW_AT_call_line
	.byte	12                              @ DW_AT_call_column
	.byte	0                               @ End Of Children Mark
	.byte	34                              @ Abbrev [34] 0x971:0x16 DW_TAG_subprogram
	.long	.Linfo_string162                @ DW_AT_name
	.byte	2                               @ DW_AT_decl_file
	.short	1171                            @ DW_AT_decl_line
                                        @ DW_AT_prototyped
	.byte	1                               @ DW_AT_inline
	.byte	35                              @ Abbrev [35] 0x97a:0xc DW_TAG_formal_parameter
	.long	.Linfo_string163                @ DW_AT_name
	.byte	2                               @ DW_AT_decl_file
	.short	1171                            @ DW_AT_decl_line
	.long	275                             @ DW_AT_type
	.byte	0                               @ End Of Children Mark
	.byte	34                              @ Abbrev [34] 0x987:0x16 DW_TAG_subprogram
	.long	.Linfo_string164                @ DW_AT_name
	.byte	2                               @ DW_AT_decl_file
	.short	499                             @ DW_AT_decl_line
                                        @ DW_AT_prototyped
	.byte	1                               @ DW_AT_inline
	.byte	35                              @ Abbrev [35] 0x990:0xc DW_TAG_formal_parameter
	.long	.Linfo_string165                @ DW_AT_name
	.byte	2                               @ DW_AT_decl_file
	.short	499                             @ DW_AT_decl_line
	.long	2461                            @ DW_AT_type
	.byte	0                               @ End Of Children Mark
	.byte	6                               @ Abbrev [6] 0x99d:0xc DW_TAG_typedef
	.long	1745                            @ DW_AT_type
	.long	.Linfo_string166                @ DW_AT_name
	.byte	2                               @ DW_AT_decl_file
	.short	272                             @ DW_AT_decl_line
	.byte	34                              @ Abbrev [34] 0x9a9:0x16 DW_TAG_subprogram
	.long	.Linfo_string167                @ DW_AT_name
	.byte	2                               @ DW_AT_decl_file
	.short	626                             @ DW_AT_decl_line
                                        @ DW_AT_prototyped
	.byte	1                               @ DW_AT_inline
	.byte	35                              @ Abbrev [35] 0x9b2:0xc DW_TAG_formal_parameter
	.long	.Linfo_string29                 @ DW_AT_name
	.byte	2                               @ DW_AT_decl_file
	.short	626                             @ DW_AT_decl_line
	.long	275                             @ DW_AT_type
	.byte	0                               @ End Of Children Mark
	.byte	39                              @ Abbrev [39] 0x9bf:0xb6 DW_TAG_subprogram
	.long	.Lfunc_begin6                   @ DW_AT_low_pc
	.long	.Lfunc_end6-.Lfunc_begin6       @ DW_AT_high_pc
	.byte	1                               @ DW_AT_frame_base
	.byte	93
                                        @ DW_AT_GNU_all_call_sites
	.long	.Linfo_string176                @ DW_AT_name
	.byte	3                               @ DW_AT_decl_file
	.byte	145                             @ DW_AT_decl_line
                                        @ DW_AT_prototyped
	.byte	23                              @ Abbrev [23] 0x9d0:0xf DW_TAG_formal_parameter
	.long	.Ldebug_loc10                   @ DW_AT_location
	.long	.Linfo_string29                 @ DW_AT_name
	.byte	3                               @ DW_AT_decl_file
	.byte	145                             @ DW_AT_decl_line
	.long	499                             @ DW_AT_type
	.byte	36                              @ Abbrev [36] 0x9df:0x18 DW_TAG_inlined_subroutine
	.long	2417                            @ DW_AT_abstract_origin
	.long	.Ltmp65                         @ DW_AT_low_pc
	.long	.Ltmp66-.Ltmp65                 @ DW_AT_high_pc
	.byte	3                               @ DW_AT_call_file
	.byte	161                             @ DW_AT_call_line
	.byte	13                              @ DW_AT_call_column
	.byte	40                              @ Abbrev [40] 0x9ef:0x7 DW_TAG_formal_parameter
	.byte	1                               @ DW_AT_location
	.byte	82
	.long	2426                            @ DW_AT_abstract_origin
	.byte	0                               @ End Of Children Mark
	.byte	36                              @ Abbrev [36] 0x9f7:0x17 DW_TAG_inlined_subroutine
	.long	2439                            @ DW_AT_abstract_origin
	.long	.Ltmp67                         @ DW_AT_low_pc
	.long	.Ltmp68-.Ltmp67                 @ DW_AT_high_pc
	.byte	3                               @ DW_AT_call_file
	.byte	151                             @ DW_AT_call_line
	.byte	13                              @ DW_AT_call_column
	.byte	38                              @ Abbrev [38] 0xa07:0x6 DW_TAG_formal_parameter
	.byte	0                               @ DW_AT_const_value
	.long	2448                            @ DW_AT_abstract_origin
	.byte	0                               @ End Of Children Mark
	.byte	36                              @ Abbrev [36] 0xa0e:0x18 DW_TAG_inlined_subroutine
	.long	2473                            @ DW_AT_abstract_origin
	.long	.Ltmp69                         @ DW_AT_low_pc
	.long	.Ltmp70-.Ltmp69                 @ DW_AT_high_pc
	.byte	3                               @ DW_AT_call_file
	.byte	153                             @ DW_AT_call_line
	.byte	13                              @ DW_AT_call_column
	.byte	40                              @ Abbrev [40] 0xa1e:0x7 DW_TAG_formal_parameter
	.byte	1                               @ DW_AT_location
	.byte	84
	.long	2482                            @ DW_AT_abstract_origin
	.byte	0                               @ End Of Children Mark
	.byte	36                              @ Abbrev [36] 0xa26:0x17 DW_TAG_inlined_subroutine
	.long	2439                            @ DW_AT_abstract_origin
	.long	.Ltmp70                         @ DW_AT_low_pc
	.long	.Ltmp72-.Ltmp70                 @ DW_AT_high_pc
	.byte	3                               @ DW_AT_call_file
	.byte	154                             @ DW_AT_call_line
	.byte	13                              @ DW_AT_call_column
	.byte	38                              @ Abbrev [38] 0xa36:0x6 DW_TAG_formal_parameter
	.byte	1                               @ DW_AT_const_value
	.long	2448                            @ DW_AT_abstract_origin
	.byte	0                               @ End Of Children Mark
	.byte	31                              @ Abbrev [31] 0xa3d:0x10 DW_TAG_inlined_subroutine
	.long	1950                            @ DW_AT_abstract_origin
	.long	.Ltmp72                         @ DW_AT_low_pc
	.long	.Ltmp73-.Ltmp72                 @ DW_AT_high_pc
	.byte	3                               @ DW_AT_call_file
	.byte	155                             @ DW_AT_call_line
	.byte	20                              @ DW_AT_call_column
	.byte	41                              @ Abbrev [41] 0xa4d:0xf DW_TAG_inlined_subroutine
	.long	2417                            @ DW_AT_abstract_origin
	.long	.Ltmp75                         @ DW_AT_low_pc
	.long	.Ltmp76-.Ltmp75                 @ DW_AT_high_pc
	.byte	3                               @ DW_AT_call_file
	.byte	0                               @ DW_AT_call_line
	.byte	36                              @ Abbrev [36] 0xa5c:0x18 DW_TAG_inlined_subroutine
	.long	2417                            @ DW_AT_abstract_origin
	.long	.Ltmp77                         @ DW_AT_low_pc
	.long	.Ltmp78-.Ltmp77                 @ DW_AT_high_pc
	.byte	3                               @ DW_AT_call_file
	.byte	167                             @ DW_AT_call_line
	.byte	5                               @ DW_AT_call_column
	.byte	40                              @ Abbrev [40] 0xa6c:0x7 DW_TAG_formal_parameter
	.byte	1                               @ DW_AT_location
	.byte	80
	.long	2426                            @ DW_AT_abstract_origin
	.byte	0                               @ End Of Children Mark
	.byte	0                               @ End Of Children Mark
	.byte	27                              @ Abbrev [27] 0xa75:0x60 DW_TAG_subprogram
	.long	.Lfunc_begin7                   @ DW_AT_low_pc
	.long	.Lfunc_end7-.Lfunc_begin7       @ DW_AT_high_pc
	.byte	1                               @ DW_AT_frame_base
	.byte	93
                                        @ DW_AT_GNU_all_call_sites
	.long	.Linfo_string177                @ DW_AT_name
	.byte	3                               @ DW_AT_decl_file
	.byte	237                             @ DW_AT_decl_line
                                        @ DW_AT_prototyped
	.long	3752                            @ DW_AT_type
                                        @ DW_AT_external
	.byte	42                              @ Abbrev [42] 0xa8a:0xe DW_TAG_formal_parameter
	.byte	2                               @ DW_AT_location
	.byte	145
	.byte	4
	.long	.Linfo_string189                @ DW_AT_name
	.byte	3                               @ DW_AT_decl_file
	.byte	237                             @ DW_AT_decl_line
	.long	3793                            @ DW_AT_type
	.byte	23                              @ Abbrev [23] 0xa98:0xf DW_TAG_formal_parameter
	.long	.Ldebug_loc11                   @ DW_AT_location
	.long	.Linfo_string29                 @ DW_AT_name
	.byte	3                               @ DW_AT_decl_file
	.byte	237                             @ DW_AT_decl_line
	.long	499                             @ DW_AT_type
	.byte	23                              @ Abbrev [23] 0xaa7:0xf DW_TAG_formal_parameter
	.long	.Ldebug_loc12                   @ DW_AT_location
	.long	.Linfo_string35                 @ DW_AT_name
	.byte	3                               @ DW_AT_decl_file
	.byte	237                             @ DW_AT_decl_line
	.long	499                             @ DW_AT_type
	.byte	23                              @ Abbrev [23] 0xab6:0xf DW_TAG_formal_parameter
	.long	.Ldebug_loc13                   @ DW_AT_location
	.long	.Linfo_string190                @ DW_AT_name
	.byte	3                               @ DW_AT_decl_file
	.byte	237                             @ DW_AT_decl_line
	.long	3798                            @ DW_AT_type
	.byte	30                              @ Abbrev [30] 0xac5:0xf DW_TAG_variable
	.long	.Ldebug_loc14                   @ DW_AT_location
	.long	.Linfo_string191                @ DW_AT_name
	.byte	3                               @ DW_AT_decl_file
	.byte	239                             @ DW_AT_decl_line
	.long	499                             @ DW_AT_type
	.byte	0                               @ End Of Children Mark
	.byte	25                              @ Abbrev [25] 0xad5:0xd DW_TAG_subprogram
	.long	.Linfo_string168                @ DW_AT_name
	.byte	2                               @ DW_AT_decl_file
	.short	1005                            @ DW_AT_decl_line
                                        @ DW_AT_prototyped
	.long	1943                            @ DW_AT_type
	.byte	1                               @ DW_AT_inline
	.byte	39                              @ Abbrev [39] 0xae2:0x13e DW_TAG_subprogram
	.long	.Lfunc_begin8                   @ DW_AT_low_pc
	.long	.Lfunc_end8-.Lfunc_begin8       @ DW_AT_high_pc
	.byte	1                               @ DW_AT_frame_base
	.byte	93
                                        @ DW_AT_GNU_all_call_sites
	.long	.Linfo_string178                @ DW_AT_name
	.byte	3                               @ DW_AT_decl_file
	.byte	204                             @ DW_AT_decl_line
                                        @ DW_AT_prototyped
	.byte	23                              @ Abbrev [23] 0xaf3:0xf DW_TAG_formal_parameter
	.long	.Ldebug_loc15                   @ DW_AT_location
	.long	.Linfo_string192                @ DW_AT_name
	.byte	3                               @ DW_AT_decl_file
	.byte	204                             @ DW_AT_decl_line
	.long	3803                            @ DW_AT_type
	.byte	23                              @ Abbrev [23] 0xb02:0xf DW_TAG_formal_parameter
	.long	.Ldebug_loc16                   @ DW_AT_location
	.long	.Linfo_string29                 @ DW_AT_name
	.byte	3                               @ DW_AT_decl_file
	.byte	204                             @ DW_AT_decl_line
	.long	499                             @ DW_AT_type
	.byte	23                              @ Abbrev [23] 0xb11:0xf DW_TAG_formal_parameter
	.long	.Ldebug_loc17                   @ DW_AT_location
	.long	.Linfo_string35                 @ DW_AT_name
	.byte	3                               @ DW_AT_decl_file
	.byte	204                             @ DW_AT_decl_line
	.long	499                             @ DW_AT_type
	.byte	30                              @ Abbrev [30] 0xb20:0xf DW_TAG_variable
	.long	.Ldebug_loc20                   @ DW_AT_location
	.long	.Linfo_string193                @ DW_AT_name
	.byte	3                               @ DW_AT_decl_file
	.byte	206                             @ DW_AT_decl_line
	.long	499                             @ DW_AT_type
	.byte	29                              @ Abbrev [29] 0xb2f:0xb0 DW_TAG_lexical_block
	.long	.Ltmp105                        @ DW_AT_low_pc
	.long	.Ltmp125-.Ltmp105               @ DW_AT_high_pc
	.byte	30                              @ Abbrev [30] 0xb38:0xf DW_TAG_variable
	.long	.Ldebug_loc18                   @ DW_AT_location
	.long	.Linfo_string188                @ DW_AT_name
	.byte	3                               @ DW_AT_decl_file
	.byte	209                             @ DW_AT_decl_line
	.long	499                             @ DW_AT_type
	.byte	36                              @ Abbrev [36] 0xb47:0x1a DW_TAG_inlined_subroutine
	.long	2107                            @ DW_AT_abstract_origin
	.long	.Ltmp105                        @ DW_AT_low_pc
	.long	.Ltmp108-.Ltmp105               @ DW_AT_high_pc
	.byte	3                               @ DW_AT_call_file
	.byte	209                             @ DW_AT_call_line
	.byte	5                               @ DW_AT_call_column
	.byte	37                              @ Abbrev [37] 0xb57:0x9 DW_TAG_variable
	.long	.Ldebug_loc19                   @ DW_AT_location
	.long	2120                            @ DW_AT_abstract_origin
	.byte	0                               @ End Of Children Mark
	.byte	36                              @ Abbrev [36] 0xb61:0x17 DW_TAG_inlined_subroutine
	.long	2133                            @ DW_AT_abstract_origin
	.long	.Ltmp108                        @ DW_AT_low_pc
	.long	.Ltmp109-.Ltmp108               @ DW_AT_high_pc
	.byte	3                               @ DW_AT_call_file
	.byte	209                             @ DW_AT_call_line
	.byte	5                               @ DW_AT_call_column
	.byte	38                              @ Abbrev [38] 0xb71:0x6 DW_TAG_formal_parameter
	.byte	1                               @ DW_AT_const_value
	.long	2142                            @ DW_AT_abstract_origin
	.byte	0                               @ End Of Children Mark
	.byte	31                              @ Abbrev [31] 0xb78:0x10 DW_TAG_inlined_subroutine
	.long	2773                            @ DW_AT_abstract_origin
	.long	.Ltmp113                        @ DW_AT_low_pc
	.long	.Ltmp114-.Ltmp113               @ DW_AT_high_pc
	.byte	3                               @ DW_AT_call_file
	.byte	215                             @ DW_AT_call_line
	.byte	16                              @ DW_AT_call_column
	.byte	36                              @ Abbrev [36] 0xb88:0x18 DW_TAG_inlined_subroutine
	.long	2417                            @ DW_AT_abstract_origin
	.long	.Ltmp115                        @ DW_AT_low_pc
	.long	.Ltmp116-.Ltmp115               @ DW_AT_high_pc
	.byte	3                               @ DW_AT_call_file
	.byte	216                             @ DW_AT_call_line
	.byte	9                               @ DW_AT_call_column
	.byte	38                              @ Abbrev [38] 0xb98:0x7 DW_TAG_formal_parameter
	.ascii	"\200\002"                      @ DW_AT_const_value
	.long	2426                            @ DW_AT_abstract_origin
	.byte	0                               @ End Of Children Mark
	.byte	31                              @ Abbrev [31] 0xba0:0x10 DW_TAG_inlined_subroutine
	.long	2773                            @ DW_AT_abstract_origin
	.long	.Ltmp118                        @ DW_AT_low_pc
	.long	.Ltmp119-.Ltmp118               @ DW_AT_high_pc
	.byte	3                               @ DW_AT_call_file
	.byte	219                             @ DW_AT_call_line
	.byte	12                              @ DW_AT_call_column
	.byte	36                              @ Abbrev [36] 0xbb0:0x17 DW_TAG_inlined_subroutine
	.long	2133                            @ DW_AT_abstract_origin
	.long	.Ltmp122                        @ DW_AT_low_pc
	.long	.Ltmp123-.Ltmp122               @ DW_AT_high_pc
	.byte	3                               @ DW_AT_call_file
	.byte	223                             @ DW_AT_call_line
	.byte	5                               @ DW_AT_call_column
	.byte	38                              @ Abbrev [38] 0xbc0:0x6 DW_TAG_formal_parameter
	.byte	1                               @ DW_AT_const_value
	.long	2142                            @ DW_AT_abstract_origin
	.byte	0                               @ End Of Children Mark
	.byte	36                              @ Abbrev [36] 0xbc7:0x17 DW_TAG_inlined_subroutine
	.long	2133                            @ DW_AT_abstract_origin
	.long	.Ltmp124                        @ DW_AT_low_pc
	.long	.Ltmp125-.Ltmp124               @ DW_AT_high_pc
	.byte	3                               @ DW_AT_call_file
	.byte	223                             @ DW_AT_call_line
	.byte	5                               @ DW_AT_call_column
	.byte	38                              @ Abbrev [38] 0xbd7:0x6 DW_TAG_formal_parameter
	.byte	0                               @ DW_AT_const_value
	.long	2142                            @ DW_AT_abstract_origin
	.byte	0                               @ End Of Children Mark
	.byte	0                               @ End Of Children Mark
	.byte	31                              @ Abbrev [31] 0xbdf:0x10 DW_TAG_inlined_subroutine
	.long	2155                            @ DW_AT_abstract_origin
	.long	.Ltmp127                        @ DW_AT_low_pc
	.long	.Ltmp128-.Ltmp127               @ DW_AT_high_pc
	.byte	3                               @ DW_AT_call_file
	.byte	228                             @ DW_AT_call_line
	.byte	16                              @ DW_AT_call_column
	.byte	31                              @ Abbrev [31] 0xbef:0x10 DW_TAG_inlined_subroutine
	.long	2168                            @ DW_AT_abstract_origin
	.long	.Ltmp130                        @ DW_AT_low_pc
	.long	.Ltmp131-.Ltmp130               @ DW_AT_high_pc
	.byte	3                               @ DW_AT_call_file
	.byte	229                             @ DW_AT_call_line
	.byte	15                              @ DW_AT_call_column
	.byte	31                              @ Abbrev [31] 0xbff:0x10 DW_TAG_inlined_subroutine
	.long	1930                            @ DW_AT_abstract_origin
	.long	.Ltmp134                        @ DW_AT_low_pc
	.long	.Ltmp135-.Ltmp134               @ DW_AT_high_pc
	.byte	3                               @ DW_AT_call_file
	.byte	233                             @ DW_AT_call_line
	.byte	12                              @ DW_AT_call_column
	.byte	31                              @ Abbrev [31] 0xc0f:0x10 DW_TAG_inlined_subroutine
	.long	1950                            @ DW_AT_abstract_origin
	.long	.Ltmp136                        @ DW_AT_low_pc
	.long	.Ltmp137-.Ltmp136               @ DW_AT_high_pc
	.byte	3                               @ DW_AT_call_file
	.byte	234                             @ DW_AT_call_line
	.byte	12                              @ DW_AT_call_column
	.byte	0                               @ End Of Children Mark
	.byte	43                              @ Abbrev [43] 0xc20:0xd6 DW_TAG_subprogram
	.long	.Lfunc_begin9                   @ DW_AT_low_pc
	.long	.Lfunc_end9-.Lfunc_begin9       @ DW_AT_high_pc
	.byte	1                               @ DW_AT_frame_base
	.byte	93
                                        @ DW_AT_GNU_all_call_sites
	.long	.Linfo_string179                @ DW_AT_name
	.byte	3                               @ DW_AT_decl_file
	.short	281                             @ DW_AT_decl_line
                                        @ DW_AT_prototyped
	.long	3752                            @ DW_AT_type
                                        @ DW_AT_external
	.byte	44                              @ Abbrev [44] 0xc36:0x10 DW_TAG_formal_parameter
	.long	.Ldebug_loc21                   @ DW_AT_location
	.long	.Linfo_string29                 @ DW_AT_name
	.byte	3                               @ DW_AT_decl_file
	.short	281                             @ DW_AT_decl_line
	.long	499                             @ DW_AT_type
	.byte	44                              @ Abbrev [44] 0xc46:0x10 DW_TAG_formal_parameter
	.long	.Ldebug_loc22                   @ DW_AT_location
	.long	.Linfo_string187                @ DW_AT_name
	.byte	3                               @ DW_AT_decl_file
	.short	281                             @ DW_AT_decl_line
	.long	436                             @ DW_AT_type
	.byte	29                              @ Abbrev [29] 0xc56:0x7d DW_TAG_lexical_block
	.long	.Ltmp145                        @ DW_AT_low_pc
	.long	.Ltmp154-.Ltmp145               @ DW_AT_high_pc
	.byte	45                              @ Abbrev [45] 0xc5f:0x10 DW_TAG_variable
	.long	.Ldebug_loc23                   @ DW_AT_location
	.long	.Linfo_string188                @ DW_AT_name
	.byte	3                               @ DW_AT_decl_file
	.short	289                             @ DW_AT_decl_line
	.long	499                             @ DW_AT_type
	.byte	46                              @ Abbrev [46] 0xc6f:0x1b DW_TAG_inlined_subroutine
	.long	2107                            @ DW_AT_abstract_origin
	.long	.Ltmp145                        @ DW_AT_low_pc
	.long	.Ltmp147-.Ltmp145               @ DW_AT_high_pc
	.byte	3                               @ DW_AT_call_file
	.short	289                             @ DW_AT_call_line
	.byte	5                               @ DW_AT_call_column
	.byte	37                              @ Abbrev [37] 0xc80:0x9 DW_TAG_variable
	.long	.Ldebug_loc24                   @ DW_AT_location
	.long	2120                            @ DW_AT_abstract_origin
	.byte	0                               @ End Of Children Mark
	.byte	46                              @ Abbrev [46] 0xc8a:0x18 DW_TAG_inlined_subroutine
	.long	2133                            @ DW_AT_abstract_origin
	.long	.Ltmp147                        @ DW_AT_low_pc
	.long	.Ltmp148-.Ltmp147               @ DW_AT_high_pc
	.byte	3                               @ DW_AT_call_file
	.short	289                             @ DW_AT_call_line
	.byte	5                               @ DW_AT_call_column
	.byte	38                              @ Abbrev [38] 0xc9b:0x6 DW_TAG_formal_parameter
	.byte	1                               @ DW_AT_const_value
	.long	2142                            @ DW_AT_abstract_origin
	.byte	0                               @ End Of Children Mark
	.byte	46                              @ Abbrev [46] 0xca2:0x18 DW_TAG_inlined_subroutine
	.long	2133                            @ DW_AT_abstract_origin
	.long	.Ltmp151                        @ DW_AT_low_pc
	.long	.Ltmp152-.Ltmp151               @ DW_AT_high_pc
	.byte	3                               @ DW_AT_call_file
	.short	296                             @ DW_AT_call_line
	.byte	5                               @ DW_AT_call_column
	.byte	38                              @ Abbrev [38] 0xcb3:0x6 DW_TAG_formal_parameter
	.byte	1                               @ DW_AT_const_value
	.long	2142                            @ DW_AT_abstract_origin
	.byte	0                               @ End Of Children Mark
	.byte	46                              @ Abbrev [46] 0xcba:0x18 DW_TAG_inlined_subroutine
	.long	2133                            @ DW_AT_abstract_origin
	.long	.Ltmp153                        @ DW_AT_low_pc
	.long	.Ltmp154-.Ltmp153               @ DW_AT_high_pc
	.byte	3                               @ DW_AT_call_file
	.short	296                             @ DW_AT_call_line
	.byte	5                               @ DW_AT_call_column
	.byte	38                              @ Abbrev [38] 0xccb:0x6 DW_TAG_formal_parameter
	.byte	0                               @ DW_AT_const_value
	.long	2142                            @ DW_AT_abstract_origin
	.byte	0                               @ End Of Children Mark
	.byte	0                               @ End Of Children Mark
	.byte	47                              @ Abbrev [47] 0xcd3:0x11 DW_TAG_inlined_subroutine
	.long	1930                            @ DW_AT_abstract_origin
	.long	.Ltmp155                        @ DW_AT_low_pc
	.long	.Ltmp156-.Ltmp155               @ DW_AT_high_pc
	.byte	3                               @ DW_AT_call_file
	.short	298                             @ DW_AT_call_line
	.byte	12                              @ DW_AT_call_column
	.byte	47                              @ Abbrev [47] 0xce4:0x11 DW_TAG_inlined_subroutine
	.long	1950                            @ DW_AT_abstract_origin
	.long	.Ltmp157                        @ DW_AT_low_pc
	.long	.Ltmp158-.Ltmp157               @ DW_AT_high_pc
	.byte	3                               @ DW_AT_call_file
	.short	299                             @ DW_AT_call_line
	.byte	12                              @ DW_AT_call_column
	.byte	0                               @ End Of Children Mark
	.byte	43                              @ Abbrev [43] 0xcf6:0x12c DW_TAG_subprogram
	.long	.Lfunc_begin10                  @ DW_AT_low_pc
	.long	.Lfunc_end10-.Lfunc_begin10     @ DW_AT_high_pc
	.byte	1                               @ DW_AT_frame_base
	.byte	93
                                        @ DW_AT_GNU_all_call_sites
	.long	.Linfo_string180                @ DW_AT_name
	.byte	3                               @ DW_AT_decl_file
	.short	304                             @ DW_AT_decl_line
                                        @ DW_AT_prototyped
	.long	3752                            @ DW_AT_type
                                        @ DW_AT_external
	.byte	44                              @ Abbrev [44] 0xd0c:0x10 DW_TAG_formal_parameter
	.long	.Ldebug_loc25                   @ DW_AT_location
	.long	.Linfo_string194                @ DW_AT_name
	.byte	3                               @ DW_AT_decl_file
	.short	304                             @ DW_AT_decl_line
	.long	3793                            @ DW_AT_type
	.byte	44                              @ Abbrev [44] 0xd1c:0x10 DW_TAG_formal_parameter
	.long	.Ldebug_loc26                   @ DW_AT_location
	.long	.Linfo_string29                 @ DW_AT_name
	.byte	3                               @ DW_AT_decl_file
	.short	304                             @ DW_AT_decl_line
	.long	499                             @ DW_AT_type
	.byte	44                              @ Abbrev [44] 0xd2c:0x10 DW_TAG_formal_parameter
	.long	.Ldebug_loc27                   @ DW_AT_location
	.long	.Linfo_string35                 @ DW_AT_name
	.byte	3                               @ DW_AT_decl_file
	.short	304                             @ DW_AT_decl_line
	.long	275                             @ DW_AT_type
	.byte	44                              @ Abbrev [44] 0xd3c:0x10 DW_TAG_formal_parameter
	.long	.Ldebug_loc28                   @ DW_AT_location
	.long	.Linfo_string195                @ DW_AT_name
	.byte	3                               @ DW_AT_decl_file
	.short	304                             @ DW_AT_decl_line
	.long	3798                            @ DW_AT_type
	.byte	45                              @ Abbrev [45] 0xd4c:0x10 DW_TAG_variable
	.long	.Ldebug_loc29                   @ DW_AT_location
	.long	.Linfo_string196                @ DW_AT_name
	.byte	3                               @ DW_AT_decl_file
	.short	306                             @ DW_AT_decl_line
	.long	275                             @ DW_AT_type
	.byte	48                              @ Abbrev [48] 0xd5c:0xa3 DW_TAG_lexical_block
	.long	.Ldebug_ranges0                 @ DW_AT_ranges
	.byte	45                              @ Abbrev [45] 0xd61:0x10 DW_TAG_variable
	.long	.Ldebug_loc30                   @ DW_AT_location
	.long	.Linfo_string188                @ DW_AT_name
	.byte	3                               @ DW_AT_decl_file
	.short	325                             @ DW_AT_decl_line
	.long	499                             @ DW_AT_type
	.byte	46                              @ Abbrev [46] 0xd71:0x1b DW_TAG_inlined_subroutine
	.long	2107                            @ DW_AT_abstract_origin
	.long	.Ltmp173                        @ DW_AT_low_pc
	.long	.Ltmp176-.Ltmp173               @ DW_AT_high_pc
	.byte	3                               @ DW_AT_call_file
	.short	325                             @ DW_AT_call_line
	.byte	9                               @ DW_AT_call_column
	.byte	37                              @ Abbrev [37] 0xd82:0x9 DW_TAG_variable
	.long	.Ldebug_loc31                   @ DW_AT_location
	.long	2120                            @ DW_AT_abstract_origin
	.byte	0                               @ End Of Children Mark
	.byte	46                              @ Abbrev [46] 0xd8c:0x18 DW_TAG_inlined_subroutine
	.long	2133                            @ DW_AT_abstract_origin
	.long	.Ltmp176                        @ DW_AT_low_pc
	.long	.Ltmp177-.Ltmp176               @ DW_AT_high_pc
	.byte	3                               @ DW_AT_call_file
	.short	325                             @ DW_AT_call_line
	.byte	9                               @ DW_AT_call_column
	.byte	38                              @ Abbrev [38] 0xd9d:0x6 DW_TAG_formal_parameter
	.byte	1                               @ DW_AT_const_value
	.long	2142                            @ DW_AT_abstract_origin
	.byte	0                               @ End Of Children Mark
	.byte	47                              @ Abbrev [47] 0xda4:0x11 DW_TAG_inlined_subroutine
	.long	2773                            @ DW_AT_abstract_origin
	.long	.Ltmp185                        @ DW_AT_low_pc
	.long	.Ltmp186-.Ltmp185               @ DW_AT_high_pc
	.byte	3                               @ DW_AT_call_file
	.short	331                             @ DW_AT_call_line
	.byte	20                              @ DW_AT_call_column
	.byte	46                              @ Abbrev [46] 0xdb5:0x19 DW_TAG_inlined_subroutine
	.long	2417                            @ DW_AT_abstract_origin
	.long	.Ltmp191                        @ DW_AT_low_pc
	.long	.Ltmp192-.Ltmp191               @ DW_AT_high_pc
	.byte	3                               @ DW_AT_call_file
	.short	338                             @ DW_AT_call_line
	.byte	17                              @ DW_AT_call_column
	.byte	40                              @ Abbrev [40] 0xdc6:0x7 DW_TAG_formal_parameter
	.byte	1                               @ DW_AT_location
	.byte	80
	.long	2426                            @ DW_AT_abstract_origin
	.byte	0                               @ End Of Children Mark
	.byte	46                              @ Abbrev [46] 0xdce:0x18 DW_TAG_inlined_subroutine
	.long	2133                            @ DW_AT_abstract_origin
	.long	.Ltmp196                        @ DW_AT_low_pc
	.long	.Ltmp197-.Ltmp196               @ DW_AT_high_pc
	.byte	3                               @ DW_AT_call_file
	.short	348                             @ DW_AT_call_line
	.byte	9                               @ DW_AT_call_column
	.byte	38                              @ Abbrev [38] 0xddf:0x6 DW_TAG_formal_parameter
	.byte	1                               @ DW_AT_const_value
	.long	2142                            @ DW_AT_abstract_origin
	.byte	0                               @ End Of Children Mark
	.byte	46                              @ Abbrev [46] 0xde6:0x18 DW_TAG_inlined_subroutine
	.long	2133                            @ DW_AT_abstract_origin
	.long	.Ltmp198                        @ DW_AT_low_pc
	.long	.Ltmp199-.Ltmp198               @ DW_AT_high_pc
	.byte	3                               @ DW_AT_call_file
	.short	348                             @ DW_AT_call_line
	.byte	9                               @ DW_AT_call_column
	.byte	38                              @ Abbrev [38] 0xdf7:0x6 DW_TAG_formal_parameter
	.byte	0                               @ DW_AT_const_value
	.long	2142                            @ DW_AT_abstract_origin
	.byte	0                               @ End Of Children Mark
	.byte	0                               @ End Of Children Mark
	.byte	47                              @ Abbrev [47] 0xdff:0x11 DW_TAG_inlined_subroutine
	.long	1930                            @ DW_AT_abstract_origin
	.long	.Ltmp199                        @ DW_AT_low_pc
	.long	.Ltmp200-.Ltmp199               @ DW_AT_high_pc
	.byte	3                               @ DW_AT_call_file
	.short	350                             @ DW_AT_call_line
	.byte	16                              @ DW_AT_call_column
	.byte	47                              @ Abbrev [47] 0xe10:0x11 DW_TAG_inlined_subroutine
	.long	1950                            @ DW_AT_abstract_origin
	.long	.Ltmp201                        @ DW_AT_low_pc
	.long	.Ltmp202-.Ltmp201               @ DW_AT_high_pc
	.byte	3                               @ DW_AT_call_file
	.short	351                             @ DW_AT_call_line
	.byte	16                              @ DW_AT_call_column
	.byte	0                               @ End Of Children Mark
	.byte	43                              @ Abbrev [43] 0xe22:0x86 DW_TAG_subprogram
	.long	.Lfunc_begin11                  @ DW_AT_low_pc
	.long	.Lfunc_end11-.Lfunc_begin11     @ DW_AT_high_pc
	.byte	1                               @ DW_AT_frame_base
	.byte	93
                                        @ DW_AT_GNU_all_call_sites
	.long	.Linfo_string181                @ DW_AT_name
	.byte	3                               @ DW_AT_decl_file
	.short	357                             @ DW_AT_decl_line
                                        @ DW_AT_prototyped
	.long	3752                            @ DW_AT_type
                                        @ DW_AT_external
	.byte	44                              @ Abbrev [44] 0xe38:0x10 DW_TAG_formal_parameter
	.long	.Ldebug_loc32                   @ DW_AT_location
	.long	.Linfo_string194                @ DW_AT_name
	.byte	3                               @ DW_AT_decl_file
	.short	357                             @ DW_AT_decl_line
	.long	3793                            @ DW_AT_type
	.byte	44                              @ Abbrev [44] 0xe48:0x10 DW_TAG_formal_parameter
	.long	.Ldebug_loc33                   @ DW_AT_location
	.long	.Linfo_string29                 @ DW_AT_name
	.byte	3                               @ DW_AT_decl_file
	.short	357                             @ DW_AT_decl_line
	.long	499                             @ DW_AT_type
	.byte	44                              @ Abbrev [44] 0xe58:0x10 DW_TAG_formal_parameter
	.long	.Ldebug_loc34                   @ DW_AT_location
	.long	.Linfo_string35                 @ DW_AT_name
	.byte	3                               @ DW_AT_decl_file
	.short	357                             @ DW_AT_decl_line
	.long	499                             @ DW_AT_type
	.byte	44                              @ Abbrev [44] 0xe68:0x10 DW_TAG_formal_parameter
	.long	.Ldebug_loc35                   @ DW_AT_location
	.long	.Linfo_string195                @ DW_AT_name
	.byte	3                               @ DW_AT_decl_file
	.short	357                             @ DW_AT_decl_line
	.long	3798                            @ DW_AT_type
	.byte	49                              @ Abbrev [49] 0xe78:0xf DW_TAG_variable
	.byte	2                               @ DW_AT_location
	.byte	145
	.byte	8
	.long	.Linfo_string197                @ DW_AT_name
	.byte	3                               @ DW_AT_decl_file
	.short	362                             @ DW_AT_decl_line
	.long	499                             @ DW_AT_type
	.byte	45                              @ Abbrev [45] 0xe87:0x10 DW_TAG_variable
	.long	.Ldebug_loc36                   @ DW_AT_location
	.long	.Linfo_string196                @ DW_AT_name
	.byte	3                               @ DW_AT_decl_file
	.short	360                             @ DW_AT_decl_line
	.long	499                             @ DW_AT_type
	.byte	45                              @ Abbrev [45] 0xe97:0x10 DW_TAG_variable
	.long	.Ldebug_loc37                   @ DW_AT_location
	.long	.Linfo_string198                @ DW_AT_name
	.byte	3                               @ DW_AT_decl_file
	.short	361                             @ DW_AT_decl_line
	.long	499                             @ DW_AT_type
	.byte	0                               @ End Of Children Mark
	.byte	3                               @ Abbrev [3] 0xea8:0xb DW_TAG_typedef
	.long	1563                            @ DW_AT_type
	.long	.Linfo_string174                @ DW_AT_name
	.byte	4                               @ DW_AT_decl_file
	.byte	113                             @ DW_AT_decl_line
	.byte	14                              @ Abbrev [14] 0xeb3:0x5 DW_TAG_pointer_type
	.long	3768                            @ DW_AT_type
	.byte	13                              @ Abbrev [13] 0xeb8:0x5 DW_TAG_const_type
	.long	95                              @ DW_AT_type
	.byte	14                              @ Abbrev [14] 0xebd:0x5 DW_TAG_pointer_type
	.long	3778                            @ DW_AT_type
	.byte	13                              @ Abbrev [13] 0xec2:0x5 DW_TAG_const_type
	.long	447                             @ DW_AT_type
	.byte	14                              @ Abbrev [14] 0xec7:0x5 DW_TAG_pointer_type
	.long	95                              @ DW_AT_type
	.byte	14                              @ Abbrev [14] 0xecc:0x5 DW_TAG_pointer_type
	.long	447                             @ DW_AT_type
	.byte	14                              @ Abbrev [14] 0xed1:0x5 DW_TAG_pointer_type
	.long	436                             @ DW_AT_type
	.byte	14                              @ Abbrev [14] 0xed6:0x5 DW_TAG_pointer_type
	.long	499                             @ DW_AT_type
	.byte	14                              @ Abbrev [14] 0xedb:0x5 DW_TAG_pointer_type
	.long	3793                            @ DW_AT_type
	.byte	0                               @ End Of Children Mark
.Ldebug_info_end0:
	.section	.debug_ranges,"",%progbits
.Ldebug_ranges0:
	.long	.Ltmp173-.Lfunc_begin0
	.long	.Ltmp178-.Lfunc_begin0
	.long	.Ltmp185-.Lfunc_begin0
	.long	.Ltmp199-.Lfunc_begin0
	.long	0
	.long	0
	.section	.debug_str,"MS",%progbits,1
.Linfo_string0:
	.asciz	"Component: Arm Compiler for Embedded 6.23 Tool: armclang [5f103000]" @ string offset=0
.Linfo_string1:
	.asciz	"../../../../../sdk/platform/driver/i2c_eeprom\\i2c_eeprom.c" @ string offset=68
.Linfo_string2:
	.asciz	"C:\\Users\\teodor\\Desktop\\stem\\codeless\\6.0.24.1464\\projects\\target_apps\\ble_examples\\empty_peripheral_template\\Keil_5" @ string offset=127
.Linfo_string3:
	.asciz	"i2c_eeprom_env"                @ string offset=244
.Linfo_string4:
	.asciz	"i2c"                           @ string offset=259
.Linfo_string5:
	.asciz	"clock_cfg"                     @ string offset=263
.Linfo_string6:
	.asciz	"ss_hcnt"                       @ string offset=273
.Linfo_string7:
	.asciz	"unsigned short"                @ string offset=281
.Linfo_string8:
	.asciz	"uint16_t"                      @ string offset=296
.Linfo_string9:
	.asciz	"ss_lcnt"                       @ string offset=305
.Linfo_string10:
	.asciz	"fs_hcnt"                       @ string offset=313
.Linfo_string11:
	.asciz	"fs_lcnt"                       @ string offset=321
.Linfo_string12:
	.asciz	"restart_en"                    @ string offset=329
.Linfo_string13:
	.asciz	"unsigned char"                 @ string offset=340
.Linfo_string14:
	.asciz	"I2C_RESTART_DISABLE"           @ string offset=354
.Linfo_string15:
	.asciz	"I2C_RESTART_ENABLE"            @ string offset=374
.Linfo_string16:
	.asciz	"i2c_restart_t"                 @ string offset=393
.Linfo_string17:
	.asciz	"speed"                         @ string offset=407
.Linfo_string18:
	.asciz	"I2C_SPEED_STANDARD"            @ string offset=413
.Linfo_string19:
	.asciz	"I2C_SPEED_FAST"                @ string offset=432
.Linfo_string20:
	.asciz	"i2c_speed_t"                   @ string offset=447
.Linfo_string21:
	.asciz	"mode"                          @ string offset=459
.Linfo_string22:
	.asciz	"I2C_MODE_SLAVE"                @ string offset=464
.Linfo_string23:
	.asciz	"I2C_MODE_MASTER"               @ string offset=479
.Linfo_string24:
	.asciz	"i2c_mode_t"                    @ string offset=495
.Linfo_string25:
	.asciz	"addr_mode"                     @ string offset=506
.Linfo_string26:
	.asciz	"I2C_ADDRESSING_7B"             @ string offset=516
.Linfo_string27:
	.asciz	"I2C_ADDRESSING_10B"            @ string offset=534
.Linfo_string28:
	.asciz	"i2c_addressing_t"              @ string offset=553
.Linfo_string29:
	.asciz	"address"                       @ string offset=570
.Linfo_string30:
	.asciz	"tx_fifo_level"                 @ string offset=578
.Linfo_string31:
	.asciz	"uint8_t"                       @ string offset=592
.Linfo_string32:
	.asciz	"rx_fifo_level"                 @ string offset=600
.Linfo_string33:
	.asciz	"i2c_cfg_t"                     @ string offset=614
.Linfo_string34:
	.asciz	"eeprom"                        @ string offset=624
.Linfo_string35:
	.asciz	"size"                          @ string offset=631
.Linfo_string36:
	.asciz	"unsigned int"                  @ string offset=636
.Linfo_string37:
	.asciz	"uint32_t"                      @ string offset=649
.Linfo_string38:
	.asciz	"page_size"                     @ string offset=658
.Linfo_string39:
	.asciz	"address_size"                  @ string offset=668
.Linfo_string40:
	.asciz	"i2c_eeprom_cfg_t"              @ string offset=681
.Linfo_string41:
	.asciz	"i2c_eeprom_env_t"              @ string offset=698
.Linfo_string42:
	.asciz	"I2C_CON_REGF"                  @ string offset=715
.Linfo_string43:
	.asciz	"RESERVED"                      @ string offset=728
.Linfo_string44:
	.asciz	"I2C_TAR_REGF"                  @ string offset=737
.Linfo_string45:
	.asciz	"RESERVED1"                     @ string offset=750
.Linfo_string46:
	.asciz	"I2C_SAR_REGF"                  @ string offset=760
.Linfo_string47:
	.asciz	"RESERVED2"                     @ string offset=773
.Linfo_string48:
	.asciz	"__ARRAY_SIZE_TYPE__"           @ string offset=783
.Linfo_string49:
	.asciz	"I2C_DATA_CMD_REGF"             @ string offset=803
.Linfo_string50:
	.asciz	"RESERVED3"                     @ string offset=821
.Linfo_string51:
	.asciz	"I2C_SS_SCL_HCNT_REGF"          @ string offset=831
.Linfo_string52:
	.asciz	"RESERVED4"                     @ string offset=852
.Linfo_string53:
	.asciz	"I2C_SS_SCL_LCNT_REGF"          @ string offset=862
.Linfo_string54:
	.asciz	"RESERVED5"                     @ string offset=883
.Linfo_string55:
	.asciz	"I2C_FS_SCL_HCNT_REGF"          @ string offset=893
.Linfo_string56:
	.asciz	"RESERVED6"                     @ string offset=914
.Linfo_string57:
	.asciz	"I2C_FS_SCL_LCNT_REGF"          @ string offset=924
.Linfo_string58:
	.asciz	"RESERVED7"                     @ string offset=945
.Linfo_string59:
	.asciz	"I2C_INTR_STAT_REGF"            @ string offset=955
.Linfo_string60:
	.asciz	"RESERVED8"                     @ string offset=974
.Linfo_string61:
	.asciz	"I2C_INTR_MASK_REGF"            @ string offset=984
.Linfo_string62:
	.asciz	"RESERVED9"                     @ string offset=1003
.Linfo_string63:
	.asciz	"I2C_RAW_INTR_STAT_REGF"        @ string offset=1013
.Linfo_string64:
	.asciz	"RESERVED10"                    @ string offset=1036
.Linfo_string65:
	.asciz	"I2C_RX_TL_REGF"                @ string offset=1047
.Linfo_string66:
	.asciz	"RESERVED11"                    @ string offset=1062
.Linfo_string67:
	.asciz	"I2C_TX_TL_REGF"                @ string offset=1073
.Linfo_string68:
	.asciz	"RESERVED12"                    @ string offset=1088
.Linfo_string69:
	.asciz	"I2C_CLR_INTR_REGF"             @ string offset=1099
.Linfo_string70:
	.asciz	"RESERVED13"                    @ string offset=1117
.Linfo_string71:
	.asciz	"I2C_CLR_RX_UNDER_REGF"         @ string offset=1128
.Linfo_string72:
	.asciz	"RESERVED14"                    @ string offset=1150
.Linfo_string73:
	.asciz	"I2C_CLR_RX_OVER_REGF"          @ string offset=1161
.Linfo_string74:
	.asciz	"RESERVED15"                    @ string offset=1182
.Linfo_string75:
	.asciz	"I2C_CLR_TX_OVER_REGF"          @ string offset=1193
.Linfo_string76:
	.asciz	"RESERVED16"                    @ string offset=1214
.Linfo_string77:
	.asciz	"I2C_CLR_RD_REQ_REGF"           @ string offset=1225
.Linfo_string78:
	.asciz	"RESERVED17"                    @ string offset=1245
.Linfo_string79:
	.asciz	"I2C_CLR_TX_ABRT_REGF"          @ string offset=1256
.Linfo_string80:
	.asciz	"RESERVED18"                    @ string offset=1277
.Linfo_string81:
	.asciz	"I2C_CLR_RX_DONE_REGF"          @ string offset=1288
.Linfo_string82:
	.asciz	"RESERVED19"                    @ string offset=1309
.Linfo_string83:
	.asciz	"I2C_CLR_ACTIVITY_REGF"         @ string offset=1320
.Linfo_string84:
	.asciz	"RESERVED20"                    @ string offset=1342
.Linfo_string85:
	.asciz	"I2C_CLR_STOP_DET_REGF"         @ string offset=1353
.Linfo_string86:
	.asciz	"RESERVED21"                    @ string offset=1375
.Linfo_string87:
	.asciz	"I2C_CLR_START_DET_REGF"        @ string offset=1386
.Linfo_string88:
	.asciz	"RESERVED22"                    @ string offset=1409
.Linfo_string89:
	.asciz	"I2C_CLR_GEN_CALL_REGF"         @ string offset=1420
.Linfo_string90:
	.asciz	"RESERVED23"                    @ string offset=1442
.Linfo_string91:
	.asciz	"I2C_ENABLE_REGF"               @ string offset=1453
.Linfo_string92:
	.asciz	"RESERVED24"                    @ string offset=1469
.Linfo_string93:
	.asciz	"I2C_STATUS_REGF"               @ string offset=1480
.Linfo_string94:
	.asciz	"RESERVED25"                    @ string offset=1496
.Linfo_string95:
	.asciz	"I2C_TXFLR_REGF"                @ string offset=1507
.Linfo_string96:
	.asciz	"RESERVED26"                    @ string offset=1522
.Linfo_string97:
	.asciz	"I2C_RXFLR_REGF"                @ string offset=1533
.Linfo_string98:
	.asciz	"RESERVED27"                    @ string offset=1548
.Linfo_string99:
	.asciz	"I2C_SDA_HOLD_REGF"             @ string offset=1559
.Linfo_string100:
	.asciz	"RESERVED28"                    @ string offset=1577
.Linfo_string101:
	.asciz	"I2C_TX_ABRT_SOURCE_REGF"       @ string offset=1588
.Linfo_string102:
	.asciz	"RESERVED29"                    @ string offset=1612
.Linfo_string103:
	.asciz	"I2C_DMA_CR_REGF"               @ string offset=1623
.Linfo_string104:
	.asciz	"RESERVED30"                    @ string offset=1639
.Linfo_string105:
	.asciz	"I2C_DMA_TDLR_REGF"             @ string offset=1650
.Linfo_string106:
	.asciz	"RESERVED31"                    @ string offset=1668
.Linfo_string107:
	.asciz	"I2C_DMA_RDLR_REGF"             @ string offset=1679
.Linfo_string108:
	.asciz	"RESERVED32"                    @ string offset=1697
.Linfo_string109:
	.asciz	"I2C_SDA_SETUP_REGF"            @ string offset=1708
.Linfo_string110:
	.asciz	"RESERVED33"                    @ string offset=1727
.Linfo_string111:
	.asciz	"I2C_ACK_GENERAL_CALL_REGF"     @ string offset=1738
.Linfo_string112:
	.asciz	"RESERVED34"                    @ string offset=1764
.Linfo_string113:
	.asciz	"I2C_ENABLE_STATUS_REGF"        @ string offset=1775
.Linfo_string114:
	.asciz	"RESERVED35"                    @ string offset=1798
.Linfo_string115:
	.asciz	"I2C_IC_FS_SPKLEN_REGF"         @ string offset=1809
.Linfo_string116:
	.asciz	"RESERVED36"                    @ string offset=1831
.Linfo_string117:
	.asciz	"I2C_COMP_PARAM1_REGF"          @ string offset=1842
.Linfo_string118:
	.asciz	"I2C_COMP_PARAM2_REGF"          @ string offset=1863
.Linfo_string119:
	.asciz	"I2C_COMP_VERSION_REGF"         @ string offset=1884
.Linfo_string120:
	.asciz	"I2C_COMP2_VERSIONF"            @ string offset=1906
.Linfo_string121:
	.asciz	"I2C_COMP_TYPE_REGF"            @ string offset=1925
.Linfo_string122:
	.asciz	"I2C_COMP_TYPE2_REGF"           @ string offset=1944
.Linfo_string123:
	.asciz	"i2c_t"                         @ string offset=1964
.Linfo_string124:
	.asciz	"I2C_NO_ERROR"                  @ string offset=1970
.Linfo_string125:
	.asciz	"I2C_7B_ADDR_NOACK_ERROR"       @ string offset=1983
.Linfo_string126:
	.asciz	"I2C_INVALID_EEPROM_ADDRESS"    @ string offset=2007
.Linfo_string127:
	.asciz	"I2C_ABORT_NONE"                @ string offset=2034
.Linfo_string128:
	.asciz	"I2C_ABORT_7B_ADDR_NO_ACK"      @ string offset=2049
.Linfo_string129:
	.asciz	"I2C_ABORT_10B_ADDR1_NO_ACK"    @ string offset=2074
.Linfo_string130:
	.asciz	"I2C_ABORT_10B_ADDR2_NO_ACK"    @ string offset=2101
.Linfo_string131:
	.asciz	"I2C_ABORT_TX_DATA_NO_ACK"      @ string offset=2128
.Linfo_string132:
	.asciz	"I2C_ABORT_GENERAL_CALL_NO_ACK" @ string offset=2153
.Linfo_string133:
	.asciz	"I2C_ABORT_GENERAL_CALL_READ"   @ string offset=2183
.Linfo_string134:
	.asciz	"I2C_ABORT_HS_ACKDET"           @ string offset=2211
.Linfo_string135:
	.asciz	"I2C_ABORT_SBYTE_ACKDET"        @ string offset=2231
.Linfo_string136:
	.asciz	"I2C_ABORT_HS_NORSTRT"          @ string offset=2254
.Linfo_string137:
	.asciz	"I2C_ABORT_10B_READ_NO_RESTART" @ string offset=2275
.Linfo_string138:
	.asciz	"I2C_ABORT_MASTER_DISABLED"     @ string offset=2305
.Linfo_string139:
	.asciz	"I2C_ABORT_ARBITRATION_LOST"    @ string offset=2331
.Linfo_string140:
	.asciz	"I2C_ABORT_SLAVE_FLUSH_TX_FIFO" @ string offset=2358
.Linfo_string141:
	.asciz	"I2C_ABORT_SLAVE_ARBITRATION_LOST" @ string offset=2388
.Linfo_string142:
	.asciz	"I2C_ABORT_SLAVE_IN_TX"         @ string offset=2421
.Linfo_string143:
	.asciz	"I2C_ABORT_SW_ERROR"            @ string offset=2443
.Linfo_string144:
	.asciz	"I2C_1BYTE_ADDR"                @ string offset=2462
.Linfo_string145:
	.asciz	"I2C_2BYTES_ADDR"               @ string offset=2477
.Linfo_string146:
	.asciz	"I2C_3BYTES_ADDR"               @ string offset=2493
.Linfo_string147:
	.asciz	"I2C_ADDRESS_BYTES_COUNT"       @ string offset=2509
.Linfo_string148:
	.asciz	"I2C_CONTROLLER_DISABLE"        @ string offset=2533
.Linfo_string149:
	.asciz	"I2C_CONTROLLER_ENABLE"         @ string offset=2556
.Linfo_string150:
	.asciz	"i2c_abort_t"                   @ string offset=2578
.Linfo_string151:
	.asciz	"i2c_is_tx_fifo_empty"          @ string offset=2590
.Linfo_string152:
	.asciz	"_Bool"                         @ string offset=2611
.Linfo_string153:
	.asciz	"i2c_is_master_busy"            @ string offset=2617
.Linfo_string154:
	.asciz	"i2c_get_abort_source"          @ string offset=2636
.Linfo_string155:
	.asciz	"i2c_reset_int_tx_abort"        @ string offset=2657
.Linfo_string156:
	.asciz	"__get_PRIMASK"                 @ string offset=2680
.Linfo_string157:
	.asciz	"result"                        @ string offset=2694
.Linfo_string158:
	.asciz	"__set_PRIMASK"                 @ string offset=2701
.Linfo_string159:
	.asciz	"priMask"                       @ string offset=2715
.Linfo_string160:
	.asciz	"i2c_get_rx_fifo_level"         @ string offset=2723
.Linfo_string161:
	.asciz	"i2c_read_byte"                 @ string offset=2745
.Linfo_string162:
	.asciz	"i2c_write_byte"                @ string offset=2759
.Linfo_string163:
	.asciz	"data"                          @ string offset=2774
.Linfo_string164:
	.asciz	"i2c_set_controller_status"     @ string offset=2779
.Linfo_string165:
	.asciz	"status"                        @ string offset=2805
.Linfo_string166:
	.asciz	"i2c_controller_t"              @ string offset=2812
.Linfo_string167:
	.asciz	"i2c_set_target_address"        @ string offset=2829
.Linfo_string168:
	.asciz	"i2c_is_tx_fifo_not_full"       @ string offset=2852
.Linfo_string169:
	.asciz	"i2c_eeprom_configure"          @ string offset=2876
.Linfo_string170:
	.asciz	"i2c_eeprom_get_configuration"  @ string offset=2897
.Linfo_string171:
	.asciz	"i2c_eeprom_initialize"         @ string offset=2926
.Linfo_string172:
	.asciz	"i2c_eeprom_update_slave_address" @ string offset=2948
.Linfo_string173:
	.asciz	"i2c_wait_until_eeprom_ready"   @ string offset=2980
.Linfo_string174:
	.asciz	"i2c_error_code"                @ string offset=3008
.Linfo_string175:
	.asciz	"i2c_eeprom_read_byte"          @ string offset=3023
.Linfo_string176:
	.asciz	"i2c_eeprom_send_address"       @ string offset=3044
.Linfo_string177:
	.asciz	"i2c_eeprom_read_data"          @ string offset=3068
.Linfo_string178:
	.asciz	"read_data_single"              @ string offset=3089
.Linfo_string179:
	.asciz	"i2c_eeprom_write_byte"         @ string offset=3106
.Linfo_string180:
	.asciz	"i2c_eeprom_write_page"         @ string offset=3128
.Linfo_string181:
	.asciz	"i2c_eeprom_write_data"         @ string offset=3150
.Linfo_string182:
	.asciz	"i2c_cfg"                       @ string offset=3172
.Linfo_string183:
	.asciz	"i2c_eeprom_cfg"                @ string offset=3180
.Linfo_string184:
	.asciz	"slave_addr"                    @ string offset=3195
.Linfo_string185:
	.asciz	"i"                             @ string offset=3206
.Linfo_string186:
	.asciz	"tx_abrt_source"                @ string offset=3208
.Linfo_string187:
	.asciz	"byte"                          @ string offset=3223
.Linfo_string188:
	.asciz	"__l_irq_rest"                  @ string offset=3228
.Linfo_string189:
	.asciz	"rd_data_ptr"                   @ string offset=3241
.Linfo_string190:
	.asciz	"bytes_read"                    @ string offset=3253
.Linfo_string191:
	.asciz	"tmp_size"                      @ string offset=3264
.Linfo_string192:
	.asciz	"p"                             @ string offset=3273
.Linfo_string193:
	.asciz	"j"                             @ string offset=3275
.Linfo_string194:
	.asciz	"wr_data_ptr"                   @ string offset=3277
.Linfo_string195:
	.asciz	"bytes_written"                 @ string offset=3289
.Linfo_string196:
	.asciz	"feasible_size"                 @ string offset=3303
.Linfo_string197:
	.asciz	"cnt"                           @ string offset=3317
.Linfo_string198:
	.asciz	"bytes_left_to_send"            @ string offset=3321
	.ident	"Component: Arm Compiler for Embedded 6.23 Tool: armclang [5f103000]"
	.section	".note.GNU-stack","",%progbits
	.eabi_attribute	30, 4	@ Tag_ABI_optimization_goals
	.ARM_attribute	16, 1	@ Tag_AV_eba
	.section	.debug_line,"",%progbits
.Lline_table_start0:
