	.text
	.syntax unified
	.eabi_attribute	67, "2.09"	@ Tag_conformance
	.cpu	cortex-m0plus
	.eabi_attribute	6, 12	@ Tag_CPU_arch
	.eabi_attribute	7, 77	@ Tag_CPU_arch_profile
	.eabi_attribute	8, 0	@ Tag_ARM_ISA_use
	.eabi_attribute	9, 1	@ Tag_THUMB_ISA_use
	.eabi_attribute	34, 0	@ Tag_CPU_unaligned_access
	.eabi_attribute	17, 1	@ Tag_ABI_PCS_GOT_use
	.eabi_attribute	20, 2	@ Tag_ABI_FP_denormal
	.eabi_attribute	21, 0	@ Tag_ABI_FP_exceptions
	.eabi_attribute	23, 1	@ Tag_ABI_FP_number_model
	.eabi_attribute	24, 1	@ Tag_ABI_align_needed
	.eabi_attribute	25, 1	@ Tag_ABI_align_preserved
	.eabi_attribute	38, 1	@ Tag_ABI_FP_16bit_format
	.eabi_attribute	18, 2	@ Tag_ABI_PCS_wchar_t
	.eabi_attribute	26, 1	@ Tag_ABI_enum_size
	.eabi_attribute	14, 0	@ Tag_ABI_PCS_R9_use
	.file	"otp_cs.c"
	.file	1 "C:\\Users\\teodor\\Desktop\\stem\\codeless\\6.0.24.1464\\projects\\target_apps\\ble_examples\\empty_peripheral_template\\Keil_5" "../../../../../sdk/platform/utilities/otp_cs/otp_cs.c"
	.file	2 "C:\\Users\\teodor" "AppData\\Local\\Keil_v5\\ARM\\ARMCLANG\\bin\\..\\include\\stdint.h"
	.file	3 "C:\\Users\\teodor\\Desktop\\stem\\codeless\\6.0.24.1464\\projects\\target_apps\\ble_examples\\empty_peripheral_template\\Keil_5" "./../../../../../sdk/platform/utilities/otp_cs\\otp_cs.h"
	.file	4 "C:\\Users\\teodor\\Desktop\\stem\\codeless\\6.0.24.1464\\projects\\target_apps\\ble_examples\\empty_peripheral_template\\Keil_5" "./../../../../../sdk/platform/core_modules/rf/api\\rf_531.h"
	.hidden	otp_cs_store_user_handler       @ -- Begin function otp_cs_store_user_handler
	.globl	otp_cs_store_user_handler
	.p2align	2
	.type	otp_cs_store_user_handler,%function
	.code	16                              @ @otp_cs_store_user_handler
	.thumb_func
otp_cs_store_user_handler:
.Lfunc_begin0:
	.loc	1 263 0                         @ ../../../../../sdk/platform/utilities/otp_cs/otp_cs.c:263:0
	.fnstart
	.cfi_sections .debug_frame
	.cfi_startproc
@ %bb.0:
	@DEBUG_VALUE: otp_cs_store_user_handler:id <- $r0
	@DEBUG_VALUE: otp_cs_store_user_handler:num <- $r1
	@DEBUG_VALUE: otp_cs_store_user_handler:offset <- $r2
	.save	{r4, r5, r6, lr}
	push	{r4, r5, r6, lr}
	.cfi_def_cfa_offset 16
	.cfi_offset lr, -4
	.cfi_offset r6, -8
	.cfi_offset r5, -12
	.cfi_offset r4, -16
.Ltmp0:
	.loc	1 264 5 prologue_end            @ ../../../../../sdk/platform/utilities/otp_cs/otp_cs.c:264:5
	cmp	r0, #30
	bne	.LBB0_8
.Ltmp1:
@ %bb.1:
	@DEBUG_VALUE: otp_cs_store_user_handler:offset <- $r2
	@DEBUG_VALUE: otp_cs_store_user_handler:num <- $r1
	@DEBUG_VALUE: otp_cs_store_user_handler:id <- $r0
	.loc	1 0 5 is_stmt 0                 @ ../../../../../sdk/platform/utilities/otp_cs/otp_cs.c:0:5
	ldr	r0, __arm_cp.0_0
.Ltmp2:
	@DEBUG_VALUE: otp_cs_store_user_handler:id <- [DW_OP_LLVM_entry_value 1] $r0
	.loc	1 271 67 is_stmt 1              @ ../../../../../sdk/platform/utilities/otp_cs/otp_cs.c:271:67
	adds	r0, r2, r0
.Ltmp3:
	@DEBUG_VALUE: current_otp_addr <- $r0
	.loc	1 272 46                        @ ../../../../../sdk/platform/utilities/otp_cs/otp_cs.c:272:46
	lsrs	r1, r1, #1
.Ltmp4:
	@DEBUG_VALUE: otp_cs_store_user_handler:num <- [DW_OP_LLVM_entry_value 1] $r1
	@DEBUG_VALUE: sdk_reg_value_pairs <- undef
	.loc	1 0 46 is_stmt 0                @ ../../../../../sdk/platform/utilities/otp_cs/otp_cs.c:0:46
	ldr	r2, __arm_cp.0_1
.Ltmp5:
	@DEBUG_VALUE: otp_cs_store_user_handler:offset <- [DW_OP_LLVM_entry_value 1] $r2
.LBB0_2:                                @ =>This Loop Header: Depth=1
                                        @     Child Loop BB0_4 Depth 2
	@DEBUG_VALUE: otp_cs_store_user_handler:offset <- [DW_OP_LLVM_entry_value 1] $r2
	@DEBUG_VALUE: otp_cs_store_user_handler:num <- [DW_OP_LLVM_entry_value 1] $r1
	@DEBUG_VALUE: otp_cs_store_user_handler:id <- [DW_OP_LLVM_entry_value 1] $r0
	@DEBUG_VALUE: current_otp_addr <- $r0
	@DEBUG_VALUE: sdk_reg_value_pairs <- $r1
	.loc	1 274 13 is_stmt 1              @ ../../../../../sdk/platform/utilities/otp_cs/otp_cs.c:274:13
	lsls	r3, r1, #24
	beq	.LBB0_8
.Ltmp6:
@ %bb.3:                                @   in Loop: Header=BB0_2 Depth=1
	@DEBUG_VALUE: sdk_reg_value_pairs <- $r1
	@DEBUG_VALUE: otp_cs_store_user_handler:offset <- [DW_OP_LLVM_entry_value 1] $r2
	@DEBUG_VALUE: otp_cs_store_user_handler:num <- [DW_OP_LLVM_entry_value 1] $r1
	@DEBUG_VALUE: current_otp_addr <- $r0
	@DEBUG_VALUE: otp_cs_store_user_handler:id <- [DW_OP_LLVM_entry_value 1] $r0
	.loc	1 276 43                        @ ../../../../../sdk/platform/utilities/otp_cs/otp_cs.c:276:43
	ldr	r4, [r0]
	.loc	1 277 45                        @ ../../../../../sdk/platform/utilities/otp_cs/otp_cs.c:277:45
	ldr	r3, [r0, #4]
.Ltmp7:
	@DEBUG_VALUE: pd_adpll_bypass_cal_reg <- $r4
	.loc	1 277 91 is_stmt 0              @ ../../../../../sdk/platform/utilities/otp_cs/otp_cs.c:277:91
	adds	r0, #8
.Ltmp8:
	@DEBUG_VALUE: pd_adpll_bypass_cal_value <- $r3
	@DEBUG_VALUE: current_otp_addr <- [DW_OP_plus_uconst 4, DW_OP_stack_value] $r0
	.loc	1 0 91                          @ ../../../../../sdk/platform/utilities/otp_cs/otp_cs.c:0:91
	movs	r6, #0
.Ltmp9:
	@DEBUG_VALUE: i <- 0
	.loc	1 280 31 is_stmt 1              @ ../../../../../sdk/platform/utilities/otp_cs/otp_cs.c:280:31
	mov	r5, r6
.Ltmp10:
.LBB0_4:                                @   Parent Loop BB0_2 Depth=1
                                        @ =>  This Inner Loop Header: Depth=2
	@DEBUG_VALUE: current_otp_addr <- [DW_OP_plus_uconst 4, DW_OP_stack_value] $r0
	@DEBUG_VALUE: pd_adpll_bypass_cal_value <- $r3
	@DEBUG_VALUE: pd_adpll_bypass_cal_reg <- $r4
	@DEBUG_VALUE: sdk_reg_value_pairs <- $r1
	@DEBUG_VALUE: otp_cs_store_user_handler:offset <- [DW_OP_LLVM_entry_value 1] $r2
	@DEBUG_VALUE: otp_cs_store_user_handler:num <- [DW_OP_LLVM_entry_value 1] $r1
	@DEBUG_VALUE: otp_cs_store_user_handler:id <- [DW_OP_LLVM_entry_value 1] $r0
	@DEBUG_VALUE: i <- [DW_OP_consts 8, DW_OP_div, DW_OP_stack_value] $r6
	adds	r5, #8
.Ltmp11:
	.loc	1 280 17 is_stmt 0              @ ../../../../../sdk/platform/utilities/otp_cs/otp_cs.c:280:17
	cmp	r5, #56
	beq	.LBB0_7
.Ltmp12:
@ %bb.5:                                @   in Loop: Header=BB0_4 Depth=2
	@DEBUG_VALUE: i <- [DW_OP_consts 8, DW_OP_div, DW_OP_stack_value] $r6
	@DEBUG_VALUE: current_otp_addr <- [DW_OP_plus_uconst 4, DW_OP_stack_value] $r0
	@DEBUG_VALUE: pd_adpll_bypass_cal_value <- $r3
	@DEBUG_VALUE: pd_adpll_bypass_cal_reg <- $r4
	@DEBUG_VALUE: sdk_reg_value_pairs <- $r1
	@DEBUG_VALUE: otp_cs_store_user_handler:offset <- [DW_OP_LLVM_entry_value 1] $r2
	@DEBUG_VALUE: otp_cs_store_user_handler:num <- [DW_OP_LLVM_entry_value 1] $r1
	@DEBUG_VALUE: otp_cs_store_user_handler:id <- [DW_OP_LLVM_entry_value 1] $r0
	.loc	1 282 44 is_stmt 1              @ ../../../../../sdk/platform/utilities/otp_cs/otp_cs.c:282:44
	adds	r6, r2, r6
.Ltmp13:
	ldr	r6, [r6, #48]
.Ltmp14:
	@DEBUG_VALUE: i <- [DW_OP_consts 8, DW_OP_div, DW_OP_consts 1, DW_OP_plus, DW_OP_stack_value] undef
	.loc	1 282 25 is_stmt 0              @ ../../../../../sdk/platform/utilities/otp_cs/otp_cs.c:282:25
	cmp	r6, r4
	mov	r6, r5
	bne	.LBB0_4
.Ltmp15:
@ %bb.6:                                @   in Loop: Header=BB0_2 Depth=1
	@DEBUG_VALUE: current_otp_addr <- [DW_OP_plus_uconst 4, DW_OP_stack_value] $r0
	@DEBUG_VALUE: pd_adpll_bypass_cal_value <- $r3
	@DEBUG_VALUE: pd_adpll_bypass_cal_reg <- $r4
	@DEBUG_VALUE: sdk_reg_value_pairs <- $r1
	@DEBUG_VALUE: otp_cs_store_user_handler:offset <- [DW_OP_LLVM_entry_value 1] $r2
	@DEBUG_VALUE: otp_cs_store_user_handler:num <- [DW_OP_LLVM_entry_value 1] $r1
	@DEBUG_VALUE: otp_cs_store_user_handler:id <- [DW_OP_LLVM_entry_value 1] $r0
	.loc	1 284 48 is_stmt 1              @ ../../../../../sdk/platform/utilities/otp_cs/otp_cs.c:284:48
	adds	r4, r2, r5
.Ltmp16:
	str	r3, [r4, #44]
.Ltmp17:
.LBB0_7:                                @   in Loop: Header=BB0_2 Depth=1
	@DEBUG_VALUE: current_otp_addr <- [DW_OP_plus_uconst 4, DW_OP_stack_value] $r0
	@DEBUG_VALUE: pd_adpll_bypass_cal_value <- $r3
	@DEBUG_VALUE: sdk_reg_value_pairs <- $r1
	@DEBUG_VALUE: otp_cs_store_user_handler:offset <- [DW_OP_LLVM_entry_value 1] $r2
	@DEBUG_VALUE: otp_cs_store_user_handler:num <- [DW_OP_LLVM_entry_value 1] $r1
	@DEBUG_VALUE: otp_cs_store_user_handler:id <- [DW_OP_LLVM_entry_value 1] $r0
	.loc	1 288 17                        @ ../../../../../sdk/platform/utilities/otp_cs/otp_cs.c:288:17
	subs	r1, r1, #1
.Ltmp18:
	@DEBUG_VALUE: sdk_reg_value_pairs <- $r1
	.loc	1 274 13                        @ ../../../../../sdk/platform/utilities/otp_cs/otp_cs.c:274:13
	b	.LBB0_2
.Ltmp19:
.LBB0_8:
	.loc	1 297 1 epilogue_begin          @ ../../../../../sdk/platform/utilities/otp_cs/otp_cs.c:297:1
	pop	{r4, r5, r6, pc}
.Ltmp20:
	.loc	1 0 1 is_stmt 0                 @ :0:1
.Ltmp21:
	.p2align	2
@ %bb.9:
__arm_cp.0_0:
	.long	133705428                       @ 0x7f82ed4
.Lcpi_end0:
	.size	__arm_cp.0_0, .Lcpi_end0-__arm_cp.0_0
__arm_cp.0_1:
	.long	otp_cs
.Lcpi_end1:
	.size	__arm_cp.0_1, .Lcpi_end1-__arm_cp.0_1
.Lfunc_end0:
	.size	otp_cs_store_user_handler, .Lfunc_end0-otp_cs_store_user_handler
	.cfi_endproc
	.cantunwind
	.fnend
                                        @ -- End function
	.hidden	otp_cs_store                    @ -- Begin function otp_cs_store
	.globl	otp_cs_store
	.p2align	2
	.type	otp_cs_store,%function
	.code	16                              @ @otp_cs_store
	.thumb_func
otp_cs_store:
.Lfunc_begin1:
	.loc	1 374 0 is_stmt 1               @ ../../../../../sdk/platform/utilities/otp_cs/otp_cs.c:374:0
	.fnstart
	.cfi_startproc
@ %bb.0:
	.save	{r4, r5, r6, r7, lr}
	push	{r4, r5, r6, r7, lr}
	.cfi_def_cfa_offset 20
	.cfi_offset lr, -4
	.cfi_offset r7, -8
	.cfi_offset r6, -12
	.cfi_offset r5, -16
	.cfi_offset r4, -20
	.pad	#36
	sub	sp, #36
	.cfi_def_cfa_offset 56
	movs	r0, #1
.Ltmp22:
	.loc	1 377 5 prologue_end            @ ../../../../../sdk/platform/utilities/otp_cs/otp_cs.c:377:5
	bl	sb_set_debugger_mode
.Ltmp23:
	.loc	1 0 5 is_stmt 0                 @ ../../../../../sdk/platform/utilities/otp_cs/otp_cs.c:0:5
	movs	r7, #136
	.loc	1 380 25 is_stmt 1              @ ../../../../../sdk/platform/utilities/otp_cs/otp_cs.c:380:25
	ldr	r4, __arm_cp.1_0
	movs	r5, #0
	strh	r5, [r4, r7]
	mov	r6, sp
	.loc	1 383 28                        @ ../../../../../sdk/platform/utilities/otp_cs/otp_cs.c:383:28
	adr	r1, .LCPI1_1
	movs	r2, #36
	mov	r0, r6
	bl	__aeabi_memcpy
.Ltmp24:
	.loc	1 395 20                        @ ../../../../../sdk/platform/utilities/otp_cs/otp_cs.c:395:20
	ldr	r1, __arm_cp.1_2
	mov	r0, r4
	mov	r2, r5
	mov	r3, r6
	bl	otp_cs_store_ROM
.Ltmp25:
	@DEBUG_VALUE: otp_cs_store:error <- undef
	.loc	1 398 5                         @ ../../../../../sdk/platform/utilities/otp_cs/otp_cs.c:398:5
	ldrb	r1, [r4, r7]
.Ltmp26:
	.loc	1 398 5 is_stmt 0               @ ../../../../../sdk/platform/utilities/otp_cs/otp_cs.c:398:5
	lsls	r2, r1, #31
	beq	.LBB1_2
.Ltmp27:
@ %bb.1:
	.loc	1 398 5                         @ ../../../../../sdk/platform/utilities/otp_cs/otp_cs.c:398:5
	@APP
	bkpt	#0
	@NO_APP
.Ltmp28:
	.loc	1 399 34 is_stmt 1              @ ../../../../../sdk/platform/utilities/otp_cs/otp_cs.c:399:34
	ldrb	r1, [r4, r7]
.LBB1_2:
	.loc	1 399 47 is_stmt 0              @ ../../../../../sdk/platform/utilities/otp_cs/otp_cs.c:399:47
	lsrs	r1, r1, #1
	.loc	1 399 25                        @ ../../../../../sdk/platform/utilities/otp_cs/otp_cs.c:399:25
	strb	r1, [r4, r7]
	movs	r1, #137
.Ltmp29:
	.loc	1 402 5 is_stmt 1               @ ../../../../../sdk/platform/utilities/otp_cs/otp_cs.c:402:5
	ldrb	r2, [r4, r1]
.Ltmp30:
	.loc	1 402 5 is_stmt 0               @ ../../../../../sdk/platform/utilities/otp_cs/otp_cs.c:402:5
	lsls	r3, r2, #31
	beq	.LBB1_4
@ %bb.3:
.Ltmp31:
	.loc	1 402 5                         @ ../../../../../sdk/platform/utilities/otp_cs/otp_cs.c:402:5
	@APP
	bkpt	#0
	@NO_APP
.Ltmp32:
	.loc	1 403 36 is_stmt 1              @ ../../../../../sdk/platform/utilities/otp_cs/otp_cs.c:403:36
	ldrb	r2, [r4, r1]
.LBB1_4:
	.loc	1 403 51 is_stmt 0              @ ../../../../../sdk/platform/utilities/otp_cs/otp_cs.c:403:51
	lsrs	r2, r2, #1
	.loc	1 403 27                        @ ../../../../../sdk/platform/utilities/otp_cs/otp_cs.c:403:27
	strb	r2, [r4, r1]
	movs	r1, #132
.Ltmp33:
	.loc	1 406 29 is_stmt 1              @ ../../../../../sdk/platform/utilities/otp_cs/otp_cs.c:406:29
	ldrh	r2, [r4, r1]
.Ltmp34:
	.loc	1 406 9 is_stmt 0               @ ../../../../../sdk/platform/utilities/otp_cs/otp_cs.c:406:9
	cmp	r2, #0
	bne	.LBB1_6
@ %bb.5:
	.loc	1 0 9                           @ ../../../../../sdk/platform/utilities/otp_cs/otp_cs.c:0:9
	movs	r2, #125
	lsls	r2, r2, #3
.Ltmp35:
	.loc	1 408 43 is_stmt 1              @ ../../../../../sdk/platform/utilities/otp_cs/otp_cs.c:408:43
	strh	r2, [r4, r1]
.Ltmp36:
.LBB1_6:
	.loc	1 0 43 is_stmt 0                @ ../../../../../sdk/platform/utilities/otp_cs/otp_cs.c:0:43
	movs	r1, #134
.Ltmp37:
	.loc	1 412 29 is_stmt 1              @ ../../../../../sdk/platform/utilities/otp_cs/otp_cs.c:412:29
	ldrh	r2, [r4, r1]
.Ltmp38:
	.loc	1 412 9 is_stmt 0               @ ../../../../../sdk/platform/utilities/otp_cs/otp_cs.c:412:9
	cmp	r2, #0
	bne	.LBB1_13
@ %bb.7:
	.loc	1 0 9                           @ ../../../../../sdk/platform/utilities/otp_cs/otp_cs.c:0:9
	movs	r2, #255
	lsls	r3, r2, #8
	ldr	r2, __arm_cp.1_3
.Ltmp39:
	.loc	1 145 31 is_stmt 1              @ ../../../../../sdk/platform/utilities/otp_cs/otp_cs.c:145:31
	ldr	r2, [r2]
.Ltmp40:
	@DEBUG_VALUE: store_default_xtal32m_trim_value:device_package <- $r2
	.loc	1 147 9                         @ ../../../../../sdk/platform/utilities/otp_cs/otp_cs.c:147:9
	ands	r2, r3
.Ltmp41:
	.loc	1 0 9 is_stmt 0                 @ ../../../../../sdk/platform/utilities/otp_cs/otp_cs.c:0:9
	movs	r3, #53
	lsls	r3, r3, #8
	.loc	1 147 9                         @ ../../../../../sdk/platform/utilities/otp_cs/otp_cs.c:147:9
	cmp	r2, r3
	beq	.LBB1_11
@ %bb.8:
	.loc	1 0 9                           @ ../../../../../sdk/platform/utilities/otp_cs/otp_cs.c:0:9
	movs	r3, #13
	lsls	r3, r3, #10
	.loc	1 147 9                         @ ../../../../../sdk/platform/utilities/otp_cs/otp_cs.c:147:9
	cmp	r2, r3
	beq	.LBB1_10
@ %bb.9:
	.loc	1 0 9                           @ ../../../../../sdk/platform/utilities/otp_cs/otp_cs.c:0:9
	movs	r3, #51
	lsls	r3, r3, #8
	.loc	1 147 9                         @ ../../../../../sdk/platform/utilities/otp_cs/otp_cs.c:147:9
	cmp	r2, r3
	bne	.LBB1_13
.LBB1_10:
	.loc	1 0 9                           @ ../../../../../sdk/platform/utilities/otp_cs/otp_cs.c:0:9
	movs	r2, #148
	b	.LBB1_12
.LBB1_11:
	movs	r2, #144
.LBB1_12:
.Ltmp42:
	strh	r2, [r4, r1]
.Ltmp43:
.LBB1_13:
	.loc	1 422 5 epilogue_begin is_stmt 1 @ ../../../../../sdk/platform/utilities/otp_cs/otp_cs.c:422:5
	add	sp, #36
	pop	{r4, r5, r6, r7, pc}
.Ltmp44:
	.loc	1 0 5 is_stmt 0                 @ :0:5
.Ltmp45:
	.p2align	2
@ %bb.14:
__arm_cp.1_0:
	.long	otp_cs
.Lcpi_end2:
	.size	__arm_cp.1_0, .Lcpi_end2-__arm_cp.1_0
.LCPI1_1:
.L__const.otp_cs_store.func:
	.long	pd_sys_func
	.long	pd_rad_func
	.long	pd_adpll_func
	.long	0
	.long	pd_id21_func
	.long	otp_cs_store_user_handler
	.long	0
	.long	133705424                       @ 0x7f82ed0
	.long	133705664                       @ 0x7f82fc0
__arm_cp.1_2:
	.long	booter_val
.Lcpi_end3:
	.size	__arm_cp.1_2, .Lcpi_end3-__arm_cp.1_2
__arm_cp.1_3:
	.long	133705680                       @ 0x7f82fd0
.Lcpi_end4:
	.size	__arm_cp.1_3, .Lcpi_end4-__arm_cp.1_3
.Lfunc_end1:
	.size	otp_cs_store, .Lfunc_end1-otp_cs_store
	.cfi_endproc
	.cantunwind
	.fnend
                                        @ -- End function
	.p2align	2                               @ -- Begin function pd_sys_func
	.type	pd_sys_func,%function
	.code	16                              @ @pd_sys_func
	.thumb_func
pd_sys_func:
.Lfunc_begin2:
	.fnstart
	.cfi_startproc
@ %bb.0:
	@DEBUG_VALUE: pd_sys_func:num <- $r1
	@DEBUG_VALUE: pd_sys_func:offset <- $r2
	.loc	1 336 53 prologue_end is_stmt 1 @ ../../../../../sdk/platform/utilities/otp_cs/otp_cs.c:336:53
	lsls	r0, r1, #2
	adds	r0, r2, r0
	ldr	r1, __arm_cp.2_0
.Ltmp46:
	@DEBUG_VALUE: pd_sys_func:num <- [DW_OP_LLVM_entry_value 1] $r1
	ldr	r0, [r0, r1]
	movs	r1, #124
	.loc	1 336 40 is_stmt 0              @ ../../../../../sdk/platform/utilities/otp_cs/otp_cs.c:336:40
	ldr	r2, __arm_cp.2_1
.Ltmp47:
	@DEBUG_VALUE: pd_sys_func:offset <- [DW_OP_LLVM_entry_value 1] $r2
	strh	r0, [r2, r1]
	.loc	1 337 1 is_stmt 1               @ ../../../../../sdk/platform/utilities/otp_cs/otp_cs.c:337:1
	bx	lr
.Ltmp48:
	.loc	1 0 1 is_stmt 0                 @ :0:1
.Ltmp49:
	.p2align	2
@ %bb.1:
__arm_cp.2_0:
	.long	133705424                       @ 0x7f82ed0
.Lcpi_end5:
	.size	__arm_cp.2_0, .Lcpi_end5-__arm_cp.2_0
__arm_cp.2_1:
	.long	otp_cs
.Lcpi_end6:
	.size	__arm_cp.2_1, .Lcpi_end6-__arm_cp.2_1
.Lfunc_end2:
	.size	pd_sys_func, .Lfunc_end2-pd_sys_func
	.cfi_endproc
	.cantunwind
	.fnend
                                        @ -- End function
	.p2align	2                               @ -- Begin function pd_rad_func
	.type	pd_rad_func,%function
	.code	16                              @ @pd_rad_func
	.thumb_func
pd_rad_func:
.Lfunc_begin3:
	.loc	1 340 0 is_stmt 1               @ ../../../../../sdk/platform/utilities/otp_cs/otp_cs.c:340:0
	.fnstart
	.cfi_startproc
@ %bb.0:
	@DEBUG_VALUE: pd_rad_func:num <- $r1
	@DEBUG_VALUE: pd_rad_func:offset <- $r2
	.save	{r4, r5, r6, lr}
	push	{r4, r5, r6, lr}
	.cfi_def_cfa_offset 16
	.cfi_offset lr, -4
	.cfi_offset r6, -8
	.cfi_offset r5, -12
	.cfi_offset r4, -16
	mov	r4, r1
.Ltmp50:
	@DEBUG_VALUE: pd_rad_func:num <- $r4
	ldr	r0, __arm_cp.3_0
.Ltmp51:
	.loc	1 343 85 prologue_end           @ ../../../../../sdk/platform/utilities/otp_cs/otp_cs.c:343:85
	adds	r1, r2, r0
	movs	r5, #136
	.loc	1 343 34 is_stmt 0              @ ../../../../../sdk/platform/utilities/otp_cs/otp_cs.c:343:34
	ldr	r6, __arm_cp.3_1
	ldrb	r0, [r6, r5]
	.loc	1 343 13                        @ ../../../../../sdk/platform/utilities/otp_cs/otp_cs.c:343:13
	lsls	r0, r0, #3
	adds	r0, r6, r0
	.loc	1 343 95                        @ ../../../../../sdk/platform/utilities/otp_cs/otp_cs.c:343:95
	lsls	r2, r4, #2
.Ltmp52:
	@DEBUG_VALUE: pd_rad_func:offset <- [DW_OP_LLVM_entry_value 1] $r2
	.loc	1 343 5                         @ ../../../../../sdk/platform/utilities/otp_cs/otp_cs.c:343:5
	bl	__aeabi_memcpy
.Ltmp53:
	.loc	1 344 34 is_stmt 1              @ ../../../../../sdk/platform/utilities/otp_cs/otp_cs.c:344:34
	ldrb	r0, [r6, r5]
	.loc	1 344 27 is_stmt 0              @ ../../../../../sdk/platform/utilities/otp_cs/otp_cs.c:344:27
	adds	r0, r0, r4
	.loc	1 344 25                        @ ../../../../../sdk/platform/utilities/otp_cs/otp_cs.c:344:25
	strb	r0, [r6, r5]
	.loc	1 344 27                        @ ../../../../../sdk/platform/utilities/otp_cs/otp_cs.c:344:27
	uxtb	r0, r0
.Ltmp54:
	.loc	1 345 5 is_stmt 1               @ ../../../../../sdk/platform/utilities/otp_cs/otp_cs.c:345:5
	cmp	r0, #13
	blo	.LBB3_2
.Ltmp55:
@ %bb.1:
	@DEBUG_VALUE: pd_rad_func:offset <- [DW_OP_LLVM_entry_value 1] $r2
	@DEBUG_VALUE: pd_rad_func:num <- $r4
	.loc	1 345 5 is_stmt 0               @ ../../../../../sdk/platform/utilities/otp_cs/otp_cs.c:345:5
	@APP
	bkpt	#0
	@NO_APP
.Ltmp56:
.LBB3_2:
	@DEBUG_VALUE: pd_rad_func:offset <- [DW_OP_LLVM_entry_value 1] $r2
	@DEBUG_VALUE: pd_rad_func:num <- $r4
	.loc	1 346 1 epilogue_begin is_stmt 1 @ ../../../../../sdk/platform/utilities/otp_cs/otp_cs.c:346:1
	pop	{r4, r5, r6, pc}
.Ltmp57:
	.loc	1 0 1 is_stmt 0                 @ :0:1
.Ltmp58:
	.p2align	2
@ %bb.3:
__arm_cp.3_0:
	.long	133705428                       @ 0x7f82ed4
.Lcpi_end7:
	.size	__arm_cp.3_0, .Lcpi_end7-__arm_cp.3_0
__arm_cp.3_1:
	.long	otp_cs
.Lcpi_end8:
	.size	__arm_cp.3_1, .Lcpi_end8-__arm_cp.3_1
.Lfunc_end3:
	.size	pd_rad_func, .Lfunc_end3-pd_rad_func
	.cfi_endproc
	.cantunwind
	.fnend
                                        @ -- End function
	.p2align	2                               @ -- Begin function pd_adpll_func
	.type	pd_adpll_func,%function
	.code	16                              @ @pd_adpll_func
	.thumb_func
pd_adpll_func:
.Lfunc_begin4:
	.loc	1 349 0 is_stmt 1               @ ../../../../../sdk/platform/utilities/otp_cs/otp_cs.c:349:0
	.fnstart
	.cfi_startproc
@ %bb.0:
	@DEBUG_VALUE: pd_adpll_func:num <- $r1
	@DEBUG_VALUE: pd_adpll_func:offset <- $r2
	.save	{r4, r5, r6, lr}
	push	{r4, r5, r6, lr}
	.cfi_def_cfa_offset 16
	.cfi_offset lr, -4
	.cfi_offset r6, -8
	.cfi_offset r5, -12
	.cfi_offset r4, -16
	mov	r4, r1
.Ltmp59:
	@DEBUG_VALUE: pd_adpll_func:num <- $r4
	ldr	r0, __arm_cp.4_0
.Ltmp60:
	.loc	1 352 89 prologue_end           @ ../../../../../sdk/platform/utilities/otp_cs/otp_cs.c:352:89
	adds	r1, r2, r0
	movs	r5, #137
	.loc	1 352 36 is_stmt 0              @ ../../../../../sdk/platform/utilities/otp_cs/otp_cs.c:352:36
	ldr	r6, __arm_cp.4_1
	ldrb	r0, [r6, r5]
	.loc	1 352 13                        @ ../../../../../sdk/platform/utilities/otp_cs/otp_cs.c:352:13
	lsls	r0, r0, #3
	adds	r0, r6, r0
	adds	r0, #48
	.loc	1 352 99                        @ ../../../../../sdk/platform/utilities/otp_cs/otp_cs.c:352:99
	lsls	r2, r4, #2
.Ltmp61:
	@DEBUG_VALUE: pd_adpll_func:offset <- [DW_OP_LLVM_entry_value 1] $r2
	.loc	1 352 5                         @ ../../../../../sdk/platform/utilities/otp_cs/otp_cs.c:352:5
	bl	__aeabi_memcpy
.Ltmp62:
	.loc	1 353 36 is_stmt 1              @ ../../../../../sdk/platform/utilities/otp_cs/otp_cs.c:353:36
	ldrb	r0, [r6, r5]
	.loc	1 353 29 is_stmt 0              @ ../../../../../sdk/platform/utilities/otp_cs/otp_cs.c:353:29
	adds	r0, r0, r4
	.loc	1 353 27                        @ ../../../../../sdk/platform/utilities/otp_cs/otp_cs.c:353:27
	strb	r0, [r6, r5]
	.loc	1 353 29                        @ ../../../../../sdk/platform/utilities/otp_cs/otp_cs.c:353:29
	uxtb	r0, r0
.Ltmp63:
	.loc	1 354 5 is_stmt 1               @ ../../../../../sdk/platform/utilities/otp_cs/otp_cs.c:354:5
	cmp	r0, #13
	blo	.LBB4_2
.Ltmp64:
@ %bb.1:
	@DEBUG_VALUE: pd_adpll_func:offset <- [DW_OP_LLVM_entry_value 1] $r2
	@DEBUG_VALUE: pd_adpll_func:num <- $r4
	.loc	1 354 5 is_stmt 0               @ ../../../../../sdk/platform/utilities/otp_cs/otp_cs.c:354:5
	@APP
	bkpt	#0
	@NO_APP
.Ltmp65:
.LBB4_2:
	@DEBUG_VALUE: pd_adpll_func:offset <- [DW_OP_LLVM_entry_value 1] $r2
	@DEBUG_VALUE: pd_adpll_func:num <- $r4
	.loc	1 355 1 epilogue_begin is_stmt 1 @ ../../../../../sdk/platform/utilities/otp_cs/otp_cs.c:355:1
	pop	{r4, r5, r6, pc}
.Ltmp66:
	.loc	1 0 1 is_stmt 0                 @ :0:1
.Ltmp67:
	.p2align	2
@ %bb.3:
__arm_cp.4_0:
	.long	133705428                       @ 0x7f82ed4
.Lcpi_end9:
	.size	__arm_cp.4_0, .Lcpi_end9-__arm_cp.4_0
__arm_cp.4_1:
	.long	otp_cs
.Lcpi_end10:
	.size	__arm_cp.4_1, .Lcpi_end10-__arm_cp.4_1
.Lfunc_end4:
	.size	pd_adpll_func, .Lfunc_end4-pd_adpll_func
	.cfi_endproc
	.cantunwind
	.fnend
                                        @ -- End function
	.p2align	2                               @ -- Begin function pd_id21_func
	.type	pd_id21_func,%function
	.code	16                              @ @pd_id21_func
	.thumb_func
pd_id21_func:
.Lfunc_begin5:
	.loc	1 358 0 is_stmt 1               @ ../../../../../sdk/platform/utilities/otp_cs/otp_cs.c:358:0
	.fnstart
	.cfi_startproc
@ %bb.0:
	@DEBUG_VALUE: pd_id21_func:offset <- $r2
	.save	{r4, lr}
	push	{r4, lr}
	.cfi_def_cfa_offset 8
	.cfi_offset lr, -4
	.cfi_offset r4, -8
	ldr	r0, __arm_cp.5_0
.Ltmp68:
	.loc	1 363 32 prologue_end           @ ../../../../../sdk/platform/utilities/otp_cs/otp_cs.c:363:32
	ldr	r1, [r2, r0]
.Ltmp69:
	@DEBUG_VALUE: pd_id21_func:low <- [DW_OP_LLVM_convert 32 7, DW_OP_LLVM_convert 16 7, DW_OP_stack_value] $r1
	.loc	1 0 32 is_stmt 0                @ ../../../../../sdk/platform/utilities/otp_cs/otp_cs.c:0:32
	movs	r3, #9
	.loc	1 370 61 is_stmt 1              @ ../../../../../sdk/platform/utilities/otp_cs/otp_cs.c:370:61
	muls	r3, r1, r3
	.loc	1 364 33                        @ ../../../../../sdk/platform/utilities/otp_cs/otp_cs.c:364:33
	ldr	r0, [r2, r0]
	.loc	1 364 74 is_stmt 0              @ ../../../../../sdk/platform/utilities/otp_cs/otp_cs.c:364:74
	lsrs	r0, r0, #16
.Ltmp70:
	@DEBUG_VALUE: pd_id21_func:high <- $r0
	.loc	1 370 68 is_stmt 1              @ ../../../../../sdk/platform/utilities/otp_cs/otp_cs.c:370:68
	subs	r2, r3, r0
.Ltmp71:
	@DEBUG_VALUE: pd_id21_func:offset <- [DW_OP_LLVM_entry_value 1] $r2
	.loc	1 370 47 is_stmt 0              @ ../../../../../sdk/platform/utilities/otp_cs/otp_cs.c:370:47
	lsls	r2, r2, #16
	.loc	1 370 76                        @ ../../../../../sdk/platform/utilities/otp_cs/otp_cs.c:370:76
	asrs	r2, r2, #19
	movs	r3, #128
	.loc	1 367 40 is_stmt 1              @ ../../../../../sdk/platform/utilities/otp_cs/otp_cs.c:367:40
	ldr	r4, __arm_cp.5_1
	.loc	1 370 44                        @ ../../../../../sdk/platform/utilities/otp_cs/otp_cs.c:370:44
	strh	r2, [r4, r3]
	.loc	1 367 50                        @ ../../../../../sdk/platform/utilities/otp_cs/otp_cs.c:367:50
	subs	r0, r0, r1
.Ltmp72:
	.loc	1 367 84 is_stmt 0              @ ../../../../../sdk/platform/utilities/otp_cs/otp_cs.c:367:84
	lsls	r1, r0, #16
.Ltmp73:
	lsrs	r1, r1, #18
	.loc	1 367 57                        @ ../../../../../sdk/platform/utilities/otp_cs/otp_cs.c:367:57
	adds	r0, r1, r0
	.loc	1 367 42                        @ ../../../../../sdk/platform/utilities/otp_cs/otp_cs.c:367:42
	adds	r0, r0, #1
	movs	r1, #126
	.loc	1 367 40                        @ ../../../../../sdk/platform/utilities/otp_cs/otp_cs.c:367:40
	strh	r0, [r4, r1]
	.loc	1 371 1 epilogue_begin is_stmt 1 @ ../../../../../sdk/platform/utilities/otp_cs/otp_cs.c:371:1
	pop	{r4, pc}
.Ltmp74:
	.loc	1 0 1 is_stmt 0                 @ :0:1
.Ltmp75:
	.p2align	2
@ %bb.1:
__arm_cp.5_0:
	.long	133705428                       @ 0x7f82ed4
.Lcpi_end11:
	.size	__arm_cp.5_0, .Lcpi_end11-__arm_cp.5_0
__arm_cp.5_1:
	.long	otp_cs
.Lcpi_end12:
	.size	__arm_cp.5_1, .Lcpi_end12-__arm_cp.5_1
.Lfunc_end5:
	.size	pd_id21_func, .Lfunc_end5-pd_id21_func
	.cfi_endproc
	.cantunwind
	.fnend
                                        @ -- End function
	.hidden	otp_cs_load_pd_rad              @ -- Begin function otp_cs_load_pd_rad
	.globl	otp_cs_load_pd_rad
	.p2align	2
	.type	otp_cs_load_pd_rad,%function
	.code	16                              @ @otp_cs_load_pd_rad
	.thumb_func
otp_cs_load_pd_rad:
.Lfunc_begin6:
	.loc	1 693 0 is_stmt 1               @ ../../../../../sdk/platform/utilities/otp_cs/otp_cs.c:693:0
	.fnstart
	.cfi_startproc
@ %bb.0:
	.save	{r4, lr}
	push	{r4, lr}
	.cfi_def_cfa_offset 8
	.cfi_offset lr, -4
	.cfi_offset r4, -8
.Ltmp76:
	.loc	1 697 18 prologue_end           @ ../../../../../sdk/platform/utilities/otp_cs/otp_cs.c:697:18
	ldr	r4, __arm_cp.6_0
	ldrb	r0, [r4]
	adds	r0, r0, #1
	strb	r0, [r4]
	.loc	1 699 50                        @ ../../../../../sdk/platform/utilities/otp_cs/otp_cs.c:699:50
	ldr	r1, __arm_cp.6_1
	ldrb	r2, [r1]
	.loc	1 699 5 is_stmt 0               @ ../../../../../sdk/platform/utilities/otp_cs/otp_cs.c:699:5
	adds	r1, r1, #4
	uxtb	r3, r0
	ldr	r0, __arm_cp.6_2
	bl	otp_cs_load_pd_rad_ROM
.Ltmp77:
	.loc	1 702 18 is_stmt 1              @ ../../../../../sdk/platform/utilities/otp_cs/otp_cs.c:702:18
	ldrb	r0, [r4]
	subs	r0, r0, #1
	strb	r0, [r4]
	.loc	1 704 1 epilogue_begin          @ ../../../../../sdk/platform/utilities/otp_cs/otp_cs.c:704:1
	pop	{r4, pc}
.Ltmp78:
	.loc	1 0 1 is_stmt 0                 @ :0:1
.Ltmp79:
	.p2align	2
@ %bb.1:
__arm_cp.6_0:
	.long	rf_tx_pwr_lvl
.Lcpi_end13:
	.size	__arm_cp.6_0, .Lcpi_end13-__arm_cp.6_0
__arm_cp.6_1:
	.long	.L_MergedGlobals
.Lcpi_end14:
	.size	__arm_cp.6_1, .Lcpi_end14-__arm_cp.6_1
__arm_cp.6_2:
	.long	otp_cs
.Lcpi_end15:
	.size	__arm_cp.6_2, .Lcpi_end15-__arm_cp.6_2
.Lfunc_end6:
	.size	otp_cs_load_pd_rad, .Lfunc_end6-otp_cs_load_pd_rad
	.cfi_endproc
	.cantunwind
	.fnend
                                        @ -- End function
	.hidden	otp_cs_load_pd_adpll            @ -- Begin function otp_cs_load_pd_adpll
	.globl	otp_cs_load_pd_adpll
	.p2align	2
	.type	otp_cs_load_pd_adpll,%function
	.code	16                              @ @otp_cs_load_pd_adpll
	.thumb_func
otp_cs_load_pd_adpll:
.Lfunc_begin7:
	.loc	1 734 0 is_stmt 1               @ ../../../../../sdk/platform/utilities/otp_cs/otp_cs.c:734:0
	.fnstart
	.cfi_startproc
@ %bb.0:
	.save	{r4, lr}
	push	{r4, lr}
	.cfi_def_cfa_offset 8
	.cfi_offset lr, -4
	.cfi_offset r4, -8
.Ltmp80:
	.loc	1 738 18 prologue_end           @ ../../../../../sdk/platform/utilities/otp_cs/otp_cs.c:738:18
	ldr	r4, __arm_cp.7_0
	ldrb	r0, [r4]
	adds	r0, r0, #1
	strb	r0, [r4]
	.loc	1 740 39                        @ ../../../../../sdk/platform/utilities/otp_cs/otp_cs.c:740:39
	ldr	r2, __arm_cp.7_1
	ldr	r1, [r2, #4]
	.loc	1 740 51 is_stmt 0              @ ../../../../../sdk/platform/utilities/otp_cs/otp_cs.c:740:51
	ldrb	r2, [r2]
	.loc	1 740 5                         @ ../../../../../sdk/platform/utilities/otp_cs/otp_cs.c:740:5
	uxtb	r3, r0
	ldr	r0, __arm_cp.7_2
	bl	otp_cs_load_pd_adpll_ROM
.Ltmp81:
	.loc	1 743 18 is_stmt 1              @ ../../../../../sdk/platform/utilities/otp_cs/otp_cs.c:743:18
	ldrb	r0, [r4]
	subs	r0, r0, #1
	strb	r0, [r4]
	.loc	1 745 1 epilogue_begin          @ ../../../../../sdk/platform/utilities/otp_cs/otp_cs.c:745:1
	pop	{r4, pc}
.Ltmp82:
	.loc	1 0 1 is_stmt 0                 @ :0:1
.Ltmp83:
	.p2align	2
@ %bb.1:
__arm_cp.7_0:
	.long	rf_tx_pwr_lvl
.Lcpi_end16:
	.size	__arm_cp.7_0, .Lcpi_end16-__arm_cp.7_0
__arm_cp.7_1:
	.long	.L_MergedGlobals
.Lcpi_end17:
	.size	__arm_cp.7_1, .Lcpi_end17-__arm_cp.7_1
__arm_cp.7_2:
	.long	otp_cs
.Lcpi_end18:
	.size	__arm_cp.7_2, .Lcpi_end18-__arm_cp.7_2
.Lfunc_end7:
	.size	otp_cs_load_pd_adpll, .Lfunc_end7-otp_cs_load_pd_adpll
	.cfi_endproc
	.cantunwind
	.fnend
                                        @ -- End function
	.hidden	booter_val                      @ @booter_val
	.type	booter_val,%object
	.section	otp_cs_booter,"aw",%progbits
	.globl	booter_val
	.p2align	1, 0x0
booter_val:
	.short	0                               @ 0x0
	.short	0                               @ 0x0
	.short	1936                            @ 0x790
	.short	14                              @ 0xe
	.size	booter_val, 8

	.hidden	otp_cs                          @ @otp_cs
	.type	otp_cs,%object
	.section	.bss.retention_mem_area0,"aw",%nobits
	.globl	otp_cs
	.p2align	2, 0x0
otp_cs:
	.zero	140
	.size	otp_cs, 140

	.type	.L_MergedGlobals,%object        @ @_MergedGlobals
	.section	.bss..L_MergedGlobals,"aw",%nobits
	.p2align	2, 0x0
.L_MergedGlobals:
	.zero	8
	.size	.L_MergedGlobals, 8

	.globl	cfg_enhanced_tx_pwr_ctrl
	.hidden	cfg_enhanced_tx_pwr_ctrl
.set cfg_enhanced_tx_pwr_ctrl, .L_MergedGlobals
	.size	cfg_enhanced_tx_pwr_ctrl, 1
.set txdiv_trim, .L_MergedGlobals+4
	.size	txdiv_trim, 4
	.section	.debug_loc,"",%progbits
.Ldebug_loc0:
	.long	.Lfunc_begin0-.Lfunc_begin0
	.long	.Ltmp2-.Lfunc_begin0
	.short	1                               @ Loc expr size
	.byte	80                              @ DW_OP_reg0
	.long	.Ltmp2-.Lfunc_begin0
	.long	.Ltmp19-.Lfunc_begin0
	.short	4                               @ Loc expr size
	.byte	243                             @ DW_OP_GNU_entry_value
	.byte	1                               @ 1
	.byte	80                              @ DW_OP_reg0
	.byte	159                             @ DW_OP_stack_value
	.long	0
	.long	0
.Ldebug_loc1:
	.long	.Lfunc_begin0-.Lfunc_begin0
	.long	.Ltmp4-.Lfunc_begin0
	.short	1                               @ Loc expr size
	.byte	81                              @ DW_OP_reg1
	.long	.Ltmp4-.Lfunc_begin0
	.long	.Ltmp19-.Lfunc_begin0
	.short	4                               @ Loc expr size
	.byte	243                             @ DW_OP_GNU_entry_value
	.byte	1                               @ 1
	.byte	81                              @ DW_OP_reg1
	.byte	159                             @ DW_OP_stack_value
	.long	0
	.long	0
.Ldebug_loc2:
	.long	.Lfunc_begin0-.Lfunc_begin0
	.long	.Ltmp5-.Lfunc_begin0
	.short	1                               @ Loc expr size
	.byte	82                              @ DW_OP_reg2
	.long	.Ltmp5-.Lfunc_begin0
	.long	.Ltmp19-.Lfunc_begin0
	.short	4                               @ Loc expr size
	.byte	243                             @ DW_OP_GNU_entry_value
	.byte	1                               @ 1
	.byte	82                              @ DW_OP_reg2
	.byte	159                             @ DW_OP_stack_value
	.long	0
	.long	0
.Ldebug_loc3:
	.long	.Ltmp3-.Lfunc_begin0
	.long	.Ltmp8-.Lfunc_begin0
	.short	1                               @ Loc expr size
	.byte	80                              @ DW_OP_reg0
	.long	.Ltmp8-.Lfunc_begin0
	.long	.Ltmp19-.Lfunc_begin0
	.short	3                               @ Loc expr size
	.byte	112                             @ DW_OP_breg0
	.byte	4                               @ 4
	.byte	159                             @ DW_OP_stack_value
	.long	0
	.long	0
.Ldebug_loc4:
	.long	.Ltmp5-.Lfunc_begin0
	.long	.Ltmp19-.Lfunc_begin0
	.short	1                               @ Loc expr size
	.byte	81                              @ DW_OP_reg1
	.long	0
	.long	0
.Ldebug_loc5:
	.long	.Ltmp7-.Lfunc_begin0
	.long	.Ltmp16-.Lfunc_begin0
	.short	1                               @ Loc expr size
	.byte	84                              @ DW_OP_reg4
	.long	0
	.long	0
.Ldebug_loc6:
	.long	.Ltmp8-.Lfunc_begin0
	.long	.Ltmp19-.Lfunc_begin0
	.short	1                               @ Loc expr size
	.byte	83                              @ DW_OP_reg3
	.long	0
	.long	0
.Ldebug_loc7:
	.long	.Ltmp9-.Lfunc_begin0
	.long	.Ltmp10-.Lfunc_begin0
	.short	2                               @ Loc expr size
	.byte	48                              @ DW_OP_lit0
	.byte	159                             @ DW_OP_stack_value
	.long	.Ltmp10-.Lfunc_begin0
	.long	.Ltmp13-.Lfunc_begin0
	.short	6                               @ Loc expr size
	.byte	118                             @ DW_OP_breg6
	.byte	0                               @ 0
	.byte	17                              @ DW_OP_consts
	.byte	8                               @ 8
	.byte	27                              @ DW_OP_div
	.byte	159                             @ DW_OP_stack_value
	.long	0
	.long	0
.Ldebug_loc8:
	.long	.Ltmp40-.Lfunc_begin0
	.long	.Ltmp41-.Lfunc_begin0
	.short	1                               @ Loc expr size
	.byte	82                              @ DW_OP_reg2
	.long	0
	.long	0
.Ldebug_loc9:
	.long	.Lfunc_begin2-.Lfunc_begin0
	.long	.Ltmp46-.Lfunc_begin0
	.short	1                               @ Loc expr size
	.byte	81                              @ DW_OP_reg1
	.long	.Ltmp46-.Lfunc_begin0
	.long	.Ltmp48-.Lfunc_begin0
	.short	4                               @ Loc expr size
	.byte	243                             @ DW_OP_GNU_entry_value
	.byte	1                               @ 1
	.byte	81                              @ DW_OP_reg1
	.byte	159                             @ DW_OP_stack_value
	.long	0
	.long	0
.Ldebug_loc10:
	.long	.Lfunc_begin2-.Lfunc_begin0
	.long	.Ltmp47-.Lfunc_begin0
	.short	1                               @ Loc expr size
	.byte	82                              @ DW_OP_reg2
	.long	.Ltmp47-.Lfunc_begin0
	.long	.Ltmp48-.Lfunc_begin0
	.short	4                               @ Loc expr size
	.byte	243                             @ DW_OP_GNU_entry_value
	.byte	1                               @ 1
	.byte	82                              @ DW_OP_reg2
	.byte	159                             @ DW_OP_stack_value
	.long	0
	.long	0
.Ldebug_loc11:
	.long	.Lfunc_begin3-.Lfunc_begin0
	.long	.Ltmp50-.Lfunc_begin0
	.short	1                               @ Loc expr size
	.byte	81                              @ DW_OP_reg1
	.long	.Ltmp50-.Lfunc_begin0
	.long	.Ltmp57-.Lfunc_begin0
	.short	1                               @ Loc expr size
	.byte	84                              @ DW_OP_reg4
	.long	0
	.long	0
.Ldebug_loc12:
	.long	.Lfunc_begin3-.Lfunc_begin0
	.long	.Ltmp52-.Lfunc_begin0
	.short	1                               @ Loc expr size
	.byte	82                              @ DW_OP_reg2
	.long	.Ltmp52-.Lfunc_begin0
	.long	.Ltmp57-.Lfunc_begin0
	.short	4                               @ Loc expr size
	.byte	243                             @ DW_OP_GNU_entry_value
	.byte	1                               @ 1
	.byte	82                              @ DW_OP_reg2
	.byte	159                             @ DW_OP_stack_value
	.long	0
	.long	0
.Ldebug_loc13:
	.long	.Lfunc_begin4-.Lfunc_begin0
	.long	.Ltmp59-.Lfunc_begin0
	.short	1                               @ Loc expr size
	.byte	81                              @ DW_OP_reg1
	.long	.Ltmp59-.Lfunc_begin0
	.long	.Ltmp66-.Lfunc_begin0
	.short	1                               @ Loc expr size
	.byte	84                              @ DW_OP_reg4
	.long	0
	.long	0
.Ldebug_loc14:
	.long	.Lfunc_begin4-.Lfunc_begin0
	.long	.Ltmp61-.Lfunc_begin0
	.short	1                               @ Loc expr size
	.byte	82                              @ DW_OP_reg2
	.long	.Ltmp61-.Lfunc_begin0
	.long	.Ltmp66-.Lfunc_begin0
	.short	4                               @ Loc expr size
	.byte	243                             @ DW_OP_GNU_entry_value
	.byte	1                               @ 1
	.byte	82                              @ DW_OP_reg2
	.byte	159                             @ DW_OP_stack_value
	.long	0
	.long	0
.Ldebug_loc15:
	.long	.Lfunc_begin5-.Lfunc_begin0
	.long	.Ltmp71-.Lfunc_begin0
	.short	1                               @ Loc expr size
	.byte	82                              @ DW_OP_reg2
	.long	.Ltmp71-.Lfunc_begin0
	.long	.Ltmp74-.Lfunc_begin0
	.short	4                               @ Loc expr size
	.byte	243                             @ DW_OP_GNU_entry_value
	.byte	1                               @ 1
	.byte	82                              @ DW_OP_reg2
	.byte	159                             @ DW_OP_stack_value
	.long	0
	.long	0
.Ldebug_loc16:
	.long	.Ltmp69-.Lfunc_begin0
	.long	.Ltmp73-.Lfunc_begin0
	.short	3                               @ Loc expr size
	.byte	113                             @ DW_OP_breg1
	.byte	0                               @ 0
	.byte	159                             @ DW_OP_stack_value
	.long	0
	.long	0
.Ldebug_loc17:
	.long	.Ltmp70-.Lfunc_begin0
	.long	.Ltmp72-.Lfunc_begin0
	.short	1                               @ Loc expr size
	.byte	80                              @ DW_OP_reg0
	.long	0
	.long	0
	.section	.debug_abbrev,"",%progbits
	.byte	1                               @ Abbreviation Code
	.byte	17                              @ DW_TAG_compile_unit
	.byte	1                               @ DW_CHILDREN_yes
	.byte	37                              @ DW_AT_producer
	.byte	14                              @ DW_FORM_strp
	.byte	19                              @ DW_AT_language
	.byte	5                               @ DW_FORM_data2
	.byte	3                               @ DW_AT_name
	.byte	14                              @ DW_FORM_strp
	.byte	16                              @ DW_AT_stmt_list
	.byte	23                              @ DW_FORM_sec_offset
	.byte	27                              @ DW_AT_comp_dir
	.byte	14                              @ DW_FORM_strp
	.byte	17                              @ DW_AT_low_pc
	.byte	1                               @ DW_FORM_addr
	.byte	18                              @ DW_AT_high_pc
	.byte	6                               @ DW_FORM_data4
	.byte	0                               @ EOM(1)
	.byte	0                               @ EOM(2)
	.byte	2                               @ Abbreviation Code
	.byte	52                              @ DW_TAG_variable
	.byte	0                               @ DW_CHILDREN_no
	.byte	3                               @ DW_AT_name
	.byte	14                              @ DW_FORM_strp
	.byte	73                              @ DW_AT_type
	.byte	19                              @ DW_FORM_ref4
	.byte	63                              @ DW_AT_external
	.byte	25                              @ DW_FORM_flag_present
	.byte	58                              @ DW_AT_decl_file
	.byte	11                              @ DW_FORM_data1
	.byte	59                              @ DW_AT_decl_line
	.byte	11                              @ DW_FORM_data1
	.byte	2                               @ DW_AT_location
	.byte	24                              @ DW_FORM_exprloc
	.byte	0                               @ EOM(1)
	.byte	0                               @ EOM(2)
	.byte	3                               @ Abbreviation Code
	.byte	36                              @ DW_TAG_base_type
	.byte	0                               @ DW_CHILDREN_no
	.byte	3                               @ DW_AT_name
	.byte	14                              @ DW_FORM_strp
	.byte	62                              @ DW_AT_encoding
	.byte	11                              @ DW_FORM_data1
	.byte	11                              @ DW_AT_byte_size
	.byte	11                              @ DW_FORM_data1
	.byte	0                               @ EOM(1)
	.byte	0                               @ EOM(2)
	.byte	4                               @ Abbreviation Code
	.byte	22                              @ DW_TAG_typedef
	.byte	0                               @ DW_CHILDREN_no
	.byte	73                              @ DW_AT_type
	.byte	19                              @ DW_FORM_ref4
	.byte	3                               @ DW_AT_name
	.byte	14                              @ DW_FORM_strp
	.byte	58                              @ DW_AT_decl_file
	.byte	11                              @ DW_FORM_data1
	.byte	59                              @ DW_AT_decl_line
	.byte	5                               @ DW_FORM_data2
	.byte	0                               @ EOM(1)
	.byte	0                               @ EOM(2)
	.byte	5                               @ Abbreviation Code
	.byte	19                              @ DW_TAG_structure_type
	.byte	1                               @ DW_CHILDREN_yes
	.byte	11                              @ DW_AT_byte_size
	.byte	11                              @ DW_FORM_data1
	.byte	58                              @ DW_AT_decl_file
	.byte	11                              @ DW_FORM_data1
	.byte	59                              @ DW_AT_decl_line
	.byte	5                               @ DW_FORM_data2
	.byte	0                               @ EOM(1)
	.byte	0                               @ EOM(2)
	.byte	6                               @ Abbreviation Code
	.byte	13                              @ DW_TAG_member
	.byte	0                               @ DW_CHILDREN_no
	.byte	3                               @ DW_AT_name
	.byte	14                              @ DW_FORM_strp
	.byte	73                              @ DW_AT_type
	.byte	19                              @ DW_FORM_ref4
	.byte	58                              @ DW_AT_decl_file
	.byte	11                              @ DW_FORM_data1
	.byte	59                              @ DW_AT_decl_line
	.byte	5                               @ DW_FORM_data2
	.byte	56                              @ DW_AT_data_member_location
	.byte	11                              @ DW_FORM_data1
	.byte	0                               @ EOM(1)
	.byte	0                               @ EOM(2)
	.byte	7                               @ Abbreviation Code
	.byte	22                              @ DW_TAG_typedef
	.byte	0                               @ DW_CHILDREN_no
	.byte	73                              @ DW_AT_type
	.byte	19                              @ DW_FORM_ref4
	.byte	3                               @ DW_AT_name
	.byte	14                              @ DW_FORM_strp
	.byte	58                              @ DW_AT_decl_file
	.byte	11                              @ DW_FORM_data1
	.byte	59                              @ DW_AT_decl_line
	.byte	11                              @ DW_FORM_data1
	.byte	0                               @ EOM(1)
	.byte	0                               @ EOM(2)
	.byte	8                               @ Abbreviation Code
	.byte	19                              @ DW_TAG_structure_type
	.byte	1                               @ DW_CHILDREN_yes
	.byte	11                              @ DW_AT_byte_size
	.byte	11                              @ DW_FORM_data1
	.byte	58                              @ DW_AT_decl_file
	.byte	11                              @ DW_FORM_data1
	.byte	59                              @ DW_AT_decl_line
	.byte	11                              @ DW_FORM_data1
	.byte	0                               @ EOM(1)
	.byte	0                               @ EOM(2)
	.byte	9                               @ Abbreviation Code
	.byte	13                              @ DW_TAG_member
	.byte	0                               @ DW_CHILDREN_no
	.byte	3                               @ DW_AT_name
	.byte	14                              @ DW_FORM_strp
	.byte	73                              @ DW_AT_type
	.byte	19                              @ DW_FORM_ref4
	.byte	58                              @ DW_AT_decl_file
	.byte	11                              @ DW_FORM_data1
	.byte	59                              @ DW_AT_decl_line
	.byte	11                              @ DW_FORM_data1
	.byte	56                              @ DW_AT_data_member_location
	.byte	11                              @ DW_FORM_data1
	.byte	0                               @ EOM(1)
	.byte	0                               @ EOM(2)
	.byte	10                              @ Abbreviation Code
	.byte	1                               @ DW_TAG_array_type
	.byte	1                               @ DW_CHILDREN_yes
	.byte	73                              @ DW_AT_type
	.byte	19                              @ DW_FORM_ref4
	.byte	0                               @ EOM(1)
	.byte	0                               @ EOM(2)
	.byte	11                              @ Abbreviation Code
	.byte	33                              @ DW_TAG_subrange_type
	.byte	0                               @ DW_CHILDREN_no
	.byte	73                              @ DW_AT_type
	.byte	19                              @ DW_FORM_ref4
	.byte	55                              @ DW_AT_count
	.byte	11                              @ DW_FORM_data1
	.byte	0                               @ EOM(1)
	.byte	0                               @ EOM(2)
	.byte	12                              @ Abbreviation Code
	.byte	36                              @ DW_TAG_base_type
	.byte	0                               @ DW_CHILDREN_no
	.byte	3                               @ DW_AT_name
	.byte	14                              @ DW_FORM_strp
	.byte	11                              @ DW_AT_byte_size
	.byte	11                              @ DW_FORM_data1
	.byte	62                              @ DW_AT_encoding
	.byte	11                              @ DW_FORM_data1
	.byte	0                               @ EOM(1)
	.byte	0                               @ EOM(2)
	.byte	13                              @ Abbreviation Code
	.byte	52                              @ DW_TAG_variable
	.byte	0                               @ DW_CHILDREN_no
	.byte	3                               @ DW_AT_name
	.byte	14                              @ DW_FORM_strp
	.byte	73                              @ DW_AT_type
	.byte	19                              @ DW_FORM_ref4
	.byte	58                              @ DW_AT_decl_file
	.byte	11                              @ DW_FORM_data1
	.byte	59                              @ DW_AT_decl_line
	.byte	11                              @ DW_FORM_data1
	.byte	2                               @ DW_AT_location
	.byte	24                              @ DW_FORM_exprloc
	.byte	0                               @ EOM(1)
	.byte	0                               @ EOM(2)
	.byte	14                              @ Abbreviation Code
	.byte	4                               @ DW_TAG_enumeration_type
	.byte	1                               @ DW_CHILDREN_yes
	.byte	73                              @ DW_AT_type
	.byte	19                              @ DW_FORM_ref4
	.byte	11                              @ DW_AT_byte_size
	.byte	11                              @ DW_FORM_data1
	.byte	58                              @ DW_AT_decl_file
	.byte	11                              @ DW_FORM_data1
	.byte	59                              @ DW_AT_decl_line
	.byte	11                              @ DW_FORM_data1
	.byte	0                               @ EOM(1)
	.byte	0                               @ EOM(2)
	.byte	15                              @ Abbreviation Code
	.byte	40                              @ DW_TAG_enumerator
	.byte	0                               @ DW_CHILDREN_no
	.byte	3                               @ DW_AT_name
	.byte	14                              @ DW_FORM_strp
	.byte	28                              @ DW_AT_const_value
	.byte	15                              @ DW_FORM_udata
	.byte	0                               @ EOM(1)
	.byte	0                               @ EOM(2)
	.byte	16                              @ Abbreviation Code
	.byte	15                              @ DW_TAG_pointer_type
	.byte	0                               @ DW_CHILDREN_no
	.byte	73                              @ DW_AT_type
	.byte	19                              @ DW_FORM_ref4
	.byte	0                               @ EOM(1)
	.byte	0                               @ EOM(2)
	.byte	17                              @ Abbreviation Code
	.byte	53                              @ DW_TAG_volatile_type
	.byte	0                               @ DW_CHILDREN_no
	.byte	73                              @ DW_AT_type
	.byte	19                              @ DW_FORM_ref4
	.byte	0                               @ EOM(1)
	.byte	0                               @ EOM(2)
	.byte	18                              @ Abbreviation Code
	.byte	15                              @ DW_TAG_pointer_type
	.byte	0                               @ DW_CHILDREN_no
	.byte	0                               @ EOM(1)
	.byte	0                               @ EOM(2)
	.byte	19                              @ Abbreviation Code
	.byte	46                              @ DW_TAG_subprogram
	.byte	1                               @ DW_CHILDREN_yes
	.byte	17                              @ DW_AT_low_pc
	.byte	1                               @ DW_FORM_addr
	.byte	18                              @ DW_AT_high_pc
	.byte	6                               @ DW_FORM_data4
	.byte	64                              @ DW_AT_frame_base
	.byte	24                              @ DW_FORM_exprloc
	.ascii	"\227B"                         @ DW_AT_GNU_all_call_sites
	.byte	25                              @ DW_FORM_flag_present
	.byte	3                               @ DW_AT_name
	.byte	14                              @ DW_FORM_strp
	.byte	58                              @ DW_AT_decl_file
	.byte	11                              @ DW_FORM_data1
	.byte	59                              @ DW_AT_decl_line
	.byte	5                               @ DW_FORM_data2
	.byte	39                              @ DW_AT_prototyped
	.byte	25                              @ DW_FORM_flag_present
	.byte	63                              @ DW_AT_external
	.byte	25                              @ DW_FORM_flag_present
	.byte	0                               @ EOM(1)
	.byte	0                               @ EOM(2)
	.byte	20                              @ Abbreviation Code
	.byte	5                               @ DW_TAG_formal_parameter
	.byte	0                               @ DW_CHILDREN_no
	.byte	2                               @ DW_AT_location
	.byte	23                              @ DW_FORM_sec_offset
	.byte	3                               @ DW_AT_name
	.byte	14                              @ DW_FORM_strp
	.byte	58                              @ DW_AT_decl_file
	.byte	11                              @ DW_FORM_data1
	.byte	59                              @ DW_AT_decl_line
	.byte	5                               @ DW_FORM_data2
	.byte	73                              @ DW_AT_type
	.byte	19                              @ DW_FORM_ref4
	.byte	0                               @ EOM(1)
	.byte	0                               @ EOM(2)
	.byte	21                              @ Abbreviation Code
	.byte	11                              @ DW_TAG_lexical_block
	.byte	1                               @ DW_CHILDREN_yes
	.byte	17                              @ DW_AT_low_pc
	.byte	1                               @ DW_FORM_addr
	.byte	18                              @ DW_AT_high_pc
	.byte	6                               @ DW_FORM_data4
	.byte	0                               @ EOM(1)
	.byte	0                               @ EOM(2)
	.byte	22                              @ Abbreviation Code
	.byte	52                              @ DW_TAG_variable
	.byte	0                               @ DW_CHILDREN_no
	.byte	2                               @ DW_AT_location
	.byte	23                              @ DW_FORM_sec_offset
	.byte	3                               @ DW_AT_name
	.byte	14                              @ DW_FORM_strp
	.byte	58                              @ DW_AT_decl_file
	.byte	11                              @ DW_FORM_data1
	.byte	59                              @ DW_AT_decl_line
	.byte	5                               @ DW_FORM_data2
	.byte	73                              @ DW_AT_type
	.byte	19                              @ DW_FORM_ref4
	.byte	0                               @ EOM(1)
	.byte	0                               @ EOM(2)
	.byte	23                              @ Abbreviation Code
	.byte	46                              @ DW_TAG_subprogram
	.byte	1                               @ DW_CHILDREN_yes
	.byte	3                               @ DW_AT_name
	.byte	14                              @ DW_FORM_strp
	.byte	58                              @ DW_AT_decl_file
	.byte	11                              @ DW_FORM_data1
	.byte	59                              @ DW_AT_decl_line
	.byte	11                              @ DW_FORM_data1
	.byte	39                              @ DW_AT_prototyped
	.byte	25                              @ DW_FORM_flag_present
	.byte	32                              @ DW_AT_inline
	.byte	11                              @ DW_FORM_data1
	.byte	0                               @ EOM(1)
	.byte	0                               @ EOM(2)
	.byte	24                              @ Abbreviation Code
	.byte	52                              @ DW_TAG_variable
	.byte	0                               @ DW_CHILDREN_no
	.byte	3                               @ DW_AT_name
	.byte	14                              @ DW_FORM_strp
	.byte	58                              @ DW_AT_decl_file
	.byte	11                              @ DW_FORM_data1
	.byte	59                              @ DW_AT_decl_line
	.byte	11                              @ DW_FORM_data1
	.byte	73                              @ DW_AT_type
	.byte	19                              @ DW_FORM_ref4
	.byte	0                               @ EOM(1)
	.byte	0                               @ EOM(2)
	.byte	25                              @ Abbreviation Code
	.byte	46                              @ DW_TAG_subprogram
	.byte	1                               @ DW_CHILDREN_yes
	.byte	17                              @ DW_AT_low_pc
	.byte	1                               @ DW_FORM_addr
	.byte	18                              @ DW_AT_high_pc
	.byte	6                               @ DW_FORM_data4
	.byte	64                              @ DW_AT_frame_base
	.byte	24                              @ DW_FORM_exprloc
	.ascii	"\227B"                         @ DW_AT_GNU_all_call_sites
	.byte	25                              @ DW_FORM_flag_present
	.byte	3                               @ DW_AT_name
	.byte	14                              @ DW_FORM_strp
	.byte	58                              @ DW_AT_decl_file
	.byte	11                              @ DW_FORM_data1
	.byte	59                              @ DW_AT_decl_line
	.byte	5                               @ DW_FORM_data2
	.byte	39                              @ DW_AT_prototyped
	.byte	25                              @ DW_FORM_flag_present
	.byte	73                              @ DW_AT_type
	.byte	19                              @ DW_FORM_ref4
	.byte	63                              @ DW_AT_external
	.byte	25                              @ DW_FORM_flag_present
	.byte	0                               @ EOM(1)
	.byte	0                               @ EOM(2)
	.byte	26                              @ Abbreviation Code
	.byte	52                              @ DW_TAG_variable
	.byte	0                               @ DW_CHILDREN_no
	.byte	2                               @ DW_AT_location
	.byte	24                              @ DW_FORM_exprloc
	.byte	3                               @ DW_AT_name
	.byte	14                              @ DW_FORM_strp
	.byte	58                              @ DW_AT_decl_file
	.byte	11                              @ DW_FORM_data1
	.byte	59                              @ DW_AT_decl_line
	.byte	5                               @ DW_FORM_data2
	.byte	73                              @ DW_AT_type
	.byte	19                              @ DW_FORM_ref4
	.byte	0                               @ EOM(1)
	.byte	0                               @ EOM(2)
	.byte	27                              @ Abbreviation Code
	.byte	52                              @ DW_TAG_variable
	.byte	0                               @ DW_CHILDREN_no
	.byte	3                               @ DW_AT_name
	.byte	14                              @ DW_FORM_strp
	.byte	58                              @ DW_AT_decl_file
	.byte	11                              @ DW_FORM_data1
	.byte	59                              @ DW_AT_decl_line
	.byte	5                               @ DW_FORM_data2
	.byte	73                              @ DW_AT_type
	.byte	19                              @ DW_FORM_ref4
	.byte	0                               @ EOM(1)
	.byte	0                               @ EOM(2)
	.byte	28                              @ Abbreviation Code
	.byte	29                              @ DW_TAG_inlined_subroutine
	.byte	1                               @ DW_CHILDREN_yes
	.byte	49                              @ DW_AT_abstract_origin
	.byte	19                              @ DW_FORM_ref4
	.byte	17                              @ DW_AT_low_pc
	.byte	1                               @ DW_FORM_addr
	.byte	18                              @ DW_AT_high_pc
	.byte	6                               @ DW_FORM_data4
	.byte	88                              @ DW_AT_call_file
	.byte	11                              @ DW_FORM_data1
	.byte	89                              @ DW_AT_call_line
	.byte	5                               @ DW_FORM_data2
	.byte	87                              @ DW_AT_call_column
	.byte	11                              @ DW_FORM_data1
	.byte	0                               @ EOM(1)
	.byte	0                               @ EOM(2)
	.byte	29                              @ Abbreviation Code
	.byte	52                              @ DW_TAG_variable
	.byte	0                               @ DW_CHILDREN_no
	.byte	2                               @ DW_AT_location
	.byte	23                              @ DW_FORM_sec_offset
	.byte	49                              @ DW_AT_abstract_origin
	.byte	19                              @ DW_FORM_ref4
	.byte	0                               @ EOM(1)
	.byte	0                               @ EOM(2)
	.byte	30                              @ Abbreviation Code
	.byte	46                              @ DW_TAG_subprogram
	.byte	1                               @ DW_CHILDREN_yes
	.byte	17                              @ DW_AT_low_pc
	.byte	1                               @ DW_FORM_addr
	.byte	18                              @ DW_AT_high_pc
	.byte	6                               @ DW_FORM_data4
	.byte	64                              @ DW_AT_frame_base
	.byte	24                              @ DW_FORM_exprloc
	.ascii	"\227B"                         @ DW_AT_GNU_all_call_sites
	.byte	25                              @ DW_FORM_flag_present
	.byte	3                               @ DW_AT_name
	.byte	14                              @ DW_FORM_strp
	.byte	58                              @ DW_AT_decl_file
	.byte	11                              @ DW_FORM_data1
	.byte	59                              @ DW_AT_decl_line
	.byte	5                               @ DW_FORM_data2
	.byte	39                              @ DW_AT_prototyped
	.byte	25                              @ DW_FORM_flag_present
	.byte	0                               @ EOM(1)
	.byte	0                               @ EOM(2)
	.byte	31                              @ Abbreviation Code
	.byte	5                               @ DW_TAG_formal_parameter
	.byte	0                               @ DW_CHILDREN_no
	.byte	3                               @ DW_AT_name
	.byte	14                              @ DW_FORM_strp
	.byte	58                              @ DW_AT_decl_file
	.byte	11                              @ DW_FORM_data1
	.byte	59                              @ DW_AT_decl_line
	.byte	5                               @ DW_FORM_data2
	.byte	73                              @ DW_AT_type
	.byte	19                              @ DW_FORM_ref4
	.byte	0                               @ EOM(1)
	.byte	0                               @ EOM(2)
	.byte	32                              @ Abbreviation Code
	.byte	46                              @ DW_TAG_subprogram
	.byte	0                               @ DW_CHILDREN_no
	.byte	17                              @ DW_AT_low_pc
	.byte	1                               @ DW_FORM_addr
	.byte	18                              @ DW_AT_high_pc
	.byte	6                               @ DW_FORM_data4
	.byte	64                              @ DW_AT_frame_base
	.byte	24                              @ DW_FORM_exprloc
	.ascii	"\227B"                         @ DW_AT_GNU_all_call_sites
	.byte	25                              @ DW_FORM_flag_present
	.byte	3                               @ DW_AT_name
	.byte	14                              @ DW_FORM_strp
	.byte	58                              @ DW_AT_decl_file
	.byte	11                              @ DW_FORM_data1
	.byte	59                              @ DW_AT_decl_line
	.byte	5                               @ DW_FORM_data2
	.byte	39                              @ DW_AT_prototyped
	.byte	25                              @ DW_FORM_flag_present
	.byte	63                              @ DW_AT_external
	.byte	25                              @ DW_FORM_flag_present
	.byte	0                               @ EOM(1)
	.byte	0                               @ EOM(2)
	.byte	33                              @ Abbreviation Code
	.byte	21                              @ DW_TAG_subroutine_type
	.byte	1                               @ DW_CHILDREN_yes
	.byte	39                              @ DW_AT_prototyped
	.byte	25                              @ DW_FORM_flag_present
	.byte	0                               @ EOM(1)
	.byte	0                               @ EOM(2)
	.byte	34                              @ Abbreviation Code
	.byte	5                               @ DW_TAG_formal_parameter
	.byte	0                               @ DW_CHILDREN_no
	.byte	73                              @ DW_AT_type
	.byte	19                              @ DW_FORM_ref4
	.byte	0                               @ EOM(1)
	.byte	0                               @ EOM(2)
	.byte	0                               @ EOM(3)
	.section	.debug_info,"",%progbits
.Lcu_begin0:
	.long	.Ldebug_info_end0-.Ldebug_info_start0 @ Length of Unit
.Ldebug_info_start0:
	.short	4                               @ DWARF version number
	.long	.debug_abbrev                   @ Offset Into Abbrev. Section
	.byte	4                               @ Address Size (in bytes)
	.byte	1                               @ Abbrev [1] 0xb:0x5b0 DW_TAG_compile_unit
	.long	.Linfo_string0                  @ DW_AT_producer
	.short	12                              @ DW_AT_language
	.long	.Linfo_string1                  @ DW_AT_name
	.long	.Lline_table_start0             @ DW_AT_stmt_list
	.long	.Linfo_string2                  @ DW_AT_comp_dir
	.long	.Lfunc_begin0                   @ DW_AT_low_pc
	.long	.Lfunc_end7-.Lfunc_begin0       @ DW_AT_high_pc
	.byte	2                               @ Abbrev [2] 0x26:0x11 DW_TAG_variable
	.long	.Linfo_string3                  @ DW_AT_name
	.long	55                              @ DW_AT_type
                                        @ DW_AT_external
	.byte	1                               @ DW_AT_decl_file
	.byte	96                              @ DW_AT_decl_line
	.byte	5                               @ DW_AT_location
	.byte	3
	.long	.L_MergedGlobals
	.byte	3                               @ Abbrev [3] 0x37:0x7 DW_TAG_base_type
	.long	.Linfo_string4                  @ DW_AT_name
	.byte	2                               @ DW_AT_encoding
	.byte	1                               @ DW_AT_byte_size
	.byte	2                               @ Abbrev [2] 0x3e:0x11 DW_TAG_variable
	.long	.Linfo_string5                  @ DW_AT_name
	.long	79                              @ DW_AT_type
                                        @ DW_AT_external
	.byte	1                               @ DW_AT_decl_file
	.byte	107                             @ DW_AT_decl_line
	.byte	5                               @ DW_AT_location
	.byte	3
	.long	booter_val
	.byte	4                               @ Abbrev [4] 0x4f:0xc DW_TAG_typedef
	.long	91                              @ DW_AT_type
	.long	.Linfo_string12                 @ DW_AT_name
	.byte	3                               @ DW_AT_decl_file
	.short	280                             @ DW_AT_decl_line
	.byte	5                               @ Abbrev [5] 0x5b:0x3a DW_TAG_structure_type
	.byte	8                               @ DW_AT_byte_size
	.byte	3                               @ DW_AT_decl_file
	.short	259                             @ DW_AT_decl_line
	.byte	6                               @ Abbrev [6] 0x60:0xd DW_TAG_member
	.long	.Linfo_string6                  @ DW_AT_name
	.long	149                             @ DW_AT_type
	.byte	3                               @ DW_AT_decl_file
	.short	262                             @ DW_AT_decl_line
	.byte	0                               @ DW_AT_data_member_location
	.byte	6                               @ Abbrev [6] 0x6d:0xd DW_TAG_member
	.long	.Linfo_string9                  @ DW_AT_name
	.long	149                             @ DW_AT_type
	.byte	3                               @ DW_AT_decl_file
	.short	265                             @ DW_AT_decl_line
	.byte	2                               @ DW_AT_data_member_location
	.byte	6                               @ Abbrev [6] 0x7a:0xd DW_TAG_member
	.long	.Linfo_string10                 @ DW_AT_name
	.long	149                             @ DW_AT_type
	.byte	3                               @ DW_AT_decl_file
	.short	268                             @ DW_AT_decl_line
	.byte	4                               @ DW_AT_data_member_location
	.byte	6                               @ Abbrev [6] 0x87:0xd DW_TAG_member
	.long	.Linfo_string11                 @ DW_AT_name
	.long	149                             @ DW_AT_type
	.byte	3                               @ DW_AT_decl_file
	.short	271                             @ DW_AT_decl_line
	.byte	6                               @ DW_AT_data_member_location
	.byte	0                               @ End Of Children Mark
	.byte	7                               @ Abbrev [7] 0x95:0xb DW_TAG_typedef
	.long	160                             @ DW_AT_type
	.long	.Linfo_string8                  @ DW_AT_name
	.byte	2                               @ DW_AT_decl_file
	.byte	63                              @ DW_AT_decl_line
	.byte	3                               @ Abbrev [3] 0xa0:0x7 DW_TAG_base_type
	.long	.Linfo_string7                  @ DW_AT_name
	.byte	7                               @ DW_AT_encoding
	.byte	2                               @ DW_AT_byte_size
	.byte	2                               @ Abbrev [2] 0xa7:0x11 DW_TAG_variable
	.long	.Linfo_string13                 @ DW_AT_name
	.long	184                             @ DW_AT_type
                                        @ DW_AT_external
	.byte	1                               @ DW_AT_decl_file
	.byte	135                             @ DW_AT_decl_line
	.byte	5                               @ DW_AT_location
	.byte	3
	.long	otp_cs
	.byte	7                               @ Abbrev [7] 0xb8:0xb DW_TAG_typedef
	.long	195                             @ DW_AT_type
	.long	.Linfo_string45                 @ DW_AT_name
	.byte	3                               @ DW_AT_decl_file
	.byte	254                             @ DW_AT_decl_line
	.byte	8                               @ Abbrev [8] 0xc3:0x41 DW_TAG_structure_type
	.byte	140                             @ DW_AT_byte_size
	.byte	3                               @ DW_AT_decl_file
	.byte	238                             @ DW_AT_decl_line
	.byte	9                               @ Abbrev [9] 0xc7:0xc DW_TAG_member
	.long	.Linfo_string14                 @ DW_AT_name
	.long	260                             @ DW_AT_type
	.byte	3                               @ DW_AT_decl_file
	.byte	241                             @ DW_AT_decl_line
	.byte	0                               @ DW_AT_data_member_location
	.byte	9                               @ Abbrev [9] 0xd3:0xc DW_TAG_member
	.long	.Linfo_string21                 @ DW_AT_name
	.long	260                             @ DW_AT_type
	.byte	3                               @ DW_AT_decl_file
	.byte	244                             @ DW_AT_decl_line
	.byte	48                              @ DW_AT_data_member_location
	.byte	9                               @ Abbrev [9] 0xdf:0xc DW_TAG_member
	.long	.Linfo_string22                 @ DW_AT_name
	.long	337                             @ DW_AT_type
	.byte	3                               @ DW_AT_decl_file
	.byte	247                             @ DW_AT_decl_line
	.byte	96                              @ DW_AT_data_member_location
	.byte	9                               @ Abbrev [9] 0xeb:0xc DW_TAG_member
	.long	.Linfo_string41                 @ DW_AT_name
	.long	563                             @ DW_AT_type
	.byte	3                               @ DW_AT_decl_file
	.byte	250                             @ DW_AT_decl_line
	.byte	136                             @ DW_AT_data_member_location
	.byte	9                               @ Abbrev [9] 0xf7:0xc DW_TAG_member
	.long	.Linfo_string44                 @ DW_AT_name
	.long	563                             @ DW_AT_type
	.byte	3                               @ DW_AT_decl_file
	.byte	253                             @ DW_AT_decl_line
	.byte	137                             @ DW_AT_data_member_location
	.byte	0                               @ End Of Children Mark
	.byte	10                              @ Abbrev [10] 0x104:0xc DW_TAG_array_type
	.long	272                             @ DW_AT_type
	.byte	11                              @ Abbrev [11] 0x109:0x6 DW_TAG_subrange_type
	.long	330                             @ DW_AT_type
	.byte	6                               @ DW_AT_count
	.byte	0                               @ End Of Children Mark
	.byte	7                               @ Abbrev [7] 0x110:0xb DW_TAG_typedef
	.long	283                             @ DW_AT_type
	.long	.Linfo_string19                 @ DW_AT_name
	.byte	3                               @ DW_AT_decl_file
	.byte	164                             @ DW_AT_decl_line
	.byte	8                               @ Abbrev [8] 0x11b:0x1d DW_TAG_structure_type
	.byte	8                               @ DW_AT_byte_size
	.byte	3                               @ DW_AT_decl_file
	.byte	157                             @ DW_AT_decl_line
	.byte	9                               @ Abbrev [9] 0x11f:0xc DW_TAG_member
	.long	.Linfo_string15                 @ DW_AT_name
	.long	312                             @ DW_AT_type
	.byte	3                               @ DW_AT_decl_file
	.byte	160                             @ DW_AT_decl_line
	.byte	0                               @ DW_AT_data_member_location
	.byte	9                               @ Abbrev [9] 0x12b:0xc DW_TAG_member
	.long	.Linfo_string18                 @ DW_AT_name
	.long	312                             @ DW_AT_type
	.byte	3                               @ DW_AT_decl_file
	.byte	163                             @ DW_AT_decl_line
	.byte	4                               @ DW_AT_data_member_location
	.byte	0                               @ End Of Children Mark
	.byte	7                               @ Abbrev [7] 0x138:0xb DW_TAG_typedef
	.long	323                             @ DW_AT_type
	.long	.Linfo_string17                 @ DW_AT_name
	.byte	2                               @ DW_AT_decl_file
	.byte	64                              @ DW_AT_decl_line
	.byte	3                               @ Abbrev [3] 0x143:0x7 DW_TAG_base_type
	.long	.Linfo_string16                 @ DW_AT_name
	.byte	7                               @ DW_AT_encoding
	.byte	4                               @ DW_AT_byte_size
	.byte	12                              @ Abbrev [12] 0x14a:0x7 DW_TAG_base_type
	.long	.Linfo_string20                 @ DW_AT_name
	.byte	8                               @ DW_AT_byte_size
	.byte	7                               @ DW_AT_encoding
	.byte	7                               @ Abbrev [7] 0x151:0xb DW_TAG_typedef
	.long	348                             @ DW_AT_type
	.long	.Linfo_string40                 @ DW_AT_name
	.byte	3                               @ DW_AT_decl_file
	.byte	235                             @ DW_AT_decl_line
	.byte	8                               @ Abbrev [8] 0x15c:0xb9 DW_TAG_structure_type
	.byte	40                              @ DW_AT_byte_size
	.byte	3                               @ DW_AT_decl_file
	.byte	167                             @ DW_AT_decl_line
	.byte	9                               @ Abbrev [9] 0x160:0xc DW_TAG_member
	.long	.Linfo_string23                 @ DW_AT_name
	.long	312                             @ DW_AT_type
	.byte	3                               @ DW_AT_decl_file
	.byte	170                             @ DW_AT_decl_line
	.byte	0                               @ DW_AT_data_member_location
	.byte	9                               @ Abbrev [9] 0x16c:0xc DW_TAG_member
	.long	.Linfo_string24                 @ DW_AT_name
	.long	312                             @ DW_AT_type
	.byte	3                               @ DW_AT_decl_file
	.byte	174                             @ DW_AT_decl_line
	.byte	4                               @ DW_AT_data_member_location
	.byte	9                               @ Abbrev [9] 0x178:0xc DW_TAG_member
	.long	.Linfo_string25                 @ DW_AT_name
	.long	312                             @ DW_AT_type
	.byte	3                               @ DW_AT_decl_file
	.byte	177                             @ DW_AT_decl_line
	.byte	8                               @ DW_AT_data_member_location
	.byte	9                               @ Abbrev [9] 0x184:0xc DW_TAG_member
	.long	.Linfo_string26                 @ DW_AT_name
	.long	312                             @ DW_AT_type
	.byte	3                               @ DW_AT_decl_file
	.byte	181                             @ DW_AT_decl_line
	.byte	12                              @ DW_AT_data_member_location
	.byte	9                               @ Abbrev [9] 0x190:0xc DW_TAG_member
	.long	.Linfo_string27                 @ DW_AT_name
	.long	533                             @ DW_AT_type
	.byte	3                               @ DW_AT_decl_file
	.byte	184                             @ DW_AT_decl_line
	.byte	16                              @ DW_AT_data_member_location
	.byte	9                               @ Abbrev [9] 0x19c:0xc DW_TAG_member
	.long	.Linfo_string28                 @ DW_AT_name
	.long	545                             @ DW_AT_type
	.byte	3                               @ DW_AT_decl_file
	.byte	190                             @ DW_AT_decl_line
	.byte	20                              @ DW_AT_data_member_location
	.byte	9                               @ Abbrev [9] 0x1a8:0xc DW_TAG_member
	.long	.Linfo_string31                 @ DW_AT_name
	.long	545                             @ DW_AT_type
	.byte	3                               @ DW_AT_decl_file
	.byte	196                             @ DW_AT_decl_line
	.byte	22                              @ DW_AT_data_member_location
	.byte	9                               @ Abbrev [9] 0x1b4:0xc DW_TAG_member
	.long	.Linfo_string32                 @ DW_AT_name
	.long	545                             @ DW_AT_type
	.byte	3                               @ DW_AT_decl_file
	.byte	202                             @ DW_AT_decl_line
	.byte	24                              @ DW_AT_data_member_location
	.byte	9                               @ Abbrev [9] 0x1c0:0xc DW_TAG_member
	.long	.Linfo_string33                 @ DW_AT_name
	.long	545                             @ DW_AT_type
	.byte	3                               @ DW_AT_decl_file
	.byte	208                             @ DW_AT_decl_line
	.byte	26                              @ DW_AT_data_member_location
	.byte	9                               @ Abbrev [9] 0x1cc:0xc DW_TAG_member
	.long	.Linfo_string34                 @ DW_AT_name
	.long	149                             @ DW_AT_type
	.byte	3                               @ DW_AT_decl_file
	.byte	213                             @ DW_AT_decl_line
	.byte	28                              @ DW_AT_data_member_location
	.byte	9                               @ Abbrev [9] 0x1d8:0xc DW_TAG_member
	.long	.Linfo_string35                 @ DW_AT_name
	.long	545                             @ DW_AT_type
	.byte	3                               @ DW_AT_decl_file
	.byte	219                             @ DW_AT_decl_line
	.byte	30                              @ DW_AT_data_member_location
	.byte	9                               @ Abbrev [9] 0x1e4:0xc DW_TAG_member
	.long	.Linfo_string36                 @ DW_AT_name
	.long	545                             @ DW_AT_type
	.byte	3                               @ DW_AT_decl_file
	.byte	225                             @ DW_AT_decl_line
	.byte	32                              @ DW_AT_data_member_location
	.byte	9                               @ Abbrev [9] 0x1f0:0xc DW_TAG_member
	.long	.Linfo_string37                 @ DW_AT_name
	.long	149                             @ DW_AT_type
	.byte	3                               @ DW_AT_decl_file
	.byte	228                             @ DW_AT_decl_line
	.byte	34                              @ DW_AT_data_member_location
	.byte	9                               @ Abbrev [9] 0x1fc:0xc DW_TAG_member
	.long	.Linfo_string38                 @ DW_AT_name
	.long	149                             @ DW_AT_type
	.byte	3                               @ DW_AT_decl_file
	.byte	231                             @ DW_AT_decl_line
	.byte	36                              @ DW_AT_data_member_location
	.byte	9                               @ Abbrev [9] 0x208:0xc DW_TAG_member
	.long	.Linfo_string39                 @ DW_AT_name
	.long	149                             @ DW_AT_type
	.byte	3                               @ DW_AT_decl_file
	.byte	234                             @ DW_AT_decl_line
	.byte	38                              @ DW_AT_data_member_location
	.byte	0                               @ End Of Children Mark
	.byte	10                              @ Abbrev [10] 0x215:0xc DW_TAG_array_type
	.long	312                             @ DW_AT_type
	.byte	11                              @ Abbrev [11] 0x21a:0x6 DW_TAG_subrange_type
	.long	330                             @ DW_AT_type
	.byte	1                               @ DW_AT_count
	.byte	0                               @ End Of Children Mark
	.byte	7                               @ Abbrev [7] 0x221:0xb DW_TAG_typedef
	.long	556                             @ DW_AT_type
	.long	.Linfo_string30                 @ DW_AT_name
	.byte	2                               @ DW_AT_decl_file
	.byte	57                              @ DW_AT_decl_line
	.byte	3                               @ Abbrev [3] 0x22c:0x7 DW_TAG_base_type
	.long	.Linfo_string29                 @ DW_AT_name
	.byte	5                               @ DW_AT_encoding
	.byte	2                               @ DW_AT_byte_size
	.byte	7                               @ Abbrev [7] 0x233:0xb DW_TAG_typedef
	.long	574                             @ DW_AT_type
	.long	.Linfo_string43                 @ DW_AT_name
	.byte	2                               @ DW_AT_decl_file
	.byte	62                              @ DW_AT_decl_line
	.byte	3                               @ Abbrev [3] 0x23e:0x7 DW_TAG_base_type
	.long	.Linfo_string42                 @ DW_AT_name
	.byte	8                               @ DW_AT_encoding
	.byte	1                               @ DW_AT_byte_size
	.byte	13                              @ Abbrev [13] 0x245:0x13 DW_TAG_variable
	.long	.Linfo_string46                 @ DW_AT_name
	.long	312                             @ DW_AT_type
	.byte	1                               @ DW_AT_decl_file
	.byte	136                             @ DW_AT_decl_line
	.byte	7                               @ DW_AT_location
	.byte	3
	.long	.L_MergedGlobals
	.byte	35
	.byte	4
	.byte	14                              @ Abbrev [14] 0x258:0x57 DW_TAG_enumeration_type
	.long	574                             @ DW_AT_type
	.byte	1                               @ DW_AT_byte_size
	.byte	4                               @ DW_AT_decl_file
	.byte	68                              @ DW_AT_decl_line
	.byte	15                              @ Abbrev [15] 0x260:0x6 DW_TAG_enumerator
	.long	.Linfo_string47                 @ DW_AT_name
	.byte	1                               @ DW_AT_const_value
	.byte	15                              @ Abbrev [15] 0x266:0x6 DW_TAG_enumerator
	.long	.Linfo_string48                 @ DW_AT_name
	.byte	2                               @ DW_AT_const_value
	.byte	15                              @ Abbrev [15] 0x26c:0x6 DW_TAG_enumerator
	.long	.Linfo_string49                 @ DW_AT_name
	.byte	3                               @ DW_AT_const_value
	.byte	15                              @ Abbrev [15] 0x272:0x6 DW_TAG_enumerator
	.long	.Linfo_string50                 @ DW_AT_name
	.byte	4                               @ DW_AT_const_value
	.byte	15                              @ Abbrev [15] 0x278:0x6 DW_TAG_enumerator
	.long	.Linfo_string51                 @ DW_AT_name
	.byte	5                               @ DW_AT_const_value
	.byte	15                              @ Abbrev [15] 0x27e:0x6 DW_TAG_enumerator
	.long	.Linfo_string52                 @ DW_AT_name
	.byte	6                               @ DW_AT_const_value
	.byte	15                              @ Abbrev [15] 0x284:0x6 DW_TAG_enumerator
	.long	.Linfo_string53                 @ DW_AT_name
	.byte	7                               @ DW_AT_const_value
	.byte	15                              @ Abbrev [15] 0x28a:0x6 DW_TAG_enumerator
	.long	.Linfo_string54                 @ DW_AT_name
	.byte	8                               @ DW_AT_const_value
	.byte	15                              @ Abbrev [15] 0x290:0x6 DW_TAG_enumerator
	.long	.Linfo_string55                 @ DW_AT_name
	.byte	9                               @ DW_AT_const_value
	.byte	15                              @ Abbrev [15] 0x296:0x6 DW_TAG_enumerator
	.long	.Linfo_string56                 @ DW_AT_name
	.byte	10                              @ DW_AT_const_value
	.byte	15                              @ Abbrev [15] 0x29c:0x6 DW_TAG_enumerator
	.long	.Linfo_string57                 @ DW_AT_name
	.byte	11                              @ DW_AT_const_value
	.byte	15                              @ Abbrev [15] 0x2a2:0x6 DW_TAG_enumerator
	.long	.Linfo_string58                 @ DW_AT_name
	.byte	12                              @ DW_AT_const_value
	.byte	15                              @ Abbrev [15] 0x2a8:0x6 DW_TAG_enumerator
	.long	.Linfo_string59                 @ DW_AT_name
	.byte	12                              @ DW_AT_const_value
	.byte	0                               @ End Of Children Mark
	.byte	16                              @ Abbrev [16] 0x2af:0x5 DW_TAG_pointer_type
	.long	692                             @ DW_AT_type
	.byte	17                              @ Abbrev [17] 0x2b4:0x5 DW_TAG_volatile_type
	.long	312                             @ DW_AT_type
	.byte	18                              @ Abbrev [18] 0x2b9:0x1 DW_TAG_pointer_type
	.byte	19                              @ Abbrev [19] 0x2ba:0x9d DW_TAG_subprogram
	.long	.Lfunc_begin0                   @ DW_AT_low_pc
	.long	.Lfunc_end0-.Lfunc_begin0       @ DW_AT_high_pc
	.byte	1                               @ DW_AT_frame_base
	.byte	93
                                        @ DW_AT_GNU_all_call_sites
	.long	.Linfo_string62                 @ DW_AT_name
	.byte	1                               @ DW_AT_decl_file
	.short	262                             @ DW_AT_decl_line
                                        @ DW_AT_prototyped
                                        @ DW_AT_external
	.byte	20                              @ Abbrev [20] 0x2cc:0x10 DW_TAG_formal_parameter
	.long	.Ldebug_loc0                    @ DW_AT_location
	.long	.Linfo_string72                 @ DW_AT_name
	.byte	1                               @ DW_AT_decl_file
	.short	262                             @ DW_AT_decl_line
	.long	312                             @ DW_AT_type
	.byte	20                              @ Abbrev [20] 0x2dc:0x10 DW_TAG_formal_parameter
	.long	.Ldebug_loc1                    @ DW_AT_location
	.long	.Linfo_string73                 @ DW_AT_name
	.byte	1                               @ DW_AT_decl_file
	.short	262                             @ DW_AT_decl_line
	.long	312                             @ DW_AT_type
	.byte	20                              @ Abbrev [20] 0x2ec:0x10 DW_TAG_formal_parameter
	.long	.Ldebug_loc2                    @ DW_AT_location
	.long	.Linfo_string74                 @ DW_AT_name
	.byte	1                               @ DW_AT_decl_file
	.short	262                             @ DW_AT_decl_line
	.long	312                             @ DW_AT_type
	.byte	21                              @ Abbrev [21] 0x2fc:0x5a DW_TAG_lexical_block
	.long	.Ltmp2                          @ DW_AT_low_pc
	.long	.Ltmp19-.Ltmp2                  @ DW_AT_high_pc
	.byte	22                              @ Abbrev [22] 0x305:0x10 DW_TAG_variable
	.long	.Ldebug_loc3                    @ DW_AT_location
	.long	.Linfo_string75                 @ DW_AT_name
	.byte	1                               @ DW_AT_decl_file
	.short	271                             @ DW_AT_decl_line
	.long	312                             @ DW_AT_type
	.byte	22                              @ Abbrev [22] 0x315:0x10 DW_TAG_variable
	.long	.Ldebug_loc4                    @ DW_AT_location
	.long	.Linfo_string76                 @ DW_AT_name
	.byte	1                               @ DW_AT_decl_file
	.short	272                             @ DW_AT_decl_line
	.long	563                             @ DW_AT_type
	.byte	22                              @ Abbrev [22] 0x325:0x10 DW_TAG_variable
	.long	.Ldebug_loc5                    @ DW_AT_location
	.long	.Linfo_string77                 @ DW_AT_name
	.byte	1                               @ DW_AT_decl_file
	.short	268                             @ DW_AT_decl_line
	.long	312                             @ DW_AT_type
	.byte	22                              @ Abbrev [22] 0x335:0x10 DW_TAG_variable
	.long	.Ldebug_loc6                    @ DW_AT_location
	.long	.Linfo_string78                 @ DW_AT_name
	.byte	1                               @ DW_AT_decl_file
	.short	269                             @ DW_AT_decl_line
	.long	312                             @ DW_AT_type
	.byte	22                              @ Abbrev [22] 0x345:0x10 DW_TAG_variable
	.long	.Ldebug_loc7                    @ DW_AT_location
	.long	.Linfo_string79                 @ DW_AT_name
	.byte	1                               @ DW_AT_decl_file
	.short	270                             @ DW_AT_decl_line
	.long	563                             @ DW_AT_type
	.byte	0                               @ End Of Children Mark
	.byte	0                               @ End Of Children Mark
	.byte	23                              @ Abbrev [23] 0x357:0x14 DW_TAG_subprogram
	.long	.Linfo_string60                 @ DW_AT_name
	.byte	1                               @ DW_AT_decl_file
	.byte	143                             @ DW_AT_decl_line
                                        @ DW_AT_prototyped
	.byte	1                               @ DW_AT_inline
	.byte	24                              @ Abbrev [24] 0x35f:0xb DW_TAG_variable
	.long	.Linfo_string61                 @ DW_AT_name
	.byte	1                               @ DW_AT_decl_file
	.byte	145                             @ DW_AT_decl_line
	.long	312                             @ DW_AT_type
	.byte	0                               @ End Of Children Mark
	.byte	25                              @ Abbrev [25] 0x36b:0x4d DW_TAG_subprogram
	.long	.Lfunc_begin1                   @ DW_AT_low_pc
	.long	.Lfunc_end1-.Lfunc_begin1       @ DW_AT_high_pc
	.byte	1                               @ DW_AT_frame_base
	.byte	93
                                        @ DW_AT_GNU_all_call_sites
	.long	.Linfo_string63                 @ DW_AT_name
	.byte	1                               @ DW_AT_decl_file
	.short	373                             @ DW_AT_decl_line
                                        @ DW_AT_prototyped
	.long	1268                            @ DW_AT_type
                                        @ DW_AT_external
	.byte	26                              @ Abbrev [26] 0x381:0xf DW_TAG_variable
	.byte	2                               @ DW_AT_location
	.byte	145
	.byte	0
	.long	.Linfo_string80                 @ DW_AT_name
	.byte	1                               @ DW_AT_decl_file
	.short	383                             @ DW_AT_decl_line
	.long	1286                            @ DW_AT_type
	.byte	27                              @ Abbrev [27] 0x390:0xc DW_TAG_variable
	.long	.Linfo_string90                 @ DW_AT_name
	.byte	1                               @ DW_AT_decl_file
	.short	395                             @ DW_AT_decl_line
	.long	1268                            @ DW_AT_type
	.byte	28                              @ Abbrev [28] 0x39c:0x1b DW_TAG_inlined_subroutine
	.long	855                             @ DW_AT_abstract_origin
	.long	.Ltmp39                         @ DW_AT_low_pc
	.long	.Ltmp43-.Ltmp39                 @ DW_AT_high_pc
	.byte	1                               @ DW_AT_call_file
	.short	414                             @ DW_AT_call_line
	.byte	9                               @ DW_AT_call_column
	.byte	29                              @ Abbrev [29] 0x3ad:0x9 DW_TAG_variable
	.long	.Ldebug_loc8                    @ DW_AT_location
	.long	863                             @ DW_AT_abstract_origin
	.byte	0                               @ End Of Children Mark
	.byte	0                               @ End Of Children Mark
	.byte	30                              @ Abbrev [30] 0x3b8:0x3f DW_TAG_subprogram
	.long	.Lfunc_begin2                   @ DW_AT_low_pc
	.long	.Lfunc_end2-.Lfunc_begin2       @ DW_AT_high_pc
	.byte	1                               @ DW_AT_frame_base
	.byte	93
                                        @ DW_AT_GNU_all_call_sites
	.long	.Linfo_string66                 @ DW_AT_name
	.byte	1                               @ DW_AT_decl_file
	.short	331                             @ DW_AT_decl_line
                                        @ DW_AT_prototyped
	.byte	31                              @ Abbrev [31] 0x3ca:0xc DW_TAG_formal_parameter
	.long	.Linfo_string72                 @ DW_AT_name
	.byte	1                               @ DW_AT_decl_file
	.short	331                             @ DW_AT_decl_line
	.long	312                             @ DW_AT_type
	.byte	20                              @ Abbrev [20] 0x3d6:0x10 DW_TAG_formal_parameter
	.long	.Ldebug_loc9                    @ DW_AT_location
	.long	.Linfo_string73                 @ DW_AT_name
	.byte	1                               @ DW_AT_decl_file
	.short	331                             @ DW_AT_decl_line
	.long	312                             @ DW_AT_type
	.byte	20                              @ Abbrev [20] 0x3e6:0x10 DW_TAG_formal_parameter
	.long	.Ldebug_loc10                   @ DW_AT_location
	.long	.Linfo_string74                 @ DW_AT_name
	.byte	1                               @ DW_AT_decl_file
	.short	331                             @ DW_AT_decl_line
	.long	312                             @ DW_AT_type
	.byte	0                               @ End Of Children Mark
	.byte	30                              @ Abbrev [30] 0x3f7:0x3f DW_TAG_subprogram
	.long	.Lfunc_begin3                   @ DW_AT_low_pc
	.long	.Lfunc_end3-.Lfunc_begin3       @ DW_AT_high_pc
	.byte	1                               @ DW_AT_frame_base
	.byte	93
                                        @ DW_AT_GNU_all_call_sites
	.long	.Linfo_string67                 @ DW_AT_name
	.byte	1                               @ DW_AT_decl_file
	.short	339                             @ DW_AT_decl_line
                                        @ DW_AT_prototyped
	.byte	31                              @ Abbrev [31] 0x409:0xc DW_TAG_formal_parameter
	.long	.Linfo_string72                 @ DW_AT_name
	.byte	1                               @ DW_AT_decl_file
	.short	339                             @ DW_AT_decl_line
	.long	312                             @ DW_AT_type
	.byte	20                              @ Abbrev [20] 0x415:0x10 DW_TAG_formal_parameter
	.long	.Ldebug_loc11                   @ DW_AT_location
	.long	.Linfo_string73                 @ DW_AT_name
	.byte	1                               @ DW_AT_decl_file
	.short	339                             @ DW_AT_decl_line
	.long	312                             @ DW_AT_type
	.byte	20                              @ Abbrev [20] 0x425:0x10 DW_TAG_formal_parameter
	.long	.Ldebug_loc12                   @ DW_AT_location
	.long	.Linfo_string74                 @ DW_AT_name
	.byte	1                               @ DW_AT_decl_file
	.short	339                             @ DW_AT_decl_line
	.long	312                             @ DW_AT_type
	.byte	0                               @ End Of Children Mark
	.byte	30                              @ Abbrev [30] 0x436:0x3f DW_TAG_subprogram
	.long	.Lfunc_begin4                   @ DW_AT_low_pc
	.long	.Lfunc_end4-.Lfunc_begin4       @ DW_AT_high_pc
	.byte	1                               @ DW_AT_frame_base
	.byte	93
                                        @ DW_AT_GNU_all_call_sites
	.long	.Linfo_string68                 @ DW_AT_name
	.byte	1                               @ DW_AT_decl_file
	.short	348                             @ DW_AT_decl_line
                                        @ DW_AT_prototyped
	.byte	31                              @ Abbrev [31] 0x448:0xc DW_TAG_formal_parameter
	.long	.Linfo_string72                 @ DW_AT_name
	.byte	1                               @ DW_AT_decl_file
	.short	348                             @ DW_AT_decl_line
	.long	312                             @ DW_AT_type
	.byte	20                              @ Abbrev [20] 0x454:0x10 DW_TAG_formal_parameter
	.long	.Ldebug_loc13                   @ DW_AT_location
	.long	.Linfo_string73                 @ DW_AT_name
	.byte	1                               @ DW_AT_decl_file
	.short	348                             @ DW_AT_decl_line
	.long	312                             @ DW_AT_type
	.byte	20                              @ Abbrev [20] 0x464:0x10 DW_TAG_formal_parameter
	.long	.Ldebug_loc14                   @ DW_AT_location
	.long	.Linfo_string74                 @ DW_AT_name
	.byte	1                               @ DW_AT_decl_file
	.short	348                             @ DW_AT_decl_line
	.long	312                             @ DW_AT_type
	.byte	0                               @ End Of Children Mark
	.byte	30                              @ Abbrev [30] 0x475:0x5b DW_TAG_subprogram
	.long	.Lfunc_begin5                   @ DW_AT_low_pc
	.long	.Lfunc_end5-.Lfunc_begin5       @ DW_AT_high_pc
	.byte	1                               @ DW_AT_frame_base
	.byte	93
                                        @ DW_AT_GNU_all_call_sites
	.long	.Linfo_string69                 @ DW_AT_name
	.byte	1                               @ DW_AT_decl_file
	.short	357                             @ DW_AT_decl_line
                                        @ DW_AT_prototyped
	.byte	31                              @ Abbrev [31] 0x487:0xc DW_TAG_formal_parameter
	.long	.Linfo_string72                 @ DW_AT_name
	.byte	1                               @ DW_AT_decl_file
	.short	357                             @ DW_AT_decl_line
	.long	312                             @ DW_AT_type
	.byte	31                              @ Abbrev [31] 0x493:0xc DW_TAG_formal_parameter
	.long	.Linfo_string73                 @ DW_AT_name
	.byte	1                               @ DW_AT_decl_file
	.short	357                             @ DW_AT_decl_line
	.long	312                             @ DW_AT_type
	.byte	20                              @ Abbrev [20] 0x49f:0x10 DW_TAG_formal_parameter
	.long	.Ldebug_loc15                   @ DW_AT_location
	.long	.Linfo_string74                 @ DW_AT_name
	.byte	1                               @ DW_AT_decl_file
	.short	357                             @ DW_AT_decl_line
	.long	312                             @ DW_AT_type
	.byte	22                              @ Abbrev [22] 0x4af:0x10 DW_TAG_variable
	.long	.Ldebug_loc16                   @ DW_AT_location
	.long	.Linfo_string91                 @ DW_AT_name
	.byte	1                               @ DW_AT_decl_file
	.short	363                             @ DW_AT_decl_line
	.long	149                             @ DW_AT_type
	.byte	22                              @ Abbrev [22] 0x4bf:0x10 DW_TAG_variable
	.long	.Ldebug_loc17                   @ DW_AT_location
	.long	.Linfo_string92                 @ DW_AT_name
	.byte	1                               @ DW_AT_decl_file
	.short	364                             @ DW_AT_decl_line
	.long	149                             @ DW_AT_type
	.byte	0                               @ End Of Children Mark
	.byte	32                              @ Abbrev [32] 0x4d0:0x12 DW_TAG_subprogram
	.long	.Lfunc_begin6                   @ DW_AT_low_pc
	.long	.Lfunc_end6-.Lfunc_begin6       @ DW_AT_high_pc
	.byte	1                               @ DW_AT_frame_base
	.byte	93
                                        @ DW_AT_GNU_all_call_sites
	.long	.Linfo_string70                 @ DW_AT_name
	.byte	1                               @ DW_AT_decl_file
	.short	692                             @ DW_AT_decl_line
                                        @ DW_AT_prototyped
                                        @ DW_AT_external
	.byte	32                              @ Abbrev [32] 0x4e2:0x12 DW_TAG_subprogram
	.long	.Lfunc_begin7                   @ DW_AT_low_pc
	.long	.Lfunc_end7-.Lfunc_begin7       @ DW_AT_high_pc
	.byte	1                               @ DW_AT_frame_base
	.byte	93
                                        @ DW_AT_GNU_all_call_sites
	.long	.Linfo_string71                 @ DW_AT_name
	.byte	1                               @ DW_AT_decl_file
	.short	733                             @ DW_AT_decl_line
                                        @ DW_AT_prototyped
                                        @ DW_AT_external
	.byte	7                               @ Abbrev [7] 0x4f4:0xb DW_TAG_typedef
	.long	1279                            @ DW_AT_type
	.long	.Linfo_string65                 @ DW_AT_name
	.byte	2                               @ DW_AT_decl_file
	.byte	56                              @ DW_AT_decl_line
	.byte	3                               @ Abbrev [3] 0x4ff:0x7 DW_TAG_base_type
	.long	.Linfo_string64                 @ DW_AT_name
	.byte	6                               @ DW_AT_encoding
	.byte	1                               @ DW_AT_byte_size
	.byte	7                               @ Abbrev [7] 0x506:0xb DW_TAG_typedef
	.long	1297                            @ DW_AT_type
	.long	.Linfo_string89                 @ DW_AT_name
	.byte	3                               @ DW_AT_decl_file
	.byte	153                             @ DW_AT_decl_line
	.byte	8                               @ Abbrev [8] 0x511:0x71 DW_TAG_structure_type
	.byte	36                              @ DW_AT_byte_size
	.byte	3                               @ DW_AT_decl_file
	.byte	142                             @ DW_AT_decl_line
	.byte	9                               @ Abbrev [9] 0x515:0xc DW_TAG_member
	.long	.Linfo_string66                 @ DW_AT_name
	.long	1410                            @ DW_AT_type
	.byte	3                               @ DW_AT_decl_file
	.byte	144                             @ DW_AT_decl_line
	.byte	0                               @ DW_AT_data_member_location
	.byte	9                               @ Abbrev [9] 0x521:0xc DW_TAG_member
	.long	.Linfo_string67                 @ DW_AT_name
	.long	1410                            @ DW_AT_type
	.byte	3                               @ DW_AT_decl_file
	.byte	145                             @ DW_AT_decl_line
	.byte	4                               @ DW_AT_data_member_location
	.byte	9                               @ Abbrev [9] 0x52d:0xc DW_TAG_member
	.long	.Linfo_string68                 @ DW_AT_name
	.long	1410                            @ DW_AT_type
	.byte	3                               @ DW_AT_decl_file
	.byte	146                             @ DW_AT_decl_line
	.byte	8                               @ DW_AT_data_member_location
	.byte	9                               @ Abbrev [9] 0x539:0xc DW_TAG_member
	.long	.Linfo_string82                 @ DW_AT_name
	.long	1410                            @ DW_AT_type
	.byte	3                               @ DW_AT_decl_file
	.byte	147                             @ DW_AT_decl_line
	.byte	12                              @ DW_AT_data_member_location
	.byte	9                               @ Abbrev [9] 0x545:0xc DW_TAG_member
	.long	.Linfo_string83                 @ DW_AT_name
	.long	1410                            @ DW_AT_type
	.byte	3                               @ DW_AT_decl_file
	.byte	148                             @ DW_AT_decl_line
	.byte	16                              @ DW_AT_data_member_location
	.byte	9                               @ Abbrev [9] 0x551:0xc DW_TAG_member
	.long	.Linfo_string84                 @ DW_AT_name
	.long	1410                            @ DW_AT_type
	.byte	3                               @ DW_AT_decl_file
	.byte	149                             @ DW_AT_decl_line
	.byte	20                              @ DW_AT_data_member_location
	.byte	9                               @ Abbrev [9] 0x55d:0xc DW_TAG_member
	.long	.Linfo_string85                 @ DW_AT_name
	.long	1443                            @ DW_AT_type
	.byte	3                               @ DW_AT_decl_file
	.byte	150                             @ DW_AT_decl_line
	.byte	24                              @ DW_AT_data_member_location
	.byte	9                               @ Abbrev [9] 0x569:0xc DW_TAG_member
	.long	.Linfo_string87                 @ DW_AT_name
	.long	312                             @ DW_AT_type
	.byte	3                               @ DW_AT_decl_file
	.byte	151                             @ DW_AT_decl_line
	.byte	28                              @ DW_AT_data_member_location
	.byte	9                               @ Abbrev [9] 0x575:0xc DW_TAG_member
	.long	.Linfo_string88                 @ DW_AT_name
	.long	312                             @ DW_AT_type
	.byte	3                               @ DW_AT_decl_file
	.byte	152                             @ DW_AT_decl_line
	.byte	32                              @ DW_AT_data_member_location
	.byte	0                               @ End Of Children Mark
	.byte	7                               @ Abbrev [7] 0x582:0xb DW_TAG_typedef
	.long	1421                            @ DW_AT_type
	.long	.Linfo_string81                 @ DW_AT_name
	.byte	3                               @ DW_AT_decl_file
	.byte	138                             @ DW_AT_decl_line
	.byte	16                              @ Abbrev [16] 0x58d:0x5 DW_TAG_pointer_type
	.long	1426                            @ DW_AT_type
	.byte	33                              @ Abbrev [33] 0x592:0x11 DW_TAG_subroutine_type
                                        @ DW_AT_prototyped
	.byte	34                              @ Abbrev [34] 0x593:0x5 DW_TAG_formal_parameter
	.long	312                             @ DW_AT_type
	.byte	34                              @ Abbrev [34] 0x598:0x5 DW_TAG_formal_parameter
	.long	312                             @ DW_AT_type
	.byte	34                              @ Abbrev [34] 0x59d:0x5 DW_TAG_formal_parameter
	.long	312                             @ DW_AT_type
	.byte	0                               @ End Of Children Mark
	.byte	7                               @ Abbrev [7] 0x5a3:0xb DW_TAG_typedef
	.long	1454                            @ DW_AT_type
	.long	.Linfo_string86                 @ DW_AT_name
	.byte	3                               @ DW_AT_decl_file
	.byte	139                             @ DW_AT_decl_line
	.byte	16                              @ Abbrev [16] 0x5ae:0x5 DW_TAG_pointer_type
	.long	1459                            @ DW_AT_type
	.byte	33                              @ Abbrev [33] 0x5b3:0x7 DW_TAG_subroutine_type
                                        @ DW_AT_prototyped
	.byte	34                              @ Abbrev [34] 0x5b4:0x5 DW_TAG_formal_parameter
	.long	312                             @ DW_AT_type
	.byte	0                               @ End Of Children Mark
	.byte	0                               @ End Of Children Mark
.Ldebug_info_end0:
	.section	.debug_str,"MS",%progbits,1
.Linfo_string0:
	.asciz	"Component: Arm Compiler for Embedded 6.23 Tool: armclang [5f103000]" @ string offset=0
.Linfo_string1:
	.asciz	"../../../../../sdk/platform/utilities/otp_cs\\otp_cs.c" @ string offset=68
.Linfo_string2:
	.asciz	"C:\\Users\\teodor\\Desktop\\stem\\codeless\\6.0.24.1464\\projects\\target_apps\\ble_examples\\empty_peripheral_template\\Keil_5" @ string offset=122
.Linfo_string3:
	.asciz	"cfg_enhanced_tx_pwr_ctrl"      @ string offset=239
.Linfo_string4:
	.asciz	"_Bool"                         @ string offset=264
.Linfo_string5:
	.asciz	"booter_val"                    @ string offset=270
.Linfo_string6:
	.asciz	"dbg_cfg"                       @ string offset=281
.Linfo_string7:
	.asciz	"unsigned short"                @ string offset=289
.Linfo_string8:
	.asciz	"uint16_t"                      @ string offset=304
.Linfo_string9:
	.asciz	"bandgap_reg"                   @ string offset=313
.Linfo_string10:
	.asciz	"clk_rc32m_reg"                 @ string offset=325
.Linfo_string11:
	.asciz	"clk_rc32k_reg"                 @ string offset=339
.Linfo_string12:
	.asciz	"otp_cs_booter_val_t"           @ string offset=353
.Linfo_string13:
	.asciz	"otp_cs"                        @ string offset=373
.Linfo_string14:
	.asciz	"pd_rad"                        @ string offset=380
.Linfo_string15:
	.asciz	"addr"                          @ string offset=387
.Linfo_string16:
	.asciz	"unsigned int"                  @ string offset=392
.Linfo_string17:
	.asciz	"uint32_t"                      @ string offset=405
.Linfo_string18:
	.asciz	"val"                           @ string offset=414
.Linfo_string19:
	.asciz	"otp_cs_addr_value_t"           @ string offset=418
.Linfo_string20:
	.asciz	"__ARRAY_SIZE_TYPE__"           @ string offset=438
.Linfo_string21:
	.asciz	"pd_adpll"                      @ string offset=458
.Linfo_string22:
	.asciz	"trim_values"                   @ string offset=467
.Linfo_string23:
	.asciz	"rf_pa_ctrl_3dBm"               @ string offset=479
.Linfo_string24:
	.asciz	"adpll_div_ctrl_3dBm"           @ string offset=495
.Linfo_string25:
	.asciz	"rf_pa_ctrl_0dBm"               @ string offset=515
.Linfo_string26:
	.asciz	"adpll_div_ctrl_0dBm"           @ string offset=531
.Linfo_string27:
	.asciz	"lp_clk_set"                    @ string offset=551
.Linfo_string28:
	.asciz	"gp_adc_single_ge"              @ string offset=562
.Linfo_string29:
	.asciz	"short"                         @ string offset=579
.Linfo_string30:
	.asciz	"int16_t"                       @ string offset=585
.Linfo_string31:
	.asciz	"gp_adc_single_offset"          @ string offset=593
.Linfo_string32:
	.asciz	"gp_adc_diff_ge"                @ string offset=614
.Linfo_string33:
	.asciz	"gp_adc_diff_offset"            @ string offset=629
.Linfo_string34:
	.asciz	"gp_adc_trim_reg"               @ string offset=648
.Linfo_string35:
	.asciz	"gp_adc_offsh_ge"               @ string offset=664
.Linfo_string36:
	.asciz	"gp_adc_offsh_offset"           @ string offset=680
.Linfo_string37:
	.asciz	"adc_25_cal"                    @ string offset=700
.Linfo_string38:
	.asciz	"xtal_wait_trim"                @ string offset=711
.Linfo_string39:
	.asciz	"xtal_trim_value"               @ string offset=726
.Linfo_string40:
	.asciz	"otp_cs_trim_value_t"           @ string offset=742
.Linfo_string41:
	.asciz	"pd_rad_pairs"                  @ string offset=762
.Linfo_string42:
	.asciz	"unsigned char"                 @ string offset=775
.Linfo_string43:
	.asciz	"uint8_t"                       @ string offset=789
.Linfo_string44:
	.asciz	"pd_adpll_pairs"                @ string offset=797
.Linfo_string45:
	.asciz	"otp_cs_t"                      @ string offset=812
.Linfo_string46:
	.asciz	"txdiv_trim"                    @ string offset=821
.Linfo_string47:
	.asciz	"RF_TX_PWR_LVL_MINUS_18d0"      @ string offset=832
.Linfo_string48:
	.asciz	"RF_TX_PWR_LVL_MINUS_12d0"      @ string offset=857
.Linfo_string49:
	.asciz	"RF_TX_PWR_LVL_MINUS_9d0"       @ string offset=882
.Linfo_string50:
	.asciz	"RF_TX_PWR_LVL_MINUS_6d0"       @ string offset=906
.Linfo_string51:
	.asciz	"RF_TX_PWR_LVL_MINUS_4d0"       @ string offset=930
.Linfo_string52:
	.asciz	"RF_TX_PWR_LVL_MINUS_2d5"       @ string offset=954
.Linfo_string53:
	.asciz	"RF_TX_PWR_LVL_MINUS_1d0"       @ string offset=978
.Linfo_string54:
	.asciz	"RF_TX_PWR_LVL_0d0"             @ string offset=1002
.Linfo_string55:
	.asciz	"RF_TX_PWR_LVL_PLUS_1d5"        @ string offset=1020
.Linfo_string56:
	.asciz	"RF_TX_PWR_LVL_PLUS_2d5"        @ string offset=1043
.Linfo_string57:
	.asciz	"RF_TX_PWR_LVL_PLUS_3d0"        @ string offset=1066
.Linfo_string58:
	.asciz	"RF_TX_PWR_LVL_PLUS_4d0"        @ string offset=1089
.Linfo_string59:
	.asciz	"RF_TX_PWR_LVL_TOTAL_VALUES"    @ string offset=1112
.Linfo_string60:
	.asciz	"store_default_xtal32m_trim_value" @ string offset=1139
.Linfo_string61:
	.asciz	"device_package"                @ string offset=1172
.Linfo_string62:
	.asciz	"otp_cs_store_user_handler"     @ string offset=1187
.Linfo_string63:
	.asciz	"otp_cs_store"                  @ string offset=1213
.Linfo_string64:
	.asciz	"signed char"                   @ string offset=1226
.Linfo_string65:
	.asciz	"int8_t"                        @ string offset=1238
.Linfo_string66:
	.asciz	"pd_sys_func"                   @ string offset=1245
.Linfo_string67:
	.asciz	"pd_rad_func"                   @ string offset=1257
.Linfo_string68:
	.asciz	"pd_adpll_func"                 @ string offset=1269
.Linfo_string69:
	.asciz	"pd_id21_func"                  @ string offset=1283
.Linfo_string70:
	.asciz	"otp_cs_load_pd_rad"            @ string offset=1296
.Linfo_string71:
	.asciz	"otp_cs_load_pd_adpll"          @ string offset=1315
.Linfo_string72:
	.asciz	"id"                            @ string offset=1336
.Linfo_string73:
	.asciz	"num"                           @ string offset=1339
.Linfo_string74:
	.asciz	"offset"                        @ string offset=1343
.Linfo_string75:
	.asciz	"current_otp_addr"              @ string offset=1350
.Linfo_string76:
	.asciz	"sdk_reg_value_pairs"           @ string offset=1367
.Linfo_string77:
	.asciz	"pd_adpll_bypass_cal_reg"       @ string offset=1387
.Linfo_string78:
	.asciz	"pd_adpll_bypass_cal_value"     @ string offset=1411
.Linfo_string79:
	.asciz	"i"                             @ string offset=1437
.Linfo_string80:
	.asciz	"func"                          @ string offset=1439
.Linfo_string81:
	.asciz	"otp_cs_store_handler1_t"       @ string offset=1444
.Linfo_string82:
	.asciz	"pd_others_func"                @ string offset=1468
.Linfo_string83:
	.asciz	"adc_attn2x_func"               @ string offset=1483
.Linfo_string84:
	.asciz	"user_func"                     @ string offset=1499
.Linfo_string85:
	.asciz	"command_func"                  @ string offset=1509
.Linfo_string86:
	.asciz	"otp_cs_store_handler2_t"       @ string offset=1522
.Linfo_string87:
	.asciz	"otp_cs_base_addr"              @ string offset=1546
.Linfo_string88:
	.asciz	"otp_cs_end_addr"               @ string offset=1563
.Linfo_string89:
	.asciz	"otp_cs_store_handler_t"        @ string offset=1579
.Linfo_string90:
	.asciz	"error"                         @ string offset=1602
.Linfo_string91:
	.asciz	"low"                           @ string offset=1608
.Linfo_string92:
	.asciz	"high"                          @ string offset=1612
	.weak	sb_set_debugger_mode
	.ident	"Component: Arm Compiler for Embedded 6.23 Tool: armclang [5f103000]"
	.section	".note.GNU-stack","",%progbits
	.eabi_attribute	30, 4	@ Tag_ABI_optimization_goals
	.ARM_attribute	16, 1	@ Tag_AV_eba
	.section	.debug_line,"",%progbits
.Lline_table_start0:
