	.text
	.syntax unified
	.eabi_attribute	67, "2.09"	@ Tag_conformance
	.cpu	cortex-m0plus
	.eabi_attribute	6, 12	@ Tag_CPU_arch
	.eabi_attribute	7, 77	@ Tag_CPU_arch_profile
	.eabi_attribute	8, 0	@ Tag_ARM_ISA_use
	.eabi_attribute	9, 1	@ Tag_THUMB_ISA_use
	.eabi_attribute	34, 0	@ Tag_CPU_unaligned_access
	.eabi_attribute	17, 1	@ Tag_ABI_PCS_GOT_use
	.eabi_attribute	20, 2	@ Tag_ABI_FP_denormal
	.eabi_attribute	21, 0	@ Tag_ABI_FP_exceptions
	.eabi_attribute	23, 1	@ Tag_ABI_FP_number_model
	.eabi_attribute	24, 1	@ Tag_ABI_align_needed
	.eabi_attribute	25, 1	@ Tag_ABI_align_preserved
	.eabi_attribute	38, 1	@ Tag_ABI_FP_16bit_format
	.eabi_attribute	18, 2	@ Tag_ABI_PCS_wchar_t
	.eabi_attribute	26, 1	@ Tag_ABI_enum_size
	.eabi_attribute	14, 0	@ Tag_ABI_PCS_R9_use
	.file	"rf_531.c"
	.file	1 "C:\\Users\\teodor" "AppData\\Local\\Keil_v5\\ARM\\ARMCLANG\\bin\\..\\include\\stdint.h"
	.file	2 "C:\\Users\\teodor\\Desktop\\stem\\codeless\\6.0.24.1464\\projects\\target_apps\\ble_examples\\empty_peripheral_template\\Keil_5" "../../../../../sdk/platform/core_modules/rf/src/rf_531.c"
	.file	3 "C:\\Users\\teodor\\Desktop\\stem\\codeless\\6.0.24.1464\\projects\\target_apps\\ble_examples\\empty_peripheral_template\\Keil_5" "./../../../../../sdk/platform/core_modules/rf/api\\rf_531.h"
	.file	4 "C:\\Users\\teodor\\Desktop\\stem\\codeless\\6.0.24.1464\\projects\\target_apps\\ble_examples\\empty_peripheral_template\\Keil_5" "./../../../../../sdk/platform/include\\da14535.h"
	.hidden	set_recommended_settings        @ -- Begin function set_recommended_settings
	.globl	set_recommended_settings
	.p2align	2
	.type	set_recommended_settings,%function
	.code	16                              @ @set_recommended_settings
	.thumb_func
set_recommended_settings:
.Lfunc_begin0:
	.loc	2 200 0                         @ ../../../../../sdk/platform/core_modules/rf/src/rf_531.c:200:0
	.fnstart
	.cfi_sections .debug_frame
	.cfi_startproc
@ %bb.0:
	.save	{r4, r5, r6, r7, lr}
	.pad	#8
	push	{r2, r3, r4, r5, r6, r7, lr}
	.cfi_def_cfa_offset 28
	.cfi_offset lr, -4
	.cfi_offset r7, -8
	.cfi_offset r6, -12
	.cfi_offset r5, -16
	.cfi_offset r4, -20
	movs	r0, #127
	lsls	r1, r0, #8
	ldr	r0, __arm_cp.0_0
.Ltmp0:
	.loc	2 211 5 prologue_end            @ ../../../../../sdk/platform/core_modules/rf/src/rf_531.c:211:5
	ldr	r2, [r0, #20]
	bics	r2, r1
	movs	r1, #11
	lsls	r1, r1, #8
	adds	r1, r2, r1
	str	r1, [r0, #20]
	.loc	2 212 5                         @ ../../../../../sdk/platform/core_modules/rf/src/rf_531.c:212:5
	ldr	r1, [r0]
	uxth	r1, r1
	ldr	r2, __arm_cp.0_1
	adds	r1, r1, r2
	str	r1, [r0]
	.loc	2 213 5                         @ ../../../../../sdk/platform/core_modules/rf/src/rf_531.c:213:5
	ldr	r1, [r0, #24]
	ldr	r2, __arm_cp.0_2
	ands	r2, r1
	str	r2, [r0, #24]
	movs	r1, #3
	str	r1, [sp, #4]                    @ 4-byte Spill
	lsls	r1, r1, #8
	.loc	2 217 5                         @ ../../../../../sdk/platform/core_modules/rf/src/rf_531.c:217:5
	ldr	r2, [r0, #48]
	orrs	r2, r1
	str	r2, [r0, #48]
	.loc	2 218 5                         @ ../../../../../sdk/platform/core_modules/rf/src/rf_531.c:218:5
	ldrh	r1, [r0, #60]
	movs	r2, #16
	orrs	r2, r1
	strh	r2, [r0, #60]
	.loc	2 219 5                         @ ../../../../../sdk/platform/core_modules/rf/src/rf_531.c:219:5
	ldrh	r1, [r0, #4]
	movs	r2, #1
	str	r2, [sp]                        @ 4-byte Spill
	orrs	r1, r2
	strh	r1, [r0, #4]
	ldr	r0, __arm_cp.0_3
	ldr	r1, __arm_cp.0_4
	.loc	2 220 5                         @ ../../../../../sdk/platform/core_modules/rf/src/rf_531.c:220:5
	str	r1, [r0]
	ldr	r1, __arm_cp.0_5
	.loc	2 229 5                         @ ../../../../../sdk/platform/core_modules/rf/src/rf_531.c:229:5
	ldrh	r0, [r1]
	orrs	r0, r2
	strh	r0, [r1]
	ldr	r5, __arm_cp.0_6
	.loc	2 233 5                         @ ../../../../../sdk/platform/core_modules/rf/src/rf_531.c:233:5
	mov	r0, r5
	subs	r0, #16
	ldr	r6, __arm_cp.0_7
	ldrh	r1, [r6, #28]
	ands	r1, r0
	movs	r0, #21
	lsls	r4, r0, #5
	adds	r0, r1, r4
	adds	r0, #80
	strh	r0, [r6, #28]
	.loc	2 234 5                         @ ../../../../../sdk/platform/core_modules/rf/src/rf_531.c:234:5
	ldr	r0, [r6, #20]
	ldr	r1, __arm_cp.0_8
	ands	r1, r0
	ldr	r0, __arm_cp.0_9
	adds	r0, r1, r0
	str	r0, [r6, #20]
	.loc	2 235 5                         @ ../../../../../sdk/platform/core_modules/rf/src/rf_531.c:235:5
	ldr	r0, [r6, #24]
	ldr	r1, __arm_cp.0_10
	ands	r1, r0
	movs	r0, #9
	lsls	r0, r0, #9
	adds	r0, r1, r0
	str	r0, [r6, #24]
	.loc	2 236 5                         @ ../../../../../sdk/platform/core_modules/rf/src/rf_531.c:236:5
	ldr	r0, [r6]
	ldr	r1, __arm_cp.0_11
	ands	r1, r0
	ldr	r0, __arm_cp.0_12
	adds	r0, r1, r0
	str	r0, [r6]
	.loc	2 237 5                         @ ../../../../../sdk/platform/core_modules/rf/src/rf_531.c:237:5
	ldr	r0, [r6, #4]
	ldr	r1, __arm_cp.0_13
	ands	r1, r0
	ldr	r0, __arm_cp.0_14
	adds	r0, r1, r0
	str	r0, [r6, #4]
	.loc	2 238 5                         @ ../../../../../sdk/platform/core_modules/rf/src/rf_531.c:238:5
	ldr	r0, [r6, #8]
	ldr	r1, __arm_cp.0_15
	ands	r1, r0
	ldr	r0, __arm_cp.0_16
	adds	r0, r1, r0
	str	r0, [r6, #8]
	.loc	2 239 5                         @ ../../../../../sdk/platform/core_modules/rf/src/rf_531.c:239:5
	ldr	r0, [r6, #12]
	ldr	r1, __arm_cp.0_17
	ands	r1, r0
	ldr	r0, __arm_cp.0_18
	adds	r0, r1, r0
	str	r0, [r6, #12]
	movs	r0, #193
	lsls	r0, r0, #5
	.loc	2 247 5                         @ ../../../../../sdk/platform/core_modules/rf/src/rf_531.c:247:5
	ldr	r1, __arm_cp.0_19
	ldrb	r1, [r1]
	lsls	r1, r1, #24
	adds	r0, r1, r0
	ldr	r1, __arm_cp.0_20
	str	r0, [r1]
	movs	r0, #5
	lsls	r2, r0, #10
	ldr	r1, __arm_cp.0_21
	.loc	2 249 5                         @ ../../../../../sdk/platform/core_modules/rf/src/rf_531.c:249:5
	strh	r2, [r1]
	.loc	2 250 5                         @ ../../../../../sdk/platform/core_modules/rf/src/rf_531.c:250:5
	adds	r7, r2, #5
	strh	r7, [r1, #4]
	.loc	2 251 5                         @ ../../../../../sdk/platform/core_modules/rf/src/rf_531.c:251:5
	ldrh	r7, [r1, #24]
	movs	r0, #52
	orrs	r0, r7
	movs	r7, #203
	bics	r0, r7
	strh	r0, [r1, #24]
	.loc	2 252 5                         @ ../../../../../sdk/platform/core_modules/rf/src/rf_531.c:252:5
	ldrh	r0, [r1, #32]
	movs	r7, #85
	orrs	r7, r0
	movs	r0, #170
	bics	r7, r0
	strh	r7, [r1, #32]
	movs	r7, #255
	adds	r7, #108
	.loc	2 253 5                         @ ../../../../../sdk/platform/core_modules/rf/src/rf_531.c:253:5
	mov	r0, r7
	adds	r0, #201
	strh	r0, [r1, #40]
	ldr	r3, __arm_cp.0_22
	.loc	2 254 5                         @ ../../../../../sdk/platform/core_modules/rf/src/rf_531.c:254:5
	mov	r0, r3
	adds	r0, #14
	strh	r0, [r1, #44]
	ldr	r0, __arm_cp.0_23
	.loc	2 255 5                         @ ../../../../../sdk/platform/core_modules/rf/src/rf_531.c:255:5
	strh	r0, [r1, #48]
	.loc	2 256 5                         @ ../../../../../sdk/platform/core_modules/rf/src/rf_531.c:256:5
	strh	r3, [r1, #52]
	.loc	2 257 5                         @ ../../../../../sdk/platform/core_modules/rf/src/rf_531.c:257:5
	adds	r0, #10
	strh	r0, [r1, #56]
	.loc	2 258 5                         @ ../../../../../sdk/platform/core_modules/rf/src/rf_531.c:258:5
	adds	r2, #10
	strh	r2, [r6, #40]
	.loc	2 259 5                         @ ../../../../../sdk/platform/core_modules/rf/src/rf_531.c:259:5
	ldr	r0, [r6, #56]
	ldr	r1, __arm_cp.0_24
	ands	r1, r0
	ldr	r0, __arm_cp.0_25
	adds	r0, r1, r0
	str	r0, [r6, #56]
	ldr	r0, __arm_cp.0_26
	.loc	2 260 5                         @ ../../../../../sdk/platform/core_modules/rf/src/rf_531.c:260:5
	strh	r7, [r0]
	.loc	2 261 5                         @ ../../../../../sdk/platform/core_modules/rf/src/rf_531.c:261:5
	ldrh	r2, [r0, #56]
	ands	r2, r5
	mov	r1, r4
	adds	r1, #32
	adds	r2, r2, r1
	strh	r2, [r0, #56]
	ldr	r6, __arm_cp.0_27
	.loc	2 262 5                         @ ../../../../../sdk/platform/core_modules/rf/src/rf_531.c:262:5
	ldrh	r2, [r6]
	ands	r2, r5
	adds	r2, r2, r7
	adds	r2, #213
	strh	r2, [r6]
	.loc	2 263 5                         @ ../../../../../sdk/platform/core_modules/rf/src/rf_531.c:263:5
	ldrh	r2, [r6, #4]
	ands	r2, r5
	adds	r2, r2, r4
	strh	r2, [r6, #4]
	.loc	2 264 5                         @ ../../../../../sdk/platform/core_modules/rf/src/rf_531.c:264:5
	ldrh	r2, [r6, #8]
	ands	r2, r5
	adds	r1, r2, r1
	strh	r1, [r6, #8]
	.loc	2 265 5                         @ ../../../../../sdk/platform/core_modules/rf/src/rf_531.c:265:5
	mov	r1, r7
	adds	r1, #33
	strh	r1, [r0, #4]
	ldr	r0, __arm_cp.0_28
	.loc	2 266 5                         @ ../../../../../sdk/platform/core_modules/rf/src/rf_531.c:266:5
	ldrh	r1, [r0]
	ands	r1, r5
	adds	r1, r1, r4
	adds	r1, #96
	strh	r1, [r0]
	.loc	2 267 5                         @ ../../../../../sdk/platform/core_modules/rf/src/rf_531.c:267:5
	ldrh	r1, [r0, #16]
	movs	r2, #23
	orrs	r2, r1
	movs	r1, #8
	bics	r2, r1
	strh	r2, [r0, #16]
	.loc	2 268 5                         @ ../../../../../sdk/platform/core_modules/rf/src/rf_531.c:268:5
	ldrh	r1, [r0, #20]
	movs	r2, #25
	orrs	r2, r1
	movs	r1, #6
	bics	r2, r1
	strh	r2, [r0, #20]
	.loc	2 269 5                         @ ../../../../../sdk/platform/core_modules/rf/src/rf_531.c:269:5
	strh	r7, [r0, #32]
	ldr	r2, __arm_cp.0_20
	.loc	2 270 5                         @ ../../../../../sdk/platform/core_modules/rf/src/rf_531.c:270:5
	ldrh	r0, [r2, #60]
	ldr	r1, __arm_cp.0_29
	ands	r1, r0
	ldr	r0, [sp]                        @ 4-byte Reload
	lsls	r0, r0, #13
	adds	r0, r1, r0
	strh	r0, [r2, #60]
	ldr	r2, __arm_cp.0_5
	.loc	2 273 5                         @ ../../../../../sdk/platform/core_modules/rf/src/rf_531.c:273:5
	ldr	r0, [r2, #64]
	ldr	r1, [sp, #4]                    @ 4-byte Reload
	orrs	r0, r1
	movs	r1, #4
	bics	r0, r1
	str	r0, [r2, #64]
	.loc	2 274 5                         @ ../../../../../sdk/platform/core_modules/rf/src/rf_531.c:274:5
	ldr	r0, [r2, #36]
	ldr	r1, __arm_cp.0_30
	ands	r1, r0
	ldr	r0, __arm_cp.0_31
	adds	r0, r1, r0
	str	r0, [r2, #36]
	.loc	2 296 1 epilogue_begin          @ ../../../../../sdk/platform/core_modules/rf/src/rf_531.c:296:1
	pop	{r2, r3, r4, r5, r6, r7, pc}
.Ltmp1:
	.loc	2 0 1 is_stmt 0                 @ :0:1
.Ltmp2:
	.p2align	2
@ %bb.1:
__arm_cp.0_0:
	.long	1073754144                      @ 0x40003020
.Lcpi_end0:
	.size	__arm_cp.0_0, .Lcpi_end0-__arm_cp.0_0
__arm_cp.0_1:
	.long	1717960704                      @ 0x66660000
.Lcpi_end1:
	.size	__arm_cp.0_1, .Lcpi_end1-__arm_cp.0_1
__arm_cp.0_2:
	.long	4294836479                      @ 0xfffe00ff
.Lcpi_end2:
	.size	__arm_cp.0_2, .Lcpi_end2-__arm_cp.0_2
__arm_cp.0_3:
	.long	1073741952                      @ 0x40000080
.Lcpi_end3:
	.size	__arm_cp.0_3, .Lcpi_end3-__arm_cp.0_3
__arm_cp.0_4:
	.long	123471193                       @ 0x75c0559
.Lcpi_end4:
	.size	__arm_cp.0_4, .Lcpi_end4-__arm_cp.0_4
__arm_cp.0_5:
	.long	1073745984                      @ 0x40001040
.Lcpi_end5:
	.size	__arm_cp.0_5, .Lcpi_end5-__arm_cp.0_5
__arm_cp.0_6:
	.long	4294966303                      @ 0xfffffc1f
.Lcpi_end6:
	.size	__arm_cp.0_6, .Lcpi_end6-__arm_cp.0_6
__arm_cp.0_7:
	.long	1073750020                      @ 0x40002004
.Lcpi_end7:
	.size	__arm_cp.0_7, .Lcpi_end7-__arm_cp.0_7
__arm_cp.0_8:
	.long	4292870144                      @ 0xffe00000
.Lcpi_end8:
	.size	__arm_cp.0_8, .Lcpi_end8-__arm_cp.0_8
__arm_cp.0_9:
	.long	1726473                         @ 0x1a5809
.Lcpi_end9:
	.size	__arm_cp.0_9, .Lcpi_end9-__arm_cp.0_9
__arm_cp.0_10:
	.long	4294959614                      @ 0xffffe1fe
.Lcpi_end10:
	.size	__arm_cp.0_10, .Lcpi_end10-__arm_cp.0_10
__arm_cp.0_11:
	.long	57568                           @ 0xe0e0
.Lcpi_end11:
	.size	__arm_cp.0_11, .Lcpi_end11-__arm_cp.0_11
__arm_cp.0_12:
	.long	1227426056                      @ 0x49290908
.Lcpi_end12:
	.size	__arm_cp.0_12, .Lcpi_end12-__arm_cp.0_12
__arm_cp.0_13:
	.long	50528256                        @ 0x3030000
.Lcpi_end13:
	.size	__arm_cp.0_13, .Lcpi_end13-__arm_cp.0_13
__arm_cp.0_14:
	.long	1818782313                      @ 0x6c686a69
.Lcpi_end14:
	.size	__arm_cp.0_14, .Lcpi_end14-__arm_cp.0_14
__arm_cp.0_15:
	.long	4294909699                      @ 0xffff1f03
.Lcpi_end15:
	.size	__arm_cp.0_15, .Lcpi_end15-__arm_cp.0_15
__arm_cp.0_16:
	.long	24688                           @ 0x6070
.Lcpi_end16:
	.size	__arm_cp.0_16, .Lcpi_end16-__arm_cp.0_16
__arm_cp.0_17:
	.long	3772834016                      @ 0xe0e0e0e0
.Lcpi_end17:
	.size	__arm_cp.0_17, .Lcpi_end17-__arm_cp.0_17
__arm_cp.0_18:
	.long	134875659                       @ 0x80a0a0b
.Lcpi_end18:
	.size	__arm_cp.0_18, .Lcpi_end18-__arm_cp.0_18
__arm_cp.0_19:
	.long	.L_MergedGlobals
.Lcpi_end19:
	.size	__arm_cp.0_19, .Lcpi_end19-__arm_cp.0_19
__arm_cp.0_20:
	.long	1073745920                      @ 0x40001000
.Lcpi_end20:
	.size	__arm_cp.0_20, .Lcpi_end20-__arm_cp.0_20
__arm_cp.0_21:
	.long	1073746728                      @ 0x40001328
.Lcpi_end21:
	.size	__arm_cp.0_21, .Lcpi_end21-__arm_cp.0_21
__arm_cp.0_22:
	.long	2598                            @ 0xa26
.Lcpi_end22:
	.size	__arm_cp.0_22, .Lcpi_end22-__arm_cp.0_22
__arm_cp.0_23:
	.long	2126                            @ 0x84e
.Lcpi_end23:
	.size	__arm_cp.0_23, .Lcpi_end23-__arm_cp.0_23
__arm_cp.0_24:
	.long	4276093987                      @ 0xfee00423
.Lcpi_end24:
	.size	__arm_cp.0_24, .Lcpi_end24-__arm_cp.0_24
__arm_cp.0_25:
	.long	17177112                        @ 0x1061a18
.Lcpi_end25:
	.size	__arm_cp.0_25, .Lcpi_end25-__arm_cp.0_25
__arm_cp.0_26:
	.long	1073746432                      @ 0x40001200
.Lcpi_end26:
	.size	__arm_cp.0_26, .Lcpi_end26-__arm_cp.0_26
__arm_cp.0_27:
	.long	1073746500                      @ 0x40001244
.Lcpi_end27:
	.size	__arm_cp.0_27, .Lcpi_end27-__arm_cp.0_27
__arm_cp.0_28:
	.long	1073746568                      @ 0x40001288
.Lcpi_end28:
	.size	__arm_cp.0_28, .Lcpi_end28-__arm_cp.0_28
__arm_cp.0_29:
	.long	40959                           @ 0x9fff
.Lcpi_end29:
	.size	__arm_cp.0_29, .Lcpi_end29-__arm_cp.0_29
__arm_cp.0_30:
	.long	4261477888                      @ 0xfe00fe00
.Lcpi_end30:
	.size	__arm_cp.0_30, .Lcpi_end30-__arm_cp.0_30
__arm_cp.0_31:
	.long	22020432                        @ 0x1500150
.Lcpi_end31:
	.size	__arm_cp.0_31, .Lcpi_end31-__arm_cp.0_31
.Lfunc_end0:
	.size	set_recommended_settings, .Lfunc_end0-set_recommended_settings
	.cfi_endproc
	.cantunwind
	.fnend
                                        @ -- End function
	.hidden	dcoff_calibration               @ -- Begin function dcoff_calibration
	.globl	dcoff_calibration
	.p2align	2
	.type	dcoff_calibration,%function
	.code	16                              @ @dcoff_calibration
	.thumb_func
dcoff_calibration:
.Lfunc_begin1:
	.loc	2 403 0 is_stmt 1               @ ../../../../../sdk/platform/core_modules/rf/src/rf_531.c:403:0
	.fnstart
	.cfi_startproc
@ %bb.0:
	.save	{r4, r5, r6, r7, lr}
	push	{r4, r5, r6, r7, lr}
	.cfi_def_cfa_offset 20
	.cfi_offset lr, -4
	.cfi_offset r7, -8
	.cfi_offset r6, -12
	.cfi_offset r5, -16
	.cfi_offset r4, -20
	.pad	#36
	sub	sp, #36
	.cfi_def_cfa_offset 56
.Ltmp3:
	@DEBUG_VALUE: dcoff_calibration:retval <- 0
	ldr	r1, __arm_cp.1_0
.Ltmp4:
	.loc	2 411 48 prologue_end           @ ../../../../../sdk/platform/core_modules/rf/src/rf_531.c:411:48
	ldr	r0, [r1]
.Ltmp5:
	@DEBUG_VALUE: dcoff_calibration:rf_enable_config2_reg_value <- $r0
	.loc	2 412 49                        @ ../../../../../sdk/platform/core_modules/rf/src/rf_531.c:412:49
	str	r0, [sp, #28]                   @ 4-byte Spill
.Ltmp6:
	@DEBUG_VALUE: dcoff_calibration:rf_enable_config2_reg_value <- [DW_OP_plus_uconst 28] [$sp+0]
	@DEBUG_VALUE: dcoff_calibration:rf_enable_config2_reg_value <- [DW_OP_plus_uconst 28] [$sp+0]
	ldr	r0, [r1, #72]
.Ltmp7:
	@DEBUG_VALUE: dcoff_calibration:rf_enable_config20_reg_value <- $r0
	.loc	2 413 49                        @ ../../../../../sdk/platform/core_modules/rf/src/rf_531.c:413:49
	str	r0, [sp, #24]                   @ 4-byte Spill
.Ltmp8:
	@DEBUG_VALUE: dcoff_calibration:rf_enable_config20_reg_value <- [DW_OP_plus_uconst 24] [$sp+0]
	@DEBUG_VALUE: dcoff_calibration:rf_enable_config20_reg_value <- [DW_OP_plus_uconst 24] [$sp+0]
	ldr	r0, [r1, #76]
.Ltmp9:
	@DEBUG_VALUE: dcoff_calibration:rf_enable_config21_reg_value <- $r0
	.loc	2 0 49 is_stmt 0                @ ../../../../../sdk/platform/core_modules/rf/src/rf_531.c:0:49
	str	r0, [sp, #20]                   @ 4-byte Spill
.Ltmp10:
	@DEBUG_VALUE: dcoff_calibration:rf_enable_config21_reg_value <- [DW_OP_plus_uconst 20] [$sp+0]
	@DEBUG_VALUE: dcoff_calibration:rf_enable_config21_reg_value <- [DW_OP_plus_uconst 20] [$sp+0]
	ldr	r4, __arm_cp.1_1
	.loc	2 414 49 is_stmt 1              @ ../../../../../sdk/platform/core_modules/rf/src/rf_531.c:414:49
	ldr	r0, [r4]
.Ltmp11:
	@DEBUG_VALUE: dcoff_calibration:rf_dc_offset_ctrl2_reg_value <- $r0
	.loc	2 0 49 is_stmt 0                @ ../../../../../sdk/platform/core_modules/rf/src/rf_531.c:0:49
	str	r0, [sp, #32]                   @ 4-byte Spill
.Ltmp12:
	@DEBUG_VALUE: dcoff_calibration:rf_dc_offset_ctrl2_reg_value <- [DW_OP_plus_uconst 32] [$sp+0]
	@DEBUG_VALUE: dcoff_calibration:rf_dc_offset_ctrl2_reg_value <- [DW_OP_plus_uconst 32] [$sp+0]
	ldr	r6, __arm_cp.1_2
	.loc	2 415 42 is_stmt 1              @ ../../../../../sdk/platform/core_modules/rf/src/rf_531.c:415:42
	ldr	r0, [r6, #32]
.Ltmp13:
	@DEBUG_VALUE: dcoff_calibration:rf_cal_ctrl_reg_value <- $r0
	.loc	2 0 42 is_stmt 0                @ ../../../../../sdk/platform/core_modules/rf/src/rf_531.c:0:42
	str	r0, [sp, #16]                   @ 4-byte Spill
.Ltmp14:
	@DEBUG_VALUE: dcoff_calibration:rf_cal_ctrl_reg_value <- [DW_OP_plus_uconst 16] [$sp+0]
	@DEBUG_VALUE: dcoff_calibration:rf_cal_ctrl_reg_value <- [DW_OP_plus_uconst 16] [$sp+0]
	ldr	r2, __arm_cp.1_3
	.loc	2 416 49 is_stmt 1              @ ../../../../../sdk/platform/core_modules/rf/src/rf_531.c:416:49
	ldr	r0, [r2]
.Ltmp15:
	@DEBUG_VALUE: dcoff_calibration:rf_enable_config37_reg_value <- $r0
	.loc	2 0 49 is_stmt 0                @ ../../../../../sdk/platform/core_modules/rf/src/rf_531.c:0:49
	str	r0, [sp, #12]                   @ 4-byte Spill
.Ltmp16:
	@DEBUG_VALUE: dcoff_calibration:rf_enable_config37_reg_value <- [DW_OP_plus_uconst 12] [$sp+0]
	@DEBUG_VALUE: dcoff_calibration:rf_enable_config37_reg_value <- [DW_OP_plus_uconst 12] [$sp+0]
	ldr	r3, __arm_cp.1_4
	.loc	2 417 43 is_stmt 1              @ ../../../../../sdk/platform/core_modules/rf/src/rf_531.c:417:43
	ldr	r0, [r3]
.Ltmp17:
	@DEBUG_VALUE: dcoff_calibration:rf_rfcu_ctrl_reg_value <- $r0
	.loc	2 418 38                        @ ../../../../../sdk/platform/core_modules/rf/src/rf_531.c:418:38
	str	r0, [sp, #4]                    @ 4-byte Spill
.Ltmp18:
	@DEBUG_VALUE: dcoff_calibration:rf_rfcu_ctrl_reg_value <- [DW_OP_plus_uconst 4] [$sp+0]
	@DEBUG_VALUE: dcoff_calibration:rf_rfcu_ctrl_reg_value <- [DW_OP_plus_uconst 4] [$sp+0]
	ldr	r0, [r6]
.Ltmp19:
	@DEBUG_VALUE: dcoff_calibration:rf_attr_reg_value <- $r0
	.loc	2 0 38 is_stmt 0                @ ../../../../../sdk/platform/core_modules/rf/src/rf_531.c:0:38
	str	r0, [sp, #8]                    @ 4-byte Spill
.Ltmp20:
	@DEBUG_VALUE: dcoff_calibration:rf_attr_reg_value <- [DW_OP_plus_uconst 8] [$sp+0]
	@DEBUG_VALUE: dcoff_calibration:rf_attr_reg_value <- [DW_OP_plus_uconst 8] [$sp+0]
	ldr	r0, __arm_cp.1_5
	.loc	2 419 46 is_stmt 1              @ ../../../../../sdk/platform/core_modules/rf/src/rf_531.c:419:46
	ldr	r0, [r0]
.Ltmp21:
	@DEBUG_VALUE: dcoff_calibration:adpll_attr_ctrl_reg_value <- $r0
	.loc	2 422 9                         @ ../../../../../sdk/platform/core_modules/rf/src/rf_531.c:422:9
	str	r0, [sp]                        @ 4-byte Spill
.Ltmp22:
	@DEBUG_VALUE: dcoff_calibration:adpll_attr_ctrl_reg_value <- [$sp+0]
	@DEBUG_VALUE: dcoff_calibration:adpll_attr_ctrl_reg_value <- [$sp+0]
	ldr	r0, [r3]
	movs	r7, #1
	orrs	r0, r7
	str	r0, [r3]
	.loc	2 425 9                         @ ../../../../../sdk/platform/core_modules/rf/src/rf_531.c:425:9
	strb	r7, [r6, #6]
	movs	r5, #0
	.loc	2 428 9                         @ ../../../../../sdk/platform/core_modules/rf/src/rf_531.c:428:9
	str	r5, [r1, #72]
	.loc	2 429 9                         @ ../../../../../sdk/platform/core_modules/rf/src/rf_531.c:429:9
	str	r5, [r1, #76]
	ldr	r0, __arm_cp.1_6
	.loc	2 430 9                         @ ../../../../../sdk/platform/core_modules/rf/src/rf_531.c:430:9
	str	r0, [r4]
	.loc	2 431 9                         @ ../../../../../sdk/platform/core_modules/rf/src/rf_531.c:431:9
	ldr	r0, [r4]
	movs	r1, #2
	orrs	r1, r0
	str	r1, [r4]
	lsls	r0, r7, #15
	.loc	2 432 9                         @ ../../../../../sdk/platform/core_modules/rf/src/rf_531.c:432:9
	ldr	r1, [r4]
	bics	r1, r0
	str	r1, [r4]
	lsls	r0, r7, #14
	.loc	2 433 9                         @ ../../../../../sdk/platform/core_modules/rf/src/rf_531.c:433:9
	ldr	r1, [r4]
	orrs	r1, r0
	str	r1, [r4]
	movs	r0, #3
	lsls	r0, r0, #8
	.loc	2 434 9                         @ ../../../../../sdk/platform/core_modules/rf/src/rf_531.c:434:9
	ldr	r1, [r4]
	bics	r1, r0
	lsls	r0, r7, #9
	adds	r0, r1, r0
	str	r0, [r4]
	.loc	2 435 9                         @ ../../../../../sdk/platform/core_modules/rf/src/rf_531.c:435:9
	str	r5, [r2]
	.loc	2 438 9                         @ ../../../../../sdk/platform/core_modules/rf/src/rf_531.c:438:9
	str	r5, [r6, #36]
.Ltmp23:
	.loc	2 442 17                        @ ../../../../../sdk/platform/core_modules/rf/src/rf_531.c:442:17
	bl	_WAIT10
.Ltmp24:
	.loc	2 443 22                        @ ../../../../../sdk/platform/core_modules/rf/src/rf_531.c:443:22
	ldr	r0, [r6, #32]
.Ltmp25:
	.loc	2 443 21 is_stmt 0              @ ../../../../../sdk/platform/core_modules/rf/src/rf_531.c:443:21
	lsls	r0, r0, #30
	mov	r0, r5
	bmi	.LBB1_4
.Ltmp26:
@ %bb.1:
	@DEBUG_VALUE: dcoff_calibration:adpll_attr_ctrl_reg_value <- [$sp+0]
	@DEBUG_VALUE: dcoff_calibration:rf_attr_reg_value <- [DW_OP_plus_uconst 8] [$sp+0]
	@DEBUG_VALUE: dcoff_calibration:rf_rfcu_ctrl_reg_value <- [DW_OP_plus_uconst 4] [$sp+0]
	@DEBUG_VALUE: dcoff_calibration:rf_enable_config37_reg_value <- [DW_OP_plus_uconst 12] [$sp+0]
	@DEBUG_VALUE: dcoff_calibration:rf_cal_ctrl_reg_value <- [DW_OP_plus_uconst 16] [$sp+0]
	@DEBUG_VALUE: dcoff_calibration:rf_dc_offset_ctrl2_reg_value <- [DW_OP_plus_uconst 32] [$sp+0]
	@DEBUG_VALUE: dcoff_calibration:rf_enable_config21_reg_value <- [DW_OP_plus_uconst 20] [$sp+0]
	@DEBUG_VALUE: dcoff_calibration:rf_enable_config20_reg_value <- [DW_OP_plus_uconst 24] [$sp+0]
	@DEBUG_VALUE: dcoff_calibration:rf_enable_config2_reg_value <- [DW_OP_plus_uconst 28] [$sp+0]
	@DEBUG_VALUE: dcoff_calibration:retval <- 0
	.loc	2 448 17 is_stmt 1              @ ../../../../../sdk/platform/core_modules/rf/src/rf_531.c:448:17
	ldr	r0, [r6, #32]
	orrs	r0, r7
	str	r0, [r6, #32]
	.loc	2 451 17                        @ ../../../../../sdk/platform/core_modules/rf/src/rf_531.c:451:17
	bl	_WAIT100
.Ltmp27:
	.loc	2 452 22                        @ ../../../../../sdk/platform/core_modules/rf/src/rf_531.c:452:22
	ldr	r0, [r6, #32]
.Ltmp28:
	.loc	2 452 21 is_stmt 0              @ ../../../../../sdk/platform/core_modules/rf/src/rf_531.c:452:21
	lsls	r0, r0, #31
	mov	r0, r5
	beq	.LBB1_4
.Ltmp29:
@ %bb.2:
	@DEBUG_VALUE: dcoff_calibration:adpll_attr_ctrl_reg_value <- [$sp+0]
	@DEBUG_VALUE: dcoff_calibration:rf_attr_reg_value <- [DW_OP_plus_uconst 8] [$sp+0]
	@DEBUG_VALUE: dcoff_calibration:rf_rfcu_ctrl_reg_value <- [DW_OP_plus_uconst 4] [$sp+0]
	@DEBUG_VALUE: dcoff_calibration:rf_enable_config37_reg_value <- [DW_OP_plus_uconst 12] [$sp+0]
	@DEBUG_VALUE: dcoff_calibration:rf_cal_ctrl_reg_value <- [DW_OP_plus_uconst 16] [$sp+0]
	@DEBUG_VALUE: dcoff_calibration:rf_dc_offset_ctrl2_reg_value <- [DW_OP_plus_uconst 32] [$sp+0]
	@DEBUG_VALUE: dcoff_calibration:rf_enable_config21_reg_value <- [DW_OP_plus_uconst 20] [$sp+0]
	@DEBUG_VALUE: dcoff_calibration:rf_enable_config20_reg_value <- [DW_OP_plus_uconst 24] [$sp+0]
	@DEBUG_VALUE: dcoff_calibration:rf_enable_config2_reg_value <- [DW_OP_plus_uconst 28] [$sp+0]
	@DEBUG_VALUE: dcoff_calibration:retval <- 0
	.loc	2 457 17 is_stmt 1              @ ../../../../../sdk/platform/core_modules/rf/src/rf_531.c:457:17
	bl	_WAIT1000
.Ltmp30:
	.loc	2 458 22                        @ ../../../../../sdk/platform/core_modules/rf/src/rf_531.c:458:22
	ldr	r0, [r6, #32]
.Ltmp31:
	.loc	2 458 21 is_stmt 0              @ ../../../../../sdk/platform/core_modules/rf/src/rf_531.c:458:21
	lsls	r0, r0, #31
	mov	r0, r5
	bne	.LBB1_4
.Ltmp32:
@ %bb.3:
	@DEBUG_VALUE: dcoff_calibration:adpll_attr_ctrl_reg_value <- [$sp+0]
	@DEBUG_VALUE: dcoff_calibration:rf_attr_reg_value <- [DW_OP_plus_uconst 8] [$sp+0]
	@DEBUG_VALUE: dcoff_calibration:rf_rfcu_ctrl_reg_value <- [DW_OP_plus_uconst 4] [$sp+0]
	@DEBUG_VALUE: dcoff_calibration:rf_enable_config37_reg_value <- [DW_OP_plus_uconst 12] [$sp+0]
	@DEBUG_VALUE: dcoff_calibration:rf_cal_ctrl_reg_value <- [DW_OP_plus_uconst 16] [$sp+0]
	@DEBUG_VALUE: dcoff_calibration:rf_dc_offset_ctrl2_reg_value <- [DW_OP_plus_uconst 32] [$sp+0]
	@DEBUG_VALUE: dcoff_calibration:rf_enable_config21_reg_value <- [DW_OP_plus_uconst 20] [$sp+0]
	@DEBUG_VALUE: dcoff_calibration:rf_enable_config20_reg_value <- [DW_OP_plus_uconst 24] [$sp+0]
	@DEBUG_VALUE: dcoff_calibration:rf_enable_config2_reg_value <- [DW_OP_plus_uconst 28] [$sp+0]
	@DEBUG_VALUE: dcoff_calibration:retval <- 0
	@DEBUG_VALUE: dcoff_calibration:retval <- 1
	.loc	2 0 21                          @ ../../../../../sdk/platform/core_modules/rf/src/rf_531.c:0:21
	mov	r0, r7
.Ltmp33:
.LBB1_4:
	@DEBUG_VALUE: dcoff_calibration:adpll_attr_ctrl_reg_value <- [$sp+0]
	@DEBUG_VALUE: dcoff_calibration:rf_attr_reg_value <- [DW_OP_plus_uconst 8] [$sp+0]
	@DEBUG_VALUE: dcoff_calibration:rf_rfcu_ctrl_reg_value <- [DW_OP_plus_uconst 4] [$sp+0]
	@DEBUG_VALUE: dcoff_calibration:rf_enable_config37_reg_value <- [DW_OP_plus_uconst 12] [$sp+0]
	@DEBUG_VALUE: dcoff_calibration:rf_cal_ctrl_reg_value <- [DW_OP_plus_uconst 16] [$sp+0]
	@DEBUG_VALUE: dcoff_calibration:rf_dc_offset_ctrl2_reg_value <- [DW_OP_plus_uconst 32] [$sp+0]
	@DEBUG_VALUE: dcoff_calibration:rf_enable_config21_reg_value <- [DW_OP_plus_uconst 20] [$sp+0]
	@DEBUG_VALUE: dcoff_calibration:rf_enable_config20_reg_value <- [DW_OP_plus_uconst 24] [$sp+0]
	@DEBUG_VALUE: dcoff_calibration:rf_enable_config2_reg_value <- [DW_OP_plus_uconst 28] [$sp+0]
	@DEBUG_VALUE: dcoff_calibration:retval <- undef
	.loc	2 466 9 is_stmt 1               @ ../../../../../sdk/platform/core_modules/rf/src/rf_531.c:466:9
	str	r5, [r6, #36]
	ldr	r1, __arm_cp.1_0
	.loc	2 476 9                         @ ../../../../../sdk/platform/core_modules/rf/src/rf_531.c:476:9
	ldr	r2, [sp, #28]                   @ 4-byte Reload
	str	r2, [r1]
	.loc	2 477 9                         @ ../../../../../sdk/platform/core_modules/rf/src/rf_531.c:477:9
	ldr	r2, [sp, #24]                   @ 4-byte Reload
	str	r2, [r1, #72]
	.loc	2 478 9                         @ ../../../../../sdk/platform/core_modules/rf/src/rf_531.c:478:9
	ldr	r2, [sp, #20]                   @ 4-byte Reload
	str	r2, [r1, #76]
	.loc	2 479 9                         @ ../../../../../sdk/platform/core_modules/rf/src/rf_531.c:479:9
	ldr	r1, [sp, #16]                   @ 4-byte Reload
	str	r1, [r6, #32]
	.loc	2 480 9                         @ ../../../../../sdk/platform/core_modules/rf/src/rf_531.c:480:9
	ldr	r1, __arm_cp.1_3
	ldr	r2, [sp, #12]                   @ 4-byte Reload
	str	r2, [r1]
	.loc	2 481 9                         @ ../../../../../sdk/platform/core_modules/rf/src/rf_531.c:481:9
	ldr	r1, __arm_cp.1_4
	ldr	r2, [sp, #4]                    @ 4-byte Reload
	str	r2, [r1]
	.loc	2 482 9                         @ ../../../../../sdk/platform/core_modules/rf/src/rf_531.c:482:9
	ldr	r1, [sp, #32]                   @ 4-byte Reload
	str	r1, [r4]
	.loc	2 483 9                         @ ../../../../../sdk/platform/core_modules/rf/src/rf_531.c:483:9
	ldr	r1, [sp, #8]                    @ 4-byte Reload
	str	r1, [r6]
	.loc	2 484 9                         @ ../../../../../sdk/platform/core_modules/rf/src/rf_531.c:484:9
	ldr	r1, __arm_cp.1_5
	ldr	r2, [sp]                        @ 4-byte Reload
	str	r2, [r1]
	.loc	2 486 9 epilogue_begin          @ ../../../../../sdk/platform/core_modules/rf/src/rf_531.c:486:9
	add	sp, #36
	pop	{r4, r5, r6, r7, pc}
.Ltmp34:
	.loc	2 0 9 is_stmt 0                 @ :0:9
.Ltmp35:
	.p2align	2
@ %bb.5:
__arm_cp.1_0:
	.long	1073746440                      @ 0x40001208
.Lcpi_end32:
	.size	__arm_cp.1_0, .Lcpi_end32-__arm_cp.1_0
__arm_cp.1_1:
	.long	1073750056                      @ 0x40002028
.Lcpi_end33:
	.size	__arm_cp.1_1, .Lcpi_end33-__arm_cp.1_1
__arm_cp.1_2:
	.long	1073745920                      @ 0x40001000
.Lcpi_end34:
	.size	__arm_cp.1_2, .Lcpi_end34-__arm_cp.1_2
__arm_cp.1_3:
	.long	1073746580                      @ 0x40001294
.Lcpi_end35:
	.size	__arm_cp.1_3, .Lcpi_end35-__arm_cp.1_3
__arm_cp.1_4:
	.long	1073746088                      @ 0x400010a8
.Lcpi_end36:
	.size	__arm_cp.1_4, .Lcpi_end36-__arm_cp.1_4
__arm_cp.1_5:
	.long	1073754112                      @ 0x40003000
.Lcpi_end37:
	.size	__arm_cp.1_5, .Lcpi_end37-__arm_cp.1_5
__arm_cp.1_6:
	.long	16295060                        @ 0xf8a494
.Lcpi_end38:
	.size	__arm_cp.1_6, .Lcpi_end38-__arm_cp.1_6
.Lfunc_end1:
	.size	dcoff_calibration, .Lfunc_end1-dcoff_calibration
	.cfi_endproc
	.cantunwind
	.fnend
                                        @ -- End function
	.hidden	kdco_calibration                @ -- Begin function kdco_calibration
	.globl	kdco_calibration
	.p2align	2
	.type	kdco_calibration,%function
	.code	16                              @ @kdco_calibration
	.thumb_func
kdco_calibration:
.Lfunc_begin2:
	.loc	2 553 0 is_stmt 1               @ ../../../../../sdk/platform/core_modules/rf/src/rf_531.c:553:0
	.fnstart
	.cfi_startproc
@ %bb.0:
	.save	{r4, r5, r6, r7, lr}
	push	{r4, r5, r6, r7, lr}
	.cfi_def_cfa_offset 20
	.cfi_offset lr, -4
	.cfi_offset r7, -8
	.cfi_offset r6, -12
	.cfi_offset r5, -16
	.cfi_offset r4, -20
	.pad	#20
	sub	sp, #20
	.cfi_def_cfa_offset 40
.Ltmp36:
	.loc	2 561 9 prologue_end            @ ../../../../../sdk/platform/core_modules/rf/src/rf_531.c:561:9
	bl	en_hclk
.Ltmp37:
	.loc	2 0 9 is_stmt 0                 @ ../../../../../sdk/platform/core_modules/rf/src/rf_531.c:0:9
	ldr	r5, __arm_cp.2_0
	.loc	2 562 9 is_stmt 1               @ ../../../../../sdk/platform/core_modules/rf/src/rf_531.c:562:9
	ldr	r0, [r5]
	movs	r1, #20
	orrs	r1, r0
	movs	r0, #107
	bics	r1, r0
	str	r1, [r5]
	.loc	2 563 9                         @ ../../../../../sdk/platform/core_modules/rf/src/rf_531.c:563:9
	bl	en_adpll_tx
.Ltmp38:
	.loc	2 564 9                         @ ../../../../../sdk/platform/core_modules/rf/src/rf_531.c:564:9
	bl	_WAIT400
.Ltmp39:
	.loc	2 567 14                        @ ../../../../../sdk/platform/core_modules/rf/src/rf_531.c:567:14
	ldr	r2, [r5, #124]
.Ltmp40:
	@DEBUG_VALUE: kdco_calibration:cc <- [DW_OP_constu 15, DW_OP_and, DW_OP_stack_value] $r2
	.loc	2 568 14                        @ ../../../../../sdk/platform/core_modules/rf/src/rf_531.c:568:14
	ldr	r1, [r5, #124]
.Ltmp41:
	@DEBUG_VALUE: kdco_calibration:cm <- [DW_OP_constu 4, DW_OP_shr, DW_OP_constu 7, DW_OP_and, DW_OP_stack_value] $r1
	.loc	2 569 14                        @ ../../../../../sdk/platform/core_modules/rf/src/rf_531.c:569:14
	ldr	r0, [r5, #124]
.Ltmp42:
	@DEBUG_VALUE: kdco_calibration:cf <- [DW_OP_constu 7, DW_OP_shr, DW_OP_constu 63, DW_OP_and, DW_OP_stack_value] $r0
	.loc	2 572 9                         @ ../../../../../sdk/platform/core_modules/rf/src/rf_531.c:572:9
	ldr	r3, [r5, #80]
	movs	r4, #30
	bics	r3, r4
	lsls	r2, r2, #28
.Ltmp43:
	lsrs	r2, r2, #27
	adds	r2, r3, r2
	str	r2, [r5, #80]
	movs	r2, #7
	lsls	r2, r2, #9
	.loc	2 573 9                         @ ../../../../../sdk/platform/core_modules/rf/src/rf_531.c:573:9
	ldr	r3, [r5, #80]
	bics	r3, r2
	movs	r2, #112
	ands	r2, r1
	lsls	r1, r2, #5
.Ltmp44:
	adds	r1, r3, r1
	str	r1, [r5, #80]
	movs	r1, #63
	lsls	r1, r1, #17
	.loc	2 574 9                         @ ../../../../../sdk/platform/core_modules/rf/src/rf_531.c:574:9
	lsls	r0, r0, #10
.Ltmp45:
	ands	r0, r1
	ldr	r2, [r5, #80]
	bics	r2, r1
	adds	r0, r2, r0
	str	r0, [r5, #80]
	.loc	2 575 9                         @ ../../../../../sdk/platform/core_modules/rf/src/rf_531.c:575:9
	ldr	r0, [r5, #80]
	ldr	r1, __arm_cp.2_1
	ands	r0, r1
	movs	r1, #3
	lsls	r1, r1, #29
	adds	r0, r0, r1
	str	r0, [r5, #80]
	movs	r7, #2
	mvns	r1, r7
	.loc	2 577 9                         @ ../../../../../sdk/platform/core_modules/rf/src/rf_531.c:577:9
	str	r1, [sp, #4]                    @ 4-byte Spill
	ldr	r0, [r5, #76]
	ands	r0, r1
	str	r0, [r5, #76]
	.loc	2 578 9                         @ ../../../../../sdk/platform/core_modules/rf/src/rf_531.c:578:9
	ldr	r0, [r5, #76]
	movs	r4, #1
	orrs	r0, r4
	str	r0, [r5, #76]
	.loc	2 579 9                         @ ../../../../../sdk/platform/core_modules/rf/src/rf_531.c:579:9
	ldr	r0, [r5, #80]
	orrs	r0, r4
	str	r0, [r5, #80]
	lsls	r1, r4, #8
	.loc	2 580 9                         @ ../../../../../sdk/platform/core_modules/rf/src/rf_531.c:580:9
	str	r1, [sp, #16]                   @ 4-byte Spill
	ldr	r0, [r5, #80]
	orrs	r0, r1
	str	r0, [r5, #80]
	lsls	r1, r4, #16
	.loc	2 581 9                         @ ../../../../../sdk/platform/core_modules/rf/src/rf_531.c:581:9
	str	r1, [sp, #12]                   @ 4-byte Spill
	ldr	r0, [r5, #80]
	orrs	r0, r1
	str	r0, [r5, #80]
	ldr	r0, __arm_cp.2_2
	.loc	2 582 9                         @ ../../../../../sdk/platform/core_modules/rf/src/rf_531.c:582:9
	adds	r0, r0, #1
	ldr	r1, [r5, #80]
	orrs	r1, r0
	str	r1, [r5, #80]
	.loc	2 585 9                         @ ../../../../../sdk/platform/core_modules/rf/src/rf_531.c:585:9
	ldr	r0, [r5, #64]
	movs	r1, #64
	str	r1, [sp, #8]                    @ 4-byte Spill
	orrs	r0, r1
	str	r0, [r5, #64]
	.loc	2 586 9                         @ ../../../../../sdk/platform/core_modules/rf/src/rf_531.c:586:9
	ldr	r0, [r5, #64]
	movs	r1, #31
	orrs	r1, r0
	str	r1, [r5, #64]
	.loc	2 589 9                         @ ../../../../../sdk/platform/core_modules/rf/src/rf_531.c:589:9
	ldr	r0, [r5, #76]
	orrs	r0, r7
	str	r0, [r5, #76]
	.loc	2 595 9                         @ ../../../../../sdk/platform/core_modules/rf/src/rf_531.c:595:9
	bl	_WAIT1000
.Ltmp46:
	.loc	2 596 15                        @ ../../../../../sdk/platform/core_modules/rf/src/rf_531.c:596:15
	ldr	r6, [r5, #120]
.Ltmp47:
	@DEBUG_VALUE: kdco_calibration:f1 <- [DW_OP_constu 8388607, DW_OP_and, DW_OP_stack_value] $r6
	.loc	2 597 40                        @ ../../../../../sdk/platform/core_modules/rf/src/rf_531.c:597:40
	ldr	r0, __arm_cp.2_3
	strh	r6, [r0, #20]
	.loc	2 600 9                         @ ../../../../../sdk/platform/core_modules/rf/src/rf_531.c:600:9
	ldr	r0, [r5, #76]
	ldr	r1, [sp, #4]                    @ 4-byte Reload
	ands	r0, r1
	str	r0, [r5, #76]
	.loc	2 601 9                         @ ../../../../../sdk/platform/core_modules/rf/src/rf_531.c:601:9
	ldr	r0, [r5, #80]
	ldr	r1, __arm_cp.2_1
	ands	r0, r1
	movs	r1, #5
	lsls	r1, r1, #29
	adds	r0, r0, r1
	str	r0, [r5, #80]
	.loc	2 602 9                         @ ../../../../../sdk/platform/core_modules/rf/src/rf_531.c:602:9
	ldr	r0, [r5, #76]
	orrs	r0, r7
	str	r0, [r5, #76]
	.loc	2 607 9                         @ ../../../../../sdk/platform/core_modules/rf/src/rf_531.c:607:9
	bl	_WAIT1000
.Ltmp48:
	.loc	2 608 15                        @ ../../../../../sdk/platform/core_modules/rf/src/rf_531.c:608:15
	ldr	r0, [r5, #120]
.Ltmp49:
	@DEBUG_VALUE: kdco_calibration:f2 <- [DW_OP_constu 8388607, DW_OP_and, DW_OP_stack_value] $r0
	.loc	2 609 40                        @ ../../../../../sdk/platform/core_modules/rf/src/rf_531.c:609:40
	ldr	r1, __arm_cp.2_3
	strh	r0, [r1, #22]
	ldr	r1, __arm_cp.2_2
	.loc	2 596 15                        @ ../../../../../sdk/platform/core_modules/rf/src/rf_531.c:596:15
	ands	r6, r1
.Ltmp50:
	.loc	2 608 15                        @ ../../../../../sdk/platform/core_modules/rf/src/rf_531.c:608:15
	ands	r0, r1
.Ltmp51:
	.loc	2 613 34                        @ ../../../../../sdk/platform/core_modules/rf/src/rf_531.c:613:34
	subs	r1, r6, r0
	ldr	r0, __arm_cp.2_4
	.loc	2 613 30 is_stmt 0              @ ../../../../../sdk/platform/core_modules/rf/src/rf_531.c:613:30
	bl	__aeabi_uidiv
.Ltmp52:
	@DEBUG_VALUE: kdco_calibration:ldco <- $r0
	.loc	2 0 30                          @ ../../../../../sdk/platform/core_modules/rf/src/rf_531.c:0:30
	ldr	r7, __arm_cp.2_3
	.loc	2 614 40 is_stmt 1              @ ../../../../../sdk/platform/core_modules/rf/src/rf_531.c:614:40
	strh	r0, [r7, #24]
	mvns	r1, r4
	.loc	2 618 9                         @ ../../../../../sdk/platform/core_modules/rf/src/rf_531.c:618:9
	ldr	r2, [r5, #76]
	ands	r2, r1
	str	r2, [r5, #76]
	.loc	2 619 9                         @ ../../../../../sdk/platform/core_modules/rf/src/rf_531.c:619:9
	ldr	r2, [r5, #80]
	ands	r2, r1
	str	r2, [r5, #80]
	.loc	2 620 9                         @ ../../../../../sdk/platform/core_modules/rf/src/rf_531.c:620:9
	ldr	r1, [r5, #80]
	ldr	r2, [sp, #16]                   @ 4-byte Reload
	bics	r1, r2
	str	r1, [r5, #80]
	.loc	2 621 9                         @ ../../../../../sdk/platform/core_modules/rf/src/rf_531.c:621:9
	ldr	r1, [r5, #80]
	ldr	r2, [sp, #12]                   @ 4-byte Reload
	bics	r1, r2
	str	r1, [r5, #80]
	lsls	r1, r4, #23
	.loc	2 622 9                         @ ../../../../../sdk/platform/core_modules/rf/src/rf_531.c:622:9
	ldr	r2, [r5, #80]
	bics	r2, r1
	str	r2, [r5, #80]
	.loc	2 623 9                         @ ../../../../../sdk/platform/core_modules/rf/src/rf_531.c:623:9
	ldr	r1, [r5, #64]
	ldr	r2, [sp, #8]                    @ 4-byte Reload
	bics	r1, r2
	str	r1, [r5, #64]
	.loc	2 615 38                        @ ../../../../../sdk/platform/core_modules/rf/src/rf_531.c:615:38
	lsls	r1, r0, #23
	lsrs	r1, r1, #31
.Ltmp53:
	@DEBUG_VALUE: kdco_calibration:exp_kdco <- $r1
	.loc	2 616 34                        @ ../../../../../sdk/platform/core_modules/rf/src/rf_531.c:616:34
	lsrs	r0, r1
.Ltmp54:
	.loc	2 0 34 is_stmt 0                @ ../../../../../sdk/platform/core_modules/rf/src/rf_531.c:0:34
	movs	r2, #127
	.loc	2 616 45                        @ ../../../../../sdk/platform/core_modules/rf/src/rf_531.c:616:45
	ands	r2, r0
.Ltmp55:
	@DEBUG_VALUE: kdco_calibration:lin_kdco <- $r2
	.loc	2 617 29 is_stmt 1              @ ../../../../../sdk/platform/core_modules/rf/src/rf_531.c:617:29
	lsls	r0, r1, #7
	.loc	2 617 42 is_stmt 0              @ ../../../../../sdk/platform/core_modules/rf/src/rf_531.c:617:42
	adds	r0, r2, r0
	adds	r6, r0, #3
.Ltmp56:
	@DEBUG_VALUE: kdco_calibration:kdco_res <- $r6
	.loc	2 624 9 is_stmt 1               @ ../../../../../sdk/platform/core_modules/rf/src/rf_531.c:624:9
	bl	dis_adpll
.Ltmp57:
	.loc	2 625 9                         @ ../../../../../sdk/platform/core_modules/rf/src/rf_531.c:625:9
	bl	_WAIT10
.Ltmp58:
	.loc	2 627 40                        @ ../../../../../sdk/platform/core_modules/rf/src/rf_531.c:627:40
	strb	r6, [r7, #1]
	.loc	2 629 9                         @ ../../../../../sdk/platform/core_modules/rf/src/rf_531.c:629:9
	uxtb	r0, r6
	ldr	r1, [r5, #12]
	movs	r2, #255
	bics	r1, r2
	adds	r1, r1, r0
	str	r1, [r5, #12]
	.loc	2 630 9                         @ ../../../../../sdk/platform/core_modules/rf/src/rf_531.c:630:9
	lsls	r0, r0, #8
	lsls	r1, r2, #8
	ldr	r2, [r5, #12]
	bics	r2, r1
	adds	r0, r2, r0
	str	r0, [r5, #12]
	.loc	2 632 9                         @ ../../../../../sdk/platform/core_modules/rf/src/rf_531.c:632:9
	mov	r0, r4
	.loc	2 632 9 epilogue_begin is_stmt 0 @ ../../../../../sdk/platform/core_modules/rf/src/rf_531.c:632:9
	add	sp, #20
	pop	{r4, r5, r6, r7, pc}
.Ltmp59:
	.loc	2 0 9                           @ :0:9
.Ltmp60:
	.p2align	2
@ %bb.1:
__arm_cp.2_0:
	.long	1073754116                      @ 0x40003004
.Lcpi_end39:
	.size	__arm_cp.2_0, .Lcpi_end39-__arm_cp.2_0
__arm_cp.2_1:
	.long	16777215                        @ 0xffffff
.Lcpi_end40:
	.size	__arm_cp.2_1, .Lcpi_end40-__arm_cp.2_1
__arm_cp.2_2:
	.long	8388607                         @ 0x7fffff
.Lcpi_end41:
	.size	__arm_cp.2_2, .Lcpi_end41-__arm_cp.2_2
__arm_cp.2_3:
	.long	calibration_res
.Lcpi_end42:
	.size	__arm_cp.2_3, .Lcpi_end42-__arm_cp.2_3
__arm_cp.2_4:
	.long	57408                           @ 0xe040
.Lcpi_end43:
	.size	__arm_cp.2_4, .Lcpi_end43-__arm_cp.2_4
.Lfunc_end2:
	.size	kdco_calibration, .Lfunc_end2-kdco_calibration
	.cfi_endproc
	.cantunwind
	.fnend
                                        @ -- End function
	.hidden	en_adpll_tx                     @ -- Begin function en_adpll_tx
	.globl	en_adpll_tx
	.p2align	2
	.type	en_adpll_tx,%function
	.code	16                              @ @en_adpll_tx
	.thumb_func
en_adpll_tx:
.Lfunc_begin3:
	.loc	2 710 0 is_stmt 1               @ ../../../../../sdk/platform/core_modules/rf/src/rf_531.c:710:0
	.fnstart
	.cfi_startproc
@ %bb.0:
	.save	{r7, lr}
	push	{r7, lr}
	.cfi_def_cfa_offset 8
	.cfi_offset lr, -4
	.cfi_offset r7, -8
	ldr	r0, __arm_cp.3_0
.Ltmp61:
	.loc	2 712 32 prologue_end           @ ../../../../../sdk/platform/core_modules/rf/src/rf_531.c:712:32
	ldr	r1, [r0]
	lsls	r1, r1, #22
	lsrs	r1, r1, #27
	.loc	2 712 30 is_stmt 0              @ ../../../../../sdk/platform/core_modules/rf/src/rf_531.c:712:30
	ldr	r2, __arm_cp.3_1
	strb	r1, [r2]
	movs	r1, #31
	lsls	r1, r1, #5
	.loc	2 713 9 is_stmt 1               @ ../../../../../sdk/platform/core_modules/rf/src/rf_531.c:713:9
	ldr	r2, [r0]
	bics	r2, r1
	str	r2, [r0]
	ldr	r0, __arm_cp.3_2
	movs	r1, #1
	.loc	2 715 9                         @ ../../../../../sdk/platform/core_modules/rf/src/rf_531.c:715:9
	strb	r1, [r0]
	ldr	r0, __arm_cp.3_3
	.loc	2 716 9                         @ ../../../../../sdk/platform/core_modules/rf/src/rf_531.c:716:9
	ldr	r1, [r0]
	movs	r2, #3
	orrs	r2, r1
	str	r2, [r0]
	.loc	2 717 9                         @ ../../../../../sdk/platform/core_modules/rf/src/rf_531.c:717:9
	bl	_WAIT100
.Ltmp62:
	.loc	2 719 1 epilogue_begin          @ ../../../../../sdk/platform/core_modules/rf/src/rf_531.c:719:1
	pop	{r7, pc}
.Ltmp63:
	.loc	2 0 1 is_stmt 0                 @ :0:1
.Ltmp64:
	.p2align	2
@ %bb.1:
__arm_cp.3_0:
	.long	1073746508                      @ 0x4000124c
.Lcpi_end44:
	.size	__arm_cp.3_0, .Lcpi_end44-__arm_cp.3_0
__arm_cp.3_1:
	.long	pa_en_dcf_tx_setting
.Lcpi_end45:
	.size	__arm_cp.3_1, .Lcpi_end45-__arm_cp.3_1
__arm_cp.3_2:
	.long	1073745926                      @ 0x40001006
.Lcpi_end46:
	.size	__arm_cp.3_2, .Lcpi_end46-__arm_cp.3_2
__arm_cp.3_3:
	.long	1073746092                      @ 0x400010ac
.Lcpi_end47:
	.size	__arm_cp.3_3, .Lcpi_end47-__arm_cp.3_3
.Lfunc_end3:
	.size	en_adpll_tx, .Lfunc_end3-en_adpll_tx
	.cfi_endproc
	.cantunwind
	.fnend
                                        @ -- End function
	.hidden	dis_adpll                       @ -- Begin function dis_adpll
	.globl	dis_adpll
	.p2align	2
	.type	dis_adpll,%function
	.code	16                              @ @dis_adpll
	.thumb_func
dis_adpll:
.Lfunc_begin4:
	.loc	2 700 0 is_stmt 1               @ ../../../../../sdk/platform/core_modules/rf/src/rf_531.c:700:0
	.fnstart
	.cfi_startproc
@ %bb.0:
	.save	{r7, lr}
	push	{r7, lr}
	.cfi_def_cfa_offset 8
	.cfi_offset lr, -4
	.cfi_offset r7, -8
	ldr	r0, __arm_cp.4_0
	movs	r1, #0
.Ltmp65:
	.loc	2 701 9 prologue_end            @ ../../../../../sdk/platform/core_modules/rf/src/rf_531.c:701:9
	str	r1, [r0]
	.loc	2 702 9                         @ ../../../../../sdk/platform/core_modules/rf/src/rf_531.c:702:9
	bl	_WAIT100
.Ltmp66:
	.loc	2 705 9                         @ ../../../../../sdk/platform/core_modules/rf/src/rf_531.c:705:9
	ldr	r0, __arm_cp.4_1
	ldrb	r0, [r0]
	movs	r1, #31
	lsls	r1, r1, #5
	ldr	r2, __arm_cp.4_2
	ldr	r3, [r2]
	bics	r3, r1
	lsls	r0, r0, #27
	lsrs	r0, r0, #22
	adds	r0, r0, r3
	str	r0, [r2]
	.loc	2 706 1 epilogue_begin          @ ../../../../../sdk/platform/core_modules/rf/src/rf_531.c:706:1
	pop	{r7, pc}
.Ltmp67:
	.loc	2 0 1 is_stmt 0                 @ :0:1
.Ltmp68:
	.p2align	2
@ %bb.1:
__arm_cp.4_0:
	.long	1073746092                      @ 0x400010ac
.Lcpi_end48:
	.size	__arm_cp.4_0, .Lcpi_end48-__arm_cp.4_0
__arm_cp.4_1:
	.long	pa_en_dcf_tx_setting
.Lcpi_end49:
	.size	__arm_cp.4_1, .Lcpi_end49-__arm_cp.4_1
__arm_cp.4_2:
	.long	1073746508                      @ 0x4000124c
.Lcpi_end50:
	.size	__arm_cp.4_2, .Lcpi_end50-__arm_cp.4_2
.Lfunc_end4:
	.size	dis_adpll, .Lfunc_end4-dis_adpll
	.cfi_endproc
	.cantunwind
	.fnend
                                        @ -- End function
	.hidden	rf_power_up                     @ -- Begin function rf_power_up
	.globl	rf_power_up
	.p2align	1
	.type	rf_power_up,%function
	.code	16                              @ @rf_power_up
	.thumb_func
rf_power_up:
.Lfunc_begin5:
	.fnstart
	.cfi_startproc
@ %bb.0:
	.loc	2 650 1 prologue_end is_stmt 1  @ ../../../../../sdk/platform/core_modules/rf/src/rf_531.c:650:1
	bx	lr
.Ltmp69:
.Lfunc_end5:
	.size	rf_power_up, .Lfunc_end5-rf_power_up
	.cfi_endproc
	.cantunwind
	.fnend
                                        @ -- End function
	.hidden	rf_power_down                   @ -- Begin function rf_power_down
	.globl	rf_power_down
	.p2align	1
	.type	rf_power_down,%function
	.code	16                              @ @rf_power_down
	.thumb_func
rf_power_down:
.Lfunc_begin6:
	.fnstart
	.cfi_startproc
@ %bb.0:
	.loc	2 655 1 prologue_end            @ ../../../../../sdk/platform/core_modules/rf/src/rf_531.c:655:1
	bx	lr
.Ltmp70:
.Lfunc_end6:
	.size	rf_power_down, .Lfunc_end6-rf_power_down
	.cfi_endproc
	.cantunwind
	.fnend
                                        @ -- End function
	.hidden	kdtc_cal_init                   @ -- Begin function kdtc_cal_init
	.globl	kdtc_cal_init
	.p2align	2
	.type	kdtc_cal_init,%function
	.code	16                              @ @kdtc_cal_init
	.thumb_func
kdtc_cal_init:
.Lfunc_begin7:
	.loc	2 722 0                         @ ../../../../../sdk/platform/core_modules/rf/src/rf_531.c:722:0
	.fnstart
	.cfi_startproc
@ %bb.0:
	.save	{r4, lr}
	push	{r4, lr}
	.cfi_def_cfa_offset 8
	.cfi_offset lr, -4
	.cfi_offset r4, -8
	ldr	r0, __arm_cp.7_0
.Ltmp71:
	.loc	2 727 24 prologue_end           @ ../../../../../sdk/platform/core_modules/rf/src/rf_531.c:727:24
	ldr	r1, [r0, #40]
	.loc	2 727 22 is_stmt 0              @ ../../../../../sdk/platform/core_modules/rf/src/rf_531.c:727:22
	ldr	r2, __arm_cp.7_1
	str	r1, [r2]
	movs	r1, #0
	mvns	r1, r1
	.loc	2 728 9 is_stmt 1               @ ../../../../../sdk/platform/core_modules/rf/src/rf_531.c:728:9
	str	r1, [r0, #40]
	.loc	2 729 9                         @ ../../../../../sdk/platform/core_modules/rf/src/rf_531.c:729:9
	ldr	r2, [r0]
	movs	r1, #63
	bics	r2, r1
	str	r2, [r0]
	movs	r3, #1
	lsls	r2, r3, #15
	.loc	2 730 9                         @ ../../../../../sdk/platform/core_modules/rf/src/rf_531.c:730:9
	ldr	r4, [r0]
	bics	r4, r2
	str	r4, [r0]
	movs	r2, #3
	lsls	r2, r2, #9
	.loc	2 731 9                         @ ../../../../../sdk/platform/core_modules/rf/src/rf_531.c:731:9
	ldr	r4, [r0, #4]
	bics	r4, r2
	lsls	r3, r3, #10
	adds	r3, r4, r3
	str	r3, [r0, #4]
	.loc	2 732 9                         @ ../../../../../sdk/platform/core_modules/rf/src/rf_531.c:732:9
	ldr	r3, [r0, #4]
	movs	r4, #64
	orrs	r4, r3
	movs	r3, #48
	bics	r4, r3
	str	r4, [r0, #4]
	lsls	r3, r1, #24
	.loc	2 733 9                         @ ../../../../../sdk/platform/core_modules/rf/src/rf_531.c:733:9
	ldr	r4, [r0, #24]
	bics	r4, r3
	movs	r3, #11
	lsls	r3, r3, #25
	adds	r3, r4, r3
	str	r3, [r0, #24]
	lsls	r1, r1, #6
	.loc	2 734 9                         @ ../../../../../sdk/platform/core_modules/rf/src/rf_531.c:734:9
	ldr	r3, [r0, #24]
	bics	r3, r1
	adds	r1, r3, r2
	str	r1, [r0, #24]
	.loc	2 735 9                         @ ../../../../../sdk/platform/core_modules/rf/src/rf_531.c:735:9
	ldr	r1, [r0, #24]
	movs	r2, #24
	orrs	r2, r1
	movs	r1, #39
	bics	r2, r1
	str	r2, [r0, #24]
	.loc	2 736 1 epilogue_begin          @ ../../../../../sdk/platform/core_modules/rf/src/rf_531.c:736:1
	pop	{r4, pc}
.Ltmp72:
	.loc	2 0 1 is_stmt 0                 @ :0:1
.Ltmp73:
	.p2align	2
@ %bb.1:
__arm_cp.7_0:
	.long	1073754136                      @ 0x40003018
.Lcpi_end51:
	.size	__arm_cp.7_0, .Lcpi_end51-__arm_cp.7_0
__arm_cp.7_1:
	.long	fsm_ctrl_reg
.Lcpi_end52:
	.size	__arm_cp.7_1, .Lcpi_end52-__arm_cp.7_1
.Lfunc_end7:
	.size	kdtc_cal_init, .Lfunc_end7-kdtc_cal_init
	.cfi_endproc
	.cantunwind
	.fnend
                                        @ -- End function
	.hidden	kdtc_cal_end                    @ -- Begin function kdtc_cal_end
	.globl	kdtc_cal_end
	.p2align	2
	.type	kdtc_cal_end,%function
	.code	16                              @ @kdtc_cal_end
	.thumb_func
kdtc_cal_end:
.Lfunc_begin8:
	.fnstart
	.cfi_startproc
@ %bb.0:
	.loc	2 742 9 prologue_end is_stmt 1  @ ../../../../../sdk/platform/core_modules/rf/src/rf_531.c:742:9
	ldr	r0, __arm_cp.8_0
	ldr	r1, [r0]
	ldr	r0, __arm_cp.8_1
	str	r1, [r0, #40]
	.loc	2 743 9                         @ ../../../../../sdk/platform/core_modules/rf/src/rf_531.c:743:9
	ldr	r1, [r0]
	movs	r2, #28
	orrs	r2, r1
	movs	r1, #35
	bics	r2, r1
	str	r2, [r0]
	movs	r1, #1
	lsls	r1, r1, #15
	.loc	2 744 9                         @ ../../../../../sdk/platform/core_modules/rf/src/rf_531.c:744:9
	ldr	r2, [r0]
	bics	r2, r1
	str	r2, [r0]
	movs	r1, #63
	lsls	r2, r1, #24
	.loc	2 745 9                         @ ../../../../../sdk/platform/core_modules/rf/src/rf_531.c:745:9
	ldr	r3, [r0, #24]
	bics	r3, r2
	movs	r2, #7
	lsls	r2, r2, #26
	adds	r2, r3, r2
	str	r2, [r0, #24]
	lsls	r1, r1, #6
	.loc	2 746 9                         @ ../../../../../sdk/platform/core_modules/rf/src/rf_531.c:746:9
	ldr	r2, [r0, #24]
	bics	r2, r1
	movs	r1, #15
	lsls	r1, r1, #7
	adds	r1, r2, r1
	str	r1, [r0, #24]
	.loc	2 747 9                         @ ../../../../../sdk/platform/core_modules/rf/src/rf_531.c:747:9
	ldr	r1, [r0, #24]
	movs	r2, #30
	orrs	r2, r1
	movs	r1, #33
	bics	r2, r1
	str	r2, [r0, #24]
	.loc	2 748 1                         @ ../../../../../sdk/platform/core_modules/rf/src/rf_531.c:748:1
	bx	lr
.Ltmp74:
	.loc	2 0 1 is_stmt 0                 @ :0:1
.Ltmp75:
	.p2align	2
@ %bb.1:
__arm_cp.8_0:
	.long	fsm_ctrl_reg
.Lcpi_end53:
	.size	__arm_cp.8_0, .Lcpi_end53-__arm_cp.8_0
__arm_cp.8_1:
	.long	1073754136                      @ 0x40003018
.Lcpi_end54:
	.size	__arm_cp.8_1, .Lcpi_end54-__arm_cp.8_1
.Lfunc_end8:
	.size	kdtc_cal_end, .Lfunc_end8-kdtc_cal_end
	.cfi_endproc
	.cantunwind
	.fnend
                                        @ -- End function
	.hidden	kdco_cal_init                   @ -- Begin function kdco_cal_init
	.globl	kdco_cal_init
	.p2align	2
	.type	kdco_cal_init,%function
	.code	16                              @ @kdco_cal_init
	.thumb_func
kdco_cal_init:
.Lfunc_begin9:
	.loc	2 776 0 is_stmt 1               @ ../../../../../sdk/platform/core_modules/rf/src/rf_531.c:776:0
	.fnstart
	.cfi_startproc
@ %bb.0:
	ldr	r0, __arm_cp.9_0
	movs	r1, #0
.Ltmp76:
	.loc	2 778 9 prologue_end            @ ../../../../../sdk/platform/core_modules/rf/src/rf_531.c:778:9
	strb	r1, [r0]
	.loc	2 779 24                        @ ../../../../../sdk/platform/core_modules/rf/src/rf_531.c:779:24
	ldr	r2, [r0, #44]
	.loc	2 779 22 is_stmt 0              @ ../../../../../sdk/platform/core_modules/rf/src/rf_531.c:779:22
	ldr	r3, __arm_cp.9_1
	str	r2, [r3]
	mvns	r1, r1
	.loc	2 780 9 is_stmt 1               @ ../../../../../sdk/platform/core_modules/rf/src/rf_531.c:780:9
	str	r1, [r0, #44]
	.loc	2 781 1                         @ ../../../../../sdk/platform/core_modules/rf/src/rf_531.c:781:1
	bx	lr
.Ltmp77:
	.loc	2 0 1 is_stmt 0                 @ :0:1
.Ltmp78:
	.p2align	2
@ %bb.1:
__arm_cp.9_0:
	.long	1073754132                      @ 0x40003014
.Lcpi_end55:
	.size	__arm_cp.9_0, .Lcpi_end55-__arm_cp.9_0
__arm_cp.9_1:
	.long	fsm_ctrl_reg
.Lcpi_end56:
	.size	__arm_cp.9_1, .Lcpi_end56-__arm_cp.9_1
.Lfunc_end9:
	.size	kdco_cal_init, .Lfunc_end9-kdco_cal_init
	.cfi_endproc
	.cantunwind
	.fnend
                                        @ -- End function
	.hidden	kdco_cal_end                    @ -- Begin function kdco_cal_end
	.globl	kdco_cal_end
	.p2align	2
	.type	kdco_cal_end,%function
	.code	16                              @ @kdco_cal_end
	.thumb_func
kdco_cal_end:
.Lfunc_begin10:
	.fnstart
	.cfi_startproc
@ %bb.0:
	.loc	2 787 9 prologue_end is_stmt 1  @ ../../../../../sdk/platform/core_modules/rf/src/rf_531.c:787:9
	ldr	r0, __arm_cp.10_0
	ldr	r0, [r0]
	ldr	r1, __arm_cp.10_1
	str	r0, [r1, #44]
	movs	r0, #10
	.loc	2 789 9                         @ ../../../../../sdk/platform/core_modules/rf/src/rf_531.c:789:9
	strb	r0, [r1]
	.loc	2 790 1                         @ ../../../../../sdk/platform/core_modules/rf/src/rf_531.c:790:1
	bx	lr
.Ltmp79:
	.loc	2 0 1 is_stmt 0                 @ :0:1
.Ltmp80:
	.p2align	2
@ %bb.1:
__arm_cp.10_0:
	.long	fsm_ctrl_reg
.Lcpi_end57:
	.size	__arm_cp.10_0, .Lcpi_end57-__arm_cp.10_0
__arm_cp.10_1:
	.long	1073754132                      @ 0x40003014
.Lcpi_end58:
	.size	__arm_cp.10_1, .Lcpi_end58-__arm_cp.10_1
.Lfunc_end10:
	.size	kdco_cal_end, .Lfunc_end10-kdco_cal_end
	.cfi_endproc
	.cantunwind
	.fnend
                                        @ -- End function
	.hidden	dis_kdco_cal                    @ -- Begin function dis_kdco_cal
	.globl	dis_kdco_cal
	.p2align	2
	.type	dis_kdco_cal,%function
	.code	16                              @ @dis_kdco_cal
	.thumb_func
dis_kdco_cal:
.Lfunc_begin11:
	.loc	2 806 0 is_stmt 1               @ ../../../../../sdk/platform/core_modules/rf/src/rf_531.c:806:0
	.fnstart
	.cfi_startproc
@ %bb.0:
	movs	r0, #1
	lsls	r1, r0, #29
	ldr	r2, __arm_cp.11_0
.Ltmp81:
	.loc	2 807 9 prologue_end            @ ../../../../../sdk/platform/core_modules/rf/src/rf_531.c:807:9
	ldr	r3, [r2]
	bics	r3, r1
	str	r3, [r2]
	lsls	r0, r0, #28
	.loc	2 808 9                         @ ../../../../../sdk/platform/core_modules/rf/src/rf_531.c:808:9
	ldr	r1, [r2]
	bics	r1, r0
	str	r1, [r2]
	.loc	2 809 1                         @ ../../../../../sdk/platform/core_modules/rf/src/rf_531.c:809:1
	bx	lr
.Ltmp82:
	.loc	2 0 1 is_stmt 0                 @ :0:1
.Ltmp83:
	.p2align	2
@ %bb.1:
__arm_cp.11_0:
	.long	1073754132                      @ 0x40003014
.Lcpi_end59:
	.size	__arm_cp.11_0, .Lcpi_end59-__arm_cp.11_0
.Lfunc_end11:
	.size	dis_kdco_cal, .Lfunc_end11-dis_kdco_cal
	.cfi_endproc
	.cantunwind
	.fnend
                                        @ -- End function
	.hidden	rf_pa_pwr_set                   @ -- Begin function rf_pa_pwr_set
	.globl	rf_pa_pwr_set
	.p2align	2
	.type	rf_pa_pwr_set,%function
	.code	16                              @ @rf_pa_pwr_set
	.thumb_func
rf_pa_pwr_set:
.Lfunc_begin12:
	.fnstart
	.cfi_startproc
@ %bb.0:
	@DEBUG_VALUE: rf_pa_pwr_set:level <- $r0
	.loc	2 880 19 prologue_end is_stmt 1 @ ../../../../../sdk/platform/core_modules/rf/src/rf_531.c:880:19
	ldr	r1, __arm_cp.12_0
	strb	r0, [r1]
	.loc	2 881 1                         @ ../../../../../sdk/platform/core_modules/rf/src/rf_531.c:881:1
	bx	lr
.Ltmp84:
	.loc	2 0 1 is_stmt 0                 @ :0:1
.Ltmp85:
	.p2align	2
@ %bb.1:
__arm_cp.12_0:
	.long	.L_MergedGlobals
.Lcpi_end60:
	.size	__arm_cp.12_0, .Lcpi_end60-__arm_cp.12_0
.Lfunc_end12:
	.size	rf_pa_pwr_set, .Lfunc_end12-rf_pa_pwr_set
	.cfi_endproc
	.cantunwind
	.fnend
                                        @ -- End function
	.hidden	rf_pa_pwr_get                   @ -- Begin function rf_pa_pwr_get
	.weak	rf_pa_pwr_get
	.p2align	2
	.type	rf_pa_pwr_get,%function
	.code	16                              @ @rf_pa_pwr_get
	.thumb_func
rf_pa_pwr_get:
.Lfunc_begin13:
	.fnstart
	.cfi_startproc
@ %bb.0:
	.loc	2 885 12 prologue_end is_stmt 1 @ ../../../../../sdk/platform/core_modules/rf/src/rf_531.c:885:12
	ldr	r0, __arm_cp.13_0
	ldrb	r0, [r0]
	.loc	2 885 5 is_stmt 0               @ ../../../../../sdk/platform/core_modules/rf/src/rf_531.c:885:5
	bx	lr
.Ltmp86:
	.loc	2 0 5                           @ :0:5
.Ltmp87:
	.p2align	2
@ %bb.1:
__arm_cp.13_0:
	.long	.L_MergedGlobals
.Lcpi_end61:
	.size	__arm_cp.13_0, .Lcpi_end61-__arm_cp.13_0
.Lfunc_end13:
	.size	rf_pa_pwr_get, .Lfunc_end13-rf_pa_pwr_get
	.cfi_endproc
	.cantunwind
	.fnend
                                        @ -- End function
	.hidden	rf_nfm_is_enabled               @ -- Begin function rf_nfm_is_enabled
	.globl	rf_nfm_is_enabled
	.p2align	2
	.type	rf_nfm_is_enabled,%function
	.code	16                              @ @rf_nfm_is_enabled
	.thumb_func
rf_nfm_is_enabled:
.Lfunc_begin14:
	.fnstart
	.cfi_startproc
@ %bb.0:
	.loc	2 901 12 prologue_end is_stmt 1 @ ../../../../../sdk/platform/core_modules/rf/src/rf_531.c:901:12
	ldr	r0, __arm_cp.14_0
	ldrb	r0, [r0, #1]
	.loc	2 901 5 is_stmt 0               @ ../../../../../sdk/platform/core_modules/rf/src/rf_531.c:901:5
	bx	lr
.Ltmp88:
	.loc	2 0 5                           @ :0:5
.Ltmp89:
	.p2align	2
@ %bb.1:
__arm_cp.14_0:
	.long	.L_MergedGlobals
.Lcpi_end62:
	.size	__arm_cp.14_0, .Lcpi_end62-__arm_cp.14_0
.Lfunc_end14:
	.size	rf_nfm_is_enabled, .Lfunc_end14-rf_nfm_is_enabled
	.cfi_endproc
	.cantunwind
	.fnend
                                        @ -- End function
	.hidden	rf_nfm_enable                   @ -- Begin function rf_nfm_enable
	.globl	rf_nfm_enable
	.p2align	2
	.type	rf_nfm_enable,%function
	.code	16                              @ @rf_nfm_enable
	.thumb_func
rf_nfm_enable:
.Lfunc_begin15:
	.fnstart
	.cfi_startproc
@ %bb.0:
	.loc	2 906 10 prologue_end is_stmt 1 @ ../../../../../sdk/platform/core_modules/rf/src/rf_531.c:906:10
	ldr	r0, __arm_cp.15_0
	ldrb	r1, [r0, #1]
.Ltmp90:
	.loc	2 906 9 is_stmt 0               @ ../../../../../sdk/platform/core_modules/rf/src/rf_531.c:906:9
	cmp	r1, #0
	bne	.LBB15_2
@ %bb.1:
	.loc	2 0 9                           @ ../../../../../sdk/platform/core_modules/rf/src/rf_531.c:0:9
	movs	r1, #1
.Ltmp91:
	.loc	2 908 25 is_stmt 1              @ ../../../../../sdk/platform/core_modules/rf/src/rf_531.c:908:25
	strb	r1, [r0, #1]
	ldr	r1, __arm_cp.15_1
	.loc	2 910 26                        @ ../../../../../sdk/platform/core_modules/rf/src/rf_531.c:910:26
	ldr	r1, [r1]
	lsls	r1, r1, #4
	lsrs	r1, r1, #28
	.loc	2 910 24 is_stmt 0              @ ../../../../../sdk/platform/core_modules/rf/src/rf_531.c:910:24
	str	r1, [r0, #4]
.Ltmp92:
.LBB15_2:
	.loc	2 913 1 is_stmt 1               @ ../../../../../sdk/platform/core_modules/rf/src/rf_531.c:913:1
	bx	lr
.Ltmp93:
	.loc	2 0 1 is_stmt 0                 @ :0:1
.Ltmp94:
	.p2align	2
@ %bb.3:
__arm_cp.15_0:
	.long	.L_MergedGlobals
.Lcpi_end63:
	.size	__arm_cp.15_0, .Lcpi_end63-__arm_cp.15_0
__arm_cp.15_1:
	.long	1073745920                      @ 0x40001000
.Lcpi_end64:
	.size	__arm_cp.15_1, .Lcpi_end64-__arm_cp.15_1
.Lfunc_end15:
	.size	rf_nfm_enable, .Lfunc_end15-rf_nfm_enable
	.cfi_endproc
	.cantunwind
	.fnend
                                        @ -- End function
	.hidden	rf_nfm_disable                  @ -- Begin function rf_nfm_disable
	.globl	rf_nfm_disable
	.p2align	2
	.type	rf_nfm_disable,%function
	.code	16                              @ @rf_nfm_disable
	.thumb_func
rf_nfm_disable:
.Lfunc_begin16:
	.fnstart
	.cfi_startproc
@ %bb.0:
	.loc	2 917 9 prologue_end is_stmt 1  @ ../../../../../sdk/platform/core_modules/rf/src/rf_531.c:917:9
	ldr	r0, __arm_cp.16_0
	ldrb	r1, [r0, #1]
.Ltmp95:
	.loc	2 917 9 is_stmt 0               @ ../../../../../sdk/platform/core_modules/rf/src/rf_531.c:917:9
	cmp	r1, #1
	bne	.LBB16_2
@ %bb.1:
	.loc	2 0 9                           @ ../../../../../sdk/platform/core_modules/rf/src/rf_531.c:0:9
	movs	r1, #0
.Ltmp96:
	.loc	2 919 25 is_stmt 1              @ ../../../../../sdk/platform/core_modules/rf/src/rf_531.c:919:25
	strb	r1, [r0, #1]
	.loc	2 921 41                        @ ../../../../../sdk/platform/core_modules/rf/src/rf_531.c:921:41
	ldr	r1, [r0, #4]
.Ltmp97:
	@DEBUG_VALUE: rf_pa_pwr_set:level <- undef
	.loc	2 880 19                        @ ../../../../../sdk/platform/core_modules/rf/src/rf_531.c:880:19
	strb	r1, [r0]
.Ltmp98:
.LBB16_2:
	.loc	2 924 1                         @ ../../../../../sdk/platform/core_modules/rf/src/rf_531.c:924:1
	bx	lr
.Ltmp99:
	.loc	2 0 1 is_stmt 0                 @ :0:1
.Ltmp100:
	.p2align	2
@ %bb.3:
__arm_cp.16_0:
	.long	.L_MergedGlobals
.Lcpi_end65:
	.size	__arm_cp.16_0, .Lcpi_end65-__arm_cp.16_0
.Lfunc_end16:
	.size	rf_nfm_disable, .Lfunc_end16-rf_nfm_disable
	.cfi_endproc
	.cantunwind
	.fnend
                                        @ -- End function
	.hidden	pa_en_dcf_tx_setting            @ @pa_en_dcf_tx_setting
	.type	pa_en_dcf_tx_setting,%object
	.section	.data.pa_en_dcf_tx_setting,"aw",%progbits
	.globl	pa_en_dcf_tx_setting
pa_en_dcf_tx_setting:
	.byte	14                              @ 0xe
	.size	pa_en_dcf_tx_setting, 1

	.hidden	calibration_res                 @ @calibration_res
	.type	calibration_res,%object
	.section	.bss.calibration_res,"aw",%nobits
	.globl	calibration_res
	.p2align	1, 0x0
calibration_res:
	.zero	42
	.size	calibration_res, 42

	.type	fsm_ctrl_reg,%object            @ @fsm_ctrl_reg
	.section	.bss.fsm_ctrl_reg,"aw",%nobits
	.p2align	2, 0x0
fsm_ctrl_reg:
	.long	0                               @ 0x0
	.size	fsm_ctrl_reg, 4

	.type	.L_MergedGlobals,%object        @ @_MergedGlobals
	.section	.bss.retention_mem_area0,"aw",%nobits
	.p2align	2, 0x0
.L_MergedGlobals:
	.zero	8
	.size	.L_MergedGlobals, 8

	.globl	rf_tx_pwr_lvl
	.hidden	rf_tx_pwr_lvl
.set rf_tx_pwr_lvl, .L_MergedGlobals
	.size	rf_tx_pwr_lvl, 1
.set near_field_mode, .L_MergedGlobals+1
	.size	near_field_mode, 1
.set saved_tx_power, .L_MergedGlobals+4
	.size	saved_tx_power, 4
	.section	.debug_loc,"",%progbits
.Ldebug_loc0:
	.long	.Ltmp3-.Lfunc_begin0
	.long	.Ltmp32-.Lfunc_begin0
	.short	2                               @ Loc expr size
	.byte	48                              @ DW_OP_lit0
	.byte	159                             @ DW_OP_stack_value
	.long	.Ltmp32-.Lfunc_begin0
	.long	.Ltmp33-.Lfunc_begin0
	.short	2                               @ Loc expr size
	.byte	49                              @ DW_OP_lit1
	.byte	159                             @ DW_OP_stack_value
	.long	0
	.long	0
.Ldebug_loc1:
	.long	.Ltmp5-.Lfunc_begin0
	.long	.Ltmp6-.Lfunc_begin0
	.short	1                               @ Loc expr size
	.byte	80                              @ DW_OP_reg0
	.long	.Ltmp6-.Lfunc_begin0
	.long	.Ltmp34-.Lfunc_begin0
	.short	2                               @ Loc expr size
	.byte	125                             @ DW_OP_breg13
	.byte	28                              @ 28
	.long	0
	.long	0
.Ldebug_loc2:
	.long	.Ltmp7-.Lfunc_begin0
	.long	.Ltmp8-.Lfunc_begin0
	.short	1                               @ Loc expr size
	.byte	80                              @ DW_OP_reg0
	.long	.Ltmp8-.Lfunc_begin0
	.long	.Ltmp34-.Lfunc_begin0
	.short	2                               @ Loc expr size
	.byte	125                             @ DW_OP_breg13
	.byte	24                              @ 24
	.long	0
	.long	0
.Ldebug_loc3:
	.long	.Ltmp9-.Lfunc_begin0
	.long	.Ltmp10-.Lfunc_begin0
	.short	1                               @ Loc expr size
	.byte	80                              @ DW_OP_reg0
	.long	.Ltmp10-.Lfunc_begin0
	.long	.Ltmp34-.Lfunc_begin0
	.short	2                               @ Loc expr size
	.byte	125                             @ DW_OP_breg13
	.byte	20                              @ 20
	.long	0
	.long	0
.Ldebug_loc4:
	.long	.Ltmp11-.Lfunc_begin0
	.long	.Ltmp12-.Lfunc_begin0
	.short	1                               @ Loc expr size
	.byte	80                              @ DW_OP_reg0
	.long	.Ltmp12-.Lfunc_begin0
	.long	.Ltmp34-.Lfunc_begin0
	.short	2                               @ Loc expr size
	.byte	125                             @ DW_OP_breg13
	.byte	32                              @ 32
	.long	0
	.long	0
.Ldebug_loc5:
	.long	.Ltmp13-.Lfunc_begin0
	.long	.Ltmp14-.Lfunc_begin0
	.short	1                               @ Loc expr size
	.byte	80                              @ DW_OP_reg0
	.long	.Ltmp14-.Lfunc_begin0
	.long	.Ltmp34-.Lfunc_begin0
	.short	2                               @ Loc expr size
	.byte	125                             @ DW_OP_breg13
	.byte	16                              @ 16
	.long	0
	.long	0
.Ldebug_loc6:
	.long	.Ltmp15-.Lfunc_begin0
	.long	.Ltmp16-.Lfunc_begin0
	.short	1                               @ Loc expr size
	.byte	80                              @ DW_OP_reg0
	.long	.Ltmp16-.Lfunc_begin0
	.long	.Ltmp34-.Lfunc_begin0
	.short	2                               @ Loc expr size
	.byte	125                             @ DW_OP_breg13
	.byte	12                              @ 12
	.long	0
	.long	0
.Ldebug_loc7:
	.long	.Ltmp17-.Lfunc_begin0
	.long	.Ltmp18-.Lfunc_begin0
	.short	1                               @ Loc expr size
	.byte	80                              @ DW_OP_reg0
	.long	.Ltmp18-.Lfunc_begin0
	.long	.Ltmp34-.Lfunc_begin0
	.short	2                               @ Loc expr size
	.byte	125                             @ DW_OP_breg13
	.byte	4                               @ 4
	.long	0
	.long	0
.Ldebug_loc8:
	.long	.Ltmp19-.Lfunc_begin0
	.long	.Ltmp20-.Lfunc_begin0
	.short	1                               @ Loc expr size
	.byte	80                              @ DW_OP_reg0
	.long	.Ltmp20-.Lfunc_begin0
	.long	.Ltmp34-.Lfunc_begin0
	.short	2                               @ Loc expr size
	.byte	125                             @ DW_OP_breg13
	.byte	8                               @ 8
	.long	0
	.long	0
.Ldebug_loc9:
	.long	.Ltmp21-.Lfunc_begin0
	.long	.Ltmp22-.Lfunc_begin0
	.short	1                               @ Loc expr size
	.byte	80                              @ DW_OP_reg0
	.long	.Ltmp22-.Lfunc_begin0
	.long	.Ltmp34-.Lfunc_begin0
	.short	2                               @ Loc expr size
	.byte	125                             @ DW_OP_breg13
	.byte	0                               @ 0
	.long	0
	.long	0
.Ldebug_loc10:
	.long	.Ltmp40-.Lfunc_begin0
	.long	.Ltmp43-.Lfunc_begin0
	.short	5                               @ Loc expr size
	.byte	114                             @ DW_OP_breg2
	.byte	0                               @ 0
	.byte	63                              @ DW_OP_lit15
	.byte	26                              @ DW_OP_and
	.byte	159                             @ DW_OP_stack_value
	.long	0
	.long	0
.Ldebug_loc11:
	.long	.Ltmp41-.Lfunc_begin0
	.long	.Ltmp44-.Lfunc_begin0
	.short	7                               @ Loc expr size
	.byte	113                             @ DW_OP_breg1
	.byte	0                               @ 0
	.byte	52                              @ DW_OP_lit4
	.byte	37                              @ DW_OP_shr
	.byte	55                              @ DW_OP_lit7
	.byte	26                              @ DW_OP_and
	.byte	159                             @ DW_OP_stack_value
	.long	0
	.long	0
.Ldebug_loc12:
	.long	.Ltmp42-.Lfunc_begin0
	.long	.Ltmp45-.Lfunc_begin0
	.short	8                               @ Loc expr size
	.byte	112                             @ DW_OP_breg0
	.byte	0                               @ 0
	.byte	55                              @ DW_OP_lit7
	.byte	37                              @ DW_OP_shr
	.byte	16                              @ DW_OP_constu
	.byte	63                              @ 63
	.byte	26                              @ DW_OP_and
	.byte	159                             @ DW_OP_stack_value
	.long	0
	.long	0
.Ldebug_loc13:
	.long	.Ltmp47-.Lfunc_begin0
	.long	.Ltmp50-.Lfunc_begin0
	.short	9                               @ Loc expr size
	.byte	118                             @ DW_OP_breg6
	.byte	0                               @ 0
	.byte	16                              @ DW_OP_constu
	.byte	255                             @ 8388607
	.byte	255                             @ 
	.byte	255                             @ 
	.byte	3                               @ 
	.byte	26                              @ DW_OP_and
	.byte	159                             @ DW_OP_stack_value
	.long	0
	.long	0
.Ldebug_loc14:
	.long	.Ltmp49-.Lfunc_begin0
	.long	.Ltmp51-.Lfunc_begin0
	.short	9                               @ Loc expr size
	.byte	112                             @ DW_OP_breg0
	.byte	0                               @ 0
	.byte	16                              @ DW_OP_constu
	.byte	255                             @ 8388607
	.byte	255                             @ 
	.byte	255                             @ 
	.byte	3                               @ 
	.byte	26                              @ DW_OP_and
	.byte	159                             @ DW_OP_stack_value
	.long	0
	.long	0
.Ldebug_loc15:
	.long	.Ltmp52-.Lfunc_begin0
	.long	.Ltmp54-.Lfunc_begin0
	.short	1                               @ Loc expr size
	.byte	80                              @ DW_OP_reg0
	.long	0
	.long	0
.Ldebug_loc16:
	.long	.Ltmp53-.Lfunc_begin0
	.long	.Ltmp57-.Lfunc_begin0
	.short	1                               @ Loc expr size
	.byte	81                              @ DW_OP_reg1
	.long	0
	.long	0
.Ldebug_loc17:
	.long	.Ltmp55-.Lfunc_begin0
	.long	.Ltmp57-.Lfunc_begin0
	.short	1                               @ Loc expr size
	.byte	82                              @ DW_OP_reg2
	.long	0
	.long	0
.Ldebug_loc18:
	.long	.Ltmp56-.Lfunc_begin0
	.long	.Ltmp59-.Lfunc_begin0
	.short	1                               @ Loc expr size
	.byte	86                              @ DW_OP_reg6
	.long	0
	.long	0
	.section	.debug_abbrev,"",%progbits
	.byte	1                               @ Abbreviation Code
	.byte	17                              @ DW_TAG_compile_unit
	.byte	1                               @ DW_CHILDREN_yes
	.byte	37                              @ DW_AT_producer
	.byte	14                              @ DW_FORM_strp
	.byte	19                              @ DW_AT_language
	.byte	5                               @ DW_FORM_data2
	.byte	3                               @ DW_AT_name
	.byte	14                              @ DW_FORM_strp
	.byte	16                              @ DW_AT_stmt_list
	.byte	23                              @ DW_FORM_sec_offset
	.byte	27                              @ DW_AT_comp_dir
	.byte	14                              @ DW_FORM_strp
	.byte	17                              @ DW_AT_low_pc
	.byte	1                               @ DW_FORM_addr
	.byte	18                              @ DW_AT_high_pc
	.byte	6                               @ DW_FORM_data4
	.byte	0                               @ EOM(1)
	.byte	0                               @ EOM(2)
	.byte	2                               @ Abbreviation Code
	.byte	52                              @ DW_TAG_variable
	.byte	0                               @ DW_CHILDREN_no
	.byte	3                               @ DW_AT_name
	.byte	14                              @ DW_FORM_strp
	.byte	73                              @ DW_AT_type
	.byte	19                              @ DW_FORM_ref4
	.byte	63                              @ DW_AT_external
	.byte	25                              @ DW_FORM_flag_present
	.byte	58                              @ DW_AT_decl_file
	.byte	11                              @ DW_FORM_data1
	.byte	59                              @ DW_AT_decl_line
	.byte	11                              @ DW_FORM_data1
	.byte	2                               @ DW_AT_location
	.byte	24                              @ DW_FORM_exprloc
	.byte	0                               @ EOM(1)
	.byte	0                               @ EOM(2)
	.byte	3                               @ Abbreviation Code
	.byte	53                              @ DW_TAG_volatile_type
	.byte	0                               @ DW_CHILDREN_no
	.byte	73                              @ DW_AT_type
	.byte	19                              @ DW_FORM_ref4
	.byte	0                               @ EOM(1)
	.byte	0                               @ EOM(2)
	.byte	4                               @ Abbreviation Code
	.byte	22                              @ DW_TAG_typedef
	.byte	0                               @ DW_CHILDREN_no
	.byte	73                              @ DW_AT_type
	.byte	19                              @ DW_FORM_ref4
	.byte	3                               @ DW_AT_name
	.byte	14                              @ DW_FORM_strp
	.byte	58                              @ DW_AT_decl_file
	.byte	11                              @ DW_FORM_data1
	.byte	59                              @ DW_AT_decl_line
	.byte	11                              @ DW_FORM_data1
	.byte	0                               @ EOM(1)
	.byte	0                               @ EOM(2)
	.byte	5                               @ Abbreviation Code
	.byte	36                              @ DW_TAG_base_type
	.byte	0                               @ DW_CHILDREN_no
	.byte	3                               @ DW_AT_name
	.byte	14                              @ DW_FORM_strp
	.byte	62                              @ DW_AT_encoding
	.byte	11                              @ DW_FORM_data1
	.byte	11                              @ DW_AT_byte_size
	.byte	11                              @ DW_FORM_data1
	.byte	0                               @ EOM(1)
	.byte	0                               @ EOM(2)
	.byte	6                               @ Abbreviation Code
	.byte	19                              @ DW_TAG_structure_type
	.byte	1                               @ DW_CHILDREN_yes
	.byte	3                               @ DW_AT_name
	.byte	14                              @ DW_FORM_strp
	.byte	11                              @ DW_AT_byte_size
	.byte	11                              @ DW_FORM_data1
	.byte	58                              @ DW_AT_decl_file
	.byte	11                              @ DW_FORM_data1
	.byte	59                              @ DW_AT_decl_line
	.byte	5                               @ DW_FORM_data2
	.byte	0                               @ EOM(1)
	.byte	0                               @ EOM(2)
	.byte	7                               @ Abbreviation Code
	.byte	13                              @ DW_TAG_member
	.byte	0                               @ DW_CHILDREN_no
	.byte	3                               @ DW_AT_name
	.byte	14                              @ DW_FORM_strp
	.byte	73                              @ DW_AT_type
	.byte	19                              @ DW_FORM_ref4
	.byte	58                              @ DW_AT_decl_file
	.byte	11                              @ DW_FORM_data1
	.byte	59                              @ DW_AT_decl_line
	.byte	5                               @ DW_FORM_data2
	.byte	56                              @ DW_AT_data_member_location
	.byte	11                              @ DW_FORM_data1
	.byte	0                               @ EOM(1)
	.byte	0                               @ EOM(2)
	.byte	8                               @ Abbreviation Code
	.byte	1                               @ DW_TAG_array_type
	.byte	1                               @ DW_CHILDREN_yes
	.byte	73                              @ DW_AT_type
	.byte	19                              @ DW_FORM_ref4
	.byte	0                               @ EOM(1)
	.byte	0                               @ EOM(2)
	.byte	9                               @ Abbreviation Code
	.byte	33                              @ DW_TAG_subrange_type
	.byte	0                               @ DW_CHILDREN_no
	.byte	73                              @ DW_AT_type
	.byte	19                              @ DW_FORM_ref4
	.byte	55                              @ DW_AT_count
	.byte	11                              @ DW_FORM_data1
	.byte	0                               @ EOM(1)
	.byte	0                               @ EOM(2)
	.byte	10                              @ Abbreviation Code
	.byte	36                              @ DW_TAG_base_type
	.byte	0                               @ DW_CHILDREN_no
	.byte	3                               @ DW_AT_name
	.byte	14                              @ DW_FORM_strp
	.byte	11                              @ DW_AT_byte_size
	.byte	11                              @ DW_FORM_data1
	.byte	62                              @ DW_AT_encoding
	.byte	11                              @ DW_FORM_data1
	.byte	0                               @ EOM(1)
	.byte	0                               @ EOM(2)
	.byte	11                              @ Abbreviation Code
	.byte	4                               @ DW_TAG_enumeration_type
	.byte	1                               @ DW_CHILDREN_yes
	.byte	73                              @ DW_AT_type
	.byte	19                              @ DW_FORM_ref4
	.byte	11                              @ DW_AT_byte_size
	.byte	11                              @ DW_FORM_data1
	.byte	58                              @ DW_AT_decl_file
	.byte	11                              @ DW_FORM_data1
	.byte	59                              @ DW_AT_decl_line
	.byte	11                              @ DW_FORM_data1
	.byte	0                               @ EOM(1)
	.byte	0                               @ EOM(2)
	.byte	12                              @ Abbreviation Code
	.byte	40                              @ DW_TAG_enumerator
	.byte	0                               @ DW_CHILDREN_no
	.byte	3                               @ DW_AT_name
	.byte	14                              @ DW_FORM_strp
	.byte	28                              @ DW_AT_const_value
	.byte	15                              @ DW_FORM_udata
	.byte	0                               @ EOM(1)
	.byte	0                               @ EOM(2)
	.byte	13                              @ Abbreviation Code
	.byte	52                              @ DW_TAG_variable
	.byte	0                               @ DW_CHILDREN_no
	.byte	3                               @ DW_AT_name
	.byte	14                              @ DW_FORM_strp
	.byte	73                              @ DW_AT_type
	.byte	19                              @ DW_FORM_ref4
	.byte	58                              @ DW_AT_decl_file
	.byte	11                              @ DW_FORM_data1
	.byte	59                              @ DW_AT_decl_line
	.byte	5                               @ DW_FORM_data2
	.byte	2                               @ DW_AT_location
	.byte	24                              @ DW_FORM_exprloc
	.byte	0                               @ EOM(1)
	.byte	0                               @ EOM(2)
	.byte	14                              @ Abbreviation Code
	.byte	52                              @ DW_TAG_variable
	.byte	0                               @ DW_CHILDREN_no
	.byte	3                               @ DW_AT_name
	.byte	14                              @ DW_FORM_strp
	.byte	73                              @ DW_AT_type
	.byte	19                              @ DW_FORM_ref4
	.byte	58                              @ DW_AT_decl_file
	.byte	11                              @ DW_FORM_data1
	.byte	59                              @ DW_AT_decl_line
	.byte	11                              @ DW_FORM_data1
	.byte	2                               @ DW_AT_location
	.byte	24                              @ DW_FORM_exprloc
	.byte	0                               @ EOM(1)
	.byte	0                               @ EOM(2)
	.byte	15                              @ Abbreviation Code
	.byte	15                              @ DW_TAG_pointer_type
	.byte	0                               @ DW_CHILDREN_no
	.byte	73                              @ DW_AT_type
	.byte	19                              @ DW_FORM_ref4
	.byte	0                               @ EOM(1)
	.byte	0                               @ EOM(2)
	.byte	16                              @ Abbreviation Code
	.byte	13                              @ DW_TAG_member
	.byte	0                               @ DW_CHILDREN_no
	.byte	3                               @ DW_AT_name
	.byte	14                              @ DW_FORM_strp
	.byte	73                              @ DW_AT_type
	.byte	19                              @ DW_FORM_ref4
	.byte	58                              @ DW_AT_decl_file
	.byte	11                              @ DW_FORM_data1
	.byte	59                              @ DW_AT_decl_line
	.byte	5                               @ DW_FORM_data2
	.byte	13                              @ DW_AT_bit_size
	.byte	11                              @ DW_FORM_data1
	.byte	107                             @ DW_AT_data_bit_offset
	.byte	11                              @ DW_FORM_data1
	.byte	0                               @ EOM(1)
	.byte	0                               @ EOM(2)
	.byte	17                              @ Abbreviation Code
	.byte	46                              @ DW_TAG_subprogram
	.byte	0                               @ DW_CHILDREN_no
	.byte	17                              @ DW_AT_low_pc
	.byte	1                               @ DW_FORM_addr
	.byte	18                              @ DW_AT_high_pc
	.byte	6                               @ DW_FORM_data4
	.byte	64                              @ DW_AT_frame_base
	.byte	24                              @ DW_FORM_exprloc
	.ascii	"\227B"                         @ DW_AT_GNU_all_call_sites
	.byte	25                              @ DW_FORM_flag_present
	.byte	3                               @ DW_AT_name
	.byte	14                              @ DW_FORM_strp
	.byte	58                              @ DW_AT_decl_file
	.byte	11                              @ DW_FORM_data1
	.byte	59                              @ DW_AT_decl_line
	.byte	11                              @ DW_FORM_data1
	.byte	39                              @ DW_AT_prototyped
	.byte	25                              @ DW_FORM_flag_present
	.byte	63                              @ DW_AT_external
	.byte	25                              @ DW_FORM_flag_present
	.byte	0                               @ EOM(1)
	.byte	0                               @ EOM(2)
	.byte	18                              @ Abbreviation Code
	.byte	46                              @ DW_TAG_subprogram
	.byte	1                               @ DW_CHILDREN_yes
	.byte	17                              @ DW_AT_low_pc
	.byte	1                               @ DW_FORM_addr
	.byte	18                              @ DW_AT_high_pc
	.byte	6                               @ DW_FORM_data4
	.byte	64                              @ DW_AT_frame_base
	.byte	24                              @ DW_FORM_exprloc
	.ascii	"\227B"                         @ DW_AT_GNU_all_call_sites
	.byte	25                              @ DW_FORM_flag_present
	.byte	3                               @ DW_AT_name
	.byte	14                              @ DW_FORM_strp
	.byte	58                              @ DW_AT_decl_file
	.byte	11                              @ DW_FORM_data1
	.byte	59                              @ DW_AT_decl_line
	.byte	5                               @ DW_FORM_data2
	.byte	39                              @ DW_AT_prototyped
	.byte	25                              @ DW_FORM_flag_present
	.byte	73                              @ DW_AT_type
	.byte	19                              @ DW_FORM_ref4
	.byte	63                              @ DW_AT_external
	.byte	25                              @ DW_FORM_flag_present
	.byte	0                               @ EOM(1)
	.byte	0                               @ EOM(2)
	.byte	19                              @ Abbreviation Code
	.byte	52                              @ DW_TAG_variable
	.byte	0                               @ DW_CHILDREN_no
	.byte	2                               @ DW_AT_location
	.byte	23                              @ DW_FORM_sec_offset
	.byte	3                               @ DW_AT_name
	.byte	14                              @ DW_FORM_strp
	.byte	58                              @ DW_AT_decl_file
	.byte	11                              @ DW_FORM_data1
	.byte	59                              @ DW_AT_decl_line
	.byte	5                               @ DW_FORM_data2
	.byte	73                              @ DW_AT_type
	.byte	19                              @ DW_FORM_ref4
	.byte	0                               @ EOM(1)
	.byte	0                               @ EOM(2)
	.byte	20                              @ Abbreviation Code
	.byte	46                              @ DW_TAG_subprogram
	.byte	0                               @ DW_CHILDREN_no
	.byte	17                              @ DW_AT_low_pc
	.byte	1                               @ DW_FORM_addr
	.byte	18                              @ DW_AT_high_pc
	.byte	6                               @ DW_FORM_data4
	.byte	64                              @ DW_AT_frame_base
	.byte	24                              @ DW_FORM_exprloc
	.ascii	"\227B"                         @ DW_AT_GNU_all_call_sites
	.byte	25                              @ DW_FORM_flag_present
	.byte	3                               @ DW_AT_name
	.byte	14                              @ DW_FORM_strp
	.byte	58                              @ DW_AT_decl_file
	.byte	11                              @ DW_FORM_data1
	.byte	59                              @ DW_AT_decl_line
	.byte	5                               @ DW_FORM_data2
	.byte	39                              @ DW_AT_prototyped
	.byte	25                              @ DW_FORM_flag_present
	.byte	63                              @ DW_AT_external
	.byte	25                              @ DW_FORM_flag_present
	.byte	0                               @ EOM(1)
	.byte	0                               @ EOM(2)
	.byte	21                              @ Abbreviation Code
	.byte	46                              @ DW_TAG_subprogram
	.byte	1                               @ DW_CHILDREN_yes
	.byte	17                              @ DW_AT_low_pc
	.byte	1                               @ DW_FORM_addr
	.byte	18                              @ DW_AT_high_pc
	.byte	6                               @ DW_FORM_data4
	.byte	64                              @ DW_AT_frame_base
	.byte	24                              @ DW_FORM_exprloc
	.ascii	"\227B"                         @ DW_AT_GNU_all_call_sites
	.byte	25                              @ DW_FORM_flag_present
	.byte	49                              @ DW_AT_abstract_origin
	.byte	19                              @ DW_FORM_ref4
	.byte	0                               @ EOM(1)
	.byte	0                               @ EOM(2)
	.byte	22                              @ Abbreviation Code
	.byte	5                               @ DW_TAG_formal_parameter
	.byte	0                               @ DW_CHILDREN_no
	.byte	2                               @ DW_AT_location
	.byte	24                              @ DW_FORM_exprloc
	.byte	49                              @ DW_AT_abstract_origin
	.byte	19                              @ DW_FORM_ref4
	.byte	0                               @ EOM(1)
	.byte	0                               @ EOM(2)
	.byte	23                              @ Abbreviation Code
	.byte	46                              @ DW_TAG_subprogram
	.byte	0                               @ DW_CHILDREN_no
	.byte	17                              @ DW_AT_low_pc
	.byte	1                               @ DW_FORM_addr
	.byte	18                              @ DW_AT_high_pc
	.byte	6                               @ DW_FORM_data4
	.byte	64                              @ DW_AT_frame_base
	.byte	24                              @ DW_FORM_exprloc
	.ascii	"\227B"                         @ DW_AT_GNU_all_call_sites
	.byte	25                              @ DW_FORM_flag_present
	.byte	3                               @ DW_AT_name
	.byte	14                              @ DW_FORM_strp
	.byte	58                              @ DW_AT_decl_file
	.byte	11                              @ DW_FORM_data1
	.byte	59                              @ DW_AT_decl_line
	.byte	5                               @ DW_FORM_data2
	.byte	39                              @ DW_AT_prototyped
	.byte	25                              @ DW_FORM_flag_present
	.byte	73                              @ DW_AT_type
	.byte	19                              @ DW_FORM_ref4
	.byte	63                              @ DW_AT_external
	.byte	25                              @ DW_FORM_flag_present
	.byte	0                               @ EOM(1)
	.byte	0                               @ EOM(2)
	.byte	24                              @ Abbreviation Code
	.byte	46                              @ DW_TAG_subprogram
	.byte	1                               @ DW_CHILDREN_yes
	.byte	3                               @ DW_AT_name
	.byte	14                              @ DW_FORM_strp
	.byte	58                              @ DW_AT_decl_file
	.byte	11                              @ DW_FORM_data1
	.byte	59                              @ DW_AT_decl_line
	.byte	5                               @ DW_FORM_data2
	.byte	39                              @ DW_AT_prototyped
	.byte	25                              @ DW_FORM_flag_present
	.byte	63                              @ DW_AT_external
	.byte	25                              @ DW_FORM_flag_present
	.byte	32                              @ DW_AT_inline
	.byte	11                              @ DW_FORM_data1
	.byte	0                               @ EOM(1)
	.byte	0                               @ EOM(2)
	.byte	25                              @ Abbreviation Code
	.byte	5                               @ DW_TAG_formal_parameter
	.byte	0                               @ DW_CHILDREN_no
	.byte	3                               @ DW_AT_name
	.byte	14                              @ DW_FORM_strp
	.byte	58                              @ DW_AT_decl_file
	.byte	11                              @ DW_FORM_data1
	.byte	59                              @ DW_AT_decl_line
	.byte	5                               @ DW_FORM_data2
	.byte	73                              @ DW_AT_type
	.byte	19                              @ DW_FORM_ref4
	.byte	0                               @ EOM(1)
	.byte	0                               @ EOM(2)
	.byte	26                              @ Abbreviation Code
	.byte	46                              @ DW_TAG_subprogram
	.byte	1                               @ DW_CHILDREN_yes
	.byte	17                              @ DW_AT_low_pc
	.byte	1                               @ DW_FORM_addr
	.byte	18                              @ DW_AT_high_pc
	.byte	6                               @ DW_FORM_data4
	.byte	64                              @ DW_AT_frame_base
	.byte	24                              @ DW_FORM_exprloc
	.ascii	"\227B"                         @ DW_AT_GNU_all_call_sites
	.byte	25                              @ DW_FORM_flag_present
	.byte	3                               @ DW_AT_name
	.byte	14                              @ DW_FORM_strp
	.byte	58                              @ DW_AT_decl_file
	.byte	11                              @ DW_FORM_data1
	.byte	59                              @ DW_AT_decl_line
	.byte	5                               @ DW_FORM_data2
	.byte	39                              @ DW_AT_prototyped
	.byte	25                              @ DW_FORM_flag_present
	.byte	63                              @ DW_AT_external
	.byte	25                              @ DW_FORM_flag_present
	.byte	0                               @ EOM(1)
	.byte	0                               @ EOM(2)
	.byte	27                              @ Abbreviation Code
	.byte	29                              @ DW_TAG_inlined_subroutine
	.byte	0                               @ DW_CHILDREN_no
	.byte	49                              @ DW_AT_abstract_origin
	.byte	19                              @ DW_FORM_ref4
	.byte	17                              @ DW_AT_low_pc
	.byte	1                               @ DW_FORM_addr
	.byte	18                              @ DW_AT_high_pc
	.byte	6                               @ DW_FORM_data4
	.byte	88                              @ DW_AT_call_file
	.byte	11                              @ DW_FORM_data1
	.byte	89                              @ DW_AT_call_line
	.byte	5                               @ DW_FORM_data2
	.byte	87                              @ DW_AT_call_column
	.byte	11                              @ DW_FORM_data1
	.byte	0                               @ EOM(1)
	.byte	0                               @ EOM(2)
	.byte	0                               @ EOM(3)
	.section	.debug_info,"",%progbits
.Lcu_begin0:
	.long	.Ldebug_info_end0-.Ldebug_info_start0 @ Length of Unit
.Ldebug_info_start0:
	.short	4                               @ DWARF version number
	.long	.debug_abbrev                   @ Offset Into Abbrev. Section
	.byte	4                               @ Address Size (in bytes)
	.byte	1                               @ Abbrev [1] 0xb:0xa57 DW_TAG_compile_unit
	.long	.Linfo_string0                  @ DW_AT_producer
	.short	12                              @ DW_AT_language
	.long	.Linfo_string1                  @ DW_AT_name
	.long	.Lline_table_start0             @ DW_AT_stmt_list
	.long	.Linfo_string2                  @ DW_AT_comp_dir
	.long	.Lfunc_begin0                   @ DW_AT_low_pc
	.long	.Lfunc_end16-.Lfunc_begin0      @ DW_AT_high_pc
	.byte	2                               @ Abbrev [2] 0x26:0x11 DW_TAG_variable
	.long	.Linfo_string3                  @ DW_AT_name
	.long	55                              @ DW_AT_type
                                        @ DW_AT_external
	.byte	2                               @ DW_AT_decl_file
	.byte	64                              @ DW_AT_decl_line
	.byte	5                               @ DW_AT_location
	.byte	3
	.long	pa_en_dcf_tx_setting
	.byte	3                               @ Abbrev [3] 0x37:0x5 DW_TAG_volatile_type
	.long	60                              @ DW_AT_type
	.byte	4                               @ Abbrev [4] 0x3c:0xb DW_TAG_typedef
	.long	71                              @ DW_AT_type
	.long	.Linfo_string5                  @ DW_AT_name
	.byte	1                               @ DW_AT_decl_file
	.byte	62                              @ DW_AT_decl_line
	.byte	5                               @ Abbrev [5] 0x47:0x7 DW_TAG_base_type
	.long	.Linfo_string4                  @ DW_AT_name
	.byte	8                               @ DW_AT_encoding
	.byte	1                               @ DW_AT_byte_size
	.byte	2                               @ Abbrev [2] 0x4e:0x11 DW_TAG_variable
	.long	.Linfo_string6                  @ DW_AT_name
	.long	95                              @ DW_AT_type
                                        @ DW_AT_external
	.byte	2                               @ DW_AT_decl_file
	.byte	62                              @ DW_AT_decl_line
	.byte	5                               @ DW_AT_location
	.byte	3
	.long	calibration_res
	.byte	3                               @ Abbrev [3] 0x5f:0x5 DW_TAG_volatile_type
	.long	100                             @ DW_AT_type
	.byte	6                               @ Abbrev [6] 0x64:0x4b DW_TAG_structure_type
	.long	.Linfo_string15                 @ DW_AT_name
	.byte	42                              @ DW_AT_byte_size
	.byte	3                               @ DW_AT_decl_file
	.short	381                             @ DW_AT_decl_line
	.byte	7                               @ Abbrev [7] 0x6d:0xd DW_TAG_member
	.long	.Linfo_string7                  @ DW_AT_name
	.long	60                              @ DW_AT_type
	.byte	3                               @ DW_AT_decl_file
	.short	383                             @ DW_AT_decl_line
	.byte	0                               @ DW_AT_data_member_location
	.byte	7                               @ Abbrev [7] 0x7a:0xd DW_TAG_member
	.long	.Linfo_string8                  @ DW_AT_name
	.long	175                             @ DW_AT_type
	.byte	3                               @ DW_AT_decl_file
	.short	385                             @ DW_AT_decl_line
	.byte	1                               @ DW_AT_data_member_location
	.byte	7                               @ Abbrev [7] 0x87:0xd DW_TAG_member
	.long	.Linfo_string10                 @ DW_AT_name
	.long	194                             @ DW_AT_type
	.byte	3                               @ DW_AT_decl_file
	.short	387                             @ DW_AT_decl_line
	.byte	10                              @ DW_AT_data_member_location
	.byte	7                               @ Abbrev [7] 0x94:0xd DW_TAG_member
	.long	.Linfo_string13                 @ DW_AT_name
	.long	175                             @ DW_AT_type
	.byte	3                               @ DW_AT_decl_file
	.short	389                             @ DW_AT_decl_line
	.byte	26                              @ DW_AT_data_member_location
	.byte	7                               @ Abbrev [7] 0xa1:0xd DW_TAG_member
	.long	.Linfo_string14                 @ DW_AT_name
	.long	175                             @ DW_AT_type
	.byte	3                               @ DW_AT_decl_file
	.short	391                             @ DW_AT_decl_line
	.byte	34                              @ DW_AT_data_member_location
	.byte	0                               @ End Of Children Mark
	.byte	8                               @ Abbrev [8] 0xaf:0xc DW_TAG_array_type
	.long	60                              @ DW_AT_type
	.byte	9                               @ Abbrev [9] 0xb4:0x6 DW_TAG_subrange_type
	.long	187                             @ DW_AT_type
	.byte	8                               @ DW_AT_count
	.byte	0                               @ End Of Children Mark
	.byte	10                              @ Abbrev [10] 0xbb:0x7 DW_TAG_base_type
	.long	.Linfo_string9                  @ DW_AT_name
	.byte	8                               @ DW_AT_byte_size
	.byte	7                               @ DW_AT_encoding
	.byte	8                               @ Abbrev [8] 0xc2:0xc DW_TAG_array_type
	.long	206                             @ DW_AT_type
	.byte	9                               @ Abbrev [9] 0xc7:0x6 DW_TAG_subrange_type
	.long	187                             @ DW_AT_type
	.byte	8                               @ DW_AT_count
	.byte	0                               @ End Of Children Mark
	.byte	4                               @ Abbrev [4] 0xce:0xb DW_TAG_typedef
	.long	217                             @ DW_AT_type
	.long	.Linfo_string12                 @ DW_AT_name
	.byte	1                               @ DW_AT_decl_file
	.byte	63                              @ DW_AT_decl_line
	.byte	5                               @ Abbrev [5] 0xd9:0x7 DW_TAG_base_type
	.long	.Linfo_string11                 @ DW_AT_name
	.byte	7                               @ DW_AT_encoding
	.byte	2                               @ DW_AT_byte_size
	.byte	2                               @ Abbrev [2] 0xe0:0x11 DW_TAG_variable
	.long	.Linfo_string16                 @ DW_AT_name
	.long	241                             @ DW_AT_type
                                        @ DW_AT_external
	.byte	2                               @ DW_AT_decl_file
	.byte	66                              @ DW_AT_decl_line
	.byte	5                               @ DW_AT_location
	.byte	3
	.long	.L_MergedGlobals
	.byte	4                               @ Abbrev [4] 0xf1:0xb DW_TAG_typedef
	.long	252                             @ DW_AT_type
	.long	.Linfo_string30                 @ DW_AT_name
	.byte	3                               @ DW_AT_decl_file
	.byte	108                             @ DW_AT_decl_line
	.byte	11                              @ Abbrev [11] 0xfc:0x57 DW_TAG_enumeration_type
	.long	71                              @ DW_AT_type
	.byte	1                               @ DW_AT_byte_size
	.byte	3                               @ DW_AT_decl_file
	.byte	68                              @ DW_AT_decl_line
	.byte	12                              @ Abbrev [12] 0x104:0x6 DW_TAG_enumerator
	.long	.Linfo_string17                 @ DW_AT_name
	.byte	1                               @ DW_AT_const_value
	.byte	12                              @ Abbrev [12] 0x10a:0x6 DW_TAG_enumerator
	.long	.Linfo_string18                 @ DW_AT_name
	.byte	2                               @ DW_AT_const_value
	.byte	12                              @ Abbrev [12] 0x110:0x6 DW_TAG_enumerator
	.long	.Linfo_string19                 @ DW_AT_name
	.byte	3                               @ DW_AT_const_value
	.byte	12                              @ Abbrev [12] 0x116:0x6 DW_TAG_enumerator
	.long	.Linfo_string20                 @ DW_AT_name
	.byte	4                               @ DW_AT_const_value
	.byte	12                              @ Abbrev [12] 0x11c:0x6 DW_TAG_enumerator
	.long	.Linfo_string21                 @ DW_AT_name
	.byte	5                               @ DW_AT_const_value
	.byte	12                              @ Abbrev [12] 0x122:0x6 DW_TAG_enumerator
	.long	.Linfo_string22                 @ DW_AT_name
	.byte	6                               @ DW_AT_const_value
	.byte	12                              @ Abbrev [12] 0x128:0x6 DW_TAG_enumerator
	.long	.Linfo_string23                 @ DW_AT_name
	.byte	7                               @ DW_AT_const_value
	.byte	12                              @ Abbrev [12] 0x12e:0x6 DW_TAG_enumerator
	.long	.Linfo_string24                 @ DW_AT_name
	.byte	8                               @ DW_AT_const_value
	.byte	12                              @ Abbrev [12] 0x134:0x6 DW_TAG_enumerator
	.long	.Linfo_string25                 @ DW_AT_name
	.byte	9                               @ DW_AT_const_value
	.byte	12                              @ Abbrev [12] 0x13a:0x6 DW_TAG_enumerator
	.long	.Linfo_string26                 @ DW_AT_name
	.byte	10                              @ DW_AT_const_value
	.byte	12                              @ Abbrev [12] 0x140:0x6 DW_TAG_enumerator
	.long	.Linfo_string27                 @ DW_AT_name
	.byte	11                              @ DW_AT_const_value
	.byte	12                              @ Abbrev [12] 0x146:0x6 DW_TAG_enumerator
	.long	.Linfo_string28                 @ DW_AT_name
	.byte	12                              @ DW_AT_const_value
	.byte	12                              @ Abbrev [12] 0x14c:0x6 DW_TAG_enumerator
	.long	.Linfo_string29                 @ DW_AT_name
	.byte	12                              @ DW_AT_const_value
	.byte	0                               @ End Of Children Mark
	.byte	13                              @ Abbrev [13] 0x153:0x1b DW_TAG_variable
	.long	.Linfo_string31                 @ DW_AT_name
	.long	366                             @ DW_AT_type
	.byte	2                               @ DW_AT_decl_file
	.short	894                             @ DW_AT_decl_line
	.byte	14                              @ DW_AT_location
	.byte	3
	.long	.L_MergedGlobals
	.byte	35
	.byte	1
	.byte	148
	.byte	1
	.byte	49
	.byte	30
	.byte	48
	.byte	34
	.byte	159
	.byte	5                               @ Abbrev [5] 0x16e:0x7 DW_TAG_base_type
	.long	.Linfo_string32                 @ DW_AT_name
	.byte	2                               @ DW_AT_encoding
	.byte	1                               @ DW_AT_byte_size
	.byte	13                              @ Abbrev [13] 0x175:0x14 DW_TAG_variable
	.long	.Linfo_string33                 @ DW_AT_name
	.long	393                             @ DW_AT_type
	.byte	2                               @ DW_AT_decl_file
	.short	896                             @ DW_AT_decl_line
	.byte	7                               @ DW_AT_location
	.byte	3
	.long	.L_MergedGlobals
	.byte	35
	.byte	4
	.byte	4                               @ Abbrev [4] 0x189:0xb DW_TAG_typedef
	.long	404                             @ DW_AT_type
	.long	.Linfo_string35                 @ DW_AT_name
	.byte	1                               @ DW_AT_decl_file
	.byte	64                              @ DW_AT_decl_line
	.byte	5                               @ Abbrev [5] 0x194:0x7 DW_TAG_base_type
	.long	.Linfo_string34                 @ DW_AT_name
	.byte	7                               @ DW_AT_encoding
	.byte	4                               @ DW_AT_byte_size
	.byte	14                              @ Abbrev [14] 0x19b:0x11 DW_TAG_variable
	.long	.Linfo_string36                 @ DW_AT_name
	.long	393                             @ DW_AT_type
	.byte	2                               @ DW_AT_decl_file
	.byte	63                              @ DW_AT_decl_line
	.byte	5                               @ DW_AT_location
	.byte	3
	.long	fsm_ctrl_reg
	.byte	15                              @ Abbrev [15] 0x1ac:0x5 DW_TAG_pointer_type
	.long	433                             @ DW_AT_type
	.byte	3                               @ Abbrev [3] 0x1b1:0x5 DW_TAG_volatile_type
	.long	393                             @ DW_AT_type
	.byte	15                              @ Abbrev [15] 0x1b6:0x5 DW_TAG_pointer_type
	.long	443                             @ DW_AT_type
	.byte	3                               @ Abbrev [3] 0x1bb:0x5 DW_TAG_volatile_type
	.long	206                             @ DW_AT_type
	.byte	15                              @ Abbrev [15] 0x1c0:0x5 DW_TAG_pointer_type
	.long	453                             @ DW_AT_type
	.byte	3                               @ Abbrev [3] 0x1c5:0x5 DW_TAG_volatile_type
	.long	458                             @ DW_AT_type
	.byte	6                               @ Abbrev [6] 0x1ca:0x18 DW_TAG_structure_type
	.long	.Linfo_string38                 @ DW_AT_name
	.byte	4                               @ DW_AT_byte_size
	.byte	4                               @ DW_AT_decl_file
	.short	7140                            @ DW_AT_decl_line
	.byte	16                              @ Abbrev [16] 0x1d3:0xe DW_TAG_member
	.long	.Linfo_string37                 @ DW_AT_name
	.long	433                             @ DW_AT_type
	.byte	4                               @ DW_AT_decl_file
	.short	7143                            @ DW_AT_decl_line
	.byte	1                               @ DW_AT_bit_size
	.byte	0                               @ DW_AT_data_bit_offset
	.byte	0                               @ End Of Children Mark
	.byte	15                              @ Abbrev [15] 0x1e2:0x5 DW_TAG_pointer_type
	.long	55                              @ DW_AT_type
	.byte	15                              @ Abbrev [15] 0x1e7:0x5 DW_TAG_pointer_type
	.long	492                             @ DW_AT_type
	.byte	3                               @ Abbrev [3] 0x1ec:0x5 DW_TAG_volatile_type
	.long	497                             @ DW_AT_type
	.byte	6                               @ Abbrev [6] 0x1f1:0x42 DW_TAG_structure_type
	.long	.Linfo_string43                 @ DW_AT_name
	.byte	4                               @ DW_AT_byte_size
	.byte	4                               @ DW_AT_decl_file
	.short	6789                            @ DW_AT_decl_line
	.byte	16                              @ Abbrev [16] 0x1fa:0xe DW_TAG_member
	.long	.Linfo_string39                 @ DW_AT_name
	.long	433                             @ DW_AT_type
	.byte	4                               @ DW_AT_decl_file
	.short	6792                            @ DW_AT_decl_line
	.byte	1                               @ DW_AT_bit_size
	.byte	0                               @ DW_AT_data_bit_offset
	.byte	16                              @ Abbrev [16] 0x208:0xe DW_TAG_member
	.long	.Linfo_string40                 @ DW_AT_name
	.long	433                             @ DW_AT_type
	.byte	4                               @ DW_AT_decl_file
	.short	6793                            @ DW_AT_decl_line
	.byte	1                               @ DW_AT_bit_size
	.byte	1                               @ DW_AT_data_bit_offset
	.byte	16                              @ Abbrev [16] 0x216:0xe DW_TAG_member
	.long	.Linfo_string41                 @ DW_AT_name
	.long	433                             @ DW_AT_type
	.byte	4                               @ DW_AT_decl_file
	.short	6794                            @ DW_AT_decl_line
	.byte	1                               @ DW_AT_bit_size
	.byte	2                               @ DW_AT_data_bit_offset
	.byte	16                              @ Abbrev [16] 0x224:0xe DW_TAG_member
	.long	.Linfo_string42                 @ DW_AT_name
	.long	433                             @ DW_AT_type
	.byte	4                               @ DW_AT_decl_file
	.short	6796                            @ DW_AT_decl_line
	.byte	1                               @ DW_AT_bit_size
	.byte	4                               @ DW_AT_data_bit_offset
	.byte	0                               @ End Of Children Mark
	.byte	15                              @ Abbrev [15] 0x233:0x5 DW_TAG_pointer_type
	.long	568                             @ DW_AT_type
	.byte	3                               @ Abbrev [3] 0x238:0x5 DW_TAG_volatile_type
	.long	573                             @ DW_AT_type
	.byte	6                               @ Abbrev [6] 0x23d:0x42 DW_TAG_structure_type
	.long	.Linfo_string48                 @ DW_AT_name
	.byte	4                               @ DW_AT_byte_size
	.byte	4                               @ DW_AT_decl_file
	.short	9177                            @ DW_AT_decl_line
	.byte	16                              @ Abbrev [16] 0x246:0xe DW_TAG_member
	.long	.Linfo_string44                 @ DW_AT_name
	.long	433                             @ DW_AT_type
	.byte	4                               @ DW_AT_decl_file
	.short	9180                            @ DW_AT_decl_line
	.byte	7                               @ DW_AT_bit_size
	.byte	0                               @ DW_AT_data_bit_offset
	.byte	16                              @ Abbrev [16] 0x254:0xe DW_TAG_member
	.long	.Linfo_string45                 @ DW_AT_name
	.long	433                             @ DW_AT_type
	.byte	4                               @ DW_AT_decl_file
	.short	9182                            @ DW_AT_decl_line
	.byte	1                               @ DW_AT_bit_size
	.byte	8                               @ DW_AT_data_bit_offset
	.byte	16                              @ Abbrev [16] 0x262:0xe DW_TAG_member
	.long	.Linfo_string46                 @ DW_AT_name
	.long	433                             @ DW_AT_type
	.byte	4                               @ DW_AT_decl_file
	.short	9184                            @ DW_AT_decl_line
	.byte	1                               @ DW_AT_bit_size
	.byte	15                              @ DW_AT_data_bit_offset
	.byte	16                              @ Abbrev [16] 0x270:0xe DW_TAG_member
	.long	.Linfo_string47                 @ DW_AT_name
	.long	433                             @ DW_AT_type
	.byte	4                               @ DW_AT_decl_file
	.short	9185                            @ DW_AT_decl_line
	.byte	13                              @ DW_AT_bit_size
	.byte	16                              @ DW_AT_data_bit_offset
	.byte	0                               @ End Of Children Mark
	.byte	15                              @ Abbrev [15] 0x27f:0x5 DW_TAG_pointer_type
	.long	644                             @ DW_AT_type
	.byte	3                               @ Abbrev [3] 0x284:0x5 DW_TAG_volatile_type
	.long	649                             @ DW_AT_type
	.byte	6                               @ Abbrev [6] 0x289:0x50 DW_TAG_structure_type
	.long	.Linfo_string54                 @ DW_AT_name
	.byte	4                               @ DW_AT_byte_size
	.byte	4                               @ DW_AT_decl_file
	.short	9771                            @ DW_AT_decl_line
	.byte	16                              @ Abbrev [16] 0x292:0xe DW_TAG_member
	.long	.Linfo_string49                 @ DW_AT_name
	.long	433                             @ DW_AT_type
	.byte	4                               @ DW_AT_decl_file
	.short	9774                            @ DW_AT_decl_line
	.byte	4                               @ DW_AT_bit_size
	.byte	0                               @ DW_AT_data_bit_offset
	.byte	16                              @ Abbrev [16] 0x2a0:0xe DW_TAG_member
	.long	.Linfo_string50                 @ DW_AT_name
	.long	433                             @ DW_AT_type
	.byte	4                               @ DW_AT_decl_file
	.short	9775                            @ DW_AT_decl_line
	.byte	3                               @ DW_AT_bit_size
	.byte	4                               @ DW_AT_data_bit_offset
	.byte	16                              @ Abbrev [16] 0x2ae:0xe DW_TAG_member
	.long	.Linfo_string51                 @ DW_AT_name
	.long	433                             @ DW_AT_type
	.byte	4                               @ DW_AT_decl_file
	.short	9776                            @ DW_AT_decl_line
	.byte	6                               @ DW_AT_bit_size
	.byte	7                               @ DW_AT_data_bit_offset
	.byte	16                              @ Abbrev [16] 0x2bc:0xe DW_TAG_member
	.long	.Linfo_string52                 @ DW_AT_name
	.long	433                             @ DW_AT_type
	.byte	4                               @ DW_AT_decl_file
	.short	9777                            @ DW_AT_decl_line
	.byte	13                              @ DW_AT_bit_size
	.byte	13                              @ DW_AT_data_bit_offset
	.byte	16                              @ Abbrev [16] 0x2ca:0xe DW_TAG_member
	.long	.Linfo_string53                 @ DW_AT_name
	.long	433                             @ DW_AT_type
	.byte	4                               @ DW_AT_decl_file
	.short	9778                            @ DW_AT_decl_line
	.byte	4                               @ DW_AT_bit_size
	.byte	26                              @ DW_AT_data_bit_offset
	.byte	0                               @ End Of Children Mark
	.byte	15                              @ Abbrev [15] 0x2d9:0x5 DW_TAG_pointer_type
	.long	734                             @ DW_AT_type
	.byte	3                               @ Abbrev [3] 0x2de:0x5 DW_TAG_volatile_type
	.long	739                             @ DW_AT_type
	.byte	6                               @ Abbrev [6] 0x2e3:0x7a DW_TAG_structure_type
	.long	.Linfo_string63                 @ DW_AT_name
	.byte	4                               @ DW_AT_byte_size
	.byte	4                               @ DW_AT_decl_file
	.short	9638                            @ DW_AT_decl_line
	.byte	16                              @ Abbrev [16] 0x2ec:0xe DW_TAG_member
	.long	.Linfo_string55                 @ DW_AT_name
	.long	433                             @ DW_AT_type
	.byte	4                               @ DW_AT_decl_file
	.short	9641                            @ DW_AT_decl_line
	.byte	1                               @ DW_AT_bit_size
	.byte	0                               @ DW_AT_data_bit_offset
	.byte	16                              @ Abbrev [16] 0x2fa:0xe DW_TAG_member
	.long	.Linfo_string56                 @ DW_AT_name
	.long	433                             @ DW_AT_type
	.byte	4                               @ DW_AT_decl_file
	.short	9642                            @ DW_AT_decl_line
	.byte	4                               @ DW_AT_bit_size
	.byte	1                               @ DW_AT_data_bit_offset
	.byte	16                              @ Abbrev [16] 0x308:0xe DW_TAG_member
	.long	.Linfo_string57                 @ DW_AT_name
	.long	433                             @ DW_AT_type
	.byte	4                               @ DW_AT_decl_file
	.short	9644                            @ DW_AT_decl_line
	.byte	1                               @ DW_AT_bit_size
	.byte	8                               @ DW_AT_data_bit_offset
	.byte	16                              @ Abbrev [16] 0x316:0xe DW_TAG_member
	.long	.Linfo_string58                 @ DW_AT_name
	.long	433                             @ DW_AT_type
	.byte	4                               @ DW_AT_decl_file
	.short	9645                            @ DW_AT_decl_line
	.byte	3                               @ DW_AT_bit_size
	.byte	9                               @ DW_AT_data_bit_offset
	.byte	16                              @ Abbrev [16] 0x324:0xe DW_TAG_member
	.long	.Linfo_string59                 @ DW_AT_name
	.long	433                             @ DW_AT_type
	.byte	4                               @ DW_AT_decl_file
	.short	9647                            @ DW_AT_decl_line
	.byte	1                               @ DW_AT_bit_size
	.byte	16                              @ DW_AT_data_bit_offset
	.byte	16                              @ Abbrev [16] 0x332:0xe DW_TAG_member
	.long	.Linfo_string60                 @ DW_AT_name
	.long	433                             @ DW_AT_type
	.byte	4                               @ DW_AT_decl_file
	.short	9648                            @ DW_AT_decl_line
	.byte	6                               @ DW_AT_bit_size
	.byte	17                              @ DW_AT_data_bit_offset
	.byte	16                              @ Abbrev [16] 0x340:0xe DW_TAG_member
	.long	.Linfo_string61                 @ DW_AT_name
	.long	433                             @ DW_AT_type
	.byte	4                               @ DW_AT_decl_file
	.short	9649                            @ DW_AT_decl_line
	.byte	1                               @ DW_AT_bit_size
	.byte	23                              @ DW_AT_data_bit_offset
	.byte	16                              @ Abbrev [16] 0x34e:0xe DW_TAG_member
	.long	.Linfo_string62                 @ DW_AT_name
	.long	433                             @ DW_AT_type
	.byte	4                               @ DW_AT_decl_file
	.short	9650                            @ DW_AT_decl_line
	.byte	8                               @ DW_AT_bit_size
	.byte	24                              @ DW_AT_data_bit_offset
	.byte	0                               @ End Of Children Mark
	.byte	15                              @ Abbrev [15] 0x35d:0x5 DW_TAG_pointer_type
	.long	866                             @ DW_AT_type
	.byte	3                               @ Abbrev [3] 0x362:0x5 DW_TAG_volatile_type
	.long	871                             @ DW_AT_type
	.byte	6                               @ Abbrev [6] 0x367:0x106 DW_TAG_structure_type
	.long	.Linfo_string82                 @ DW_AT_name
	.byte	4                               @ DW_AT_byte_size
	.byte	4                               @ DW_AT_decl_file
	.short	9589                            @ DW_AT_decl_line
	.byte	16                              @ Abbrev [16] 0x370:0xe DW_TAG_member
	.long	.Linfo_string64                 @ DW_AT_name
	.long	433                             @ DW_AT_type
	.byte	4                               @ DW_AT_decl_file
	.short	9592                            @ DW_AT_decl_line
	.byte	1                               @ DW_AT_bit_size
	.byte	0                               @ DW_AT_data_bit_offset
	.byte	16                              @ Abbrev [16] 0x37e:0xe DW_TAG_member
	.long	.Linfo_string65                 @ DW_AT_name
	.long	433                             @ DW_AT_type
	.byte	4                               @ DW_AT_decl_file
	.short	9593                            @ DW_AT_decl_line
	.byte	1                               @ DW_AT_bit_size
	.byte	1                               @ DW_AT_data_bit_offset
	.byte	16                              @ Abbrev [16] 0x38c:0xe DW_TAG_member
	.long	.Linfo_string66                 @ DW_AT_name
	.long	433                             @ DW_AT_type
	.byte	4                               @ DW_AT_decl_file
	.short	9594                            @ DW_AT_decl_line
	.byte	1                               @ DW_AT_bit_size
	.byte	2                               @ DW_AT_data_bit_offset
	.byte	16                              @ Abbrev [16] 0x39a:0xe DW_TAG_member
	.long	.Linfo_string67                 @ DW_AT_name
	.long	433                             @ DW_AT_type
	.byte	4                               @ DW_AT_decl_file
	.short	9595                            @ DW_AT_decl_line
	.byte	1                               @ DW_AT_bit_size
	.byte	3                               @ DW_AT_data_bit_offset
	.byte	16                              @ Abbrev [16] 0x3a8:0xe DW_TAG_member
	.long	.Linfo_string68                 @ DW_AT_name
	.long	433                             @ DW_AT_type
	.byte	4                               @ DW_AT_decl_file
	.short	9596                            @ DW_AT_decl_line
	.byte	1                               @ DW_AT_bit_size
	.byte	4                               @ DW_AT_data_bit_offset
	.byte	16                              @ Abbrev [16] 0x3b6:0xe DW_TAG_member
	.long	.Linfo_string69                 @ DW_AT_name
	.long	433                             @ DW_AT_type
	.byte	4                               @ DW_AT_decl_file
	.short	9597                            @ DW_AT_decl_line
	.byte	1                               @ DW_AT_bit_size
	.byte	5                               @ DW_AT_data_bit_offset
	.byte	16                              @ Abbrev [16] 0x3c4:0xe DW_TAG_member
	.long	.Linfo_string70                 @ DW_AT_name
	.long	433                             @ DW_AT_type
	.byte	4                               @ DW_AT_decl_file
	.short	9598                            @ DW_AT_decl_line
	.byte	1                               @ DW_AT_bit_size
	.byte	6                               @ DW_AT_data_bit_offset
	.byte	16                              @ Abbrev [16] 0x3d2:0xe DW_TAG_member
	.long	.Linfo_string71                 @ DW_AT_name
	.long	433                             @ DW_AT_type
	.byte	4                               @ DW_AT_decl_file
	.short	9599                            @ DW_AT_decl_line
	.byte	1                               @ DW_AT_bit_size
	.byte	7                               @ DW_AT_data_bit_offset
	.byte	16                              @ Abbrev [16] 0x3e0:0xe DW_TAG_member
	.long	.Linfo_string72                 @ DW_AT_name
	.long	433                             @ DW_AT_type
	.byte	4                               @ DW_AT_decl_file
	.short	9600                            @ DW_AT_decl_line
	.byte	1                               @ DW_AT_bit_size
	.byte	8                               @ DW_AT_data_bit_offset
	.byte	16                              @ Abbrev [16] 0x3ee:0xe DW_TAG_member
	.long	.Linfo_string73                 @ DW_AT_name
	.long	433                             @ DW_AT_type
	.byte	4                               @ DW_AT_decl_file
	.short	9601                            @ DW_AT_decl_line
	.byte	1                               @ DW_AT_bit_size
	.byte	9                               @ DW_AT_data_bit_offset
	.byte	16                              @ Abbrev [16] 0x3fc:0xe DW_TAG_member
	.long	.Linfo_string74                 @ DW_AT_name
	.long	433                             @ DW_AT_type
	.byte	4                               @ DW_AT_decl_file
	.short	9602                            @ DW_AT_decl_line
	.byte	1                               @ DW_AT_bit_size
	.byte	10                              @ DW_AT_data_bit_offset
	.byte	16                              @ Abbrev [16] 0x40a:0xe DW_TAG_member
	.long	.Linfo_string75                 @ DW_AT_name
	.long	433                             @ DW_AT_type
	.byte	4                               @ DW_AT_decl_file
	.short	9603                            @ DW_AT_decl_line
	.byte	1                               @ DW_AT_bit_size
	.byte	11                              @ DW_AT_data_bit_offset
	.byte	16                              @ Abbrev [16] 0x418:0xe DW_TAG_member
	.long	.Linfo_string76                 @ DW_AT_name
	.long	433                             @ DW_AT_type
	.byte	4                               @ DW_AT_decl_file
	.short	9604                            @ DW_AT_decl_line
	.byte	1                               @ DW_AT_bit_size
	.byte	12                              @ DW_AT_data_bit_offset
	.byte	16                              @ Abbrev [16] 0x426:0xe DW_TAG_member
	.long	.Linfo_string77                 @ DW_AT_name
	.long	433                             @ DW_AT_type
	.byte	4                               @ DW_AT_decl_file
	.short	9605                            @ DW_AT_decl_line
	.byte	1                               @ DW_AT_bit_size
	.byte	13                              @ DW_AT_data_bit_offset
	.byte	16                              @ Abbrev [16] 0x434:0xe DW_TAG_member
	.long	.Linfo_string78                 @ DW_AT_name
	.long	433                             @ DW_AT_type
	.byte	4                               @ DW_AT_decl_file
	.short	9607                            @ DW_AT_decl_line
	.byte	1                               @ DW_AT_bit_size
	.byte	16                              @ DW_AT_data_bit_offset
	.byte	16                              @ Abbrev [16] 0x442:0xe DW_TAG_member
	.long	.Linfo_string79                 @ DW_AT_name
	.long	433                             @ DW_AT_type
	.byte	4                               @ DW_AT_decl_file
	.short	9608                            @ DW_AT_decl_line
	.byte	4                               @ DW_AT_bit_size
	.byte	17                              @ DW_AT_data_bit_offset
	.byte	16                              @ Abbrev [16] 0x450:0xe DW_TAG_member
	.long	.Linfo_string80                 @ DW_AT_name
	.long	433                             @ DW_AT_type
	.byte	4                               @ DW_AT_decl_file
	.short	9610                            @ DW_AT_decl_line
	.byte	1                               @ DW_AT_bit_size
	.byte	24                              @ DW_AT_data_bit_offset
	.byte	16                              @ Abbrev [16] 0x45e:0xe DW_TAG_member
	.long	.Linfo_string81                 @ DW_AT_name
	.long	433                             @ DW_AT_type
	.byte	4                               @ DW_AT_decl_file
	.short	9611                            @ DW_AT_decl_line
	.byte	7                               @ DW_AT_bit_size
	.byte	25                              @ DW_AT_data_bit_offset
	.byte	0                               @ End Of Children Mark
	.byte	15                              @ Abbrev [15] 0x46d:0x5 DW_TAG_pointer_type
	.long	1138                            @ DW_AT_type
	.byte	3                               @ Abbrev [3] 0x472:0x5 DW_TAG_volatile_type
	.long	1143                            @ DW_AT_type
	.byte	6                               @ Abbrev [6] 0x477:0x88 DW_TAG_structure_type
	.long	.Linfo_string92                 @ DW_AT_name
	.byte	4                               @ DW_AT_byte_size
	.byte	4                               @ DW_AT_decl_file
	.short	9536                            @ DW_AT_decl_line
	.byte	16                              @ Abbrev [16] 0x480:0xe DW_TAG_member
	.long	.Linfo_string83                 @ DW_AT_name
	.long	433                             @ DW_AT_type
	.byte	4                               @ DW_AT_decl_file
	.short	9539                            @ DW_AT_decl_line
	.byte	5                               @ DW_AT_bit_size
	.byte	0                               @ DW_AT_data_bit_offset
	.byte	16                              @ Abbrev [16] 0x48e:0xe DW_TAG_member
	.long	.Linfo_string84                 @ DW_AT_name
	.long	433                             @ DW_AT_type
	.byte	4                               @ DW_AT_decl_file
	.short	9540                            @ DW_AT_decl_line
	.byte	1                               @ DW_AT_bit_size
	.byte	5                               @ DW_AT_data_bit_offset
	.byte	16                              @ Abbrev [16] 0x49c:0xe DW_TAG_member
	.long	.Linfo_string85                 @ DW_AT_name
	.long	433                             @ DW_AT_type
	.byte	4                               @ DW_AT_decl_file
	.short	9541                            @ DW_AT_decl_line
	.byte	1                               @ DW_AT_bit_size
	.byte	6                               @ DW_AT_data_bit_offset
	.byte	16                              @ Abbrev [16] 0x4aa:0xe DW_TAG_member
	.long	.Linfo_string86                 @ DW_AT_name
	.long	433                             @ DW_AT_type
	.byte	4                               @ DW_AT_decl_file
	.short	9542                            @ DW_AT_decl_line
	.byte	1                               @ DW_AT_bit_size
	.byte	7                               @ DW_AT_data_bit_offset
	.byte	16                              @ Abbrev [16] 0x4b8:0xe DW_TAG_member
	.long	.Linfo_string87                 @ DW_AT_name
	.long	433                             @ DW_AT_type
	.byte	4                               @ DW_AT_decl_file
	.short	9543                            @ DW_AT_decl_line
	.byte	4                               @ DW_AT_bit_size
	.byte	8                               @ DW_AT_data_bit_offset
	.byte	16                              @ Abbrev [16] 0x4c6:0xe DW_TAG_member
	.long	.Linfo_string88                 @ DW_AT_name
	.long	433                             @ DW_AT_type
	.byte	4                               @ DW_AT_decl_file
	.short	9545                            @ DW_AT_decl_line
	.byte	2                               @ DW_AT_bit_size
	.byte	16                              @ DW_AT_data_bit_offset
	.byte	16                              @ Abbrev [16] 0x4d4:0xe DW_TAG_member
	.long	.Linfo_string89                 @ DW_AT_name
	.long	433                             @ DW_AT_type
	.byte	4                               @ DW_AT_decl_file
	.short	9546                            @ DW_AT_decl_line
	.byte	6                               @ DW_AT_bit_size
	.byte	18                              @ DW_AT_data_bit_offset
	.byte	16                              @ Abbrev [16] 0x4e2:0xe DW_TAG_member
	.long	.Linfo_string90                 @ DW_AT_name
	.long	433                             @ DW_AT_type
	.byte	4                               @ DW_AT_decl_file
	.short	9547                            @ DW_AT_decl_line
	.byte	6                               @ DW_AT_bit_size
	.byte	24                              @ DW_AT_data_bit_offset
	.byte	16                              @ Abbrev [16] 0x4f0:0xe DW_TAG_member
	.long	.Linfo_string91                 @ DW_AT_name
	.long	433                             @ DW_AT_type
	.byte	4                               @ DW_AT_decl_file
	.short	9548                            @ DW_AT_decl_line
	.byte	1                               @ DW_AT_bit_size
	.byte	30                              @ DW_AT_data_bit_offset
	.byte	0                               @ End Of Children Mark
	.byte	15                              @ Abbrev [15] 0x4ff:0x5 DW_TAG_pointer_type
	.long	1284                            @ DW_AT_type
	.byte	3                               @ Abbrev [3] 0x504:0x5 DW_TAG_volatile_type
	.long	1289                            @ DW_AT_type
	.byte	6                               @ Abbrev [6] 0x509:0x5e DW_TAG_structure_type
	.long	.Linfo_string99                 @ DW_AT_name
	.byte	4                               @ DW_AT_byte_size
	.byte	4                               @ DW_AT_decl_file
	.short	9746                            @ DW_AT_decl_line
	.byte	16                              @ Abbrev [16] 0x512:0xe DW_TAG_member
	.long	.Linfo_string93                 @ DW_AT_name
	.long	433                             @ DW_AT_type
	.byte	4                               @ DW_AT_decl_file
	.short	9749                            @ DW_AT_decl_line
	.byte	23                              @ DW_AT_bit_size
	.byte	0                               @ DW_AT_data_bit_offset
	.byte	16                              @ Abbrev [16] 0x520:0xe DW_TAG_member
	.long	.Linfo_string94                 @ DW_AT_name
	.long	433                             @ DW_AT_type
	.byte	4                               @ DW_AT_decl_file
	.short	9750                            @ DW_AT_decl_line
	.byte	1                               @ DW_AT_bit_size
	.byte	23                              @ DW_AT_data_bit_offset
	.byte	16                              @ Abbrev [16] 0x52e:0xe DW_TAG_member
	.long	.Linfo_string95                 @ DW_AT_name
	.long	433                             @ DW_AT_type
	.byte	4                               @ DW_AT_decl_file
	.short	9751                            @ DW_AT_decl_line
	.byte	1                               @ DW_AT_bit_size
	.byte	24                              @ DW_AT_data_bit_offset
	.byte	16                              @ Abbrev [16] 0x53c:0xe DW_TAG_member
	.long	.Linfo_string96                 @ DW_AT_name
	.long	433                             @ DW_AT_type
	.byte	4                               @ DW_AT_decl_file
	.short	9752                            @ DW_AT_decl_line
	.byte	1                               @ DW_AT_bit_size
	.byte	25                              @ DW_AT_data_bit_offset
	.byte	16                              @ Abbrev [16] 0x54a:0xe DW_TAG_member
	.long	.Linfo_string97                 @ DW_AT_name
	.long	433                             @ DW_AT_type
	.byte	4                               @ DW_AT_decl_file
	.short	9753                            @ DW_AT_decl_line
	.byte	1                               @ DW_AT_bit_size
	.byte	26                              @ DW_AT_data_bit_offset
	.byte	16                              @ Abbrev [16] 0x558:0xe DW_TAG_member
	.long	.Linfo_string98                 @ DW_AT_name
	.long	433                             @ DW_AT_type
	.byte	4                               @ DW_AT_decl_file
	.short	9756                            @ DW_AT_decl_line
	.byte	1                               @ DW_AT_bit_size
	.byte	29                              @ DW_AT_data_bit_offset
	.byte	0                               @ End Of Children Mark
	.byte	15                              @ Abbrev [15] 0x567:0x5 DW_TAG_pointer_type
	.long	1388                            @ DW_AT_type
	.byte	3                               @ Abbrev [3] 0x56c:0x5 DW_TAG_volatile_type
	.long	1393                            @ DW_AT_type
	.byte	6                               @ Abbrev [6] 0x571:0x26 DW_TAG_structure_type
	.long	.Linfo_string102                @ DW_AT_name
	.byte	4                               @ DW_AT_byte_size
	.byte	4                               @ DW_AT_decl_file
	.short	9227                            @ DW_AT_decl_line
	.byte	16                              @ Abbrev [16] 0x57a:0xe DW_TAG_member
	.long	.Linfo_string100                @ DW_AT_name
	.long	433                             @ DW_AT_type
	.byte	4                               @ DW_AT_decl_file
	.short	9230                            @ DW_AT_decl_line
	.byte	8                               @ DW_AT_bit_size
	.byte	0                               @ DW_AT_data_bit_offset
	.byte	16                              @ Abbrev [16] 0x588:0xe DW_TAG_member
	.long	.Linfo_string101                @ DW_AT_name
	.long	433                             @ DW_AT_type
	.byte	4                               @ DW_AT_decl_file
	.short	9231                            @ DW_AT_decl_line
	.byte	8                               @ DW_AT_bit_size
	.byte	8                               @ DW_AT_data_bit_offset
	.byte	0                               @ End Of Children Mark
	.byte	15                              @ Abbrev [15] 0x597:0x5 DW_TAG_pointer_type
	.long	1436                            @ DW_AT_type
	.byte	3                               @ Abbrev [3] 0x59c:0x5 DW_TAG_volatile_type
	.long	1441                            @ DW_AT_type
	.byte	6                               @ Abbrev [6] 0x5a1:0x26 DW_TAG_structure_type
	.long	.Linfo_string105                @ DW_AT_name
	.byte	4                               @ DW_AT_byte_size
	.byte	4                               @ DW_AT_decl_file
	.short	7551                            @ DW_AT_decl_line
	.byte	16                              @ Abbrev [16] 0x5aa:0xe DW_TAG_member
	.long	.Linfo_string103                @ DW_AT_name
	.long	433                             @ DW_AT_type
	.byte	4                               @ DW_AT_decl_file
	.short	7554                            @ DW_AT_decl_line
	.byte	5                               @ DW_AT_bit_size
	.byte	0                               @ DW_AT_data_bit_offset
	.byte	16                              @ Abbrev [16] 0x5b8:0xe DW_TAG_member
	.long	.Linfo_string104                @ DW_AT_name
	.long	433                             @ DW_AT_type
	.byte	4                               @ DW_AT_decl_file
	.short	7555                            @ DW_AT_decl_line
	.byte	5                               @ DW_AT_bit_size
	.byte	5                               @ DW_AT_data_bit_offset
	.byte	0                               @ End Of Children Mark
	.byte	15                              @ Abbrev [15] 0x5c7:0x5 DW_TAG_pointer_type
	.long	1484                            @ DW_AT_type
	.byte	3                               @ Abbrev [3] 0x5cc:0x5 DW_TAG_volatile_type
	.long	1489                            @ DW_AT_type
	.byte	6                               @ Abbrev [6] 0x5d1:0x26 DW_TAG_structure_type
	.long	.Linfo_string108                @ DW_AT_name
	.byte	4                               @ DW_AT_byte_size
	.byte	4                               @ DW_AT_decl_file
	.short	7153                            @ DW_AT_decl_line
	.byte	16                              @ Abbrev [16] 0x5da:0xe DW_TAG_member
	.long	.Linfo_string106                @ DW_AT_name
	.long	433                             @ DW_AT_type
	.byte	4                               @ DW_AT_decl_file
	.short	7156                            @ DW_AT_decl_line
	.byte	2                               @ DW_AT_bit_size
	.byte	0                               @ DW_AT_data_bit_offset
	.byte	16                              @ Abbrev [16] 0x5e8:0xe DW_TAG_member
	.long	.Linfo_string107                @ DW_AT_name
	.long	433                             @ DW_AT_type
	.byte	4                               @ DW_AT_decl_file
	.short	7157                            @ DW_AT_decl_line
	.byte	2                               @ DW_AT_bit_size
	.byte	2                               @ DW_AT_data_bit_offset
	.byte	0                               @ End Of Children Mark
	.byte	15                              @ Abbrev [15] 0x5f7:0x5 DW_TAG_pointer_type
	.long	1532                            @ DW_AT_type
	.byte	3                               @ Abbrev [3] 0x5fc:0x5 DW_TAG_volatile_type
	.long	1537                            @ DW_AT_type
	.byte	6                               @ Abbrev [6] 0x601:0x50 DW_TAG_structure_type
	.long	.Linfo_string114                @ DW_AT_name
	.byte	4                               @ DW_AT_byte_size
	.byte	4                               @ DW_AT_decl_file
	.short	9271                            @ DW_AT_decl_line
	.byte	16                              @ Abbrev [16] 0x60a:0xe DW_TAG_member
	.long	.Linfo_string109                @ DW_AT_name
	.long	433                             @ DW_AT_type
	.byte	4                               @ DW_AT_decl_file
	.short	9274                            @ DW_AT_decl_line
	.byte	6                               @ DW_AT_bit_size
	.byte	0                               @ DW_AT_data_bit_offset
	.byte	16                              @ Abbrev [16] 0x618:0xe DW_TAG_member
	.long	.Linfo_string110                @ DW_AT_name
	.long	433                             @ DW_AT_type
	.byte	4                               @ DW_AT_decl_file
	.short	9275                            @ DW_AT_decl_line
	.byte	9                               @ DW_AT_bit_size
	.byte	6                               @ DW_AT_data_bit_offset
	.byte	16                              @ Abbrev [16] 0x626:0xe DW_TAG_member
	.long	.Linfo_string111                @ DW_AT_name
	.long	433                             @ DW_AT_type
	.byte	4                               @ DW_AT_decl_file
	.short	9276                            @ DW_AT_decl_line
	.byte	1                               @ DW_AT_bit_size
	.byte	15                              @ DW_AT_data_bit_offset
	.byte	16                              @ Abbrev [16] 0x634:0xe DW_TAG_member
	.long	.Linfo_string112                @ DW_AT_name
	.long	433                             @ DW_AT_type
	.byte	4                               @ DW_AT_decl_file
	.short	9277                            @ DW_AT_decl_line
	.byte	7                               @ DW_AT_bit_size
	.byte	16                              @ DW_AT_data_bit_offset
	.byte	16                              @ Abbrev [16] 0x642:0xe DW_TAG_member
	.long	.Linfo_string113                @ DW_AT_name
	.long	433                             @ DW_AT_type
	.byte	4                               @ DW_AT_decl_file
	.short	9278                            @ DW_AT_decl_line
	.byte	9                               @ DW_AT_bit_size
	.byte	23                              @ DW_AT_data_bit_offset
	.byte	0                               @ End Of Children Mark
	.byte	15                              @ Abbrev [15] 0x651:0x5 DW_TAG_pointer_type
	.long	1622                            @ DW_AT_type
	.byte	3                               @ Abbrev [3] 0x656:0x5 DW_TAG_volatile_type
	.long	1627                            @ DW_AT_type
	.byte	6                               @ Abbrev [6] 0x65b:0x88 DW_TAG_structure_type
	.long	.Linfo_string124                @ DW_AT_name
	.byte	4                               @ DW_AT_byte_size
	.byte	4                               @ DW_AT_decl_file
	.short	9292                            @ DW_AT_decl_line
	.byte	16                              @ Abbrev [16] 0x664:0xe DW_TAG_member
	.long	.Linfo_string115                @ DW_AT_name
	.long	433                             @ DW_AT_type
	.byte	4                               @ DW_AT_decl_file
	.short	9295                            @ DW_AT_decl_line
	.byte	1                               @ DW_AT_bit_size
	.byte	0                               @ DW_AT_data_bit_offset
	.byte	16                              @ Abbrev [16] 0x672:0xe DW_TAG_member
	.long	.Linfo_string116                @ DW_AT_name
	.long	433                             @ DW_AT_type
	.byte	4                               @ DW_AT_decl_file
	.short	9296                            @ DW_AT_decl_line
	.byte	1                               @ DW_AT_bit_size
	.byte	1                               @ DW_AT_data_bit_offset
	.byte	16                              @ Abbrev [16] 0x680:0xe DW_TAG_member
	.long	.Linfo_string117                @ DW_AT_name
	.long	433                             @ DW_AT_type
	.byte	4                               @ DW_AT_decl_file
	.short	9297                            @ DW_AT_decl_line
	.byte	1                               @ DW_AT_bit_size
	.byte	2                               @ DW_AT_data_bit_offset
	.byte	16                              @ Abbrev [16] 0x68e:0xe DW_TAG_member
	.long	.Linfo_string118                @ DW_AT_name
	.long	433                             @ DW_AT_type
	.byte	4                               @ DW_AT_decl_file
	.short	9298                            @ DW_AT_decl_line
	.byte	1                               @ DW_AT_bit_size
	.byte	3                               @ DW_AT_data_bit_offset
	.byte	16                              @ Abbrev [16] 0x69c:0xe DW_TAG_member
	.long	.Linfo_string119                @ DW_AT_name
	.long	433                             @ DW_AT_type
	.byte	4                               @ DW_AT_decl_file
	.short	9299                            @ DW_AT_decl_line
	.byte	3                               @ DW_AT_bit_size
	.byte	4                               @ DW_AT_data_bit_offset
	.byte	16                              @ Abbrev [16] 0x6aa:0xe DW_TAG_member
	.long	.Linfo_string120                @ DW_AT_name
	.long	433                             @ DW_AT_type
	.byte	4                               @ DW_AT_decl_file
	.short	9301                            @ DW_AT_decl_line
	.byte	1                               @ DW_AT_bit_size
	.byte	8                               @ DW_AT_data_bit_offset
	.byte	16                              @ Abbrev [16] 0x6b8:0xe DW_TAG_member
	.long	.Linfo_string121                @ DW_AT_name
	.long	433                             @ DW_AT_type
	.byte	4                               @ DW_AT_decl_file
	.short	9302                            @ DW_AT_decl_line
	.byte	2                               @ DW_AT_bit_size
	.byte	9                               @ DW_AT_data_bit_offset
	.byte	16                              @ Abbrev [16] 0x6c6:0xe DW_TAG_member
	.long	.Linfo_string122                @ DW_AT_name
	.long	433                             @ DW_AT_type
	.byte	4                               @ DW_AT_decl_file
	.short	9303                            @ DW_AT_decl_line
	.byte	4                               @ DW_AT_bit_size
	.byte	11                              @ DW_AT_data_bit_offset
	.byte	16                              @ Abbrev [16] 0x6d4:0xe DW_TAG_member
	.long	.Linfo_string123                @ DW_AT_name
	.long	433                             @ DW_AT_type
	.byte	4                               @ DW_AT_decl_file
	.short	9304                            @ DW_AT_decl_line
	.byte	1                               @ DW_AT_bit_size
	.byte	15                              @ DW_AT_data_bit_offset
	.byte	0                               @ End Of Children Mark
	.byte	15                              @ Abbrev [15] 0x6e3:0x5 DW_TAG_pointer_type
	.long	1768                            @ DW_AT_type
	.byte	3                               @ Abbrev [3] 0x6e8:0x5 DW_TAG_volatile_type
	.long	1773                            @ DW_AT_type
	.byte	6                               @ Abbrev [6] 0x6ed:0x5e DW_TAG_structure_type
	.long	.Linfo_string131                @ DW_AT_name
	.byte	4                               @ DW_AT_byte_size
	.byte	4                               @ DW_AT_decl_file
	.short	9406                            @ DW_AT_decl_line
	.byte	16                              @ Abbrev [16] 0x6f6:0xe DW_TAG_member
	.long	.Linfo_string125                @ DW_AT_name
	.long	433                             @ DW_AT_type
	.byte	4                               @ DW_AT_decl_file
	.short	9409                            @ DW_AT_decl_line
	.byte	6                               @ DW_AT_bit_size
	.byte	0                               @ DW_AT_data_bit_offset
	.byte	16                              @ Abbrev [16] 0x704:0xe DW_TAG_member
	.long	.Linfo_string126                @ DW_AT_name
	.long	433                             @ DW_AT_type
	.byte	4                               @ DW_AT_decl_file
	.short	9410                            @ DW_AT_decl_line
	.byte	6                               @ DW_AT_bit_size
	.byte	6                               @ DW_AT_data_bit_offset
	.byte	16                              @ Abbrev [16] 0x712:0xe DW_TAG_member
	.long	.Linfo_string127                @ DW_AT_name
	.long	433                             @ DW_AT_type
	.byte	4                               @ DW_AT_decl_file
	.short	9411                            @ DW_AT_decl_line
	.byte	6                               @ DW_AT_bit_size
	.byte	12                              @ DW_AT_data_bit_offset
	.byte	16                              @ Abbrev [16] 0x720:0xe DW_TAG_member
	.long	.Linfo_string128                @ DW_AT_name
	.long	433                             @ DW_AT_type
	.byte	4                               @ DW_AT_decl_file
	.short	9412                            @ DW_AT_decl_line
	.byte	6                               @ DW_AT_bit_size
	.byte	18                              @ DW_AT_data_bit_offset
	.byte	16                              @ Abbrev [16] 0x72e:0xe DW_TAG_member
	.long	.Linfo_string129                @ DW_AT_name
	.long	433                             @ DW_AT_type
	.byte	4                               @ DW_AT_decl_file
	.short	9413                            @ DW_AT_decl_line
	.byte	6                               @ DW_AT_bit_size
	.byte	24                              @ DW_AT_data_bit_offset
	.byte	16                              @ Abbrev [16] 0x73c:0xe DW_TAG_member
	.long	.Linfo_string130                @ DW_AT_name
	.long	433                             @ DW_AT_type
	.byte	4                               @ DW_AT_decl_file
	.short	9414                            @ DW_AT_decl_line
	.byte	1                               @ DW_AT_bit_size
	.byte	30                              @ DW_AT_data_bit_offset
	.byte	0                               @ End Of Children Mark
	.byte	15                              @ Abbrev [15] 0x74b:0x5 DW_TAG_pointer_type
	.long	1872                            @ DW_AT_type
	.byte	3                               @ Abbrev [3] 0x750:0x5 DW_TAG_volatile_type
	.long	1877                            @ DW_AT_type
	.byte	6                               @ Abbrev [6] 0x755:0x6c DW_TAG_structure_type
	.long	.Linfo_string139                @ DW_AT_name
	.byte	4                               @ DW_AT_byte_size
	.byte	4                               @ DW_AT_decl_file
	.short	9242                            @ DW_AT_decl_line
	.byte	16                              @ Abbrev [16] 0x75e:0xe DW_TAG_member
	.long	.Linfo_string132                @ DW_AT_name
	.long	433                             @ DW_AT_type
	.byte	4                               @ DW_AT_decl_file
	.short	9245                            @ DW_AT_decl_line
	.byte	5                               @ DW_AT_bit_size
	.byte	0                               @ DW_AT_data_bit_offset
	.byte	16                              @ Abbrev [16] 0x76c:0xe DW_TAG_member
	.long	.Linfo_string133                @ DW_AT_name
	.long	433                             @ DW_AT_type
	.byte	4                               @ DW_AT_decl_file
	.short	9249                            @ DW_AT_decl_line
	.byte	7                               @ DW_AT_bit_size
	.byte	16                              @ DW_AT_data_bit_offset
	.byte	16                              @ Abbrev [16] 0x77a:0xe DW_TAG_member
	.long	.Linfo_string134                @ DW_AT_name
	.long	433                             @ DW_AT_type
	.byte	4                               @ DW_AT_decl_file
	.short	9251                            @ DW_AT_decl_line
	.byte	3                               @ DW_AT_bit_size
	.byte	24                              @ DW_AT_data_bit_offset
	.byte	16                              @ Abbrev [16] 0x788:0xe DW_TAG_member
	.long	.Linfo_string135                @ DW_AT_name
	.long	433                             @ DW_AT_type
	.byte	4                               @ DW_AT_decl_file
	.short	9252                            @ DW_AT_decl_line
	.byte	1                               @ DW_AT_bit_size
	.byte	27                              @ DW_AT_data_bit_offset
	.byte	16                              @ Abbrev [16] 0x796:0xe DW_TAG_member
	.long	.Linfo_string136                @ DW_AT_name
	.long	433                             @ DW_AT_type
	.byte	4                               @ DW_AT_decl_file
	.short	9253                            @ DW_AT_decl_line
	.byte	1                               @ DW_AT_bit_size
	.byte	28                              @ DW_AT_data_bit_offset
	.byte	16                              @ Abbrev [16] 0x7a4:0xe DW_TAG_member
	.long	.Linfo_string137                @ DW_AT_name
	.long	433                             @ DW_AT_type
	.byte	4                               @ DW_AT_decl_file
	.short	9254                            @ DW_AT_decl_line
	.byte	1                               @ DW_AT_bit_size
	.byte	29                              @ DW_AT_data_bit_offset
	.byte	16                              @ Abbrev [16] 0x7b2:0xe DW_TAG_member
	.long	.Linfo_string138                @ DW_AT_name
	.long	433                             @ DW_AT_type
	.byte	4                               @ DW_AT_decl_file
	.short	9255                            @ DW_AT_decl_line
	.byte	2                               @ DW_AT_bit_size
	.byte	30                              @ DW_AT_data_bit_offset
	.byte	0                               @ End Of Children Mark
	.byte	17                              @ Abbrev [17] 0x7c1:0x11 DW_TAG_subprogram
	.long	.Lfunc_begin0                   @ DW_AT_low_pc
	.long	.Lfunc_end0-.Lfunc_begin0       @ DW_AT_high_pc
	.byte	1                               @ DW_AT_frame_base
	.byte	93
                                        @ DW_AT_GNU_all_call_sites
	.long	.Linfo_string142                @ DW_AT_name
	.byte	2                               @ DW_AT_decl_file
	.byte	199                             @ DW_AT_decl_line
                                        @ DW_AT_prototyped
                                        @ DW_AT_external
	.byte	18                              @ Abbrev [18] 0x7d2:0xb7 DW_TAG_subprogram
	.long	.Lfunc_begin1                   @ DW_AT_low_pc
	.long	.Lfunc_end1-.Lfunc_begin1       @ DW_AT_high_pc
	.byte	1                               @ DW_AT_frame_base
	.byte	93
                                        @ DW_AT_GNU_all_call_sites
	.long	.Linfo_string143                @ DW_AT_name
	.byte	2                               @ DW_AT_decl_file
	.short	402                             @ DW_AT_decl_line
                                        @ DW_AT_prototyped
	.long	366                             @ DW_AT_type
                                        @ DW_AT_external
	.byte	19                              @ Abbrev [19] 0x7e8:0x10 DW_TAG_variable
	.long	.Ldebug_loc0                    @ DW_AT_location
	.long	.Linfo_string158                @ DW_AT_name
	.byte	2                               @ DW_AT_decl_file
	.short	408                             @ DW_AT_decl_line
	.long	366                             @ DW_AT_type
	.byte	19                              @ Abbrev [19] 0x7f8:0x10 DW_TAG_variable
	.long	.Ldebug_loc1                    @ DW_AT_location
	.long	.Linfo_string159                @ DW_AT_name
	.byte	2                               @ DW_AT_decl_file
	.short	411                             @ DW_AT_decl_line
	.long	393                             @ DW_AT_type
	.byte	19                              @ Abbrev [19] 0x808:0x10 DW_TAG_variable
	.long	.Ldebug_loc2                    @ DW_AT_location
	.long	.Linfo_string160                @ DW_AT_name
	.byte	2                               @ DW_AT_decl_file
	.short	412                             @ DW_AT_decl_line
	.long	393                             @ DW_AT_type
	.byte	19                              @ Abbrev [19] 0x818:0x10 DW_TAG_variable
	.long	.Ldebug_loc3                    @ DW_AT_location
	.long	.Linfo_string161                @ DW_AT_name
	.byte	2                               @ DW_AT_decl_file
	.short	413                             @ DW_AT_decl_line
	.long	393                             @ DW_AT_type
	.byte	19                              @ Abbrev [19] 0x828:0x10 DW_TAG_variable
	.long	.Ldebug_loc4                    @ DW_AT_location
	.long	.Linfo_string162                @ DW_AT_name
	.byte	2                               @ DW_AT_decl_file
	.short	414                             @ DW_AT_decl_line
	.long	393                             @ DW_AT_type
	.byte	19                              @ Abbrev [19] 0x838:0x10 DW_TAG_variable
	.long	.Ldebug_loc5                    @ DW_AT_location
	.long	.Linfo_string163                @ DW_AT_name
	.byte	2                               @ DW_AT_decl_file
	.short	415                             @ DW_AT_decl_line
	.long	393                             @ DW_AT_type
	.byte	19                              @ Abbrev [19] 0x848:0x10 DW_TAG_variable
	.long	.Ldebug_loc6                    @ DW_AT_location
	.long	.Linfo_string164                @ DW_AT_name
	.byte	2                               @ DW_AT_decl_file
	.short	416                             @ DW_AT_decl_line
	.long	393                             @ DW_AT_type
	.byte	19                              @ Abbrev [19] 0x858:0x10 DW_TAG_variable
	.long	.Ldebug_loc7                    @ DW_AT_location
	.long	.Linfo_string165                @ DW_AT_name
	.byte	2                               @ DW_AT_decl_file
	.short	417                             @ DW_AT_decl_line
	.long	393                             @ DW_AT_type
	.byte	19                              @ Abbrev [19] 0x868:0x10 DW_TAG_variable
	.long	.Ldebug_loc8                    @ DW_AT_location
	.long	.Linfo_string166                @ DW_AT_name
	.byte	2                               @ DW_AT_decl_file
	.short	418                             @ DW_AT_decl_line
	.long	393                             @ DW_AT_type
	.byte	19                              @ Abbrev [19] 0x878:0x10 DW_TAG_variable
	.long	.Ldebug_loc9                    @ DW_AT_location
	.long	.Linfo_string167                @ DW_AT_name
	.byte	2                               @ DW_AT_decl_file
	.short	419                             @ DW_AT_decl_line
	.long	393                             @ DW_AT_type
	.byte	0                               @ End Of Children Mark
	.byte	18                              @ Abbrev [18] 0x889:0xa7 DW_TAG_subprogram
	.long	.Lfunc_begin2                   @ DW_AT_low_pc
	.long	.Lfunc_end2-.Lfunc_begin2       @ DW_AT_high_pc
	.byte	1                               @ DW_AT_frame_base
	.byte	93
                                        @ DW_AT_GNU_all_call_sites
	.long	.Linfo_string144                @ DW_AT_name
	.byte	2                               @ DW_AT_decl_file
	.short	552                             @ DW_AT_decl_line
                                        @ DW_AT_prototyped
	.long	366                             @ DW_AT_type
                                        @ DW_AT_external
	.byte	19                              @ Abbrev [19] 0x89f:0x10 DW_TAG_variable
	.long	.Ldebug_loc10                   @ DW_AT_location
	.long	.Linfo_string168                @ DW_AT_name
	.byte	2                               @ DW_AT_decl_file
	.short	557                             @ DW_AT_decl_line
	.long	393                             @ DW_AT_type
	.byte	19                              @ Abbrev [19] 0x8af:0x10 DW_TAG_variable
	.long	.Ldebug_loc11                   @ DW_AT_location
	.long	.Linfo_string169                @ DW_AT_name
	.byte	2                               @ DW_AT_decl_file
	.short	557                             @ DW_AT_decl_line
	.long	393                             @ DW_AT_type
	.byte	19                              @ Abbrev [19] 0x8bf:0x10 DW_TAG_variable
	.long	.Ldebug_loc12                   @ DW_AT_location
	.long	.Linfo_string170                @ DW_AT_name
	.byte	2                               @ DW_AT_decl_file
	.short	557                             @ DW_AT_decl_line
	.long	393                             @ DW_AT_type
	.byte	19                              @ Abbrev [19] 0x8cf:0x10 DW_TAG_variable
	.long	.Ldebug_loc13                   @ DW_AT_location
	.long	.Linfo_string171                @ DW_AT_name
	.byte	2                               @ DW_AT_decl_file
	.short	559                             @ DW_AT_decl_line
	.long	393                             @ DW_AT_type
	.byte	19                              @ Abbrev [19] 0x8df:0x10 DW_TAG_variable
	.long	.Ldebug_loc14                   @ DW_AT_location
	.long	.Linfo_string172                @ DW_AT_name
	.byte	2                               @ DW_AT_decl_file
	.short	559                             @ DW_AT_decl_line
	.long	393                             @ DW_AT_type
	.byte	19                              @ Abbrev [19] 0x8ef:0x10 DW_TAG_variable
	.long	.Ldebug_loc15                   @ DW_AT_location
	.long	.Linfo_string173                @ DW_AT_name
	.byte	2                               @ DW_AT_decl_file
	.short	613                             @ DW_AT_decl_line
	.long	393                             @ DW_AT_type
	.byte	19                              @ Abbrev [19] 0x8ff:0x10 DW_TAG_variable
	.long	.Ldebug_loc16                   @ DW_AT_location
	.long	.Linfo_string174                @ DW_AT_name
	.byte	2                               @ DW_AT_decl_file
	.short	615                             @ DW_AT_decl_line
	.long	393                             @ DW_AT_type
	.byte	19                              @ Abbrev [19] 0x90f:0x10 DW_TAG_variable
	.long	.Ldebug_loc17                   @ DW_AT_location
	.long	.Linfo_string175                @ DW_AT_name
	.byte	2                               @ DW_AT_decl_file
	.short	616                             @ DW_AT_decl_line
	.long	393                             @ DW_AT_type
	.byte	19                              @ Abbrev [19] 0x91f:0x10 DW_TAG_variable
	.long	.Ldebug_loc18                   @ DW_AT_location
	.long	.Linfo_string176                @ DW_AT_name
	.byte	2                               @ DW_AT_decl_file
	.short	555                             @ DW_AT_decl_line
	.long	393                             @ DW_AT_type
	.byte	0                               @ End Of Children Mark
	.byte	20                              @ Abbrev [20] 0x930:0x12 DW_TAG_subprogram
	.long	.Lfunc_begin3                   @ DW_AT_low_pc
	.long	.Lfunc_end3-.Lfunc_begin3       @ DW_AT_high_pc
	.byte	1                               @ DW_AT_frame_base
	.byte	93
                                        @ DW_AT_GNU_all_call_sites
	.long	.Linfo_string145                @ DW_AT_name
	.byte	2                               @ DW_AT_decl_file
	.short	709                             @ DW_AT_decl_line
                                        @ DW_AT_prototyped
                                        @ DW_AT_external
	.byte	20                              @ Abbrev [20] 0x942:0x12 DW_TAG_subprogram
	.long	.Lfunc_begin4                   @ DW_AT_low_pc
	.long	.Lfunc_end4-.Lfunc_begin4       @ DW_AT_high_pc
	.byte	1                               @ DW_AT_frame_base
	.byte	93
                                        @ DW_AT_GNU_all_call_sites
	.long	.Linfo_string146                @ DW_AT_name
	.byte	2                               @ DW_AT_decl_file
	.short	699                             @ DW_AT_decl_line
                                        @ DW_AT_prototyped
                                        @ DW_AT_external
	.byte	20                              @ Abbrev [20] 0x954:0x12 DW_TAG_subprogram
	.long	.Lfunc_begin5                   @ DW_AT_low_pc
	.long	.Lfunc_end5-.Lfunc_begin5       @ DW_AT_high_pc
	.byte	1                               @ DW_AT_frame_base
	.byte	93
                                        @ DW_AT_GNU_all_call_sites
	.long	.Linfo_string147                @ DW_AT_name
	.byte	2                               @ DW_AT_decl_file
	.short	648                             @ DW_AT_decl_line
                                        @ DW_AT_prototyped
                                        @ DW_AT_external
	.byte	20                              @ Abbrev [20] 0x966:0x12 DW_TAG_subprogram
	.long	.Lfunc_begin6                   @ DW_AT_low_pc
	.long	.Lfunc_end6-.Lfunc_begin6       @ DW_AT_high_pc
	.byte	1                               @ DW_AT_frame_base
	.byte	93
                                        @ DW_AT_GNU_all_call_sites
	.long	.Linfo_string148                @ DW_AT_name
	.byte	2                               @ DW_AT_decl_file
	.short	652                             @ DW_AT_decl_line
                                        @ DW_AT_prototyped
                                        @ DW_AT_external
	.byte	20                              @ Abbrev [20] 0x978:0x12 DW_TAG_subprogram
	.long	.Lfunc_begin7                   @ DW_AT_low_pc
	.long	.Lfunc_end7-.Lfunc_begin7       @ DW_AT_high_pc
	.byte	1                               @ DW_AT_frame_base
	.byte	93
                                        @ DW_AT_GNU_all_call_sites
	.long	.Linfo_string149                @ DW_AT_name
	.byte	2                               @ DW_AT_decl_file
	.short	721                             @ DW_AT_decl_line
                                        @ DW_AT_prototyped
                                        @ DW_AT_external
	.byte	20                              @ Abbrev [20] 0x98a:0x12 DW_TAG_subprogram
	.long	.Lfunc_begin8                   @ DW_AT_low_pc
	.long	.Lfunc_end8-.Lfunc_begin8       @ DW_AT_high_pc
	.byte	1                               @ DW_AT_frame_base
	.byte	93
                                        @ DW_AT_GNU_all_call_sites
	.long	.Linfo_string150                @ DW_AT_name
	.byte	2                               @ DW_AT_decl_file
	.short	739                             @ DW_AT_decl_line
                                        @ DW_AT_prototyped
                                        @ DW_AT_external
	.byte	20                              @ Abbrev [20] 0x99c:0x12 DW_TAG_subprogram
	.long	.Lfunc_begin9                   @ DW_AT_low_pc
	.long	.Lfunc_end9-.Lfunc_begin9       @ DW_AT_high_pc
	.byte	1                               @ DW_AT_frame_base
	.byte	93
                                        @ DW_AT_GNU_all_call_sites
	.long	.Linfo_string151                @ DW_AT_name
	.byte	2                               @ DW_AT_decl_file
	.short	775                             @ DW_AT_decl_line
                                        @ DW_AT_prototyped
                                        @ DW_AT_external
	.byte	20                              @ Abbrev [20] 0x9ae:0x12 DW_TAG_subprogram
	.long	.Lfunc_begin10                  @ DW_AT_low_pc
	.long	.Lfunc_end10-.Lfunc_begin10     @ DW_AT_high_pc
	.byte	1                               @ DW_AT_frame_base
	.byte	93
                                        @ DW_AT_GNU_all_call_sites
	.long	.Linfo_string152                @ DW_AT_name
	.byte	2                               @ DW_AT_decl_file
	.short	784                             @ DW_AT_decl_line
                                        @ DW_AT_prototyped
                                        @ DW_AT_external
	.byte	20                              @ Abbrev [20] 0x9c0:0x12 DW_TAG_subprogram
	.long	.Lfunc_begin11                  @ DW_AT_low_pc
	.long	.Lfunc_end11-.Lfunc_begin11     @ DW_AT_high_pc
	.byte	1                               @ DW_AT_frame_base
	.byte	93
                                        @ DW_AT_GNU_all_call_sites
	.long	.Linfo_string153                @ DW_AT_name
	.byte	2                               @ DW_AT_decl_file
	.short	805                             @ DW_AT_decl_line
                                        @ DW_AT_prototyped
                                        @ DW_AT_external
	.byte	21                              @ Abbrev [21] 0x9d2:0x17 DW_TAG_subprogram
	.long	.Lfunc_begin12                  @ DW_AT_low_pc
	.long	.Lfunc_end12-.Lfunc_begin12     @ DW_AT_high_pc
	.byte	1                               @ DW_AT_frame_base
	.byte	93
                                        @ DW_AT_GNU_all_call_sites
	.long	2599                            @ DW_AT_abstract_origin
	.byte	22                              @ Abbrev [22] 0x9e1:0x7 DW_TAG_formal_parameter
	.byte	1                               @ DW_AT_location
	.byte	80
	.long	2608                            @ DW_AT_abstract_origin
	.byte	0                               @ End Of Children Mark
	.byte	23                              @ Abbrev [23] 0x9e9:0x16 DW_TAG_subprogram
	.long	.Lfunc_begin13                  @ DW_AT_low_pc
	.long	.Lfunc_end13-.Lfunc_begin13     @ DW_AT_high_pc
	.byte	1                               @ DW_AT_frame_base
	.byte	93
                                        @ DW_AT_GNU_all_call_sites
	.long	.Linfo_string154                @ DW_AT_name
	.byte	2                               @ DW_AT_decl_file
	.short	883                             @ DW_AT_decl_line
                                        @ DW_AT_prototyped
	.long	241                             @ DW_AT_type
                                        @ DW_AT_external
	.byte	23                              @ Abbrev [23] 0x9ff:0x16 DW_TAG_subprogram
	.long	.Lfunc_begin14                  @ DW_AT_low_pc
	.long	.Lfunc_end14-.Lfunc_begin14     @ DW_AT_high_pc
	.byte	1                               @ DW_AT_frame_base
	.byte	93
                                        @ DW_AT_GNU_all_call_sites
	.long	.Linfo_string155                @ DW_AT_name
	.byte	2                               @ DW_AT_decl_file
	.short	899                             @ DW_AT_decl_line
                                        @ DW_AT_prototyped
	.long	366                             @ DW_AT_type
                                        @ DW_AT_external
	.byte	20                              @ Abbrev [20] 0xa15:0x12 DW_TAG_subprogram
	.long	.Lfunc_begin15                  @ DW_AT_low_pc
	.long	.Lfunc_end15-.Lfunc_begin15     @ DW_AT_high_pc
	.byte	1                               @ DW_AT_frame_base
	.byte	93
                                        @ DW_AT_GNU_all_call_sites
	.long	.Linfo_string156                @ DW_AT_name
	.byte	2                               @ DW_AT_decl_file
	.short	904                             @ DW_AT_decl_line
                                        @ DW_AT_prototyped
                                        @ DW_AT_external
	.byte	24                              @ Abbrev [24] 0xa27:0x16 DW_TAG_subprogram
	.long	.Linfo_string140                @ DW_AT_name
	.byte	2                               @ DW_AT_decl_file
	.short	878                             @ DW_AT_decl_line
                                        @ DW_AT_prototyped
                                        @ DW_AT_external
	.byte	1                               @ DW_AT_inline
	.byte	25                              @ Abbrev [25] 0xa30:0xc DW_TAG_formal_parameter
	.long	.Linfo_string141                @ DW_AT_name
	.byte	2                               @ DW_AT_decl_file
	.short	878                             @ DW_AT_decl_line
	.long	241                             @ DW_AT_type
	.byte	0                               @ End Of Children Mark
	.byte	26                              @ Abbrev [26] 0xa3d:0x24 DW_TAG_subprogram
	.long	.Lfunc_begin16                  @ DW_AT_low_pc
	.long	.Lfunc_end16-.Lfunc_begin16     @ DW_AT_high_pc
	.byte	1                               @ DW_AT_frame_base
	.byte	93
                                        @ DW_AT_GNU_all_call_sites
	.long	.Linfo_string157                @ DW_AT_name
	.byte	2                               @ DW_AT_decl_file
	.short	915                             @ DW_AT_decl_line
                                        @ DW_AT_prototyped
                                        @ DW_AT_external
	.byte	27                              @ Abbrev [27] 0xa4f:0x11 DW_TAG_inlined_subroutine
	.long	2599                            @ DW_AT_abstract_origin
	.long	.Ltmp97                         @ DW_AT_low_pc
	.long	.Ltmp98-.Ltmp97                 @ DW_AT_high_pc
	.byte	2                               @ DW_AT_call_file
	.short	921                             @ DW_AT_call_line
	.byte	9                               @ DW_AT_call_column
	.byte	0                               @ End Of Children Mark
	.byte	0                               @ End Of Children Mark
.Ldebug_info_end0:
	.section	.debug_str,"MS",%progbits,1
.Linfo_string0:
	.asciz	"Component: Arm Compiler for Embedded 6.23 Tool: armclang [5f103000]" @ string offset=0
.Linfo_string1:
	.asciz	"../../../../../sdk/platform/core_modules/rf/src\\rf_531.c" @ string offset=68
.Linfo_string2:
	.asciz	"C:\\Users\\teodor\\Desktop\\stem\\codeless\\6.0.24.1464\\projects\\target_apps\\ble_examples\\empty_peripheral_template\\Keil_5" @ string offset=125
.Linfo_string3:
	.asciz	"pa_en_dcf_tx_setting"          @ string offset=242
.Linfo_string4:
	.asciz	"unsigned char"                 @ string offset=263
.Linfo_string5:
	.asciz	"uint8_t"                       @ string offset=277
.Linfo_string6:
	.asciz	"calibration_res"               @ string offset=285
.Linfo_string7:
	.asciz	"dcoff_result"                  @ string offset=301
.Linfo_string8:
	.asciz	"kdco_result"                   @ string offset=314
.Linfo_string9:
	.asciz	"__ARRAY_SIZE_TYPE__"           @ string offset=326
.Linfo_string10:
	.asciz	"kdtc_result"                   @ string offset=346
.Linfo_string11:
	.asciz	"unsigned short"                @ string offset=358
.Linfo_string12:
	.asciz	"uint16_t"                      @ string offset=373
.Linfo_string13:
	.asciz	"tx_div2_result"                @ string offset=382
.Linfo_string14:
	.asciz	"iq_div2_result"                @ string offset=397
.Linfo_string15:
	.asciz	"rf_calibration_result"         @ string offset=412
.Linfo_string16:
	.asciz	"rf_tx_pwr_lvl"                 @ string offset=434
.Linfo_string17:
	.asciz	"RF_TX_PWR_LVL_MINUS_18d0"      @ string offset=448
.Linfo_string18:
	.asciz	"RF_TX_PWR_LVL_MINUS_12d0"      @ string offset=473
.Linfo_string19:
	.asciz	"RF_TX_PWR_LVL_MINUS_9d0"       @ string offset=498
.Linfo_string20:
	.asciz	"RF_TX_PWR_LVL_MINUS_6d0"       @ string offset=522
.Linfo_string21:
	.asciz	"RF_TX_PWR_LVL_MINUS_4d0"       @ string offset=546
.Linfo_string22:
	.asciz	"RF_TX_PWR_LVL_MINUS_2d5"       @ string offset=570
.Linfo_string23:
	.asciz	"RF_TX_PWR_LVL_MINUS_1d0"       @ string offset=594
.Linfo_string24:
	.asciz	"RF_TX_PWR_LVL_0d0"             @ string offset=618
.Linfo_string25:
	.asciz	"RF_TX_PWR_LVL_PLUS_1d5"        @ string offset=636
.Linfo_string26:
	.asciz	"RF_TX_PWR_LVL_PLUS_2d5"        @ string offset=659
.Linfo_string27:
	.asciz	"RF_TX_PWR_LVL_PLUS_3d0"        @ string offset=682
.Linfo_string28:
	.asciz	"RF_TX_PWR_LVL_PLUS_4d0"        @ string offset=705
.Linfo_string29:
	.asciz	"RF_TX_PWR_LVL_TOTAL_VALUES"    @ string offset=728
.Linfo_string30:
	.asciz	"rf_tx_pwr_lvl_t"               @ string offset=755
.Linfo_string31:
	.asciz	"near_field_mode"               @ string offset=771
.Linfo_string32:
	.asciz	"_Bool"                         @ string offset=787
.Linfo_string33:
	.asciz	"saved_tx_power"                @ string offset=793
.Linfo_string34:
	.asciz	"unsigned int"                  @ string offset=808
.Linfo_string35:
	.asciz	"uint32_t"                      @ string offset=821
.Linfo_string36:
	.asciz	"fsm_ctrl_reg"                  @ string offset=830
.Linfo_string37:
	.asciz	"BITFLD_RF_RFCU_CLK_DIV"        @ string offset=843
.Linfo_string38:
	.asciz	"__RF_RFCU_CTRL_REG"            @ string offset=866
.Linfo_string39:
	.asciz	"BITFLD_SO_CAL"                 @ string offset=885
.Linfo_string40:
	.asciz	"BITFLD_EO_CAL"                 @ string offset=899
.Linfo_string41:
	.asciz	"BITFLD_RF_CAL_CTRL_SPARE"      @ string offset=913
.Linfo_string42:
	.asciz	"BITFLD_DC_OFFSET_CAL_DIS"      @ string offset=938
.Linfo_string43:
	.asciz	"__RF_CAL_CTRL_REG"             @ string offset=963
.Linfo_string44:
	.asciz	"BITFLD_CN"                     @ string offset=981
.Linfo_string45:
	.asciz	"BITFLD_CS"                     @ string offset=991
.Linfo_string46:
	.asciz	"BITFLD_SGN"                    @ string offset=1001
.Linfo_string47:
	.asciz	"BITFLD_CH0"                    @ string offset=1012
.Linfo_string48:
	.asciz	"__ADPLL_CN_CTRL_REG"           @ string offset=1023
.Linfo_string49:
	.asciz	"BITFLD_DCOCOARSE"              @ string offset=1043
.Linfo_string50:
	.asciz	"BITFLD_DCOMEDIUM"              @ string offset=1060
.Linfo_string51:
	.asciz	"BITFLD_DCOFINE"                @ string offset=1077
.Linfo_string52:
	.asciz	"BITFLD_DCOMOD"                 @ string offset=1092
.Linfo_string53:
	.asciz	"BITFLD_DCOAMP"                 @ string offset=1106
.Linfo_string54:
	.asciz	"__ADPLL_DCO_RD_REG"            @ string offset=1120
.Linfo_string55:
	.asciz	"BITFLD_OVR_DCOCOARSE_SEL"      @ string offset=1139
.Linfo_string56:
	.asciz	"BITFLD_OVR_DCOCOARSE_WR"       @ string offset=1164
.Linfo_string57:
	.asciz	"BITFLD_OVR_DCOMEDIUM_SEL"      @ string offset=1188
.Linfo_string58:
	.asciz	"BITFLD_OVR_DCOMEDIUM_WR"       @ string offset=1213
.Linfo_string59:
	.asciz	"BITFLD_OVR_DCOFINE_SEL"        @ string offset=1237
.Linfo_string60:
	.asciz	"BITFLD_OVR_DCOFINE_WR"         @ string offset=1260
.Linfo_string61:
	.asciz	"BITFLD_OVR_DCOMOD_SEL"         @ string offset=1282
.Linfo_string62:
	.asciz	"BITFLD_OVR_DCOMOD_WR"          @ string offset=1304
.Linfo_string63:
	.asciz	"__ADPLL_OVERRULE_CTRL2_REG"    @ string offset=1325
.Linfo_string64:
	.asciz	"BITFLD_OVR_ACTIVE_SEL"         @ string offset=1352
.Linfo_string65:
	.asciz	"BITFLD_OVR_ACTIVE_WR"          @ string offset=1374
.Linfo_string66:
	.asciz	"BITFLD_OVR_RXBIT_SEL"          @ string offset=1395
.Linfo_string67:
	.asciz	"BITFLD_OVR_RXBIT_WR"           @ string offset=1416
.Linfo_string68:
	.asciz	"BITFLD_OVR_ENPAIN_SEL"         @ string offset=1436
.Linfo_string69:
	.asciz	"BITFLD_OVR_ENPAIN_WR"          @ string offset=1458
.Linfo_string70:
	.asciz	"BITFLD_OVR_SRESETN_SEL"        @ string offset=1479
.Linfo_string71:
	.asciz	"BITFLD_OVR_SRESETN_WR"         @ string offset=1502
.Linfo_string72:
	.asciz	"BITFLD_OVR_VPAEN_SEL"          @ string offset=1524
.Linfo_string73:
	.asciz	"BITFLD_OVR_VPAEN_WR"           @ string offset=1545
.Linfo_string74:
	.asciz	"BITFLD_OVR_RDYFORDIV_SEL"      @ string offset=1565
.Linfo_string75:
	.asciz	"BITFLD_OVR_RDYFORDIV_WR"       @ string offset=1590
.Linfo_string76:
	.asciz	"BITFLD_OVR_DCOAMPHOLD_SEL"     @ string offset=1614
.Linfo_string77:
	.asciz	"BITFLD_OVR_DCOAMPHOLD_WR"      @ string offset=1640
.Linfo_string78:
	.asciz	"BITFLD_OVR_DCOAMP_SEL"         @ string offset=1665
.Linfo_string79:
	.asciz	"BITFLD_OVR_DCOAMP_WR"          @ string offset=1687
.Linfo_string80:
	.asciz	"BITFLD_OVR_DTC_OH_SEL"         @ string offset=1708
.Linfo_string81:
	.asciz	"BITFLD_OVR_DTC_OH_WR"          @ string offset=1730
.Linfo_string82:
	.asciz	"__ADPLL_OVERRULE_CTRL1_REG"    @ string offset=1751
.Linfo_string83:
	.asciz	"BITFLD_TFREQMEAS"              @ string offset=1778
.Linfo_string84:
	.asciz	"BITFLD_TMREN"                  @ string offset=1795
.Linfo_string85:
	.asciz	"BITFLD_ENRFMEAS"               @ string offset=1808
.Linfo_string86:
	.asciz	"BITFLD_RFMEAS_MODE"            @ string offset=1824
.Linfo_string87:
	.asciz	"BITFLD_HOLD_STATE"             @ string offset=1843
.Linfo_string88:
	.asciz	"BITFLD_QUALMONMOD"             @ string offset=1861
.Linfo_string89:
	.asciz	"BITFLD_QUALMONWND"             @ string offset=1879
.Linfo_string90:
	.asciz	"BITFLD_QUALMONTRHLD"           @ string offset=1897
.Linfo_string91:
	.asciz	"BITFLD_QUALMONFRCEN"           @ string offset=1917
.Linfo_string92:
	.asciz	"__ADPLL_MON_CTRL_REG"          @ string offset=1937
.Linfo_string93:
	.asciz	"BITFLD_FREQDIFF"               @ string offset=1958
.Linfo_string94:
	.asciz	"BITFLD_PHVSA1"                 @ string offset=1974
.Linfo_string95:
	.asciz	"BITFLD_PHVSA0"                 @ string offset=1988
.Linfo_string96:
	.asciz	"BITFLD_TDCBUB"                 @ string offset=2002
.Linfo_string97:
	.asciz	"BITFLD_QUALMONDET"             @ string offset=2016
.Linfo_string98:
	.asciz	"BITFLD_MEASDONE_OUT"           @ string offset=2034
.Linfo_string99:
	.asciz	"__ADPLL_FREQMEAS_RD_REG"       @ string offset=2054
.Linfo_string100:
	.asciz	"BITFLD_KDCOHFIC_1M"            @ string offset=2078
.Linfo_string101:
	.asciz	"BITFLD_KDCOLF_IN_1M"           @ string offset=2097
.Linfo_string102:
	.asciz	"__ADPLL_KDCO_CAL_CTRL1_REG"    @ string offset=2117
.Linfo_string103:
	.asciz	"BITFLD_PA_EN_DCF_RX"           @ string offset=2144
.Linfo_string104:
	.asciz	"BITFLD_PA_EN_DCF_TX"           @ string offset=2164
.Linfo_string105:
	.asciz	"__RF_ENABLE_CONFIG19_REG"      @ string offset=2184
.Linfo_string106:
	.asciz	"BITFLD_TX_EN_OVR"              @ string offset=2209
.Linfo_string107:
	.asciz	"BITFLD_RX_EN_OVR"              @ string offset=2226
.Linfo_string108:
	.asciz	"__RF_OVERRULE_REG"             @ string offset=2243
.Linfo_string109:
	.asciz	"BITFLD_KDTC_ALPHA"             @ string offset=2261
.Linfo_string110:
	.asciz	"BITFLD_KTDC_IN"                @ string offset=2279
.Linfo_string111:
	.asciz	"BITFLD_KDTC_PIPELINE_BYPASS"   @ string offset=2294
.Linfo_string112:
	.asciz	"BITFLD_KDTCCN_IC"              @ string offset=2322
.Linfo_string113:
	.asciz	"BITFLD_KDTCIC"                 @ string offset=2339
.Linfo_string114:
	.asciz	"__ADPLL_KDTCTDC_CAL_CTRL1_REG" @ string offset=2353
.Linfo_string115:
	.asciz	"BITFLD_KDTCCALEN"              @ string offset=2383
.Linfo_string116:
	.asciz	"BITFLD_KDTCCALMOD"             @ string offset=2400
.Linfo_string117:
	.asciz	"BITFLD_KDTCCALMOD1P"           @ string offset=2418
.Linfo_string118:
	.asciz	"BITFLD_KDTCCAL_INV"            @ string offset=2438
.Linfo_string119:
	.asciz	"BITFLD_KDTCCALLG"              @ string offset=2457
.Linfo_string120:
	.asciz	"BITFLD_KTDCCALEN"              @ string offset=2474
.Linfo_string121:
	.asciz	"BITFLD_PHRDLY"                 @ string offset=2491
.Linfo_string122:
	.asciz	"BITFLD_TKDTCCAL"               @ string offset=2505
.Linfo_string123:
	.asciz	"BITFLD_PHRDLY_EXTRA"           @ string offset=2521
.Linfo_string124:
	.asciz	"__ADPLL_KDTCTDC_CAL_CTRL2_REG" @ string offset=2541
.Linfo_string125:
	.asciz	"BITFLD_MODTAU_TUNE"            @ string offset=2571
.Linfo_string126:
	.asciz	"BITFLD_MODK_TUNE"              @ string offset=2590
.Linfo_string127:
	.asciz	"BITFLD_MODTAU"                 @ string offset=2607
.Linfo_string128:
	.asciz	"BITFLD_MODK"                   @ string offset=2621
.Linfo_string129:
	.asciz	"BITFLD_MODKZ"                  @ string offset=2633
.Linfo_string130:
	.asciz	"BITFLD_RST_TAU_EN"             @ string offset=2646
.Linfo_string131:
	.asciz	"__ADPLL_LF_CTRL2_REG"          @ string offset=2664
.Linfo_string132:
	.asciz	"BITFLD_KMOD_ALPHA_1M"          @ string offset=2685
.Linfo_string133:
	.asciz	"BITFLD_KDCOCN_IC"              @ string offset=2706
.Linfo_string134:
	.asciz	"BITFLD_TKDCOCAL"               @ string offset=2723
.Linfo_string135:
	.asciz	"BITFLD_KDCOLFCALEN"            @ string offset=2739
.Linfo_string136:
	.asciz	"BITFLD_KDCOCALRX"              @ string offset=2758
.Linfo_string137:
	.asciz	"BITFLD_KDCOCALTX"              @ string offset=2775
.Linfo_string138:
	.asciz	"BITFLD_KDCOESTDEV"             @ string offset=2792
.Linfo_string139:
	.asciz	"__ADPLL_KDCO_CAL_CTRL2_REG"    @ string offset=2810
.Linfo_string140:
	.asciz	"rf_pa_pwr_set"                 @ string offset=2837
.Linfo_string141:
	.asciz	"level"                         @ string offset=2851
.Linfo_string142:
	.asciz	"set_recommended_settings"      @ string offset=2857
.Linfo_string143:
	.asciz	"dcoff_calibration"             @ string offset=2882
.Linfo_string144:
	.asciz	"kdco_calibration"              @ string offset=2900
.Linfo_string145:
	.asciz	"en_adpll_tx"                   @ string offset=2917
.Linfo_string146:
	.asciz	"dis_adpll"                     @ string offset=2929
.Linfo_string147:
	.asciz	"rf_power_up"                   @ string offset=2939
.Linfo_string148:
	.asciz	"rf_power_down"                 @ string offset=2951
.Linfo_string149:
	.asciz	"kdtc_cal_init"                 @ string offset=2965
.Linfo_string150:
	.asciz	"kdtc_cal_end"                  @ string offset=2979
.Linfo_string151:
	.asciz	"kdco_cal_init"                 @ string offset=2992
.Linfo_string152:
	.asciz	"kdco_cal_end"                  @ string offset=3006
.Linfo_string153:
	.asciz	"dis_kdco_cal"                  @ string offset=3019
.Linfo_string154:
	.asciz	"rf_pa_pwr_get"                 @ string offset=3032
.Linfo_string155:
	.asciz	"rf_nfm_is_enabled"             @ string offset=3046
.Linfo_string156:
	.asciz	"rf_nfm_enable"                 @ string offset=3064
.Linfo_string157:
	.asciz	"rf_nfm_disable"                @ string offset=3078
.Linfo_string158:
	.asciz	"retval"                        @ string offset=3093
.Linfo_string159:
	.asciz	"rf_enable_config2_reg_value"   @ string offset=3100
.Linfo_string160:
	.asciz	"rf_enable_config20_reg_value"  @ string offset=3128
.Linfo_string161:
	.asciz	"rf_enable_config21_reg_value"  @ string offset=3157
.Linfo_string162:
	.asciz	"rf_dc_offset_ctrl2_reg_value"  @ string offset=3186
.Linfo_string163:
	.asciz	"rf_cal_ctrl_reg_value"         @ string offset=3215
.Linfo_string164:
	.asciz	"rf_enable_config37_reg_value"  @ string offset=3237
.Linfo_string165:
	.asciz	"rf_rfcu_ctrl_reg_value"        @ string offset=3266
.Linfo_string166:
	.asciz	"rf_attr_reg_value"             @ string offset=3289
.Linfo_string167:
	.asciz	"adpll_attr_ctrl_reg_value"     @ string offset=3307
.Linfo_string168:
	.asciz	"cc"                            @ string offset=3333
.Linfo_string169:
	.asciz	"cm"                            @ string offset=3336
.Linfo_string170:
	.asciz	"cf"                            @ string offset=3339
.Linfo_string171:
	.asciz	"f1"                            @ string offset=3342
.Linfo_string172:
	.asciz	"f2"                            @ string offset=3345
.Linfo_string173:
	.asciz	"ldco"                          @ string offset=3348
.Linfo_string174:
	.asciz	"exp_kdco"                      @ string offset=3353
.Linfo_string175:
	.asciz	"lin_kdco"                      @ string offset=3362
.Linfo_string176:
	.asciz	"kdco_res"                      @ string offset=3371
	.ident	"Component: Arm Compiler for Embedded 6.23 Tool: armclang [5f103000]"
	.section	".note.GNU-stack","",%progbits
	.eabi_attribute	30, 4	@ Tag_ABI_optimization_goals
	.ARM_attribute	16, 1	@ Tag_AV_eba
	.section	.debug_line,"",%progbits
.Lline_table_start0:
