	.text
	.syntax unified
	.eabi_attribute	67, "2.09"	@ Tag_conformance
	.cpu	cortex-m0plus
	.eabi_attribute	6, 12	@ Tag_CPU_arch
	.eabi_attribute	7, 77	@ Tag_CPU_arch_profile
	.eabi_attribute	8, 0	@ Tag_ARM_ISA_use
	.eabi_attribute	9, 1	@ Tag_THUMB_ISA_use
	.eabi_attribute	34, 0	@ Tag_CPU_unaligned_access
	.eabi_attribute	17, 1	@ Tag_ABI_PCS_GOT_use
	.eabi_attribute	20, 2	@ Tag_ABI_FP_denormal
	.eabi_attribute	21, 0	@ Tag_ABI_FP_exceptions
	.eabi_attribute	23, 1	@ Tag_ABI_FP_number_model
	.eabi_attribute	24, 1	@ Tag_ABI_align_needed
	.eabi_attribute	25, 1	@ Tag_ABI_align_preserved
	.eabi_attribute	38, 1	@ Tag_ABI_FP_16bit_format
	.eabi_attribute	18, 2	@ Tag_ABI_PCS_wchar_t
	.eabi_attribute	26, 1	@ Tag_ABI_enum_size
	.eabi_attribute	14, 0	@ Tag_ABI_PCS_R9_use
	.file	"spi_flash.c"
	.file	1 "C:\\Users\\teodor" "AppData\\Local\\Keil_v5\\ARM\\ARMCLANG\\bin\\..\\include\\stdint.h"
	.file	2 "C:\\Users\\teodor\\Desktop\\stem\\codeless\\6.0.24.1464\\projects\\target_apps\\ble_examples\\empty_peripheral_template\\Keil_5" "../../../../../sdk/platform/driver/spi_flash\\spi_flash.h"
	.file	3 "C:\\Users\\teodor\\Desktop\\stem\\codeless\\6.0.24.1464\\projects\\target_apps\\ble_examples\\empty_peripheral_template\\Keil_5" "../../../../../sdk/platform/driver/spi_flash/spi_flash.c"
	.file	4 "C:\\Users\\teodor\\Desktop\\stem\\codeless\\6.0.24.1464\\projects\\target_apps\\ble_examples\\empty_peripheral_template\\Keil_5" "./../../../../../sdk/platform/driver/spi\\spi_531.h"
	.file	5 "C:\\Users\\teodor\\Desktop\\stem\\codeless\\6.0.24.1464\\projects\\target_apps\\ble_examples\\empty_peripheral_template\\Keil_5" "./../../../../../sdk/platform/driver/gpio\\gpio.h"
	.hidden	spi_flash_is_busy               @ -- Begin function spi_flash_is_busy
	.globl	spi_flash_is_busy
	.p2align	1
	.type	spi_flash_is_busy,%function
	.code	16                              @ @spi_flash_is_busy
	.thumb_func
spi_flash_is_busy:
.Lfunc_begin0:
	.loc	3 58 0                          @ ../../../../../sdk/platform/driver/spi_flash/spi_flash.c:58:0
	.fnstart
	.cfi_sections .debug_frame
	.cfi_startproc
@ %bb.0:
	.save	{r7, lr}
	push	{r7, lr}
	.cfi_def_cfa_offset 8
	.cfi_offset lr, -4
	.cfi_offset r7, -8
.Ltmp0:
	.loc	3 59 10 prologue_end            @ ../../../../../sdk/platform/driver/spi_flash/spi_flash.c:59:10
	bl	spi_flash_read_status_reg
.Ltmp1:
	.loc	3 0 10 is_stmt 0                @ ../../../../../sdk/platform/driver/spi_flash/spi_flash.c:0:10
	movs	r1, #1
	.loc	3 59 38                         @ ../../../../../sdk/platform/driver/spi_flash/spi_flash.c:59:38
	ands	r1, r0
	rsbs	r0, r1, #0
	movs	r1, #13
.Ltmp2:
	.loc	3 64 1 is_stmt 1                @ ../../../../../sdk/platform/driver/spi_flash/spi_flash.c:64:1
	bics	r0, r1
	.loc	3 64 1 epilogue_begin is_stmt 0 @ ../../../../../sdk/platform/driver/spi_flash/spi_flash.c:64:1
	pop	{r7, pc}
.Ltmp3:
.Lfunc_end0:
	.size	spi_flash_is_busy, .Lfunc_end0-spi_flash_is_busy
	.cfi_endproc
	.cantunwind
	.fnend
                                        @ -- End function
	.hidden	spi_flash_read_status_reg       @ -- Begin function spi_flash_read_status_reg
	.globl	spi_flash_read_status_reg
	.p2align	1
	.type	spi_flash_read_status_reg,%function
	.code	16                              @ @spi_flash_read_status_reg
	.thumb_func
spi_flash_read_status_reg:
.Lfunc_begin1:
	.loc	3 289 0 is_stmt 1               @ ../../../../../sdk/platform/driver/spi_flash/spi_flash.c:289:0
	.fnstart
	.cfi_startproc
@ %bb.0:
	.save	{r7, lr}
	push	{r7, lr}
	.cfi_def_cfa_offset 8
	.cfi_offset lr, -4
	.cfi_offset r7, -8
	movs	r0, #1
.Ltmp4:
	.loc	3 292 5 prologue_end            @ ../../../../../sdk/platform/driver/spi_flash/spi_flash.c:292:5
	bl	spi_set_bitmode
.Ltmp5:
	.loc	3 0 5 is_stmt 0                 @ ../../../../../sdk/platform/driver/spi_flash/spi_flash.c:0:5
	movs	r0, #5
	lsls	r0, r0, #8
	.loc	3 294 12 is_stmt 1              @ ../../../../../sdk/platform/driver/spi_flash/spi_flash.c:294:12
	bl	spi_transaction
.Ltmp6:
	.loc	3 294 5 is_stmt 0               @ ../../../../../sdk/platform/driver/spi_flash/spi_flash.c:294:5
	uxth	r0, r0
	.loc	3 294 5 epilogue_begin          @ ../../../../../sdk/platform/driver/spi_flash/spi_flash.c:294:5
	pop	{r7, pc}
.Ltmp7:
.Lfunc_end1:
	.size	spi_flash_read_status_reg, .Lfunc_end1-spi_flash_read_status_reg
	.cfi_endproc
	.cantunwind
	.fnend
                                        @ -- End function
	.hidden	spi_flash_wait_till_ready       @ -- Begin function spi_flash_wait_till_ready
	.globl	spi_flash_wait_till_ready
	.p2align	2
	.type	spi_flash_wait_till_ready,%function
	.code	16                              @ @spi_flash_wait_till_ready
	.thumb_func
spi_flash_wait_till_ready:
.Lfunc_begin2:
	.loc	3 68 0 is_stmt 1                @ ../../../../../sdk/platform/driver/spi_flash/spi_flash.c:68:0
	.fnstart
	.cfi_startproc
@ %bb.0:
	.save	{r4, r5, r6, lr}
	push	{r4, r5, r6, lr}
	.cfi_def_cfa_offset 16
	.cfi_offset lr, -4
	.cfi_offset r6, -8
	.cfi_offset r5, -12
	.cfi_offset r4, -16
	movs	r6, #0
	ldr	r4, __arm_cp.2_0
	@DEBUG_VALUE: status_read_cnt <- 0
.LBB2_1:                                @ =>This Inner Loop Header: Depth=1
.Ltmp8:
	.loc	3 69 0 prologue_end             @ ../../../../../sdk/platform/driver/spi_flash/spi_flash.c:69:0
	mov	r5, r6
.Ltmp9:
	@DEBUG_VALUE: status_read_cnt <- $r5
	.loc	3 69 56 is_stmt 0               @ ../../../../../sdk/platform/driver/spi_flash/spi_flash.c:69:56
	adds	r0, r4, #1
.Ltmp10:
	.loc	3 69 5                          @ ../../../../../sdk/platform/driver/spi_flash/spi_flash.c:69:5
	cmp	r0, r6
	beq	.LBB2_3
.Ltmp11:
@ %bb.2:                                @   in Loop: Header=BB2_1 Depth=1
	@DEBUG_VALUE: status_read_cnt <- $r5
	.loc	3 69 89                         @ ../../../../../sdk/platform/driver/spi_flash/spi_flash.c:69:89
	adds	r6, r5, #1
.Ltmp12:
	@DEBUG_VALUE: status_read_cnt <- $r6
	.loc	3 71 14 is_stmt 1               @ ../../../../../sdk/platform/driver/spi_flash/spi_flash.c:71:14
	bl	spi_flash_read_status_reg
.Ltmp13:
	.loc	3 71 13 is_stmt 0               @ ../../../../../sdk/platform/driver/spi_flash/spi_flash.c:71:13
	lsls	r0, r0, #31
	bne	.LBB2_1
.Ltmp14:
.LBB2_3:
	.loc	3 0 13                          @ ../../../../../sdk/platform/driver/spi_flash/spi_flash.c:0:13
	movs	r0, #0
	.loc	3 77 1 is_stmt 1                @ ../../../../../sdk/platform/driver/spi_flash/spi_flash.c:77:1
	cmp	r5, r4
	bls	.LBB2_5
@ %bb.4:
	.loc	3 0 1 is_stmt 0                 @ ../../../../../sdk/platform/driver/spi_flash/spi_flash.c:0:1
	mvns	r0, r0
.LBB2_5:
	.loc	3 77 1 epilogue_begin           @ ../../../../../sdk/platform/driver/spi_flash/spi_flash.c:77:1
	pop	{r4, r5, r6, pc}
.Ltmp15:
	.loc	3 0 1                           @ :0:1
.Ltmp16:
	.p2align	2
@ %bb.6:
__arm_cp.2_0:
	.long	1999999                         @ 0x1e847f
.Lcpi_end0:
	.size	__arm_cp.2_0, .Lcpi_end0-__arm_cp.2_0
.Lfunc_end2:
	.size	spi_flash_wait_till_ready, .Lfunc_end2-spi_flash_wait_till_ready
	.cfi_endproc
	.cantunwind
	.fnend
                                        @ -- End function
	.hidden	spi_flash_enable                @ -- Begin function spi_flash_enable
	.globl	spi_flash_enable
	.p2align	2
	.type	spi_flash_enable,%function
	.code	16                              @ @spi_flash_enable
	.thumb_func
spi_flash_enable:
.Lfunc_begin3:
	.loc	3 86 0 is_stmt 1                @ ../../../../../sdk/platform/driver/spi_flash/spi_flash.c:86:0
	.fnstart
	.cfi_startproc
@ %bb.0:
	@DEBUG_VALUE: spi_flash_enable:spi_cfg <- $r0
	@DEBUG_VALUE: spi_flash_enable:spi_flash_cfg <- $r1
	@DEBUG_VALUE: spi_flash_enable:spi_flash_cfg <- $r1
	.save	{r4, lr}
	push	{r4, lr}
	.cfi_def_cfa_offset 8
	.cfi_offset lr, -4
	.cfi_offset r4, -8
.Ltmp17:
	@DEBUG_VALUE: spi_flash_enable:status <- 0
	.loc	3 89 9 prologue_end             @ ../../../../../sdk/platform/driver/spi_flash/spi_flash.c:89:9
	cmp	r1, #0
	beq	.LBB3_2
.Ltmp18:
@ %bb.1:
	@DEBUG_VALUE: spi_flash_enable:status <- 0
	@DEBUG_VALUE: spi_flash_enable:spi_flash_cfg <- $r1
	@DEBUG_VALUE: spi_flash_enable:spi_cfg <- $r0
	.loc	3 0 9 is_stmt 0                 @ ../../../../../sdk/platform/driver/spi_flash/spi_flash.c:0:9
	mov	r4, r1
.Ltmp19:
	@DEBUG_VALUE: spi_flash_enable:spi_flash_cfg <- $r4
	.loc	3 95 5 is_stmt 1                @ ../../../../../sdk/platform/driver/spi_flash/spi_flash.c:95:5
	bl	spi_initialize
.Ltmp20:
	@DEBUG_VALUE: spi_flash_enable:spi_cfg <- [DW_OP_LLVM_entry_value 1] $r0
	.loc	3 98 14                         @ ../../../../../sdk/platform/driver/spi_flash/spi_flash.c:98:14
	bl	spi_flash_release_from_power_down
.Ltmp21:
	@DEBUG_VALUE: spi_flash_configure_env:spi_flash_cfg <- $r4
	@DEBUG_VALUE: spi_flash_enable:status <- 0
	.loc	3 147 5                         @ ../../../../../sdk/platform/driver/spi_flash/spi_flash.c:147:5
	ldr	r0, __arm_cp.3_0
	ldm	r4!, {r1, r2, r3}
.Ltmp22:
	@DEBUG_VALUE: spi_flash_enable:spi_flash_cfg <- [DW_OP_LLVM_entry_value 1] $r1
	stm	r0!, {r1, r2, r3}
	movs	r0, #0
	b	.LBB3_3
.Ltmp23:
.LBB3_2:
	@DEBUG_VALUE: spi_flash_enable:status <- 0
	@DEBUG_VALUE: spi_flash_enable:spi_flash_cfg <- $r1
	@DEBUG_VALUE: spi_flash_enable:spi_cfg <- $r0
	.loc	3 0 5 is_stmt 0                 @ ../../../../../sdk/platform/driver/spi_flash/spi_flash.c:0:5
	movs	r0, #249
.Ltmp24:
	@DEBUG_VALUE: spi_flash_enable:spi_cfg <- [DW_OP_LLVM_entry_value 1] $r0
.LBB3_3:
	@DEBUG_VALUE: spi_flash_enable:spi_cfg <- [DW_OP_LLVM_entry_value 1] $r0
	@DEBUG_VALUE: spi_flash_enable:status <- 0
	.loc	3 115 1 is_stmt 1               @ ../../../../../sdk/platform/driver/spi_flash/spi_flash.c:115:1
	sxtb	r0, r0
	.loc	3 115 1 epilogue_begin is_stmt 0 @ ../../../../../sdk/platform/driver/spi_flash/spi_flash.c:115:1
	pop	{r4, pc}
.Ltmp25:
	.loc	3 0 1                           @ :0:1
.Ltmp26:
	.p2align	2
@ %bb.4:
__arm_cp.3_0:
	.long	spi_flash_cfg_env
.Lcpi_end1:
	.size	__arm_cp.3_0, .Lcpi_end1-__arm_cp.3_0
.Lfunc_end3:
	.size	spi_flash_enable, .Lfunc_end3-spi_flash_enable
	.cfi_endproc
	.cantunwind
	.fnend
                                        @ -- End function
	.hidden	spi_flash_release_from_power_down @ -- Begin function spi_flash_release_from_power_down
	.globl	spi_flash_release_from_power_down
	.p2align	1
	.type	spi_flash_release_from_power_down,%function
	.code	16                              @ @spi_flash_release_from_power_down
	.thumb_func
spi_flash_release_from_power_down:
.Lfunc_begin4:
	.loc	3 245 0 is_stmt 1               @ ../../../../../sdk/platform/driver/spi_flash/spi_flash.c:245:0
	.fnstart
	.cfi_startproc
@ %bb.0:
	.save	{r4, lr}
	push	{r4, lr}
	.cfi_def_cfa_offset 8
	.cfi_offset lr, -4
	.cfi_offset r4, -8
.Ltmp27:
	.loc	3 249 5 prologue_end            @ ../../../../../sdk/platform/driver/spi_flash/spi_flash.c:249:5
	bl	spi_cs_low
.Ltmp28:
	.loc	3 250 5                         @ ../../../../../sdk/platform/driver/spi_flash/spi_flash.c:250:5
	bl	spi_cs_high
.Ltmp29:
	.loc	3 0 5 is_stmt 0                 @ ../../../../../sdk/platform/driver/spi_flash/spi_flash.c:0:5
	movs	r4, #0
	.loc	3 253 5 is_stmt 1               @ ../../../../../sdk/platform/driver/spi_flash/spi_flash.c:253:5
	mov	r0, r4
	bl	spi_set_bitmode
.Ltmp30:
	.loc	3 0 5 is_stmt 0                 @ ../../../../../sdk/platform/driver/spi_flash/spi_flash.c:0:5
	movs	r0, #171
	.loc	3 254 5 is_stmt 1               @ ../../../../../sdk/platform/driver/spi_flash/spi_flash.c:254:5
	bl	spi_transaction
.Ltmp31:
	.loc	3 262 5                         @ ../../../../../sdk/platform/driver/spi_flash/spi_flash.c:262:5
	mov	r0, r4
	.loc	3 262 5 epilogue_begin is_stmt 0 @ ../../../../../sdk/platform/driver/spi_flash/spi_flash.c:262:5
	pop	{r4, pc}
.Ltmp32:
.Lfunc_end4:
	.size	spi_flash_release_from_power_down, .Lfunc_end4-spi_flash_release_from_power_down
	.cfi_endproc
	.cantunwind
	.fnend
                                        @ -- End function
	.hidden	spi_flash_configure_env         @ -- Begin function spi_flash_configure_env
	.globl	spi_flash_configure_env
	.p2align	2
	.type	spi_flash_configure_env,%function
	.code	16                              @ @spi_flash_configure_env
	.thumb_func
spi_flash_configure_env:
.Lfunc_begin5:
	.loc	3 145 0 is_stmt 1               @ ../../../../../sdk/platform/driver/spi_flash/spi_flash.c:145:0
	.fnstart
	.cfi_startproc
@ %bb.0:
	@DEBUG_VALUE: spi_flash_configure_env:spi_flash_cfg <- $r0
	.save	{r4, lr}
	push	{r4, lr}
	.cfi_def_cfa_offset 8
	.cfi_offset lr, -4
	.cfi_offset r4, -8
.Ltmp33:
	.loc	3 147 5 prologue_end            @ ../../../../../sdk/platform/driver/spi_flash/spi_flash.c:147:5
	ldr	r1, __arm_cp.5_0
	ldm	r0!, {r2, r3, r4}
.Ltmp34:
	@DEBUG_VALUE: spi_flash_configure_env:spi_flash_cfg <- [DW_OP_LLVM_entry_value 1] $r0
	stm	r1!, {r2, r3, r4}
	.loc	3 148 1 epilogue_begin          @ ../../../../../sdk/platform/driver/spi_flash/spi_flash.c:148:1
	pop	{r4, pc}
.Ltmp35:
	.loc	3 0 1 is_stmt 0                 @ :0:1
.Ltmp36:
	.p2align	2
@ %bb.1:
__arm_cp.5_0:
	.long	spi_flash_cfg_env
.Lcpi_end2:
	.size	__arm_cp.5_0, .Lcpi_end2-__arm_cp.5_0
.Lfunc_end5:
	.size	spi_flash_configure_env, .Lfunc_end5-spi_flash_configure_env
	.cfi_endproc
	.cantunwind
	.fnend
                                        @ -- End function
	.hidden	spi_flash_configure_memory_protection @ -- Begin function spi_flash_configure_memory_protection
	.globl	spi_flash_configure_memory_protection
	.p2align	1
	.type	spi_flash_configure_memory_protection,%function
	.code	16                              @ @spi_flash_configure_memory_protection
	.thumb_func
spi_flash_configure_memory_protection:
.Lfunc_begin6:
	.loc	3 568 0 is_stmt 1               @ ../../../../../sdk/platform/driver/spi_flash/spi_flash.c:568:0
	.fnstart
	.cfi_startproc
@ %bb.0:
	@DEBUG_VALUE: spi_flash_configure_memory_protection:data <- $r0
	@DEBUG_VALUE: spi_flash_configure_memory_protection:status <- 0
	movs	r0, #0
.Ltmp37:
	@DEBUG_VALUE: spi_flash_configure_memory_protection:data <- [DW_OP_LLVM_entry_value 1] $r0
	.loc	3 606 5 prologue_end            @ ../../../../../sdk/platform/driver/spi_flash/spi_flash.c:606:5
	bx	lr
.Ltmp38:
.Lfunc_end6:
	.size	spi_flash_configure_memory_protection, .Lfunc_end6-spi_flash_configure_memory_protection
	.cfi_endproc
	.cantunwind
	.fnend
                                        @ -- End function
	.hidden	spi_flash_enable_with_autodetect @ -- Begin function spi_flash_enable_with_autodetect
	.globl	spi_flash_enable_with_autodetect
	.p2align	1
	.type	spi_flash_enable_with_autodetect,%function
	.code	16                              @ @spi_flash_enable_with_autodetect
	.thumb_func
spi_flash_enable_with_autodetect:
.Lfunc_begin7:
	.loc	3 118 0                         @ ../../../../../sdk/platform/driver/spi_flash/spi_flash.c:118:0
	.fnstart
	.cfi_startproc
@ %bb.0:
	@DEBUG_VALUE: spi_flash_enable_with_autodetect:spi_cfg <- $r0
	@DEBUG_VALUE: spi_flash_enable_with_autodetect:dev_id <- $r1
	.save	{r4, lr}
	push	{r4, lr}
	.cfi_def_cfa_offset 8
	.cfi_offset lr, -4
	.cfi_offset r4, -8
	mov	r4, r1
.Ltmp39:
	@DEBUG_VALUE: spi_flash_enable_with_autodetect:status <- 0
	@DEBUG_VALUE: spi_flash_enable_with_autodetect:dev_id <- $r4
	.loc	3 122 5 prologue_end            @ ../../../../../sdk/platform/driver/spi_flash/spi_flash.c:122:5
	bl	spi_initialize
.Ltmp40:
	@DEBUG_VALUE: spi_flash_enable_with_autodetect:spi_cfg <- [DW_OP_LLVM_entry_value 1] $r0
	.loc	3 125 14                        @ ../../../../../sdk/platform/driver/spi_flash/spi_flash.c:125:14
	bl	spi_flash_release_from_power_down
.Ltmp41:
	.loc	3 132 14                        @ ../../../../../sdk/platform/driver/spi_flash/spi_flash.c:132:14
	mov	r0, r4
.Ltmp42:
	@DEBUG_VALUE: spi_flash_enable_with_autodetect:dev_id <- $r0
	bl	spi_flash_auto_detect
.Ltmp43:
	.loc	3 0 14 is_stmt 0                @ ../../../../../sdk/platform/driver/spi_flash/spi_flash.c:0:14
	movs	r0, #0
	.loc	3 142 1 epilogue_begin is_stmt 1 @ ../../../../../sdk/platform/driver/spi_flash/spi_flash.c:142:1
	pop	{r4, pc}
.Ltmp44:
.Lfunc_end7:
	.size	spi_flash_enable_with_autodetect, .Lfunc_end7-spi_flash_enable_with_autodetect
	.cfi_endproc
	.cantunwind
	.fnend
                                        @ -- End function
	.hidden	spi_flash_auto_detect           @ -- Begin function spi_flash_auto_detect
	.globl	spi_flash_auto_detect
	.p2align	2
	.type	spi_flash_auto_detect,%function
	.code	16                              @ @spi_flash_auto_detect
	.thumb_func
spi_flash_auto_detect:
.Lfunc_begin8:
	.loc	3 151 0                         @ ../../../../../sdk/platform/driver/spi_flash/spi_flash.c:151:0
	.fnstart
	.cfi_startproc
@ %bb.0:
	@DEBUG_VALUE: spi_flash_auto_detect:dev_id <- $r0
	.save	{r4, r5, r6, r7, lr}
	.pad	#4
	push	{r3, r4, r5, r6, r7, lr}
	.cfi_def_cfa_offset 24
	.cfi_offset lr, -4
	.cfi_offset r7, -8
	.cfi_offset r6, -12
	.cfi_offset r5, -16
	.cfi_offset r4, -20
	mov	r4, r0
.Ltmp45:
	@DEBUG_VALUE: spi_flash_auto_detect:dev_id <- $r4
	.loc	3 184 27 prologue_end           @ ../../../../../sdk/platform/driver/spi_flash/spi_flash.c:184:27
	ldr	r6, __arm_cp.8_0
	ldrb	r0, [r6]
	movs	r5, #0
.Ltmp46:
	.loc	3 184 9 is_stmt 0               @ ../../../../../sdk/platform/driver/spi_flash/spi_flash.c:184:9
	cmp	r0, #0
	beq	.LBB8_2
.Ltmp47:
.LBB8_1:
	@DEBUG_VALUE: spi_flash_auto_detect:dev_id <- $r4
	.loc	3 0 9                           @ ../../../../../sdk/platform/driver/spi_flash/spi_flash.c:0:9
	mov	r0, r5
	b	.LBB8_10
.Ltmp48:
.LBB8_2:
	@DEBUG_VALUE: spi_flash_auto_detect:dev_id <- $r4
	mov	r0, sp
	.loc	3 190 14 is_stmt 1              @ ../../../../../sdk/platform/driver/spi_flash/spi_flash.c:190:14
	bl	spi_flash_read_jedec_id
.Ltmp49:
	@DEBUG_VALUE: spi_flash_auto_detect:status <- $r0
	.loc	3 191 9                         @ ../../../../../sdk/platform/driver/spi_flash/spi_flash.c:191:9
	cmp	r0, #0
	bne	.LBB8_10
.Ltmp50:
@ %bb.3:
	@DEBUG_VALUE: spi_flash_auto_detect:status <- $r0
	@DEBUG_VALUE: spi_flash_auto_detect:dev_id <- $r4
	.loc	3 196 10                        @ ../../../../../sdk/platform/driver/spi_flash/spi_flash.c:196:10
	ldr	r0, [sp]
.Ltmp51:
	.loc	3 196 34 is_stmt 0              @ ../../../../../sdk/platform/driver/spi_flash/spi_flash.c:196:34
	adds	r1, r0, #1
	cmp	r1, #2
	bhs	.LBB8_5
.Ltmp52:
@ %bb.4:
	@DEBUG_VALUE: spi_flash_auto_detect:dev_id <- $r4
	.loc	3 0 34                          @ ../../../../../sdk/platform/driver/spi_flash/spi_flash.c:0:34
	movs	r0, #245
	.loc	3 196 34                        @ ../../../../../sdk/platform/driver/spi_flash/spi_flash.c:196:34
	b	.LBB8_10
.Ltmp53:
.LBB8_5:
	@DEBUG_VALUE: spi_flash_auto_detect:dev_id <- $r4
	.loc	3 0 34                          @ ../../../../../sdk/platform/driver/spi_flash/spi_flash.c:0:34
	movs	r1, #239
	mvns	r3, r1
	ldr	r1, __arm_cp.8_1
.Ltmp54:
	.loc	3 206 27 is_stmt 1              @ ../../../../../sdk/platform/driver/spi_flash/spi_flash.c:206:27
	mov	r2, r3
.Ltmp55:
.LBB8_6:                                @ =>This Inner Loop Header: Depth=1
	@DEBUG_VALUE: spi_flash_auto_detect:dev_id <- $r4
	@DEBUG_VALUE: i <- [DW_OP_consts 18446744073709551376, DW_OP_minus, DW_OP_consts 12, DW_OP_div, DW_OP_stack_value] $r3
	adds	r2, #12
.Ltmp56:
	.loc	3 206 5 is_stmt 0               @ ../../../../../sdk/platform/driver/spi_flash/spi_flash.c:206:5
	beq	.LBB8_9
.Ltmp57:
@ %bb.7:                                @   in Loop: Header=BB8_6 Depth=1
	@DEBUG_VALUE: i <- [DW_OP_consts 18446744073709551376, DW_OP_minus, DW_OP_consts 12, DW_OP_div, DW_OP_stack_value] $r3
	@DEBUG_VALUE: spi_flash_auto_detect:dev_id <- $r4
	.loc	3 208 48 is_stmt 1              @ ../../../../../sdk/platform/driver/spi_flash/spi_flash.c:208:48
	adds	r3, r1, r3
.Ltmp58:
	.loc	3 0 48 is_stmt 0                @ ../../../../../sdk/platform/driver/spi_flash/spi_flash.c:0:48
	movs	r7, #244
	.loc	3 208 48                        @ ../../../../../sdk/platform/driver/spi_flash/spi_flash.c:208:48
	ldr	r3, [r3, r7]
.Ltmp59:
	@DEBUG_VALUE: i <- [DW_OP_consts 18446744073709551376, DW_OP_minus, DW_OP_consts 12, DW_OP_div, DW_OP_consts 1, DW_OP_plus, DW_OP_stack_value] undef
	.loc	3 208 13                        @ ../../../../../sdk/platform/driver/spi_flash/spi_flash.c:208:13
	cmp	r0, r3
	mov	r3, r2
	bne	.LBB8_6
.Ltmp60:
@ %bb.8:
	@DEBUG_VALUE: spi_flash_auto_detect:dev_id <- $r4
	@DEBUG_VALUE: spi_flash_configure_env:spi_flash_cfg <- undef
	.loc	3 147 5 is_stmt 1               @ ../../../../../sdk/platform/driver/spi_flash/spi_flash.c:147:5
	adds	r0, r1, r2
	mov	r1, r0
	adds	r1, #228
	ldm	r1!, {r2, r3, r7}
	stm	r6!, {r2, r3, r7}
	movs	r1, #228
.Ltmp61:
	.loc	3 211 46                        @ ../../../../../sdk/platform/driver/spi_flash/spi_flash.c:211:46
	ldrb	r0, [r0, r1]
	.loc	3 211 21 is_stmt 0              @ ../../../../../sdk/platform/driver/spi_flash/spi_flash.c:211:21
	strb	r0, [r4]
	b	.LBB8_1
.Ltmp62:
.LBB8_9:
	@DEBUG_VALUE: i <- [DW_OP_consts 18446744073709551376, DW_OP_minus, DW_OP_consts 12, DW_OP_div, DW_OP_stack_value] $r3
	@DEBUG_VALUE: spi_flash_auto_detect:dev_id <- $r4
	.loc	3 0 21                          @ ../../../../../sdk/platform/driver/spi_flash/spi_flash.c:0:21
	movs	r0, #246
.Ltmp63:
.LBB8_10:
	@DEBUG_VALUE: spi_flash_auto_detect:dev_id <- $r4
	.loc	3 218 1 is_stmt 1               @ ../../../../../sdk/platform/driver/spi_flash/spi_flash.c:218:1
	sxtb	r0, r0
	.loc	3 218 1 epilogue_begin is_stmt 0 @ ../../../../../sdk/platform/driver/spi_flash/spi_flash.c:218:1
	pop	{r3, r4, r5, r6, r7, pc}
.Ltmp64:
	.loc	3 0 1                           @ :0:1
.Ltmp65:
	.p2align	2
@ %bb.11:
__arm_cp.8_0:
	.long	spi_flash_cfg_env
.Lcpi_end3:
	.size	__arm_cp.8_0, .Lcpi_end3-__arm_cp.8_0
__arm_cp.8_1:
	.long	.L__const.spi_flash_auto_detect.known_spi_devs_list
.Lcpi_end4:
	.size	__arm_cp.8_1, .Lcpi_end4-__arm_cp.8_1
.Lfunc_end8:
	.size	spi_flash_auto_detect, .Lfunc_end8-spi_flash_auto_detect
	.cfi_endproc
	.cantunwind
	.fnend
                                        @ -- End function
	.hidden	spi_flash_read_jedec_id         @ -- Begin function spi_flash_read_jedec_id
	.globl	spi_flash_read_jedec_id
	.p2align	2
	.type	spi_flash_read_jedec_id,%function
	.code	16                              @ @spi_flash_read_jedec_id
	.thumb_func
spi_flash_read_jedec_id:
.Lfunc_begin9:
	.loc	3 533 0 is_stmt 1               @ ../../../../../sdk/platform/driver/spi_flash/spi_flash.c:533:0
	.fnstart
	.cfi_startproc
@ %bb.0:
	@DEBUG_VALUE: spi_flash_read_jedec_id:data <- $r0
	.save	{r4, r5, r6, r7, lr}
	.pad	#4
	push	{r3, r4, r5, r6, r7, lr}
	.cfi_def_cfa_offset 24
	.cfi_offset lr, -4
	.cfi_offset r7, -8
	.cfi_offset r6, -12
	.cfi_offset r5, -16
	.cfi_offset r4, -20
	mov	r5, r0
.Ltmp66:
	@DEBUG_VALUE: spi_flash_read_jedec_id:data <- $r5
	.loc	3 537 21 prologue_end           @ ../../../../../sdk/platform/driver/spi_flash/spi_flash.c:537:21
	bl	spi_flash_is_busy
.Ltmp67:
	mov	r4, r0
.Ltmp68:
	@DEBUG_VALUE: spi_flash_read_jedec_id:status <- $r4
	.loc	3 538 9                         @ ../../../../../sdk/platform/driver/spi_flash/spi_flash.c:538:9
	cmp	r0, #0
	bne	.LBB9_2
.Ltmp69:
@ %bb.1:
	@DEBUG_VALUE: spi_flash_read_jedec_id:status <- $r4
	@DEBUG_VALUE: spi_flash_read_jedec_id:data <- $r5
	.loc	3 0 9 is_stmt 0                 @ ../../../../../sdk/platform/driver/spi_flash/spi_flash.c:0:9
	movs	r6, #0
	.loc	3 544 5 is_stmt 1               @ ../../../../../sdk/platform/driver/spi_flash/spi_flash.c:544:5
	mov	r0, r6
	bl	spi_set_bitmode
.Ltmp70:
	.loc	3 545 5                         @ ../../../../../sdk/platform/driver/spi_flash/spi_flash.c:545:5
	bl	spi_cs_low
.Ltmp71:
	.loc	3 0 5 is_stmt 0                 @ ../../../../../sdk/platform/driver/spi_flash/spi_flash.c:0:5
	movs	r0, #159
	.loc	3 548 5 is_stmt 1               @ ../../../../../sdk/platform/driver/spi_flash/spi_flash.c:548:5
	ldr	r7, __arm_cp.9_0
	blx	r7
.Ltmp72:
	.loc	3 551 25                        @ ../../../../../sdk/platform/driver/spi_flash/spi_flash.c:551:25
	mov	r0, r6
	blx	r7
.Ltmp73:
	.loc	3 551 45 is_stmt 0              @ ../../../../../sdk/platform/driver/spi_flash/spi_flash.c:551:45
	lsls	r0, r0, #24
	lsrs	r0, r0, #8
	.loc	3 551 11                        @ ../../../../../sdk/platform/driver/spi_flash/spi_flash.c:551:11
	str	r0, [r5]
	.loc	3 553 25 is_stmt 1              @ ../../../../../sdk/platform/driver/spi_flash/spi_flash.c:553:25
	mov	r0, r6
	blx	r7
.Ltmp74:
	.loc	3 553 45 is_stmt 0              @ ../../../../../sdk/platform/driver/spi_flash/spi_flash.c:553:45
	lsls	r0, r0, #8
	uxth	r0, r0
	.loc	3 553 11                        @ ../../../../../sdk/platform/driver/spi_flash/spi_flash.c:553:11
	ldr	r1, [r5]
	orrs	r1, r0
	str	r1, [r5]
	.loc	3 555 25 is_stmt 1              @ ../../../../../sdk/platform/driver/spi_flash/spi_flash.c:555:25
	mov	r0, r6
	blx	r7
.Ltmp75:
	.loc	3 555 14 is_stmt 0              @ ../../../../../sdk/platform/driver/spi_flash/spi_flash.c:555:14
	uxtb	r0, r0
	.loc	3 555 11                        @ ../../../../../sdk/platform/driver/spi_flash/spi_flash.c:555:11
	ldr	r1, [r5]
	orrs	r1, r0
	str	r1, [r5]
	.loc	3 557 5 is_stmt 1               @ ../../../../../sdk/platform/driver/spi_flash/spi_flash.c:557:5
	bl	spi_cs_high
.Ltmp76:
.LBB9_2:
	@DEBUG_VALUE: spi_flash_read_jedec_id:status <- $r4
	@DEBUG_VALUE: spi_flash_read_jedec_id:data <- $r5
	.loc	3 559 1                         @ ../../../../../sdk/platform/driver/spi_flash/spi_flash.c:559:1
	mov	r0, r4
	.loc	3 559 1 epilogue_begin is_stmt 0 @ ../../../../../sdk/platform/driver/spi_flash/spi_flash.c:559:1
	pop	{r3, r4, r5, r6, r7, pc}
.Ltmp77:
	.loc	3 0 1                           @ :0:1
.Ltmp78:
	.p2align	2
@ %bb.3:
__arm_cp.9_0:
	.long	spi_access
.Lcpi_end5:
	.size	__arm_cp.9_0, .Lcpi_end5-__arm_cp.9_0
.Lfunc_end9:
	.size	spi_flash_read_jedec_id, .Lfunc_end9-spi_flash_read_jedec_id
	.cfi_endproc
	.cantunwind
	.fnend
                                        @ -- End function
	.hidden	spi_flash_power_down            @ -- Begin function spi_flash_power_down
	.globl	spi_flash_power_down
	.p2align	1
	.type	spi_flash_power_down,%function
	.code	16                              @ @spi_flash_power_down
	.thumb_func
spi_flash_power_down:
.Lfunc_begin10:
	.loc	3 227 0 is_stmt 1               @ ../../../../../sdk/platform/driver/spi_flash/spi_flash.c:227:0
	.fnstart
	.cfi_startproc
@ %bb.0:
	.save	{r4, lr}
	push	{r4, lr}
	.cfi_def_cfa_offset 8
	.cfi_offset lr, -4
	.cfi_offset r4, -8
.Ltmp79:
	.loc	3 231 21 prologue_end           @ ../../../../../sdk/platform/driver/spi_flash/spi_flash.c:231:21
	bl	spi_flash_is_busy
.Ltmp80:
	mov	r4, r0
.Ltmp81:
	@DEBUG_VALUE: spi_flash_power_down:status <- $r4
	.loc	3 232 9                         @ ../../../../../sdk/platform/driver/spi_flash/spi_flash.c:232:9
	cmp	r0, #0
	bne	.LBB10_2
.Ltmp82:
@ %bb.1:
	@DEBUG_VALUE: spi_flash_power_down:status <- $r4
	.loc	3 0 9 is_stmt 0                 @ ../../../../../sdk/platform/driver/spi_flash/spi_flash.c:0:9
	movs	r0, #0
	.loc	3 238 5 is_stmt 1               @ ../../../../../sdk/platform/driver/spi_flash/spi_flash.c:238:5
	bl	spi_set_bitmode
.Ltmp83:
	.loc	3 0 5 is_stmt 0                 @ ../../../../../sdk/platform/driver/spi_flash/spi_flash.c:0:5
	movs	r0, #185
	.loc	3 239 5 is_stmt 1               @ ../../../../../sdk/platform/driver/spi_flash/spi_flash.c:239:5
	bl	spi_transaction
.Ltmp84:
.LBB10_2:
	@DEBUG_VALUE: spi_flash_power_down:status <- $r4
	.loc	3 242 1                         @ ../../../../../sdk/platform/driver/spi_flash/spi_flash.c:242:1
	mov	r0, r4
	.loc	3 242 1 epilogue_begin is_stmt 0 @ ../../../../../sdk/platform/driver/spi_flash/spi_flash.c:242:1
	pop	{r4, pc}
.Ltmp85:
.Lfunc_end10:
	.size	spi_flash_power_down, .Lfunc_end10-spi_flash_power_down
	.cfi_endproc
	.cantunwind
	.fnend
                                        @ -- End function
	.hidden	spi_flash_ultra_deep_power_down @ -- Begin function spi_flash_ultra_deep_power_down
	.globl	spi_flash_ultra_deep_power_down
	.p2align	1
	.type	spi_flash_ultra_deep_power_down,%function
	.code	16                              @ @spi_flash_ultra_deep_power_down
	.thumb_func
spi_flash_ultra_deep_power_down:
.Lfunc_begin11:
	.loc	3 266 0 is_stmt 1               @ ../../../../../sdk/platform/driver/spi_flash/spi_flash.c:266:0
	.fnstart
	.cfi_startproc
@ %bb.0:
	.save	{r4, lr}
	push	{r4, lr}
	.cfi_def_cfa_offset 8
	.cfi_offset lr, -4
	.cfi_offset r4, -8
.Ltmp86:
	.loc	3 270 21 prologue_end           @ ../../../../../sdk/platform/driver/spi_flash/spi_flash.c:270:21
	bl	spi_flash_is_busy
.Ltmp87:
	mov	r4, r0
.Ltmp88:
	@DEBUG_VALUE: spi_flash_ultra_deep_power_down:status <- $r4
	.loc	3 271 9                         @ ../../../../../sdk/platform/driver/spi_flash/spi_flash.c:271:9
	cmp	r0, #0
	bne	.LBB11_2
.Ltmp89:
@ %bb.1:
	@DEBUG_VALUE: spi_flash_ultra_deep_power_down:status <- $r4
	.loc	3 0 9 is_stmt 0                 @ ../../../../../sdk/platform/driver/spi_flash/spi_flash.c:0:9
	movs	r0, #0
	.loc	3 277 5 is_stmt 1               @ ../../../../../sdk/platform/driver/spi_flash/spi_flash.c:277:5
	bl	spi_set_bitmode
.Ltmp90:
	.loc	3 0 5 is_stmt 0                 @ ../../../../../sdk/platform/driver/spi_flash/spi_flash.c:0:5
	movs	r0, #121
	.loc	3 278 5 is_stmt 1               @ ../../../../../sdk/platform/driver/spi_flash/spi_flash.c:278:5
	bl	spi_transaction
.Ltmp91:
.LBB11_2:
	@DEBUG_VALUE: spi_flash_ultra_deep_power_down:status <- $r4
	.loc	3 281 1                         @ ../../../../../sdk/platform/driver/spi_flash/spi_flash.c:281:1
	mov	r0, r4
	.loc	3 281 1 epilogue_begin is_stmt 0 @ ../../../../../sdk/platform/driver/spi_flash/spi_flash.c:281:1
	pop	{r4, pc}
.Ltmp92:
.Lfunc_end11:
	.size	spi_flash_ultra_deep_power_down, .Lfunc_end11-spi_flash_ultra_deep_power_down
	.cfi_endproc
	.cantunwind
	.fnend
                                        @ -- End function
	.hidden	spi_flash_set_write_enable      @ -- Begin function spi_flash_set_write_enable
	.globl	spi_flash_set_write_enable
	.p2align	1
	.type	spi_flash_set_write_enable,%function
	.code	16                              @ @spi_flash_set_write_enable
	.thumb_func
spi_flash_set_write_enable:
.Lfunc_begin12:
	.loc	3 336 0 is_stmt 1               @ ../../../../../sdk/platform/driver/spi_flash/spi_flash.c:336:0
	.fnstart
	.cfi_startproc
@ %bb.0:
	.save	{r7, lr}
	push	{r7, lr}
	.cfi_def_cfa_offset 8
	.cfi_offset lr, -4
	.cfi_offset r7, -8
	movs	r0, #6
.Ltmp93:
	.loc	3 337 12 prologue_end           @ ../../../../../sdk/platform/driver/spi_flash/spi_flash.c:337:12
	bl	spi_flash_write_enable
.Ltmp94:
	.loc	3 337 5 epilogue_begin is_stmt 0 @ ../../../../../sdk/platform/driver/spi_flash/spi_flash.c:337:5
	pop	{r7, pc}
.Ltmp95:
.Lfunc_end12:
	.size	spi_flash_set_write_enable, .Lfunc_end12-spi_flash_set_write_enable
	.cfi_endproc
	.cantunwind
	.fnend
                                        @ -- End function
	.p2align	1                               @ -- Begin function spi_flash_write_enable
	.type	spi_flash_write_enable,%function
	.code	16                              @ @spi_flash_write_enable
	.thumb_func
spi_flash_write_enable:
.Lfunc_begin13:
	.loc	3 305 0 is_stmt 1               @ ../../../../../sdk/platform/driver/spi_flash/spi_flash.c:305:0
	.fnstart
	.cfi_startproc
@ %bb.0:
	@DEBUG_VALUE: spi_flash_write_enable:command <- $r0
	.save	{r4, r5, r7, lr}
	push	{r4, r5, r7, lr}
	.cfi_def_cfa_offset 16
	.cfi_offset lr, -4
	.cfi_offset r7, -8
	.cfi_offset r5, -12
	.cfi_offset r4, -16
	mov	r5, r0
.Ltmp96:
	@DEBUG_VALUE: spi_flash_write_enable:command <- $r5
	.loc	3 309 21 prologue_end           @ ../../../../../sdk/platform/driver/spi_flash/spi_flash.c:309:21
	bl	spi_flash_is_busy
.Ltmp97:
	mov	r4, r0
.Ltmp98:
	@DEBUG_VALUE: spi_flash_write_enable:status <- $r4
	.loc	3 310 9                         @ ../../../../../sdk/platform/driver/spi_flash/spi_flash.c:310:9
	cmp	r0, #0
	bne	.LBB13_5
.Ltmp99:
@ %bb.1:
	@DEBUG_VALUE: spi_flash_write_enable:status <- $r4
	@DEBUG_VALUE: spi_flash_write_enable:command <- $r5
	@DEBUG_VALUE: spi_flash_write_enable:command <- $r5
	.loc	3 0 9 is_stmt 0                 @ ../../../../../sdk/platform/driver/spi_flash/spi_flash.c:0:9
	movs	r4, #0
.Ltmp100:
	.loc	3 316 5 is_stmt 1               @ ../../../../../sdk/platform/driver/spi_flash/spi_flash.c:316:5
	mov	r0, r4
	bl	spi_set_bitmode
.Ltmp101:
	.loc	3 317 5                         @ ../../../../../sdk/platform/driver/spi_flash/spi_flash.c:317:5
	mov	r0, r5
	bl	spi_transaction
.Ltmp102:
	.loc	3 320 14                        @ ../../../../../sdk/platform/driver/spi_flash/spi_flash.c:320:14
	bl	spi_flash_wait_till_ready
.Ltmp103:
	@DEBUG_VALUE: spi_flash_write_enable:status <- $r0
	.loc	3 321 9                         @ ../../../../../sdk/platform/driver/spi_flash/spi_flash.c:321:9
	cmp	r0, #0
	beq	.LBB13_3
.Ltmp104:
@ %bb.2:
	@DEBUG_VALUE: spi_flash_write_enable:status <- $r0
	@DEBUG_VALUE: spi_flash_write_enable:command <- $r5
	.loc	3 0 9 is_stmt 0                 @ ../../../../../sdk/platform/driver/spi_flash/spi_flash.c:0:9
	movs	r4, #255
	.loc	3 321 9                         @ ../../../../../sdk/platform/driver/spi_flash/spi_flash.c:321:9
	b	.LBB13_5
.Ltmp105:
.LBB13_3:
	@DEBUG_VALUE: spi_flash_write_enable:status <- $r0
	@DEBUG_VALUE: spi_flash_write_enable:command <- $r5
	.loc	3 327 10 is_stmt 1              @ ../../../../../sdk/platform/driver/spi_flash/spi_flash.c:327:10
	bl	spi_flash_read_status_reg
.Ltmp106:
	.loc	3 0 0 is_stmt 0                 @ ../../../../../sdk/platform/driver/spi_flash/spi_flash.c:0:0
	lsls	r0, r0, #30
	bmi	.LBB13_5
.Ltmp107:
@ %bb.4:
	@DEBUG_VALUE: spi_flash_write_enable:command <- $r5
	movs	r0, #11
	mvns	r4, r0
.Ltmp108:
.LBB13_5:
	@DEBUG_VALUE: spi_flash_write_enable:command <- $r5
	.loc	3 333 1 is_stmt 1               @ ../../../../../sdk/platform/driver/spi_flash/spi_flash.c:333:1
	sxtb	r0, r4
	.loc	3 333 1 epilogue_begin is_stmt 0 @ ../../../../../sdk/platform/driver/spi_flash/spi_flash.c:333:1
	pop	{r4, r5, r7, pc}
.Ltmp109:
.Lfunc_end13:
	.size	spi_flash_write_enable, .Lfunc_end13-spi_flash_write_enable
	.cfi_endproc
	.cantunwind
	.fnend
                                        @ -- End function
	.hidden	spi_flash_write_enable_volatile @ -- Begin function spi_flash_write_enable_volatile
	.globl	spi_flash_write_enable_volatile
	.p2align	1
	.type	spi_flash_write_enable_volatile,%function
	.code	16                              @ @spi_flash_write_enable_volatile
	.thumb_func
spi_flash_write_enable_volatile:
.Lfunc_begin14:
	.loc	3 341 0 is_stmt 1               @ ../../../../../sdk/platform/driver/spi_flash/spi_flash.c:341:0
	.fnstart
	.cfi_startproc
@ %bb.0:
	.save	{r7, lr}
	push	{r7, lr}
	.cfi_def_cfa_offset 8
	.cfi_offset lr, -4
	.cfi_offset r7, -8
	movs	r0, #80
.Ltmp110:
	.loc	3 342 12 prologue_end           @ ../../../../../sdk/platform/driver/spi_flash/spi_flash.c:342:12
	bl	spi_flash_write_enable
.Ltmp111:
	.loc	3 342 5 epilogue_begin is_stmt 0 @ ../../../../../sdk/platform/driver/spi_flash/spi_flash.c:342:5
	pop	{r7, pc}
.Ltmp112:
.Lfunc_end14:
	.size	spi_flash_write_enable_volatile, .Lfunc_end14-spi_flash_write_enable_volatile
	.cfi_endproc
	.cantunwind
	.fnend
                                        @ -- End function
	.hidden	spi_flash_set_write_disable     @ -- Begin function spi_flash_set_write_disable
	.globl	spi_flash_set_write_disable
	.p2align	1
	.type	spi_flash_set_write_disable,%function
	.code	16                              @ @spi_flash_set_write_disable
	.thumb_func
spi_flash_set_write_disable:
.Lfunc_begin15:
	.loc	3 346 0 is_stmt 1               @ ../../../../../sdk/platform/driver/spi_flash/spi_flash.c:346:0
	.fnstart
	.cfi_startproc
@ %bb.0:
	.save	{r7, lr}
	push	{r7, lr}
	.cfi_def_cfa_offset 8
	.cfi_offset lr, -4
	.cfi_offset r7, -8
.Ltmp113:
	.loc	3 350 21 prologue_end           @ ../../../../../sdk/platform/driver/spi_flash/spi_flash.c:350:21
	bl	spi_flash_is_busy
.Ltmp114:
	@DEBUG_VALUE: spi_flash_set_write_disable:status <- $r0
	.loc	3 351 9                         @ ../../../../../sdk/platform/driver/spi_flash/spi_flash.c:351:9
	cmp	r0, #0
	bne	.LBB15_4
.Ltmp115:
@ %bb.1:
	@DEBUG_VALUE: spi_flash_set_write_disable:status <- $r0
	.loc	3 0 9 is_stmt 0                 @ ../../../../../sdk/platform/driver/spi_flash/spi_flash.c:0:9
	movs	r0, #0
.Ltmp116:
	.loc	3 357 5 is_stmt 1               @ ../../../../../sdk/platform/driver/spi_flash/spi_flash.c:357:5
	bl	spi_set_bitmode
.Ltmp117:
	.loc	3 0 5 is_stmt 0                 @ ../../../../../sdk/platform/driver/spi_flash/spi_flash.c:0:5
	movs	r0, #4
	.loc	3 358 5 is_stmt 1               @ ../../../../../sdk/platform/driver/spi_flash/spi_flash.c:358:5
	bl	spi_transaction
.Ltmp118:
	.loc	3 361 14                        @ ../../../../../sdk/platform/driver/spi_flash/spi_flash.c:361:14
	bl	spi_flash_wait_till_ready
.Ltmp119:
	@DEBUG_VALUE: spi_flash_set_write_disable:status <- $r0
	.loc	3 362 9                         @ ../../../../../sdk/platform/driver/spi_flash/spi_flash.c:362:9
	cmp	r0, #0
	beq	.LBB15_3
.Ltmp120:
@ %bb.2:
	@DEBUG_VALUE: spi_flash_set_write_disable:status <- $r0
	.loc	3 0 9 is_stmt 0                 @ ../../../../../sdk/platform/driver/spi_flash/spi_flash.c:0:9
	movs	r0, #255
.Ltmp121:
	.loc	3 362 9                         @ ../../../../../sdk/platform/driver/spi_flash/spi_flash.c:362:9
	b	.LBB15_4
.LBB15_3:
.Ltmp122:
	@DEBUG_VALUE: spi_flash_set_write_disable:status <- $r0
	.loc	3 368 10 is_stmt 1              @ ../../../../../sdk/platform/driver/spi_flash/spi_flash.c:368:10
	bl	spi_flash_read_status_reg
.Ltmp123:
	.loc	3 368 38 is_stmt 0              @ ../../../../../sdk/platform/driver/spi_flash/spi_flash.c:368:38
	lsls	r0, r0, #30
	asrs	r0, r0, #31
	movs	r1, #11
.Ltmp124:
	.loc	3 0 0                           @ ../../../../../sdk/platform/driver/spi_flash/spi_flash.c:0:0
	bics	r0, r1
.LBB15_4:
	.loc	3 374 1 is_stmt 1               @ ../../../../../sdk/platform/driver/spi_flash/spi_flash.c:374:1
	sxtb	r0, r0
	.loc	3 374 1 epilogue_begin is_stmt 0 @ ../../../../../sdk/platform/driver/spi_flash/spi_flash.c:374:1
	pop	{r7, pc}
.Ltmp125:
.Lfunc_end15:
	.size	spi_flash_set_write_disable, .Lfunc_end15-spi_flash_set_write_disable
	.cfi_endproc
	.cantunwind
	.fnend
                                        @ -- End function
	.hidden	spi_flash_write_status_reg      @ -- Begin function spi_flash_write_status_reg
	.globl	spi_flash_write_status_reg
	.p2align	1
	.type	spi_flash_write_status_reg,%function
	.code	16                              @ @spi_flash_write_status_reg
	.thumb_func
spi_flash_write_status_reg:
.Lfunc_begin16:
	.loc	3 377 0 is_stmt 1               @ ../../../../../sdk/platform/driver/spi_flash/spi_flash.c:377:0
	.fnstart
	.cfi_startproc
@ %bb.0:
	@DEBUG_VALUE: spi_flash_write_status_reg:data <- $r0
	.save	{r4, r5, r6, lr}
	push	{r4, r5, r6, lr}
	.cfi_def_cfa_offset 16
	.cfi_offset lr, -4
	.cfi_offset r6, -8
	.cfi_offset r5, -12
	.cfi_offset r4, -16
	mov	r5, r0
.Ltmp126:
	@DEBUG_VALUE: spi_flash_write_status_reg:data <- $r5
	.loc	3 379 21 prologue_end           @ ../../../../../sdk/platform/driver/spi_flash/spi_flash.c:379:21
	bl	spi_flash_is_busy
.Ltmp127:
	mov	r4, r0
.Ltmp128:
	@DEBUG_VALUE: spi_flash_write_status_reg:status <- $r4
	.loc	3 380 9                         @ ../../../../../sdk/platform/driver/spi_flash/spi_flash.c:380:9
	cmp	r0, #0
	bne	.LBB16_2
.Ltmp129:
@ %bb.1:
	@DEBUG_VALUE: spi_flash_write_status_reg:status <- $r4
	@DEBUG_VALUE: spi_flash_write_status_reg:data <- $r5
	.loc	3 0 9 is_stmt 0                 @ ../../../../../sdk/platform/driver/spi_flash/spi_flash.c:0:9
	movs	r6, #1
	.loc	3 386 5 is_stmt 1               @ ../../../../../sdk/platform/driver/spi_flash/spi_flash.c:386:5
	mov	r0, r6
	bl	spi_set_bitmode
.Ltmp130:
	.loc	3 0 5 is_stmt 0                 @ ../../../../../sdk/platform/driver/spi_flash/spi_flash.c:0:5
	lsls	r0, r6, #8
	.loc	3 387 46 is_stmt 1              @ ../../../../../sdk/platform/driver/spi_flash/spi_flash.c:387:46
	adds	r0, r5, r0
	.loc	3 387 5 is_stmt 0               @ ../../../../../sdk/platform/driver/spi_flash/spi_flash.c:387:5
	bl	spi_transaction
.Ltmp131:
	.loc	3 390 5 is_stmt 1               @ ../../../../../sdk/platform/driver/spi_flash/spi_flash.c:390:5
	bl	spi_flash_wait_till_ready
.Ltmp132:
.LBB16_2:
	@DEBUG_VALUE: spi_flash_write_status_reg:status <- $r4
	@DEBUG_VALUE: spi_flash_write_status_reg:data <- $r5
	.loc	3 397 1                         @ ../../../../../sdk/platform/driver/spi_flash/spi_flash.c:397:1
	mov	r0, r4
	.loc	3 397 1 epilogue_begin is_stmt 0 @ ../../../../../sdk/platform/driver/spi_flash/spi_flash.c:397:1
	pop	{r4, r5, r6, pc}
.Ltmp133:
.Lfunc_end16:
	.size	spi_flash_write_status_reg, .Lfunc_end16-spi_flash_write_status_reg
	.cfi_endproc
	.cantunwind
	.fnend
                                        @ -- End function
	.hidden	spi_flash_read_config_reg       @ -- Begin function spi_flash_read_config_reg
	.globl	spi_flash_read_config_reg
	.p2align	1
	.type	spi_flash_read_config_reg,%function
	.code	16                              @ @spi_flash_read_config_reg
	.thumb_func
spi_flash_read_config_reg:
.Lfunc_begin17:
	.loc	3 400 0 is_stmt 1               @ ../../../../../sdk/platform/driver/spi_flash/spi_flash.c:400:0
	.fnstart
	.cfi_startproc
@ %bb.0:
	@DEBUG_VALUE: spi_flash_read_config_reg:data <- $r0
	.save	{r4, lr}
	push	{r4, lr}
	.cfi_def_cfa_offset 8
	.cfi_offset lr, -4
	.cfi_offset r4, -8
	mov	r4, r0
.Ltmp134:
	@DEBUG_VALUE: spi_flash_read_config_reg:data <- $r4
	movs	r0, #2
.Ltmp135:
	.loc	3 404 5 prologue_end            @ ../../../../../sdk/platform/driver/spi_flash/spi_flash.c:404:5
	bl	spi_set_bitmode
.Ltmp136:
	.loc	3 0 5 is_stmt 0                 @ ../../../../../sdk/platform/driver/spi_flash/spi_flash.c:0:5
	movs	r0, #21
	lsls	r0, r0, #24
	.loc	3 407 14 is_stmt 1              @ ../../../../../sdk/platform/driver/spi_flash/spi_flash.c:407:14
	bl	spi_transaction
.Ltmp137:
	.loc	3 407 70 is_stmt 0              @ ../../../../../sdk/platform/driver/spi_flash/spi_flash.c:407:70
	lsrs	r0, r0, #8
	.loc	3 407 76                        @ ../../../../../sdk/platform/driver/spi_flash/spi_flash.c:407:76
	uxth	r0, r0
	.loc	3 407 11                        @ ../../../../../sdk/platform/driver/spi_flash/spi_flash.c:407:11
	str	r0, [r4]
	.loc	3 408 1 epilogue_begin is_stmt 1 @ ../../../../../sdk/platform/driver/spi_flash/spi_flash.c:408:1
	pop	{r4, pc}
.Ltmp138:
.Lfunc_end17:
	.size	spi_flash_read_config_reg, .Lfunc_end17-spi_flash_read_config_reg
	.cfi_endproc
	.cantunwind
	.fnend
                                        @ -- End function
	.hidden	spi_flash_write_status_config_reg @ -- Begin function spi_flash_write_status_config_reg
	.globl	spi_flash_write_status_config_reg
	.p2align	2
	.type	spi_flash_write_status_config_reg,%function
	.code	16                              @ @spi_flash_write_status_config_reg
	.thumb_func
spi_flash_write_status_config_reg:
.Lfunc_begin18:
	.loc	3 411 0                         @ ../../../../../sdk/platform/driver/spi_flash/spi_flash.c:411:0
	.fnstart
	.cfi_startproc
@ %bb.0:
	@DEBUG_VALUE: spi_flash_write_status_config_reg:data <- $r0
	.save	{r4, r5, r7, lr}
	push	{r4, r5, r7, lr}
	.cfi_def_cfa_offset 16
	.cfi_offset lr, -4
	.cfi_offset r7, -8
	.cfi_offset r5, -12
	.cfi_offset r4, -16
	mov	r5, r0
.Ltmp139:
	@DEBUG_VALUE: spi_flash_write_status_config_reg:data <- $r5
	.loc	3 416 14 prologue_end           @ ../../../../../sdk/platform/driver/spi_flash/spi_flash.c:416:14
	bl	spi_flash_set_write_enable
.Ltmp140:
	mov	r4, r0
.Ltmp141:
	@DEBUG_VALUE: spi_flash_write_status_config_reg:status <- $r4
	.loc	3 417 9                         @ ../../../../../sdk/platform/driver/spi_flash/spi_flash.c:417:9
	cmp	r0, #0
	bne	.LBB18_2
.Ltmp142:
@ %bb.1:
	@DEBUG_VALUE: spi_flash_write_status_config_reg:status <- $r4
	@DEBUG_VALUE: spi_flash_write_status_config_reg:data <- $r5
	.loc	3 423 5                         @ ../../../../../sdk/platform/driver/spi_flash/spi_flash.c:423:5
	bl	spi_flash_wait_till_ready
.Ltmp143:
	.loc	3 0 5 is_stmt 0                 @ ../../../../../sdk/platform/driver/spi_flash/spi_flash.c:0:5
	movs	r0, #2
	.loc	3 430 5 is_stmt 1               @ ../../../../../sdk/platform/driver/spi_flash/spi_flash.c:430:5
	bl	spi_set_bitmode
.Ltmp144:
	.loc	3 0 5 is_stmt 0                 @ ../../../../../sdk/platform/driver/spi_flash/spi_flash.c:0:5
	ldr	r0, __arm_cp.18_0
	.loc	3 431 55 is_stmt 1              @ ../../../../../sdk/platform/driver/spi_flash/spi_flash.c:431:55
	ands	r5, r0
.Ltmp145:
	@DEBUG_VALUE: spi_flash_write_status_config_reg:data <- [DW_OP_LLVM_entry_value 1] $r0
	.loc	3 431 47 is_stmt 0              @ ../../../../../sdk/platform/driver/spi_flash/spi_flash.c:431:47
	adds	r0, r5, r0
	adds	r0, r0, #1
	.loc	3 431 5                         @ ../../../../../sdk/platform/driver/spi_flash/spi_flash.c:431:5
	bl	spi_transaction
.Ltmp146:
.LBB18_2:
	@DEBUG_VALUE: spi_flash_write_status_config_reg:status <- $r4
	.loc	3 434 1 is_stmt 1               @ ../../../../../sdk/platform/driver/spi_flash/spi_flash.c:434:1
	mov	r0, r4
	.loc	3 434 1 epilogue_begin is_stmt 0 @ ../../../../../sdk/platform/driver/spi_flash/spi_flash.c:434:1
	pop	{r4, r5, r7, pc}
.Ltmp147:
	.loc	3 0 1                           @ :0:1
.Ltmp148:
	.p2align	2
@ %bb.3:
__arm_cp.18_0:
	.long	16777215                        @ 0xffffff
.Lcpi_end6:
	.size	__arm_cp.18_0, .Lcpi_end6-__arm_cp.18_0
.Lfunc_end18:
	.size	spi_flash_write_status_config_reg, .Lfunc_end18-spi_flash_write_status_config_reg
	.cfi_endproc
	.cantunwind
	.fnend
                                        @ -- End function
	.hidden	spi_flash_read_security_reg     @ -- Begin function spi_flash_read_security_reg
	.globl	spi_flash_read_security_reg
	.p2align	1
	.type	spi_flash_read_security_reg,%function
	.code	16                              @ @spi_flash_read_security_reg
	.thumb_func
spi_flash_read_security_reg:
.Lfunc_begin19:
	.loc	3 437 0 is_stmt 1               @ ../../../../../sdk/platform/driver/spi_flash/spi_flash.c:437:0
	.fnstart
	.cfi_startproc
@ %bb.0:
	@DEBUG_VALUE: spi_flash_read_security_reg:data <- $r0
	.save	{r4, lr}
	push	{r4, lr}
	.cfi_def_cfa_offset 8
	.cfi_offset lr, -4
	.cfi_offset r4, -8
	mov	r4, r0
.Ltmp149:
	@DEBUG_VALUE: spi_flash_read_security_reg:data <- $r4
	movs	r0, #1
.Ltmp150:
	.loc	3 440 5 prologue_end            @ ../../../../../sdk/platform/driver/spi_flash/spi_flash.c:440:5
	bl	spi_set_bitmode
.Ltmp151:
	.loc	3 0 5 is_stmt 0                 @ ../../../../../sdk/platform/driver/spi_flash/spi_flash.c:0:5
	movs	r0, #43
	lsls	r0, r0, #8
	.loc	3 441 13 is_stmt 1              @ ../../../../../sdk/platform/driver/spi_flash/spi_flash.c:441:13
	bl	spi_transaction
.Ltmp152:
	.loc	3 441 11 is_stmt 0              @ ../../../../../sdk/platform/driver/spi_flash/spi_flash.c:441:11
	str	r0, [r4]
	.loc	3 442 1 epilogue_begin is_stmt 1 @ ../../../../../sdk/platform/driver/spi_flash/spi_flash.c:442:1
	pop	{r4, pc}
.Ltmp153:
.Lfunc_end19:
	.size	spi_flash_read_security_reg, .Lfunc_end19-spi_flash_read_security_reg
	.cfi_endproc
	.cantunwind
	.fnend
                                        @ -- End function
	.hidden	spi_flash_get_power_mode        @ -- Begin function spi_flash_get_power_mode
	.globl	spi_flash_get_power_mode
	.p2align	1
	.type	spi_flash_get_power_mode,%function
	.code	16                              @ @spi_flash_get_power_mode
	.thumb_func
spi_flash_get_power_mode:
.Lfunc_begin20:
	.loc	3 450 0                         @ ../../../../../sdk/platform/driver/spi_flash/spi_flash.c:450:0
	.fnstart
	.cfi_startproc
@ %bb.0:
	@DEBUG_VALUE: spi_flash_get_power_mode:data <- $r0
	.save	{r7, lr}
	push	{r7, lr}
	.cfi_def_cfa_offset 8
	.cfi_offset lr, -4
	.cfi_offset r7, -8
.Ltmp154:
	.loc	3 453 5 prologue_end            @ ../../../../../sdk/platform/driver/spi_flash/spi_flash.c:453:5
	bl	spi_flash_read_config_reg
.Ltmp155:
	@DEBUG_VALUE: spi_flash_get_power_mode:data <- [DW_OP_LLVM_entry_value 1] $r0
	.loc	3 454 1 epilogue_begin          @ ../../../../../sdk/platform/driver/spi_flash/spi_flash.c:454:1
	pop	{r7, pc}
.Ltmp156:
.Lfunc_end20:
	.size	spi_flash_get_power_mode, .Lfunc_end20-spi_flash_get_power_mode
	.cfi_endproc
	.cantunwind
	.fnend
                                        @ -- End function
	.hidden	spi_flash_set_power_mode        @ -- Begin function spi_flash_set_power_mode
	.globl	spi_flash_set_power_mode
	.p2align	1
	.type	spi_flash_set_power_mode,%function
	.code	16                              @ @spi_flash_set_power_mode
	.thumb_func
spi_flash_set_power_mode:
.Lfunc_begin21:
	.loc	3 457 0                         @ ../../../../../sdk/platform/driver/spi_flash/spi_flash.c:457:0
	.fnstart
	.cfi_startproc
@ %bb.0:
	@DEBUG_VALUE: spi_flash_set_power_mode:data <- $r0
	.save	{r4, lr}
	.pad	#8
	push	{r2, r3, r4, lr}
	.cfi_def_cfa_offset 16
	.cfi_offset lr, -4
	.cfi_offset r4, -8
	mov	r4, r0
.Ltmp157:
	@DEBUG_VALUE: spi_flash_set_power_mode:tmp_data <- [DW_OP_plus_uconst 4, DW_OP_deref] $sp
	@DEBUG_VALUE: spi_flash_set_power_mode:data <- $r4
	add	r0, sp, #4
.Ltmp158:
	.loc	3 461 5 prologue_end            @ ../../../../../sdk/platform/driver/spi_flash/spi_flash.c:461:5
	bl	spi_flash_read_config_reg
.Ltmp159:
	.loc	3 462 29                        @ ../../../../../sdk/platform/driver/spi_flash/spi_flash.c:462:29
	bl	spi_flash_read_status_reg
.Ltmp160:
	.loc	3 0 29 is_stmt 0                @ ../../../../../sdk/platform/driver/spi_flash/spi_flash.c:0:29
	movs	r1, #255
	.loc	3 462 14                        @ ../../../../../sdk/platform/driver/spi_flash/spi_flash.c:462:14
	ldr	r2, [sp, #4]
.Ltmp161:
	@DEBUG_VALUE: spi_flash_set_power_mode:tmp_data <- [DW_OP_LLVM_arg 0, DW_OP_LLVM_arg 0, DW_OP_or, DW_OP_stack_value] undef
	.loc	3 463 14 is_stmt 1              @ ../../../../../sdk/platform/driver/spi_flash/spi_flash.c:463:14
	bics	r2, r1
	.loc	3 462 57                        @ ../../../../../sdk/platform/driver/spi_flash/spi_flash.c:462:57
	lsls	r0, r0, #16
.Ltmp162:
	@DEBUG_VALUE: spi_flash_set_power_mode:tmp_data <- undef
	.loc	3 463 14                        @ ../../../../../sdk/platform/driver/spi_flash/spi_flash.c:463:14
	adds	r0, r0, r4
	.loc	3 464 14                        @ ../../../../../sdk/platform/driver/spi_flash/spi_flash.c:464:14
	orrs	r0, r2
.Ltmp163:
	@DEBUG_VALUE: spi_flash_set_power_mode:tmp_data <- $r0
	.loc	3 466 12                        @ ../../../../../sdk/platform/driver/spi_flash/spi_flash.c:466:12
	bl	spi_flash_write_status_config_reg
.Ltmp164:
	.loc	3 466 5 epilogue_begin is_stmt 0 @ ../../../../../sdk/platform/driver/spi_flash/spi_flash.c:466:5
	pop	{r2, r3, r4, pc}
.Ltmp165:
.Lfunc_end21:
	.size	spi_flash_set_power_mode, .Lfunc_end21-spi_flash_set_power_mode
	.cfi_endproc
	.cantunwind
	.fnend
                                        @ -- End function
	.hidden	spi_flash_read_rems_id          @ -- Begin function spi_flash_read_rems_id
	.globl	spi_flash_read_rems_id
	.p2align	2
	.type	spi_flash_read_rems_id,%function
	.code	16                              @ @spi_flash_read_rems_id
	.thumb_func
spi_flash_read_rems_id:
.Lfunc_begin22:
	.loc	3 476 0 is_stmt 1               @ ../../../../../sdk/platform/driver/spi_flash/spi_flash.c:476:0
	.fnstart
	.cfi_startproc
@ %bb.0:
	@DEBUG_VALUE: spi_flash_read_rems_id:data <- $r0
	.save	{r4, r5, r6, r7, lr}
	.pad	#4
	push	{r3, r4, r5, r6, r7, lr}
	.cfi_def_cfa_offset 24
	.cfi_offset lr, -4
	.cfi_offset r7, -8
	.cfi_offset r6, -12
	.cfi_offset r5, -16
	.cfi_offset r4, -20
	mov	r5, r0
.Ltmp166:
	@DEBUG_VALUE: spi_flash_read_rems_id:data <- $r5
	.loc	3 480 21 prologue_end           @ ../../../../../sdk/platform/driver/spi_flash/spi_flash.c:480:21
	bl	spi_flash_is_busy
.Ltmp167:
	mov	r4, r0
.Ltmp168:
	@DEBUG_VALUE: spi_flash_read_rems_id:status <- $r4
	.loc	3 481 9                         @ ../../../../../sdk/platform/driver/spi_flash/spi_flash.c:481:9
	cmp	r0, #0
	bne	.LBB22_2
.Ltmp169:
@ %bb.1:
	@DEBUG_VALUE: spi_flash_read_rems_id:status <- $r4
	@DEBUG_VALUE: spi_flash_read_rems_id:data <- $r5
	.loc	3 0 9 is_stmt 0                 @ ../../../../../sdk/platform/driver/spi_flash/spi_flash.c:0:9
	movs	r0, #1
	.loc	3 487 5 is_stmt 1               @ ../../../../../sdk/platform/driver/spi_flash/spi_flash.c:487:5
	bl	spi_set_bitmode
.Ltmp170:
	.loc	3 488 5                         @ ../../../../../sdk/platform/driver/spi_flash/spi_flash.c:488:5
	bl	spi_cs_low
.Ltmp171:
	.loc	3 0 5 is_stmt 0                 @ ../../../../../sdk/platform/driver/spi_flash/spi_flash.c:0:5
	movs	r0, #9
	lsls	r0, r0, #12
	.loc	3 489 5 is_stmt 1               @ ../../../../../sdk/platform/driver/spi_flash/spi_flash.c:489:5
	ldr	r7, __arm_cp.22_0
	blx	r7
.Ltmp172:
	.loc	3 0 5 is_stmt 0                 @ ../../../../../sdk/platform/driver/spi_flash/spi_flash.c:0:5
	movs	r6, #0
	.loc	3 491 5 is_stmt 1               @ ../../../../../sdk/platform/driver/spi_flash/spi_flash.c:491:5
	mov	r0, r6
	blx	r7
.Ltmp173:
	.loc	3 493 13                        @ ../../../../../sdk/platform/driver/spi_flash/spi_flash.c:493:13
	mov	r0, r6
	blx	r7
.Ltmp174:
	.loc	3 493 11 is_stmt 0              @ ../../../../../sdk/platform/driver/spi_flash/spi_flash.c:493:11
	strh	r0, [r5]
	.loc	3 495 5 is_stmt 1               @ ../../../../../sdk/platform/driver/spi_flash/spi_flash.c:495:5
	bl	spi_cs_high
.Ltmp175:
.LBB22_2:
	@DEBUG_VALUE: spi_flash_read_rems_id:status <- $r4
	@DEBUG_VALUE: spi_flash_read_rems_id:data <- $r5
	.loc	3 498 1                         @ ../../../../../sdk/platform/driver/spi_flash/spi_flash.c:498:1
	mov	r0, r4
	.loc	3 498 1 epilogue_begin is_stmt 0 @ ../../../../../sdk/platform/driver/spi_flash/spi_flash.c:498:1
	pop	{r3, r4, r5, r6, r7, pc}
.Ltmp176:
	.loc	3 0 1                           @ :0:1
.Ltmp177:
	.p2align	2
@ %bb.3:
__arm_cp.22_0:
	.long	spi_access
.Lcpi_end7:
	.size	__arm_cp.22_0, .Lcpi_end7-__arm_cp.22_0
.Lfunc_end22:
	.size	spi_flash_read_rems_id, .Lfunc_end22-spi_flash_read_rems_id
	.cfi_endproc
	.cantunwind
	.fnend
                                        @ -- End function
	.hidden	spi_flash_read_unique_id        @ -- Begin function spi_flash_read_unique_id
	.globl	spi_flash_read_unique_id
	.p2align	2
	.type	spi_flash_read_unique_id,%function
	.code	16                              @ @spi_flash_read_unique_id
	.thumb_func
spi_flash_read_unique_id:
.Lfunc_begin23:
	.loc	3 501 0 is_stmt 1               @ ../../../../../sdk/platform/driver/spi_flash/spi_flash.c:501:0
	.fnstart
	.cfi_startproc
@ %bb.0:
	@DEBUG_VALUE: spi_flash_read_unique_id:data <- $r0
	.save	{r4, r5, r6, r7, lr}
	.pad	#4
	push	{r3, r4, r5, r6, r7, lr}
	.cfi_def_cfa_offset 24
	.cfi_offset lr, -4
	.cfi_offset r7, -8
	.cfi_offset r6, -12
	.cfi_offset r5, -16
	.cfi_offset r4, -20
	mov	r5, r0
.Ltmp178:
	@DEBUG_VALUE: spi_flash_read_unique_id:data <- $r5
	.loc	3 505 21 prologue_end           @ ../../../../../sdk/platform/driver/spi_flash/spi_flash.c:505:21
	bl	spi_flash_is_busy
.Ltmp179:
	mov	r4, r0
.Ltmp180:
	@DEBUG_VALUE: spi_flash_read_unique_id:status <- $r4
	.loc	3 506 9                         @ ../../../../../sdk/platform/driver/spi_flash/spi_flash.c:506:9
	cmp	r0, #0
	bne	.LBB23_2
.Ltmp181:
@ %bb.1:
	@DEBUG_VALUE: spi_flash_read_unique_id:status <- $r4
	@DEBUG_VALUE: spi_flash_read_unique_id:data <- $r5
	.loc	3 0 9 is_stmt 0                 @ ../../../../../sdk/platform/driver/spi_flash/spi_flash.c:0:9
	movs	r6, #0
	.loc	3 512 5 is_stmt 1               @ ../../../../../sdk/platform/driver/spi_flash/spi_flash.c:512:5
	mov	r0, r6
	bl	spi_set_bitmode
.Ltmp182:
	.loc	3 513 5                         @ ../../../../../sdk/platform/driver/spi_flash/spi_flash.c:513:5
	bl	spi_cs_low
.Ltmp183:
	.loc	3 0 5 is_stmt 0                 @ ../../../../../sdk/platform/driver/spi_flash/spi_flash.c:0:5
	movs	r0, #75
	.loc	3 516 5 is_stmt 1               @ ../../../../../sdk/platform/driver/spi_flash/spi_flash.c:516:5
	ldr	r7, __arm_cp.23_0
	blx	r7
.Ltmp184:
	.loc	3 0 5 is_stmt 0                 @ ../../../../../sdk/platform/driver/spi_flash/spi_flash.c:0:5
	movs	r0, #2
	.loc	3 519 5 is_stmt 1               @ ../../../../../sdk/platform/driver/spi_flash/spi_flash.c:519:5
	bl	spi_set_bitmode
.Ltmp185:
	.loc	3 520 5                         @ ../../../../../sdk/platform/driver/spi_flash/spi_flash.c:520:5
	mov	r0, r6
	blx	r7
.Ltmp186:
	.loc	3 523 25                        @ ../../../../../sdk/platform/driver/spi_flash/spi_flash.c:523:25
	mov	r0, r6
	blx	r7
.Ltmp187:
	.loc	3 523 11 is_stmt 0              @ ../../../../../sdk/platform/driver/spi_flash/spi_flash.c:523:11
	str	r6, [r5]
	str	r0, [r5, #4]
	.loc	3 525 25 is_stmt 1              @ ../../../../../sdk/platform/driver/spi_flash/spi_flash.c:525:25
	mov	r0, r6
	blx	r7
.Ltmp188:
	.loc	3 525 11 is_stmt 0              @ ../../../../../sdk/platform/driver/spi_flash/spi_flash.c:525:11
	ldr	r1, [r5]
	orrs	r1, r0
	str	r1, [r5]
	.loc	3 527 5 is_stmt 1               @ ../../../../../sdk/platform/driver/spi_flash/spi_flash.c:527:5
	bl	spi_cs_high
.Ltmp189:
.LBB23_2:
	@DEBUG_VALUE: spi_flash_read_unique_id:status <- $r4
	@DEBUG_VALUE: spi_flash_read_unique_id:data <- $r5
	.loc	3 530 1                         @ ../../../../../sdk/platform/driver/spi_flash/spi_flash.c:530:1
	mov	r0, r4
	.loc	3 530 1 epilogue_begin is_stmt 0 @ ../../../../../sdk/platform/driver/spi_flash/spi_flash.c:530:1
	pop	{r3, r4, r5, r6, r7, pc}
.Ltmp190:
	.loc	3 0 1                           @ :0:1
.Ltmp191:
	.p2align	2
@ %bb.3:
__arm_cp.23_0:
	.long	spi_access
.Lcpi_end8:
	.size	__arm_cp.23_0, .Lcpi_end8-__arm_cp.23_0
.Lfunc_end23:
	.size	spi_flash_read_unique_id, .Lfunc_end23-spi_flash_read_unique_id
	.cfi_endproc
	.cantunwind
	.fnend
                                        @ -- End function
	.hidden	spi_flash_page_erase            @ -- Begin function spi_flash_page_erase
	.globl	spi_flash_page_erase
	.p2align	1
	.type	spi_flash_page_erase,%function
	.code	16                              @ @spi_flash_page_erase
	.thumb_func
spi_flash_page_erase:
.Lfunc_begin24:
	.loc	3 615 0 is_stmt 1               @ ../../../../../sdk/platform/driver/spi_flash/spi_flash.c:615:0
	.fnstart
	.cfi_startproc
@ %bb.0:
	@DEBUG_VALUE: spi_flash_page_erase:page_address <- $r0
	.save	{r4, lr}
	push	{r4, lr}
	.cfi_def_cfa_offset 8
	.cfi_offset lr, -4
	.cfi_offset r4, -8
	mov	r4, r0
.Ltmp192:
	@DEBUG_VALUE: spi_flash_page_erase:page_address <- $r4
	.loc	3 619 21 prologue_end           @ ../../../../../sdk/platform/driver/spi_flash/spi_flash.c:619:21
	bl	spi_flash_is_busy
.Ltmp193:
	@DEBUG_VALUE: spi_flash_page_erase:status <- $r0
	.loc	3 620 9                         @ ../../../../../sdk/platform/driver/spi_flash/spi_flash.c:620:9
	cmp	r0, #0
	beq	.LBB24_2
.Ltmp194:
.LBB24_1:
	@DEBUG_VALUE: spi_flash_page_erase:status <- $r0
	@DEBUG_VALUE: spi_flash_page_erase:page_address <- $r4
	.loc	3 637 1 epilogue_begin          @ ../../../../../sdk/platform/driver/spi_flash/spi_flash.c:637:1
	pop	{r4, pc}
.Ltmp195:
.LBB24_2:
	@DEBUG_VALUE: spi_flash_page_erase:status <- $r0
	@DEBUG_VALUE: spi_flash_page_erase:page_address <- $r4
	.loc	3 0 1 is_stmt 0                 @ ../../../../../sdk/platform/driver/spi_flash/spi_flash.c:0:1
	movs	r0, #6
.Ltmp196:
	.loc	3 626 14 is_stmt 1              @ ../../../../../sdk/platform/driver/spi_flash/spi_flash.c:626:14
	bl	spi_flash_write_enable
.Ltmp197:
	@DEBUG_VALUE: spi_flash_page_erase:status <- $r0
	.loc	3 627 9                         @ ../../../../../sdk/platform/driver/spi_flash/spi_flash.c:627:9
	cmp	r0, #0
	bne	.LBB24_1
.Ltmp198:
@ %bb.3:
	@DEBUG_VALUE: spi_flash_page_erase:status <- $r0
	@DEBUG_VALUE: spi_flash_page_erase:page_address <- $r4
	.loc	3 0 9 is_stmt 0                 @ ../../../../../sdk/platform/driver/spi_flash/spi_flash.c:0:9
	movs	r0, #2
.Ltmp199:
	.loc	3 633 5 is_stmt 1               @ ../../../../../sdk/platform/driver/spi_flash/spi_flash.c:633:5
	bl	spi_set_bitmode
.Ltmp200:
	.loc	3 0 5 is_stmt 0                 @ ../../../../../sdk/platform/driver/spi_flash/spi_flash.c:0:5
	movs	r0, #129
	lsls	r0, r0, #24
	.loc	3 634 58 is_stmt 1              @ ../../../../../sdk/platform/driver/spi_flash/spi_flash.c:634:58
	orrs	r4, r0
.Ltmp201:
	@DEBUG_VALUE: spi_flash_page_erase:page_address <- [DW_OP_LLVM_entry_value 1] $r0
	.loc	3 634 5 is_stmt 0               @ ../../../../../sdk/platform/driver/spi_flash/spi_flash.c:634:5
	mov	r0, r4
	bl	spi_transaction
.Ltmp202:
	.loc	3 636 12 is_stmt 1              @ ../../../../../sdk/platform/driver/spi_flash/spi_flash.c:636:12
	bl	spi_flash_wait_till_ready
.Ltmp203:
	.loc	3 637 1 epilogue_begin          @ ../../../../../sdk/platform/driver/spi_flash/spi_flash.c:637:1
	pop	{r4, pc}
.Ltmp204:
.Lfunc_end24:
	.size	spi_flash_page_erase, .Lfunc_end24-spi_flash_page_erase
	.cfi_endproc
	.cantunwind
	.fnend
                                        @ -- End function
	.hidden	spi_flash_block_erase           @ -- Begin function spi_flash_block_erase
	.globl	spi_flash_block_erase
	.p2align	1
	.type	spi_flash_block_erase,%function
	.code	16                              @ @spi_flash_block_erase
	.thumb_func
spi_flash_block_erase:
.Lfunc_begin25:
	.loc	3 640 0                         @ ../../../../../sdk/platform/driver/spi_flash/spi_flash.c:640:0
	.fnstart
	.cfi_startproc
@ %bb.0:
	@DEBUG_VALUE: spi_flash_block_erase:address <- $r0
	@DEBUG_VALUE: spi_flash_block_erase:erase_op <- $r1
	.save	{r4, r5, r7, lr}
	push	{r4, r5, r7, lr}
	.cfi_def_cfa_offset 16
	.cfi_offset lr, -4
	.cfi_offset r7, -8
	.cfi_offset r5, -12
	.cfi_offset r4, -16
	mov	r5, r1
.Ltmp205:
	@DEBUG_VALUE: spi_flash_block_erase:erase_op <- $r5
	mov	r4, r0
.Ltmp206:
	@DEBUG_VALUE: spi_flash_block_erase:address <- $r4
	.loc	3 644 21 prologue_end           @ ../../../../../sdk/platform/driver/spi_flash/spi_flash.c:644:21
	bl	spi_flash_is_busy
.Ltmp207:
	@DEBUG_VALUE: spi_flash_block_erase:status <- $r0
	.loc	3 645 9                         @ ../../../../../sdk/platform/driver/spi_flash/spi_flash.c:645:9
	cmp	r0, #0
	beq	.LBB25_2
.Ltmp208:
.LBB25_1:
	@DEBUG_VALUE: spi_flash_block_erase:status <- $r0
	@DEBUG_VALUE: spi_flash_block_erase:address <- $r4
	@DEBUG_VALUE: spi_flash_block_erase:erase_op <- $r5
	.loc	3 662 1 epilogue_begin          @ ../../../../../sdk/platform/driver/spi_flash/spi_flash.c:662:1
	pop	{r4, r5, r7, pc}
.Ltmp209:
.LBB25_2:
	@DEBUG_VALUE: spi_flash_block_erase:status <- $r0
	@DEBUG_VALUE: spi_flash_block_erase:address <- $r4
	@DEBUG_VALUE: spi_flash_block_erase:erase_op <- $r5
	.loc	3 0 1 is_stmt 0                 @ ../../../../../sdk/platform/driver/spi_flash/spi_flash.c:0:1
	movs	r0, #6
.Ltmp210:
	.loc	3 651 14 is_stmt 1              @ ../../../../../sdk/platform/driver/spi_flash/spi_flash.c:651:14
	bl	spi_flash_write_enable
.Ltmp211:
	@DEBUG_VALUE: spi_flash_block_erase:status <- $r0
	.loc	3 652 9                         @ ../../../../../sdk/platform/driver/spi_flash/spi_flash.c:652:9
	cmp	r0, #0
	bne	.LBB25_1
.Ltmp212:
@ %bb.3:
	@DEBUG_VALUE: spi_flash_block_erase:status <- $r0
	@DEBUG_VALUE: spi_flash_block_erase:address <- $r4
	@DEBUG_VALUE: spi_flash_block_erase:erase_op <- $r5
	.loc	3 0 9 is_stmt 0                 @ ../../../../../sdk/platform/driver/spi_flash/spi_flash.c:0:9
	movs	r0, #2
.Ltmp213:
	.loc	3 658 5 is_stmt 1               @ ../../../../../sdk/platform/driver/spi_flash/spi_flash.c:658:5
	bl	spi_set_bitmode
.Ltmp214:
	.loc	3 659 31                        @ ../../../../../sdk/platform/driver/spi_flash/spi_flash.c:659:31
	lsls	r0, r5, #24
	.loc	3 659 38 is_stmt 0              @ ../../../../../sdk/platform/driver/spi_flash/spi_flash.c:659:38
	orrs	r0, r4
	.loc	3 659 5                         @ ../../../../../sdk/platform/driver/spi_flash/spi_flash.c:659:5
	bl	spi_transaction
.Ltmp215:
	.loc	3 661 12 is_stmt 1              @ ../../../../../sdk/platform/driver/spi_flash/spi_flash.c:661:12
	bl	spi_flash_wait_till_ready
.Ltmp216:
	.loc	3 662 1 epilogue_begin          @ ../../../../../sdk/platform/driver/spi_flash/spi_flash.c:662:1
	pop	{r4, r5, r7, pc}
.Ltmp217:
.Lfunc_end25:
	.size	spi_flash_block_erase, .Lfunc_end25-spi_flash_block_erase
	.cfi_endproc
	.cantunwind
	.fnend
                                        @ -- End function
	.hidden	spi_flash_block_erase_no_wait   @ -- Begin function spi_flash_block_erase_no_wait
	.globl	spi_flash_block_erase_no_wait
	.p2align	1
	.type	spi_flash_block_erase_no_wait,%function
	.code	16                              @ @spi_flash_block_erase_no_wait
	.thumb_func
spi_flash_block_erase_no_wait:
.Lfunc_begin26:
	.loc	3 665 0                         @ ../../../../../sdk/platform/driver/spi_flash/spi_flash.c:665:0
	.fnstart
	.cfi_startproc
@ %bb.0:
	@DEBUG_VALUE: spi_flash_block_erase_no_wait:address <- $r0
	@DEBUG_VALUE: spi_flash_block_erase_no_wait:erase_op <- $r1
	.save	{r4, r5, r7, lr}
	push	{r4, r5, r7, lr}
	.cfi_def_cfa_offset 16
	.cfi_offset lr, -4
	.cfi_offset r7, -8
	.cfi_offset r5, -12
	.cfi_offset r4, -16
	mov	r5, r1
.Ltmp218:
	@DEBUG_VALUE: spi_flash_block_erase_no_wait:erase_op <- $r5
	mov	r4, r0
.Ltmp219:
	@DEBUG_VALUE: spi_flash_block_erase_no_wait:address <- $r4
	.loc	3 669 21 prologue_end           @ ../../../../../sdk/platform/driver/spi_flash/spi_flash.c:669:21
	bl	spi_flash_is_busy
.Ltmp220:
	@DEBUG_VALUE: spi_flash_block_erase_no_wait:status <- $r0
	.loc	3 670 9                         @ ../../../../../sdk/platform/driver/spi_flash/spi_flash.c:670:9
	cmp	r0, #0
	beq	.LBB26_2
.Ltmp221:
.LBB26_1:
	@DEBUG_VALUE: spi_flash_block_erase_no_wait:status <- $r0
	@DEBUG_VALUE: spi_flash_block_erase_no_wait:address <- $r4
	@DEBUG_VALUE: spi_flash_block_erase_no_wait:erase_op <- $r5
	.loc	3 687 1 epilogue_begin          @ ../../../../../sdk/platform/driver/spi_flash/spi_flash.c:687:1
	pop	{r4, r5, r7, pc}
.Ltmp222:
.LBB26_2:
	@DEBUG_VALUE: spi_flash_block_erase_no_wait:status <- $r0
	@DEBUG_VALUE: spi_flash_block_erase_no_wait:address <- $r4
	@DEBUG_VALUE: spi_flash_block_erase_no_wait:erase_op <- $r5
	.loc	3 0 1 is_stmt 0                 @ ../../../../../sdk/platform/driver/spi_flash/spi_flash.c:0:1
	movs	r0, #6
.Ltmp223:
	.loc	3 676 14 is_stmt 1              @ ../../../../../sdk/platform/driver/spi_flash/spi_flash.c:676:14
	bl	spi_flash_write_enable
.Ltmp224:
	@DEBUG_VALUE: spi_flash_block_erase_no_wait:status <- $r0
	.loc	3 677 9                         @ ../../../../../sdk/platform/driver/spi_flash/spi_flash.c:677:9
	cmp	r0, #0
	bne	.LBB26_1
.Ltmp225:
@ %bb.3:
	@DEBUG_VALUE: spi_flash_block_erase_no_wait:status <- $r0
	@DEBUG_VALUE: spi_flash_block_erase_no_wait:address <- $r4
	@DEBUG_VALUE: spi_flash_block_erase_no_wait:erase_op <- $r5
	.loc	3 0 9 is_stmt 0                 @ ../../../../../sdk/platform/driver/spi_flash/spi_flash.c:0:9
	movs	r0, #2
.Ltmp226:
	.loc	3 683 5 is_stmt 1               @ ../../../../../sdk/platform/driver/spi_flash/spi_flash.c:683:5
	bl	spi_set_bitmode
.Ltmp227:
	.loc	3 684 31                        @ ../../../../../sdk/platform/driver/spi_flash/spi_flash.c:684:31
	lsls	r0, r5, #24
	.loc	3 684 38 is_stmt 0              @ ../../../../../sdk/platform/driver/spi_flash/spi_flash.c:684:38
	orrs	r0, r4
	.loc	3 684 5                         @ ../../../../../sdk/platform/driver/spi_flash/spi_flash.c:684:5
	bl	spi_transaction
.Ltmp228:
	.loc	3 0 5                           @ ../../../../../sdk/platform/driver/spi_flash/spi_flash.c:0:5
	movs	r0, #0
	.loc	3 687 1 epilogue_begin is_stmt 1 @ ../../../../../sdk/platform/driver/spi_flash/spi_flash.c:687:1
	pop	{r4, r5, r7, pc}
.Ltmp229:
.Lfunc_end26:
	.size	spi_flash_block_erase_no_wait, .Lfunc_end26-spi_flash_block_erase_no_wait
	.cfi_endproc
	.cantunwind
	.fnend
                                        @ -- End function
	.hidden	spi_flash_chip_erase            @ -- Begin function spi_flash_chip_erase
	.globl	spi_flash_chip_erase
	.p2align	1
	.type	spi_flash_chip_erase,%function
	.code	16                              @ @spi_flash_chip_erase
	.thumb_func
spi_flash_chip_erase:
.Lfunc_begin27:
	.loc	3 690 0                         @ ../../../../../sdk/platform/driver/spi_flash/spi_flash.c:690:0
	.fnstart
	.cfi_startproc
@ %bb.0:
	.save	{r7, lr}
	push	{r7, lr}
	.cfi_def_cfa_offset 8
	.cfi_offset lr, -4
	.cfi_offset r7, -8
.Ltmp230:
	.loc	3 694 21 prologue_end           @ ../../../../../sdk/platform/driver/spi_flash/spi_flash.c:694:21
	bl	spi_flash_is_busy
.Ltmp231:
	@DEBUG_VALUE: spi_flash_chip_erase:status <- $r0
	.loc	3 695 9                         @ ../../../../../sdk/platform/driver/spi_flash/spi_flash.c:695:9
	cmp	r0, #0
	beq	.LBB27_2
.Ltmp232:
.LBB27_1:
	@DEBUG_VALUE: spi_flash_chip_erase:status <- $r0
	.loc	3 712 1 epilogue_begin          @ ../../../../../sdk/platform/driver/spi_flash/spi_flash.c:712:1
	pop	{r7, pc}
.Ltmp233:
.LBB27_2:
	@DEBUG_VALUE: spi_flash_chip_erase:status <- $r0
	.loc	3 0 1 is_stmt 0                 @ ../../../../../sdk/platform/driver/spi_flash/spi_flash.c:0:1
	movs	r0, #6
.Ltmp234:
	.loc	3 701 14 is_stmt 1              @ ../../../../../sdk/platform/driver/spi_flash/spi_flash.c:701:14
	bl	spi_flash_write_enable
.Ltmp235:
	@DEBUG_VALUE: spi_flash_chip_erase:status <- $r0
	.loc	3 702 9                         @ ../../../../../sdk/platform/driver/spi_flash/spi_flash.c:702:9
	cmp	r0, #0
	bne	.LBB27_1
.Ltmp236:
@ %bb.3:
	@DEBUG_VALUE: spi_flash_chip_erase:status <- $r0
	.loc	3 0 9 is_stmt 0                 @ ../../../../../sdk/platform/driver/spi_flash/spi_flash.c:0:9
	movs	r0, #0
.Ltmp237:
	.loc	3 708 5 is_stmt 1               @ ../../../../../sdk/platform/driver/spi_flash/spi_flash.c:708:5
	bl	spi_set_bitmode
.Ltmp238:
	.loc	3 0 5 is_stmt 0                 @ ../../../../../sdk/platform/driver/spi_flash/spi_flash.c:0:5
	movs	r0, #199
	.loc	3 709 5 is_stmt 1               @ ../../../../../sdk/platform/driver/spi_flash/spi_flash.c:709:5
	bl	spi_transaction
.Ltmp239:
	.loc	3 711 12                        @ ../../../../../sdk/platform/driver/spi_flash/spi_flash.c:711:12
	bl	spi_flash_wait_till_ready
.Ltmp240:
	.loc	3 712 1 epilogue_begin          @ ../../../../../sdk/platform/driver/spi_flash/spi_flash.c:712:1
	pop	{r7, pc}
.Ltmp241:
.Lfunc_end27:
	.size	spi_flash_chip_erase, .Lfunc_end27-spi_flash_chip_erase
	.cfi_endproc
	.cantunwind
	.fnend
                                        @ -- End function
	.hidden	spi_flash_chip_erase_forced     @ -- Begin function spi_flash_chip_erase_forced
	.globl	spi_flash_chip_erase_forced
	.p2align	1
	.type	spi_flash_chip_erase_forced,%function
	.code	16                              @ @spi_flash_chip_erase_forced
	.thumb_func
spi_flash_chip_erase_forced:
.Lfunc_begin28:
	.loc	3 715 0                         @ ../../../../../sdk/platform/driver/spi_flash/spi_flash.c:715:0
	.fnstart
	.cfi_startproc
@ %bb.0:
	.save	{r7, lr}
	push	{r7, lr}
	.cfi_def_cfa_offset 8
	.cfi_offset lr, -4
	.cfi_offset r7, -8
.Ltmp242:
	.loc	3 717 21 prologue_end           @ ../../../../../sdk/platform/driver/spi_flash/spi_flash.c:717:21
	bl	spi_flash_is_busy
.Ltmp243:
	@DEBUG_VALUE: spi_flash_chip_erase_forced:status <- $r0
	.loc	3 718 9                         @ ../../../../../sdk/platform/driver/spi_flash/spi_flash.c:718:9
	cmp	r0, #0
	beq	.LBB28_2
.Ltmp244:
@ %bb.1:
	@DEBUG_VALUE: spi_flash_chip_erase_forced:status <- $r0
	.loc	3 731 1 epilogue_begin          @ ../../../../../sdk/platform/driver/spi_flash/spi_flash.c:731:1
	pop	{r7, pc}
.Ltmp245:
.LBB28_2:
	@DEBUG_VALUE: spi_flash_chip_erase_forced:status <- $r0
	@DEBUG_VALUE: spi_flash_chip_erase_forced:status <- 0
	.loc	3 730 12                        @ ../../../../../sdk/platform/driver/spi_flash/spi_flash.c:730:12
	bl	spi_flash_chip_erase
.Ltmp246:
	.loc	3 731 1 epilogue_begin          @ ../../../../../sdk/platform/driver/spi_flash/spi_flash.c:731:1
	pop	{r7, pc}
.Ltmp247:
.Lfunc_end28:
	.size	spi_flash_chip_erase_forced, .Lfunc_end28-spi_flash_chip_erase_forced
	.cfi_endproc
	.cantunwind
	.fnend
                                        @ -- End function
	.hidden	spi_flash_erase_fail            @ -- Begin function spi_flash_erase_fail
	.globl	spi_flash_erase_fail
	.p2align	1
	.type	spi_flash_erase_fail,%function
	.code	16                              @ @spi_flash_erase_fail
	.thumb_func
spi_flash_erase_fail:
.Lfunc_begin29:
	.loc	3 734 0                         @ ../../../../../sdk/platform/driver/spi_flash/spi_flash.c:734:0
	.fnstart
	.cfi_startproc
@ %bb.0:
	.save	{r7, lr}
	.pad	#8
	push	{r5, r6, r7, lr}
	.cfi_def_cfa_offset 16
	.cfi_offset lr, -4
	.cfi_offset r7, -8
	add	r0, sp, #4
.Ltmp248:
	.loc	3 736 5 prologue_end            @ ../../../../../sdk/platform/driver/spi_flash/spi_flash.c:736:5
	bl	spi_flash_read_security_reg
.Ltmp249:
	.loc	3 737 10                        @ ../../../../../sdk/platform/driver/spi_flash/spi_flash.c:737:10
	ldr	r0, [sp, #4]
	.loc	3 737 51 is_stmt 0              @ ../../../../../sdk/platform/driver/spi_flash/spi_flash.c:737:51
	lsls	r0, r0, #25
	asrs	r0, r0, #31
	movs	r1, #12
.Ltmp250:
	.loc	3 742 1 is_stmt 1               @ ../../../../../sdk/platform/driver/spi_flash/spi_flash.c:742:1
	bics	r0, r1
	.loc	3 742 1 epilogue_begin is_stmt 0 @ ../../../../../sdk/platform/driver/spi_flash/spi_flash.c:742:1
	pop	{r2, r3, r7, pc}
.Ltmp251:
.Lfunc_end29:
	.size	spi_flash_erase_fail, .Lfunc_end29-spi_flash_erase_fail
	.cfi_endproc
	.cantunwind
	.fnend
                                        @ -- End function
	.hidden	spi_flash_page_program          @ -- Begin function spi_flash_page_program
	.globl	spi_flash_page_program
	.p2align	1
	.type	spi_flash_page_program,%function
	.code	16                              @ @spi_flash_page_program
	.thumb_func
spi_flash_page_program:
.Lfunc_begin30:
	.loc	3 749 0 is_stmt 1               @ ../../../../../sdk/platform/driver/spi_flash/spi_flash.c:749:0
	.fnstart
	.cfi_startproc
@ %bb.0:
	@DEBUG_VALUE: spi_flash_page_program:wr_data_ptr <- $r0
	@DEBUG_VALUE: spi_flash_page_program:address <- $r1
	@DEBUG_VALUE: spi_flash_page_program:size <- $r2
	.save	{r4, r5, r6, r7, lr}
	.pad	#4
	push	{r3, r4, r5, r6, r7, lr}
	.cfi_def_cfa_offset 24
	.cfi_offset lr, -4
	.cfi_offset r7, -8
	.cfi_offset r6, -12
	.cfi_offset r5, -16
	.cfi_offset r4, -20
	mov	r4, r2
.Ltmp252:
	@DEBUG_VALUE: spi_flash_page_program:size <- $r4
	mov	r6, r1
.Ltmp253:
	@DEBUG_VALUE: spi_flash_page_program:address <- $r6
	mov	r5, r0
.Ltmp254:
	@DEBUG_VALUE: spi_flash_page_program:wr_data_ptr <- $r5
	.loc	3 753 21 prologue_end           @ ../../../../../sdk/platform/driver/spi_flash/spi_flash.c:753:21
	bl	spi_flash_is_busy
.Ltmp255:
	@DEBUG_VALUE: spi_flash_page_program:status <- $r0
	.loc	3 754 9                         @ ../../../../../sdk/platform/driver/spi_flash/spi_flash.c:754:9
	cmp	r0, #0
	beq	.LBB30_2
.Ltmp256:
.LBB30_1:
	@DEBUG_VALUE: spi_flash_page_program:status <- $r0
	@DEBUG_VALUE: spi_flash_page_program:wr_data_ptr <- $r5
	@DEBUG_VALUE: spi_flash_page_program:address <- $r6
	@DEBUG_VALUE: spi_flash_page_program:size <- $r4
	.loc	3 790 1 epilogue_begin          @ ../../../../../sdk/platform/driver/spi_flash/spi_flash.c:790:1
	pop	{r3, r4, r5, r6, r7, pc}
.Ltmp257:
.LBB30_2:
	@DEBUG_VALUE: spi_flash_page_program:status <- $r0
	@DEBUG_VALUE: spi_flash_page_program:wr_data_ptr <- $r5
	@DEBUG_VALUE: spi_flash_page_program:address <- $r6
	@DEBUG_VALUE: spi_flash_page_program:size <- $r4
	@DEBUG_VALUE: spi_flash_page_program:size <- $r4
	@DEBUG_VALUE: spi_flash_page_program:temp_size <- $r4
	.loc	3 0 1 is_stmt 0                 @ ../../../../../sdk/platform/driver/spi_flash/spi_flash.c:0:1
	movs	r0, #6
.Ltmp258:
	.loc	3 762 14 is_stmt 1              @ ../../../../../sdk/platform/driver/spi_flash/spi_flash.c:762:14
	bl	spi_flash_write_enable
.Ltmp259:
	@DEBUG_VALUE: spi_flash_page_program:status <- $r0
	.loc	3 763 9                         @ ../../../../../sdk/platform/driver/spi_flash/spi_flash.c:763:9
	cmp	r0, #0
	bne	.LBB30_1
.Ltmp260:
@ %bb.3:
	@DEBUG_VALUE: spi_flash_page_program:temp_size <- $r4
	@DEBUG_VALUE: spi_flash_page_program:status <- $r0
	@DEBUG_VALUE: spi_flash_page_program:wr_data_ptr <- $r5
	@DEBUG_VALUE: spi_flash_page_program:address <- $r6
	@DEBUG_VALUE: spi_flash_page_program:size <- $r4
	@DEBUG_VALUE: spi_flash_page_program:size <- $r4
	@DEBUG_VALUE: spi_flash_page_program:temp_size <- $r4
	.loc	3 0 9 is_stmt 0                 @ ../../../../../sdk/platform/driver/spi_flash/spi_flash.c:0:9
	movs	r0, #2
.Ltmp261:
	.loc	3 775 5 is_stmt 1               @ ../../../../../sdk/platform/driver/spi_flash/spi_flash.c:775:5
	bl	spi_set_bitmode
.Ltmp262:
	.loc	3 776 5                         @ ../../../../../sdk/platform/driver/spi_flash/spi_flash.c:776:5
	bl	spi_cs_low
.Ltmp263:
	.loc	3 0 5 is_stmt 0                 @ ../../../../../sdk/platform/driver/spi_flash/spi_flash.c:0:5
	movs	r7, #1
	lsls	r0, r7, #25
	.loc	3 777 40 is_stmt 1              @ ../../../../../sdk/platform/driver/spi_flash/spi_flash.c:777:40
	orrs	r6, r0
.Ltmp264:
	@DEBUG_VALUE: spi_flash_page_program:address <- [DW_OP_LLVM_entry_value 1] $r1
	.loc	3 777 5 is_stmt 0               @ ../../../../../sdk/platform/driver/spi_flash/spi_flash.c:777:5
	mov	r0, r6
	bl	spi_access
.Ltmp265:
	.loc	3 0 5                           @ ../../../../../sdk/platform/driver/spi_flash/spi_flash.c:0:5
	movs	r0, #0
	.loc	3 780 5 is_stmt 1               @ ../../../../../sdk/platform/driver/spi_flash/spi_flash.c:780:5
	bl	spi_set_bitmode
.Ltmp266:
	.loc	3 769 9                         @ ../../../../../sdk/platform/driver/spi_flash/spi_flash.c:769:9
	cmp	r4, #255
	bls	.LBB30_6
.Ltmp267:
@ %bb.4:
	@DEBUG_VALUE: spi_flash_page_program:address <- [DW_OP_LLVM_entry_value 1] $r1
	@DEBUG_VALUE: spi_flash_page_program:temp_size <- $r4
	@DEBUG_VALUE: spi_flash_page_program:wr_data_ptr <- $r5
	@DEBUG_VALUE: spi_flash_page_program:size <- $r4
	.loc	3 0 9 is_stmt 0                 @ ../../../../../sdk/platform/driver/spi_flash/spi_flash.c:0:9
	lsls	r4, r7, #8
.Ltmp268:
	@DEBUG_VALUE: spi_flash_page_program:temp_size <- $r4
	b	.LBB30_6
.Ltmp269:
.LBB30_5:                               @   in Loop: Header=BB30_6 Depth=1
	@DEBUG_VALUE: spi_flash_page_program:address <- [DW_OP_LLVM_entry_value 1] $r1
	@DEBUG_VALUE: spi_flash_page_program:temp_size <- $r4
	@DEBUG_VALUE: spi_flash_page_program:wr_data_ptr <- $r5
	.loc	3 783 20 is_stmt 1              @ ../../../../../sdk/platform/driver/spi_flash/spi_flash.c:783:20
	ldrb	r0, [r5]
	.loc	3 783 9 is_stmt 0               @ ../../../../../sdk/platform/driver/spi_flash/spi_flash.c:783:9
	bl	spi_access
.Ltmp270:
	.loc	3 784 18 is_stmt 1              @ ../../../../../sdk/platform/driver/spi_flash/spi_flash.c:784:18
	subs	r4, r4, #1
.Ltmp271:
	@DEBUG_VALUE: spi_flash_page_program:temp_size <- $r4
	.loc	3 783 32                        @ ../../../../../sdk/platform/driver/spi_flash/spi_flash.c:783:32
	adds	r5, r5, #1
.Ltmp272:
	@DEBUG_VALUE: spi_flash_page_program:wr_data_ptr <- $r5
.LBB30_6:                               @ =>This Inner Loop Header: Depth=1
	@DEBUG_VALUE: spi_flash_page_program:address <- [DW_OP_LLVM_entry_value 1] $r1
	@DEBUG_VALUE: spi_flash_page_program:temp_size <- $r4
	@DEBUG_VALUE: spi_flash_page_program:wr_data_ptr <- $r5
	@DEBUG_VALUE: spi_flash_page_program:wr_data_ptr <- $r5
	@DEBUG_VALUE: spi_flash_page_program:temp_size <- $r4
	.loc	3 781 5                         @ ../../../../../sdk/platform/driver/spi_flash/spi_flash.c:781:5
	lsls	r0, r4, #16
	bne	.LBB30_5
.Ltmp273:
@ %bb.7:
	@DEBUG_VALUE: spi_flash_page_program:address <- [DW_OP_LLVM_entry_value 1] $r1
	@DEBUG_VALUE: spi_flash_page_program:temp_size <- $r4
	@DEBUG_VALUE: spi_flash_page_program:wr_data_ptr <- $r5
	.loc	3 787 5                         @ ../../../../../sdk/platform/driver/spi_flash/spi_flash.c:787:5
	bl	spi_cs_high
.Ltmp274:
	.loc	3 789 12                        @ ../../../../../sdk/platform/driver/spi_flash/spi_flash.c:789:12
	bl	spi_flash_wait_till_ready
.Ltmp275:
	.loc	3 790 1 epilogue_begin          @ ../../../../../sdk/platform/driver/spi_flash/spi_flash.c:790:1
	pop	{r3, r4, r5, r6, r7, pc}
.Ltmp276:
.Lfunc_end30:
	.size	spi_flash_page_program, .Lfunc_end30-spi_flash_page_program
	.cfi_endproc
	.cantunwind
	.fnend
                                        @ -- End function
	.hidden	spi_flash_page_program_buffer   @ -- Begin function spi_flash_page_program_buffer
	.globl	spi_flash_page_program_buffer
	.p2align	1
	.type	spi_flash_page_program_buffer,%function
	.code	16                              @ @spi_flash_page_program_buffer
	.thumb_func
spi_flash_page_program_buffer:
.Lfunc_begin31:
	.loc	3 793 0                         @ ../../../../../sdk/platform/driver/spi_flash/spi_flash.c:793:0
	.fnstart
	.cfi_startproc
@ %bb.0:
	@DEBUG_VALUE: spi_flash_page_program_buffer:wr_data_ptr <- $r0
	@DEBUG_VALUE: spi_flash_page_program_buffer:address <- $r1
	@DEBUG_VALUE: spi_flash_page_program_buffer:size <- $r2
	.save	{r4, r5, r6, r7, lr}
	.pad	#4
	push	{r3, r4, r5, r6, r7, lr}
	.cfi_def_cfa_offset 24
	.cfi_offset lr, -4
	.cfi_offset r7, -8
	.cfi_offset r6, -12
	.cfi_offset r5, -16
	.cfi_offset r4, -20
	mov	r4, r2
.Ltmp277:
	@DEBUG_VALUE: spi_flash_page_program_buffer:size <- $r4
	mov	r6, r1
.Ltmp278:
	@DEBUG_VALUE: spi_flash_page_program_buffer:address <- $r6
	mov	r5, r0
.Ltmp279:
	@DEBUG_VALUE: spi_flash_page_program_buffer:wr_data_ptr <- $r5
	.loc	3 797 21 prologue_end           @ ../../../../../sdk/platform/driver/spi_flash/spi_flash.c:797:21
	bl	spi_flash_is_busy
.Ltmp280:
	@DEBUG_VALUE: spi_flash_page_program_buffer:status <- $r0
	.loc	3 798 9                         @ ../../../../../sdk/platform/driver/spi_flash/spi_flash.c:798:9
	cmp	r0, #0
	beq	.LBB31_2
.Ltmp281:
.LBB31_1:
	@DEBUG_VALUE: spi_flash_page_program_buffer:status <- $r0
	@DEBUG_VALUE: spi_flash_page_program_buffer:wr_data_ptr <- $r5
	@DEBUG_VALUE: spi_flash_page_program_buffer:address <- $r6
	@DEBUG_VALUE: spi_flash_page_program_buffer:size <- $r4
	.loc	3 829 1 epilogue_begin          @ ../../../../../sdk/platform/driver/spi_flash/spi_flash.c:829:1
	pop	{r3, r4, r5, r6, r7, pc}
.Ltmp282:
.LBB31_2:
	@DEBUG_VALUE: spi_flash_page_program_buffer:status <- $r0
	@DEBUG_VALUE: spi_flash_page_program_buffer:wr_data_ptr <- $r5
	@DEBUG_VALUE: spi_flash_page_program_buffer:address <- $r6
	@DEBUG_VALUE: spi_flash_page_program_buffer:size <- $r4
	@DEBUG_VALUE: spi_flash_page_program_buffer:size <- $r4
	@DEBUG_VALUE: spi_flash_page_program_buffer:temp_size <- $r4
	.loc	3 0 1 is_stmt 0                 @ ../../../../../sdk/platform/driver/spi_flash/spi_flash.c:0:1
	movs	r0, #6
.Ltmp283:
	.loc	3 806 14 is_stmt 1              @ ../../../../../sdk/platform/driver/spi_flash/spi_flash.c:806:14
	bl	spi_flash_write_enable
.Ltmp284:
	@DEBUG_VALUE: spi_flash_page_program_buffer:status <- $r0
	.loc	3 807 9                         @ ../../../../../sdk/platform/driver/spi_flash/spi_flash.c:807:9
	cmp	r0, #0
	bne	.LBB31_1
.Ltmp285:
@ %bb.3:
	@DEBUG_VALUE: spi_flash_page_program_buffer:temp_size <- $r4
	@DEBUG_VALUE: spi_flash_page_program_buffer:status <- $r0
	@DEBUG_VALUE: spi_flash_page_program_buffer:wr_data_ptr <- $r5
	@DEBUG_VALUE: spi_flash_page_program_buffer:address <- $r6
	@DEBUG_VALUE: spi_flash_page_program_buffer:size <- $r4
	@DEBUG_VALUE: spi_flash_page_program_buffer:size <- $r4
	@DEBUG_VALUE: spi_flash_page_program_buffer:temp_size <- $r4
	.loc	3 0 9 is_stmt 0                 @ ../../../../../sdk/platform/driver/spi_flash/spi_flash.c:0:9
	movs	r0, #2
.Ltmp286:
	.loc	3 819 5 is_stmt 1               @ ../../../../../sdk/platform/driver/spi_flash/spi_flash.c:819:5
	bl	spi_set_bitmode
.Ltmp287:
	.loc	3 820 5                         @ ../../../../../sdk/platform/driver/spi_flash/spi_flash.c:820:5
	bl	spi_cs_low
.Ltmp288:
	.loc	3 0 5 is_stmt 0                 @ ../../../../../sdk/platform/driver/spi_flash/spi_flash.c:0:5
	movs	r7, #1
	lsls	r0, r7, #25
	.loc	3 821 40 is_stmt 1              @ ../../../../../sdk/platform/driver/spi_flash/spi_flash.c:821:40
	orrs	r6, r0
.Ltmp289:
	@DEBUG_VALUE: spi_flash_page_program_buffer:address <- [DW_OP_LLVM_entry_value 1] $r1
	.loc	3 821 5 is_stmt 0               @ ../../../../../sdk/platform/driver/spi_flash/spi_flash.c:821:5
	mov	r0, r6
	bl	spi_access
.Ltmp290:
	.loc	3 0 5                           @ ../../../../../sdk/platform/driver/spi_flash/spi_flash.c:0:5
	movs	r6, #0
	.loc	3 824 5 is_stmt 1               @ ../../../../../sdk/platform/driver/spi_flash/spi_flash.c:824:5
	mov	r0, r6
	bl	spi_set_bitmode
.Ltmp291:
	.loc	3 813 9                         @ ../../../../../sdk/platform/driver/spi_flash/spi_flash.c:813:9
	cmp	r4, #255
	bls	.LBB31_5
.Ltmp292:
@ %bb.4:
	@DEBUG_VALUE: spi_flash_page_program_buffer:address <- [DW_OP_LLVM_entry_value 1] $r1
	@DEBUG_VALUE: spi_flash_page_program_buffer:temp_size <- $r4
	@DEBUG_VALUE: spi_flash_page_program_buffer:wr_data_ptr <- $r5
	@DEBUG_VALUE: spi_flash_page_program_buffer:size <- $r4
	.loc	3 0 9 is_stmt 0                 @ ../../../../../sdk/platform/driver/spi_flash/spi_flash.c:0:9
	lsls	r4, r7, #8
.Ltmp293:
.LBB31_5:
	@DEBUG_VALUE: spi_flash_page_program_buffer:address <- [DW_OP_LLVM_entry_value 1] $r1
	@DEBUG_VALUE: spi_flash_page_program_buffer:wr_data_ptr <- $r5
	@DEBUG_VALUE: spi_flash_page_program_buffer:temp_size <- $r4
	.loc	3 825 5 is_stmt 1               @ ../../../../../sdk/platform/driver/spi_flash/spi_flash.c:825:5
	mov	r0, r5
	mov	r1, r4
	mov	r2, r6
	bl	spi_send
.Ltmp294:
	.loc	3 826 5                         @ ../../../../../sdk/platform/driver/spi_flash/spi_flash.c:826:5
	bl	spi_cs_high
.Ltmp295:
	.loc	3 828 12                        @ ../../../../../sdk/platform/driver/spi_flash/spi_flash.c:828:12
	bl	spi_flash_wait_till_ready
.Ltmp296:
	.loc	3 829 1 epilogue_begin          @ ../../../../../sdk/platform/driver/spi_flash/spi_flash.c:829:1
	pop	{r3, r4, r5, r6, r7, pc}
.Ltmp297:
.Lfunc_end31:
	.size	spi_flash_page_program_buffer, .Lfunc_end31-spi_flash_page_program_buffer
	.cfi_endproc
	.cantunwind
	.fnend
                                        @ -- End function
	.hidden	spi_flash_write_data            @ -- Begin function spi_flash_write_data
	.globl	spi_flash_write_data
	.p2align	2
	.type	spi_flash_write_data,%function
	.code	16                              @ @spi_flash_write_data
	.thumb_func
spi_flash_write_data:
.Lfunc_begin32:
	.loc	3 876 0                         @ ../../../../../sdk/platform/driver/spi_flash/spi_flash.c:876:0
	.fnstart
	.cfi_startproc
@ %bb.0:
	@DEBUG_VALUE: spi_flash_write_data:wr_data_ptr <- $r0
	@DEBUG_VALUE: spi_flash_write_data:address <- $r1
	@DEBUG_VALUE: spi_flash_write_data:size <- $r2
	@DEBUG_VALUE: spi_flash_write_data:actual_size <- $r3
	.save	{r4, r5, r6, r7, lr}
	.pad	#12
	push	{r1, r2, r3, r4, r5, r6, r7, lr}
	.cfi_def_cfa_offset 32
	.cfi_offset lr, -4
	.cfi_offset r7, -8
	.cfi_offset r6, -12
	.cfi_offset r5, -16
	.cfi_offset r4, -20
.Ltmp298:
	@DEBUG_VALUE: spi_flash_write_data:feasible_size <- $r2
	@DEBUG_VALUE: spi_flash_write_data:currentAddress <- $r1
	str	r3, [sp]                        @ 4-byte Spill
.Ltmp299:
	@DEBUG_VALUE: spi_flash_write_data:actual_size <- [$sp+0]
	mov	r5, r2
.Ltmp300:
	@DEBUG_VALUE: spi_flash_write_data:feasible_size <- $r5
	@DEBUG_VALUE: spi_flash_write_data:size <- $r5
	mov	r4, r1
.Ltmp301:
	@DEBUG_VALUE: spi_flash_write_data:currentAddress <- $r4
	@DEBUG_VALUE: spi_flash_write_data:address <- $r4
	str	r0, [sp, #8]                    @ 4-byte Spill
.Ltmp302:
	@DEBUG_VALUE: spi_flash_write_data:status <- 0
	@DEBUG_VALUE: spi_flash_write_data:wr_data_ptr <- [DW_OP_plus_uconst 8] [$sp+0]
	movs	r7, #0
.Ltmp303:
	.loc	3 884 5 prologue_end            @ ../../../../../sdk/platform/driver/spi_flash/spi_flash.c:884:5
	mov	r0, r7
	bl	spi_set_bitmode
.Ltmp304:
	.loc	3 0 5 is_stmt 0                 @ ../../../../../sdk/platform/driver/spi_flash/spi_flash.c:0:5
	mov	r1, r5
.Ltmp305:
	@DEBUG_VALUE: spi_flash_write_data:feasible_size <- $r1
	@DEBUG_VALUE: spi_flash_write_data:size <- $r1
	movs	r6, #255
.Ltmp306:
	@DEBUG_VALUE: spi_flash_write_data:currentEndOfPage <- undef
	.loc	3 887 34 is_stmt 1              @ ../../../../../sdk/platform/driver/spi_flash/spi_flash.c:887:34
	ldr	r0, __arm_cp.32_0
	ldr	r0, [r0, #8]
	.loc	3 887 44 is_stmt 0              @ ../../../../../sdk/platform/driver/spi_flash/spi_flash.c:887:44
	subs	r0, r0, r4
.Ltmp307:
	.loc	3 887 9                         @ ../../../../../sdk/platform/driver/spi_flash/spi_flash.c:887:9
	cmp	r5, r0
	blo	.LBB32_2
.Ltmp308:
@ %bb.1:
	@DEBUG_VALUE: spi_flash_write_data:size <- $r1
	@DEBUG_VALUE: spi_flash_write_data:feasible_size <- $r1
	@DEBUG_VALUE: spi_flash_write_data:wr_data_ptr <- [DW_OP_plus_uconst 8] [$sp+0]
	@DEBUG_VALUE: spi_flash_write_data:status <- 0
	@DEBUG_VALUE: spi_flash_write_data:address <- $r4
	@DEBUG_VALUE: spi_flash_write_data:currentAddress <- $r4
	@DEBUG_VALUE: spi_flash_write_data:actual_size <- [$sp+0]
	.loc	3 0 9                           @ ../../../../../sdk/platform/driver/spi_flash/spi_flash.c:0:9
	mov	r1, r0
.Ltmp309:
.LBB32_2:
	@DEBUG_VALUE: spi_flash_write_data:wr_data_ptr <- [DW_OP_plus_uconst 8] [$sp+0]
	@DEBUG_VALUE: spi_flash_write_data:status <- 0
	@DEBUG_VALUE: spi_flash_write_data:address <- $r4
	@DEBUG_VALUE: spi_flash_write_data:currentAddress <- $r4
	@DEBUG_VALUE: spi_flash_write_data:actual_size <- [$sp+0]
	orrs	r6, r4
.Ltmp310:
	@DEBUG_VALUE: spi_flash_write_data:bytes_written <- 0
	@DEBUG_VALUE: spi_flash_write_data:bytes_left_to_send <- $r1
	@DEBUG_VALUE: spi_flash_write_data:currentEndOfPage <- $r6
	@DEBUG_VALUE: spi_flash_write_data:feasible_size <- $r1
	mov	r5, r1
	str	r1, [sp, #4]                    @ 4-byte Spill
.Ltmp311:
	@DEBUG_VALUE: spi_flash_write_data:bytes_left_to_send <- [DW_OP_plus_uconst 4] [$sp+0]
	@DEBUG_VALUE: spi_flash_write_data:feasible_size <- [DW_OP_plus_uconst 4] [$sp+0]
.LBB32_3:                               @ =>This Inner Loop Header: Depth=1
	@DEBUG_VALUE: spi_flash_write_data:feasible_size <- [DW_OP_plus_uconst 4] [$sp+0]
	@DEBUG_VALUE: spi_flash_write_data:currentEndOfPage <- $r6
	@DEBUG_VALUE: spi_flash_write_data:wr_data_ptr <- [DW_OP_plus_uconst 8] [$sp+0]
	@DEBUG_VALUE: spi_flash_write_data:currentAddress <- $r4
	@DEBUG_VALUE: spi_flash_write_data:actual_size <- [$sp+0]
	@DEBUG_VALUE: spi_flash_write_data:currentAddress <- $r4
	@DEBUG_VALUE: spi_flash_write_data:status <- 0
	@DEBUG_VALUE: spi_flash_write_data:currentEndOfPage <- $r6
	@DEBUG_VALUE: spi_flash_write_data:bytes_left_to_send <- $r5
	@DEBUG_VALUE: spi_flash_write_data:bytes_written <- $r7
	.loc	3 895 5 is_stmt 1               @ ../../../../../sdk/platform/driver/spi_flash/spi_flash.c:895:5
	cmp	r7, r1
	bhs	.LBB32_8
.Ltmp312:
@ %bb.4:                                @   in Loop: Header=BB32_3 Depth=1
	@DEBUG_VALUE: spi_flash_write_data:bytes_written <- $r7
	@DEBUG_VALUE: spi_flash_write_data:bytes_left_to_send <- $r5
	@DEBUG_VALUE: spi_flash_write_data:feasible_size <- [DW_OP_plus_uconst 4] [$sp+0]
	@DEBUG_VALUE: spi_flash_write_data:currentEndOfPage <- $r6
	@DEBUG_VALUE: spi_flash_write_data:wr_data_ptr <- [DW_OP_plus_uconst 8] [$sp+0]
	@DEBUG_VALUE: spi_flash_write_data:status <- 0
	@DEBUG_VALUE: spi_flash_write_data:currentAddress <- $r4
	@DEBUG_VALUE: spi_flash_write_data:actual_size <- [$sp+0]
	.loc	3 898 28                        @ ../../../../../sdk/platform/driver/spi_flash/spi_flash.c:898:28
	adds	r0, r5, r4
.Ltmp313:
	.loc	3 898 13 is_stmt 0              @ ../../../../../sdk/platform/driver/spi_flash/spi_flash.c:898:13
	cmp	r0, r6
	bls	.LBB32_6
.Ltmp314:
@ %bb.5:                                @   in Loop: Header=BB32_3 Depth=1
	@DEBUG_VALUE: spi_flash_write_data:bytes_written <- $r7
	@DEBUG_VALUE: spi_flash_write_data:bytes_left_to_send <- $r5
	@DEBUG_VALUE: spi_flash_write_data:feasible_size <- [DW_OP_plus_uconst 4] [$sp+0]
	@DEBUG_VALUE: spi_flash_write_data:currentEndOfPage <- $r6
	@DEBUG_VALUE: spi_flash_write_data:wr_data_ptr <- [DW_OP_plus_uconst 8] [$sp+0]
	@DEBUG_VALUE: spi_flash_write_data:status <- 0
	@DEBUG_VALUE: spi_flash_write_data:currentAddress <- $r4
	@DEBUG_VALUE: spi_flash_write_data:actual_size <- [$sp+0]
	subs	r0, r6, r4
	adds	r5, r0, #1
.Ltmp315:
.LBB32_6:                               @   in Loop: Header=BB32_3 Depth=1
	@DEBUG_VALUE: spi_flash_write_data:bytes_written <- $r7
	@DEBUG_VALUE: spi_flash_write_data:feasible_size <- [DW_OP_plus_uconst 4] [$sp+0]
	@DEBUG_VALUE: spi_flash_write_data:currentEndOfPage <- $r6
	@DEBUG_VALUE: spi_flash_write_data:wr_data_ptr <- [DW_OP_plus_uconst 8] [$sp+0]
	@DEBUG_VALUE: spi_flash_write_data:status <- 0
	@DEBUG_VALUE: spi_flash_write_data:currentAddress <- $r4
	@DEBUG_VALUE: spi_flash_write_data:actual_size <- [$sp+0]
	@DEBUG_VALUE: spi_flash_write_data:bytes_left_to_send <- $r5
	.loc	3 904 18 is_stmt 1              @ ../../../../../sdk/platform/driver/spi_flash/spi_flash.c:904:18
	uxth	r2, r5
	.loc	3 904 53 is_stmt 0              @ ../../../../../sdk/platform/driver/spi_flash/spi_flash.c:904:53
	ldr	r0, [sp, #8]                    @ 4-byte Reload
	adds	r0, r0, r7
	.loc	3 904 18                        @ ../../../../../sdk/platform/driver/spi_flash/spi_flash.c:904:18
	mov	r1, r4
	bl	spi_flash_page_program
.Ltmp316:
	@DEBUG_VALUE: spi_flash_write_data:status <- $r0
	.loc	3 905 13 is_stmt 1              @ ../../../../../sdk/platform/driver/spi_flash/spi_flash.c:905:13
	cmp	r0, #0
	bne	.LBB32_9
.Ltmp317:
@ %bb.7:                                @   in Loop: Header=BB32_3 Depth=1
	@DEBUG_VALUE: spi_flash_write_data:status <- $r0
	@DEBUG_VALUE: spi_flash_write_data:bytes_written <- $r7
	@DEBUG_VALUE: spi_flash_write_data:bytes_left_to_send <- $r5
	@DEBUG_VALUE: spi_flash_write_data:feasible_size <- [DW_OP_plus_uconst 4] [$sp+0]
	@DEBUG_VALUE: spi_flash_write_data:currentEndOfPage <- $r6
	@DEBUG_VALUE: spi_flash_write_data:wr_data_ptr <- [DW_OP_plus_uconst 8] [$sp+0]
	@DEBUG_VALUE: spi_flash_write_data:currentAddress <- $r4
	@DEBUG_VALUE: spi_flash_write_data:actual_size <- [$sp+0]
	.loc	3 910 23                        @ ../../../../../sdk/platform/driver/spi_flash/spi_flash.c:910:23
	adds	r7, r5, r7
.Ltmp318:
	@DEBUG_VALUE: spi_flash_write_data:bytes_written <- $r7
	.loc	3 0 23 is_stmt 0                @ ../../../../../sdk/platform/driver/spi_flash/spi_flash.c:0:23
	ldr	r1, [sp, #4]                    @ 4-byte Reload
	.loc	3 914 44 is_stmt 1              @ ../../../../../sdk/platform/driver/spi_flash/spi_flash.c:914:44
	subs	r5, r1, r7
.Ltmp319:
	@DEBUG_VALUE: spi_flash_write_data:bytes_left_to_send <- $r5
	.loc	3 0 44 is_stmt 0                @ ../../../../../sdk/platform/driver/spi_flash/spi_flash.c:0:44
	movs	r0, #1
.Ltmp320:
	lsls	r0, r0, #8
	.loc	3 913 26 is_stmt 1              @ ../../../../../sdk/platform/driver/spi_flash/spi_flash.c:913:26
	adds	r0, r6, r0
.Ltmp321:
	@DEBUG_VALUE: spi_flash_write_data:currentEndOfPage <- $r0
	.loc	3 912 43                        @ ../../../../../sdk/platform/driver/spi_flash/spi_flash.c:912:43
	adds	r4, r6, #1
.Ltmp322:
	@DEBUG_VALUE: spi_flash_write_data:address <- [DW_OP_LLVM_entry_value 1] $r1
	@DEBUG_VALUE: spi_flash_write_data:currentAddress <- $r4
	.loc	3 0 43 is_stmt 0                @ ../../../../../sdk/platform/driver/spi_flash/spi_flash.c:0:43
	mov	r6, r0
.Ltmp323:
	@DEBUG_VALUE: spi_flash_write_data:currentEndOfPage <- $r6
	@DEBUG_VALUE: spi_flash_write_data:currentEndOfPage <- $r6
	@DEBUG_VALUE: spi_flash_write_data:currentEndOfPage <- $r6
	.loc	3 895 5 is_stmt 1               @ ../../../../../sdk/platform/driver/spi_flash/spi_flash.c:895:5
	b	.LBB32_3
.Ltmp324:
.LBB32_8:
	@DEBUG_VALUE: spi_flash_write_data:bytes_written <- $r7
	@DEBUG_VALUE: spi_flash_write_data:bytes_left_to_send <- $r5
	@DEBUG_VALUE: spi_flash_write_data:feasible_size <- [DW_OP_plus_uconst 4] [$sp+0]
	@DEBUG_VALUE: spi_flash_write_data:currentEndOfPage <- $r6
	@DEBUG_VALUE: spi_flash_write_data:wr_data_ptr <- [DW_OP_plus_uconst 8] [$sp+0]
	@DEBUG_VALUE: spi_flash_write_data:status <- 0
	@DEBUG_VALUE: spi_flash_write_data:currentAddress <- $r4
	@DEBUG_VALUE: spi_flash_write_data:actual_size <- [$sp+0]
	.loc	3 916 18                        @ ../../../../../sdk/platform/driver/spi_flash/spi_flash.c:916:18
	ldr	r0, [sp]                        @ 4-byte Reload
	str	r7, [r0]
	movs	r0, #0
.Ltmp325:
.LBB32_9:
	@DEBUG_VALUE: spi_flash_write_data:bytes_written <- $r7
	@DEBUG_VALUE: spi_flash_write_data:bytes_left_to_send <- $r5
	@DEBUG_VALUE: spi_flash_write_data:feasible_size <- [DW_OP_plus_uconst 4] [$sp+0]
	@DEBUG_VALUE: spi_flash_write_data:currentEndOfPage <- $r6
	@DEBUG_VALUE: spi_flash_write_data:wr_data_ptr <- [DW_OP_plus_uconst 8] [$sp+0]
	@DEBUG_VALUE: spi_flash_write_data:currentAddress <- $r4
	@DEBUG_VALUE: spi_flash_write_data:actual_size <- [$sp+0]
	.loc	3 918 1 epilogue_begin          @ ../../../../../sdk/platform/driver/spi_flash/spi_flash.c:918:1
	pop	{r1, r2, r3, r4, r5, r6, r7, pc}
.Ltmp326:
	.loc	3 0 1 is_stmt 0                 @ :0:1
.Ltmp327:
	.p2align	2
@ %bb.10:
__arm_cp.32_0:
	.long	spi_flash_cfg_env
.Lcpi_end9:
	.size	__arm_cp.32_0, .Lcpi_end9-__arm_cp.32_0
.Lfunc_end32:
	.size	spi_flash_write_data, .Lfunc_end32-spi_flash_write_data
	.cfi_endproc
	.cantunwind
	.fnend
                                        @ -- End function
	.hidden	spi_flash_write_data_buffer     @ -- Begin function spi_flash_write_data_buffer
	.globl	spi_flash_write_data_buffer
	.p2align	2
	.type	spi_flash_write_data_buffer,%function
	.code	16                              @ @spi_flash_write_data_buffer
	.thumb_func
spi_flash_write_data_buffer:
.Lfunc_begin33:
	.loc	3 922 0 is_stmt 1               @ ../../../../../sdk/platform/driver/spi_flash/spi_flash.c:922:0
	.fnstart
	.cfi_startproc
@ %bb.0:
	@DEBUG_VALUE: spi_flash_write_data_buffer:wr_data_ptr <- $r0
	@DEBUG_VALUE: spi_flash_write_data_buffer:address <- $r1
	@DEBUG_VALUE: spi_flash_write_data_buffer:size <- $r2
	@DEBUG_VALUE: spi_flash_write_data_buffer:actual_size <- $r3
	.save	{r4, r5, r6, r7, lr}
	.pad	#12
	push	{r1, r2, r3, r4, r5, r6, r7, lr}
	.cfi_def_cfa_offset 32
	.cfi_offset lr, -4
	.cfi_offset r7, -8
	.cfi_offset r6, -12
	.cfi_offset r5, -16
	.cfi_offset r4, -20
.Ltmp328:
	@DEBUG_VALUE: spi_flash_write_data_buffer:feasible_size <- $r2
	@DEBUG_VALUE: spi_flash_write_data_buffer:currentAddress <- $r1
	str	r3, [sp]                        @ 4-byte Spill
.Ltmp329:
	@DEBUG_VALUE: spi_flash_write_data_buffer:actual_size <- [$sp+0]
	mov	r5, r2
.Ltmp330:
	@DEBUG_VALUE: spi_flash_write_data_buffer:feasible_size <- $r5
	@DEBUG_VALUE: spi_flash_write_data_buffer:size <- $r5
	mov	r4, r1
.Ltmp331:
	@DEBUG_VALUE: spi_flash_write_data_buffer:currentAddress <- $r4
	@DEBUG_VALUE: spi_flash_write_data_buffer:address <- $r4
	str	r0, [sp, #8]                    @ 4-byte Spill
.Ltmp332:
	@DEBUG_VALUE: spi_flash_write_data_buffer:status <- 0
	@DEBUG_VALUE: spi_flash_write_data_buffer:wr_data_ptr <- [DW_OP_plus_uconst 8] [$sp+0]
	movs	r7, #0
.Ltmp333:
	.loc	3 930 5 prologue_end            @ ../../../../../sdk/platform/driver/spi_flash/spi_flash.c:930:5
	mov	r0, r7
	bl	spi_set_bitmode
.Ltmp334:
	.loc	3 0 5 is_stmt 0                 @ ../../../../../sdk/platform/driver/spi_flash/spi_flash.c:0:5
	mov	r1, r5
.Ltmp335:
	@DEBUG_VALUE: spi_flash_write_data_buffer:feasible_size <- $r1
	@DEBUG_VALUE: spi_flash_write_data_buffer:size <- $r1
	movs	r6, #255
.Ltmp336:
	@DEBUG_VALUE: spi_flash_write_data_buffer:currentEndOfPage <- undef
	.loc	3 933 34 is_stmt 1              @ ../../../../../sdk/platform/driver/spi_flash/spi_flash.c:933:34
	ldr	r0, __arm_cp.33_0
	ldr	r0, [r0, #8]
	.loc	3 933 44 is_stmt 0              @ ../../../../../sdk/platform/driver/spi_flash/spi_flash.c:933:44
	subs	r0, r0, r4
.Ltmp337:
	.loc	3 933 9                         @ ../../../../../sdk/platform/driver/spi_flash/spi_flash.c:933:9
	cmp	r5, r0
	blo	.LBB33_2
.Ltmp338:
@ %bb.1:
	@DEBUG_VALUE: spi_flash_write_data_buffer:size <- $r1
	@DEBUG_VALUE: spi_flash_write_data_buffer:feasible_size <- $r1
	@DEBUG_VALUE: spi_flash_write_data_buffer:wr_data_ptr <- [DW_OP_plus_uconst 8] [$sp+0]
	@DEBUG_VALUE: spi_flash_write_data_buffer:status <- 0
	@DEBUG_VALUE: spi_flash_write_data_buffer:address <- $r4
	@DEBUG_VALUE: spi_flash_write_data_buffer:currentAddress <- $r4
	@DEBUG_VALUE: spi_flash_write_data_buffer:actual_size <- [$sp+0]
	.loc	3 0 9                           @ ../../../../../sdk/platform/driver/spi_flash/spi_flash.c:0:9
	mov	r1, r0
.Ltmp339:
.LBB33_2:
	@DEBUG_VALUE: spi_flash_write_data_buffer:wr_data_ptr <- [DW_OP_plus_uconst 8] [$sp+0]
	@DEBUG_VALUE: spi_flash_write_data_buffer:status <- 0
	@DEBUG_VALUE: spi_flash_write_data_buffer:address <- $r4
	@DEBUG_VALUE: spi_flash_write_data_buffer:currentAddress <- $r4
	@DEBUG_VALUE: spi_flash_write_data_buffer:actual_size <- [$sp+0]
	orrs	r6, r4
.Ltmp340:
	@DEBUG_VALUE: spi_flash_write_data_buffer:bytes_written <- 0
	@DEBUG_VALUE: spi_flash_write_data_buffer:bytes_left_to_send <- $r1
	@DEBUG_VALUE: spi_flash_write_data_buffer:currentEndOfPage <- $r6
	@DEBUG_VALUE: spi_flash_write_data_buffer:feasible_size <- $r1
	mov	r5, r1
	str	r1, [sp, #4]                    @ 4-byte Spill
.Ltmp341:
	@DEBUG_VALUE: spi_flash_write_data_buffer:bytes_left_to_send <- [DW_OP_plus_uconst 4] [$sp+0]
	@DEBUG_VALUE: spi_flash_write_data_buffer:feasible_size <- [DW_OP_plus_uconst 4] [$sp+0]
.LBB33_3:                               @ =>This Inner Loop Header: Depth=1
	@DEBUG_VALUE: spi_flash_write_data_buffer:feasible_size <- [DW_OP_plus_uconst 4] [$sp+0]
	@DEBUG_VALUE: spi_flash_write_data_buffer:currentEndOfPage <- $r6
	@DEBUG_VALUE: spi_flash_write_data_buffer:wr_data_ptr <- [DW_OP_plus_uconst 8] [$sp+0]
	@DEBUG_VALUE: spi_flash_write_data_buffer:currentAddress <- $r4
	@DEBUG_VALUE: spi_flash_write_data_buffer:actual_size <- [$sp+0]
	@DEBUG_VALUE: spi_flash_write_data_buffer:currentAddress <- $r4
	@DEBUG_VALUE: spi_flash_write_data_buffer:status <- 0
	@DEBUG_VALUE: spi_flash_write_data_buffer:currentEndOfPage <- $r6
	@DEBUG_VALUE: spi_flash_write_data_buffer:bytes_left_to_send <- $r5
	@DEBUG_VALUE: spi_flash_write_data_buffer:bytes_written <- $r7
	.loc	3 941 5 is_stmt 1               @ ../../../../../sdk/platform/driver/spi_flash/spi_flash.c:941:5
	cmp	r7, r1
	bhs	.LBB33_8
.Ltmp342:
@ %bb.4:                                @   in Loop: Header=BB33_3 Depth=1
	@DEBUG_VALUE: spi_flash_write_data_buffer:bytes_written <- $r7
	@DEBUG_VALUE: spi_flash_write_data_buffer:bytes_left_to_send <- $r5
	@DEBUG_VALUE: spi_flash_write_data_buffer:feasible_size <- [DW_OP_plus_uconst 4] [$sp+0]
	@DEBUG_VALUE: spi_flash_write_data_buffer:currentEndOfPage <- $r6
	@DEBUG_VALUE: spi_flash_write_data_buffer:wr_data_ptr <- [DW_OP_plus_uconst 8] [$sp+0]
	@DEBUG_VALUE: spi_flash_write_data_buffer:status <- 0
	@DEBUG_VALUE: spi_flash_write_data_buffer:currentAddress <- $r4
	@DEBUG_VALUE: spi_flash_write_data_buffer:actual_size <- [$sp+0]
	.loc	3 944 28                        @ ../../../../../sdk/platform/driver/spi_flash/spi_flash.c:944:28
	adds	r0, r5, r4
.Ltmp343:
	.loc	3 944 13 is_stmt 0              @ ../../../../../sdk/platform/driver/spi_flash/spi_flash.c:944:13
	cmp	r0, r6
	bls	.LBB33_6
.Ltmp344:
@ %bb.5:                                @   in Loop: Header=BB33_3 Depth=1
	@DEBUG_VALUE: spi_flash_write_data_buffer:bytes_written <- $r7
	@DEBUG_VALUE: spi_flash_write_data_buffer:bytes_left_to_send <- $r5
	@DEBUG_VALUE: spi_flash_write_data_buffer:feasible_size <- [DW_OP_plus_uconst 4] [$sp+0]
	@DEBUG_VALUE: spi_flash_write_data_buffer:currentEndOfPage <- $r6
	@DEBUG_VALUE: spi_flash_write_data_buffer:wr_data_ptr <- [DW_OP_plus_uconst 8] [$sp+0]
	@DEBUG_VALUE: spi_flash_write_data_buffer:status <- 0
	@DEBUG_VALUE: spi_flash_write_data_buffer:currentAddress <- $r4
	@DEBUG_VALUE: spi_flash_write_data_buffer:actual_size <- [$sp+0]
	subs	r0, r6, r4
	adds	r5, r0, #1
.Ltmp345:
.LBB33_6:                               @   in Loop: Header=BB33_3 Depth=1
	@DEBUG_VALUE: spi_flash_write_data_buffer:bytes_written <- $r7
	@DEBUG_VALUE: spi_flash_write_data_buffer:feasible_size <- [DW_OP_plus_uconst 4] [$sp+0]
	@DEBUG_VALUE: spi_flash_write_data_buffer:currentEndOfPage <- $r6
	@DEBUG_VALUE: spi_flash_write_data_buffer:wr_data_ptr <- [DW_OP_plus_uconst 8] [$sp+0]
	@DEBUG_VALUE: spi_flash_write_data_buffer:status <- 0
	@DEBUG_VALUE: spi_flash_write_data_buffer:currentAddress <- $r4
	@DEBUG_VALUE: spi_flash_write_data_buffer:actual_size <- [$sp+0]
	@DEBUG_VALUE: spi_flash_write_data_buffer:bytes_left_to_send <- $r5
	.loc	3 950 18 is_stmt 1              @ ../../../../../sdk/platform/driver/spi_flash/spi_flash.c:950:18
	uxth	r2, r5
	.loc	3 950 60 is_stmt 0              @ ../../../../../sdk/platform/driver/spi_flash/spi_flash.c:950:60
	ldr	r0, [sp, #8]                    @ 4-byte Reload
	adds	r0, r0, r7
	.loc	3 950 18                        @ ../../../../../sdk/platform/driver/spi_flash/spi_flash.c:950:18
	mov	r1, r4
	bl	spi_flash_page_program_buffer
.Ltmp346:
	@DEBUG_VALUE: spi_flash_write_data_buffer:status <- $r0
	.loc	3 951 13 is_stmt 1              @ ../../../../../sdk/platform/driver/spi_flash/spi_flash.c:951:13
	cmp	r0, #0
	bne	.LBB33_9
.Ltmp347:
@ %bb.7:                                @   in Loop: Header=BB33_3 Depth=1
	@DEBUG_VALUE: spi_flash_write_data_buffer:status <- $r0
	@DEBUG_VALUE: spi_flash_write_data_buffer:bytes_written <- $r7
	@DEBUG_VALUE: spi_flash_write_data_buffer:bytes_left_to_send <- $r5
	@DEBUG_VALUE: spi_flash_write_data_buffer:feasible_size <- [DW_OP_plus_uconst 4] [$sp+0]
	@DEBUG_VALUE: spi_flash_write_data_buffer:currentEndOfPage <- $r6
	@DEBUG_VALUE: spi_flash_write_data_buffer:wr_data_ptr <- [DW_OP_plus_uconst 8] [$sp+0]
	@DEBUG_VALUE: spi_flash_write_data_buffer:currentAddress <- $r4
	@DEBUG_VALUE: spi_flash_write_data_buffer:actual_size <- [$sp+0]
	.loc	3 956 23                        @ ../../../../../sdk/platform/driver/spi_flash/spi_flash.c:956:23
	adds	r7, r5, r7
.Ltmp348:
	@DEBUG_VALUE: spi_flash_write_data_buffer:bytes_written <- $r7
	.loc	3 0 23 is_stmt 0                @ ../../../../../sdk/platform/driver/spi_flash/spi_flash.c:0:23
	ldr	r1, [sp, #4]                    @ 4-byte Reload
	.loc	3 960 44 is_stmt 1              @ ../../../../../sdk/platform/driver/spi_flash/spi_flash.c:960:44
	subs	r5, r1, r7
.Ltmp349:
	@DEBUG_VALUE: spi_flash_write_data_buffer:bytes_left_to_send <- $r5
	.loc	3 0 44 is_stmt 0                @ ../../../../../sdk/platform/driver/spi_flash/spi_flash.c:0:44
	movs	r0, #1
.Ltmp350:
	lsls	r0, r0, #8
	.loc	3 959 26 is_stmt 1              @ ../../../../../sdk/platform/driver/spi_flash/spi_flash.c:959:26
	adds	r0, r6, r0
.Ltmp351:
	@DEBUG_VALUE: spi_flash_write_data_buffer:currentEndOfPage <- $r0
	.loc	3 958 43                        @ ../../../../../sdk/platform/driver/spi_flash/spi_flash.c:958:43
	adds	r4, r6, #1
.Ltmp352:
	@DEBUG_VALUE: spi_flash_write_data_buffer:address <- [DW_OP_LLVM_entry_value 1] $r1
	@DEBUG_VALUE: spi_flash_write_data_buffer:currentAddress <- $r4
	.loc	3 0 43 is_stmt 0                @ ../../../../../sdk/platform/driver/spi_flash/spi_flash.c:0:43
	mov	r6, r0
.Ltmp353:
	@DEBUG_VALUE: spi_flash_write_data_buffer:currentEndOfPage <- $r6
	@DEBUG_VALUE: spi_flash_write_data_buffer:currentEndOfPage <- $r6
	@DEBUG_VALUE: spi_flash_write_data_buffer:currentEndOfPage <- $r6
	.loc	3 941 5 is_stmt 1               @ ../../../../../sdk/platform/driver/spi_flash/spi_flash.c:941:5
	b	.LBB33_3
.Ltmp354:
.LBB33_8:
	@DEBUG_VALUE: spi_flash_write_data_buffer:bytes_written <- $r7
	@DEBUG_VALUE: spi_flash_write_data_buffer:bytes_left_to_send <- $r5
	@DEBUG_VALUE: spi_flash_write_data_buffer:feasible_size <- [DW_OP_plus_uconst 4] [$sp+0]
	@DEBUG_VALUE: spi_flash_write_data_buffer:currentEndOfPage <- $r6
	@DEBUG_VALUE: spi_flash_write_data_buffer:wr_data_ptr <- [DW_OP_plus_uconst 8] [$sp+0]
	@DEBUG_VALUE: spi_flash_write_data_buffer:status <- 0
	@DEBUG_VALUE: spi_flash_write_data_buffer:currentAddress <- $r4
	@DEBUG_VALUE: spi_flash_write_data_buffer:actual_size <- [$sp+0]
	.loc	3 962 18                        @ ../../../../../sdk/platform/driver/spi_flash/spi_flash.c:962:18
	ldr	r0, [sp]                        @ 4-byte Reload
	str	r7, [r0]
	movs	r0, #0
.Ltmp355:
.LBB33_9:
	@DEBUG_VALUE: spi_flash_write_data_buffer:bytes_written <- $r7
	@DEBUG_VALUE: spi_flash_write_data_buffer:bytes_left_to_send <- $r5
	@DEBUG_VALUE: spi_flash_write_data_buffer:feasible_size <- [DW_OP_plus_uconst 4] [$sp+0]
	@DEBUG_VALUE: spi_flash_write_data_buffer:currentEndOfPage <- $r6
	@DEBUG_VALUE: spi_flash_write_data_buffer:wr_data_ptr <- [DW_OP_plus_uconst 8] [$sp+0]
	@DEBUG_VALUE: spi_flash_write_data_buffer:currentAddress <- $r4
	@DEBUG_VALUE: spi_flash_write_data_buffer:actual_size <- [$sp+0]
	.loc	3 964 1 epilogue_begin          @ ../../../../../sdk/platform/driver/spi_flash/spi_flash.c:964:1
	pop	{r1, r2, r3, r4, r5, r6, r7, pc}
.Ltmp356:
	.loc	3 0 1 is_stmt 0                 @ :0:1
.Ltmp357:
	.p2align	2
@ %bb.10:
__arm_cp.33_0:
	.long	spi_flash_cfg_env
.Lcpi_end10:
	.size	__arm_cp.33_0, .Lcpi_end10-__arm_cp.33_0
.Lfunc_end33:
	.size	spi_flash_write_data_buffer, .Lfunc_end33-spi_flash_write_data_buffer
	.cfi_endproc
	.cantunwind
	.fnend
                                        @ -- End function
	.hidden	spi_flash_page_fill             @ -- Begin function spi_flash_page_fill
	.globl	spi_flash_page_fill
	.p2align	1
	.type	spi_flash_page_fill,%function
	.code	16                              @ @spi_flash_page_fill
	.thumb_func
spi_flash_page_fill:
.Lfunc_begin34:
	.loc	3 1015 0 is_stmt 1              @ ../../../../../sdk/platform/driver/spi_flash/spi_flash.c:1015:0
	.fnstart
	.cfi_startproc
@ %bb.0:
	@DEBUG_VALUE: spi_flash_page_fill:value <- $r0
	@DEBUG_VALUE: spi_flash_page_fill:address <- $r1
	@DEBUG_VALUE: spi_flash_page_fill:size <- $r2
	.save	{r4, r5, r6, r7, lr}
	.pad	#4
	push	{r3, r4, r5, r6, r7, lr}
	.cfi_def_cfa_offset 24
	.cfi_offset lr, -4
	.cfi_offset r7, -8
	.cfi_offset r6, -12
	.cfi_offset r5, -16
	.cfi_offset r4, -20
	mov	r4, r2
.Ltmp358:
	@DEBUG_VALUE: spi_flash_page_fill:size <- $r4
	mov	r6, r1
.Ltmp359:
	@DEBUG_VALUE: spi_flash_page_fill:address <- $r6
	mov	r5, r0
.Ltmp360:
	@DEBUG_VALUE: spi_flash_page_fill:value <- $r5
	.loc	3 1019 21 prologue_end          @ ../../../../../sdk/platform/driver/spi_flash/spi_flash.c:1019:21
	bl	spi_flash_is_busy
.Ltmp361:
	@DEBUG_VALUE: spi_flash_page_fill:status <- $r0
	.loc	3 1020 9                        @ ../../../../../sdk/platform/driver/spi_flash/spi_flash.c:1020:9
	cmp	r0, #0
	beq	.LBB34_2
.Ltmp362:
.LBB34_1:
	@DEBUG_VALUE: spi_flash_page_fill:status <- $r0
	@DEBUG_VALUE: spi_flash_page_fill:value <- $r5
	@DEBUG_VALUE: spi_flash_page_fill:address <- $r6
	@DEBUG_VALUE: spi_flash_page_fill:size <- $r4
	.loc	3 1056 1 epilogue_begin         @ ../../../../../sdk/platform/driver/spi_flash/spi_flash.c:1056:1
	pop	{r3, r4, r5, r6, r7, pc}
.Ltmp363:
.LBB34_2:
	@DEBUG_VALUE: spi_flash_page_fill:status <- $r0
	@DEBUG_VALUE: spi_flash_page_fill:value <- $r5
	@DEBUG_VALUE: spi_flash_page_fill:address <- $r6
	@DEBUG_VALUE: spi_flash_page_fill:size <- $r4
	@DEBUG_VALUE: spi_flash_page_fill:value <- $r5
	@DEBUG_VALUE: spi_flash_page_fill:size <- $r4
	@DEBUG_VALUE: spi_flash_page_fill:temp_size <- $r4
	.loc	3 0 1 is_stmt 0                 @ ../../../../../sdk/platform/driver/spi_flash/spi_flash.c:0:1
	movs	r0, #6
.Ltmp364:
	.loc	3 1028 14 is_stmt 1             @ ../../../../../sdk/platform/driver/spi_flash/spi_flash.c:1028:14
	bl	spi_flash_write_enable
.Ltmp365:
	@DEBUG_VALUE: spi_flash_page_fill:status <- $r0
	.loc	3 1029 9                        @ ../../../../../sdk/platform/driver/spi_flash/spi_flash.c:1029:9
	cmp	r0, #0
	bne	.LBB34_1
.Ltmp366:
@ %bb.3:
	@DEBUG_VALUE: spi_flash_page_fill:temp_size <- $r4
	@DEBUG_VALUE: spi_flash_page_fill:status <- $r0
	@DEBUG_VALUE: spi_flash_page_fill:value <- $r5
	@DEBUG_VALUE: spi_flash_page_fill:address <- $r6
	@DEBUG_VALUE: spi_flash_page_fill:size <- $r4
	@DEBUG_VALUE: spi_flash_page_fill:value <- $r5
	@DEBUG_VALUE: spi_flash_page_fill:size <- $r4
	@DEBUG_VALUE: spi_flash_page_fill:temp_size <- $r4
	.loc	3 0 9 is_stmt 0                 @ ../../../../../sdk/platform/driver/spi_flash/spi_flash.c:0:9
	movs	r0, #2
.Ltmp367:
	.loc	3 1041 5 is_stmt 1              @ ../../../../../sdk/platform/driver/spi_flash/spi_flash.c:1041:5
	bl	spi_set_bitmode
.Ltmp368:
	.loc	3 1042 5                        @ ../../../../../sdk/platform/driver/spi_flash/spi_flash.c:1042:5
	bl	spi_cs_low
.Ltmp369:
	.loc	3 0 5 is_stmt 0                 @ ../../../../../sdk/platform/driver/spi_flash/spi_flash.c:0:5
	movs	r7, #1
	lsls	r0, r7, #25
	.loc	3 1043 40 is_stmt 1             @ ../../../../../sdk/platform/driver/spi_flash/spi_flash.c:1043:40
	orrs	r6, r0
.Ltmp370:
	@DEBUG_VALUE: spi_flash_page_fill:address <- [DW_OP_LLVM_entry_value 1] $r1
	.loc	3 1043 5 is_stmt 0              @ ../../../../../sdk/platform/driver/spi_flash/spi_flash.c:1043:5
	mov	r0, r6
	bl	spi_access
.Ltmp371:
	.loc	3 0 5                           @ ../../../../../sdk/platform/driver/spi_flash/spi_flash.c:0:5
	movs	r0, #0
	.loc	3 1046 5 is_stmt 1              @ ../../../../../sdk/platform/driver/spi_flash/spi_flash.c:1046:5
	bl	spi_set_bitmode
.Ltmp372:
	.loc	3 1035 9                        @ ../../../../../sdk/platform/driver/spi_flash/spi_flash.c:1035:9
	cmp	r4, #255
	bls	.LBB34_6
.Ltmp373:
@ %bb.4:
	@DEBUG_VALUE: spi_flash_page_fill:address <- [DW_OP_LLVM_entry_value 1] $r1
	@DEBUG_VALUE: spi_flash_page_fill:temp_size <- $r4
	@DEBUG_VALUE: spi_flash_page_fill:value <- $r5
	@DEBUG_VALUE: spi_flash_page_fill:size <- $r4
	.loc	3 0 9 is_stmt 0                 @ ../../../../../sdk/platform/driver/spi_flash/spi_flash.c:0:9
	lsls	r4, r7, #8
.Ltmp374:
	@DEBUG_VALUE: spi_flash_page_fill:temp_size <- $r4
	b	.LBB34_6
.Ltmp375:
.LBB34_5:                               @   in Loop: Header=BB34_6 Depth=1
	@DEBUG_VALUE: spi_flash_page_fill:address <- [DW_OP_LLVM_entry_value 1] $r1
	@DEBUG_VALUE: spi_flash_page_fill:temp_size <- $r4
	@DEBUG_VALUE: spi_flash_page_fill:value <- $r5
	.loc	3 1049 9 is_stmt 1              @ ../../../../../sdk/platform/driver/spi_flash/spi_flash.c:1049:9
	mov	r0, r5
	bl	spi_access
.Ltmp376:
	.loc	3 1050 18                       @ ../../../../../sdk/platform/driver/spi_flash/spi_flash.c:1050:18
	subs	r4, r4, #1
.Ltmp377:
	@DEBUG_VALUE: spi_flash_page_fill:temp_size <- $r4
.LBB34_6:                               @ =>This Inner Loop Header: Depth=1
	@DEBUG_VALUE: spi_flash_page_fill:address <- [DW_OP_LLVM_entry_value 1] $r1
	@DEBUG_VALUE: spi_flash_page_fill:temp_size <- $r4
	@DEBUG_VALUE: spi_flash_page_fill:value <- $r5
	@DEBUG_VALUE: spi_flash_page_fill:temp_size <- $r4
	.loc	3 1047 5                        @ ../../../../../sdk/platform/driver/spi_flash/spi_flash.c:1047:5
	lsls	r0, r4, #16
	bne	.LBB34_5
.Ltmp378:
@ %bb.7:
	@DEBUG_VALUE: spi_flash_page_fill:address <- [DW_OP_LLVM_entry_value 1] $r1
	@DEBUG_VALUE: spi_flash_page_fill:temp_size <- $r4
	@DEBUG_VALUE: spi_flash_page_fill:value <- $r5
	.loc	3 1053 5                        @ ../../../../../sdk/platform/driver/spi_flash/spi_flash.c:1053:5
	bl	spi_cs_high
.Ltmp379:
	.loc	3 1055 12                       @ ../../../../../sdk/platform/driver/spi_flash/spi_flash.c:1055:12
	bl	spi_flash_wait_till_ready
.Ltmp380:
	.loc	3 1056 1 epilogue_begin         @ ../../../../../sdk/platform/driver/spi_flash/spi_flash.c:1056:1
	pop	{r3, r4, r5, r6, r7, pc}
.Ltmp381:
.Lfunc_end34:
	.size	spi_flash_page_fill, .Lfunc_end34-spi_flash_page_fill
	.cfi_endproc
	.cantunwind
	.fnend
                                        @ -- End function
	.hidden	spi_flash_fill                  @ -- Begin function spi_flash_fill
	.globl	spi_flash_fill
	.p2align	2
	.type	spi_flash_fill,%function
	.code	16                              @ @spi_flash_fill
	.thumb_func
spi_flash_fill:
.Lfunc_begin35:
	.loc	3 1060 0                        @ ../../../../../sdk/platform/driver/spi_flash/spi_flash.c:1060:0
	.fnstart
	.cfi_startproc
@ %bb.0:
	@DEBUG_VALUE: spi_flash_fill:value <- $r0
	@DEBUG_VALUE: spi_flash_fill:address <- $r1
	@DEBUG_VALUE: spi_flash_fill:size <- $r2
	@DEBUG_VALUE: spi_flash_fill:actual_size <- $r3
	.save	{r4, r5, r6, r7, lr}
	.pad	#12
	push	{r1, r2, r3, r4, r5, r6, r7, lr}
	.cfi_def_cfa_offset 32
	.cfi_offset lr, -4
	.cfi_offset r7, -8
	.cfi_offset r6, -12
	.cfi_offset r5, -16
	.cfi_offset r4, -20
.Ltmp382:
	@DEBUG_VALUE: spi_flash_fill:feasible_size <- $r2
	@DEBUG_VALUE: spi_flash_fill:currentAddress <- $r1
	str	r3, [sp]                        @ 4-byte Spill
.Ltmp383:
	@DEBUG_VALUE: spi_flash_fill:actual_size <- [$sp+0]
	mov	r5, r2
.Ltmp384:
	@DEBUG_VALUE: spi_flash_fill:feasible_size <- $r5
	@DEBUG_VALUE: spi_flash_fill:size <- $r5
	mov	r4, r1
.Ltmp385:
	@DEBUG_VALUE: spi_flash_fill:currentAddress <- $r4
	@DEBUG_VALUE: spi_flash_fill:address <- $r4
	str	r0, [sp, #8]                    @ 4-byte Spill
.Ltmp386:
	@DEBUG_VALUE: spi_flash_fill:value <- [DW_OP_plus_uconst 8] [$sp+0]
	movs	r7, #0
.Ltmp387:
	.loc	3 1068 5 prologue_end           @ ../../../../../sdk/platform/driver/spi_flash/spi_flash.c:1068:5
	mov	r0, r7
	bl	spi_set_bitmode
.Ltmp388:
	.loc	3 0 5 is_stmt 0                 @ ../../../../../sdk/platform/driver/spi_flash/spi_flash.c:0:5
	mov	r1, r5
.Ltmp389:
	@DEBUG_VALUE: spi_flash_fill:feasible_size <- $r1
	@DEBUG_VALUE: spi_flash_fill:size <- $r1
	movs	r6, #255
.Ltmp390:
	@DEBUG_VALUE: spi_flash_fill:currentEndOfPage <- undef
	.loc	3 1071 34 is_stmt 1             @ ../../../../../sdk/platform/driver/spi_flash/spi_flash.c:1071:34
	ldr	r0, __arm_cp.35_0
	ldr	r0, [r0, #8]
	.loc	3 1071 44 is_stmt 0             @ ../../../../../sdk/platform/driver/spi_flash/spi_flash.c:1071:44
	subs	r0, r0, r4
.Ltmp391:
	.loc	3 1071 9                        @ ../../../../../sdk/platform/driver/spi_flash/spi_flash.c:1071:9
	cmp	r5, r0
	blo	.LBB35_2
.Ltmp392:
@ %bb.1:
	@DEBUG_VALUE: spi_flash_fill:size <- $r1
	@DEBUG_VALUE: spi_flash_fill:feasible_size <- $r1
	@DEBUG_VALUE: spi_flash_fill:value <- [DW_OP_plus_uconst 8] [$sp+0]
	@DEBUG_VALUE: spi_flash_fill:address <- $r4
	@DEBUG_VALUE: spi_flash_fill:currentAddress <- $r4
	@DEBUG_VALUE: spi_flash_fill:actual_size <- [$sp+0]
	.loc	3 0 9                           @ ../../../../../sdk/platform/driver/spi_flash/spi_flash.c:0:9
	mov	r1, r0
.Ltmp393:
.LBB35_2:
	@DEBUG_VALUE: spi_flash_fill:value <- [DW_OP_plus_uconst 8] [$sp+0]
	@DEBUG_VALUE: spi_flash_fill:address <- $r4
	@DEBUG_VALUE: spi_flash_fill:currentAddress <- $r4
	@DEBUG_VALUE: spi_flash_fill:actual_size <- [$sp+0]
	orrs	r6, r4
.Ltmp394:
	@DEBUG_VALUE: spi_flash_fill:bytes_written <- 0
	@DEBUG_VALUE: spi_flash_fill:bytes_left_to_send <- $r1
	@DEBUG_VALUE: spi_flash_fill:currentEndOfPage <- $r6
	@DEBUG_VALUE: spi_flash_fill:feasible_size <- $r1
	@DEBUG_VALUE: spi_flash_fill:value <- [DW_OP_plus_uconst 8] [$sp+0]
	mov	r5, r1
	str	r1, [sp, #4]                    @ 4-byte Spill
.Ltmp395:
	@DEBUG_VALUE: spi_flash_fill:bytes_left_to_send <- [DW_OP_plus_uconst 4] [$sp+0]
	@DEBUG_VALUE: spi_flash_fill:feasible_size <- [DW_OP_plus_uconst 4] [$sp+0]
.LBB35_3:                               @ =>This Inner Loop Header: Depth=1
	@DEBUG_VALUE: spi_flash_fill:feasible_size <- [DW_OP_plus_uconst 4] [$sp+0]
	@DEBUG_VALUE: spi_flash_fill:currentEndOfPage <- $r6
	@DEBUG_VALUE: spi_flash_fill:value <- [DW_OP_plus_uconst 8] [$sp+0]
	@DEBUG_VALUE: spi_flash_fill:currentAddress <- $r4
	@DEBUG_VALUE: spi_flash_fill:actual_size <- [$sp+0]
	@DEBUG_VALUE: spi_flash_fill:currentAddress <- $r4
	@DEBUG_VALUE: spi_flash_fill:currentEndOfPage <- $r6
	@DEBUG_VALUE: spi_flash_fill:bytes_left_to_send <- $r5
	@DEBUG_VALUE: spi_flash_fill:bytes_written <- $r7
	.loc	3 1079 5 is_stmt 1              @ ../../../../../sdk/platform/driver/spi_flash/spi_flash.c:1079:5
	cmp	r7, r1
	bhs	.LBB35_8
.Ltmp396:
@ %bb.4:                                @   in Loop: Header=BB35_3 Depth=1
	@DEBUG_VALUE: spi_flash_fill:bytes_written <- $r7
	@DEBUG_VALUE: spi_flash_fill:bytes_left_to_send <- $r5
	@DEBUG_VALUE: spi_flash_fill:feasible_size <- [DW_OP_plus_uconst 4] [$sp+0]
	@DEBUG_VALUE: spi_flash_fill:currentEndOfPage <- $r6
	@DEBUG_VALUE: spi_flash_fill:value <- [DW_OP_plus_uconst 8] [$sp+0]
	@DEBUG_VALUE: spi_flash_fill:currentAddress <- $r4
	@DEBUG_VALUE: spi_flash_fill:actual_size <- [$sp+0]
	.loc	3 1082 28                       @ ../../../../../sdk/platform/driver/spi_flash/spi_flash.c:1082:28
	adds	r0, r5, r4
.Ltmp397:
	.loc	3 1082 13 is_stmt 0             @ ../../../../../sdk/platform/driver/spi_flash/spi_flash.c:1082:13
	cmp	r0, r6
	bls	.LBB35_6
.Ltmp398:
@ %bb.5:                                @   in Loop: Header=BB35_3 Depth=1
	@DEBUG_VALUE: spi_flash_fill:bytes_written <- $r7
	@DEBUG_VALUE: spi_flash_fill:bytes_left_to_send <- $r5
	@DEBUG_VALUE: spi_flash_fill:feasible_size <- [DW_OP_plus_uconst 4] [$sp+0]
	@DEBUG_VALUE: spi_flash_fill:currentEndOfPage <- $r6
	@DEBUG_VALUE: spi_flash_fill:value <- [DW_OP_plus_uconst 8] [$sp+0]
	@DEBUG_VALUE: spi_flash_fill:currentAddress <- $r4
	@DEBUG_VALUE: spi_flash_fill:actual_size <- [$sp+0]
	subs	r0, r6, r4
	adds	r5, r0, #1
.Ltmp399:
.LBB35_6:                               @   in Loop: Header=BB35_3 Depth=1
	@DEBUG_VALUE: spi_flash_fill:bytes_written <- $r7
	@DEBUG_VALUE: spi_flash_fill:feasible_size <- [DW_OP_plus_uconst 4] [$sp+0]
	@DEBUG_VALUE: spi_flash_fill:currentEndOfPage <- $r6
	@DEBUG_VALUE: spi_flash_fill:value <- [DW_OP_plus_uconst 8] [$sp+0]
	@DEBUG_VALUE: spi_flash_fill:currentAddress <- $r4
	@DEBUG_VALUE: spi_flash_fill:actual_size <- [$sp+0]
	@DEBUG_VALUE: spi_flash_fill:bytes_left_to_send <- $r5
	.loc	3 1087 18 is_stmt 1             @ ../../../../../sdk/platform/driver/spi_flash/spi_flash.c:1087:18
	uxth	r2, r5
	ldr	r0, [sp, #8]                    @ 4-byte Reload
	mov	r1, r4
	bl	spi_flash_page_fill
.Ltmp400:
	@DEBUG_VALUE: spi_flash_fill:status <- $r0
	.loc	3 1088 13                       @ ../../../../../sdk/platform/driver/spi_flash/spi_flash.c:1088:13
	cmp	r0, #0
	bne	.LBB35_9
.Ltmp401:
@ %bb.7:                                @   in Loop: Header=BB35_3 Depth=1
	@DEBUG_VALUE: spi_flash_fill:status <- $r0
	@DEBUG_VALUE: spi_flash_fill:bytes_written <- $r7
	@DEBUG_VALUE: spi_flash_fill:bytes_left_to_send <- $r5
	@DEBUG_VALUE: spi_flash_fill:feasible_size <- [DW_OP_plus_uconst 4] [$sp+0]
	@DEBUG_VALUE: spi_flash_fill:currentEndOfPage <- $r6
	@DEBUG_VALUE: spi_flash_fill:value <- [DW_OP_plus_uconst 8] [$sp+0]
	@DEBUG_VALUE: spi_flash_fill:currentAddress <- $r4
	@DEBUG_VALUE: spi_flash_fill:actual_size <- [$sp+0]
	.loc	3 1092 23                       @ ../../../../../sdk/platform/driver/spi_flash/spi_flash.c:1092:23
	adds	r7, r5, r7
.Ltmp402:
	@DEBUG_VALUE: spi_flash_fill:bytes_written <- $r7
	.loc	3 0 23 is_stmt 0                @ ../../../../../sdk/platform/driver/spi_flash/spi_flash.c:0:23
	ldr	r1, [sp, #4]                    @ 4-byte Reload
	.loc	3 1096 44 is_stmt 1             @ ../../../../../sdk/platform/driver/spi_flash/spi_flash.c:1096:44
	subs	r5, r1, r7
.Ltmp403:
	@DEBUG_VALUE: spi_flash_fill:bytes_left_to_send <- $r5
	.loc	3 0 44 is_stmt 0                @ ../../../../../sdk/platform/driver/spi_flash/spi_flash.c:0:44
	movs	r0, #1
.Ltmp404:
	lsls	r0, r0, #8
	.loc	3 1095 26 is_stmt 1             @ ../../../../../sdk/platform/driver/spi_flash/spi_flash.c:1095:26
	adds	r0, r6, r0
.Ltmp405:
	@DEBUG_VALUE: spi_flash_fill:currentEndOfPage <- $r0
	.loc	3 1094 43                       @ ../../../../../sdk/platform/driver/spi_flash/spi_flash.c:1094:43
	adds	r4, r6, #1
.Ltmp406:
	@DEBUG_VALUE: spi_flash_fill:address <- [DW_OP_LLVM_entry_value 1] $r1
	@DEBUG_VALUE: spi_flash_fill:currentAddress <- $r4
	.loc	3 0 43 is_stmt 0                @ ../../../../../sdk/platform/driver/spi_flash/spi_flash.c:0:43
	mov	r6, r0
.Ltmp407:
	@DEBUG_VALUE: spi_flash_fill:currentEndOfPage <- $r6
	@DEBUG_VALUE: spi_flash_fill:currentEndOfPage <- $r6
	@DEBUG_VALUE: spi_flash_fill:currentEndOfPage <- $r6
	.loc	3 1079 5 is_stmt 1              @ ../../../../../sdk/platform/driver/spi_flash/spi_flash.c:1079:5
	b	.LBB35_3
.Ltmp408:
.LBB35_8:
	@DEBUG_VALUE: spi_flash_fill:bytes_written <- $r7
	@DEBUG_VALUE: spi_flash_fill:bytes_left_to_send <- $r5
	@DEBUG_VALUE: spi_flash_fill:feasible_size <- [DW_OP_plus_uconst 4] [$sp+0]
	@DEBUG_VALUE: spi_flash_fill:currentEndOfPage <- $r6
	@DEBUG_VALUE: spi_flash_fill:value <- [DW_OP_plus_uconst 8] [$sp+0]
	@DEBUG_VALUE: spi_flash_fill:currentAddress <- $r4
	@DEBUG_VALUE: spi_flash_fill:actual_size <- [$sp+0]
	.loc	3 1098 18                       @ ../../../../../sdk/platform/driver/spi_flash/spi_flash.c:1098:18
	ldr	r0, [sp]                        @ 4-byte Reload
	str	r7, [r0]
	movs	r0, #0
.Ltmp409:
.LBB35_9:
	@DEBUG_VALUE: spi_flash_fill:bytes_written <- $r7
	@DEBUG_VALUE: spi_flash_fill:bytes_left_to_send <- $r5
	@DEBUG_VALUE: spi_flash_fill:feasible_size <- [DW_OP_plus_uconst 4] [$sp+0]
	@DEBUG_VALUE: spi_flash_fill:currentEndOfPage <- $r6
	@DEBUG_VALUE: spi_flash_fill:value <- [DW_OP_plus_uconst 8] [$sp+0]
	@DEBUG_VALUE: spi_flash_fill:currentAddress <- $r4
	@DEBUG_VALUE: spi_flash_fill:actual_size <- [$sp+0]
	.loc	3 1100 1 epilogue_begin         @ ../../../../../sdk/platform/driver/spi_flash/spi_flash.c:1100:1
	pop	{r1, r2, r3, r4, r5, r6, r7, pc}
.Ltmp410:
	.loc	3 0 1 is_stmt 0                 @ :0:1
.Ltmp411:
	.p2align	2
@ %bb.10:
__arm_cp.35_0:
	.long	spi_flash_cfg_env
.Lcpi_end11:
	.size	__arm_cp.35_0, .Lcpi_end11-__arm_cp.35_0
.Lfunc_end35:
	.size	spi_flash_fill, .Lfunc_end35-spi_flash_fill
	.cfi_endproc
	.cantunwind
	.fnend
                                        @ -- End function
	.hidden	spi_flash_program_fail          @ -- Begin function spi_flash_program_fail
	.globl	spi_flash_program_fail
	.p2align	1
	.type	spi_flash_program_fail,%function
	.code	16                              @ @spi_flash_program_fail
	.thumb_func
spi_flash_program_fail:
.Lfunc_begin36:
	.loc	3 1103 0 is_stmt 1              @ ../../../../../sdk/platform/driver/spi_flash/spi_flash.c:1103:0
	.fnstart
	.cfi_startproc
@ %bb.0:
	.save	{r7, lr}
	.pad	#8
	push	{r5, r6, r7, lr}
	.cfi_def_cfa_offset 16
	.cfi_offset lr, -4
	.cfi_offset r7, -8
	add	r0, sp, #4
.Ltmp412:
	.loc	3 1105 5 prologue_end           @ ../../../../../sdk/platform/driver/spi_flash/spi_flash.c:1105:5
	bl	spi_flash_read_security_reg
.Ltmp413:
	.loc	3 1106 10                       @ ../../../../../sdk/platform/driver/spi_flash/spi_flash.c:1106:10
	ldr	r0, [sp, #4]
	.loc	3 1106 51 is_stmt 0             @ ../../../../../sdk/platform/driver/spi_flash/spi_flash.c:1106:51
	lsls	r0, r0, #26
	asrs	r0, r0, #31
	movs	r1, #7
.Ltmp414:
	.loc	3 1111 1 is_stmt 1              @ ../../../../../sdk/platform/driver/spi_flash/spi_flash.c:1111:1
	bics	r0, r1
	.loc	3 1111 1 epilogue_begin is_stmt 0 @ ../../../../../sdk/platform/driver/spi_flash/spi_flash.c:1111:1
	pop	{r2, r3, r7, pc}
.Ltmp415:
.Lfunc_end36:
	.size	spi_flash_program_fail, .Lfunc_end36-spi_flash_program_fail
	.cfi_endproc
	.cantunwind
	.fnend
                                        @ -- End function
	.hidden	spi_flash_read_data             @ -- Begin function spi_flash_read_data
	.globl	spi_flash_read_data
	.p2align	2
	.type	spi_flash_read_data,%function
	.code	16                              @ @spi_flash_read_data
	.thumb_func
spi_flash_read_data:
.Lfunc_begin37:
	.loc	3 1120 0 is_stmt 1              @ ../../../../../sdk/platform/driver/spi_flash/spi_flash.c:1120:0
	.fnstart
	.cfi_startproc
@ %bb.0:
	@DEBUG_VALUE: spi_flash_read_data:rd_data_ptr <- $r0
	@DEBUG_VALUE: spi_flash_read_data:address <- $r1
	@DEBUG_VALUE: spi_flash_read_data:size <- $r2
	@DEBUG_VALUE: spi_flash_read_data:actual_size <- $r3
	.save	{r4, r5, r6, r7, lr}
	.pad	#4
	push	{r3, r4, r5, r6, r7, lr}
	.cfi_def_cfa_offset 24
	.cfi_offset lr, -4
	.cfi_offset r7, -8
	.cfi_offset r6, -12
	.cfi_offset r5, -16
	.cfi_offset r4, -20
	mov	r4, r3
.Ltmp416:
	@DEBUG_VALUE: spi_flash_read_data:actual_size <- $r4
	mov	r7, r2
.Ltmp417:
	@DEBUG_VALUE: spi_flash_read_data:size <- $r7
	mov	r6, r1
.Ltmp418:
	@DEBUG_VALUE: spi_flash_read_data:address <- $r6
	mov	r5, r0
.Ltmp419:
	@DEBUG_VALUE: spi_flash_read_data:rd_data_ptr <- $r5
	.loc	3 1124 21 prologue_end          @ ../../../../../sdk/platform/driver/spi_flash/spi_flash.c:1124:21
	bl	spi_flash_is_busy
.Ltmp420:
	@DEBUG_VALUE: spi_flash_read_data:status <- $r0
	.loc	3 1125 9                        @ ../../../../../sdk/platform/driver/spi_flash/spi_flash.c:1125:9
	cmp	r0, #0
	beq	.LBB37_2
.Ltmp421:
@ %bb.1:
	@DEBUG_VALUE: spi_flash_read_data:status <- $r0
	@DEBUG_VALUE: spi_flash_read_data:rd_data_ptr <- $r5
	@DEBUG_VALUE: spi_flash_read_data:address <- $r6
	@DEBUG_VALUE: spi_flash_read_data:size <- $r7
	@DEBUG_VALUE: spi_flash_read_data:actual_size <- $r4
	.loc	3 1157 1 epilogue_begin         @ ../../../../../sdk/platform/driver/spi_flash/spi_flash.c:1157:1
	pop	{r3, r4, r5, r6, r7, pc}
.Ltmp422:
.LBB37_2:
	@DEBUG_VALUE: spi_flash_read_data:status <- $r0
	@DEBUG_VALUE: spi_flash_read_data:rd_data_ptr <- $r5
	@DEBUG_VALUE: spi_flash_read_data:address <- $r6
	@DEBUG_VALUE: spi_flash_read_data:size <- $r7
	@DEBUG_VALUE: spi_flash_read_data:actual_size <- $r4
	.loc	3 1131 14                       @ ../../../../../sdk/platform/driver/spi_flash/spi_flash.c:1131:14
	adds	r1, r7, r6
	.loc	3 1131 44 is_stmt 0             @ ../../../../../sdk/platform/driver/spi_flash/spi_flash.c:1131:44
	ldr	r0, __arm_cp.37_0
.Ltmp423:
	ldr	r0, [r0, #8]
.Ltmp424:
	.loc	3 1131 9                        @ ../../../../../sdk/platform/driver/spi_flash/spi_flash.c:1131:9
	cmp	r1, r0
	bls	.LBB37_4
.Ltmp425:
@ %bb.3:
	@DEBUG_VALUE: spi_flash_read_data:rd_data_ptr <- $r5
	@DEBUG_VALUE: spi_flash_read_data:address <- $r6
	@DEBUG_VALUE: spi_flash_read_data:size <- $r7
	@DEBUG_VALUE: spi_flash_read_data:actual_size <- $r4
	subs	r7, r0, r6
.Ltmp426:
	@DEBUG_VALUE: spi_flash_read_data:size <- [DW_OP_LLVM_entry_value 1] $r2
.LBB37_4:
	@DEBUG_VALUE: spi_flash_read_data:rd_data_ptr <- $r5
	@DEBUG_VALUE: spi_flash_read_data:address <- $r6
	@DEBUG_VALUE: spi_flash_read_data:actual_size <- $r4
	.loc	3 0 0                           @ ../../../../../sdk/platform/driver/spi_flash/spi_flash.c:0:0
	str	r7, [r4]
	movs	r0, #2
.Ltmp427:
	.loc	3 1141 5 is_stmt 1              @ ../../../../../sdk/platform/driver/spi_flash/spi_flash.c:1141:5
	bl	spi_set_bitmode
.Ltmp428:
	.loc	3 1142 5                        @ ../../../../../sdk/platform/driver/spi_flash/spi_flash.c:1142:5
	bl	spi_cs_low
.Ltmp429:
	.loc	3 0 5 is_stmt 0                 @ ../../../../../sdk/platform/driver/spi_flash/spi_flash.c:0:5
	movs	r0, #3
	lsls	r0, r0, #24
	.loc	3 1144 42 is_stmt 1             @ ../../../../../sdk/platform/driver/spi_flash/spi_flash.c:1144:42
	orrs	r6, r0
.Ltmp430:
	@DEBUG_VALUE: spi_flash_read_data:address <- [DW_OP_LLVM_entry_value 1] $r1
	.loc	3 1144 5 is_stmt 0              @ ../../../../../sdk/platform/driver/spi_flash/spi_flash.c:1144:5
	mov	r0, r6
	bl	spi_access
.Ltmp431:
	.loc	3 0 5                           @ ../../../../../sdk/platform/driver/spi_flash/spi_flash.c:0:5
	movs	r6, #0
	.loc	3 1146 5 is_stmt 1              @ ../../../../../sdk/platform/driver/spi_flash/spi_flash.c:1146:5
	mov	r0, r6
	bl	spi_set_bitmode
.Ltmp432:
	@DEBUG_VALUE: i <- 0
.LBB37_5:                               @ =>This Inner Loop Header: Depth=1
	@DEBUG_VALUE: spi_flash_read_data:address <- [DW_OP_LLVM_entry_value 1] $r1
	@DEBUG_VALUE: spi_flash_read_data:actual_size <- $r4
	@DEBUG_VALUE: spi_flash_read_data:rd_data_ptr <- [DW_OP_LLVM_arg 0, DW_OP_LLVM_arg 0, DW_OP_plus, DW_OP_stack_value] undef
	@DEBUG_VALUE: i <- $r6
	.loc	3 1149 30                       @ ../../../../../sdk/platform/driver/spi_flash/spi_flash.c:1149:30
	ldr	r0, [r4]
.Ltmp433:
	.loc	3 1149 5 is_stmt 0              @ ../../../../../sdk/platform/driver/spi_flash/spi_flash.c:1149:5
	cmp	r6, r0
	bhs	.LBB37_7
.Ltmp434:
@ %bb.6:                                @   in Loop: Header=BB37_5 Depth=1
	@DEBUG_VALUE: i <- $r6
	@DEBUG_VALUE: spi_flash_read_data:address <- [DW_OP_LLVM_entry_value 1] $r1
	@DEBUG_VALUE: spi_flash_read_data:actual_size <- $r4
	.loc	3 0 5                           @ ../../../../../sdk/platform/driver/spi_flash/spi_flash.c:0:5
	movs	r0, #0
.Ltmp435:
	.loc	3 1151 36 is_stmt 1             @ ../../../../../sdk/platform/driver/spi_flash/spi_flash.c:1151:36
	bl	spi_access
.Ltmp436:
	@DEBUG_VALUE: spi_flash_read_data:rd_data_ptr <- [DW_OP_LLVM_arg 0, DW_OP_consts 1, DW_OP_LLVM_arg 0, DW_OP_plus, DW_OP_plus, DW_OP_stack_value] undef
	.loc	3 1151 24 is_stmt 0             @ ../../../../../sdk/platform/driver/spi_flash/spi_flash.c:1151:24
	strb	r0, [r5, r6]
.Ltmp437:
	.loc	3 1149 45 is_stmt 1             @ ../../../../../sdk/platform/driver/spi_flash/spi_flash.c:1149:45
	adds	r6, r6, #1
.Ltmp438:
	@DEBUG_VALUE: i <- $r6
	.loc	3 1149 5 is_stmt 0              @ ../../../../../sdk/platform/driver/spi_flash/spi_flash.c:1149:5
	b	.LBB37_5
.Ltmp439:
.LBB37_7:
	@DEBUG_VALUE: spi_flash_read_data:address <- [DW_OP_LLVM_entry_value 1] $r1
	@DEBUG_VALUE: spi_flash_read_data:actual_size <- $r4
	.loc	3 1154 5 is_stmt 1              @ ../../../../../sdk/platform/driver/spi_flash/spi_flash.c:1154:5
	bl	spi_cs_high
.Ltmp440:
	.loc	3 0 5 is_stmt 0                 @ ../../../../../sdk/platform/driver/spi_flash/spi_flash.c:0:5
	movs	r0, #0
	.loc	3 1157 1 epilogue_begin is_stmt 1 @ ../../../../../sdk/platform/driver/spi_flash/spi_flash.c:1157:1
	pop	{r3, r4, r5, r6, r7, pc}
.Ltmp441:
	.loc	3 0 1 is_stmt 0                 @ :0:1
.Ltmp442:
	.p2align	2
@ %bb.8:
__arm_cp.37_0:
	.long	spi_flash_cfg_env
.Lcpi_end12:
	.size	__arm_cp.37_0, .Lcpi_end12-__arm_cp.37_0
.Lfunc_end37:
	.size	spi_flash_read_data, .Lfunc_end37-spi_flash_read_data
	.cfi_endproc
	.cantunwind
	.fnend
                                        @ -- End function
	.hidden	spi_flash_read_data_buffer      @ -- Begin function spi_flash_read_data_buffer
	.globl	spi_flash_read_data_buffer
	.p2align	2
	.type	spi_flash_read_data_buffer,%function
	.code	16                              @ @spi_flash_read_data_buffer
	.thumb_func
spi_flash_read_data_buffer:
.Lfunc_begin38:
	.loc	3 1161 0 is_stmt 1              @ ../../../../../sdk/platform/driver/spi_flash/spi_flash.c:1161:0
	.fnstart
	.cfi_startproc
@ %bb.0:
	@DEBUG_VALUE: spi_flash_read_data_buffer:rd_data_ptr <- $r0
	@DEBUG_VALUE: spi_flash_read_data_buffer:address <- $r1
	@DEBUG_VALUE: spi_flash_read_data_buffer:size <- $r2
	@DEBUG_VALUE: spi_flash_read_data_buffer:actual_size <- $r3
	.save	{r4, r5, r6, r7, lr}
	.pad	#4
	push	{r3, r4, r5, r6, r7, lr}
	.cfi_def_cfa_offset 24
	.cfi_offset lr, -4
	.cfi_offset r7, -8
	.cfi_offset r6, -12
	.cfi_offset r5, -16
	.cfi_offset r4, -20
	mov	r5, r3
.Ltmp443:
	@DEBUG_VALUE: spi_flash_read_data_buffer:actual_size <- $r5
	mov	r7, r2
.Ltmp444:
	@DEBUG_VALUE: spi_flash_read_data_buffer:size <- $r7
	mov	r6, r1
.Ltmp445:
	@DEBUG_VALUE: spi_flash_read_data_buffer:address <- $r6
	mov	r4, r0
.Ltmp446:
	@DEBUG_VALUE: spi_flash_read_data_buffer:rd_data_ptr <- $r4
	.loc	3 1165 21 prologue_end          @ ../../../../../sdk/platform/driver/spi_flash/spi_flash.c:1165:21
	bl	spi_flash_is_busy
.Ltmp447:
	@DEBUG_VALUE: spi_flash_read_data_buffer:status <- $r0
	.loc	3 1166 9                        @ ../../../../../sdk/platform/driver/spi_flash/spi_flash.c:1166:9
	cmp	r0, #0
	beq	.LBB38_2
.Ltmp448:
@ %bb.1:
	@DEBUG_VALUE: spi_flash_read_data_buffer:status <- $r0
	@DEBUG_VALUE: spi_flash_read_data_buffer:rd_data_ptr <- $r4
	@DEBUG_VALUE: spi_flash_read_data_buffer:address <- $r6
	@DEBUG_VALUE: spi_flash_read_data_buffer:size <- $r7
	@DEBUG_VALUE: spi_flash_read_data_buffer:actual_size <- $r5
	.loc	3 1208 1 epilogue_begin         @ ../../../../../sdk/platform/driver/spi_flash/spi_flash.c:1208:1
	pop	{r3, r4, r5, r6, r7, pc}
.Ltmp449:
.LBB38_2:
	@DEBUG_VALUE: spi_flash_read_data_buffer:status <- $r0
	@DEBUG_VALUE: spi_flash_read_data_buffer:rd_data_ptr <- $r4
	@DEBUG_VALUE: spi_flash_read_data_buffer:address <- $r6
	@DEBUG_VALUE: spi_flash_read_data_buffer:size <- $r7
	@DEBUG_VALUE: spi_flash_read_data_buffer:actual_size <- $r5
	.loc	3 1172 14                       @ ../../../../../sdk/platform/driver/spi_flash/spi_flash.c:1172:14
	adds	r1, r7, r6
	.loc	3 1172 44 is_stmt 0             @ ../../../../../sdk/platform/driver/spi_flash/spi_flash.c:1172:44
	ldr	r0, __arm_cp.38_0
.Ltmp450:
	ldr	r0, [r0, #8]
.Ltmp451:
	.loc	3 1172 9                        @ ../../../../../sdk/platform/driver/spi_flash/spi_flash.c:1172:9
	cmp	r1, r0
	str	r4, [sp]                        @ 4-byte Spill
.Ltmp452:
	@DEBUG_VALUE: spi_flash_read_data_buffer:rd_data_ptr <- [$sp+0]
	bls	.LBB38_4
.Ltmp453:
@ %bb.3:
	@DEBUG_VALUE: spi_flash_read_data_buffer:rd_data_ptr <- [$sp+0]
	@DEBUG_VALUE: spi_flash_read_data_buffer:address <- $r6
	@DEBUG_VALUE: spi_flash_read_data_buffer:size <- $r7
	@DEBUG_VALUE: spi_flash_read_data_buffer:actual_size <- $r5
	subs	r7, r0, r6
.Ltmp454:
	@DEBUG_VALUE: spi_flash_read_data_buffer:size <- [DW_OP_LLVM_entry_value 1] $r2
.LBB38_4:
	@DEBUG_VALUE: spi_flash_read_data_buffer:rd_data_ptr <- [$sp+0]
	@DEBUG_VALUE: spi_flash_read_data_buffer:address <- $r6
	@DEBUG_VALUE: spi_flash_read_data_buffer:actual_size <- $r5
	.loc	3 0 0                           @ ../../../../../sdk/platform/driver/spi_flash/spi_flash.c:0:0
	str	r7, [r5]
	movs	r0, #2
.Ltmp455:
	.loc	3 1182 5 is_stmt 1              @ ../../../../../sdk/platform/driver/spi_flash/spi_flash.c:1182:5
	bl	spi_set_bitmode
.Ltmp456:
	.loc	3 1183 5                        @ ../../../../../sdk/platform/driver/spi_flash/spi_flash.c:1183:5
	bl	spi_cs_low
.Ltmp457:
	.loc	3 0 5 is_stmt 0                 @ ../../../../../sdk/platform/driver/spi_flash/spi_flash.c:0:5
	movs	r0, #3
	lsls	r0, r0, #24
	.loc	3 1185 42 is_stmt 1             @ ../../../../../sdk/platform/driver/spi_flash/spi_flash.c:1185:42
	orrs	r6, r0
.Ltmp458:
	@DEBUG_VALUE: spi_flash_read_data_buffer:address <- [DW_OP_LLVM_entry_value 1] $r1
	.loc	3 1185 5 is_stmt 0              @ ../../../../../sdk/platform/driver/spi_flash/spi_flash.c:1185:5
	mov	r0, r6
	bl	spi_access
.Ltmp459:
	.loc	3 0 5                           @ ../../../../../sdk/platform/driver/spi_flash/spi_flash.c:0:5
	movs	r6, #0
	.loc	3 1187 5 is_stmt 1              @ ../../../../../sdk/platform/driver/spi_flash/spi_flash.c:1187:5
	mov	r0, r6
	bl	spi_set_bitmode
.Ltmp460:
	@DEBUG_VALUE: i <- 0
	@DEBUG_VALUE: spi_flash_read_data_buffer:MAX_SPI_RECEIVE <- -1
	.loc	3 0 5 is_stmt 0                 @ ../../../../../sdk/platform/driver/spi_flash/spi_flash.c:0:5
	ldr	r7, __arm_cp.38_1
.Ltmp461:
.LBB38_5:                               @ =>This Inner Loop Header: Depth=1
	@DEBUG_VALUE: spi_flash_read_data_buffer:MAX_SPI_RECEIVE <- -1
	@DEBUG_VALUE: spi_flash_read_data_buffer:address <- [DW_OP_LLVM_entry_value 1] $r1
	@DEBUG_VALUE: spi_flash_read_data_buffer:rd_data_ptr <- [$sp+0]
	@DEBUG_VALUE: i <- $r6
	mov	r4, r5
.Ltmp462:
	.loc	3 1192 25 is_stmt 1             @ ../../../../../sdk/platform/driver/spi_flash/spi_flash.c:1192:25
	ldr	r5, [r5]
.Ltmp463:
	@DEBUG_VALUE: spi_flash_read_data_buffer:actual_size <- [DW_OP_LLVM_entry_value 1] $r3
	.loc	3 1192 38 is_stmt 0             @ ../../../../../sdk/platform/driver/spi_flash/spi_flash.c:1192:38
	mov	r0, r5
	mov	r1, r7
	bl	__aeabi_uidiv
.Ltmp464:
	.loc	3 1192 5                        @ ../../../../../sdk/platform/driver/spi_flash/spi_flash.c:1192:5
	cmp	r6, r0
	bhs	.LBB38_7
.Ltmp465:
@ %bb.6:                                @   in Loop: Header=BB38_5 Depth=1
	@DEBUG_VALUE: i <- $r6
	@DEBUG_VALUE: spi_flash_read_data_buffer:rd_data_ptr <- [$sp+0]
	@DEBUG_VALUE: spi_flash_read_data_buffer:MAX_SPI_RECEIVE <- -1
	@DEBUG_VALUE: spi_flash_read_data_buffer:address <- [DW_OP_LLVM_entry_value 1] $r1
	.loc	3 0 5                           @ ../../../../../sdk/platform/driver/spi_flash/spi_flash.c:0:5
	movs	r2, #0
	ldr	r5, [sp]                        @ 4-byte Reload
.Ltmp466:
	.loc	3 1194 9 is_stmt 1              @ ../../../../../sdk/platform/driver/spi_flash/spi_flash.c:1194:9
	mov	r0, r5
	mov	r1, r7
	bl	spi_receive
.Ltmp467:
	.loc	3 1195 21                       @ ../../../../../sdk/platform/driver/spi_flash/spi_flash.c:1195:21
	adds	r5, r5, r7
.Ltmp468:
	@DEBUG_VALUE: spi_flash_read_data_buffer:rd_data_ptr <- $r5
	.loc	3 0 21 is_stmt 0                @ ../../../../../sdk/platform/driver/spi_flash/spi_flash.c:0:21
	str	r5, [sp]                        @ 4-byte Spill
.Ltmp469:
	@DEBUG_VALUE: spi_flash_read_data_buffer:rd_data_ptr <- [$sp+0]
	@DEBUG_VALUE: spi_flash_read_data_buffer:rd_data_ptr <- [$sp+0]
	@DEBUG_VALUE: spi_flash_read_data_buffer:rd_data_ptr <- [$sp+0]
	.loc	3 1192 58 is_stmt 1             @ ../../../../../sdk/platform/driver/spi_flash/spi_flash.c:1192:58
	adds	r6, r6, #1
.Ltmp470:
	@DEBUG_VALUE: i <- $r6
	.loc	3 0 58 is_stmt 0                @ ../../../../../sdk/platform/driver/spi_flash/spi_flash.c:0:58
	mov	r5, r4
	.loc	3 1192 5                        @ ../../../../../sdk/platform/driver/spi_flash/spi_flash.c:1192:5
	b	.LBB38_5
.Ltmp471:
.LBB38_7:
	@DEBUG_VALUE: spi_flash_read_data_buffer:rd_data_ptr <- [$sp+0]
	@DEBUG_VALUE: spi_flash_read_data_buffer:MAX_SPI_RECEIVE <- -1
	@DEBUG_VALUE: spi_flash_read_data_buffer:address <- [DW_OP_LLVM_entry_value 1] $r1
	.loc	3 1198 43 is_stmt 1             @ ../../../../../sdk/platform/driver/spi_flash/spi_flash.c:1198:43
	muls	r7, r0, r7
	subs	r0, r5, r7
.Ltmp472:
	@DEBUG_VALUE: spi_flash_read_data_buffer:remaining_len <- [DW_OP_LLVM_convert 32 7, DW_OP_LLVM_convert 16 7, DW_OP_stack_value] $r0
	.loc	3 1200 9                        @ ../../../../../sdk/platform/driver/spi_flash/spi_flash.c:1200:9
	beq	.LBB38_9
.Ltmp473:
@ %bb.8:
	@DEBUG_VALUE: spi_flash_read_data_buffer:remaining_len <- [DW_OP_LLVM_convert 32 7, DW_OP_LLVM_convert 16 7, DW_OP_stack_value] $r0
	@DEBUG_VALUE: spi_flash_read_data_buffer:rd_data_ptr <- [$sp+0]
	@DEBUG_VALUE: spi_flash_read_data_buffer:MAX_SPI_RECEIVE <- -1
	@DEBUG_VALUE: spi_flash_read_data_buffer:address <- [DW_OP_LLVM_entry_value 1] $r1
	.loc	3 1202 9                        @ ../../../../../sdk/platform/driver/spi_flash/spi_flash.c:1202:9
	uxth	r1, r0
.Ltmp474:
	@DEBUG_VALUE: spi_flash_read_data_buffer:remaining_len <- $r1
	.loc	3 0 9 is_stmt 0                 @ ../../../../../sdk/platform/driver/spi_flash/spi_flash.c:0:9
	movs	r2, #0
	.loc	3 1202 9                        @ ../../../../../sdk/platform/driver/spi_flash/spi_flash.c:1202:9
	ldr	r0, [sp]                        @ 4-byte Reload
	bl	spi_receive
.Ltmp475:
.LBB38_9:
	@DEBUG_VALUE: spi_flash_read_data_buffer:rd_data_ptr <- [$sp+0]
	@DEBUG_VALUE: spi_flash_read_data_buffer:MAX_SPI_RECEIVE <- -1
	@DEBUG_VALUE: spi_flash_read_data_buffer:address <- [DW_OP_LLVM_entry_value 1] $r1
	.loc	3 1205 5 is_stmt 1              @ ../../../../../sdk/platform/driver/spi_flash/spi_flash.c:1205:5
	bl	spi_cs_high
.Ltmp476:
	.loc	3 0 5 is_stmt 0                 @ ../../../../../sdk/platform/driver/spi_flash/spi_flash.c:0:5
	movs	r0, #0
	.loc	3 1208 1 epilogue_begin is_stmt 1 @ ../../../../../sdk/platform/driver/spi_flash/spi_flash.c:1208:1
	pop	{r3, r4, r5, r6, r7, pc}
.Ltmp477:
	.loc	3 0 1 is_stmt 0                 @ :0:1
.Ltmp478:
	.p2align	2
@ %bb.10:
__arm_cp.38_0:
	.long	spi_flash_cfg_env
.Lcpi_end13:
	.size	__arm_cp.38_0, .Lcpi_end13-__arm_cp.38_0
__arm_cp.38_1:
	.long	65535                           @ 0xffff
.Lcpi_end14:
	.size	__arm_cp.38_1, .Lcpi_end14-__arm_cp.38_1
.Lfunc_end38:
	.size	spi_flash_read_data_buffer, .Lfunc_end38-spi_flash_read_data_buffer
	.cfi_endproc
	.cantunwind
	.fnend
                                        @ -- End function
	.hidden	spi_flash_is_page_empty         @ -- Begin function spi_flash_is_page_empty
	.globl	spi_flash_is_page_empty
	.p2align	1
	.type	spi_flash_is_page_empty,%function
	.code	16                              @ @spi_flash_is_page_empty
	.thumb_func
spi_flash_is_page_empty:
.Lfunc_begin39:
	.loc	3 1273 0 is_stmt 1              @ ../../../../../sdk/platform/driver/spi_flash/spi_flash.c:1273:0
	.fnstart
	.cfi_startproc
@ %bb.0:
	@DEBUG_VALUE: spi_flash_is_page_empty:page_address <- $r0
	.save	{r4, lr}
	push	{r4, lr}
	.cfi_def_cfa_offset 8
	.cfi_offset lr, -4
	.cfi_offset r4, -8
	.pad	#264
	sub	sp, #264
	.cfi_def_cfa_offset 272
	mov	r1, r0
.Ltmp479:
	@DEBUG_VALUE: spi_flash_is_page_empty:page_address <- $r1
	movs	r0, #1
	lsls	r4, r0, #8
	add	r0, sp, #8
	add	r3, sp, #4
.Ltmp480:
	.loc	3 1278 14 prologue_end          @ ../../../../../sdk/platform/driver/spi_flash/spi_flash.c:1278:14
	mov	r2, r4
	bl	spi_flash_read_data
.Ltmp481:
	@DEBUG_VALUE: spi_flash_is_page_empty:status <- $r0
	.loc	3 1279 9                        @ ../../../../../sdk/platform/driver/spi_flash/spi_flash.c:1279:9
	cmp	r0, #0
	bne	.LBB39_8
.Ltmp482:
@ %bb.1:
	@DEBUG_VALUE: spi_flash_is_page_empty:status <- $r0
	.loc	3 1283 9                        @ ../../../../../sdk/platform/driver/spi_flash/spi_flash.c:1283:9
	ldr	r0, [sp, #4]
.Ltmp483:
	.loc	3 1283 9 is_stmt 0              @ ../../../../../sdk/platform/driver/spi_flash/spi_flash.c:1283:9
	cmp	r0, r4
	bne	.LBB39_6
@ %bb.2:
	.loc	3 0 9                           @ ../../../../../sdk/platform/driver/spi_flash/spi_flash.c:0:9
	movs	r0, #65
	add	r1, sp, #8
.LBB39_3:                               @ =>This Inner Loop Header: Depth=1
.Ltmp484:
	@DEBUG_VALUE: data_cnt <- [DW_OP_consts 65, DW_OP_minus, DW_OP_consts 18446744073709551615, DW_OP_div, DW_OP_stack_value] $r0
	.loc	3 1289 42 is_stmt 1             @ ../../../../../sdk/platform/driver/spi_flash/spi_flash.c:1289:42
	subs	r0, r0, #1
.Ltmp485:
	.loc	3 1289 5 is_stmt 0              @ ../../../../../sdk/platform/driver/spi_flash/spi_flash.c:1289:5
	beq	.LBB39_7
@ %bb.4:                                @   in Loop: Header=BB39_3 Depth=1
.Ltmp486:
	.loc	3 0 0                           @ ../../../../../sdk/platform/driver/spi_flash/spi_flash.c:0:0
	adds	r2, r1, #4
.Ltmp487:
	.loc	3 1291 13 is_stmt 1             @ ../../../../../sdk/platform/driver/spi_flash/spi_flash.c:1291:13
	ldr	r1, [r1]
.Ltmp488:
	@DEBUG_VALUE: data_cnt <- [DW_OP_consts 65, DW_OP_minus, DW_OP_consts 18446744073709551615, DW_OP_div, DW_OP_consts 1, DW_OP_plus, DW_OP_stack_value] $r0
	.loc	3 1291 13 is_stmt 0             @ ../../../../../sdk/platform/driver/spi_flash/spi_flash.c:1291:13
	adds	r1, r1, #1
	mov	r1, r2
	beq	.LBB39_3
.Ltmp489:
@ %bb.5:
	@DEBUG_VALUE: data_cnt <- [DW_OP_consts 65, DW_OP_minus, DW_OP_consts 18446744073709551615, DW_OP_div, DW_OP_consts 1, DW_OP_plus, DW_OP_stack_value] $r0
	.loc	3 0 13                          @ ../../../../../sdk/platform/driver/spi_flash/spi_flash.c:0:13
	movs	r0, #254
	b	.LBB39_8
.LBB39_6:
	movs	r0, #247
	.loc	3 1283 9 is_stmt 1              @ ../../../../../sdk/platform/driver/spi_flash/spi_flash.c:1283:9
	b	.LBB39_8
.LBB39_7:
	.loc	3 0 9 is_stmt 0                 @ ../../../../../sdk/platform/driver/spi_flash/spi_flash.c:0:9
	movs	r0, #0
.LBB39_8:
	.loc	3 1296 1 is_stmt 1              @ ../../../../../sdk/platform/driver/spi_flash/spi_flash.c:1296:1
	sxtb	r0, r0
	.loc	3 1296 1 epilogue_begin is_stmt 0 @ ../../../../../sdk/platform/driver/spi_flash/spi_flash.c:1296:1
	add	sp, #264
	pop	{r4, pc}
.Ltmp490:
.Lfunc_end39:
	.size	spi_flash_is_page_empty, .Lfunc_end39-spi_flash_is_page_empty
	.cfi_endproc
	.cantunwind
	.fnend
                                        @ -- End function
	.hidden	spi_flash_is_sector_empty       @ -- Begin function spi_flash_is_sector_empty
	.globl	spi_flash_is_sector_empty
	.p2align	2
	.type	spi_flash_is_sector_empty,%function
	.code	16                              @ @spi_flash_is_sector_empty
	.thumb_func
spi_flash_is_sector_empty:
.Lfunc_begin40:
	.loc	3 1299 0 is_stmt 1              @ ../../../../../sdk/platform/driver/spi_flash/spi_flash.c:1299:0
	.fnstart
	.cfi_startproc
@ %bb.0:
	@DEBUG_VALUE: spi_flash_is_sector_empty:sector_address <- $r0
	.save	{r4, r5, r7, lr}
	push	{r4, r5, r7, lr}
	.cfi_def_cfa_offset 16
	.cfi_offset lr, -4
	.cfi_offset r7, -8
	.cfi_offset r5, -12
	.cfi_offset r4, -16
	mov	r1, r0
.Ltmp491:
	@DEBUG_VALUE: i <- 0
	@DEBUG_VALUE: spi_flash_is_sector_empty:sector_address <- $r1
	ldr	r0, __arm_cp.40_0
.Ltmp492:
	.loc	3 1304 69 prologue_end          @ ../../../../../sdk/platform/driver/spi_flash/spi_flash.c:1304:69
	ands	r0, r1
	movs	r4, #17
.Ltmp493:
.LBB40_1:                               @ =>This Inner Loop Header: Depth=1
	@DEBUG_VALUE: i <- [DW_OP_consts 17, DW_OP_minus, DW_OP_consts 18446744073709551615, DW_OP_div, DW_OP_stack_value] $r4
	.loc	3 1302 28                       @ ../../../../../sdk/platform/driver/spi_flash/spi_flash.c:1302:28
	subs	r4, r4, #1
.Ltmp494:
	.loc	3 1302 5 is_stmt 0              @ ../../../../../sdk/platform/driver/spi_flash/spi_flash.c:1302:5
	beq	.LBB40_3
@ %bb.2:                                @   in Loop: Header=BB40_1 Depth=1
	.loc	3 0 5                           @ ../../../../../sdk/platform/driver/spi_flash/spi_flash.c:0:5
	movs	r1, #1
	lsls	r1, r1, #8
.Ltmp495:
	adds	r5, r0, r1
.Ltmp496:
	.loc	3 1304 18 is_stmt 1             @ ../../../../../sdk/platform/driver/spi_flash/spi_flash.c:1304:18
	bl	spi_flash_is_page_empty
.Ltmp497:
	mov	r1, r0
.Ltmp498:
	@DEBUG_VALUE: spi_flash_is_sector_empty:status <- $r1
	@DEBUG_VALUE: i <- [DW_OP_consts 17, DW_OP_minus, DW_OP_consts 18446744073709551615, DW_OP_div, DW_OP_consts 1, DW_OP_plus, DW_OP_stack_value] $r4
	.loc	3 1305 13                       @ ../../../../../sdk/platform/driver/spi_flash/spi_flash.c:1305:13
	cmp	r0, #0
	mov	r0, r5
	beq	.LBB40_1
	b	.LBB40_4
.Ltmp499:
.LBB40_3:
	.loc	3 0 13 is_stmt 0                @ ../../../../../sdk/platform/driver/spi_flash/spi_flash.c:0:13
	movs	r1, #0
.LBB40_4:
	.loc	3 1311 1 is_stmt 1              @ ../../../../../sdk/platform/driver/spi_flash/spi_flash.c:1311:1
	mov	r0, r1
	.loc	3 1311 1 epilogue_begin is_stmt 0 @ ../../../../../sdk/platform/driver/spi_flash/spi_flash.c:1311:1
	pop	{r4, r5, r7, pc}
.Ltmp500:
	.loc	3 0 1                           @ :0:1
.Ltmp501:
	.p2align	2
@ %bb.5:
__arm_cp.40_0:
	.long	16776960                        @ 0xffff00
.Lcpi_end15:
	.size	__arm_cp.40_0, .Lcpi_end15-__arm_cp.40_0
.Lfunc_end40:
	.size	spi_flash_is_sector_empty, .Lfunc_end40-spi_flash_is_sector_empty
	.cfi_endproc
	.cantunwind
	.fnend
                                        @ -- End function
	.hidden	spi_flash_is_empty              @ -- Begin function spi_flash_is_empty
	.globl	spi_flash_is_empty
	.p2align	2
	.type	spi_flash_is_empty,%function
	.code	16                              @ @spi_flash_is_empty
	.thumb_func
spi_flash_is_empty:
.Lfunc_begin41:
	.loc	3 1314 0 is_stmt 1              @ ../../../../../sdk/platform/driver/spi_flash/spi_flash.c:1314:0
	.fnstart
	.cfi_startproc
@ %bb.0:
	.save	{r4, r5, r6, lr}
	push	{r4, r5, r6, lr}
	.cfi_def_cfa_offset 16
	.cfi_offset lr, -4
	.cfi_offset r6, -8
	.cfi_offset r5, -12
	.cfi_offset r4, -16
.Ltmp502:
	.loc	3 1317 57 prologue_end          @ ../../../../../sdk/platform/driver/spi_flash/spi_flash.c:1317:57
	ldr	r0, __arm_cp.41_0
	ldr	r0, [r0, #8]
	.loc	3 1317 67 is_stmt 0             @ ../../../../../sdk/platform/driver/spi_flash/spi_flash.c:1317:67
	lsrs	r0, r0, #12
	@DEBUG_VALUE: i <- 0
.Ltmp503:
	@DEBUG_VALUE: spi_flash_is_empty:sector_num <- [DW_OP_LLVM_convert 32 7, DW_OP_LLVM_convert 16 7, DW_OP_stack_value] $r0
	.loc	3 0 67                          @ ../../../../../sdk/platform/driver/spi_flash/spi_flash.c:0:67
	uxth	r5, r0
	movs	r4, #0
	mov	r6, r4
.Ltmp504:
.LBB41_1:                               @ =>This Inner Loop Header: Depth=1
	@DEBUG_VALUE: i <- $r6
	.loc	3 1319 5 is_stmt 1              @ ../../../../../sdk/platform/driver/spi_flash/spi_flash.c:1319:5
	cmp	r6, r5
	bhs	.LBB41_4
.Ltmp505:
@ %bb.2:                                @   in Loop: Header=BB41_1 Depth=1
	@DEBUG_VALUE: i <- $r6
	.loc	3 1321 57                       @ ../../../../../sdk/platform/driver/spi_flash/spi_flash.c:1321:57
	lsls	r0, r6, #12
	.loc	3 1321 18 is_stmt 0             @ ../../../../../sdk/platform/driver/spi_flash/spi_flash.c:1321:18
	bl	spi_flash_is_sector_empty
.Ltmp506:
	@DEBUG_VALUE: spi_flash_is_empty:status <- $r0
	.loc	3 1319 43 is_stmt 1             @ ../../../../../sdk/platform/driver/spi_flash/spi_flash.c:1319:43
	adds	r6, r6, #1
.Ltmp507:
	@DEBUG_VALUE: i <- $r6
	.loc	3 1322 13                       @ ../../../../../sdk/platform/driver/spi_flash/spi_flash.c:1322:13
	cmp	r0, #0
	beq	.LBB41_1
.Ltmp508:
@ %bb.3:
	@DEBUG_VALUE: spi_flash_is_empty:status <- $r0
	.loc	3 1328 1 epilogue_begin         @ ../../../../../sdk/platform/driver/spi_flash/spi_flash.c:1328:1
	pop	{r4, r5, r6, pc}
.Ltmp509:
.LBB41_4:
	.loc	3 0 1 is_stmt 0                 @ ../../../../../sdk/platform/driver/spi_flash/spi_flash.c:0:1
	mov	r0, r4
	.loc	3 1328 1 epilogue_begin         @ ../../../../../sdk/platform/driver/spi_flash/spi_flash.c:1328:1
	pop	{r4, r5, r6, pc}
.Ltmp510:
	.loc	3 0 1                           @ :0:1
.Ltmp511:
	.p2align	2
@ %bb.5:
__arm_cp.41_0:
	.long	spi_flash_cfg_env
.Lcpi_end16:
	.size	__arm_cp.41_0, .Lcpi_end16-__arm_cp.41_0
.Lfunc_end41:
	.size	spi_flash_is_empty, .Lfunc_end41-spi_flash_is_empty
	.cfi_endproc
	.cantunwind
	.fnend
                                        @ -- End function
	.hidden	spi_flash_enable_power_pin      @ -- Begin function spi_flash_enable_power_pin
	.globl	spi_flash_enable_power_pin
	.p2align	1
	.type	spi_flash_enable_power_pin,%function
	.code	16                              @ @spi_flash_enable_power_pin
	.thumb_func
spi_flash_enable_power_pin:
.Lfunc_begin42:
	.loc	3 1389 0 is_stmt 1              @ ../../../../../sdk/platform/driver/spi_flash/spi_flash.c:1389:0
	.fnstart
	.cfi_startproc
@ %bb.0:
	movs	r0, #1
.Ltmp512:
	.loc	3 1407 5 prologue_end           @ ../../../../../sdk/platform/driver/spi_flash/spi_flash.c:1407:5
	bx	lr
.Ltmp513:
.Lfunc_end42:
	.size	spi_flash_enable_power_pin, .Lfunc_end42-spi_flash_enable_power_pin
	.cfi_endproc
	.cantunwind
	.fnend
                                        @ -- End function
	.hidden	spi_flash_disable_power_pin     @ -- Begin function spi_flash_disable_power_pin
	.globl	spi_flash_disable_power_pin
	.p2align	1
	.type	spi_flash_disable_power_pin,%function
	.code	16                              @ @spi_flash_disable_power_pin
	.thumb_func
spi_flash_disable_power_pin:
.Lfunc_begin43:
	.fnstart
	.cfi_startproc
@ %bb.0:
	.loc	3 1416 1 prologue_end           @ ../../../../../sdk/platform/driver/spi_flash/spi_flash.c:1416:1
	bx	lr
.Ltmp514:
.Lfunc_end43:
	.size	spi_flash_disable_power_pin, .Lfunc_end43-spi_flash_disable_power_pin
	.cfi_endproc
	.cantunwind
	.fnend
                                        @ -- End function
	.hidden	spi_flash_get_power_pin_status  @ -- Begin function spi_flash_get_power_pin_status
	.globl	spi_flash_get_power_pin_status
	.p2align	1
	.type	spi_flash_get_power_pin_status,%function
	.code	16                              @ @spi_flash_get_power_pin_status
	.thumb_func
spi_flash_get_power_pin_status:
.Lfunc_begin44:
	.loc	3 1419 0                        @ ../../../../../sdk/platform/driver/spi_flash/spi_flash.c:1419:0
	.fnstart
	.cfi_startproc
@ %bb.0:
	movs	r0, #0
.Ltmp515:
	.loc	3 1424 5 prologue_end           @ ../../../../../sdk/platform/driver/spi_flash/spi_flash.c:1424:5
	bx	lr
.Ltmp516:
.Lfunc_end44:
	.size	spi_flash_get_power_pin_status, .Lfunc_end44-spi_flash_get_power_pin_status
	.cfi_endproc
	.cantunwind
	.fnend
                                        @ -- End function
	.type	spi_flash_cfg_env,%object       @ @spi_flash_cfg_env
	.section	.bss.spi_flash_cfg_env,"aw",%nobits
	.p2align	2, 0x0
spi_flash_cfg_env:
	.zero	12
	.size	spi_flash_cfg_env, 12

	.type	.L__const.spi_flash_auto_detect.known_spi_devs_list,%object @ @__const.spi_flash_auto_detect.known_spi_devs_list
	.section	.rodata..L__const.spi_flash_auto_detect.known_spi_devs_list,"a",%progbits
	.p2align	2, 0x0
.L__const.spi_flash_auto_detect.known_spi_devs_list:
	.byte	1                               @ 0x1
	.zero	3
	.long	15675409                        @ 0xef3011
	.long	131072                          @ 0x20000
	.byte	2                               @ 0x2
	.zero	3
	.long	15675410                        @ 0xef3012
	.long	262144                          @ 0x40000
	.byte	3                               @ 0x3
	.zero	3
	.long	2048512                         @ 0x1f4200
	.long	131072                          @ 0x20000
	.byte	4                               @ 0x4
	.zero	3
	.long	12722193                        @ 0xc22011
	.long	131072                          @ 0x20000
	.byte	5                               @ 0x5
	.zero	3
	.long	12724241                        @ 0xc22811
	.long	131072                          @ 0x20000
	.byte	6                               @ 0x6
	.zero	3
	.long	12724242                        @ 0xc22812
	.long	262144                          @ 0x40000
	.byte	15                              @ 0xf
	.zero	3
	.long	8740881                         @ 0x856011
	.long	131072                          @ 0x20000
	.byte	16                              @ 0x10
	.zero	3
	.long	8732689                         @ 0x854011
	.long	131072                          @ 0x20000
	.byte	19                              @ 0x13
	.zero	3
	.long	13132818                        @ 0xc86412
	.long	262144                          @ 0x40000
	.byte	20                              @ 0x14
	.zero	3
	.long	2048769                         @ 0x1f4301
	.long	262144                          @ 0x40000
	.byte	21                              @ 0x15
	.zero	3
	.long	2035969                         @ 0x1f1101
	.long	262144                          @ 0x40000
	.byte	22                              @ 0x16
	.zero	3
	.long	2049026                         @ 0x1f4402
	.long	524288                          @ 0x80000
	.byte	23                              @ 0x17
	.zero	3
	.long	2049032                         @ 0x1f4408
	.long	524288                          @ 0x80000
	.byte	24                              @ 0x18
	.zero	3
	.long	2065409                         @ 0x1f8401
	.long	524288                          @ 0x80000
	.byte	25                              @ 0x19
	.zero	3
	.long	2049036                         @ 0x1f440c
	.long	524288                          @ 0x80000
	.byte	27                              @ 0x1b
	.zero	3
	.long	2049292                         @ 0x1f450c
	.long	1048576                         @ 0x100000
	.byte	28                              @ 0x1c
	.zero	3
	.long	2057473                         @ 0x1f6501
	.long	65536                           @ 0x10000
	.byte	29                              @ 0x1d
	.zero	3
	.long	2035713                         @ 0x1f1001
	.long	131072                          @ 0x20000
	.byte	30                              @ 0x1e
	.zero	3
	.long	2049288                         @ 0x1f4508
	.long	1048576                         @ 0x100000
	.size	.L__const.spi_flash_auto_detect.known_spi_devs_list, 228

	.section	.debug_loc,"",%progbits
.Ldebug_loc0:
	.long	.Ltmp9-.Lfunc_begin0
	.long	.Ltmp12-.Lfunc_begin0
	.short	1                               @ Loc expr size
	.byte	85                              @ DW_OP_reg5
	.long	.Ltmp12-.Lfunc_begin0
	.long	.Ltmp14-.Lfunc_begin0
	.short	1                               @ Loc expr size
	.byte	86                              @ DW_OP_reg6
	.long	0
	.long	0
.Ldebug_loc1:
	.long	.Lfunc_begin3-.Lfunc_begin0
	.long	.Ltmp20-.Lfunc_begin0
	.short	1                               @ Loc expr size
	.byte	80                              @ DW_OP_reg0
	.long	.Ltmp20-.Lfunc_begin0
	.long	.Ltmp23-.Lfunc_begin0
	.short	4                               @ Loc expr size
	.byte	243                             @ DW_OP_GNU_entry_value
	.byte	1                               @ 1
	.byte	80                              @ DW_OP_reg0
	.byte	159                             @ DW_OP_stack_value
	.long	.Ltmp23-.Lfunc_begin0
	.long	.Ltmp24-.Lfunc_begin0
	.short	1                               @ Loc expr size
	.byte	80                              @ DW_OP_reg0
	.long	.Ltmp24-.Lfunc_begin0
	.long	.Ltmp25-.Lfunc_begin0
	.short	4                               @ Loc expr size
	.byte	243                             @ DW_OP_GNU_entry_value
	.byte	1                               @ 1
	.byte	80                              @ DW_OP_reg0
	.byte	159                             @ DW_OP_stack_value
	.long	0
	.long	0
.Ldebug_loc2:
	.long	.Lfunc_begin3-.Lfunc_begin0
	.long	.Ltmp19-.Lfunc_begin0
	.short	1                               @ Loc expr size
	.byte	81                              @ DW_OP_reg1
	.long	.Ltmp19-.Lfunc_begin0
	.long	.Ltmp22-.Lfunc_begin0
	.short	1                               @ Loc expr size
	.byte	84                              @ DW_OP_reg4
	.long	.Ltmp22-.Lfunc_begin0
	.long	.Ltmp23-.Lfunc_begin0
	.short	4                               @ Loc expr size
	.byte	243                             @ DW_OP_GNU_entry_value
	.byte	1                               @ 1
	.byte	81                              @ DW_OP_reg1
	.byte	159                             @ DW_OP_stack_value
	.long	.Ltmp23-.Lfunc_begin0
	.long	.Ltmp24-.Lfunc_begin0
	.short	1                               @ Loc expr size
	.byte	81                              @ DW_OP_reg1
	.long	0
	.long	0
.Ldebug_loc3:
	.long	.Ltmp21-.Lfunc_begin0
	.long	.Ltmp22-.Lfunc_begin0
	.short	1                               @ Loc expr size
	.byte	84                              @ DW_OP_reg4
	.long	0
	.long	0
.Ldebug_loc4:
	.long	.Lfunc_begin5-.Lfunc_begin0
	.long	.Ltmp34-.Lfunc_begin0
	.short	1                               @ Loc expr size
	.byte	80                              @ DW_OP_reg0
	.long	.Ltmp34-.Lfunc_begin0
	.long	.Ltmp35-.Lfunc_begin0
	.short	4                               @ Loc expr size
	.byte	243                             @ DW_OP_GNU_entry_value
	.byte	1                               @ 1
	.byte	80                              @ DW_OP_reg0
	.byte	159                             @ DW_OP_stack_value
	.long	0
	.long	0
.Ldebug_loc5:
	.long	.Lfunc_begin6-.Lfunc_begin0
	.long	.Ltmp37-.Lfunc_begin0
	.short	1                               @ Loc expr size
	.byte	80                              @ DW_OP_reg0
	.long	.Ltmp37-.Lfunc_begin0
	.long	.Lfunc_end6-.Lfunc_begin0
	.short	4                               @ Loc expr size
	.byte	243                             @ DW_OP_GNU_entry_value
	.byte	1                               @ 1
	.byte	80                              @ DW_OP_reg0
	.byte	159                             @ DW_OP_stack_value
	.long	0
	.long	0
.Ldebug_loc6:
	.long	.Lfunc_begin7-.Lfunc_begin0
	.long	.Ltmp40-.Lfunc_begin0
	.short	1                               @ Loc expr size
	.byte	80                              @ DW_OP_reg0
	.long	.Ltmp40-.Lfunc_begin0
	.long	.Lfunc_end7-.Lfunc_begin0
	.short	4                               @ Loc expr size
	.byte	243                             @ DW_OP_GNU_entry_value
	.byte	1                               @ 1
	.byte	80                              @ DW_OP_reg0
	.byte	159                             @ DW_OP_stack_value
	.long	0
	.long	0
.Ldebug_loc7:
	.long	.Lfunc_begin7-.Lfunc_begin0
	.long	.Ltmp39-.Lfunc_begin0
	.short	1                               @ Loc expr size
	.byte	81                              @ DW_OP_reg1
	.long	.Ltmp39-.Lfunc_begin0
	.long	.Ltmp42-.Lfunc_begin0
	.short	1                               @ Loc expr size
	.byte	84                              @ DW_OP_reg4
	.long	.Ltmp42-.Lfunc_begin0
	.long	.Ltmp43-.Lfunc_begin0
	.short	1                               @ Loc expr size
	.byte	80                              @ DW_OP_reg0
	.long	0
	.long	0
.Ldebug_loc8:
	.long	.Lfunc_begin8-.Lfunc_begin0
	.long	.Ltmp45-.Lfunc_begin0
	.short	1                               @ Loc expr size
	.byte	80                              @ DW_OP_reg0
	.long	.Ltmp45-.Lfunc_begin0
	.long	.Ltmp64-.Lfunc_begin0
	.short	1                               @ Loc expr size
	.byte	84                              @ DW_OP_reg4
	.long	0
	.long	0
.Ldebug_loc9:
	.long	.Ltmp49-.Lfunc_begin0
	.long	.Ltmp51-.Lfunc_begin0
	.short	1                               @ Loc expr size
	.byte	80                              @ DW_OP_reg0
	.long	0
	.long	0
.Ldebug_loc10:
	.long	.Ltmp55-.Lfunc_begin0
	.long	.Ltmp58-.Lfunc_begin0
	.short	10                              @ Loc expr size
	.byte	115                             @ DW_OP_breg3
	.byte	0                               @ 0
	.byte	17                              @ DW_OP_consts
	.byte	144                             @ -240
	.byte	126                             @ 
	.byte	28                              @ DW_OP_minus
	.byte	17                              @ DW_OP_consts
	.byte	12                              @ 12
	.byte	27                              @ DW_OP_div
	.byte	159                             @ DW_OP_stack_value
	.long	0
	.long	0
.Ldebug_loc11:
	.long	.Lfunc_begin9-.Lfunc_begin0
	.long	.Ltmp66-.Lfunc_begin0
	.short	1                               @ Loc expr size
	.byte	80                              @ DW_OP_reg0
	.long	.Ltmp66-.Lfunc_begin0
	.long	.Ltmp77-.Lfunc_begin0
	.short	1                               @ Loc expr size
	.byte	85                              @ DW_OP_reg5
	.long	0
	.long	0
.Ldebug_loc12:
	.long	.Ltmp68-.Lfunc_begin0
	.long	.Ltmp77-.Lfunc_begin0
	.short	1                               @ Loc expr size
	.byte	84                              @ DW_OP_reg4
	.long	0
	.long	0
.Ldebug_loc13:
	.long	.Ltmp81-.Lfunc_begin0
	.long	.Ltmp85-.Lfunc_begin0
	.short	1                               @ Loc expr size
	.byte	84                              @ DW_OP_reg4
	.long	0
	.long	0
.Ldebug_loc14:
	.long	.Ltmp88-.Lfunc_begin0
	.long	.Ltmp92-.Lfunc_begin0
	.short	1                               @ Loc expr size
	.byte	84                              @ DW_OP_reg4
	.long	0
	.long	0
.Ldebug_loc15:
	.long	.Lfunc_begin13-.Lfunc_begin0
	.long	.Ltmp96-.Lfunc_begin0
	.short	1                               @ Loc expr size
	.byte	80                              @ DW_OP_reg0
	.long	.Ltmp96-.Lfunc_begin0
	.long	.Ltmp109-.Lfunc_begin0
	.short	1                               @ Loc expr size
	.byte	85                              @ DW_OP_reg5
	.long	0
	.long	0
.Ldebug_loc16:
	.long	.Ltmp98-.Lfunc_begin0
	.long	.Ltmp100-.Lfunc_begin0
	.short	1                               @ Loc expr size
	.byte	84                              @ DW_OP_reg4
	.long	.Ltmp103-.Lfunc_begin0
	.long	.Ltmp106-.Lfunc_begin0
	.short	1                               @ Loc expr size
	.byte	80                              @ DW_OP_reg0
	.long	0
	.long	0
.Ldebug_loc17:
	.long	.Ltmp114-.Lfunc_begin0
	.long	.Ltmp116-.Lfunc_begin0
	.short	1                               @ Loc expr size
	.byte	80                              @ DW_OP_reg0
	.long	.Ltmp119-.Lfunc_begin0
	.long	.Ltmp121-.Lfunc_begin0
	.short	1                               @ Loc expr size
	.byte	80                              @ DW_OP_reg0
	.long	.Ltmp122-.Lfunc_begin0
	.long	.Ltmp123-.Lfunc_begin0
	.short	1                               @ Loc expr size
	.byte	80                              @ DW_OP_reg0
	.long	0
	.long	0
.Ldebug_loc18:
	.long	.Lfunc_begin16-.Lfunc_begin0
	.long	.Ltmp126-.Lfunc_begin0
	.short	1                               @ Loc expr size
	.byte	80                              @ DW_OP_reg0
	.long	.Ltmp126-.Lfunc_begin0
	.long	.Ltmp133-.Lfunc_begin0
	.short	1                               @ Loc expr size
	.byte	85                              @ DW_OP_reg5
	.long	0
	.long	0
.Ldebug_loc19:
	.long	.Ltmp128-.Lfunc_begin0
	.long	.Ltmp133-.Lfunc_begin0
	.short	1                               @ Loc expr size
	.byte	84                              @ DW_OP_reg4
	.long	0
	.long	0
.Ldebug_loc20:
	.long	.Lfunc_begin17-.Lfunc_begin0
	.long	.Ltmp134-.Lfunc_begin0
	.short	1                               @ Loc expr size
	.byte	80                              @ DW_OP_reg0
	.long	.Ltmp134-.Lfunc_begin0
	.long	.Ltmp138-.Lfunc_begin0
	.short	1                               @ Loc expr size
	.byte	84                              @ DW_OP_reg4
	.long	0
	.long	0
.Ldebug_loc21:
	.long	.Lfunc_begin18-.Lfunc_begin0
	.long	.Ltmp139-.Lfunc_begin0
	.short	1                               @ Loc expr size
	.byte	80                              @ DW_OP_reg0
	.long	.Ltmp139-.Lfunc_begin0
	.long	.Ltmp145-.Lfunc_begin0
	.short	1                               @ Loc expr size
	.byte	85                              @ DW_OP_reg5
	.long	.Ltmp145-.Lfunc_begin0
	.long	.Ltmp146-.Lfunc_begin0
	.short	4                               @ Loc expr size
	.byte	243                             @ DW_OP_GNU_entry_value
	.byte	1                               @ 1
	.byte	80                              @ DW_OP_reg0
	.byte	159                             @ DW_OP_stack_value
	.long	0
	.long	0
.Ldebug_loc22:
	.long	.Ltmp141-.Lfunc_begin0
	.long	.Ltmp147-.Lfunc_begin0
	.short	1                               @ Loc expr size
	.byte	84                              @ DW_OP_reg4
	.long	0
	.long	0
.Ldebug_loc23:
	.long	.Lfunc_begin19-.Lfunc_begin0
	.long	.Ltmp149-.Lfunc_begin0
	.short	1                               @ Loc expr size
	.byte	80                              @ DW_OP_reg0
	.long	.Ltmp149-.Lfunc_begin0
	.long	.Ltmp153-.Lfunc_begin0
	.short	1                               @ Loc expr size
	.byte	84                              @ DW_OP_reg4
	.long	0
	.long	0
.Ldebug_loc24:
	.long	.Lfunc_begin20-.Lfunc_begin0
	.long	.Ltmp155-.Lfunc_begin0
	.short	1                               @ Loc expr size
	.byte	80                              @ DW_OP_reg0
	.long	.Ltmp155-.Lfunc_begin0
	.long	.Lfunc_end20-.Lfunc_begin0
	.short	4                               @ Loc expr size
	.byte	243                             @ DW_OP_GNU_entry_value
	.byte	1                               @ 1
	.byte	80                              @ DW_OP_reg0
	.byte	159                             @ DW_OP_stack_value
	.long	0
	.long	0
.Ldebug_loc25:
	.long	.Lfunc_begin21-.Lfunc_begin0
	.long	.Ltmp157-.Lfunc_begin0
	.short	1                               @ Loc expr size
	.byte	80                              @ DW_OP_reg0
	.long	.Ltmp157-.Lfunc_begin0
	.long	.Ltmp165-.Lfunc_begin0
	.short	1                               @ Loc expr size
	.byte	84                              @ DW_OP_reg4
	.long	0
	.long	0
.Ldebug_loc26:
	.long	.Ltmp157-.Lfunc_begin0
	.long	.Ltmp161-.Lfunc_begin0
	.short	2                               @ Loc expr size
	.byte	125                             @ DW_OP_breg13
	.byte	4                               @ 4
	.long	.Ltmp163-.Lfunc_begin0
	.long	.Ltmp164-.Lfunc_begin0
	.short	1                               @ Loc expr size
	.byte	80                              @ DW_OP_reg0
	.long	0
	.long	0
.Ldebug_loc27:
	.long	.Lfunc_begin22-.Lfunc_begin0
	.long	.Ltmp166-.Lfunc_begin0
	.short	1                               @ Loc expr size
	.byte	80                              @ DW_OP_reg0
	.long	.Ltmp166-.Lfunc_begin0
	.long	.Ltmp176-.Lfunc_begin0
	.short	1                               @ Loc expr size
	.byte	85                              @ DW_OP_reg5
	.long	0
	.long	0
.Ldebug_loc28:
	.long	.Ltmp168-.Lfunc_begin0
	.long	.Ltmp176-.Lfunc_begin0
	.short	1                               @ Loc expr size
	.byte	84                              @ DW_OP_reg4
	.long	0
	.long	0
.Ldebug_loc29:
	.long	.Lfunc_begin23-.Lfunc_begin0
	.long	.Ltmp178-.Lfunc_begin0
	.short	1                               @ Loc expr size
	.byte	80                              @ DW_OP_reg0
	.long	.Ltmp178-.Lfunc_begin0
	.long	.Ltmp190-.Lfunc_begin0
	.short	1                               @ Loc expr size
	.byte	85                              @ DW_OP_reg5
	.long	0
	.long	0
.Ldebug_loc30:
	.long	.Ltmp180-.Lfunc_begin0
	.long	.Ltmp190-.Lfunc_begin0
	.short	1                               @ Loc expr size
	.byte	84                              @ DW_OP_reg4
	.long	0
	.long	0
.Ldebug_loc31:
	.long	.Lfunc_begin24-.Lfunc_begin0
	.long	.Ltmp192-.Lfunc_begin0
	.short	1                               @ Loc expr size
	.byte	80                              @ DW_OP_reg0
	.long	.Ltmp192-.Lfunc_begin0
	.long	.Ltmp201-.Lfunc_begin0
	.short	1                               @ Loc expr size
	.byte	84                              @ DW_OP_reg4
	.long	.Ltmp201-.Lfunc_begin0
	.long	.Lfunc_end24-.Lfunc_begin0
	.short	4                               @ Loc expr size
	.byte	243                             @ DW_OP_GNU_entry_value
	.byte	1                               @ 1
	.byte	80                              @ DW_OP_reg0
	.byte	159                             @ DW_OP_stack_value
	.long	0
	.long	0
.Ldebug_loc32:
	.long	.Ltmp193-.Lfunc_begin0
	.long	.Ltmp196-.Lfunc_begin0
	.short	1                               @ Loc expr size
	.byte	80                              @ DW_OP_reg0
	.long	.Ltmp197-.Lfunc_begin0
	.long	.Ltmp199-.Lfunc_begin0
	.short	1                               @ Loc expr size
	.byte	80                              @ DW_OP_reg0
	.long	0
	.long	0
.Ldebug_loc33:
	.long	.Lfunc_begin25-.Lfunc_begin0
	.long	.Ltmp206-.Lfunc_begin0
	.short	1                               @ Loc expr size
	.byte	80                              @ DW_OP_reg0
	.long	.Ltmp206-.Lfunc_begin0
	.long	.Ltmp217-.Lfunc_begin0
	.short	1                               @ Loc expr size
	.byte	84                              @ DW_OP_reg4
	.long	0
	.long	0
.Ldebug_loc34:
	.long	.Lfunc_begin25-.Lfunc_begin0
	.long	.Ltmp205-.Lfunc_begin0
	.short	1                               @ Loc expr size
	.byte	81                              @ DW_OP_reg1
	.long	.Ltmp205-.Lfunc_begin0
	.long	.Ltmp217-.Lfunc_begin0
	.short	1                               @ Loc expr size
	.byte	85                              @ DW_OP_reg5
	.long	0
	.long	0
.Ldebug_loc35:
	.long	.Ltmp207-.Lfunc_begin0
	.long	.Ltmp210-.Lfunc_begin0
	.short	1                               @ Loc expr size
	.byte	80                              @ DW_OP_reg0
	.long	.Ltmp211-.Lfunc_begin0
	.long	.Ltmp213-.Lfunc_begin0
	.short	1                               @ Loc expr size
	.byte	80                              @ DW_OP_reg0
	.long	0
	.long	0
.Ldebug_loc36:
	.long	.Lfunc_begin26-.Lfunc_begin0
	.long	.Ltmp219-.Lfunc_begin0
	.short	1                               @ Loc expr size
	.byte	80                              @ DW_OP_reg0
	.long	.Ltmp219-.Lfunc_begin0
	.long	.Ltmp229-.Lfunc_begin0
	.short	1                               @ Loc expr size
	.byte	84                              @ DW_OP_reg4
	.long	0
	.long	0
.Ldebug_loc37:
	.long	.Lfunc_begin26-.Lfunc_begin0
	.long	.Ltmp218-.Lfunc_begin0
	.short	1                               @ Loc expr size
	.byte	81                              @ DW_OP_reg1
	.long	.Ltmp218-.Lfunc_begin0
	.long	.Ltmp229-.Lfunc_begin0
	.short	1                               @ Loc expr size
	.byte	85                              @ DW_OP_reg5
	.long	0
	.long	0
.Ldebug_loc38:
	.long	.Ltmp220-.Lfunc_begin0
	.long	.Ltmp223-.Lfunc_begin0
	.short	1                               @ Loc expr size
	.byte	80                              @ DW_OP_reg0
	.long	.Ltmp224-.Lfunc_begin0
	.long	.Ltmp226-.Lfunc_begin0
	.short	1                               @ Loc expr size
	.byte	80                              @ DW_OP_reg0
	.long	0
	.long	0
.Ldebug_loc39:
	.long	.Ltmp231-.Lfunc_begin0
	.long	.Ltmp234-.Lfunc_begin0
	.short	1                               @ Loc expr size
	.byte	80                              @ DW_OP_reg0
	.long	.Ltmp235-.Lfunc_begin0
	.long	.Ltmp237-.Lfunc_begin0
	.short	1                               @ Loc expr size
	.byte	80                              @ DW_OP_reg0
	.long	0
	.long	0
.Ldebug_loc40:
	.long	.Ltmp243-.Lfunc_begin0
	.long	.Ltmp245-.Lfunc_begin0
	.short	1                               @ Loc expr size
	.byte	80                              @ DW_OP_reg0
	.long	.Ltmp245-.Lfunc_begin0
	.long	.Lfunc_end28-.Lfunc_begin0
	.short	2                               @ Loc expr size
	.byte	48                              @ DW_OP_lit0
	.byte	159                             @ DW_OP_stack_value
	.long	0
	.long	0
.Ldebug_loc41:
	.long	.Lfunc_begin30-.Lfunc_begin0
	.long	.Ltmp254-.Lfunc_begin0
	.short	1                               @ Loc expr size
	.byte	80                              @ DW_OP_reg0
	.long	.Ltmp254-.Lfunc_begin0
	.long	.Ltmp276-.Lfunc_begin0
	.short	1                               @ Loc expr size
	.byte	85                              @ DW_OP_reg5
	.long	0
	.long	0
.Ldebug_loc42:
	.long	.Lfunc_begin30-.Lfunc_begin0
	.long	.Ltmp253-.Lfunc_begin0
	.short	1                               @ Loc expr size
	.byte	81                              @ DW_OP_reg1
	.long	.Ltmp253-.Lfunc_begin0
	.long	.Ltmp264-.Lfunc_begin0
	.short	1                               @ Loc expr size
	.byte	86                              @ DW_OP_reg6
	.long	.Ltmp264-.Lfunc_begin0
	.long	.Lfunc_end30-.Lfunc_begin0
	.short	4                               @ Loc expr size
	.byte	243                             @ DW_OP_GNU_entry_value
	.byte	1                               @ 1
	.byte	81                              @ DW_OP_reg1
	.byte	159                             @ DW_OP_stack_value
	.long	0
	.long	0
.Ldebug_loc43:
	.long	.Lfunc_begin30-.Lfunc_begin0
	.long	.Ltmp252-.Lfunc_begin0
	.short	1                               @ Loc expr size
	.byte	82                              @ DW_OP_reg2
	.long	.Ltmp252-.Lfunc_begin0
	.long	.Ltmp268-.Lfunc_begin0
	.short	1                               @ Loc expr size
	.byte	84                              @ DW_OP_reg4
	.long	0
	.long	0
.Ldebug_loc44:
	.long	.Ltmp255-.Lfunc_begin0
	.long	.Ltmp258-.Lfunc_begin0
	.short	1                               @ Loc expr size
	.byte	80                              @ DW_OP_reg0
	.long	.Ltmp259-.Lfunc_begin0
	.long	.Ltmp261-.Lfunc_begin0
	.short	1                               @ Loc expr size
	.byte	80                              @ DW_OP_reg0
	.long	0
	.long	0
.Ldebug_loc45:
	.long	.Ltmp257-.Lfunc_begin0
	.long	.Ltmp276-.Lfunc_begin0
	.short	1                               @ Loc expr size
	.byte	84                              @ DW_OP_reg4
	.long	0
	.long	0
.Ldebug_loc46:
	.long	.Lfunc_begin31-.Lfunc_begin0
	.long	.Ltmp279-.Lfunc_begin0
	.short	1                               @ Loc expr size
	.byte	80                              @ DW_OP_reg0
	.long	.Ltmp279-.Lfunc_begin0
	.long	.Ltmp297-.Lfunc_begin0
	.short	1                               @ Loc expr size
	.byte	85                              @ DW_OP_reg5
	.long	0
	.long	0
.Ldebug_loc47:
	.long	.Lfunc_begin31-.Lfunc_begin0
	.long	.Ltmp278-.Lfunc_begin0
	.short	1                               @ Loc expr size
	.byte	81                              @ DW_OP_reg1
	.long	.Ltmp278-.Lfunc_begin0
	.long	.Ltmp289-.Lfunc_begin0
	.short	1                               @ Loc expr size
	.byte	86                              @ DW_OP_reg6
	.long	.Ltmp289-.Lfunc_begin0
	.long	.Lfunc_end31-.Lfunc_begin0
	.short	4                               @ Loc expr size
	.byte	243                             @ DW_OP_GNU_entry_value
	.byte	1                               @ 1
	.byte	81                              @ DW_OP_reg1
	.byte	159                             @ DW_OP_stack_value
	.long	0
	.long	0
.Ldebug_loc48:
	.long	.Lfunc_begin31-.Lfunc_begin0
	.long	.Ltmp277-.Lfunc_begin0
	.short	1                               @ Loc expr size
	.byte	82                              @ DW_OP_reg2
	.long	.Ltmp277-.Lfunc_begin0
	.long	.Ltmp293-.Lfunc_begin0
	.short	1                               @ Loc expr size
	.byte	84                              @ DW_OP_reg4
	.long	0
	.long	0
.Ldebug_loc49:
	.long	.Ltmp280-.Lfunc_begin0
	.long	.Ltmp283-.Lfunc_begin0
	.short	1                               @ Loc expr size
	.byte	80                              @ DW_OP_reg0
	.long	.Ltmp284-.Lfunc_begin0
	.long	.Ltmp286-.Lfunc_begin0
	.short	1                               @ Loc expr size
	.byte	80                              @ DW_OP_reg0
	.long	0
	.long	0
.Ldebug_loc50:
	.long	.Ltmp282-.Lfunc_begin0
	.long	.Ltmp297-.Lfunc_begin0
	.short	1                               @ Loc expr size
	.byte	84                              @ DW_OP_reg4
	.long	0
	.long	0
.Ldebug_loc51:
	.long	.Lfunc_begin32-.Lfunc_begin0
	.long	.Ltmp302-.Lfunc_begin0
	.short	1                               @ Loc expr size
	.byte	80                              @ DW_OP_reg0
	.long	.Ltmp302-.Lfunc_begin0
	.long	.Ltmp326-.Lfunc_begin0
	.short	2                               @ Loc expr size
	.byte	125                             @ DW_OP_breg13
	.byte	8                               @ 8
	.long	0
	.long	0
.Ldebug_loc52:
	.long	.Lfunc_begin32-.Lfunc_begin0
	.long	.Ltmp301-.Lfunc_begin0
	.short	1                               @ Loc expr size
	.byte	81                              @ DW_OP_reg1
	.long	.Ltmp301-.Lfunc_begin0
	.long	.Ltmp311-.Lfunc_begin0
	.short	1                               @ Loc expr size
	.byte	84                              @ DW_OP_reg4
	.long	.Ltmp322-.Lfunc_begin0
	.long	.Ltmp324-.Lfunc_begin0
	.short	4                               @ Loc expr size
	.byte	243                             @ DW_OP_GNU_entry_value
	.byte	1                               @ 1
	.byte	81                              @ DW_OP_reg1
	.byte	159                             @ DW_OP_stack_value
	.long	0
	.long	0
.Ldebug_loc53:
	.long	.Lfunc_begin32-.Lfunc_begin0
	.long	.Ltmp300-.Lfunc_begin0
	.short	1                               @ Loc expr size
	.byte	82                              @ DW_OP_reg2
	.long	.Ltmp300-.Lfunc_begin0
	.long	.Ltmp305-.Lfunc_begin0
	.short	1                               @ Loc expr size
	.byte	85                              @ DW_OP_reg5
	.long	.Ltmp305-.Lfunc_begin0
	.long	.Ltmp309-.Lfunc_begin0
	.short	1                               @ Loc expr size
	.byte	81                              @ DW_OP_reg1
	.long	0
	.long	0
.Ldebug_loc54:
	.long	.Lfunc_begin32-.Lfunc_begin0
	.long	.Ltmp299-.Lfunc_begin0
	.short	1                               @ Loc expr size
	.byte	83                              @ DW_OP_reg3
	.long	.Ltmp299-.Lfunc_begin0
	.long	.Ltmp326-.Lfunc_begin0
	.short	2                               @ Loc expr size
	.byte	125                             @ DW_OP_breg13
	.byte	0                               @ 0
	.long	0
	.long	0
.Ldebug_loc55:
	.long	.Ltmp298-.Lfunc_begin0
	.long	.Ltmp300-.Lfunc_begin0
	.short	1                               @ Loc expr size
	.byte	82                              @ DW_OP_reg2
	.long	.Ltmp300-.Lfunc_begin0
	.long	.Ltmp305-.Lfunc_begin0
	.short	1                               @ Loc expr size
	.byte	85                              @ DW_OP_reg5
	.long	.Ltmp305-.Lfunc_begin0
	.long	.Ltmp309-.Lfunc_begin0
	.short	1                               @ Loc expr size
	.byte	81                              @ DW_OP_reg1
	.long	.Ltmp310-.Lfunc_begin0
	.long	.Ltmp311-.Lfunc_begin0
	.short	1                               @ Loc expr size
	.byte	81                              @ DW_OP_reg1
	.long	.Ltmp311-.Lfunc_begin0
	.long	.Ltmp326-.Lfunc_begin0
	.short	2                               @ Loc expr size
	.byte	125                             @ DW_OP_breg13
	.byte	4                               @ 4
	.long	0
	.long	0
.Ldebug_loc56:
	.long	.Ltmp298-.Lfunc_begin0
	.long	.Ltmp301-.Lfunc_begin0
	.short	1                               @ Loc expr size
	.byte	81                              @ DW_OP_reg1
	.long	.Ltmp301-.Lfunc_begin0
	.long	.Ltmp326-.Lfunc_begin0
	.short	1                               @ Loc expr size
	.byte	84                              @ DW_OP_reg4
	.long	0
	.long	0
.Ldebug_loc57:
	.long	.Ltmp302-.Lfunc_begin0
	.long	.Ltmp316-.Lfunc_begin0
	.short	2                               @ Loc expr size
	.byte	48                              @ DW_OP_lit0
	.byte	159                             @ DW_OP_stack_value
	.long	.Ltmp316-.Lfunc_begin0
	.long	.Ltmp320-.Lfunc_begin0
	.short	1                               @ Loc expr size
	.byte	80                              @ DW_OP_reg0
	.long	.Ltmp324-.Lfunc_begin0
	.long	.Ltmp325-.Lfunc_begin0
	.short	2                               @ Loc expr size
	.byte	48                              @ DW_OP_lit0
	.byte	159                             @ DW_OP_stack_value
	.long	0
	.long	0
.Ldebug_loc58:
	.long	.Ltmp310-.Lfunc_begin0
	.long	.Ltmp321-.Lfunc_begin0
	.short	1                               @ Loc expr size
	.byte	86                              @ DW_OP_reg6
	.long	.Ltmp321-.Lfunc_begin0
	.long	.Ltmp323-.Lfunc_begin0
	.short	1                               @ Loc expr size
	.byte	80                              @ DW_OP_reg0
	.long	.Ltmp323-.Lfunc_begin0
	.long	.Ltmp326-.Lfunc_begin0
	.short	1                               @ Loc expr size
	.byte	86                              @ DW_OP_reg6
	.long	0
	.long	0
.Ldebug_loc59:
	.long	.Ltmp310-.Lfunc_begin0
	.long	.Ltmp311-.Lfunc_begin0
	.short	2                               @ Loc expr size
	.byte	48                              @ DW_OP_lit0
	.byte	159                             @ DW_OP_stack_value
	.long	.Ltmp311-.Lfunc_begin0
	.long	.Ltmp326-.Lfunc_begin0
	.short	1                               @ Loc expr size
	.byte	87                              @ DW_OP_reg7
	.long	0
	.long	0
.Ldebug_loc60:
	.long	.Ltmp310-.Lfunc_begin0
	.long	.Ltmp311-.Lfunc_begin0
	.short	1                               @ Loc expr size
	.byte	81                              @ DW_OP_reg1
	.long	.Ltmp311-.Lfunc_begin0
	.long	.Ltmp326-.Lfunc_begin0
	.short	1                               @ Loc expr size
	.byte	85                              @ DW_OP_reg5
	.long	0
	.long	0
.Ldebug_loc61:
	.long	.Lfunc_begin33-.Lfunc_begin0
	.long	.Ltmp332-.Lfunc_begin0
	.short	1                               @ Loc expr size
	.byte	80                              @ DW_OP_reg0
	.long	.Ltmp332-.Lfunc_begin0
	.long	.Ltmp356-.Lfunc_begin0
	.short	2                               @ Loc expr size
	.byte	125                             @ DW_OP_breg13
	.byte	8                               @ 8
	.long	0
	.long	0
.Ldebug_loc62:
	.long	.Lfunc_begin33-.Lfunc_begin0
	.long	.Ltmp331-.Lfunc_begin0
	.short	1                               @ Loc expr size
	.byte	81                              @ DW_OP_reg1
	.long	.Ltmp331-.Lfunc_begin0
	.long	.Ltmp341-.Lfunc_begin0
	.short	1                               @ Loc expr size
	.byte	84                              @ DW_OP_reg4
	.long	.Ltmp352-.Lfunc_begin0
	.long	.Ltmp354-.Lfunc_begin0
	.short	4                               @ Loc expr size
	.byte	243                             @ DW_OP_GNU_entry_value
	.byte	1                               @ 1
	.byte	81                              @ DW_OP_reg1
	.byte	159                             @ DW_OP_stack_value
	.long	0
	.long	0
.Ldebug_loc63:
	.long	.Lfunc_begin33-.Lfunc_begin0
	.long	.Ltmp330-.Lfunc_begin0
	.short	1                               @ Loc expr size
	.byte	82                              @ DW_OP_reg2
	.long	.Ltmp330-.Lfunc_begin0
	.long	.Ltmp335-.Lfunc_begin0
	.short	1                               @ Loc expr size
	.byte	85                              @ DW_OP_reg5
	.long	.Ltmp335-.Lfunc_begin0
	.long	.Ltmp339-.Lfunc_begin0
	.short	1                               @ Loc expr size
	.byte	81                              @ DW_OP_reg1
	.long	0
	.long	0
.Ldebug_loc64:
	.long	.Lfunc_begin33-.Lfunc_begin0
	.long	.Ltmp329-.Lfunc_begin0
	.short	1                               @ Loc expr size
	.byte	83                              @ DW_OP_reg3
	.long	.Ltmp329-.Lfunc_begin0
	.long	.Ltmp356-.Lfunc_begin0
	.short	2                               @ Loc expr size
	.byte	125                             @ DW_OP_breg13
	.byte	0                               @ 0
	.long	0
	.long	0
.Ldebug_loc65:
	.long	.Ltmp328-.Lfunc_begin0
	.long	.Ltmp330-.Lfunc_begin0
	.short	1                               @ Loc expr size
	.byte	82                              @ DW_OP_reg2
	.long	.Ltmp330-.Lfunc_begin0
	.long	.Ltmp335-.Lfunc_begin0
	.short	1                               @ Loc expr size
	.byte	85                              @ DW_OP_reg5
	.long	.Ltmp335-.Lfunc_begin0
	.long	.Ltmp339-.Lfunc_begin0
	.short	1                               @ Loc expr size
	.byte	81                              @ DW_OP_reg1
	.long	.Ltmp340-.Lfunc_begin0
	.long	.Ltmp341-.Lfunc_begin0
	.short	1                               @ Loc expr size
	.byte	81                              @ DW_OP_reg1
	.long	.Ltmp341-.Lfunc_begin0
	.long	.Ltmp356-.Lfunc_begin0
	.short	2                               @ Loc expr size
	.byte	125                             @ DW_OP_breg13
	.byte	4                               @ 4
	.long	0
	.long	0
.Ldebug_loc66:
	.long	.Ltmp328-.Lfunc_begin0
	.long	.Ltmp331-.Lfunc_begin0
	.short	1                               @ Loc expr size
	.byte	81                              @ DW_OP_reg1
	.long	.Ltmp331-.Lfunc_begin0
	.long	.Ltmp356-.Lfunc_begin0
	.short	1                               @ Loc expr size
	.byte	84                              @ DW_OP_reg4
	.long	0
	.long	0
.Ldebug_loc67:
	.long	.Ltmp332-.Lfunc_begin0
	.long	.Ltmp346-.Lfunc_begin0
	.short	2                               @ Loc expr size
	.byte	48                              @ DW_OP_lit0
	.byte	159                             @ DW_OP_stack_value
	.long	.Ltmp346-.Lfunc_begin0
	.long	.Ltmp350-.Lfunc_begin0
	.short	1                               @ Loc expr size
	.byte	80                              @ DW_OP_reg0
	.long	.Ltmp354-.Lfunc_begin0
	.long	.Ltmp355-.Lfunc_begin0
	.short	2                               @ Loc expr size
	.byte	48                              @ DW_OP_lit0
	.byte	159                             @ DW_OP_stack_value
	.long	0
	.long	0
.Ldebug_loc68:
	.long	.Ltmp340-.Lfunc_begin0
	.long	.Ltmp351-.Lfunc_begin0
	.short	1                               @ Loc expr size
	.byte	86                              @ DW_OP_reg6
	.long	.Ltmp351-.Lfunc_begin0
	.long	.Ltmp353-.Lfunc_begin0
	.short	1                               @ Loc expr size
	.byte	80                              @ DW_OP_reg0
	.long	.Ltmp353-.Lfunc_begin0
	.long	.Ltmp356-.Lfunc_begin0
	.short	1                               @ Loc expr size
	.byte	86                              @ DW_OP_reg6
	.long	0
	.long	0
.Ldebug_loc69:
	.long	.Ltmp340-.Lfunc_begin0
	.long	.Ltmp341-.Lfunc_begin0
	.short	2                               @ Loc expr size
	.byte	48                              @ DW_OP_lit0
	.byte	159                             @ DW_OP_stack_value
	.long	.Ltmp341-.Lfunc_begin0
	.long	.Ltmp356-.Lfunc_begin0
	.short	1                               @ Loc expr size
	.byte	87                              @ DW_OP_reg7
	.long	0
	.long	0
.Ldebug_loc70:
	.long	.Ltmp340-.Lfunc_begin0
	.long	.Ltmp341-.Lfunc_begin0
	.short	1                               @ Loc expr size
	.byte	81                              @ DW_OP_reg1
	.long	.Ltmp341-.Lfunc_begin0
	.long	.Ltmp356-.Lfunc_begin0
	.short	1                               @ Loc expr size
	.byte	85                              @ DW_OP_reg5
	.long	0
	.long	0
.Ldebug_loc71:
	.long	.Lfunc_begin34-.Lfunc_begin0
	.long	.Ltmp360-.Lfunc_begin0
	.short	1                               @ Loc expr size
	.byte	80                              @ DW_OP_reg0
	.long	.Ltmp360-.Lfunc_begin0
	.long	.Ltmp381-.Lfunc_begin0
	.short	1                               @ Loc expr size
	.byte	85                              @ DW_OP_reg5
	.long	0
	.long	0
.Ldebug_loc72:
	.long	.Lfunc_begin34-.Lfunc_begin0
	.long	.Ltmp359-.Lfunc_begin0
	.short	1                               @ Loc expr size
	.byte	81                              @ DW_OP_reg1
	.long	.Ltmp359-.Lfunc_begin0
	.long	.Ltmp370-.Lfunc_begin0
	.short	1                               @ Loc expr size
	.byte	86                              @ DW_OP_reg6
	.long	.Ltmp370-.Lfunc_begin0
	.long	.Lfunc_end34-.Lfunc_begin0
	.short	4                               @ Loc expr size
	.byte	243                             @ DW_OP_GNU_entry_value
	.byte	1                               @ 1
	.byte	81                              @ DW_OP_reg1
	.byte	159                             @ DW_OP_stack_value
	.long	0
	.long	0
.Ldebug_loc73:
	.long	.Lfunc_begin34-.Lfunc_begin0
	.long	.Ltmp358-.Lfunc_begin0
	.short	1                               @ Loc expr size
	.byte	82                              @ DW_OP_reg2
	.long	.Ltmp358-.Lfunc_begin0
	.long	.Ltmp374-.Lfunc_begin0
	.short	1                               @ Loc expr size
	.byte	84                              @ DW_OP_reg4
	.long	0
	.long	0
.Ldebug_loc74:
	.long	.Ltmp361-.Lfunc_begin0
	.long	.Ltmp364-.Lfunc_begin0
	.short	1                               @ Loc expr size
	.byte	80                              @ DW_OP_reg0
	.long	.Ltmp365-.Lfunc_begin0
	.long	.Ltmp367-.Lfunc_begin0
	.short	1                               @ Loc expr size
	.byte	80                              @ DW_OP_reg0
	.long	0
	.long	0
.Ldebug_loc75:
	.long	.Ltmp363-.Lfunc_begin0
	.long	.Ltmp381-.Lfunc_begin0
	.short	1                               @ Loc expr size
	.byte	84                              @ DW_OP_reg4
	.long	0
	.long	0
.Ldebug_loc76:
	.long	.Lfunc_begin35-.Lfunc_begin0
	.long	.Ltmp386-.Lfunc_begin0
	.short	1                               @ Loc expr size
	.byte	80                              @ DW_OP_reg0
	.long	.Ltmp386-.Lfunc_begin0
	.long	.Ltmp410-.Lfunc_begin0
	.short	2                               @ Loc expr size
	.byte	125                             @ DW_OP_breg13
	.byte	8                               @ 8
	.long	0
	.long	0
.Ldebug_loc77:
	.long	.Lfunc_begin35-.Lfunc_begin0
	.long	.Ltmp385-.Lfunc_begin0
	.short	1                               @ Loc expr size
	.byte	81                              @ DW_OP_reg1
	.long	.Ltmp385-.Lfunc_begin0
	.long	.Ltmp395-.Lfunc_begin0
	.short	1                               @ Loc expr size
	.byte	84                              @ DW_OP_reg4
	.long	.Ltmp406-.Lfunc_begin0
	.long	.Ltmp408-.Lfunc_begin0
	.short	4                               @ Loc expr size
	.byte	243                             @ DW_OP_GNU_entry_value
	.byte	1                               @ 1
	.byte	81                              @ DW_OP_reg1
	.byte	159                             @ DW_OP_stack_value
	.long	0
	.long	0
.Ldebug_loc78:
	.long	.Lfunc_begin35-.Lfunc_begin0
	.long	.Ltmp384-.Lfunc_begin0
	.short	1                               @ Loc expr size
	.byte	82                              @ DW_OP_reg2
	.long	.Ltmp384-.Lfunc_begin0
	.long	.Ltmp389-.Lfunc_begin0
	.short	1                               @ Loc expr size
	.byte	85                              @ DW_OP_reg5
	.long	.Ltmp389-.Lfunc_begin0
	.long	.Ltmp393-.Lfunc_begin0
	.short	1                               @ Loc expr size
	.byte	81                              @ DW_OP_reg1
	.long	0
	.long	0
.Ldebug_loc79:
	.long	.Lfunc_begin35-.Lfunc_begin0
	.long	.Ltmp383-.Lfunc_begin0
	.short	1                               @ Loc expr size
	.byte	83                              @ DW_OP_reg3
	.long	.Ltmp383-.Lfunc_begin0
	.long	.Ltmp410-.Lfunc_begin0
	.short	2                               @ Loc expr size
	.byte	125                             @ DW_OP_breg13
	.byte	0                               @ 0
	.long	0
	.long	0
.Ldebug_loc80:
	.long	.Ltmp382-.Lfunc_begin0
	.long	.Ltmp384-.Lfunc_begin0
	.short	1                               @ Loc expr size
	.byte	82                              @ DW_OP_reg2
	.long	.Ltmp384-.Lfunc_begin0
	.long	.Ltmp389-.Lfunc_begin0
	.short	1                               @ Loc expr size
	.byte	85                              @ DW_OP_reg5
	.long	.Ltmp389-.Lfunc_begin0
	.long	.Ltmp393-.Lfunc_begin0
	.short	1                               @ Loc expr size
	.byte	81                              @ DW_OP_reg1
	.long	.Ltmp394-.Lfunc_begin0
	.long	.Ltmp395-.Lfunc_begin0
	.short	1                               @ Loc expr size
	.byte	81                              @ DW_OP_reg1
	.long	.Ltmp395-.Lfunc_begin0
	.long	.Ltmp410-.Lfunc_begin0
	.short	2                               @ Loc expr size
	.byte	125                             @ DW_OP_breg13
	.byte	4                               @ 4
	.long	0
	.long	0
.Ldebug_loc81:
	.long	.Ltmp382-.Lfunc_begin0
	.long	.Ltmp385-.Lfunc_begin0
	.short	1                               @ Loc expr size
	.byte	81                              @ DW_OP_reg1
	.long	.Ltmp385-.Lfunc_begin0
	.long	.Ltmp410-.Lfunc_begin0
	.short	1                               @ Loc expr size
	.byte	84                              @ DW_OP_reg4
	.long	0
	.long	0
.Ldebug_loc82:
	.long	.Ltmp394-.Lfunc_begin0
	.long	.Ltmp405-.Lfunc_begin0
	.short	1                               @ Loc expr size
	.byte	86                              @ DW_OP_reg6
	.long	.Ltmp405-.Lfunc_begin0
	.long	.Ltmp407-.Lfunc_begin0
	.short	1                               @ Loc expr size
	.byte	80                              @ DW_OP_reg0
	.long	.Ltmp407-.Lfunc_begin0
	.long	.Ltmp410-.Lfunc_begin0
	.short	1                               @ Loc expr size
	.byte	86                              @ DW_OP_reg6
	.long	0
	.long	0
.Ldebug_loc83:
	.long	.Ltmp394-.Lfunc_begin0
	.long	.Ltmp395-.Lfunc_begin0
	.short	2                               @ Loc expr size
	.byte	48                              @ DW_OP_lit0
	.byte	159                             @ DW_OP_stack_value
	.long	.Ltmp395-.Lfunc_begin0
	.long	.Ltmp410-.Lfunc_begin0
	.short	1                               @ Loc expr size
	.byte	87                              @ DW_OP_reg7
	.long	0
	.long	0
.Ldebug_loc84:
	.long	.Ltmp394-.Lfunc_begin0
	.long	.Ltmp395-.Lfunc_begin0
	.short	1                               @ Loc expr size
	.byte	81                              @ DW_OP_reg1
	.long	.Ltmp395-.Lfunc_begin0
	.long	.Ltmp410-.Lfunc_begin0
	.short	1                               @ Loc expr size
	.byte	85                              @ DW_OP_reg5
	.long	0
	.long	0
.Ldebug_loc85:
	.long	.Ltmp400-.Lfunc_begin0
	.long	.Ltmp404-.Lfunc_begin0
	.short	1                               @ Loc expr size
	.byte	80                              @ DW_OP_reg0
	.long	0
	.long	0
.Ldebug_loc86:
	.long	.Lfunc_begin37-.Lfunc_begin0
	.long	.Ltmp419-.Lfunc_begin0
	.short	1                               @ Loc expr size
	.byte	80                              @ DW_OP_reg0
	.long	.Ltmp419-.Lfunc_begin0
	.long	.Ltmp432-.Lfunc_begin0
	.short	1                               @ Loc expr size
	.byte	85                              @ DW_OP_reg5
	.long	0
	.long	0
.Ldebug_loc87:
	.long	.Lfunc_begin37-.Lfunc_begin0
	.long	.Ltmp418-.Lfunc_begin0
	.short	1                               @ Loc expr size
	.byte	81                              @ DW_OP_reg1
	.long	.Ltmp418-.Lfunc_begin0
	.long	.Ltmp430-.Lfunc_begin0
	.short	1                               @ Loc expr size
	.byte	86                              @ DW_OP_reg6
	.long	.Ltmp430-.Lfunc_begin0
	.long	.Ltmp441-.Lfunc_begin0
	.short	4                               @ Loc expr size
	.byte	243                             @ DW_OP_GNU_entry_value
	.byte	1                               @ 1
	.byte	81                              @ DW_OP_reg1
	.byte	159                             @ DW_OP_stack_value
	.long	0
	.long	0
.Ldebug_loc88:
	.long	.Lfunc_begin37-.Lfunc_begin0
	.long	.Ltmp417-.Lfunc_begin0
	.short	1                               @ Loc expr size
	.byte	82                              @ DW_OP_reg2
	.long	.Ltmp417-.Lfunc_begin0
	.long	.Ltmp426-.Lfunc_begin0
	.short	1                               @ Loc expr size
	.byte	87                              @ DW_OP_reg7
	.long	0
	.long	0
.Ldebug_loc89:
	.long	.Lfunc_begin37-.Lfunc_begin0
	.long	.Ltmp416-.Lfunc_begin0
	.short	1                               @ Loc expr size
	.byte	83                              @ DW_OP_reg3
	.long	.Ltmp416-.Lfunc_begin0
	.long	.Ltmp441-.Lfunc_begin0
	.short	1                               @ Loc expr size
	.byte	84                              @ DW_OP_reg4
	.long	0
	.long	0
.Ldebug_loc90:
	.long	.Ltmp420-.Lfunc_begin0
	.long	.Ltmp423-.Lfunc_begin0
	.short	1                               @ Loc expr size
	.byte	80                              @ DW_OP_reg0
	.long	0
	.long	0
.Ldebug_loc91:
	.long	.Lfunc_begin38-.Lfunc_begin0
	.long	.Ltmp446-.Lfunc_begin0
	.short	1                               @ Loc expr size
	.byte	80                              @ DW_OP_reg0
	.long	.Ltmp446-.Lfunc_begin0
	.long	.Ltmp452-.Lfunc_begin0
	.short	1                               @ Loc expr size
	.byte	84                              @ DW_OP_reg4
	.long	.Ltmp452-.Lfunc_begin0
	.long	.Ltmp468-.Lfunc_begin0
	.short	2                               @ Loc expr size
	.byte	125                             @ DW_OP_breg13
	.byte	0                               @ 0
	.long	.Ltmp468-.Lfunc_begin0
	.long	.Ltmp469-.Lfunc_begin0
	.short	1                               @ Loc expr size
	.byte	85                              @ DW_OP_reg5
	.long	.Ltmp469-.Lfunc_begin0
	.long	.Ltmp477-.Lfunc_begin0
	.short	2                               @ Loc expr size
	.byte	125                             @ DW_OP_breg13
	.byte	0                               @ 0
	.long	0
	.long	0
.Ldebug_loc92:
	.long	.Lfunc_begin38-.Lfunc_begin0
	.long	.Ltmp445-.Lfunc_begin0
	.short	1                               @ Loc expr size
	.byte	81                              @ DW_OP_reg1
	.long	.Ltmp445-.Lfunc_begin0
	.long	.Ltmp458-.Lfunc_begin0
	.short	1                               @ Loc expr size
	.byte	86                              @ DW_OP_reg6
	.long	.Ltmp458-.Lfunc_begin0
	.long	.Ltmp477-.Lfunc_begin0
	.short	4                               @ Loc expr size
	.byte	243                             @ DW_OP_GNU_entry_value
	.byte	1                               @ 1
	.byte	81                              @ DW_OP_reg1
	.byte	159                             @ DW_OP_stack_value
	.long	0
	.long	0
.Ldebug_loc93:
	.long	.Lfunc_begin38-.Lfunc_begin0
	.long	.Ltmp444-.Lfunc_begin0
	.short	1                               @ Loc expr size
	.byte	82                              @ DW_OP_reg2
	.long	.Ltmp444-.Lfunc_begin0
	.long	.Ltmp454-.Lfunc_begin0
	.short	1                               @ Loc expr size
	.byte	87                              @ DW_OP_reg7
	.long	0
	.long	0
.Ldebug_loc94:
	.long	.Lfunc_begin38-.Lfunc_begin0
	.long	.Ltmp443-.Lfunc_begin0
	.short	1                               @ Loc expr size
	.byte	83                              @ DW_OP_reg3
	.long	.Ltmp443-.Lfunc_begin0
	.long	.Ltmp461-.Lfunc_begin0
	.short	1                               @ Loc expr size
	.byte	85                              @ DW_OP_reg5
	.long	.Ltmp463-.Lfunc_begin0
	.long	.Ltmp465-.Lfunc_begin0
	.short	4                               @ Loc expr size
	.byte	243                             @ DW_OP_GNU_entry_value
	.byte	1                               @ 1
	.byte	83                              @ DW_OP_reg3
	.byte	159                             @ DW_OP_stack_value
	.long	0
	.long	0
.Ldebug_loc95:
	.long	.Ltmp447-.Lfunc_begin0
	.long	.Ltmp450-.Lfunc_begin0
	.short	1                               @ Loc expr size
	.byte	80                              @ DW_OP_reg0
	.long	0
	.long	0
.Ldebug_loc96:
	.long	.Ltmp460-.Lfunc_begin0
	.long	.Ltmp477-.Lfunc_begin0
	.short	3                               @ Loc expr size
	.byte	48                              @ DW_OP_lit0
	.byte	32                              @ DW_OP_not
	.byte	159                             @ DW_OP_stack_value
	.long	0
	.long	0
.Ldebug_loc97:
	.long	.Ltmp472-.Lfunc_begin0
	.long	.Ltmp474-.Lfunc_begin0
	.short	3                               @ Loc expr size
	.byte	112                             @ DW_OP_breg0
	.byte	0                               @ 0
	.byte	159                             @ DW_OP_stack_value
	.long	.Ltmp474-.Lfunc_begin0
	.long	.Ltmp475-.Lfunc_begin0
	.short	1                               @ Loc expr size
	.byte	81                              @ DW_OP_reg1
	.long	0
	.long	0
.Ldebug_loc98:
	.long	.Lfunc_begin39-.Lfunc_begin0
	.long	.Ltmp479-.Lfunc_begin0
	.short	1                               @ Loc expr size
	.byte	80                              @ DW_OP_reg0
	.long	.Ltmp479-.Lfunc_begin0
	.long	.Ltmp481-.Lfunc_begin0
	.short	1                               @ Loc expr size
	.byte	81                              @ DW_OP_reg1
	.long	0
	.long	0
.Ldebug_loc99:
	.long	.Ltmp481-.Lfunc_begin0
	.long	.Ltmp483-.Lfunc_begin0
	.short	1                               @ Loc expr size
	.byte	80                              @ DW_OP_reg0
	.long	0
	.long	0
.Ldebug_loc100:
	.long	.Ltmp484-.Lfunc_begin0
	.long	.Ltmp485-.Lfunc_begin0
	.short	10                              @ Loc expr size
	.byte	112                             @ DW_OP_breg0
	.byte	0                               @ 0
	.byte	17                              @ DW_OP_consts
	.byte	193                             @ 65
	.byte	0                               @ 
	.byte	28                              @ DW_OP_minus
	.byte	17                              @ DW_OP_consts
	.byte	127                             @ -1
	.byte	27                              @ DW_OP_div
	.byte	159                             @ DW_OP_stack_value
	.long	.Ltmp488-.Lfunc_begin0
	.long	.Ltmp489-.Lfunc_begin0
	.short	13                              @ Loc expr size
	.byte	112                             @ DW_OP_breg0
	.byte	0                               @ 0
	.byte	17                              @ DW_OP_consts
	.byte	193                             @ 65
	.byte	0                               @ 
	.byte	28                              @ DW_OP_minus
	.byte	17                              @ DW_OP_consts
	.byte	127                             @ -1
	.byte	27                              @ DW_OP_div
	.byte	17                              @ DW_OP_consts
	.byte	1                               @ 1
	.byte	34                              @ DW_OP_plus
	.byte	159                             @ DW_OP_stack_value
	.long	0
	.long	0
.Ldebug_loc101:
	.long	.Lfunc_begin40-.Lfunc_begin0
	.long	.Ltmp491-.Lfunc_begin0
	.short	1                               @ Loc expr size
	.byte	80                              @ DW_OP_reg0
	.long	.Ltmp491-.Lfunc_begin0
	.long	.Ltmp493-.Lfunc_begin0
	.short	1                               @ Loc expr size
	.byte	81                              @ DW_OP_reg1
	.long	0
	.long	0
.Ldebug_loc102:
	.long	.Ltmp491-.Lfunc_begin0
	.long	.Ltmp493-.Lfunc_begin0
	.short	2                               @ Loc expr size
	.byte	48                              @ DW_OP_lit0
	.byte	159                             @ DW_OP_stack_value
	.long	.Ltmp493-.Lfunc_begin0
	.long	.Ltmp494-.Lfunc_begin0
	.short	9                               @ Loc expr size
	.byte	116                             @ DW_OP_breg4
	.byte	0                               @ 0
	.byte	17                              @ DW_OP_consts
	.byte	17                              @ 17
	.byte	28                              @ DW_OP_minus
	.byte	17                              @ DW_OP_consts
	.byte	127                             @ -1
	.byte	27                              @ DW_OP_div
	.byte	159                             @ DW_OP_stack_value
	.long	.Ltmp498-.Lfunc_begin0
	.long	.Ltmp499-.Lfunc_begin0
	.short	12                              @ Loc expr size
	.byte	116                             @ DW_OP_breg4
	.byte	0                               @ 0
	.byte	17                              @ DW_OP_consts
	.byte	17                              @ 17
	.byte	28                              @ DW_OP_minus
	.byte	17                              @ DW_OP_consts
	.byte	127                             @ -1
	.byte	27                              @ DW_OP_div
	.byte	17                              @ DW_OP_consts
	.byte	1                               @ 1
	.byte	34                              @ DW_OP_plus
	.byte	159                             @ DW_OP_stack_value
	.long	0
	.long	0
.Ldebug_loc103:
	.long	.Ltmp498-.Lfunc_begin0
	.long	.Ltmp499-.Lfunc_begin0
	.short	1                               @ Loc expr size
	.byte	81                              @ DW_OP_reg1
	.long	0
	.long	0
.Ldebug_loc104:
	.long	.Ltmp503-.Lfunc_begin0
	.long	.Ltmp504-.Lfunc_begin0
	.short	3                               @ Loc expr size
	.byte	112                             @ DW_OP_breg0
	.byte	0                               @ 0
	.byte	159                             @ DW_OP_stack_value
	.long	0
	.long	0
.Ldebug_loc105:
	.long	.Ltmp506-.Lfunc_begin0
	.long	.Ltmp509-.Lfunc_begin0
	.short	1                               @ Loc expr size
	.byte	80                              @ DW_OP_reg0
	.long	0
	.long	0
	.section	.debug_abbrev,"",%progbits
	.byte	1                               @ Abbreviation Code
	.byte	17                              @ DW_TAG_compile_unit
	.byte	1                               @ DW_CHILDREN_yes
	.byte	37                              @ DW_AT_producer
	.byte	14                              @ DW_FORM_strp
	.byte	19                              @ DW_AT_language
	.byte	5                               @ DW_FORM_data2
	.byte	3                               @ DW_AT_name
	.byte	14                              @ DW_FORM_strp
	.byte	16                              @ DW_AT_stmt_list
	.byte	23                              @ DW_FORM_sec_offset
	.byte	27                              @ DW_AT_comp_dir
	.byte	14                              @ DW_FORM_strp
	.byte	17                              @ DW_AT_low_pc
	.byte	1                               @ DW_FORM_addr
	.byte	18                              @ DW_AT_high_pc
	.byte	6                               @ DW_FORM_data4
	.byte	0                               @ EOM(1)
	.byte	0                               @ EOM(2)
	.byte	2                               @ Abbreviation Code
	.byte	52                              @ DW_TAG_variable
	.byte	0                               @ DW_CHILDREN_no
	.byte	3                               @ DW_AT_name
	.byte	14                              @ DW_FORM_strp
	.byte	73                              @ DW_AT_type
	.byte	19                              @ DW_FORM_ref4
	.byte	58                              @ DW_AT_decl_file
	.byte	11                              @ DW_FORM_data1
	.byte	59                              @ DW_AT_decl_line
	.byte	11                              @ DW_FORM_data1
	.byte	2                               @ DW_AT_location
	.byte	24                              @ DW_FORM_exprloc
	.byte	0                               @ EOM(1)
	.byte	0                               @ EOM(2)
	.byte	3                               @ Abbreviation Code
	.byte	22                              @ DW_TAG_typedef
	.byte	0                               @ DW_CHILDREN_no
	.byte	73                              @ DW_AT_type
	.byte	19                              @ DW_FORM_ref4
	.byte	3                               @ DW_AT_name
	.byte	14                              @ DW_FORM_strp
	.byte	58                              @ DW_AT_decl_file
	.byte	11                              @ DW_FORM_data1
	.byte	59                              @ DW_AT_decl_line
	.byte	5                               @ DW_FORM_data2
	.byte	0                               @ EOM(1)
	.byte	0                               @ EOM(2)
	.byte	4                               @ Abbreviation Code
	.byte	19                              @ DW_TAG_structure_type
	.byte	1                               @ DW_CHILDREN_yes
	.byte	11                              @ DW_AT_byte_size
	.byte	11                              @ DW_FORM_data1
	.byte	58                              @ DW_AT_decl_file
	.byte	11                              @ DW_FORM_data1
	.byte	59                              @ DW_AT_decl_line
	.byte	5                               @ DW_FORM_data2
	.byte	0                               @ EOM(1)
	.byte	0                               @ EOM(2)
	.byte	5                               @ Abbreviation Code
	.byte	13                              @ DW_TAG_member
	.byte	0                               @ DW_CHILDREN_no
	.byte	3                               @ DW_AT_name
	.byte	14                              @ DW_FORM_strp
	.byte	73                              @ DW_AT_type
	.byte	19                              @ DW_FORM_ref4
	.byte	58                              @ DW_AT_decl_file
	.byte	11                              @ DW_FORM_data1
	.byte	59                              @ DW_AT_decl_line
	.byte	5                               @ DW_FORM_data2
	.byte	56                              @ DW_AT_data_member_location
	.byte	11                              @ DW_FORM_data1
	.byte	0                               @ EOM(1)
	.byte	0                               @ EOM(2)
	.byte	6                               @ Abbreviation Code
	.byte	22                              @ DW_TAG_typedef
	.byte	0                               @ DW_CHILDREN_no
	.byte	73                              @ DW_AT_type
	.byte	19                              @ DW_FORM_ref4
	.byte	3                               @ DW_AT_name
	.byte	14                              @ DW_FORM_strp
	.byte	58                              @ DW_AT_decl_file
	.byte	11                              @ DW_FORM_data1
	.byte	59                              @ DW_AT_decl_line
	.byte	11                              @ DW_FORM_data1
	.byte	0                               @ EOM(1)
	.byte	0                               @ EOM(2)
	.byte	7                               @ Abbreviation Code
	.byte	36                              @ DW_TAG_base_type
	.byte	0                               @ DW_CHILDREN_no
	.byte	3                               @ DW_AT_name
	.byte	14                              @ DW_FORM_strp
	.byte	62                              @ DW_AT_encoding
	.byte	11                              @ DW_FORM_data1
	.byte	11                              @ DW_AT_byte_size
	.byte	11                              @ DW_FORM_data1
	.byte	0                               @ EOM(1)
	.byte	0                               @ EOM(2)
	.byte	8                               @ Abbreviation Code
	.byte	4                               @ DW_TAG_enumeration_type
	.byte	1                               @ DW_CHILDREN_yes
	.byte	73                              @ DW_AT_type
	.byte	19                              @ DW_FORM_ref4
	.byte	11                              @ DW_AT_byte_size
	.byte	11                              @ DW_FORM_data1
	.byte	58                              @ DW_AT_decl_file
	.byte	11                              @ DW_FORM_data1
	.byte	59                              @ DW_AT_decl_line
	.byte	11                              @ DW_FORM_data1
	.byte	0                               @ EOM(1)
	.byte	0                               @ EOM(2)
	.byte	9                               @ Abbreviation Code
	.byte	40                              @ DW_TAG_enumerator
	.byte	0                               @ DW_CHILDREN_no
	.byte	3                               @ DW_AT_name
	.byte	14                              @ DW_FORM_strp
	.byte	28                              @ DW_AT_const_value
	.byte	15                              @ DW_FORM_udata
	.byte	0                               @ EOM(1)
	.byte	0                               @ EOM(2)
	.byte	10                              @ Abbreviation Code
	.byte	4                               @ DW_TAG_enumeration_type
	.byte	1                               @ DW_CHILDREN_yes
	.byte	73                              @ DW_AT_type
	.byte	19                              @ DW_FORM_ref4
	.byte	11                              @ DW_AT_byte_size
	.byte	11                              @ DW_FORM_data1
	.byte	58                              @ DW_AT_decl_file
	.byte	11                              @ DW_FORM_data1
	.byte	59                              @ DW_AT_decl_line
	.byte	5                               @ DW_FORM_data2
	.byte	0                               @ EOM(1)
	.byte	0                               @ EOM(2)
	.byte	11                              @ Abbreviation Code
	.byte	15                              @ DW_TAG_pointer_type
	.byte	0                               @ DW_CHILDREN_no
	.byte	73                              @ DW_AT_type
	.byte	19                              @ DW_FORM_ref4
	.byte	0                               @ EOM(1)
	.byte	0                               @ EOM(2)
	.byte	12                              @ Abbreviation Code
	.byte	46                              @ DW_TAG_subprogram
	.byte	0                               @ DW_CHILDREN_no
	.byte	17                              @ DW_AT_low_pc
	.byte	1                               @ DW_FORM_addr
	.byte	18                              @ DW_AT_high_pc
	.byte	6                               @ DW_FORM_data4
	.byte	64                              @ DW_AT_frame_base
	.byte	24                              @ DW_FORM_exprloc
	.ascii	"\227B"                         @ DW_AT_GNU_all_call_sites
	.byte	25                              @ DW_FORM_flag_present
	.byte	3                               @ DW_AT_name
	.byte	14                              @ DW_FORM_strp
	.byte	58                              @ DW_AT_decl_file
	.byte	11                              @ DW_FORM_data1
	.byte	59                              @ DW_AT_decl_line
	.byte	11                              @ DW_FORM_data1
	.byte	39                              @ DW_AT_prototyped
	.byte	25                              @ DW_FORM_flag_present
	.byte	73                              @ DW_AT_type
	.byte	19                              @ DW_FORM_ref4
	.byte	63                              @ DW_AT_external
	.byte	25                              @ DW_FORM_flag_present
	.byte	0                               @ EOM(1)
	.byte	0                               @ EOM(2)
	.byte	13                              @ Abbreviation Code
	.byte	46                              @ DW_TAG_subprogram
	.byte	0                               @ DW_CHILDREN_no
	.byte	17                              @ DW_AT_low_pc
	.byte	1                               @ DW_FORM_addr
	.byte	18                              @ DW_AT_high_pc
	.byte	6                               @ DW_FORM_data4
	.byte	64                              @ DW_AT_frame_base
	.byte	24                              @ DW_FORM_exprloc
	.ascii	"\227B"                         @ DW_AT_GNU_all_call_sites
	.byte	25                              @ DW_FORM_flag_present
	.byte	3                               @ DW_AT_name
	.byte	14                              @ DW_FORM_strp
	.byte	58                              @ DW_AT_decl_file
	.byte	11                              @ DW_FORM_data1
	.byte	59                              @ DW_AT_decl_line
	.byte	5                               @ DW_FORM_data2
	.byte	39                              @ DW_AT_prototyped
	.byte	25                              @ DW_FORM_flag_present
	.byte	73                              @ DW_AT_type
	.byte	19                              @ DW_FORM_ref4
	.byte	63                              @ DW_AT_external
	.byte	25                              @ DW_FORM_flag_present
	.byte	0                               @ EOM(1)
	.byte	0                               @ EOM(2)
	.byte	14                              @ Abbreviation Code
	.byte	46                              @ DW_TAG_subprogram
	.byte	1                               @ DW_CHILDREN_yes
	.byte	17                              @ DW_AT_low_pc
	.byte	1                               @ DW_FORM_addr
	.byte	18                              @ DW_AT_high_pc
	.byte	6                               @ DW_FORM_data4
	.byte	64                              @ DW_AT_frame_base
	.byte	24                              @ DW_FORM_exprloc
	.ascii	"\227B"                         @ DW_AT_GNU_all_call_sites
	.byte	25                              @ DW_FORM_flag_present
	.byte	3                               @ DW_AT_name
	.byte	14                              @ DW_FORM_strp
	.byte	58                              @ DW_AT_decl_file
	.byte	11                              @ DW_FORM_data1
	.byte	59                              @ DW_AT_decl_line
	.byte	11                              @ DW_FORM_data1
	.byte	39                              @ DW_AT_prototyped
	.byte	25                              @ DW_FORM_flag_present
	.byte	73                              @ DW_AT_type
	.byte	19                              @ DW_FORM_ref4
	.byte	63                              @ DW_AT_external
	.byte	25                              @ DW_FORM_flag_present
	.byte	0                               @ EOM(1)
	.byte	0                               @ EOM(2)
	.byte	15                              @ Abbreviation Code
	.byte	11                              @ DW_TAG_lexical_block
	.byte	1                               @ DW_CHILDREN_yes
	.byte	17                              @ DW_AT_low_pc
	.byte	1                               @ DW_FORM_addr
	.byte	18                              @ DW_AT_high_pc
	.byte	6                               @ DW_FORM_data4
	.byte	0                               @ EOM(1)
	.byte	0                               @ EOM(2)
	.byte	16                              @ Abbreviation Code
	.byte	52                              @ DW_TAG_variable
	.byte	0                               @ DW_CHILDREN_no
	.byte	2                               @ DW_AT_location
	.byte	23                              @ DW_FORM_sec_offset
	.byte	3                               @ DW_AT_name
	.byte	14                              @ DW_FORM_strp
	.byte	58                              @ DW_AT_decl_file
	.byte	11                              @ DW_FORM_data1
	.byte	59                              @ DW_AT_decl_line
	.byte	11                              @ DW_FORM_data1
	.byte	73                              @ DW_AT_type
	.byte	19                              @ DW_FORM_ref4
	.byte	0                               @ EOM(1)
	.byte	0                               @ EOM(2)
	.byte	17                              @ Abbreviation Code
	.byte	46                              @ DW_TAG_subprogram
	.byte	1                               @ DW_CHILDREN_yes
	.byte	3                               @ DW_AT_name
	.byte	14                              @ DW_FORM_strp
	.byte	58                              @ DW_AT_decl_file
	.byte	11                              @ DW_FORM_data1
	.byte	59                              @ DW_AT_decl_line
	.byte	11                              @ DW_FORM_data1
	.byte	39                              @ DW_AT_prototyped
	.byte	25                              @ DW_FORM_flag_present
	.byte	63                              @ DW_AT_external
	.byte	25                              @ DW_FORM_flag_present
	.byte	32                              @ DW_AT_inline
	.byte	11                              @ DW_FORM_data1
	.byte	0                               @ EOM(1)
	.byte	0                               @ EOM(2)
	.byte	18                              @ Abbreviation Code
	.byte	5                               @ DW_TAG_formal_parameter
	.byte	0                               @ DW_CHILDREN_no
	.byte	3                               @ DW_AT_name
	.byte	14                              @ DW_FORM_strp
	.byte	58                              @ DW_AT_decl_file
	.byte	11                              @ DW_FORM_data1
	.byte	59                              @ DW_AT_decl_line
	.byte	11                              @ DW_FORM_data1
	.byte	73                              @ DW_AT_type
	.byte	19                              @ DW_FORM_ref4
	.byte	0                               @ EOM(1)
	.byte	0                               @ EOM(2)
	.byte	19                              @ Abbreviation Code
	.byte	38                              @ DW_TAG_const_type
	.byte	0                               @ DW_CHILDREN_no
	.byte	73                              @ DW_AT_type
	.byte	19                              @ DW_FORM_ref4
	.byte	0                               @ EOM(1)
	.byte	0                               @ EOM(2)
	.byte	20                              @ Abbreviation Code
	.byte	5                               @ DW_TAG_formal_parameter
	.byte	0                               @ DW_CHILDREN_no
	.byte	2                               @ DW_AT_location
	.byte	23                              @ DW_FORM_sec_offset
	.byte	3                               @ DW_AT_name
	.byte	14                              @ DW_FORM_strp
	.byte	58                              @ DW_AT_decl_file
	.byte	11                              @ DW_FORM_data1
	.byte	59                              @ DW_AT_decl_line
	.byte	11                              @ DW_FORM_data1
	.byte	73                              @ DW_AT_type
	.byte	19                              @ DW_FORM_ref4
	.byte	0                               @ EOM(1)
	.byte	0                               @ EOM(2)
	.byte	21                              @ Abbreviation Code
	.byte	52                              @ DW_TAG_variable
	.byte	0                               @ DW_CHILDREN_no
	.byte	28                              @ DW_AT_const_value
	.byte	13                              @ DW_FORM_sdata
	.byte	3                               @ DW_AT_name
	.byte	14                              @ DW_FORM_strp
	.byte	58                              @ DW_AT_decl_file
	.byte	11                              @ DW_FORM_data1
	.byte	59                              @ DW_AT_decl_line
	.byte	11                              @ DW_FORM_data1
	.byte	73                              @ DW_AT_type
	.byte	19                              @ DW_FORM_ref4
	.byte	0                               @ EOM(1)
	.byte	0                               @ EOM(2)
	.byte	22                              @ Abbreviation Code
	.byte	29                              @ DW_TAG_inlined_subroutine
	.byte	1                               @ DW_CHILDREN_yes
	.byte	49                              @ DW_AT_abstract_origin
	.byte	19                              @ DW_FORM_ref4
	.byte	17                              @ DW_AT_low_pc
	.byte	1                               @ DW_FORM_addr
	.byte	18                              @ DW_AT_high_pc
	.byte	6                               @ DW_FORM_data4
	.byte	88                              @ DW_AT_call_file
	.byte	11                              @ DW_FORM_data1
	.byte	89                              @ DW_AT_call_line
	.byte	11                              @ DW_FORM_data1
	.byte	87                              @ DW_AT_call_column
	.byte	11                              @ DW_FORM_data1
	.byte	0                               @ EOM(1)
	.byte	0                               @ EOM(2)
	.byte	23                              @ Abbreviation Code
	.byte	5                               @ DW_TAG_formal_parameter
	.byte	0                               @ DW_CHILDREN_no
	.byte	2                               @ DW_AT_location
	.byte	23                              @ DW_FORM_sec_offset
	.byte	49                              @ DW_AT_abstract_origin
	.byte	19                              @ DW_FORM_ref4
	.byte	0                               @ EOM(1)
	.byte	0                               @ EOM(2)
	.byte	24                              @ Abbreviation Code
	.byte	46                              @ DW_TAG_subprogram
	.byte	1                               @ DW_CHILDREN_yes
	.byte	17                              @ DW_AT_low_pc
	.byte	1                               @ DW_FORM_addr
	.byte	18                              @ DW_AT_high_pc
	.byte	6                               @ DW_FORM_data4
	.byte	64                              @ DW_AT_frame_base
	.byte	24                              @ DW_FORM_exprloc
	.ascii	"\227B"                         @ DW_AT_GNU_all_call_sites
	.byte	25                              @ DW_FORM_flag_present
	.byte	49                              @ DW_AT_abstract_origin
	.byte	19                              @ DW_FORM_ref4
	.byte	0                               @ EOM(1)
	.byte	0                               @ EOM(2)
	.byte	25                              @ Abbreviation Code
	.byte	46                              @ DW_TAG_subprogram
	.byte	1                               @ DW_CHILDREN_yes
	.byte	17                              @ DW_AT_low_pc
	.byte	1                               @ DW_FORM_addr
	.byte	18                              @ DW_AT_high_pc
	.byte	6                               @ DW_FORM_data4
	.byte	64                              @ DW_AT_frame_base
	.byte	24                              @ DW_FORM_exprloc
	.ascii	"\227B"                         @ DW_AT_GNU_all_call_sites
	.byte	25                              @ DW_FORM_flag_present
	.byte	3                               @ DW_AT_name
	.byte	14                              @ DW_FORM_strp
	.byte	58                              @ DW_AT_decl_file
	.byte	11                              @ DW_FORM_data1
	.byte	59                              @ DW_AT_decl_line
	.byte	5                               @ DW_FORM_data2
	.byte	39                              @ DW_AT_prototyped
	.byte	25                              @ DW_FORM_flag_present
	.byte	73                              @ DW_AT_type
	.byte	19                              @ DW_FORM_ref4
	.byte	63                              @ DW_AT_external
	.byte	25                              @ DW_FORM_flag_present
	.byte	0                               @ EOM(1)
	.byte	0                               @ EOM(2)
	.byte	26                              @ Abbreviation Code
	.byte	5                               @ DW_TAG_formal_parameter
	.byte	0                               @ DW_CHILDREN_no
	.byte	2                               @ DW_AT_location
	.byte	23                              @ DW_FORM_sec_offset
	.byte	3                               @ DW_AT_name
	.byte	14                              @ DW_FORM_strp
	.byte	58                              @ DW_AT_decl_file
	.byte	11                              @ DW_FORM_data1
	.byte	59                              @ DW_AT_decl_line
	.byte	5                               @ DW_FORM_data2
	.byte	73                              @ DW_AT_type
	.byte	19                              @ DW_FORM_ref4
	.byte	0                               @ EOM(1)
	.byte	0                               @ EOM(2)
	.byte	27                              @ Abbreviation Code
	.byte	52                              @ DW_TAG_variable
	.byte	0                               @ DW_CHILDREN_no
	.byte	28                              @ DW_AT_const_value
	.byte	13                              @ DW_FORM_sdata
	.byte	3                               @ DW_AT_name
	.byte	14                              @ DW_FORM_strp
	.byte	58                              @ DW_AT_decl_file
	.byte	11                              @ DW_FORM_data1
	.byte	59                              @ DW_AT_decl_line
	.byte	5                               @ DW_FORM_data2
	.byte	73                              @ DW_AT_type
	.byte	19                              @ DW_FORM_ref4
	.byte	0                               @ EOM(1)
	.byte	0                               @ EOM(2)
	.byte	28                              @ Abbreviation Code
	.byte	52                              @ DW_TAG_variable
	.byte	0                               @ DW_CHILDREN_no
	.byte	2                               @ DW_AT_location
	.byte	24                              @ DW_FORM_exprloc
	.byte	3                               @ DW_AT_name
	.byte	14                              @ DW_FORM_strp
	.byte	58                              @ DW_AT_decl_file
	.byte	11                              @ DW_FORM_data1
	.byte	59                              @ DW_AT_decl_line
	.byte	11                              @ DW_FORM_data1
	.byte	73                              @ DW_AT_type
	.byte	19                              @ DW_FORM_ref4
	.byte	0                               @ EOM(1)
	.byte	0                               @ EOM(2)
	.byte	29                              @ Abbreviation Code
	.byte	52                              @ DW_TAG_variable
	.byte	0                               @ DW_CHILDREN_no
	.byte	3                               @ DW_AT_name
	.byte	14                              @ DW_FORM_strp
	.byte	58                              @ DW_AT_decl_file
	.byte	11                              @ DW_FORM_data1
	.byte	59                              @ DW_AT_decl_line
	.byte	11                              @ DW_FORM_data1
	.byte	73                              @ DW_AT_type
	.byte	19                              @ DW_FORM_ref4
	.byte	0                               @ EOM(1)
	.byte	0                               @ EOM(2)
	.byte	30                              @ Abbreviation Code
	.byte	29                              @ DW_TAG_inlined_subroutine
	.byte	0                               @ DW_CHILDREN_no
	.byte	49                              @ DW_AT_abstract_origin
	.byte	19                              @ DW_FORM_ref4
	.byte	17                              @ DW_AT_low_pc
	.byte	1                               @ DW_FORM_addr
	.byte	18                              @ DW_AT_high_pc
	.byte	6                               @ DW_FORM_data4
	.byte	88                              @ DW_AT_call_file
	.byte	11                              @ DW_FORM_data1
	.byte	89                              @ DW_AT_call_line
	.byte	11                              @ DW_FORM_data1
	.byte	87                              @ DW_AT_call_column
	.byte	11                              @ DW_FORM_data1
	.byte	0                               @ EOM(1)
	.byte	0                               @ EOM(2)
	.byte	31                              @ Abbreviation Code
	.byte	52                              @ DW_TAG_variable
	.byte	0                               @ DW_CHILDREN_no
	.byte	2                               @ DW_AT_location
	.byte	23                              @ DW_FORM_sec_offset
	.byte	3                               @ DW_AT_name
	.byte	14                              @ DW_FORM_strp
	.byte	58                              @ DW_AT_decl_file
	.byte	11                              @ DW_FORM_data1
	.byte	59                              @ DW_AT_decl_line
	.byte	5                               @ DW_FORM_data2
	.byte	73                              @ DW_AT_type
	.byte	19                              @ DW_FORM_ref4
	.byte	0                               @ EOM(1)
	.byte	0                               @ EOM(2)
	.byte	32                              @ Abbreviation Code
	.byte	46                              @ DW_TAG_subprogram
	.byte	1                               @ DW_CHILDREN_yes
	.byte	17                              @ DW_AT_low_pc
	.byte	1                               @ DW_FORM_addr
	.byte	18                              @ DW_AT_high_pc
	.byte	6                               @ DW_FORM_data4
	.byte	64                              @ DW_AT_frame_base
	.byte	24                              @ DW_FORM_exprloc
	.ascii	"\227B"                         @ DW_AT_GNU_all_call_sites
	.byte	25                              @ DW_FORM_flag_present
	.byte	3                               @ DW_AT_name
	.byte	14                              @ DW_FORM_strp
	.byte	58                              @ DW_AT_decl_file
	.byte	11                              @ DW_FORM_data1
	.byte	59                              @ DW_AT_decl_line
	.byte	5                               @ DW_FORM_data2
	.byte	39                              @ DW_AT_prototyped
	.byte	25                              @ DW_FORM_flag_present
	.byte	73                              @ DW_AT_type
	.byte	19                              @ DW_FORM_ref4
	.byte	0                               @ EOM(1)
	.byte	0                               @ EOM(2)
	.byte	33                              @ Abbreviation Code
	.byte	46                              @ DW_TAG_subprogram
	.byte	1                               @ DW_CHILDREN_yes
	.byte	17                              @ DW_AT_low_pc
	.byte	1                               @ DW_FORM_addr
	.byte	18                              @ DW_AT_high_pc
	.byte	6                               @ DW_FORM_data4
	.byte	64                              @ DW_AT_frame_base
	.byte	24                              @ DW_FORM_exprloc
	.ascii	"\227B"                         @ DW_AT_GNU_all_call_sites
	.byte	25                              @ DW_FORM_flag_present
	.byte	3                               @ DW_AT_name
	.byte	14                              @ DW_FORM_strp
	.byte	58                              @ DW_AT_decl_file
	.byte	11                              @ DW_FORM_data1
	.byte	59                              @ DW_AT_decl_line
	.byte	5                               @ DW_FORM_data2
	.byte	39                              @ DW_AT_prototyped
	.byte	25                              @ DW_FORM_flag_present
	.byte	63                              @ DW_AT_external
	.byte	25                              @ DW_FORM_flag_present
	.byte	0                               @ EOM(1)
	.byte	0                               @ EOM(2)
	.byte	34                              @ Abbreviation Code
	.byte	52                              @ DW_TAG_variable
	.byte	0                               @ DW_CHILDREN_no
	.byte	2                               @ DW_AT_location
	.byte	24                              @ DW_FORM_exprloc
	.byte	3                               @ DW_AT_name
	.byte	14                              @ DW_FORM_strp
	.byte	58                              @ DW_AT_decl_file
	.byte	11                              @ DW_FORM_data1
	.byte	59                              @ DW_AT_decl_line
	.byte	5                               @ DW_FORM_data2
	.byte	73                              @ DW_AT_type
	.byte	19                              @ DW_FORM_ref4
	.byte	0                               @ EOM(1)
	.byte	0                               @ EOM(2)
	.byte	35                              @ Abbreviation Code
	.byte	46                              @ DW_TAG_subprogram
	.byte	0                               @ DW_CHILDREN_no
	.byte	17                              @ DW_AT_low_pc
	.byte	1                               @ DW_FORM_addr
	.byte	18                              @ DW_AT_high_pc
	.byte	6                               @ DW_FORM_data4
	.byte	64                              @ DW_AT_frame_base
	.byte	24                              @ DW_FORM_exprloc
	.ascii	"\227B"                         @ DW_AT_GNU_all_call_sites
	.byte	25                              @ DW_FORM_flag_present
	.byte	3                               @ DW_AT_name
	.byte	14                              @ DW_FORM_strp
	.byte	58                              @ DW_AT_decl_file
	.byte	11                              @ DW_FORM_data1
	.byte	59                              @ DW_AT_decl_line
	.byte	5                               @ DW_FORM_data2
	.byte	39                              @ DW_AT_prototyped
	.byte	25                              @ DW_FORM_flag_present
	.byte	63                              @ DW_AT_external
	.byte	25                              @ DW_FORM_flag_present
	.byte	0                               @ EOM(1)
	.byte	0                               @ EOM(2)
	.byte	36                              @ Abbreviation Code
	.byte	13                              @ DW_TAG_member
	.byte	0                               @ DW_CHILDREN_no
	.byte	3                               @ DW_AT_name
	.byte	14                              @ DW_FORM_strp
	.byte	73                              @ DW_AT_type
	.byte	19                              @ DW_FORM_ref4
	.byte	58                              @ DW_AT_decl_file
	.byte	11                              @ DW_FORM_data1
	.byte	59                              @ DW_AT_decl_line
	.byte	5                               @ DW_FORM_data2
	.byte	13                              @ DW_AT_bit_size
	.byte	11                              @ DW_FORM_data1
	.byte	107                             @ DW_AT_data_bit_offset
	.byte	11                              @ DW_FORM_data1
	.byte	0                               @ EOM(1)
	.byte	0                               @ EOM(2)
	.byte	37                              @ Abbreviation Code
	.byte	1                               @ DW_TAG_array_type
	.byte	1                               @ DW_CHILDREN_yes
	.byte	73                              @ DW_AT_type
	.byte	19                              @ DW_FORM_ref4
	.byte	0                               @ EOM(1)
	.byte	0                               @ EOM(2)
	.byte	38                              @ Abbreviation Code
	.byte	33                              @ DW_TAG_subrange_type
	.byte	0                               @ DW_CHILDREN_no
	.byte	73                              @ DW_AT_type
	.byte	19                              @ DW_FORM_ref4
	.byte	55                              @ DW_AT_count
	.byte	11                              @ DW_FORM_data1
	.byte	0                               @ EOM(1)
	.byte	0                               @ EOM(2)
	.byte	39                              @ Abbreviation Code
	.byte	36                              @ DW_TAG_base_type
	.byte	0                               @ DW_CHILDREN_no
	.byte	3                               @ DW_AT_name
	.byte	14                              @ DW_FORM_strp
	.byte	11                              @ DW_AT_byte_size
	.byte	11                              @ DW_FORM_data1
	.byte	62                              @ DW_AT_encoding
	.byte	11                              @ DW_FORM_data1
	.byte	0                               @ EOM(1)
	.byte	0                               @ EOM(2)
	.byte	0                               @ EOM(3)
	.section	.debug_info,"",%progbits
.Lcu_begin0:
	.long	.Ldebug_info_end0-.Ldebug_info_start0 @ Length of Unit
.Ldebug_info_start0:
	.short	4                               @ DWARF version number
	.long	.debug_abbrev                   @ Offset Into Abbrev. Section
	.byte	4                               @ Address Size (in bytes)
	.byte	1                               @ Abbrev [1] 0xb:0xf22 DW_TAG_compile_unit
	.long	.Linfo_string0                  @ DW_AT_producer
	.short	12                              @ DW_AT_language
	.long	.Linfo_string1                  @ DW_AT_name
	.long	.Lline_table_start0             @ DW_AT_stmt_list
	.long	.Linfo_string2                  @ DW_AT_comp_dir
	.long	.Lfunc_begin0                   @ DW_AT_low_pc
	.long	.Lfunc_end44-.Lfunc_begin0      @ DW_AT_high_pc
	.byte	2                               @ Abbrev [2] 0x26:0x11 DW_TAG_variable
	.long	.Linfo_string3                  @ DW_AT_name
	.long	55                              @ DW_AT_type
	.byte	3                               @ DW_AT_decl_file
	.byte	42                              @ DW_AT_decl_line
	.byte	5                               @ DW_AT_location
	.byte	3
	.long	spi_flash_cfg_env
	.byte	3                               @ Abbrev [3] 0x37:0xc DW_TAG_typedef
	.long	67                              @ DW_AT_type
	.long	.Linfo_string11                 @ DW_AT_name
	.byte	2                               @ DW_AT_decl_file
	.short	656                             @ DW_AT_decl_line
	.byte	4                               @ Abbrev [4] 0x43:0x2d DW_TAG_structure_type
	.byte	12                              @ DW_AT_byte_size
	.byte	2                               @ DW_AT_decl_file
	.short	646                             @ DW_AT_decl_line
	.byte	5                               @ Abbrev [5] 0x48:0xd DW_TAG_member
	.long	.Linfo_string4                  @ DW_AT_name
	.long	112                             @ DW_AT_type
	.byte	2                               @ DW_AT_decl_file
	.short	649                             @ DW_AT_decl_line
	.byte	0                               @ DW_AT_data_member_location
	.byte	5                               @ Abbrev [5] 0x55:0xd DW_TAG_member
	.long	.Linfo_string7                  @ DW_AT_name
	.long	130                             @ DW_AT_type
	.byte	2                               @ DW_AT_decl_file
	.short	652                             @ DW_AT_decl_line
	.byte	4                               @ DW_AT_data_member_location
	.byte	5                               @ Abbrev [5] 0x62:0xd DW_TAG_member
	.long	.Linfo_string10                 @ DW_AT_name
	.long	130                             @ DW_AT_type
	.byte	2                               @ DW_AT_decl_file
	.short	655                             @ DW_AT_decl_line
	.byte	8                               @ DW_AT_data_member_location
	.byte	0                               @ End Of Children Mark
	.byte	6                               @ Abbrev [6] 0x70:0xb DW_TAG_typedef
	.long	123                             @ DW_AT_type
	.long	.Linfo_string6                  @ DW_AT_name
	.byte	1                               @ DW_AT_decl_file
	.byte	62                              @ DW_AT_decl_line
	.byte	7                               @ Abbrev [7] 0x7b:0x7 DW_TAG_base_type
	.long	.Linfo_string5                  @ DW_AT_name
	.byte	8                               @ DW_AT_encoding
	.byte	1                               @ DW_AT_byte_size
	.byte	6                               @ Abbrev [6] 0x82:0xb DW_TAG_typedef
	.long	141                             @ DW_AT_type
	.long	.Linfo_string9                  @ DW_AT_name
	.byte	1                               @ DW_AT_decl_file
	.byte	64                              @ DW_AT_decl_line
	.byte	7                               @ Abbrev [7] 0x8d:0x7 DW_TAG_base_type
	.long	.Linfo_string8                  @ DW_AT_name
	.byte	7                               @ DW_AT_encoding
	.byte	4                               @ DW_AT_byte_size
	.byte	8                               @ Abbrev [8] 0x94:0xf DW_TAG_enumeration_type
	.long	123                             @ DW_AT_type
	.byte	1                               @ DW_AT_byte_size
	.byte	4                               @ DW_AT_decl_file
	.byte	138                             @ DW_AT_decl_line
	.byte	9                               @ Abbrev [9] 0x9c:0x6 DW_TAG_enumerator
	.long	.Linfo_string12                 @ DW_AT_name
	.byte	0                               @ DW_AT_const_value
	.byte	0                               @ End Of Children Mark
	.byte	8                               @ Abbrev [8] 0xa3:0x21 DW_TAG_enumeration_type
	.long	123                             @ DW_AT_type
	.byte	1                               @ DW_AT_byte_size
	.byte	4                               @ DW_AT_decl_file
	.byte	149                             @ DW_AT_decl_line
	.byte	9                               @ Abbrev [9] 0xab:0x6 DW_TAG_enumerator
	.long	.Linfo_string13                 @ DW_AT_name
	.byte	0                               @ DW_AT_const_value
	.byte	9                               @ Abbrev [9] 0xb1:0x6 DW_TAG_enumerator
	.long	.Linfo_string14                 @ DW_AT_name
	.byte	1                               @ DW_AT_const_value
	.byte	9                               @ Abbrev [9] 0xb7:0x6 DW_TAG_enumerator
	.long	.Linfo_string15                 @ DW_AT_name
	.byte	2                               @ DW_AT_const_value
	.byte	9                               @ Abbrev [9] 0xbd:0x6 DW_TAG_enumerator
	.long	.Linfo_string16                 @ DW_AT_name
	.byte	3                               @ DW_AT_const_value
	.byte	0                               @ End Of Children Mark
	.byte	8                               @ Abbrev [8] 0xc4:0x2d DW_TAG_enumeration_type
	.long	241                             @ DW_AT_type
	.byte	2                               @ DW_AT_byte_size
	.byte	4                               @ DW_AT_decl_file
	.byte	164                             @ DW_AT_decl_line
	.byte	9                               @ Abbrev [9] 0xcc:0x7 DW_TAG_enumerator
	.long	.Linfo_string18                 @ DW_AT_name
	.ascii	"\320\017"                      @ DW_AT_const_value
	.byte	9                               @ Abbrev [9] 0xd3:0x7 DW_TAG_enumerator
	.long	.Linfo_string19                 @ DW_AT_name
	.ascii	"\240\037"                      @ DW_AT_const_value
	.byte	9                               @ Abbrev [9] 0xda:0x7 DW_TAG_enumerator
	.long	.Linfo_string20                 @ DW_AT_name
	.ascii	"\300>"                         @ DW_AT_const_value
	.byte	9                               @ Abbrev [9] 0xe1:0x7 DW_TAG_enumerator
	.long	.Linfo_string21                 @ DW_AT_name
	.ascii	"\200}"                         @ DW_AT_const_value
	.byte	9                               @ Abbrev [9] 0xe8:0x8 DW_TAG_enumerator
	.long	.Linfo_string22                 @ DW_AT_name
	.ascii	"\200\372\001"                  @ DW_AT_const_value
	.byte	0                               @ End Of Children Mark
	.byte	7                               @ Abbrev [7] 0xf1:0x7 DW_TAG_base_type
	.long	.Linfo_string17                 @ DW_AT_name
	.byte	7                               @ DW_AT_encoding
	.byte	2                               @ DW_AT_byte_size
	.byte	8                               @ Abbrev [8] 0xf8:0x1b DW_TAG_enumeration_type
	.long	123                             @ DW_AT_type
	.byte	1                               @ DW_AT_byte_size
	.byte	4                               @ DW_AT_decl_file
	.byte	182                             @ DW_AT_decl_line
	.byte	9                               @ Abbrev [9] 0x100:0x6 DW_TAG_enumerator
	.long	.Linfo_string23                 @ DW_AT_name
	.byte	0                               @ DW_AT_const_value
	.byte	9                               @ Abbrev [9] 0x106:0x6 DW_TAG_enumerator
	.long	.Linfo_string24                 @ DW_AT_name
	.byte	1                               @ DW_AT_const_value
	.byte	9                               @ Abbrev [9] 0x10c:0x6 DW_TAG_enumerator
	.long	.Linfo_string25                 @ DW_AT_name
	.byte	2                               @ DW_AT_const_value
	.byte	0                               @ End Of Children Mark
	.byte	8                               @ Abbrev [8] 0x113:0x21 DW_TAG_enumeration_type
	.long	123                             @ DW_AT_type
	.byte	1                               @ DW_AT_byte_size
	.byte	4                               @ DW_AT_decl_file
	.byte	194                             @ DW_AT_decl_line
	.byte	9                               @ Abbrev [9] 0x11b:0x6 DW_TAG_enumerator
	.long	.Linfo_string26                 @ DW_AT_name
	.byte	0                               @ DW_AT_const_value
	.byte	9                               @ Abbrev [9] 0x121:0x6 DW_TAG_enumerator
	.long	.Linfo_string27                 @ DW_AT_name
	.byte	1                               @ DW_AT_const_value
	.byte	9                               @ Abbrev [9] 0x127:0x6 DW_TAG_enumerator
	.long	.Linfo_string28                 @ DW_AT_name
	.byte	2                               @ DW_AT_const_value
	.byte	9                               @ Abbrev [9] 0x12d:0x6 DW_TAG_enumerator
	.long	.Linfo_string29                 @ DW_AT_name
	.byte	4                               @ DW_AT_const_value
	.byte	0                               @ End Of Children Mark
	.byte	8                               @ Abbrev [8] 0x134:0x15 DW_TAG_enumeration_type
	.long	123                             @ DW_AT_type
	.byte	1                               @ DW_AT_byte_size
	.byte	4                               @ DW_AT_decl_file
	.byte	209                             @ DW_AT_decl_line
	.byte	9                               @ Abbrev [9] 0x13c:0x6 DW_TAG_enumerator
	.long	.Linfo_string30                 @ DW_AT_name
	.byte	0                               @ DW_AT_const_value
	.byte	9                               @ Abbrev [9] 0x142:0x6 DW_TAG_enumerator
	.long	.Linfo_string31                 @ DW_AT_name
	.byte	1                               @ DW_AT_const_value
	.byte	0                               @ End Of Children Mark
	.byte	8                               @ Abbrev [8] 0x149:0xf DW_TAG_enumeration_type
	.long	123                             @ DW_AT_type
	.byte	1                               @ DW_AT_byte_size
	.byte	5                               @ DW_AT_decl_file
	.byte	82                              @ DW_AT_decl_line
	.byte	9                               @ Abbrev [9] 0x151:0x6 DW_TAG_enumerator
	.long	.Linfo_string32                 @ DW_AT_name
	.byte	0                               @ DW_AT_const_value
	.byte	0                               @ End Of Children Mark
	.byte	8                               @ Abbrev [8] 0x158:0x57 DW_TAG_enumeration_type
	.long	123                             @ DW_AT_type
	.byte	1                               @ DW_AT_byte_size
	.byte	5                               @ DW_AT_decl_file
	.byte	102                             @ DW_AT_decl_line
	.byte	9                               @ Abbrev [9] 0x160:0x6 DW_TAG_enumerator
	.long	.Linfo_string33                 @ DW_AT_name
	.byte	0                               @ DW_AT_const_value
	.byte	9                               @ Abbrev [9] 0x166:0x6 DW_TAG_enumerator
	.long	.Linfo_string34                 @ DW_AT_name
	.byte	1                               @ DW_AT_const_value
	.byte	9                               @ Abbrev [9] 0x16c:0x6 DW_TAG_enumerator
	.long	.Linfo_string35                 @ DW_AT_name
	.byte	2                               @ DW_AT_const_value
	.byte	9                               @ Abbrev [9] 0x172:0x6 DW_TAG_enumerator
	.long	.Linfo_string36                 @ DW_AT_name
	.byte	3                               @ DW_AT_const_value
	.byte	9                               @ Abbrev [9] 0x178:0x6 DW_TAG_enumerator
	.long	.Linfo_string37                 @ DW_AT_name
	.byte	4                               @ DW_AT_const_value
	.byte	9                               @ Abbrev [9] 0x17e:0x6 DW_TAG_enumerator
	.long	.Linfo_string38                 @ DW_AT_name
	.byte	5                               @ DW_AT_const_value
	.byte	9                               @ Abbrev [9] 0x184:0x6 DW_TAG_enumerator
	.long	.Linfo_string39                 @ DW_AT_name
	.byte	6                               @ DW_AT_const_value
	.byte	9                               @ Abbrev [9] 0x18a:0x6 DW_TAG_enumerator
	.long	.Linfo_string40                 @ DW_AT_name
	.byte	7                               @ DW_AT_const_value
	.byte	9                               @ Abbrev [9] 0x190:0x6 DW_TAG_enumerator
	.long	.Linfo_string41                 @ DW_AT_name
	.byte	8                               @ DW_AT_const_value
	.byte	9                               @ Abbrev [9] 0x196:0x6 DW_TAG_enumerator
	.long	.Linfo_string42                 @ DW_AT_name
	.byte	9                               @ DW_AT_const_value
	.byte	9                               @ Abbrev [9] 0x19c:0x6 DW_TAG_enumerator
	.long	.Linfo_string43                 @ DW_AT_name
	.byte	10                              @ DW_AT_const_value
	.byte	9                               @ Abbrev [9] 0x1a2:0x6 DW_TAG_enumerator
	.long	.Linfo_string44                 @ DW_AT_name
	.byte	11                              @ DW_AT_const_value
	.byte	9                               @ Abbrev [9] 0x1a8:0x6 DW_TAG_enumerator
	.long	.Linfo_string45                 @ DW_AT_name
	.byte	12                              @ DW_AT_const_value
	.byte	0                               @ End Of Children Mark
	.byte	8                               @ Abbrev [8] 0x1af:0x15 DW_TAG_enumeration_type
	.long	123                             @ DW_AT_type
	.byte	1                               @ DW_AT_byte_size
	.byte	4                               @ DW_AT_decl_file
	.byte	245                             @ DW_AT_decl_line
	.byte	9                               @ Abbrev [9] 0x1b7:0x6 DW_TAG_enumerator
	.long	.Linfo_string46                 @ DW_AT_name
	.byte	0                               @ DW_AT_const_value
	.byte	9                               @ Abbrev [9] 0x1bd:0x6 DW_TAG_enumerator
	.long	.Linfo_string47                 @ DW_AT_name
	.byte	1                               @ DW_AT_const_value
	.byte	0                               @ End Of Children Mark
	.byte	10                              @ Abbrev [10] 0x1c4:0x1d DW_TAG_enumeration_type
	.long	123                             @ DW_AT_type
	.byte	1                               @ DW_AT_byte_size
	.byte	2                               @ DW_AT_decl_file
	.short	605                             @ DW_AT_decl_line
	.byte	9                               @ Abbrev [9] 0x1cd:0x6 DW_TAG_enumerator
	.long	.Linfo_string48                 @ DW_AT_name
	.byte	32                              @ DW_AT_const_value
	.byte	9                               @ Abbrev [9] 0x1d3:0x6 DW_TAG_enumerator
	.long	.Linfo_string49                 @ DW_AT_name
	.byte	82                              @ DW_AT_const_value
	.byte	9                               @ Abbrev [9] 0x1d9:0x7 DW_TAG_enumerator
	.long	.Linfo_string50                 @ DW_AT_name
	.ascii	"\330\001"                      @ DW_AT_const_value
	.byte	0                               @ End Of Children Mark
	.byte	8                               @ Abbrev [8] 0x1e1:0xf DW_TAG_enumeration_type
	.long	123                             @ DW_AT_type
	.byte	1                               @ DW_AT_byte_size
	.byte	4                               @ DW_AT_decl_file
	.byte	218                             @ DW_AT_decl_line
	.byte	9                               @ Abbrev [9] 0x1e9:0x6 DW_TAG_enumerator
	.long	.Linfo_string51                 @ DW_AT_name
	.byte	0                               @ DW_AT_const_value
	.byte	0                               @ End Of Children Mark
	.byte	6                               @ Abbrev [6] 0x1f0:0xb DW_TAG_typedef
	.long	241                             @ DW_AT_type
	.long	.Linfo_string52                 @ DW_AT_name
	.byte	1                               @ DW_AT_decl_file
	.byte	63                              @ DW_AT_decl_line
	.byte	6                               @ Abbrev [6] 0x1fb:0xb DW_TAG_typedef
	.long	518                             @ DW_AT_type
	.long	.Linfo_string54                 @ DW_AT_name
	.byte	1                               @ DW_AT_decl_file
	.byte	65                              @ DW_AT_decl_line
	.byte	7                               @ Abbrev [7] 0x206:0x7 DW_TAG_base_type
	.long	.Linfo_string53                 @ DW_AT_name
	.byte	7                               @ DW_AT_encoding
	.byte	8                               @ DW_AT_byte_size
	.byte	11                              @ Abbrev [11] 0x20d:0x5 DW_TAG_pointer_type
	.long	112                             @ DW_AT_type
	.byte	12                              @ Abbrev [12] 0x212:0x15 DW_TAG_subprogram
	.long	.Lfunc_begin0                   @ DW_AT_low_pc
	.long	.Lfunc_end0-.Lfunc_begin0       @ DW_AT_high_pc
	.byte	1                               @ DW_AT_frame_base
	.byte	93
                                        @ DW_AT_GNU_all_call_sites
	.long	.Linfo_string57                 @ DW_AT_name
	.byte	3                               @ DW_AT_decl_file
	.byte	57                              @ DW_AT_decl_line
                                        @ DW_AT_prototyped
	.long	3508                            @ DW_AT_type
                                        @ DW_AT_external
	.byte	13                              @ Abbrev [13] 0x227:0x16 DW_TAG_subprogram
	.long	.Lfunc_begin1                   @ DW_AT_low_pc
	.long	.Lfunc_end1-.Lfunc_begin1       @ DW_AT_high_pc
	.byte	1                               @ DW_AT_frame_base
	.byte	93
                                        @ DW_AT_GNU_all_call_sites
	.long	.Linfo_string60                 @ DW_AT_name
	.byte	3                               @ DW_AT_decl_file
	.short	288                             @ DW_AT_decl_line
                                        @ DW_AT_prototyped
	.long	496                             @ DW_AT_type
                                        @ DW_AT_external
	.byte	14                              @ Abbrev [14] 0x23d:0x2f DW_TAG_subprogram
	.long	.Lfunc_begin2                   @ DW_AT_low_pc
	.long	.Lfunc_end2-.Lfunc_begin2       @ DW_AT_high_pc
	.byte	1                               @ DW_AT_frame_base
	.byte	93
                                        @ DW_AT_GNU_all_call_sites
	.long	.Linfo_string61                 @ DW_AT_name
	.byte	3                               @ DW_AT_decl_file
	.byte	67                              @ DW_AT_decl_line
                                        @ DW_AT_prototyped
	.long	3508                            @ DW_AT_type
                                        @ DW_AT_external
	.byte	15                              @ Abbrev [15] 0x252:0x19 DW_TAG_lexical_block
	.long	.Ltmp8                          @ DW_AT_low_pc
	.long	.Ltmp14-.Ltmp8                  @ DW_AT_high_pc
	.byte	16                              @ Abbrev [16] 0x25b:0xf DW_TAG_variable
	.long	.Ldebug_loc0                    @ DW_AT_location
	.long	.Linfo_string104                @ DW_AT_name
	.byte	3                               @ DW_AT_decl_file
	.byte	69                              @ DW_AT_decl_line
	.long	130                             @ DW_AT_type
	.byte	0                               @ End Of Children Mark
	.byte	0                               @ End Of Children Mark
	.byte	17                              @ Abbrev [17] 0x26c:0x14 DW_TAG_subprogram
	.long	.Linfo_string55                 @ DW_AT_name
	.byte	3                               @ DW_AT_decl_file
	.byte	144                             @ DW_AT_decl_line
                                        @ DW_AT_prototyped
                                        @ DW_AT_external
	.byte	1                               @ DW_AT_inline
	.byte	18                              @ Abbrev [18] 0x274:0xb DW_TAG_formal_parameter
	.long	.Linfo_string56                 @ DW_AT_name
	.byte	3                               @ DW_AT_decl_file
	.byte	144                             @ DW_AT_decl_line
	.long	640                             @ DW_AT_type
	.byte	0                               @ End Of Children Mark
	.byte	11                              @ Abbrev [11] 0x280:0x5 DW_TAG_pointer_type
	.long	645                             @ DW_AT_type
	.byte	19                              @ Abbrev [19] 0x285:0x5 DW_TAG_const_type
	.long	55                              @ DW_AT_type
	.byte	14                              @ Abbrev [14] 0x28a:0x5a DW_TAG_subprogram
	.long	.Lfunc_begin3                   @ DW_AT_low_pc
	.long	.Lfunc_end3-.Lfunc_begin3       @ DW_AT_high_pc
	.byte	1                               @ DW_AT_frame_base
	.byte	93
                                        @ DW_AT_GNU_all_call_sites
	.long	.Linfo_string62                 @ DW_AT_name
	.byte	3                               @ DW_AT_decl_file
	.byte	85                              @ DW_AT_decl_line
                                        @ DW_AT_prototyped
	.long	3508                            @ DW_AT_type
                                        @ DW_AT_external
	.byte	20                              @ Abbrev [20] 0x29f:0xf DW_TAG_formal_parameter
	.long	.Ldebug_loc1                    @ DW_AT_location
	.long	.Linfo_string105                @ DW_AT_name
	.byte	3                               @ DW_AT_decl_file
	.byte	85                              @ DW_AT_decl_line
	.long	3533                            @ DW_AT_type
	.byte	20                              @ Abbrev [20] 0x2ae:0xf DW_TAG_formal_parameter
	.long	.Ldebug_loc2                    @ DW_AT_location
	.long	.Linfo_string56                 @ DW_AT_name
	.byte	3                               @ DW_AT_decl_file
	.byte	85                              @ DW_AT_decl_line
	.long	640                             @ DW_AT_type
	.byte	21                              @ Abbrev [21] 0x2bd:0xc DW_TAG_variable
	.byte	0                               @ DW_AT_const_value
	.long	.Linfo_string127                @ DW_AT_name
	.byte	3                               @ DW_AT_decl_file
	.byte	87                              @ DW_AT_decl_line
	.long	3508                            @ DW_AT_type
	.byte	22                              @ Abbrev [22] 0x2c9:0x1a DW_TAG_inlined_subroutine
	.long	620                             @ DW_AT_abstract_origin
	.long	.Ltmp21                         @ DW_AT_low_pc
	.long	.Ltmp23-.Ltmp21                 @ DW_AT_high_pc
	.byte	3                               @ DW_AT_call_file
	.byte	105                             @ DW_AT_call_line
	.byte	5                               @ DW_AT_call_column
	.byte	23                              @ Abbrev [23] 0x2d9:0x9 DW_TAG_formal_parameter
	.long	.Ldebug_loc3                    @ DW_AT_location
	.long	628                             @ DW_AT_abstract_origin
	.byte	0                               @ End Of Children Mark
	.byte	0                               @ End Of Children Mark
	.byte	12                              @ Abbrev [12] 0x2e4:0x15 DW_TAG_subprogram
	.long	.Lfunc_begin4                   @ DW_AT_low_pc
	.long	.Lfunc_end4-.Lfunc_begin4       @ DW_AT_high_pc
	.byte	1                               @ DW_AT_frame_base
	.byte	93
                                        @ DW_AT_GNU_all_call_sites
	.long	.Linfo_string63                 @ DW_AT_name
	.byte	3                               @ DW_AT_decl_file
	.byte	244                             @ DW_AT_decl_line
                                        @ DW_AT_prototyped
	.long	3508                            @ DW_AT_type
                                        @ DW_AT_external
	.byte	24                              @ Abbrev [24] 0x2f9:0x19 DW_TAG_subprogram
	.long	.Lfunc_begin5                   @ DW_AT_low_pc
	.long	.Lfunc_end5-.Lfunc_begin5       @ DW_AT_high_pc
	.byte	1                               @ DW_AT_frame_base
	.byte	93
                                        @ DW_AT_GNU_all_call_sites
	.long	620                             @ DW_AT_abstract_origin
	.byte	23                              @ Abbrev [23] 0x308:0x9 DW_TAG_formal_parameter
	.long	.Ldebug_loc4                    @ DW_AT_location
	.long	628                             @ DW_AT_abstract_origin
	.byte	0                               @ End Of Children Mark
	.byte	25                              @ Abbrev [25] 0x312:0x34 DW_TAG_subprogram
	.long	.Lfunc_begin6                   @ DW_AT_low_pc
	.long	.Lfunc_end6-.Lfunc_begin6       @ DW_AT_high_pc
	.byte	1                               @ DW_AT_frame_base
	.byte	93
                                        @ DW_AT_GNU_all_call_sites
	.long	.Linfo_string64                 @ DW_AT_name
	.byte	3                               @ DW_AT_decl_file
	.short	567                             @ DW_AT_decl_line
                                        @ DW_AT_prototyped
	.long	3508                            @ DW_AT_type
                                        @ DW_AT_external
	.byte	26                              @ Abbrev [26] 0x328:0x10 DW_TAG_formal_parameter
	.long	.Ldebug_loc5                    @ DW_AT_location
	.long	.Linfo_string128                @ DW_AT_name
	.byte	3                               @ DW_AT_decl_file
	.short	567                             @ DW_AT_decl_line
	.long	112                             @ DW_AT_type
	.byte	27                              @ Abbrev [27] 0x338:0xd DW_TAG_variable
	.byte	0                               @ DW_AT_const_value
	.long	.Linfo_string127                @ DW_AT_name
	.byte	3                               @ DW_AT_decl_file
	.short	569                             @ DW_AT_decl_line
	.long	3508                            @ DW_AT_type
	.byte	0                               @ End Of Children Mark
	.byte	14                              @ Abbrev [14] 0x346:0x40 DW_TAG_subprogram
	.long	.Lfunc_begin7                   @ DW_AT_low_pc
	.long	.Lfunc_end7-.Lfunc_begin7       @ DW_AT_high_pc
	.byte	1                               @ DW_AT_frame_base
	.byte	93
                                        @ DW_AT_GNU_all_call_sites
	.long	.Linfo_string65                 @ DW_AT_name
	.byte	3                               @ DW_AT_decl_file
	.byte	117                             @ DW_AT_decl_line
                                        @ DW_AT_prototyped
	.long	3508                            @ DW_AT_type
                                        @ DW_AT_external
	.byte	20                              @ Abbrev [20] 0x35b:0xf DW_TAG_formal_parameter
	.long	.Ldebug_loc6                    @ DW_AT_location
	.long	.Linfo_string105                @ DW_AT_name
	.byte	3                               @ DW_AT_decl_file
	.byte	117                             @ DW_AT_decl_line
	.long	3533                            @ DW_AT_type
	.byte	20                              @ Abbrev [20] 0x36a:0xf DW_TAG_formal_parameter
	.long	.Ldebug_loc7                    @ DW_AT_location
	.long	.Linfo_string129                @ DW_AT_name
	.byte	3                               @ DW_AT_decl_file
	.byte	117                             @ DW_AT_decl_line
	.long	525                             @ DW_AT_type
	.byte	21                              @ Abbrev [21] 0x379:0xc DW_TAG_variable
	.byte	0                               @ DW_AT_const_value
	.long	.Linfo_string127                @ DW_AT_name
	.byte	3                               @ DW_AT_decl_file
	.byte	119                             @ DW_AT_decl_line
	.long	3508                            @ DW_AT_type
	.byte	0                               @ End Of Children Mark
	.byte	14                              @ Abbrev [14] 0x386:0x81 DW_TAG_subprogram
	.long	.Lfunc_begin8                   @ DW_AT_low_pc
	.long	.Lfunc_end8-.Lfunc_begin8       @ DW_AT_high_pc
	.byte	1                               @ DW_AT_frame_base
	.byte	93
                                        @ DW_AT_GNU_all_call_sites
	.long	.Linfo_string66                 @ DW_AT_name
	.byte	3                               @ DW_AT_decl_file
	.byte	150                             @ DW_AT_decl_line
                                        @ DW_AT_prototyped
	.long	3508                            @ DW_AT_type
                                        @ DW_AT_external
	.byte	20                              @ Abbrev [20] 0x39b:0xf DW_TAG_formal_parameter
	.long	.Ldebug_loc8                    @ DW_AT_location
	.long	.Linfo_string129                @ DW_AT_name
	.byte	3                               @ DW_AT_decl_file
	.byte	150                             @ DW_AT_decl_line
	.long	525                             @ DW_AT_type
	.byte	28                              @ Abbrev [28] 0x3aa:0xe DW_TAG_variable
	.byte	2                               @ DW_AT_location
	.byte	145
	.byte	0
	.long	.Linfo_string7                  @ DW_AT_name
	.byte	3                               @ DW_AT_decl_file
	.byte	181                             @ DW_AT_decl_line
	.long	130                             @ DW_AT_type
	.byte	16                              @ Abbrev [16] 0x3b8:0xf DW_TAG_variable
	.long	.Ldebug_loc9                    @ DW_AT_location
	.long	.Linfo_string127                @ DW_AT_name
	.byte	3                               @ DW_AT_decl_file
	.byte	152                             @ DW_AT_decl_line
	.long	3508                            @ DW_AT_type
	.byte	29                              @ Abbrev [29] 0x3c7:0xb DW_TAG_variable
	.long	.Linfo_string131                @ DW_AT_name
	.byte	3                               @ DW_AT_decl_file
	.byte	154                             @ DW_AT_decl_line
	.long	3814                            @ DW_AT_type
	.byte	29                              @ Abbrev [29] 0x3d2:0xb DW_TAG_variable
	.long	.Linfo_string133                @ DW_AT_name
	.byte	3                               @ DW_AT_decl_file
	.byte	182                             @ DW_AT_decl_line
	.long	112                             @ DW_AT_type
	.byte	15                              @ Abbrev [15] 0x3dd:0x29 DW_TAG_lexical_block
	.long	.Ltmp54                         @ DW_AT_low_pc
	.long	.Ltmp62-.Ltmp54                 @ DW_AT_high_pc
	.byte	16                              @ Abbrev [16] 0x3e6:0xf DW_TAG_variable
	.long	.Ldebug_loc10                   @ DW_AT_location
	.long	.Linfo_string130                @ DW_AT_name
	.byte	3                               @ DW_AT_decl_file
	.byte	206                             @ DW_AT_decl_line
	.long	112                             @ DW_AT_type
	.byte	30                              @ Abbrev [30] 0x3f5:0x10 DW_TAG_inlined_subroutine
	.long	620                             @ DW_AT_abstract_origin
	.long	.Ltmp60                         @ DW_AT_low_pc
	.long	.Ltmp61-.Ltmp60                 @ DW_AT_high_pc
	.byte	3                               @ DW_AT_call_file
	.byte	210                             @ DW_AT_call_line
	.byte	13                              @ DW_AT_call_column
	.byte	0                               @ End Of Children Mark
	.byte	0                               @ End Of Children Mark
	.byte	25                              @ Abbrev [25] 0x407:0x37 DW_TAG_subprogram
	.long	.Lfunc_begin9                   @ DW_AT_low_pc
	.long	.Lfunc_end9-.Lfunc_begin9       @ DW_AT_high_pc
	.byte	1                               @ DW_AT_frame_base
	.byte	93
                                        @ DW_AT_GNU_all_call_sites
	.long	.Linfo_string67                 @ DW_AT_name
	.byte	3                               @ DW_AT_decl_file
	.short	532                             @ DW_AT_decl_line
                                        @ DW_AT_prototyped
	.long	3508                            @ DW_AT_type
                                        @ DW_AT_external
	.byte	26                              @ Abbrev [26] 0x41d:0x10 DW_TAG_formal_parameter
	.long	.Ldebug_loc11                   @ DW_AT_location
	.long	.Linfo_string128                @ DW_AT_name
	.byte	3                               @ DW_AT_decl_file
	.short	532                             @ DW_AT_decl_line
	.long	3833                            @ DW_AT_type
	.byte	31                              @ Abbrev [31] 0x42d:0x10 DW_TAG_variable
	.long	.Ldebug_loc12                   @ DW_AT_location
	.long	.Linfo_string127                @ DW_AT_name
	.byte	3                               @ DW_AT_decl_file
	.short	537                             @ DW_AT_decl_line
	.long	3508                            @ DW_AT_type
	.byte	0                               @ End Of Children Mark
	.byte	14                              @ Abbrev [14] 0x43e:0x25 DW_TAG_subprogram
	.long	.Lfunc_begin10                  @ DW_AT_low_pc
	.long	.Lfunc_end10-.Lfunc_begin10     @ DW_AT_high_pc
	.byte	1                               @ DW_AT_frame_base
	.byte	93
                                        @ DW_AT_GNU_all_call_sites
	.long	.Linfo_string68                 @ DW_AT_name
	.byte	3                               @ DW_AT_decl_file
	.byte	226                             @ DW_AT_decl_line
                                        @ DW_AT_prototyped
	.long	3508                            @ DW_AT_type
                                        @ DW_AT_external
	.byte	16                              @ Abbrev [16] 0x453:0xf DW_TAG_variable
	.long	.Ldebug_loc13                   @ DW_AT_location
	.long	.Linfo_string127                @ DW_AT_name
	.byte	3                               @ DW_AT_decl_file
	.byte	231                             @ DW_AT_decl_line
	.long	3508                            @ DW_AT_type
	.byte	0                               @ End Of Children Mark
	.byte	25                              @ Abbrev [25] 0x463:0x27 DW_TAG_subprogram
	.long	.Lfunc_begin11                  @ DW_AT_low_pc
	.long	.Lfunc_end11-.Lfunc_begin11     @ DW_AT_high_pc
	.byte	1                               @ DW_AT_frame_base
	.byte	93
                                        @ DW_AT_GNU_all_call_sites
	.long	.Linfo_string69                 @ DW_AT_name
	.byte	3                               @ DW_AT_decl_file
	.short	265                             @ DW_AT_decl_line
                                        @ DW_AT_prototyped
	.long	3508                            @ DW_AT_type
                                        @ DW_AT_external
	.byte	31                              @ Abbrev [31] 0x479:0x10 DW_TAG_variable
	.long	.Ldebug_loc14                   @ DW_AT_location
	.long	.Linfo_string127                @ DW_AT_name
	.byte	3                               @ DW_AT_decl_file
	.short	270                             @ DW_AT_decl_line
	.long	3508                            @ DW_AT_type
	.byte	0                               @ End Of Children Mark
	.byte	13                              @ Abbrev [13] 0x48a:0x16 DW_TAG_subprogram
	.long	.Lfunc_begin12                  @ DW_AT_low_pc
	.long	.Lfunc_end12-.Lfunc_begin12     @ DW_AT_high_pc
	.byte	1                               @ DW_AT_frame_base
	.byte	93
                                        @ DW_AT_GNU_all_call_sites
	.long	.Linfo_string70                 @ DW_AT_name
	.byte	3                               @ DW_AT_decl_file
	.short	335                             @ DW_AT_decl_line
                                        @ DW_AT_prototyped
	.long	3508                            @ DW_AT_type
                                        @ DW_AT_external
	.byte	32                              @ Abbrev [32] 0x4a0:0x37 DW_TAG_subprogram
	.long	.Lfunc_begin13                  @ DW_AT_low_pc
	.long	.Lfunc_end13-.Lfunc_begin13     @ DW_AT_high_pc
	.byte	1                               @ DW_AT_frame_base
	.byte	93
                                        @ DW_AT_GNU_all_call_sites
	.long	.Linfo_string71                 @ DW_AT_name
	.byte	3                               @ DW_AT_decl_file
	.short	304                             @ DW_AT_decl_line
                                        @ DW_AT_prototyped
	.long	3508                            @ DW_AT_type
	.byte	26                              @ Abbrev [26] 0x4b6:0x10 DW_TAG_formal_parameter
	.long	.Ldebug_loc15                   @ DW_AT_location
	.long	.Linfo_string134                @ DW_AT_name
	.byte	3                               @ DW_AT_decl_file
	.short	304                             @ DW_AT_decl_line
	.long	112                             @ DW_AT_type
	.byte	31                              @ Abbrev [31] 0x4c6:0x10 DW_TAG_variable
	.long	.Ldebug_loc16                   @ DW_AT_location
	.long	.Linfo_string127                @ DW_AT_name
	.byte	3                               @ DW_AT_decl_file
	.short	309                             @ DW_AT_decl_line
	.long	3508                            @ DW_AT_type
	.byte	0                               @ End Of Children Mark
	.byte	13                              @ Abbrev [13] 0x4d7:0x16 DW_TAG_subprogram
	.long	.Lfunc_begin14                  @ DW_AT_low_pc
	.long	.Lfunc_end14-.Lfunc_begin14     @ DW_AT_high_pc
	.byte	1                               @ DW_AT_frame_base
	.byte	93
                                        @ DW_AT_GNU_all_call_sites
	.long	.Linfo_string72                 @ DW_AT_name
	.byte	3                               @ DW_AT_decl_file
	.short	340                             @ DW_AT_decl_line
                                        @ DW_AT_prototyped
	.long	3508                            @ DW_AT_type
                                        @ DW_AT_external
	.byte	25                              @ Abbrev [25] 0x4ed:0x27 DW_TAG_subprogram
	.long	.Lfunc_begin15                  @ DW_AT_low_pc
	.long	.Lfunc_end15-.Lfunc_begin15     @ DW_AT_high_pc
	.byte	1                               @ DW_AT_frame_base
	.byte	93
                                        @ DW_AT_GNU_all_call_sites
	.long	.Linfo_string73                 @ DW_AT_name
	.byte	3                               @ DW_AT_decl_file
	.short	345                             @ DW_AT_decl_line
                                        @ DW_AT_prototyped
	.long	3508                            @ DW_AT_type
                                        @ DW_AT_external
	.byte	31                              @ Abbrev [31] 0x503:0x10 DW_TAG_variable
	.long	.Ldebug_loc17                   @ DW_AT_location
	.long	.Linfo_string127                @ DW_AT_name
	.byte	3                               @ DW_AT_decl_file
	.short	350                             @ DW_AT_decl_line
	.long	3508                            @ DW_AT_type
	.byte	0                               @ End Of Children Mark
	.byte	25                              @ Abbrev [25] 0x514:0x37 DW_TAG_subprogram
	.long	.Lfunc_begin16                  @ DW_AT_low_pc
	.long	.Lfunc_end16-.Lfunc_begin16     @ DW_AT_high_pc
	.byte	1                               @ DW_AT_frame_base
	.byte	93
                                        @ DW_AT_GNU_all_call_sites
	.long	.Linfo_string74                 @ DW_AT_name
	.byte	3                               @ DW_AT_decl_file
	.short	376                             @ DW_AT_decl_line
                                        @ DW_AT_prototyped
	.long	3508                            @ DW_AT_type
                                        @ DW_AT_external
	.byte	26                              @ Abbrev [26] 0x52a:0x10 DW_TAG_formal_parameter
	.long	.Ldebug_loc18                   @ DW_AT_location
	.long	.Linfo_string128                @ DW_AT_name
	.byte	3                               @ DW_AT_decl_file
	.short	376                             @ DW_AT_decl_line
	.long	112                             @ DW_AT_type
	.byte	31                              @ Abbrev [31] 0x53a:0x10 DW_TAG_variable
	.long	.Ldebug_loc19                   @ DW_AT_location
	.long	.Linfo_string127                @ DW_AT_name
	.byte	3                               @ DW_AT_decl_file
	.short	379                             @ DW_AT_decl_line
	.long	3508                            @ DW_AT_type
	.byte	0                               @ End Of Children Mark
	.byte	33                              @ Abbrev [33] 0x54b:0x23 DW_TAG_subprogram
	.long	.Lfunc_begin17                  @ DW_AT_low_pc
	.long	.Lfunc_end17-.Lfunc_begin17     @ DW_AT_high_pc
	.byte	1                               @ DW_AT_frame_base
	.byte	93
                                        @ DW_AT_GNU_all_call_sites
	.long	.Linfo_string75                 @ DW_AT_name
	.byte	3                               @ DW_AT_decl_file
	.short	399                             @ DW_AT_decl_line
                                        @ DW_AT_prototyped
                                        @ DW_AT_external
	.byte	26                              @ Abbrev [26] 0x55d:0x10 DW_TAG_formal_parameter
	.long	.Ldebug_loc20                   @ DW_AT_location
	.long	.Linfo_string128                @ DW_AT_name
	.byte	3                               @ DW_AT_decl_file
	.short	399                             @ DW_AT_decl_line
	.long	3833                            @ DW_AT_type
	.byte	0                               @ End Of Children Mark
	.byte	25                              @ Abbrev [25] 0x56e:0x37 DW_TAG_subprogram
	.long	.Lfunc_begin18                  @ DW_AT_low_pc
	.long	.Lfunc_end18-.Lfunc_begin18     @ DW_AT_high_pc
	.byte	1                               @ DW_AT_frame_base
	.byte	93
                                        @ DW_AT_GNU_all_call_sites
	.long	.Linfo_string76                 @ DW_AT_name
	.byte	3                               @ DW_AT_decl_file
	.short	410                             @ DW_AT_decl_line
                                        @ DW_AT_prototyped
	.long	3508                            @ DW_AT_type
                                        @ DW_AT_external
	.byte	26                              @ Abbrev [26] 0x584:0x10 DW_TAG_formal_parameter
	.long	.Ldebug_loc21                   @ DW_AT_location
	.long	.Linfo_string128                @ DW_AT_name
	.byte	3                               @ DW_AT_decl_file
	.short	410                             @ DW_AT_decl_line
	.long	130                             @ DW_AT_type
	.byte	31                              @ Abbrev [31] 0x594:0x10 DW_TAG_variable
	.long	.Ldebug_loc22                   @ DW_AT_location
	.long	.Linfo_string127                @ DW_AT_name
	.byte	3                               @ DW_AT_decl_file
	.short	412                             @ DW_AT_decl_line
	.long	3508                            @ DW_AT_type
	.byte	0                               @ End Of Children Mark
	.byte	33                              @ Abbrev [33] 0x5a5:0x23 DW_TAG_subprogram
	.long	.Lfunc_begin19                  @ DW_AT_low_pc
	.long	.Lfunc_end19-.Lfunc_begin19     @ DW_AT_high_pc
	.byte	1                               @ DW_AT_frame_base
	.byte	93
                                        @ DW_AT_GNU_all_call_sites
	.long	.Linfo_string77                 @ DW_AT_name
	.byte	3                               @ DW_AT_decl_file
	.short	436                             @ DW_AT_decl_line
                                        @ DW_AT_prototyped
                                        @ DW_AT_external
	.byte	26                              @ Abbrev [26] 0x5b7:0x10 DW_TAG_formal_parameter
	.long	.Ldebug_loc23                   @ DW_AT_location
	.long	.Linfo_string128                @ DW_AT_name
	.byte	3                               @ DW_AT_decl_file
	.short	436                             @ DW_AT_decl_line
	.long	3833                            @ DW_AT_type
	.byte	0                               @ End Of Children Mark
	.byte	33                              @ Abbrev [33] 0x5c8:0x23 DW_TAG_subprogram
	.long	.Lfunc_begin20                  @ DW_AT_low_pc
	.long	.Lfunc_end20-.Lfunc_begin20     @ DW_AT_high_pc
	.byte	1                               @ DW_AT_frame_base
	.byte	93
                                        @ DW_AT_GNU_all_call_sites
	.long	.Linfo_string78                 @ DW_AT_name
	.byte	3                               @ DW_AT_decl_file
	.short	449                             @ DW_AT_decl_line
                                        @ DW_AT_prototyped
                                        @ DW_AT_external
	.byte	26                              @ Abbrev [26] 0x5da:0x10 DW_TAG_formal_parameter
	.long	.Ldebug_loc24                   @ DW_AT_location
	.long	.Linfo_string128                @ DW_AT_name
	.byte	3                               @ DW_AT_decl_file
	.short	449                             @ DW_AT_decl_line
	.long	3833                            @ DW_AT_type
	.byte	0                               @ End Of Children Mark
	.byte	25                              @ Abbrev [25] 0x5eb:0x37 DW_TAG_subprogram
	.long	.Lfunc_begin21                  @ DW_AT_low_pc
	.long	.Lfunc_end21-.Lfunc_begin21     @ DW_AT_high_pc
	.byte	1                               @ DW_AT_frame_base
	.byte	93
                                        @ DW_AT_GNU_all_call_sites
	.long	.Linfo_string79                 @ DW_AT_name
	.byte	3                               @ DW_AT_decl_file
	.short	456                             @ DW_AT_decl_line
                                        @ DW_AT_prototyped
	.long	3508                            @ DW_AT_type
                                        @ DW_AT_external
	.byte	26                              @ Abbrev [26] 0x601:0x10 DW_TAG_formal_parameter
	.long	.Ldebug_loc25                   @ DW_AT_location
	.long	.Linfo_string128                @ DW_AT_name
	.byte	3                               @ DW_AT_decl_file
	.short	456                             @ DW_AT_decl_line
	.long	112                             @ DW_AT_type
	.byte	31                              @ Abbrev [31] 0x611:0x10 DW_TAG_variable
	.long	.Ldebug_loc26                   @ DW_AT_location
	.long	.Linfo_string135                @ DW_AT_name
	.byte	3                               @ DW_AT_decl_file
	.short	458                             @ DW_AT_decl_line
	.long	130                             @ DW_AT_type
	.byte	0                               @ End Of Children Mark
	.byte	25                              @ Abbrev [25] 0x622:0x37 DW_TAG_subprogram
	.long	.Lfunc_begin22                  @ DW_AT_low_pc
	.long	.Lfunc_end22-.Lfunc_begin22     @ DW_AT_high_pc
	.byte	1                               @ DW_AT_frame_base
	.byte	93
                                        @ DW_AT_GNU_all_call_sites
	.long	.Linfo_string80                 @ DW_AT_name
	.byte	3                               @ DW_AT_decl_file
	.short	475                             @ DW_AT_decl_line
                                        @ DW_AT_prototyped
	.long	3508                            @ DW_AT_type
                                        @ DW_AT_external
	.byte	26                              @ Abbrev [26] 0x638:0x10 DW_TAG_formal_parameter
	.long	.Ldebug_loc27                   @ DW_AT_location
	.long	.Linfo_string128                @ DW_AT_name
	.byte	3                               @ DW_AT_decl_file
	.short	475                             @ DW_AT_decl_line
	.long	3838                            @ DW_AT_type
	.byte	31                              @ Abbrev [31] 0x648:0x10 DW_TAG_variable
	.long	.Ldebug_loc28                   @ DW_AT_location
	.long	.Linfo_string127                @ DW_AT_name
	.byte	3                               @ DW_AT_decl_file
	.short	480                             @ DW_AT_decl_line
	.long	3508                            @ DW_AT_type
	.byte	0                               @ End Of Children Mark
	.byte	25                              @ Abbrev [25] 0x659:0x37 DW_TAG_subprogram
	.long	.Lfunc_begin23                  @ DW_AT_low_pc
	.long	.Lfunc_end23-.Lfunc_begin23     @ DW_AT_high_pc
	.byte	1                               @ DW_AT_frame_base
	.byte	93
                                        @ DW_AT_GNU_all_call_sites
	.long	.Linfo_string81                 @ DW_AT_name
	.byte	3                               @ DW_AT_decl_file
	.short	500                             @ DW_AT_decl_line
                                        @ DW_AT_prototyped
	.long	3508                            @ DW_AT_type
                                        @ DW_AT_external
	.byte	26                              @ Abbrev [26] 0x66f:0x10 DW_TAG_formal_parameter
	.long	.Ldebug_loc29                   @ DW_AT_location
	.long	.Linfo_string128                @ DW_AT_name
	.byte	3                               @ DW_AT_decl_file
	.short	500                             @ DW_AT_decl_line
	.long	3843                            @ DW_AT_type
	.byte	31                              @ Abbrev [31] 0x67f:0x10 DW_TAG_variable
	.long	.Ldebug_loc30                   @ DW_AT_location
	.long	.Linfo_string127                @ DW_AT_name
	.byte	3                               @ DW_AT_decl_file
	.short	505                             @ DW_AT_decl_line
	.long	3508                            @ DW_AT_type
	.byte	0                               @ End Of Children Mark
	.byte	25                              @ Abbrev [25] 0x690:0x37 DW_TAG_subprogram
	.long	.Lfunc_begin24                  @ DW_AT_low_pc
	.long	.Lfunc_end24-.Lfunc_begin24     @ DW_AT_high_pc
	.byte	1                               @ DW_AT_frame_base
	.byte	93
                                        @ DW_AT_GNU_all_call_sites
	.long	.Linfo_string82                 @ DW_AT_name
	.byte	3                               @ DW_AT_decl_file
	.short	614                             @ DW_AT_decl_line
                                        @ DW_AT_prototyped
	.long	3508                            @ DW_AT_type
                                        @ DW_AT_external
	.byte	26                              @ Abbrev [26] 0x6a6:0x10 DW_TAG_formal_parameter
	.long	.Ldebug_loc31                   @ DW_AT_location
	.long	.Linfo_string136                @ DW_AT_name
	.byte	3                               @ DW_AT_decl_file
	.short	614                             @ DW_AT_decl_line
	.long	130                             @ DW_AT_type
	.byte	31                              @ Abbrev [31] 0x6b6:0x10 DW_TAG_variable
	.long	.Ldebug_loc32                   @ DW_AT_location
	.long	.Linfo_string127                @ DW_AT_name
	.byte	3                               @ DW_AT_decl_file
	.short	619                             @ DW_AT_decl_line
	.long	3508                            @ DW_AT_type
	.byte	0                               @ End Of Children Mark
	.byte	25                              @ Abbrev [25] 0x6c7:0x47 DW_TAG_subprogram
	.long	.Lfunc_begin25                  @ DW_AT_low_pc
	.long	.Lfunc_end25-.Lfunc_begin25     @ DW_AT_high_pc
	.byte	1                               @ DW_AT_frame_base
	.byte	93
                                        @ DW_AT_GNU_all_call_sites
	.long	.Linfo_string83                 @ DW_AT_name
	.byte	3                               @ DW_AT_decl_file
	.short	639                             @ DW_AT_decl_line
                                        @ DW_AT_prototyped
	.long	3508                            @ DW_AT_type
                                        @ DW_AT_external
	.byte	26                              @ Abbrev [26] 0x6dd:0x10 DW_TAG_formal_parameter
	.long	.Ldebug_loc33                   @ DW_AT_location
	.long	.Linfo_string137                @ DW_AT_name
	.byte	3                               @ DW_AT_decl_file
	.short	639                             @ DW_AT_decl_line
	.long	130                             @ DW_AT_type
	.byte	26                              @ Abbrev [26] 0x6ed:0x10 DW_TAG_formal_parameter
	.long	.Ldebug_loc34                   @ DW_AT_location
	.long	.Linfo_string138                @ DW_AT_name
	.byte	3                               @ DW_AT_decl_file
	.short	639                             @ DW_AT_decl_line
	.long	3848                            @ DW_AT_type
	.byte	31                              @ Abbrev [31] 0x6fd:0x10 DW_TAG_variable
	.long	.Ldebug_loc35                   @ DW_AT_location
	.long	.Linfo_string127                @ DW_AT_name
	.byte	3                               @ DW_AT_decl_file
	.short	644                             @ DW_AT_decl_line
	.long	3508                            @ DW_AT_type
	.byte	0                               @ End Of Children Mark
	.byte	25                              @ Abbrev [25] 0x70e:0x47 DW_TAG_subprogram
	.long	.Lfunc_begin26                  @ DW_AT_low_pc
	.long	.Lfunc_end26-.Lfunc_begin26     @ DW_AT_high_pc
	.byte	1                               @ DW_AT_frame_base
	.byte	93
                                        @ DW_AT_GNU_all_call_sites
	.long	.Linfo_string84                 @ DW_AT_name
	.byte	3                               @ DW_AT_decl_file
	.short	664                             @ DW_AT_decl_line
                                        @ DW_AT_prototyped
	.long	3508                            @ DW_AT_type
                                        @ DW_AT_external
	.byte	26                              @ Abbrev [26] 0x724:0x10 DW_TAG_formal_parameter
	.long	.Ldebug_loc36                   @ DW_AT_location
	.long	.Linfo_string137                @ DW_AT_name
	.byte	3                               @ DW_AT_decl_file
	.short	664                             @ DW_AT_decl_line
	.long	130                             @ DW_AT_type
	.byte	26                              @ Abbrev [26] 0x734:0x10 DW_TAG_formal_parameter
	.long	.Ldebug_loc37                   @ DW_AT_location
	.long	.Linfo_string138                @ DW_AT_name
	.byte	3                               @ DW_AT_decl_file
	.short	664                             @ DW_AT_decl_line
	.long	3848                            @ DW_AT_type
	.byte	31                              @ Abbrev [31] 0x744:0x10 DW_TAG_variable
	.long	.Ldebug_loc38                   @ DW_AT_location
	.long	.Linfo_string127                @ DW_AT_name
	.byte	3                               @ DW_AT_decl_file
	.short	669                             @ DW_AT_decl_line
	.long	3508                            @ DW_AT_type
	.byte	0                               @ End Of Children Mark
	.byte	25                              @ Abbrev [25] 0x755:0x27 DW_TAG_subprogram
	.long	.Lfunc_begin27                  @ DW_AT_low_pc
	.long	.Lfunc_end27-.Lfunc_begin27     @ DW_AT_high_pc
	.byte	1                               @ DW_AT_frame_base
	.byte	93
                                        @ DW_AT_GNU_all_call_sites
	.long	.Linfo_string85                 @ DW_AT_name
	.byte	3                               @ DW_AT_decl_file
	.short	689                             @ DW_AT_decl_line
                                        @ DW_AT_prototyped
	.long	3508                            @ DW_AT_type
                                        @ DW_AT_external
	.byte	31                              @ Abbrev [31] 0x76b:0x10 DW_TAG_variable
	.long	.Ldebug_loc39                   @ DW_AT_location
	.long	.Linfo_string127                @ DW_AT_name
	.byte	3                               @ DW_AT_decl_file
	.short	694                             @ DW_AT_decl_line
	.long	3508                            @ DW_AT_type
	.byte	0                               @ End Of Children Mark
	.byte	25                              @ Abbrev [25] 0x77c:0x27 DW_TAG_subprogram
	.long	.Lfunc_begin28                  @ DW_AT_low_pc
	.long	.Lfunc_end28-.Lfunc_begin28     @ DW_AT_high_pc
	.byte	1                               @ DW_AT_frame_base
	.byte	93
                                        @ DW_AT_GNU_all_call_sites
	.long	.Linfo_string86                 @ DW_AT_name
	.byte	3                               @ DW_AT_decl_file
	.short	714                             @ DW_AT_decl_line
                                        @ DW_AT_prototyped
	.long	3508                            @ DW_AT_type
                                        @ DW_AT_external
	.byte	31                              @ Abbrev [31] 0x792:0x10 DW_TAG_variable
	.long	.Ldebug_loc40                   @ DW_AT_location
	.long	.Linfo_string127                @ DW_AT_name
	.byte	3                               @ DW_AT_decl_file
	.short	717                             @ DW_AT_decl_line
	.long	3508                            @ DW_AT_type
	.byte	0                               @ End Of Children Mark
	.byte	25                              @ Abbrev [25] 0x7a3:0x26 DW_TAG_subprogram
	.long	.Lfunc_begin29                  @ DW_AT_low_pc
	.long	.Lfunc_end29-.Lfunc_begin29     @ DW_AT_high_pc
	.byte	1                               @ DW_AT_frame_base
	.byte	93
                                        @ DW_AT_GNU_all_call_sites
	.long	.Linfo_string87                 @ DW_AT_name
	.byte	3                               @ DW_AT_decl_file
	.short	733                             @ DW_AT_decl_line
                                        @ DW_AT_prototyped
	.long	3508                            @ DW_AT_type
                                        @ DW_AT_external
	.byte	34                              @ Abbrev [34] 0x7b9:0xf DW_TAG_variable
	.byte	2                               @ DW_AT_location
	.byte	145
	.byte	4
	.long	.Linfo_string140                @ DW_AT_name
	.byte	3                               @ DW_AT_decl_file
	.short	735                             @ DW_AT_decl_line
	.long	130                             @ DW_AT_type
	.byte	0                               @ End Of Children Mark
	.byte	25                              @ Abbrev [25] 0x7c9:0x67 DW_TAG_subprogram
	.long	.Lfunc_begin30                  @ DW_AT_low_pc
	.long	.Lfunc_end30-.Lfunc_begin30     @ DW_AT_high_pc
	.byte	1                               @ DW_AT_frame_base
	.byte	93
                                        @ DW_AT_GNU_all_call_sites
	.long	.Linfo_string88                 @ DW_AT_name
	.byte	3                               @ DW_AT_decl_file
	.short	748                             @ DW_AT_decl_line
                                        @ DW_AT_prototyped
	.long	3508                            @ DW_AT_type
                                        @ DW_AT_external
	.byte	26                              @ Abbrev [26] 0x7df:0x10 DW_TAG_formal_parameter
	.long	.Ldebug_loc41                   @ DW_AT_location
	.long	.Linfo_string141                @ DW_AT_name
	.byte	3                               @ DW_AT_decl_file
	.short	748                             @ DW_AT_decl_line
	.long	525                             @ DW_AT_type
	.byte	26                              @ Abbrev [26] 0x7ef:0x10 DW_TAG_formal_parameter
	.long	.Ldebug_loc42                   @ DW_AT_location
	.long	.Linfo_string137                @ DW_AT_name
	.byte	3                               @ DW_AT_decl_file
	.short	748                             @ DW_AT_decl_line
	.long	130                             @ DW_AT_type
	.byte	26                              @ Abbrev [26] 0x7ff:0x10 DW_TAG_formal_parameter
	.long	.Ldebug_loc43                   @ DW_AT_location
	.long	.Linfo_string142                @ DW_AT_name
	.byte	3                               @ DW_AT_decl_file
	.short	748                             @ DW_AT_decl_line
	.long	496                             @ DW_AT_type
	.byte	31                              @ Abbrev [31] 0x80f:0x10 DW_TAG_variable
	.long	.Ldebug_loc44                   @ DW_AT_location
	.long	.Linfo_string127                @ DW_AT_name
	.byte	3                               @ DW_AT_decl_file
	.short	753                             @ DW_AT_decl_line
	.long	3508                            @ DW_AT_type
	.byte	31                              @ Abbrev [31] 0x81f:0x10 DW_TAG_variable
	.long	.Ldebug_loc45                   @ DW_AT_location
	.long	.Linfo_string143                @ DW_AT_name
	.byte	3                               @ DW_AT_decl_file
	.short	759                             @ DW_AT_decl_line
	.long	496                             @ DW_AT_type
	.byte	0                               @ End Of Children Mark
	.byte	25                              @ Abbrev [25] 0x830:0x67 DW_TAG_subprogram
	.long	.Lfunc_begin31                  @ DW_AT_low_pc
	.long	.Lfunc_end31-.Lfunc_begin31     @ DW_AT_high_pc
	.byte	1                               @ DW_AT_frame_base
	.byte	93
                                        @ DW_AT_GNU_all_call_sites
	.long	.Linfo_string89                 @ DW_AT_name
	.byte	3                               @ DW_AT_decl_file
	.short	792                             @ DW_AT_decl_line
                                        @ DW_AT_prototyped
	.long	3508                            @ DW_AT_type
                                        @ DW_AT_external
	.byte	26                              @ Abbrev [26] 0x846:0x10 DW_TAG_formal_parameter
	.long	.Ldebug_loc46                   @ DW_AT_location
	.long	.Linfo_string141                @ DW_AT_name
	.byte	3                               @ DW_AT_decl_file
	.short	792                             @ DW_AT_decl_line
	.long	525                             @ DW_AT_type
	.byte	26                              @ Abbrev [26] 0x856:0x10 DW_TAG_formal_parameter
	.long	.Ldebug_loc47                   @ DW_AT_location
	.long	.Linfo_string137                @ DW_AT_name
	.byte	3                               @ DW_AT_decl_file
	.short	792                             @ DW_AT_decl_line
	.long	130                             @ DW_AT_type
	.byte	26                              @ Abbrev [26] 0x866:0x10 DW_TAG_formal_parameter
	.long	.Ldebug_loc48                   @ DW_AT_location
	.long	.Linfo_string142                @ DW_AT_name
	.byte	3                               @ DW_AT_decl_file
	.short	792                             @ DW_AT_decl_line
	.long	496                             @ DW_AT_type
	.byte	31                              @ Abbrev [31] 0x876:0x10 DW_TAG_variable
	.long	.Ldebug_loc49                   @ DW_AT_location
	.long	.Linfo_string127                @ DW_AT_name
	.byte	3                               @ DW_AT_decl_file
	.short	797                             @ DW_AT_decl_line
	.long	3508                            @ DW_AT_type
	.byte	31                              @ Abbrev [31] 0x886:0x10 DW_TAG_variable
	.long	.Ldebug_loc50                   @ DW_AT_location
	.long	.Linfo_string143                @ DW_AT_name
	.byte	3                               @ DW_AT_decl_file
	.short	803                             @ DW_AT_decl_line
	.long	496                             @ DW_AT_type
	.byte	0                               @ End Of Children Mark
	.byte	25                              @ Abbrev [25] 0x897:0xb7 DW_TAG_subprogram
	.long	.Lfunc_begin32                  @ DW_AT_low_pc
	.long	.Lfunc_end32-.Lfunc_begin32     @ DW_AT_high_pc
	.byte	1                               @ DW_AT_frame_base
	.byte	93
                                        @ DW_AT_GNU_all_call_sites
	.long	.Linfo_string90                 @ DW_AT_name
	.byte	3                               @ DW_AT_decl_file
	.short	874                             @ DW_AT_decl_line
                                        @ DW_AT_prototyped
	.long	3508                            @ DW_AT_type
                                        @ DW_AT_external
	.byte	26                              @ Abbrev [26] 0x8ad:0x10 DW_TAG_formal_parameter
	.long	.Ldebug_loc51                   @ DW_AT_location
	.long	.Linfo_string141                @ DW_AT_name
	.byte	3                               @ DW_AT_decl_file
	.short	874                             @ DW_AT_decl_line
	.long	525                             @ DW_AT_type
	.byte	26                              @ Abbrev [26] 0x8bd:0x10 DW_TAG_formal_parameter
	.long	.Ldebug_loc52                   @ DW_AT_location
	.long	.Linfo_string137                @ DW_AT_name
	.byte	3                               @ DW_AT_decl_file
	.short	874                             @ DW_AT_decl_line
	.long	130                             @ DW_AT_type
	.byte	26                              @ Abbrev [26] 0x8cd:0x10 DW_TAG_formal_parameter
	.long	.Ldebug_loc53                   @ DW_AT_location
	.long	.Linfo_string142                @ DW_AT_name
	.byte	3                               @ DW_AT_decl_file
	.short	875                             @ DW_AT_decl_line
	.long	130                             @ DW_AT_type
	.byte	26                              @ Abbrev [26] 0x8dd:0x10 DW_TAG_formal_parameter
	.long	.Ldebug_loc54                   @ DW_AT_location
	.long	.Linfo_string144                @ DW_AT_name
	.byte	3                               @ DW_AT_decl_file
	.short	875                             @ DW_AT_decl_line
	.long	3833                            @ DW_AT_type
	.byte	31                              @ Abbrev [31] 0x8ed:0x10 DW_TAG_variable
	.long	.Ldebug_loc55                   @ DW_AT_location
	.long	.Linfo_string145                @ DW_AT_name
	.byte	3                               @ DW_AT_decl_file
	.short	879                             @ DW_AT_decl_line
	.long	130                             @ DW_AT_type
	.byte	31                              @ Abbrev [31] 0x8fd:0x10 DW_TAG_variable
	.long	.Ldebug_loc56                   @ DW_AT_location
	.long	.Linfo_string146                @ DW_AT_name
	.byte	3                               @ DW_AT_decl_file
	.short	880                             @ DW_AT_decl_line
	.long	130                             @ DW_AT_type
	.byte	31                              @ Abbrev [31] 0x90d:0x10 DW_TAG_variable
	.long	.Ldebug_loc57                   @ DW_AT_location
	.long	.Linfo_string127                @ DW_AT_name
	.byte	3                               @ DW_AT_decl_file
	.short	877                             @ DW_AT_decl_line
	.long	3508                            @ DW_AT_type
	.byte	31                              @ Abbrev [31] 0x91d:0x10 DW_TAG_variable
	.long	.Ldebug_loc58                   @ DW_AT_location
	.long	.Linfo_string147                @ DW_AT_name
	.byte	3                               @ DW_AT_decl_file
	.short	881                             @ DW_AT_decl_line
	.long	130                             @ DW_AT_type
	.byte	31                              @ Abbrev [31] 0x92d:0x10 DW_TAG_variable
	.long	.Ldebug_loc59                   @ DW_AT_location
	.long	.Linfo_string148                @ DW_AT_name
	.byte	3                               @ DW_AT_decl_file
	.short	878                             @ DW_AT_decl_line
	.long	130                             @ DW_AT_type
	.byte	31                              @ Abbrev [31] 0x93d:0x10 DW_TAG_variable
	.long	.Ldebug_loc60                   @ DW_AT_location
	.long	.Linfo_string149                @ DW_AT_name
	.byte	3                               @ DW_AT_decl_file
	.short	882                             @ DW_AT_decl_line
	.long	130                             @ DW_AT_type
	.byte	0                               @ End Of Children Mark
	.byte	25                              @ Abbrev [25] 0x94e:0xb7 DW_TAG_subprogram
	.long	.Lfunc_begin33                  @ DW_AT_low_pc
	.long	.Lfunc_end33-.Lfunc_begin33     @ DW_AT_high_pc
	.byte	1                               @ DW_AT_frame_base
	.byte	93
                                        @ DW_AT_GNU_all_call_sites
	.long	.Linfo_string91                 @ DW_AT_name
	.byte	3                               @ DW_AT_decl_file
	.short	920                             @ DW_AT_decl_line
                                        @ DW_AT_prototyped
	.long	3508                            @ DW_AT_type
                                        @ DW_AT_external
	.byte	26                              @ Abbrev [26] 0x964:0x10 DW_TAG_formal_parameter
	.long	.Ldebug_loc61                   @ DW_AT_location
	.long	.Linfo_string141                @ DW_AT_name
	.byte	3                               @ DW_AT_decl_file
	.short	920                             @ DW_AT_decl_line
	.long	525                             @ DW_AT_type
	.byte	26                              @ Abbrev [26] 0x974:0x10 DW_TAG_formal_parameter
	.long	.Ldebug_loc62                   @ DW_AT_location
	.long	.Linfo_string137                @ DW_AT_name
	.byte	3                               @ DW_AT_decl_file
	.short	920                             @ DW_AT_decl_line
	.long	130                             @ DW_AT_type
	.byte	26                              @ Abbrev [26] 0x984:0x10 DW_TAG_formal_parameter
	.long	.Ldebug_loc63                   @ DW_AT_location
	.long	.Linfo_string142                @ DW_AT_name
	.byte	3                               @ DW_AT_decl_file
	.short	921                             @ DW_AT_decl_line
	.long	130                             @ DW_AT_type
	.byte	26                              @ Abbrev [26] 0x994:0x10 DW_TAG_formal_parameter
	.long	.Ldebug_loc64                   @ DW_AT_location
	.long	.Linfo_string144                @ DW_AT_name
	.byte	3                               @ DW_AT_decl_file
	.short	921                             @ DW_AT_decl_line
	.long	3833                            @ DW_AT_type
	.byte	31                              @ Abbrev [31] 0x9a4:0x10 DW_TAG_variable
	.long	.Ldebug_loc65                   @ DW_AT_location
	.long	.Linfo_string145                @ DW_AT_name
	.byte	3                               @ DW_AT_decl_file
	.short	925                             @ DW_AT_decl_line
	.long	130                             @ DW_AT_type
	.byte	31                              @ Abbrev [31] 0x9b4:0x10 DW_TAG_variable
	.long	.Ldebug_loc66                   @ DW_AT_location
	.long	.Linfo_string146                @ DW_AT_name
	.byte	3                               @ DW_AT_decl_file
	.short	926                             @ DW_AT_decl_line
	.long	130                             @ DW_AT_type
	.byte	31                              @ Abbrev [31] 0x9c4:0x10 DW_TAG_variable
	.long	.Ldebug_loc67                   @ DW_AT_location
	.long	.Linfo_string127                @ DW_AT_name
	.byte	3                               @ DW_AT_decl_file
	.short	923                             @ DW_AT_decl_line
	.long	3508                            @ DW_AT_type
	.byte	31                              @ Abbrev [31] 0x9d4:0x10 DW_TAG_variable
	.long	.Ldebug_loc68                   @ DW_AT_location
	.long	.Linfo_string147                @ DW_AT_name
	.byte	3                               @ DW_AT_decl_file
	.short	927                             @ DW_AT_decl_line
	.long	130                             @ DW_AT_type
	.byte	31                              @ Abbrev [31] 0x9e4:0x10 DW_TAG_variable
	.long	.Ldebug_loc69                   @ DW_AT_location
	.long	.Linfo_string148                @ DW_AT_name
	.byte	3                               @ DW_AT_decl_file
	.short	924                             @ DW_AT_decl_line
	.long	130                             @ DW_AT_type
	.byte	31                              @ Abbrev [31] 0x9f4:0x10 DW_TAG_variable
	.long	.Ldebug_loc70                   @ DW_AT_location
	.long	.Linfo_string149                @ DW_AT_name
	.byte	3                               @ DW_AT_decl_file
	.short	928                             @ DW_AT_decl_line
	.long	130                             @ DW_AT_type
	.byte	0                               @ End Of Children Mark
	.byte	25                              @ Abbrev [25] 0xa05:0x67 DW_TAG_subprogram
	.long	.Lfunc_begin34                  @ DW_AT_low_pc
	.long	.Lfunc_end34-.Lfunc_begin34     @ DW_AT_high_pc
	.byte	1                               @ DW_AT_frame_base
	.byte	93
                                        @ DW_AT_GNU_all_call_sites
	.long	.Linfo_string92                 @ DW_AT_name
	.byte	3                               @ DW_AT_decl_file
	.short	1014                            @ DW_AT_decl_line
                                        @ DW_AT_prototyped
	.long	3508                            @ DW_AT_type
                                        @ DW_AT_external
	.byte	26                              @ Abbrev [26] 0xa1b:0x10 DW_TAG_formal_parameter
	.long	.Ldebug_loc71                   @ DW_AT_location
	.long	.Linfo_string150                @ DW_AT_name
	.byte	3                               @ DW_AT_decl_file
	.short	1014                            @ DW_AT_decl_line
	.long	112                             @ DW_AT_type
	.byte	26                              @ Abbrev [26] 0xa2b:0x10 DW_TAG_formal_parameter
	.long	.Ldebug_loc72                   @ DW_AT_location
	.long	.Linfo_string137                @ DW_AT_name
	.byte	3                               @ DW_AT_decl_file
	.short	1014                            @ DW_AT_decl_line
	.long	130                             @ DW_AT_type
	.byte	26                              @ Abbrev [26] 0xa3b:0x10 DW_TAG_formal_parameter
	.long	.Ldebug_loc73                   @ DW_AT_location
	.long	.Linfo_string142                @ DW_AT_name
	.byte	3                               @ DW_AT_decl_file
	.short	1014                            @ DW_AT_decl_line
	.long	496                             @ DW_AT_type
	.byte	31                              @ Abbrev [31] 0xa4b:0x10 DW_TAG_variable
	.long	.Ldebug_loc74                   @ DW_AT_location
	.long	.Linfo_string127                @ DW_AT_name
	.byte	3                               @ DW_AT_decl_file
	.short	1019                            @ DW_AT_decl_line
	.long	3508                            @ DW_AT_type
	.byte	31                              @ Abbrev [31] 0xa5b:0x10 DW_TAG_variable
	.long	.Ldebug_loc75                   @ DW_AT_location
	.long	.Linfo_string143                @ DW_AT_name
	.byte	3                               @ DW_AT_decl_file
	.short	1025                            @ DW_AT_decl_line
	.long	496                             @ DW_AT_type
	.byte	0                               @ End Of Children Mark
	.byte	25                              @ Abbrev [25] 0xa6c:0xb7 DW_TAG_subprogram
	.long	.Lfunc_begin35                  @ DW_AT_low_pc
	.long	.Lfunc_end35-.Lfunc_begin35     @ DW_AT_high_pc
	.byte	1                               @ DW_AT_frame_base
	.byte	93
                                        @ DW_AT_GNU_all_call_sites
	.long	.Linfo_string93                 @ DW_AT_name
	.byte	3                               @ DW_AT_decl_file
	.short	1058                            @ DW_AT_decl_line
                                        @ DW_AT_prototyped
	.long	3508                            @ DW_AT_type
                                        @ DW_AT_external
	.byte	26                              @ Abbrev [26] 0xa82:0x10 DW_TAG_formal_parameter
	.long	.Ldebug_loc76                   @ DW_AT_location
	.long	.Linfo_string150                @ DW_AT_name
	.byte	3                               @ DW_AT_decl_file
	.short	1058                            @ DW_AT_decl_line
	.long	112                             @ DW_AT_type
	.byte	26                              @ Abbrev [26] 0xa92:0x10 DW_TAG_formal_parameter
	.long	.Ldebug_loc77                   @ DW_AT_location
	.long	.Linfo_string137                @ DW_AT_name
	.byte	3                               @ DW_AT_decl_file
	.short	1058                            @ DW_AT_decl_line
	.long	130                             @ DW_AT_type
	.byte	26                              @ Abbrev [26] 0xaa2:0x10 DW_TAG_formal_parameter
	.long	.Ldebug_loc78                   @ DW_AT_location
	.long	.Linfo_string142                @ DW_AT_name
	.byte	3                               @ DW_AT_decl_file
	.short	1059                            @ DW_AT_decl_line
	.long	130                             @ DW_AT_type
	.byte	26                              @ Abbrev [26] 0xab2:0x10 DW_TAG_formal_parameter
	.long	.Ldebug_loc79                   @ DW_AT_location
	.long	.Linfo_string144                @ DW_AT_name
	.byte	3                               @ DW_AT_decl_file
	.short	1059                            @ DW_AT_decl_line
	.long	3833                            @ DW_AT_type
	.byte	31                              @ Abbrev [31] 0xac2:0x10 DW_TAG_variable
	.long	.Ldebug_loc80                   @ DW_AT_location
	.long	.Linfo_string145                @ DW_AT_name
	.byte	3                               @ DW_AT_decl_file
	.short	1063                            @ DW_AT_decl_line
	.long	130                             @ DW_AT_type
	.byte	31                              @ Abbrev [31] 0xad2:0x10 DW_TAG_variable
	.long	.Ldebug_loc81                   @ DW_AT_location
	.long	.Linfo_string146                @ DW_AT_name
	.byte	3                               @ DW_AT_decl_file
	.short	1064                            @ DW_AT_decl_line
	.long	130                             @ DW_AT_type
	.byte	31                              @ Abbrev [31] 0xae2:0x10 DW_TAG_variable
	.long	.Ldebug_loc82                   @ DW_AT_location
	.long	.Linfo_string147                @ DW_AT_name
	.byte	3                               @ DW_AT_decl_file
	.short	1065                            @ DW_AT_decl_line
	.long	130                             @ DW_AT_type
	.byte	31                              @ Abbrev [31] 0xaf2:0x10 DW_TAG_variable
	.long	.Ldebug_loc83                   @ DW_AT_location
	.long	.Linfo_string148                @ DW_AT_name
	.byte	3                               @ DW_AT_decl_file
	.short	1062                            @ DW_AT_decl_line
	.long	130                             @ DW_AT_type
	.byte	31                              @ Abbrev [31] 0xb02:0x10 DW_TAG_variable
	.long	.Ldebug_loc84                   @ DW_AT_location
	.long	.Linfo_string149                @ DW_AT_name
	.byte	3                               @ DW_AT_decl_file
	.short	1066                            @ DW_AT_decl_line
	.long	130                             @ DW_AT_type
	.byte	31                              @ Abbrev [31] 0xb12:0x10 DW_TAG_variable
	.long	.Ldebug_loc85                   @ DW_AT_location
	.long	.Linfo_string127                @ DW_AT_name
	.byte	3                               @ DW_AT_decl_file
	.short	1061                            @ DW_AT_decl_line
	.long	3508                            @ DW_AT_type
	.byte	0                               @ End Of Children Mark
	.byte	25                              @ Abbrev [25] 0xb23:0x26 DW_TAG_subprogram
	.long	.Lfunc_begin36                  @ DW_AT_low_pc
	.long	.Lfunc_end36-.Lfunc_begin36     @ DW_AT_high_pc
	.byte	1                               @ DW_AT_frame_base
	.byte	93
                                        @ DW_AT_GNU_all_call_sites
	.long	.Linfo_string94                 @ DW_AT_name
	.byte	3                               @ DW_AT_decl_file
	.short	1102                            @ DW_AT_decl_line
                                        @ DW_AT_prototyped
	.long	3508                            @ DW_AT_type
                                        @ DW_AT_external
	.byte	34                              @ Abbrev [34] 0xb39:0xf DW_TAG_variable
	.byte	2                               @ DW_AT_location
	.byte	145
	.byte	4
	.long	.Linfo_string140                @ DW_AT_name
	.byte	3                               @ DW_AT_decl_file
	.short	1104                            @ DW_AT_decl_line
	.long	130                             @ DW_AT_type
	.byte	0                               @ End Of Children Mark
	.byte	25                              @ Abbrev [25] 0xb49:0x7f DW_TAG_subprogram
	.long	.Lfunc_begin37                  @ DW_AT_low_pc
	.long	.Lfunc_end37-.Lfunc_begin37     @ DW_AT_high_pc
	.byte	1                               @ DW_AT_frame_base
	.byte	93
                                        @ DW_AT_GNU_all_call_sites
	.long	.Linfo_string95                 @ DW_AT_name
	.byte	3                               @ DW_AT_decl_file
	.short	1118                            @ DW_AT_decl_line
                                        @ DW_AT_prototyped
	.long	3508                            @ DW_AT_type
                                        @ DW_AT_external
	.byte	26                              @ Abbrev [26] 0xb5f:0x10 DW_TAG_formal_parameter
	.long	.Ldebug_loc86                   @ DW_AT_location
	.long	.Linfo_string151                @ DW_AT_name
	.byte	3                               @ DW_AT_decl_file
	.short	1118                            @ DW_AT_decl_line
	.long	525                             @ DW_AT_type
	.byte	26                              @ Abbrev [26] 0xb6f:0x10 DW_TAG_formal_parameter
	.long	.Ldebug_loc87                   @ DW_AT_location
	.long	.Linfo_string137                @ DW_AT_name
	.byte	3                               @ DW_AT_decl_file
	.short	1118                            @ DW_AT_decl_line
	.long	130                             @ DW_AT_type
	.byte	26                              @ Abbrev [26] 0xb7f:0x10 DW_TAG_formal_parameter
	.long	.Ldebug_loc88                   @ DW_AT_location
	.long	.Linfo_string142                @ DW_AT_name
	.byte	3                               @ DW_AT_decl_file
	.short	1119                            @ DW_AT_decl_line
	.long	130                             @ DW_AT_type
	.byte	26                              @ Abbrev [26] 0xb8f:0x10 DW_TAG_formal_parameter
	.long	.Ldebug_loc89                   @ DW_AT_location
	.long	.Linfo_string144                @ DW_AT_name
	.byte	3                               @ DW_AT_decl_file
	.short	1119                            @ DW_AT_decl_line
	.long	3833                            @ DW_AT_type
	.byte	31                              @ Abbrev [31] 0xb9f:0x10 DW_TAG_variable
	.long	.Ldebug_loc90                   @ DW_AT_location
	.long	.Linfo_string127                @ DW_AT_name
	.byte	3                               @ DW_AT_decl_file
	.short	1124                            @ DW_AT_decl_line
	.long	3508                            @ DW_AT_type
	.byte	15                              @ Abbrev [15] 0xbaf:0x18 DW_TAG_lexical_block
	.long	.Ltmp432                        @ DW_AT_low_pc
	.long	.Ltmp439-.Ltmp432               @ DW_AT_high_pc
	.byte	34                              @ Abbrev [34] 0xbb8:0xe DW_TAG_variable
	.byte	1                               @ DW_AT_location
	.byte	86
	.long	.Linfo_string130                @ DW_AT_name
	.byte	3                               @ DW_AT_decl_file
	.short	1149                            @ DW_AT_decl_line
	.long	130                             @ DW_AT_type
	.byte	0                               @ End Of Children Mark
	.byte	0                               @ End Of Children Mark
	.byte	25                              @ Abbrev [25] 0xbc8:0x9f DW_TAG_subprogram
	.long	.Lfunc_begin38                  @ DW_AT_low_pc
	.long	.Lfunc_end38-.Lfunc_begin38     @ DW_AT_high_pc
	.byte	1                               @ DW_AT_frame_base
	.byte	93
                                        @ DW_AT_GNU_all_call_sites
	.long	.Linfo_string96                 @ DW_AT_name
	.byte	3                               @ DW_AT_decl_file
	.short	1159                            @ DW_AT_decl_line
                                        @ DW_AT_prototyped
	.long	3508                            @ DW_AT_type
                                        @ DW_AT_external
	.byte	26                              @ Abbrev [26] 0xbde:0x10 DW_TAG_formal_parameter
	.long	.Ldebug_loc91                   @ DW_AT_location
	.long	.Linfo_string151                @ DW_AT_name
	.byte	3                               @ DW_AT_decl_file
	.short	1159                            @ DW_AT_decl_line
	.long	525                             @ DW_AT_type
	.byte	26                              @ Abbrev [26] 0xbee:0x10 DW_TAG_formal_parameter
	.long	.Ldebug_loc92                   @ DW_AT_location
	.long	.Linfo_string137                @ DW_AT_name
	.byte	3                               @ DW_AT_decl_file
	.short	1159                            @ DW_AT_decl_line
	.long	130                             @ DW_AT_type
	.byte	26                              @ Abbrev [26] 0xbfe:0x10 DW_TAG_formal_parameter
	.long	.Ldebug_loc93                   @ DW_AT_location
	.long	.Linfo_string142                @ DW_AT_name
	.byte	3                               @ DW_AT_decl_file
	.short	1160                            @ DW_AT_decl_line
	.long	130                             @ DW_AT_type
	.byte	26                              @ Abbrev [26] 0xc0e:0x10 DW_TAG_formal_parameter
	.long	.Ldebug_loc94                   @ DW_AT_location
	.long	.Linfo_string144                @ DW_AT_name
	.byte	3                               @ DW_AT_decl_file
	.short	1160                            @ DW_AT_decl_line
	.long	3833                            @ DW_AT_type
	.byte	31                              @ Abbrev [31] 0xc1e:0x10 DW_TAG_variable
	.long	.Ldebug_loc95                   @ DW_AT_location
	.long	.Linfo_string127                @ DW_AT_name
	.byte	3                               @ DW_AT_decl_file
	.short	1165                            @ DW_AT_decl_line
	.long	3508                            @ DW_AT_type
	.byte	31                              @ Abbrev [31] 0xc2e:0x10 DW_TAG_variable
	.long	.Ldebug_loc96                   @ DW_AT_location
	.long	.Linfo_string153                @ DW_AT_name
	.byte	3                               @ DW_AT_decl_file
	.short	1190                            @ DW_AT_decl_line
	.long	3867                            @ DW_AT_type
	.byte	31                              @ Abbrev [31] 0xc3e:0x10 DW_TAG_variable
	.long	.Ldebug_loc97                   @ DW_AT_location
	.long	.Linfo_string154                @ DW_AT_name
	.byte	3                               @ DW_AT_decl_file
	.short	1198                            @ DW_AT_decl_line
	.long	496                             @ DW_AT_type
	.byte	15                              @ Abbrev [15] 0xc4e:0x18 DW_TAG_lexical_block
	.long	.Ltmp462                        @ DW_AT_low_pc
	.long	.Ltmp471-.Ltmp462               @ DW_AT_high_pc
	.byte	34                              @ Abbrev [34] 0xc57:0xe DW_TAG_variable
	.byte	1                               @ DW_AT_location
	.byte	86
	.long	.Linfo_string130                @ DW_AT_name
	.byte	3                               @ DW_AT_decl_file
	.short	1192                            @ DW_AT_decl_line
	.long	3860                            @ DW_AT_type
	.byte	0                               @ End Of Children Mark
	.byte	0                               @ End Of Children Mark
	.byte	25                              @ Abbrev [25] 0xc67:0x6f DW_TAG_subprogram
	.long	.Lfunc_begin39                  @ DW_AT_low_pc
	.long	.Lfunc_end39-.Lfunc_begin39     @ DW_AT_high_pc
	.byte	1                               @ DW_AT_frame_base
	.byte	93
                                        @ DW_AT_GNU_all_call_sites
	.long	.Linfo_string97                 @ DW_AT_name
	.byte	3                               @ DW_AT_decl_file
	.short	1272                            @ DW_AT_decl_line
                                        @ DW_AT_prototyped
	.long	3508                            @ DW_AT_type
                                        @ DW_AT_external
	.byte	26                              @ Abbrev [26] 0xc7d:0x10 DW_TAG_formal_parameter
	.long	.Ldebug_loc98                   @ DW_AT_location
	.long	.Linfo_string136                @ DW_AT_name
	.byte	3                               @ DW_AT_decl_file
	.short	1272                            @ DW_AT_decl_line
	.long	130                             @ DW_AT_type
	.byte	34                              @ Abbrev [34] 0xc8d:0xf DW_TAG_variable
	.byte	2                               @ DW_AT_location
	.byte	145
	.byte	8
	.long	.Linfo_string155                @ DW_AT_name
	.byte	3                               @ DW_AT_decl_file
	.short	1275                            @ DW_AT_decl_line
	.long	3872                            @ DW_AT_type
	.byte	34                              @ Abbrev [34] 0xc9c:0xf DW_TAG_variable
	.byte	2                               @ DW_AT_location
	.byte	145
	.byte	4
	.long	.Linfo_string156                @ DW_AT_name
	.byte	3                               @ DW_AT_decl_file
	.short	1276                            @ DW_AT_decl_line
	.long	130                             @ DW_AT_type
	.byte	31                              @ Abbrev [31] 0xcab:0x10 DW_TAG_variable
	.long	.Ldebug_loc99                   @ DW_AT_location
	.long	.Linfo_string127                @ DW_AT_name
	.byte	3                               @ DW_AT_decl_file
	.short	1274                            @ DW_AT_decl_line
	.long	3508                            @ DW_AT_type
	.byte	15                              @ Abbrev [15] 0xcbb:0x1a DW_TAG_lexical_block
	.long	.Ltmp484                        @ DW_AT_low_pc
	.long	.Ltmp489-.Ltmp484               @ DW_AT_high_pc
	.byte	31                              @ Abbrev [31] 0xcc4:0x10 DW_TAG_variable
	.long	.Ldebug_loc100                  @ DW_AT_location
	.long	.Linfo_string157                @ DW_AT_name
	.byte	3                               @ DW_AT_decl_file
	.short	1289                            @ DW_AT_decl_line
	.long	496                             @ DW_AT_type
	.byte	0                               @ End Of Children Mark
	.byte	0                               @ End Of Children Mark
	.byte	25                              @ Abbrev [25] 0xcd6:0x51 DW_TAG_subprogram
	.long	.Lfunc_begin40                  @ DW_AT_low_pc
	.long	.Lfunc_end40-.Lfunc_begin40     @ DW_AT_high_pc
	.byte	1                               @ DW_AT_frame_base
	.byte	93
                                        @ DW_AT_GNU_all_call_sites
	.long	.Linfo_string98                 @ DW_AT_name
	.byte	3                               @ DW_AT_decl_file
	.short	1298                            @ DW_AT_decl_line
                                        @ DW_AT_prototyped
	.long	3508                            @ DW_AT_type
                                        @ DW_AT_external
	.byte	26                              @ Abbrev [26] 0xcec:0x10 DW_TAG_formal_parameter
	.long	.Ldebug_loc101                  @ DW_AT_location
	.long	.Linfo_string158                @ DW_AT_name
	.byte	3                               @ DW_AT_decl_file
	.short	1298                            @ DW_AT_decl_line
	.long	130                             @ DW_AT_type
	.byte	31                              @ Abbrev [31] 0xcfc:0x10 DW_TAG_variable
	.long	.Ldebug_loc103                  @ DW_AT_location
	.long	.Linfo_string127                @ DW_AT_name
	.byte	3                               @ DW_AT_decl_file
	.short	1300                            @ DW_AT_decl_line
	.long	3508                            @ DW_AT_type
	.byte	15                              @ Abbrev [15] 0xd0c:0x1a DW_TAG_lexical_block
	.long	.Ltmp492                        @ DW_AT_low_pc
	.long	.Ltmp499-.Ltmp492               @ DW_AT_high_pc
	.byte	31                              @ Abbrev [31] 0xd15:0x10 DW_TAG_variable
	.long	.Ldebug_loc102                  @ DW_AT_location
	.long	.Linfo_string130                @ DW_AT_name
	.byte	3                               @ DW_AT_decl_file
	.short	1302                            @ DW_AT_decl_line
	.long	496                             @ DW_AT_type
	.byte	0                               @ End Of Children Mark
	.byte	0                               @ End Of Children Mark
	.byte	25                              @ Abbrev [25] 0xd27:0x4f DW_TAG_subprogram
	.long	.Lfunc_begin41                  @ DW_AT_low_pc
	.long	.Lfunc_end41-.Lfunc_begin41     @ DW_AT_high_pc
	.byte	1                               @ DW_AT_frame_base
	.byte	93
                                        @ DW_AT_GNU_all_call_sites
	.long	.Linfo_string99                 @ DW_AT_name
	.byte	3                               @ DW_AT_decl_file
	.short	1313                            @ DW_AT_decl_line
                                        @ DW_AT_prototyped
	.long	3508                            @ DW_AT_type
                                        @ DW_AT_external
	.byte	31                              @ Abbrev [31] 0xd3d:0x10 DW_TAG_variable
	.long	.Ldebug_loc104                  @ DW_AT_location
	.long	.Linfo_string159                @ DW_AT_name
	.byte	3                               @ DW_AT_decl_file
	.short	1317                            @ DW_AT_decl_line
	.long	496                             @ DW_AT_type
	.byte	31                              @ Abbrev [31] 0xd4d:0x10 DW_TAG_variable
	.long	.Ldebug_loc105                  @ DW_AT_location
	.long	.Linfo_string127                @ DW_AT_name
	.byte	3                               @ DW_AT_decl_file
	.short	1315                            @ DW_AT_decl_line
	.long	3508                            @ DW_AT_type
	.byte	15                              @ Abbrev [15] 0xd5d:0x18 DW_TAG_lexical_block
	.long	.Ltmp504                        @ DW_AT_low_pc
	.long	.Ltmp508-.Ltmp504               @ DW_AT_high_pc
	.byte	34                              @ Abbrev [34] 0xd66:0xe DW_TAG_variable
	.byte	1                               @ DW_AT_location
	.byte	86
	.long	.Linfo_string130                @ DW_AT_name
	.byte	3                               @ DW_AT_decl_file
	.short	1319                            @ DW_AT_decl_line
	.long	496                             @ DW_AT_type
	.byte	0                               @ End Of Children Mark
	.byte	0                               @ End Of Children Mark
	.byte	13                              @ Abbrev [13] 0xd76:0x16 DW_TAG_subprogram
	.long	.Lfunc_begin42                  @ DW_AT_low_pc
	.long	.Lfunc_end42-.Lfunc_begin42     @ DW_AT_high_pc
	.byte	1                               @ DW_AT_frame_base
	.byte	93
                                        @ DW_AT_GNU_all_call_sites
	.long	.Linfo_string100                @ DW_AT_name
	.byte	3                               @ DW_AT_decl_file
	.short	1388                            @ DW_AT_decl_line
                                        @ DW_AT_prototyped
	.long	3526                            @ DW_AT_type
                                        @ DW_AT_external
	.byte	35                              @ Abbrev [35] 0xd8c:0x12 DW_TAG_subprogram
	.long	.Lfunc_begin43                  @ DW_AT_low_pc
	.long	.Lfunc_end43-.Lfunc_begin43     @ DW_AT_high_pc
	.byte	1                               @ DW_AT_frame_base
	.byte	93
                                        @ DW_AT_GNU_all_call_sites
	.long	.Linfo_string102                @ DW_AT_name
	.byte	3                               @ DW_AT_decl_file
	.short	1411                            @ DW_AT_decl_line
                                        @ DW_AT_prototyped
                                        @ DW_AT_external
	.byte	13                              @ Abbrev [13] 0xd9e:0x16 DW_TAG_subprogram
	.long	.Lfunc_begin44                  @ DW_AT_low_pc
	.long	.Lfunc_end44-.Lfunc_begin44     @ DW_AT_high_pc
	.byte	1                               @ DW_AT_frame_base
	.byte	93
                                        @ DW_AT_GNU_all_call_sites
	.long	.Linfo_string103                @ DW_AT_name
	.byte	3                               @ DW_AT_decl_file
	.short	1418                            @ DW_AT_decl_line
                                        @ DW_AT_prototyped
	.long	3526                            @ DW_AT_type
                                        @ DW_AT_external
	.byte	6                               @ Abbrev [6] 0xdb4:0xb DW_TAG_typedef
	.long	3519                            @ DW_AT_type
	.long	.Linfo_string59                 @ DW_AT_name
	.byte	1                               @ DW_AT_decl_file
	.byte	56                              @ DW_AT_decl_line
	.byte	7                               @ Abbrev [7] 0xdbf:0x7 DW_TAG_base_type
	.long	.Linfo_string58                 @ DW_AT_name
	.byte	6                               @ DW_AT_encoding
	.byte	1                               @ DW_AT_byte_size
	.byte	7                               @ Abbrev [7] 0xdc6:0x7 DW_TAG_base_type
	.long	.Linfo_string101                @ DW_AT_name
	.byte	2                               @ DW_AT_encoding
	.byte	1                               @ DW_AT_byte_size
	.byte	11                              @ Abbrev [11] 0xdcd:0x5 DW_TAG_pointer_type
	.long	3538                            @ DW_AT_type
	.byte	19                              @ Abbrev [19] 0xdd2:0x5 DW_TAG_const_type
	.long	3543                            @ DW_AT_type
	.byte	3                               @ Abbrev [3] 0xdd7:0xc DW_TAG_typedef
	.long	3555                            @ DW_AT_type
	.long	.Linfo_string126                @ DW_AT_name
	.byte	4                               @ DW_AT_decl_file
	.short	357                             @ DW_AT_decl_line
	.byte	4                               @ Abbrev [4] 0xde3:0x74 DW_TAG_structure_type
	.byte	8                               @ DW_AT_byte_size
	.byte	4                               @ DW_AT_decl_file
	.short	315                             @ DW_AT_decl_line
	.byte	36                              @ Abbrev [36] 0xde8:0xe DW_TAG_member
	.long	.Linfo_string106                @ DW_AT_name
	.long	3671                            @ DW_AT_type
	.byte	4                               @ DW_AT_decl_file
	.short	318                             @ DW_AT_decl_line
	.byte	1                               @ DW_AT_bit_size
	.byte	0                               @ DW_AT_data_bit_offset
	.byte	36                              @ Abbrev [36] 0xdf6:0xe DW_TAG_member
	.long	.Linfo_string108                @ DW_AT_name
	.long	3682                            @ DW_AT_type
	.byte	4                               @ DW_AT_decl_file
	.short	321                             @ DW_AT_decl_line
	.byte	3                               @ DW_AT_bit_size
	.byte	1                               @ DW_AT_data_bit_offset
	.byte	5                               @ Abbrev [5] 0xe04:0xd DW_TAG_member
	.long	.Linfo_string110                @ DW_AT_name
	.long	3693                            @ DW_AT_type
	.byte	4                               @ DW_AT_decl_file
	.short	324                             @ DW_AT_decl_line
	.byte	2                               @ DW_AT_data_member_location
	.byte	36                              @ Abbrev [36] 0xe11:0xe DW_TAG_member
	.long	.Linfo_string112                @ DW_AT_name
	.long	3704                            @ DW_AT_type
	.byte	4                               @ DW_AT_decl_file
	.short	327                             @ DW_AT_decl_line
	.byte	3                               @ DW_AT_bit_size
	.byte	32                              @ DW_AT_data_bit_offset
	.byte	36                              @ Abbrev [36] 0xe1f:0xe DW_TAG_member
	.long	.Linfo_string114                @ DW_AT_name
	.long	3715                            @ DW_AT_type
	.byte	4                               @ DW_AT_decl_file
	.short	330                             @ DW_AT_decl_line
	.byte	3                               @ DW_AT_bit_size
	.byte	35                              @ DW_AT_data_bit_offset
	.byte	36                              @ Abbrev [36] 0xe2d:0xe DW_TAG_member
	.long	.Linfo_string116                @ DW_AT_name
	.long	3726                            @ DW_AT_type
	.byte	4                               @ DW_AT_decl_file
	.short	333                             @ DW_AT_decl_line
	.byte	1                               @ DW_AT_bit_size
	.byte	38                              @ DW_AT_data_bit_offset
	.byte	5                               @ Abbrev [5] 0xe3b:0xd DW_TAG_member
	.long	.Linfo_string118                @ DW_AT_name
	.long	3737                            @ DW_AT_type
	.byte	4                               @ DW_AT_decl_file
	.short	336                             @ DW_AT_decl_line
	.byte	5                               @ DW_AT_data_member_location
	.byte	36                              @ Abbrev [36] 0xe48:0xe DW_TAG_member
	.long	.Linfo_string124                @ DW_AT_name
	.long	3803                            @ DW_AT_type
	.byte	4                               @ DW_AT_decl_file
	.short	356                             @ DW_AT_decl_line
	.byte	1                               @ DW_AT_bit_size
	.byte	56                              @ DW_AT_data_bit_offset
	.byte	0                               @ End Of Children Mark
	.byte	6                               @ Abbrev [6] 0xe57:0xb DW_TAG_typedef
	.long	148                             @ DW_AT_type
	.long	.Linfo_string107                @ DW_AT_name
	.byte	4                               @ DW_AT_decl_file
	.byte	146                             @ DW_AT_decl_line
	.byte	6                               @ Abbrev [6] 0xe62:0xb DW_TAG_typedef
	.long	163                             @ DW_AT_type
	.long	.Linfo_string109                @ DW_AT_name
	.byte	4                               @ DW_AT_decl_file
	.byte	161                             @ DW_AT_decl_line
	.byte	6                               @ Abbrev [6] 0xe6d:0xb DW_TAG_typedef
	.long	196                             @ DW_AT_type
	.long	.Linfo_string111                @ DW_AT_name
	.byte	4                               @ DW_AT_decl_file
	.byte	179                             @ DW_AT_decl_line
	.byte	6                               @ Abbrev [6] 0xe78:0xb DW_TAG_typedef
	.long	248                             @ DW_AT_type
	.long	.Linfo_string113                @ DW_AT_name
	.byte	4                               @ DW_AT_decl_file
	.byte	191                             @ DW_AT_decl_line
	.byte	6                               @ Abbrev [6] 0xe83:0xb DW_TAG_typedef
	.long	275                             @ DW_AT_type
	.long	.Linfo_string115                @ DW_AT_name
	.byte	4                               @ DW_AT_decl_file
	.byte	206                             @ DW_AT_decl_line
	.byte	6                               @ Abbrev [6] 0xe8e:0xb DW_TAG_typedef
	.long	308                             @ DW_AT_type
	.long	.Linfo_string117                @ DW_AT_name
	.byte	4                               @ DW_AT_decl_file
	.byte	215                             @ DW_AT_decl_line
	.byte	3                               @ Abbrev [3] 0xe99:0xc DW_TAG_typedef
	.long	3749                            @ DW_AT_type
	.long	.Linfo_string123                @ DW_AT_name
	.byte	4                               @ DW_AT_decl_file
	.short	309                             @ DW_AT_decl_line
	.byte	4                               @ Abbrev [4] 0xea5:0x20 DW_TAG_structure_type
	.byte	2                               @ DW_AT_byte_size
	.byte	4                               @ DW_AT_decl_file
	.short	303                             @ DW_AT_decl_line
	.byte	5                               @ Abbrev [5] 0xeaa:0xd DW_TAG_member
	.long	.Linfo_string119                @ DW_AT_name
	.long	3781                            @ DW_AT_type
	.byte	4                               @ DW_AT_decl_file
	.short	305                             @ DW_AT_decl_line
	.byte	0                               @ DW_AT_data_member_location
	.byte	5                               @ Abbrev [5] 0xeb7:0xd DW_TAG_member
	.long	.Linfo_string121                @ DW_AT_name
	.long	3792                            @ DW_AT_type
	.byte	4                               @ DW_AT_decl_file
	.short	308                             @ DW_AT_decl_line
	.byte	1                               @ DW_AT_data_member_location
	.byte	0                               @ End Of Children Mark
	.byte	6                               @ Abbrev [6] 0xec5:0xb DW_TAG_typedef
	.long	329                             @ DW_AT_type
	.long	.Linfo_string120                @ DW_AT_name
	.byte	5                               @ DW_AT_decl_file
	.byte	98                              @ DW_AT_decl_line
	.byte	6                               @ Abbrev [6] 0xed0:0xb DW_TAG_typedef
	.long	344                             @ DW_AT_type
	.long	.Linfo_string122                @ DW_AT_name
	.byte	5                               @ DW_AT_decl_file
	.byte	140                             @ DW_AT_decl_line
	.byte	6                               @ Abbrev [6] 0xedb:0xb DW_TAG_typedef
	.long	431                             @ DW_AT_type
	.long	.Linfo_string125                @ DW_AT_name
	.byte	4                               @ DW_AT_decl_file
	.byte	251                             @ DW_AT_decl_line
	.byte	37                              @ Abbrev [37] 0xee6:0xc DW_TAG_array_type
	.long	645                             @ DW_AT_type
	.byte	38                              @ Abbrev [38] 0xeeb:0x6 DW_TAG_subrange_type
	.long	3826                            @ DW_AT_type
	.byte	19                              @ DW_AT_count
	.byte	0                               @ End Of Children Mark
	.byte	39                              @ Abbrev [39] 0xef2:0x7 DW_TAG_base_type
	.long	.Linfo_string132                @ DW_AT_name
	.byte	8                               @ DW_AT_byte_size
	.byte	7                               @ DW_AT_encoding
	.byte	11                              @ Abbrev [11] 0xef9:0x5 DW_TAG_pointer_type
	.long	130                             @ DW_AT_type
	.byte	11                              @ Abbrev [11] 0xefe:0x5 DW_TAG_pointer_type
	.long	496                             @ DW_AT_type
	.byte	11                              @ Abbrev [11] 0xf03:0x5 DW_TAG_pointer_type
	.long	507                             @ DW_AT_type
	.byte	3                               @ Abbrev [3] 0xf08:0xc DW_TAG_typedef
	.long	452                             @ DW_AT_type
	.long	.Linfo_string139                @ DW_AT_name
	.byte	2                               @ DW_AT_decl_file
	.short	615                             @ DW_AT_decl_line
	.byte	7                               @ Abbrev [7] 0xf14:0x7 DW_TAG_base_type
	.long	.Linfo_string152                @ DW_AT_name
	.byte	5                               @ DW_AT_encoding
	.byte	4                               @ DW_AT_byte_size
	.byte	19                              @ Abbrev [19] 0xf1b:0x5 DW_TAG_const_type
	.long	496                             @ DW_AT_type
	.byte	37                              @ Abbrev [37] 0xf20:0xc DW_TAG_array_type
	.long	130                             @ DW_AT_type
	.byte	38                              @ Abbrev [38] 0xf25:0x6 DW_TAG_subrange_type
	.long	3826                            @ DW_AT_type
	.byte	64                              @ DW_AT_count
	.byte	0                               @ End Of Children Mark
	.byte	0                               @ End Of Children Mark
.Ldebug_info_end0:
	.section	.debug_str,"MS",%progbits,1
.Linfo_string0:
	.asciz	"Component: Arm Compiler for Embedded 6.23 Tool: armclang [5f103000]" @ string offset=0
.Linfo_string1:
	.asciz	"../../../../../sdk/platform/driver/spi_flash\\spi_flash.c" @ string offset=68
.Linfo_string2:
	.asciz	"C:\\Users\\teodor\\Desktop\\stem\\codeless\\6.0.24.1464\\projects\\target_apps\\ble_examples\\empty_peripheral_template\\Keil_5" @ string offset=125
.Linfo_string3:
	.asciz	"spi_flash_cfg_env"             @ string offset=242
.Linfo_string4:
	.asciz	"dev_index"                     @ string offset=260
.Linfo_string5:
	.asciz	"unsigned char"                 @ string offset=270
.Linfo_string6:
	.asciz	"uint8_t"                       @ string offset=284
.Linfo_string7:
	.asciz	"jedec_id"                      @ string offset=292
.Linfo_string8:
	.asciz	"unsigned int"                  @ string offset=301
.Linfo_string9:
	.asciz	"uint32_t"                      @ string offset=314
.Linfo_string10:
	.asciz	"chip_size"                     @ string offset=323
.Linfo_string11:
	.asciz	"spi_flash_cfg_t"               @ string offset=333
.Linfo_string12:
	.asciz	"SPI_MS_MODE_MASTER"            @ string offset=349
.Linfo_string13:
	.asciz	"SPI_CP_MODE_0"                 @ string offset=368
.Linfo_string14:
	.asciz	"SPI_CP_MODE_1"                 @ string offset=382
.Linfo_string15:
	.asciz	"SPI_CP_MODE_2"                 @ string offset=396
.Linfo_string16:
	.asciz	"SPI_CP_MODE_3"                 @ string offset=410
.Linfo_string17:
	.asciz	"unsigned short"                @ string offset=424
.Linfo_string18:
	.asciz	"SPI_SPEED_MODE_2MHz"           @ string offset=439
.Linfo_string19:
	.asciz	"SPI_SPEED_MODE_4MHz"           @ string offset=459
.Linfo_string20:
	.asciz	"SPI_SPEED_MODE_8MHz"           @ string offset=479
.Linfo_string21:
	.asciz	"SPI_SPEED_MODE_16MHz"          @ string offset=499
.Linfo_string22:
	.asciz	"SPI_SPEED_MODE_32MHz"          @ string offset=520
.Linfo_string23:
	.asciz	"SPI_MODE_8BIT"                 @ string offset=541
.Linfo_string24:
	.asciz	"SPI_MODE_16BIT"                @ string offset=555
.Linfo_string25:
	.asciz	"SPI_MODE_32BIT"                @ string offset=570
.Linfo_string26:
	.asciz	"SPI_CS_NONE"                   @ string offset=585
.Linfo_string27:
	.asciz	"SPI_CS_0"                      @ string offset=597
.Linfo_string28:
	.asciz	"SPI_CS_1"                      @ string offset=606
.Linfo_string29:
	.asciz	"SPI_CS_GPIO"                   @ string offset=615
.Linfo_string30:
	.asciz	"SPI_IRQ_DISABLED"              @ string offset=627
.Linfo_string31:
	.asciz	"SPI_IRQ_ENABLED"               @ string offset=644
.Linfo_string32:
	.asciz	"GPIO_PORT_0"                   @ string offset=660
.Linfo_string33:
	.asciz	"GPIO_PIN_0"                    @ string offset=672
.Linfo_string34:
	.asciz	"GPIO_PIN_1"                    @ string offset=683
.Linfo_string35:
	.asciz	"GPIO_PIN_2"                    @ string offset=694
.Linfo_string36:
	.asciz	"GPIO_PIN_3"                    @ string offset=705
.Linfo_string37:
	.asciz	"GPIO_PIN_4"                    @ string offset=716
.Linfo_string38:
	.asciz	"GPIO_PIN_5"                    @ string offset=727
.Linfo_string39:
	.asciz	"GPIO_PIN_6"                    @ string offset=738
.Linfo_string40:
	.asciz	"GPIO_PIN_7"                    @ string offset=749
.Linfo_string41:
	.asciz	"GPIO_PIN_8"                    @ string offset=760
.Linfo_string42:
	.asciz	"GPIO_PIN_9"                    @ string offset=771
.Linfo_string43:
	.asciz	"GPIO_PIN_10"                   @ string offset=782
.Linfo_string44:
	.asciz	"GPIO_PIN_11"                   @ string offset=794
.Linfo_string45:
	.asciz	"GPIO_PIN_END"                  @ string offset=806
.Linfo_string46:
	.asciz	"SPI_MASTER_EDGE_CAPTURE"       @ string offset=819
.Linfo_string47:
	.asciz	"SPI_MASTER_EDGE_CAPTURE_NEXT"  @ string offset=843
.Linfo_string48:
	.asciz	"SPI_FLASH_OP_SE"               @ string offset=872
.Linfo_string49:
	.asciz	"SPI_FLASH_OP_BE32"             @ string offset=888
.Linfo_string50:
	.asciz	"SPI_FLASH_OP_BE64"             @ string offset=906
.Linfo_string51:
	.asciz	"SPI_OP_BLOCKING"               @ string offset=924
.Linfo_string52:
	.asciz	"uint16_t"                      @ string offset=940
.Linfo_string53:
	.asciz	"unsigned long long"            @ string offset=949
.Linfo_string54:
	.asciz	"uint64_t"                      @ string offset=968
.Linfo_string55:
	.asciz	"spi_flash_configure_env"       @ string offset=977
.Linfo_string56:
	.asciz	"spi_flash_cfg"                 @ string offset=1001
.Linfo_string57:
	.asciz	"spi_flash_is_busy"             @ string offset=1015
.Linfo_string58:
	.asciz	"signed char"                   @ string offset=1033
.Linfo_string59:
	.asciz	"int8_t"                        @ string offset=1045
.Linfo_string60:
	.asciz	"spi_flash_read_status_reg"     @ string offset=1052
.Linfo_string61:
	.asciz	"spi_flash_wait_till_ready"     @ string offset=1078
.Linfo_string62:
	.asciz	"spi_flash_enable"              @ string offset=1104
.Linfo_string63:
	.asciz	"spi_flash_release_from_power_down" @ string offset=1121
.Linfo_string64:
	.asciz	"spi_flash_configure_memory_protection" @ string offset=1155
.Linfo_string65:
	.asciz	"spi_flash_enable_with_autodetect" @ string offset=1193
.Linfo_string66:
	.asciz	"spi_flash_auto_detect"         @ string offset=1226
.Linfo_string67:
	.asciz	"spi_flash_read_jedec_id"       @ string offset=1248
.Linfo_string68:
	.asciz	"spi_flash_power_down"          @ string offset=1272
.Linfo_string69:
	.asciz	"spi_flash_ultra_deep_power_down" @ string offset=1293
.Linfo_string70:
	.asciz	"spi_flash_set_write_enable"    @ string offset=1325
.Linfo_string71:
	.asciz	"spi_flash_write_enable"        @ string offset=1352
.Linfo_string72:
	.asciz	"spi_flash_write_enable_volatile" @ string offset=1375
.Linfo_string73:
	.asciz	"spi_flash_set_write_disable"   @ string offset=1407
.Linfo_string74:
	.asciz	"spi_flash_write_status_reg"    @ string offset=1435
.Linfo_string75:
	.asciz	"spi_flash_read_config_reg"     @ string offset=1462
.Linfo_string76:
	.asciz	"spi_flash_write_status_config_reg" @ string offset=1488
.Linfo_string77:
	.asciz	"spi_flash_read_security_reg"   @ string offset=1522
.Linfo_string78:
	.asciz	"spi_flash_get_power_mode"      @ string offset=1550
.Linfo_string79:
	.asciz	"spi_flash_set_power_mode"      @ string offset=1575
.Linfo_string80:
	.asciz	"spi_flash_read_rems_id"        @ string offset=1600
.Linfo_string81:
	.asciz	"spi_flash_read_unique_id"      @ string offset=1623
.Linfo_string82:
	.asciz	"spi_flash_page_erase"          @ string offset=1648
.Linfo_string83:
	.asciz	"spi_flash_block_erase"         @ string offset=1669
.Linfo_string84:
	.asciz	"spi_flash_block_erase_no_wait" @ string offset=1691
.Linfo_string85:
	.asciz	"spi_flash_chip_erase"          @ string offset=1721
.Linfo_string86:
	.asciz	"spi_flash_chip_erase_forced"   @ string offset=1742
.Linfo_string87:
	.asciz	"spi_flash_erase_fail"          @ string offset=1770
.Linfo_string88:
	.asciz	"spi_flash_page_program"        @ string offset=1791
.Linfo_string89:
	.asciz	"spi_flash_page_program_buffer" @ string offset=1814
.Linfo_string90:
	.asciz	"spi_flash_write_data"          @ string offset=1844
.Linfo_string91:
	.asciz	"spi_flash_write_data_buffer"   @ string offset=1865
.Linfo_string92:
	.asciz	"spi_flash_page_fill"           @ string offset=1893
.Linfo_string93:
	.asciz	"spi_flash_fill"                @ string offset=1913
.Linfo_string94:
	.asciz	"spi_flash_program_fail"        @ string offset=1928
.Linfo_string95:
	.asciz	"spi_flash_read_data"           @ string offset=1951
.Linfo_string96:
	.asciz	"spi_flash_read_data_buffer"    @ string offset=1971
.Linfo_string97:
	.asciz	"spi_flash_is_page_empty"       @ string offset=1998
.Linfo_string98:
	.asciz	"spi_flash_is_sector_empty"     @ string offset=2022
.Linfo_string99:
	.asciz	"spi_flash_is_empty"            @ string offset=2048
.Linfo_string100:
	.asciz	"spi_flash_enable_power_pin"    @ string offset=2067
.Linfo_string101:
	.asciz	"_Bool"                         @ string offset=2094
.Linfo_string102:
	.asciz	"spi_flash_disable_power_pin"   @ string offset=2100
.Linfo_string103:
	.asciz	"spi_flash_get_power_pin_status" @ string offset=2128
.Linfo_string104:
	.asciz	"status_read_cnt"               @ string offset=2159
.Linfo_string105:
	.asciz	"spi_cfg"                       @ string offset=2175
.Linfo_string106:
	.asciz	"spi_ms"                        @ string offset=2183
.Linfo_string107:
	.asciz	"SPI_MS_MODE_CFG"               @ string offset=2190
.Linfo_string108:
	.asciz	"spi_cp"                        @ string offset=2206
.Linfo_string109:
	.asciz	"SPI_CP_MODE_CFG"               @ string offset=2213
.Linfo_string110:
	.asciz	"spi_speed"                     @ string offset=2229
.Linfo_string111:
	.asciz	"SPI_SPEED_MODE_CFG"            @ string offset=2239
.Linfo_string112:
	.asciz	"spi_wsz"                       @ string offset=2258
.Linfo_string113:
	.asciz	"SPI_WSZ_MODE_CFG"              @ string offset=2266
.Linfo_string114:
	.asciz	"spi_cs"                        @ string offset=2283
.Linfo_string115:
	.asciz	"SPI_CS_MODE_CFG"               @ string offset=2290
.Linfo_string116:
	.asciz	"spi_irq"                       @ string offset=2306
.Linfo_string117:
	.asciz	"SPI_IRQ_CFG"                   @ string offset=2314
.Linfo_string118:
	.asciz	"cs_pad"                        @ string offset=2326
.Linfo_string119:
	.asciz	"port"                          @ string offset=2333
.Linfo_string120:
	.asciz	"GPIO_PORT"                     @ string offset=2338
.Linfo_string121:
	.asciz	"pin"                           @ string offset=2348
.Linfo_string122:
	.asciz	"GPIO_PIN"                      @ string offset=2352
.Linfo_string123:
	.asciz	"SPI_Pad_t"                     @ string offset=2361
.Linfo_string124:
	.asciz	"spi_capture"                   @ string offset=2371
.Linfo_string125:
	.asciz	"SPI_MASTER_EDGE_CAPTURE_CFG"   @ string offset=2383
.Linfo_string126:
	.asciz	"spi_cfg_t"                     @ string offset=2411
.Linfo_string127:
	.asciz	"status"                        @ string offset=2421
.Linfo_string128:
	.asciz	"data"                          @ string offset=2428
.Linfo_string129:
	.asciz	"dev_id"                        @ string offset=2433
.Linfo_string130:
	.asciz	"i"                             @ string offset=2440
.Linfo_string131:
	.asciz	"known_spi_devs_list"           @ string offset=2442
.Linfo_string132:
	.asciz	"__ARRAY_SIZE_TYPE__"           @ string offset=2462
.Linfo_string133:
	.asciz	"supported_spi_flash_count"     @ string offset=2482
.Linfo_string134:
	.asciz	"command"                       @ string offset=2508
.Linfo_string135:
	.asciz	"tmp_data"                      @ string offset=2516
.Linfo_string136:
	.asciz	"page_address"                  @ string offset=2525
.Linfo_string137:
	.asciz	"address"                       @ string offset=2538
.Linfo_string138:
	.asciz	"erase_op"                      @ string offset=2546
.Linfo_string139:
	.asciz	"spi_flash_op_t"                @ string offset=2555
.Linfo_string140:
	.asciz	"security_reg_val"              @ string offset=2570
.Linfo_string141:
	.asciz	"wr_data_ptr"                   @ string offset=2587
.Linfo_string142:
	.asciz	"size"                          @ string offset=2599
.Linfo_string143:
	.asciz	"temp_size"                     @ string offset=2604
.Linfo_string144:
	.asciz	"actual_size"                   @ string offset=2614
.Linfo_string145:
	.asciz	"feasible_size"                 @ string offset=2626
.Linfo_string146:
	.asciz	"currentAddress"                @ string offset=2640
.Linfo_string147:
	.asciz	"currentEndOfPage"              @ string offset=2655
.Linfo_string148:
	.asciz	"bytes_written"                 @ string offset=2672
.Linfo_string149:
	.asciz	"bytes_left_to_send"            @ string offset=2686
.Linfo_string150:
	.asciz	"value"                         @ string offset=2705
.Linfo_string151:
	.asciz	"rd_data_ptr"                   @ string offset=2711
.Linfo_string152:
	.asciz	"int"                           @ string offset=2723
.Linfo_string153:
	.asciz	"MAX_SPI_RECEIVE"               @ string offset=2727
.Linfo_string154:
	.asciz	"remaining_len"                 @ string offset=2743
.Linfo_string155:
	.asciz	"read_data"                     @ string offset=2757
.Linfo_string156:
	.asciz	"bytes_read"                    @ string offset=2767
.Linfo_string157:
	.asciz	"data_cnt"                      @ string offset=2778
.Linfo_string158:
	.asciz	"sector_address"                @ string offset=2787
.Linfo_string159:
	.asciz	"sector_num"                    @ string offset=2802
	.ident	"Component: Arm Compiler for Embedded 6.23 Tool: armclang [5f103000]"
	.section	".note.GNU-stack","",%progbits
	.eabi_attribute	30, 4	@ Tag_ABI_optimization_goals
	.ARM_attribute	16, 1	@ Tag_AV_eba
	.section	.debug_line,"",%progbits
.Lline_table_start0:
