	.text
	.syntax unified
	.eabi_attribute	67, "2.09"	@ Tag_conformance
	.cpu	cortex-m0plus
	.eabi_attribute	6, 12	@ Tag_CPU_arch
	.eabi_attribute	7, 77	@ Tag_CPU_arch_profile
	.eabi_attribute	8, 0	@ Tag_ARM_ISA_use
	.eabi_attribute	9, 1	@ Tag_THUMB_ISA_use
	.eabi_attribute	34, 0	@ Tag_CPU_unaligned_access
	.eabi_attribute	17, 1	@ Tag_ABI_PCS_GOT_use
	.eabi_attribute	20, 2	@ Tag_ABI_FP_denormal
	.eabi_attribute	21, 0	@ Tag_ABI_FP_exceptions
	.eabi_attribute	23, 1	@ Tag_ABI_FP_number_model
	.eabi_attribute	24, 1	@ Tag_ABI_align_needed
	.eabi_attribute	25, 1	@ Tag_ABI_align_preserved
	.eabi_attribute	38, 1	@ Tag_ABI_FP_16bit_format
	.eabi_attribute	18, 2	@ Tag_ABI_PCS_wchar_t
	.eabi_attribute	26, 1	@ Tag_ABI_enum_size
	.eabi_attribute	14, 0	@ Tag_ABI_PCS_R9_use
	.file	"uart.c"
	.file	1 "C:\\Users\\teodor" "AppData\\Local\\Keil_v5\\ARM\\ARMCLANG\\bin\\..\\include\\stdint.h"
	.file	2 "C:\\Users\\teodor\\Desktop\\stem\\codeless\\6.0.24.1464\\projects\\target_apps\\ble_examples\\empty_peripheral_template\\Keil_5" "../../../../../sdk/platform/driver/uart/uart.c"
	.file	3 "C:\\Users\\teodor\\Desktop\\stem\\codeless\\6.0.24.1464\\projects\\target_apps\\ble_examples\\empty_peripheral_template\\Keil_5" "../../../../../sdk/platform/driver/uart\\uart.h"
	.file	4 "C:\\Users\\teodor\\Desktop\\stem\\codeless\\6.0.24.1464\\projects\\target_apps\\ble_examples\\empty_peripheral_template\\Keil_5" "./../../../../../sdk/platform/include\\da14535.h"
	.file	5 "C:\\Users\\teodor\\Desktop\\stem\\codeless\\6.0.24.1464\\projects\\target_apps\\ble_examples\\empty_peripheral_template\\Keil_5" "../../../../../sdk/platform/include/CMSIS/5.9.0/CMSIS/Core/Include\\core_cm0plus.h"
	.hidden	UART2_Handler                   @ -- Begin function UART2_Handler
	.globl	UART2_Handler
	.p2align	2
	.type	UART2_Handler,%function
	.code	16                              @ @UART2_Handler
	.thumb_func
UART2_Handler:
.Lfunc_begin0:
	.loc	2 469 0                         @ ../../../../../sdk/platform/driver/uart/uart.c:469:0
	.fnstart
	.cfi_sections .debug_frame
	.cfi_startproc
@ %bb.0:
	.save	{r4, r5, r6, lr}
	push	{r4, r5, r6, lr}
	.cfi_def_cfa_offset 16
	.cfi_offset lr, -4
	.cfi_offset r6, -8
	.cfi_offset r5, -12
	.cfi_offset r4, -16
	ldr	r4, __arm_cp.0_0
	@DEBUG_VALUE: uart_intr_hndl:uart_id <- 1342181632
	ldr	r5, __arm_cp.0_1
	ldr	r6, __arm_cp.0_2
	b	.LBB0_17
.LBB0_1:                                @   in Loop: Header=BB0_17 Depth=1
.Ltmp0:
	@DEBUG_VALUE: uart_intr_hndl:uart_id <- 1342181632
	@DEBUG_VALUE: uart_tx_isr:uart_id <- 1342181632
	.loc	2 135 40 prologue_end           @ ../../../../../sdk/platform/driver/uart/uart.c:135:40
	ldrh	r2, [r5, #36]
	.loc	2 135 19 is_stmt 0              @ ../../../../../sdk/platform/driver/uart/uart.c:135:19
	ldrh	r0, [r5, #38]
.Ltmp1:
	.loc	2 135 9                         @ ../../../../../sdk/platform/driver/uart/uart.c:135:9
	cmp	r0, r2
.Ltmp2:
	@DEBUG_VALUE: uart_tx_isr:uart_env <- undef
	bhs	.LBB0_15
.Ltmp3:
@ %bb.2:                                @   in Loop: Header=BB0_17 Depth=1
	@DEBUG_VALUE: uart_tx_isr:uart_id <- 1342181632
	@DEBUG_VALUE: uart_intr_hndl:uart_id <- 1342181632
	.loc	2 0 9                           @ ../../../../../sdk/platform/driver/uart/uart.c:0:9
	ldr	r1, [r5, #32]
.Ltmp4:
.LBB0_3:                                @   Parent Loop BB0_17 Depth=1
                                        @ =>  This Inner Loop Header: Depth=2
	@DEBUG_VALUE: uart_tx_isr:uart_id <- 1342181632
	@DEBUG_VALUE: uart_intr_hndl:uart_id <- 1342181632
	.loc	2 138 9 is_stmt 1               @ ../../../../../sdk/platform/driver/uart/uart.c:138:9
	cmp	r0, r2
	bhs	.LBB0_17
.Ltmp5:
@ %bb.4:                                @   in Loop: Header=BB0_3 Depth=2
	@DEBUG_VALUE: uart_tx_isr:uart_id <- 1342181632
	@DEBUG_VALUE: uart_intr_hndl:uart_id <- 1342181632
	@DEBUG_VALUE: uart_fifo_enabled_getf:uart_id <- 1342181632
	.loc	3 712 24                        @ ../../../../../sdk/platform/driver/uart\uart.h:712:24
	ldrh	r2, [r4, #8]
	movs	r3, #192
	.loc	3 712 13 is_stmt 0              @ ../../../../../sdk/platform/driver/uart\uart.h:712:13
	ands	r3, r2
.Ltmp6:
	.loc	2 141 17 is_stmt 1              @ ../../../../../sdk/platform/driver/uart/uart.c:141:17
	cmp	r3, #192
	bne	.LBB0_6
.Ltmp7:
@ %bb.5:                                @   in Loop: Header=BB0_3 Depth=2
	@DEBUG_VALUE: uart_tx_isr:uart_id <- 1342181632
	@DEBUG_VALUE: uart_intr_hndl:uart_id <- 1342181632
	@DEBUG_VALUE: uart_txfifo_not_full_getf:uart_id <- 1342181632
	.loc	3 1242 12                       @ ../../../../../sdk/platform/driver/uart\uart.h:1242:12
	ldrh	r2, [r6]
.Ltmp8:
	.loc	2 143 20                        @ ../../../../../sdk/platform/driver/uart/uart.c:143:20
	lsls	r2, r2, #30
	bmi	.LBB0_7
	b	.LBB0_17
.Ltmp9:
.LBB0_6:                                @   in Loop: Header=BB0_3 Depth=2
	@DEBUG_VALUE: uart_tx_isr:uart_id <- 1342181632
	@DEBUG_VALUE: uart_intr_hndl:uart_id <- 1342181632
	@DEBUG_VALUE: uart_thr_empty_getf:uart_id <- 1342181632
	.loc	3 1075 12                       @ ../../../../../sdk/platform/driver/uart\uart.h:1075:12
	ldrh	r2, [r4, #20]
.Ltmp10:
	.loc	2 149 22                        @ ../../../../../sdk/platform/driver/uart/uart.c:149:22
	lsls	r2, r2, #26
	bpl	.LBB0_17
.Ltmp11:
.LBB0_7:                                @   in Loop: Header=BB0_3 Depth=2
	@DEBUG_VALUE: uart_tx_isr:uart_id <- 1342181632
	@DEBUG_VALUE: uart_intr_hndl:uart_id <- 1342181632
	.loc	2 154 74                        @ ../../../../../sdk/platform/driver/uart/uart.c:154:74
	adds	r2, r0, #1
	strh	r2, [r5, #38]
	.loc	2 154 36 is_stmt 0              @ ../../../../../sdk/platform/driver/uart/uart.c:154:36
	ldrb	r0, [r1, r0]
.Ltmp12:
	@DEBUG_VALUE: uart_thr_setf:data <- undef
	@DEBUG_VALUE: uart_thr_setf:uart_id <- 1342181632
	.loc	3 518 5 is_stmt 1               @ ../../../../../sdk/platform/driver/uart\uart.h:518:5
	strh	r0, [r4]
.Ltmp13:
	.loc	2 138 47                        @ ../../../../../sdk/platform/driver/uart/uart.c:138:47
	ldrh	r2, [r5, #36]
	.loc	2 138 26 is_stmt 0              @ ../../../../../sdk/platform/driver/uart/uart.c:138:26
	ldrh	r0, [r5, #38]
	.loc	2 138 9                         @ ../../../../../sdk/platform/driver/uart/uart.c:138:9
	b	.LBB0_3
.Ltmp14:
.LBB0_8:                                @   in Loop: Header=BB0_17 Depth=1
	@DEBUG_VALUE: uart_intr_hndl:uart_id <- 1342181632
	@DEBUG_VALUE: uart_busy_isr:uart_id <- 1342181632
	.loc	2 258 19 is_stmt 1              @ ../../../../../sdk/platform/driver/uart/uart.c:258:19
	ldr	r2, [r5, #48]
.Ltmp15:
	.loc	2 258 9 is_stmt 0               @ ../../../../../sdk/platform/driver/uart/uart.c:258:9
	cmp	r2, #0
.Ltmp16:
	@DEBUG_VALUE: uart_busy_isr:uart_env <- undef
	beq	.LBB0_17
.Ltmp17:
@ %bb.9:                                @   in Loop: Header=BB0_17 Depth=1
	@DEBUG_VALUE: uart_busy_isr:uart_id <- 1342181632
	@DEBUG_VALUE: uart_intr_hndl:uart_id <- 1342181632
	.loc	2 0 9                           @ ../../../../../sdk/platform/driver/uart/uart.c:0:9
	movs	r1, #1
	b	.LBB0_12
.Ltmp18:
.LBB0_10:                               @   in Loop: Header=BB0_17 Depth=1
	@DEBUG_VALUE: uart_intr_hndl:uart_id <- 1342181632
	@DEBUG_VALUE: uart_rls_isr:uart_id <- 1342181632
	.loc	2 241 19 is_stmt 1              @ ../../../../../sdk/platform/driver/uart/uart.c:241:19
	ldr	r2, [r5, #48]
.Ltmp19:
	.loc	2 241 9 is_stmt 0               @ ../../../../../sdk/platform/driver/uart/uart.c:241:9
	cmp	r2, #0
.Ltmp20:
	@DEBUG_VALUE: uart_rls_isr:uart_env <- undef
	beq	.LBB0_17
.Ltmp21:
@ %bb.11:                               @   in Loop: Header=BB0_17 Depth=1
	@DEBUG_VALUE: uart_rls_isr:uart_id <- 1342181632
	@DEBUG_VALUE: uart_intr_hndl:uart_id <- 1342181632
	@DEBUG_VALUE: uart_rls_error_getf:uart_id <- 1342181632
	.loc	3 1104 12 is_stmt 1             @ ../../../../../sdk/platform/driver/uart\uart.h:1104:12
	ldrh	r0, [r4, #20]
	movs	r1, #158
.Ltmp22:
	.loc	2 243 9                         @ ../../../../../sdk/platform/driver/uart/uart.c:243:9
	ands	r1, r0
.Ltmp23:
.LBB0_12:                               @   in Loop: Header=BB0_17 Depth=1
	@DEBUG_VALUE: uart_intr_hndl:uart_id <- 1342181632
	.loc	2 0 0 is_stmt 0                 @ ../../../../../sdk/platform/driver/uart/uart.c:0:0
	mov	r0, r4
	blx	r2
.Ltmp24:
	.loc	2 261 5 is_stmt 1               @ ../../../../../sdk/platform/driver/uart/uart.c:261:5
	b	.LBB0_17
.Ltmp25:
.LBB0_13:                               @   in Loop: Header=BB0_17 Depth=1
	@DEBUG_VALUE: uart_intr_hndl:uart_id <- 1342181632
	@DEBUG_VALUE: uart_rx_timeout_isr:uart_id <- 1342181632
	.loc	2 218 5                         @ ../../../../../sdk/platform/driver/uart/uart.c:218:5
	bl	uart_rx_isr
.Ltmp26:
	@DEBUG_VALUE: uart_rxdata_intr_setf:erbfi_en <- 0
	@DEBUG_VALUE: uart_rxdata_intr_setf:uart_id <- 1342181632
	.loc	3 593 5                         @ ../../../../../sdk/platform/driver/uart\uart.h:593:5
	ldrh	r0, [r4, #4]
	movs	r1, #1
	bics	r0, r1
	strh	r0, [r4, #4]
.Ltmp27:
	.loc	2 224 19                        @ ../../../../../sdk/platform/driver/uart/uart.c:224:19
	ldr	r1, [r5, #56]
.Ltmp28:
	.loc	2 224 9 is_stmt 0               @ ../../../../../sdk/platform/driver/uart/uart.c:224:9
	cmp	r1, #0
.Ltmp29:
	@DEBUG_VALUE: uart_rx_timeout_isr:uart_env <- undef
	beq	.LBB0_17
.Ltmp30:
@ %bb.14:                               @   in Loop: Header=BB0_17 Depth=1
	@DEBUG_VALUE: uart_rx_timeout_isr:uart_id <- 1342181632
	@DEBUG_VALUE: uart_intr_hndl:uart_id <- 1342181632
	.loc	2 226 35 is_stmt 1              @ ../../../../../sdk/platform/driver/uart/uart.c:226:35
	ldrh	r0, [r5, #46]
	.loc	2 226 9 is_stmt 0               @ ../../../../../sdk/platform/driver/uart/uart.c:226:9
	blx	r1
.Ltmp31:
	.loc	2 168 5 is_stmt 1               @ ../../../../../sdk/platform/driver/uart/uart.c:168:5
	b	.LBB0_17
.Ltmp32:
.LBB0_15:                               @   in Loop: Header=BB0_17 Depth=1
	@DEBUG_VALUE: uart_tx_isr:uart_id <- 1342181632
	@DEBUG_VALUE: uart_intr_hndl:uart_id <- 1342181632
	@DEBUG_VALUE: uart_txdata_intr_setf:uart_id <- 1342181632
	@DEBUG_VALUE: uart_txdata_intr_setf:etbei_en <- 0
	.loc	3 609 5                         @ ../../../../../sdk/platform/driver/uart\uart.h:609:5
	ldrh	r0, [r4, #4]
	movs	r1, #2
	bics	r0, r1
	strh	r0, [r4, #4]
.Ltmp33:
	@DEBUG_VALUE: uart_thre_intr_setf:ptime_en <- 0
	@DEBUG_VALUE: uart_thre_intr_setf:uart_id <- 1342181632
	.loc	3 669 5                         @ ../../../../../sdk/platform/driver/uart\uart.h:669:5
	ldrh	r0, [r4, #4]
	movs	r1, #128
	bics	r0, r1
	strh	r0, [r4, #4]
.Ltmp34:
	.loc	2 165 19                        @ ../../../../../sdk/platform/driver/uart/uart.c:165:19
	ldr	r1, [r5, #52]
.Ltmp35:
	.loc	2 165 9 is_stmt 0               @ ../../../../../sdk/platform/driver/uart/uart.c:165:9
	cmp	r1, #0
	beq	.LBB0_17
.Ltmp36:
@ %bb.16:                               @   in Loop: Header=BB0_17 Depth=1
	@DEBUG_VALUE: uart_tx_isr:uart_id <- 1342181632
	@DEBUG_VALUE: uart_intr_hndl:uart_id <- 1342181632
	.loc	2 167 35 is_stmt 1              @ ../../../../../sdk/platform/driver/uart/uart.c:167:35
	ldrh	r0, [r5, #36]
	.loc	2 167 9 is_stmt 0               @ ../../../../../sdk/platform/driver/uart/uart.c:167:9
	blx	r1
.Ltmp37:
.LBB0_17:                               @ =>This Loop Header: Depth=1
                                        @     Child Loop BB0_3 Depth 2
	@DEBUG_VALUE: uart_intr_hndl:uart_id <- 1342181632
	@DEBUG_VALUE: uart_intr_id_getf:uart_id <- 1342181632
	.loc	3 700 23 is_stmt 1              @ ../../../../../sdk/platform/driver/uart\uart.h:700:23
	ldrh	r0, [r4, #8]
	movs	r1, #15
.Ltmp38:
	@DEBUG_VALUE: uart_intr_hndl:int_id <- undef
	.loc	2 391 9                         @ ../../../../../sdk/platform/driver/uart/uart.c:391:9
	ands	r1, r0
	subs	r0, r1, #1
	cmp	r0, #11
	bhi	.LBB0_17
.Ltmp39:
@ %bb.18:                               @   in Loop: Header=BB0_17 Depth=1
	@DEBUG_VALUE: uart_intr_hndl:uart_id <- 1342181632
	.p2align	2
	add	r0, pc
	ldrb	r0, [r0, #4]
	lsls	r0, r0, #1
.LCPI0_3:
	add	pc, r0
.Ltmp40:
@ %bb.19:
	.loc	2 0 9 is_stmt 0                 @ ../../../../../sdk/platform/driver/uart/uart.c:0:9
	.p2align	2
.LJTI0_0:
	.byte	(.LBB0_26-(.LCPI0_3+4))/2
	.byte	(.LBB0_25-(.LCPI0_3+4))/2
	.byte	(.LBB0_24-(.LCPI0_3+4))/2
	.byte	(.LBB0_23-(.LCPI0_3+4))/2
	.byte	(.LBB0_24-(.LCPI0_3+4))/2
	.byte	(.LBB0_22-(.LCPI0_3+4))/2
	.byte	(.LBB0_21-(.LCPI0_3+4))/2
	.byte	(.LBB0_24-(.LCPI0_3+4))/2
	.byte	(.LBB0_24-(.LCPI0_3+4))/2
	.byte	(.LBB0_24-(.LCPI0_3+4))/2
	.byte	(.LBB0_24-(.LCPI0_3+4))/2
	.byte	(.LBB0_20-(.LCPI0_3+4))/2
	.p2align	1
.LBB0_20:                               @   in Loop: Header=BB0_17 Depth=1
	b	.LBB0_13
.LBB0_21:                               @   in Loop: Header=BB0_17 Depth=1
	b	.LBB0_8
.LBB0_22:                               @   in Loop: Header=BB0_17 Depth=1
	b	.LBB0_10
.LBB0_23:                               @   in Loop: Header=BB0_17 Depth=1
.Ltmp41:
	@DEBUG_VALUE: uart_intr_hndl:uart_id <- 1342181632
	.loc	2 413 17 is_stmt 1              @ ../../../../../sdk/platform/driver/uart/uart.c:413:17
	bl	uart_rx_isr
.Ltmp42:
	.loc	2 414 17                        @ ../../../../../sdk/platform/driver/uart/uart.c:414:17
	b	.LBB0_17
.Ltmp43:
.LBB0_24:                               @   in Loop: Header=BB0_17 Depth=1
	.loc	2 0 17 is_stmt 0                @ ../../../../../sdk/platform/driver/uart/uart.c:0:17
	b	.LBB0_17
.LBB0_25:                               @   in Loop: Header=BB0_17 Depth=1
	b	.LBB0_1
.LBB0_26:
	.loc	2 471 1 epilogue_begin is_stmt 1 @ ../../../../../sdk/platform/driver/uart/uart.c:471:1
	pop	{r4, r5, r6, pc}
.Ltmp44:
	.loc	2 0 1 is_stmt 0                 @ :0:1
.Ltmp45:
	.p2align	2
@ %bb.27:
__arm_cp.0_0:
	.long	1342181632                      @ 0x50001100
.Lcpi_end0:
	.size	__arm_cp.0_0, .Lcpi_end0-__arm_cp.0_0
__arm_cp.0_1:
	.long	uartn_env
.Lcpi_end1:
	.size	__arm_cp.0_1, .Lcpi_end1-__arm_cp.0_1
__arm_cp.0_2:
	.long	1342181756                      @ 0x5000117c
.Lcpi_end2:
	.size	__arm_cp.0_2, .Lcpi_end2-__arm_cp.0_2
.Lfunc_end0:
	.size	UART2_Handler, .Lfunc_end0-UART2_Handler
	.cfi_endproc
	.cantunwind
	.fnend
                                        @ -- End function
	.hidden	uart_baudrate_setf              @ -- Begin function uart_baudrate_setf
	.globl	uart_baudrate_setf
	.p2align	1
	.type	uart_baudrate_setf,%function
	.code	16                              @ @uart_baudrate_setf
	.thumb_func
uart_baudrate_setf:
.Lfunc_begin1:
	.loc	2 529 0 is_stmt 1               @ ../../../../../sdk/platform/driver/uart/uart.c:529:0
	.fnstart
	.cfi_startproc
@ %bb.0:
	@DEBUG_VALUE: uart_baudrate_setf:uart_id <- $r0
	@DEBUG_VALUE: uart_baudrate_setf:baud_rate <- $r1
	@DEBUG_VALUE: uart_dlab_setf:uart_id <- $r0
	@DEBUG_VALUE: uart_dlab_setf:dlab <- 1
	.save	{r4, lr}
	push	{r4, lr}
	.cfi_def_cfa_offset 8
	.cfi_offset lr, -4
	.cfi_offset r4, -8
.Ltmp46:
	.loc	3 824 5 prologue_end            @ ../../../../../sdk/platform/driver/uart\uart.h:824:5
	ldrh	r2, [r0, #12]
	movs	r3, #128
	orrs	r2, r3
	strh	r2, [r0, #12]
.Ltmp47:
	.loc	2 534 5                         @ ../../../../../sdk/platform/driver/uart/uart.c:534:5
	uxtb	r2, r1
	movs	r4, #192
	strh	r2, [r0, r4]
	uxth	r2, r1
	.loc	2 536 5                         @ ../../../../../sdk/platform/driver/uart/uart.c:536:5
	lsrs	r2, r2, #8
	strh	r2, [r0]
	.loc	2 538 5                         @ ../../../../../sdk/platform/driver/uart/uart.c:538:5
	lsrs	r1, r1, #16
.Ltmp48:
	@DEBUG_VALUE: uart_baudrate_setf:baud_rate <- [DW_OP_LLVM_entry_value 1] $r1
	uxtb	r1, r1
	strh	r1, [r0, #4]
.Ltmp49:
	@DEBUG_VALUE: uart_dlab_setf:dlab <- 0
	@DEBUG_VALUE: uart_dlab_setf:uart_id <- $r0
	.loc	3 824 5                         @ ../../../../../sdk/platform/driver/uart\uart.h:824:5
	ldrh	r1, [r0, #12]
	bics	r1, r3
	strh	r1, [r0, #12]
.Ltmp50:
	.loc	2 542 1 epilogue_begin          @ ../../../../../sdk/platform/driver/uart/uart.c:542:1
	pop	{r4, pc}
.Ltmp51:
.Lfunc_end1:
	.size	uart_baudrate_setf, .Lfunc_end1-uart_baudrate_setf
	.cfi_endproc
	.cantunwind
	.fnend
                                        @ -- End function
	.hidden	uart_register_tx_cb             @ -- Begin function uart_register_tx_cb
	.globl	uart_register_tx_cb
	.p2align	2
	.type	uart_register_tx_cb,%function
	.code	16                              @ @uart_register_tx_cb
	.thumb_func
uart_register_tx_cb:
.Lfunc_begin2:
	.loc	2 545 0                         @ ../../../../../sdk/platform/driver/uart/uart.c:545:0
	.fnstart
	.cfi_startproc
@ %bb.0:
	@DEBUG_VALUE: uart_register_tx_cb:uart_id <- $r0
	@DEBUG_VALUE: uart_register_tx_cb:cb <- $r1
	ldr	r2, __arm_cp.2_0
.Ltmp52:
	.loc	2 546 28 prologue_end           @ ../../../../../sdk/platform/driver/uart/uart.c:546:28
	subs	r0, r0, r2
.Ltmp53:
	@DEBUG_VALUE: uart_register_tx_cb:uart_id <- [DW_OP_LLVM_entry_value 1] $r0
	subs	r2, r0, #1
	sbcs	r0, r2
.Ltmp54:
	@DEBUG_VALUE: uart_register_tx_cb:uart_env <- [DW_OP_LLVM_arg 0, DW_OP_LLVM_arg 0, DW_OP_constu 32, DW_OP_mul, DW_OP_plus, DW_OP_stack_value] undef
	.loc	2 549 15                        @ ../../../../../sdk/platform/driver/uart/uart.c:549:15
	lsls	r0, r0, #5
	ldr	r2, __arm_cp.2_1
	adds	r0, r2, r0
	.loc	2 549 21 is_stmt 0              @ ../../../../../sdk/platform/driver/uart/uart.c:549:21
	str	r1, [r0, #20]
	.loc	2 550 1 is_stmt 1               @ ../../../../../sdk/platform/driver/uart/uart.c:550:1
	bx	lr
.Ltmp55:
	.loc	2 0 1 is_stmt 0                 @ :0:1
.Ltmp56:
	.p2align	2
@ %bb.1:
__arm_cp.2_0:
	.long	1342181376                      @ 0x50001000
.Lcpi_end3:
	.size	__arm_cp.2_0, .Lcpi_end3-__arm_cp.2_0
__arm_cp.2_1:
	.long	uartn_env
.Lcpi_end4:
	.size	__arm_cp.2_1, .Lcpi_end4-__arm_cp.2_1
.Lfunc_end2:
	.size	uart_register_tx_cb, .Lfunc_end2-uart_register_tx_cb
	.cfi_endproc
	.cantunwind
	.fnend
                                        @ -- End function
	.hidden	uart_register_rx_cb             @ -- Begin function uart_register_rx_cb
	.globl	uart_register_rx_cb
	.p2align	2
	.type	uart_register_rx_cb,%function
	.code	16                              @ @uart_register_rx_cb
	.thumb_func
uart_register_rx_cb:
.Lfunc_begin3:
	.loc	2 553 0 is_stmt 1               @ ../../../../../sdk/platform/driver/uart/uart.c:553:0
	.fnstart
	.cfi_startproc
@ %bb.0:
	@DEBUG_VALUE: uart_register_rx_cb:uart_id <- $r0
	@DEBUG_VALUE: uart_register_rx_cb:cb <- $r1
	ldr	r2, __arm_cp.3_0
.Ltmp57:
	.loc	2 554 28 prologue_end           @ ../../../../../sdk/platform/driver/uart/uart.c:554:28
	subs	r0, r0, r2
.Ltmp58:
	@DEBUG_VALUE: uart_register_rx_cb:uart_id <- [DW_OP_LLVM_entry_value 1] $r0
	subs	r2, r0, #1
	sbcs	r0, r2
.Ltmp59:
	@DEBUG_VALUE: uart_register_rx_cb:uart_env <- [DW_OP_LLVM_arg 0, DW_OP_LLVM_arg 0, DW_OP_constu 32, DW_OP_mul, DW_OP_plus, DW_OP_stack_value] undef
	.loc	2 557 15                        @ ../../../../../sdk/platform/driver/uart/uart.c:557:15
	lsls	r0, r0, #5
	ldr	r2, __arm_cp.3_1
	adds	r0, r2, r0
	.loc	2 557 21 is_stmt 0              @ ../../../../../sdk/platform/driver/uart/uart.c:557:21
	str	r1, [r0, #24]
	.loc	2 558 1 is_stmt 1               @ ../../../../../sdk/platform/driver/uart/uart.c:558:1
	bx	lr
.Ltmp60:
	.loc	2 0 1 is_stmt 0                 @ :0:1
.Ltmp61:
	.p2align	2
@ %bb.1:
__arm_cp.3_0:
	.long	1342181376                      @ 0x50001000
.Lcpi_end5:
	.size	__arm_cp.3_0, .Lcpi_end5-__arm_cp.3_0
__arm_cp.3_1:
	.long	uartn_env
.Lcpi_end6:
	.size	__arm_cp.3_1, .Lcpi_end6-__arm_cp.3_1
.Lfunc_end3:
	.size	uart_register_rx_cb, .Lfunc_end3-uart_register_rx_cb
	.cfi_endproc
	.cantunwind
	.fnend
                                        @ -- End function
	.hidden	uart_register_err_cb            @ -- Begin function uart_register_err_cb
	.globl	uart_register_err_cb
	.p2align	2
	.type	uart_register_err_cb,%function
	.code	16                              @ @uart_register_err_cb
	.thumb_func
uart_register_err_cb:
.Lfunc_begin4:
	.loc	2 561 0 is_stmt 1               @ ../../../../../sdk/platform/driver/uart/uart.c:561:0
	.fnstart
	.cfi_startproc
@ %bb.0:
	@DEBUG_VALUE: uart_register_err_cb:uart_id <- $r0
	@DEBUG_VALUE: uart_register_err_cb:cb <- $r1
	ldr	r2, __arm_cp.4_0
.Ltmp62:
	.loc	2 562 28 prologue_end           @ ../../../../../sdk/platform/driver/uart/uart.c:562:28
	subs	r0, r0, r2
.Ltmp63:
	@DEBUG_VALUE: uart_register_err_cb:uart_id <- [DW_OP_LLVM_entry_value 1] $r0
	subs	r2, r0, #1
	sbcs	r0, r2
.Ltmp64:
	@DEBUG_VALUE: uart_register_err_cb:uart_env <- [DW_OP_LLVM_arg 0, DW_OP_LLVM_arg 0, DW_OP_constu 32, DW_OP_mul, DW_OP_plus, DW_OP_stack_value] undef
	.loc	2 565 15                        @ ../../../../../sdk/platform/driver/uart/uart.c:565:15
	lsls	r0, r0, #5
	ldr	r2, __arm_cp.4_1
	adds	r0, r2, r0
	.loc	2 565 22 is_stmt 0              @ ../../../../../sdk/platform/driver/uart/uart.c:565:22
	str	r1, [r0, #16]
	.loc	2 566 1 is_stmt 1               @ ../../../../../sdk/platform/driver/uart/uart.c:566:1
	bx	lr
.Ltmp65:
	.loc	2 0 1 is_stmt 0                 @ :0:1
.Ltmp66:
	.p2align	2
@ %bb.1:
__arm_cp.4_0:
	.long	1342181376                      @ 0x50001000
.Lcpi_end7:
	.size	__arm_cp.4_0, .Lcpi_end7-__arm_cp.4_0
__arm_cp.4_1:
	.long	uartn_env
.Lcpi_end8:
	.size	__arm_cp.4_1, .Lcpi_end8-__arm_cp.4_1
.Lfunc_end4:
	.size	uart_register_err_cb, .Lfunc_end4-uart_register_err_cb
	.cfi_endproc
	.cantunwind
	.fnend
                                        @ -- End function
	.hidden	uart_initialize                 @ -- Begin function uart_initialize
	.globl	uart_initialize
	.p2align	2
	.type	uart_initialize,%function
	.code	16                              @ @uart_initialize
	.thumb_func
uart_initialize:
.Lfunc_begin5:
	.loc	2 569 0 is_stmt 1               @ ../../../../../sdk/platform/driver/uart/uart.c:569:0
	.fnstart
	.cfi_startproc
@ %bb.0:
	@DEBUG_VALUE: uart_initialize:uart_id <- $r0
	@DEBUG_VALUE: uart_initialize:uart_cfg <- $r1
	.save	{r4, r5, r6, r7, lr}
	.pad	#12
	push	{r1, r2, r3, r4, r5, r6, r7, lr}
	.cfi_def_cfa_offset 32
	.cfi_offset lr, -4
	.cfi_offset r7, -8
	.cfi_offset r6, -12
	.cfi_offset r5, -16
	.cfi_offset r4, -20
	mov	r4, r1
.Ltmp67:
	@DEBUG_VALUE: uart_initialize:uart_cfg <- $r4
	mov	r5, r0
.Ltmp68:
	@DEBUG_VALUE: uart_initialize:uart_id <- $r5
	.loc	2 574 5 prologue_end            @ ../../../../../sdk/platform/driver/uart/uart.c:574:5
	bl	uart_enable
.Ltmp69:
	.loc	2 0 5 is_stmt 0                 @ ../../../../../sdk/platform/driver/uart/uart.c:0:5
	movs	r0, #124
.Ltmp70:
	@DEBUG_VALUE: uart_txfifo_is_empty_getf:uart_id <- $r5
	.loc	3 1227 12 is_stmt 1             @ ../../../../../sdk/platform/driver/uart\uart.h:1227:12
	ldrh	r0, [r5, r0]
.Ltmp71:
	.loc	2 587 43                        @ ../../../../../sdk/platform/driver/uart/uart.c:587:43
	ldrh	r0, [r4]
	ldrb	r1, [r4, #2]
	lsls	r1, r1, #16
	adds	r1, r0, r1
	.loc	2 587 5 is_stmt 0               @ ../../../../../sdk/platform/driver/uart/uart.c:587:5
	mov	r0, r5
	bl	uart_baudrate_setf
.Ltmp72:
	.loc	2 590 40 is_stmt 1              @ ../../../../../sdk/platform/driver/uart/uart.c:590:40
	ldrb	r0, [r4, #3]
	movs	r1, #31
	.loc	2 591 56                        @ ../../../../../sdk/platform/driver/uart/uart.c:591:56
	ands	r1, r0
	.loc	2 591 50 is_stmt 0              @ ../../../../../sdk/platform/driver/uart/uart.c:591:50
	lsrs	r0, r0, #3
	movs	r2, #4
	ands	r2, r0
	.loc	2 591 56                        @ ../../../../../sdk/platform/driver/uart/uart.c:591:56
	orrs	r2, r1
.Ltmp73:
	@DEBUG_VALUE: uart_lcr_setf:lcr_val <- $r2
	@DEBUG_VALUE: uart_lcr_setf:uart_id <- $r5
	.loc	3 808 5 is_stmt 1               @ ../../../../../sdk/platform/driver/uart\uart.h:808:5
	strh	r2, [r5, #12]
.Ltmp74:
	.loc	2 0 0 is_stmt 0                 @ ../../../../../sdk/platform/driver/uart/uart.c:0:0
	mov	r0, r5
	adds	r0, #124
	.loc	2 595 50 is_stmt 1              @ ../../../../../sdk/platform/driver/uart/uart.c:595:50
	ldrb	r1, [r4, #3]
	lsrs	r1, r1, #7
.Ltmp75:
	@DEBUG_VALUE: uart_fifo_enable_shd_setf:uart_id <- $r5
	@DEBUG_VALUE: uart_fifo_enable_shd_setf:fifo_en <- $r1
	.loc	3 1409 5                        @ ../../../../../sdk/platform/driver/uart\uart.h:1409:5
	strh	r1, [r0, #28]
	movs	r1, #3
.Ltmp76:
	.loc	2 596 19                        @ ../../../../../sdk/platform/driver/uart/uart.c:596:19
	ldrsb	r6, [r4, r1]
	ldr	r3, __arm_cp.5_0
.Ltmp77:
	.loc	2 571 28                        @ ../../../../../sdk/platform/driver/uart/uart.c:571:28
	mov	r0, r3
	subs	r0, #16
	.loc	2 596 9                         @ ../../../../../sdk/platform/driver/uart/uart.c:596:9
	cmp	r6, #0
	bpl	.LBB5_4
.Ltmp78:
@ %bb.1:
	@DEBUG_VALUE: uart_initialize:uart_id <- $r5
	@DEBUG_VALUE: uart_initialize:uart_cfg <- $r4
	.loc	2 0 0 is_stmt 0                 @ ../../../../../sdk/platform/driver/uart/uart.c:0:0
	mov	r2, r5
	adds	r2, #156
.Ltmp79:
	.loc	2 600 13 is_stmt 1              @ ../../../../../sdk/platform/driver/uart/uart.c:600:13
	cmp	r5, r0
	bne	.LBB5_3
.Ltmp80:
@ %bb.2:
	@DEBUG_VALUE: uart_initialize:uart_id <- $r5
	@DEBUG_VALUE: uart_initialize:uart_cfg <- $r4
	@DEBUG_VALUE: uart_afce_setf:uart_id <- 1342181376
	@DEBUG_VALUE: uart_afce_setf:afce <- [DW_OP_constu 6, DW_OP_shr, DW_OP_constu 1, DW_OP_and, DW_OP_stack_value] $r6
	.loc	3 975 9                         @ ../../../../../sdk/platform/driver/uart\uart.h:975:9
	lsrs	r6, r6, #1
.Ltmp81:
	.loc	3 0 9 is_stmt 0                 @ ../../../../../sdk/platform/driver/uart\uart.h:0:9
	movs	r7, #32
	.loc	3 975 9                         @ ../../../../../sdk/platform/driver/uart\uart.h:975:9
	str	r7, [sp, #8]                    @ 4-byte Spill
	ands	r6, r7
	str	r6, [sp, #4]                    @ 4-byte Spill
	ldrh	r7, [r3]
	ldr	r6, [sp, #8]                    @ 4-byte Reload
	bics	r7, r6
	ldr	r6, [sp, #4]                    @ 4-byte Reload
	adds	r6, r7, r6
	strh	r6, [r3]
.Ltmp82:
	.loc	2 604 47 is_stmt 1              @ ../../../../../sdk/platform/driver/uart/uart.c:604:47
	ldrb	r6, [r4, #3]
.Ltmp83:
	.loc	3 1019 9                        @ ../../../../../sdk/platform/driver/uart\uart.h:1019:9
	lsrs	r6, r6, #5
	movs	r7, #2
	str	r7, [sp, #8]                    @ 4-byte Spill
	ands	r6, r7
.Ltmp84:
	@DEBUG_VALUE: uart_rtsn_setf:rts_n <- undef
	@DEBUG_VALUE: uart_rtsn_setf:uart_id <- 1342181376
	.loc	3 0 9 is_stmt 0                 @ ../../../../../sdk/platform/driver/uart\uart.h:0:9
	str	r6, [sp, #4]                    @ 4-byte Spill
	.loc	3 1019 9                        @ ../../../../../sdk/platform/driver/uart\uart.h:1019:9
	ldrh	r7, [r3]
	ldr	r6, [sp, #8]                    @ 4-byte Reload
	bics	r7, r6
	ldr	r6, [sp, #4]                    @ 4-byte Reload
	adds	r6, r7, r6
	strh	r6, [r3]
.Ltmp85:
.LBB5_3:
	@DEBUG_VALUE: uart_initialize:uart_id <- $r5
	@DEBUG_VALUE: uart_initialize:uart_cfg <- $r4
	.loc	2 608 56 is_stmt 1              @ ../../../../../sdk/platform/driver/uart/uart.c:608:56
	ldrb	r3, [r4, #4]
	lsls	r3, r3, #28
	lsrs	r3, r3, #30
.Ltmp86:
	@DEBUG_VALUE: uart_fifo_rcvr_trg_shd_setf:rcvr_trigger <- undef
	@DEBUG_VALUE: uart_fifo_rcvr_trg_shd_setf:uart_id <- $r5
	.loc	3 1422 5                        @ ../../../../../sdk/platform/driver/uart\uart.h:1422:5
	strh	r3, [r2]
.Ltmp87:
	.loc	2 610 59                        @ ../../../../../sdk/platform/driver/uart/uart.c:610:59
	ldrb	r3, [r4, #4]
	ands	r3, r1
.Ltmp88:
	@DEBUG_VALUE: uart_fifo_txempty_trg_shd_setf:uart_id <- $r5
	@DEBUG_VALUE: uart_fifo_txempty_trg_shd_setf:txempty_trigger <- $r3
	.loc	3 1435 5                        @ ../../../../../sdk/platform/driver/uart\uart.h:1435:5
	strh	r3, [r2, #4]
.Ltmp89:
.LBB5_4:
	@DEBUG_VALUE: uart_initialize:uart_id <- $r5
	@DEBUG_VALUE: uart_initialize:uart_cfg <- $r4
	.loc	2 571 28                        @ ../../../../../sdk/platform/driver/uart/uart.c:571:28
	subs	r0, r5, r0
	subs	r1, r0, #1
	sbcs	r0, r1
.Ltmp90:
	@DEBUG_VALUE: uart_initialize:uart_env <- [DW_OP_LLVM_arg 0, DW_OP_LLVM_arg 0, DW_OP_constu 32, DW_OP_mul, DW_OP_plus, DW_OP_stack_value] undef
	lsls	r0, r0, #5
	ldr	r1, __arm_cp.5_1
	adds	r0, r1, r0
.Ltmp91:
	@DEBUG_VALUE: uart_initialize:uart_env <- $r0
	.loc	2 619 41                        @ ../../../../../sdk/platform/driver/uart/uart.c:619:41
	ldr	r1, [r4, #8]
	.loc	2 619 29 is_stmt 0              @ ../../../../../sdk/platform/driver/uart/uart.c:619:29
	strb	r1, [r0, #28]
	.loc	2 620 34 is_stmt 1              @ ../../../../../sdk/platform/driver/uart/uart.c:620:34
	ldr	r1, [r4, #12]
	.loc	2 620 22 is_stmt 0              @ ../../../../../sdk/platform/driver/uart/uart.c:620:22
	str	r1, [r0, #16]
	.loc	2 621 33 is_stmt 1              @ ../../../../../sdk/platform/driver/uart/uart.c:621:33
	ldr	r1, [r4, #16]
	.loc	2 621 21 is_stmt 0              @ ../../../../../sdk/platform/driver/uart/uart.c:621:21
	str	r1, [r0, #20]
	.loc	2 622 33 is_stmt 1              @ ../../../../../sdk/platform/driver/uart/uart.c:622:33
	ldr	r1, [r4, #20]
	.loc	2 622 21 is_stmt 0              @ ../../../../../sdk/platform/driver/uart/uart.c:622:21
	str	r1, [r0, #24]
	.loc	2 623 42 is_stmt 1              @ ../../../../../sdk/platform/driver/uart/uart.c:623:42
	ldrb	r1, [r4, #4]
	lsls	r1, r1, #28
	lsrs	r1, r1, #30
	.loc	2 623 30 is_stmt 0              @ ../../../../../sdk/platform/driver/uart/uart.c:623:30
	strb	r1, [r0, #29]
	.loc	2 624 1 epilogue_begin is_stmt 1 @ ../../../../../sdk/platform/driver/uart/uart.c:624:1
	pop	{r1, r2, r3, r4, r5, r6, r7, pc}
.Ltmp92:
	.loc	2 0 1 is_stmt 0                 @ :0:1
.Ltmp93:
	.p2align	2
@ %bb.5:
__arm_cp.5_0:
	.long	1342181392                      @ 0x50001010
.Lcpi_end9:
	.size	__arm_cp.5_0, .Lcpi_end9-__arm_cp.5_0
__arm_cp.5_1:
	.long	uartn_env
.Lcpi_end10:
	.size	__arm_cp.5_1, .Lcpi_end10-__arm_cp.5_1
.Lfunc_end5:
	.size	uart_initialize, .Lfunc_end5-uart_initialize
	.cfi_endproc
	.cantunwind
	.fnend
                                        @ -- End function
	.hidden	uart_send                       @ -- Begin function uart_send
	.globl	uart_send
	.p2align	2
	.type	uart_send,%function
	.code	16                              @ @uart_send
	.thumb_func
uart_send:
.Lfunc_begin6:
	.loc	2 653 0 is_stmt 1               @ ../../../../../sdk/platform/driver/uart/uart.c:653:0
	.fnstart
	.cfi_startproc
@ %bb.0:
	@DEBUG_VALUE: uart_send:uart_id <- $r0
	@DEBUG_VALUE: uart_send:data <- $r1
	@DEBUG_VALUE: uart_send:len <- $r2
	@DEBUG_VALUE: uart_send:op <- $r3
	.save	{r4, r5, r6, lr}
	push	{r4, r5, r6, lr}
	.cfi_def_cfa_offset 16
	.cfi_offset lr, -4
	.cfi_offset r6, -8
	.cfi_offset r5, -12
	.cfi_offset r4, -16
	ldr	r5, __arm_cp.6_0
.Ltmp94:
	.loc	2 654 28 prologue_end           @ ../../../../../sdk/platform/driver/uart/uart.c:654:28
	subs	r4, r0, r5
	subs	r6, r4, #1
	sbcs	r4, r6
	lsls	r4, r4, #5
	ldr	r6, __arm_cp.6_1
	adds	r4, r6, r4
.Ltmp95:
	@DEBUG_VALUE: uart_send:uart_env <- $r4
	.loc	2 658 31                        @ ../../../../../sdk/platform/driver/uart/uart.c:658:31
	strh	r2, [r4, #4]
	movs	r6, #0
	.loc	2 657 24                        @ ../../../../../sdk/platform/driver/uart/uart.c:657:24
	strh	r6, [r4, #6]
	.loc	2 661 9                         @ ../../../../../sdk/platform/driver/uart/uart.c:661:9
	cmp	r3, #1
	beq	.LBB6_3
.Ltmp96:
@ %bb.1:
	@DEBUG_VALUE: uart_send:uart_env <- $r4
	@DEBUG_VALUE: uart_send:op <- $r3
	@DEBUG_VALUE: uart_send:len <- $r2
	@DEBUG_VALUE: uart_send:data <- $r1
	@DEBUG_VALUE: uart_send:uart_id <- $r0
	cmp	r3, #0
	bne	.LBB6_7
.Ltmp97:
@ %bb.2:
	@DEBUG_VALUE: uart_send:uart_env <- $r4
	@DEBUG_VALUE: uart_send:op <- $r3
	@DEBUG_VALUE: uart_send:len <- $r2
	@DEBUG_VALUE: uart_send:data <- $r1
	@DEBUG_VALUE: uart_send:uart_id <- $r0
	.loc	2 664 9                         @ ../../../../../sdk/platform/driver/uart/uart.c:664:9
	bl	uart_write_buffer
.Ltmp98:
	@DEBUG_VALUE: uart_send:op <- [DW_OP_LLVM_entry_value 1] $r3
	@DEBUG_VALUE: uart_send:len <- [DW_OP_LLVM_entry_value 1] $r2
	@DEBUG_VALUE: uart_send:data <- [DW_OP_LLVM_entry_value 1] $r1
	@DEBUG_VALUE: uart_send:uart_id <- [DW_OP_LLVM_entry_value 1] $r0
	.loc	2 697 1 epilogue_begin          @ ../../../../../sdk/platform/driver/uart/uart.c:697:1
	pop	{r4, r5, r6, pc}
.Ltmp99:
.LBB6_3:
	@DEBUG_VALUE: uart_send:uart_env <- $r4
	@DEBUG_VALUE: uart_send:op <- $r3
	@DEBUG_VALUE: uart_send:len <- $r2
	@DEBUG_VALUE: uart_send:data <- $r1
	@DEBUG_VALUE: uart_send:uart_id <- $r0
	.loc	2 668 29                        @ ../../../../../sdk/platform/driver/uart/uart.c:668:29
	str	r1, [r4]
	movs	r1, #2
.Ltmp100:
	@DEBUG_VALUE: uart_send:data <- [DW_OP_LLVM_entry_value 1] $r1
	.loc	5 783 58                        @ ../../../../../sdk/platform/include/CMSIS/5.9.0/CMSIS/Core/Include\core_cm0plus.h:783:58
	cmp	r0, r5
	bne	.LBB6_5
.Ltmp101:
@ %bb.4:
	@DEBUG_VALUE: uart_send:data <- [DW_OP_LLVM_entry_value 1] $r1
	@DEBUG_VALUE: uart_send:uart_env <- $r4
	@DEBUG_VALUE: uart_send:op <- $r3
	@DEBUG_VALUE: uart_send:len <- $r2
	@DEBUG_VALUE: uart_send:uart_id <- $r0
	.loc	5 0 58 is_stmt 0                @ ../../../../../sdk/platform/include/CMSIS/5.9.0/CMSIS/Core/Include\core_cm0plus.h:0:58
	mov	r2, r1
.Ltmp102:
	@DEBUG_VALUE: uart_send:len <- [DW_OP_LLVM_entry_value 1] $r2
	b	.LBB6_6
.Ltmp103:
.LBB6_5:
	@DEBUG_VALUE: uart_send:data <- [DW_OP_LLVM_entry_value 1] $r1
	@DEBUG_VALUE: uart_send:uart_env <- $r4
	@DEBUG_VALUE: uart_send:op <- $r3
	@DEBUG_VALUE: uart_send:len <- $r2
	@DEBUG_VALUE: uart_send:uart_id <- $r0
	movs	r2, #3
.Ltmp104:
	@DEBUG_VALUE: uart_send:len <- [DW_OP_LLVM_entry_value 1] $r2
.LBB6_6:
	@DEBUG_VALUE: uart_send:len <- [DW_OP_LLVM_entry_value 1] $r2
	@DEBUG_VALUE: uart_send:data <- [DW_OP_LLVM_entry_value 1] $r1
	@DEBUG_VALUE: uart_send:uart_env <- $r4
	@DEBUG_VALUE: uart_send:op <- $r3
	@DEBUG_VALUE: uart_send:uart_id <- $r0
	movs	r5, #1
.Ltmp105:
	@DEBUG_VALUE: __NVIC_DisableIRQ:IRQn <- undef
	.loc	5 783 37                        @ ../../../../../sdk/platform/include/CMSIS/5.9.0/CMSIS/Core/Include\core_cm0plus.h:783:37
	lsls	r5, r2
	ldr	r3, __arm_cp.6_2
.Ltmp106:
	@DEBUG_VALUE: uart_send:op <- [DW_OP_LLVM_entry_value 1] $r3
	.loc	5 783 20                        @ ../../../../../sdk/platform/include/CMSIS/5.9.0/CMSIS/Core/Include\core_cm0plus.h:783:20
	str	r5, [r3]
	.loc	5 784 5 is_stmt 1               @ ../../../../../sdk/platform/include/CMSIS/5.9.0/CMSIS/Core/Include\core_cm0plus.h:784:5
	dsb	sy
	.loc	5 785 5                         @ ../../../../../sdk/platform/include/CMSIS/5.9.0/CMSIS/Core/Include\core_cm0plus.h:785:5
	isb	sy
.Ltmp107:
	@DEBUG_VALUE: uart_txdata_intr_setf:etbei_en <- 1
	@DEBUG_VALUE: uart_txdata_intr_setf:uart_id <- $r0
	.loc	3 609 5                         @ ../../../../../sdk/platform/driver/uart\uart.h:609:5
	ldrh	r3, [r0, #4]
	orrs	r3, r1
	strh	r3, [r0, #4]
.Ltmp108:
	@DEBUG_VALUE: uart_thre_intr_setf:ptime_en <- 1
	@DEBUG_VALUE: uart_thre_intr_setf:uart_id <- $r0
	.loc	3 669 5                         @ ../../../../../sdk/platform/driver/uart\uart.h:669:5
	ldrh	r1, [r0, #4]
	movs	r3, #128
	orrs	r3, r1
	strh	r3, [r0, #4]
.Ltmp109:
	.loc	2 677 56                        @ ../../../../../sdk/platform/driver/uart/uart.c:677:56
	ldrb	r1, [r4, #28]
	.loc	2 677 9 is_stmt 0               @ ../../../../../sdk/platform/driver/uart/uart.c:677:9
	mov	r0, r2
.Ltmp110:
	@DEBUG_VALUE: uart_send:uart_id <- [DW_OP_LLVM_entry_value 1] $r0
	bl	__NVIC_SetPriority
.Ltmp111:
	@DEBUG_VALUE: __NVIC_EnableIRQ:IRQn <- undef
	.loc	5 745 5 is_stmt 1               @ ../../../../../sdk/platform/include/CMSIS/5.9.0/CMSIS/Core/Include\core_cm0plus.h:745:5
	@APP
	@NO_APP
	ldr	r0, __arm_cp.6_3
	.loc	5 746 20                        @ ../../../../../sdk/platform/include/CMSIS/5.9.0/CMSIS/Core/Include\core_cm0plus.h:746:20
	str	r5, [r0]
	.loc	5 747 5                         @ ../../../../../sdk/platform/include/CMSIS/5.9.0/CMSIS/Core/Include\core_cm0plus.h:747:5
	@APP
	@NO_APP
.Ltmp112:
.LBB6_7:
	@DEBUG_VALUE: uart_send:uart_env <- $r4
	.loc	2 697 1 epilogue_begin          @ ../../../../../sdk/platform/driver/uart/uart.c:697:1
	pop	{r4, r5, r6, pc}
.Ltmp113:
	.loc	2 0 1 is_stmt 0                 @ :0:1
.Ltmp114:
	.p2align	2
@ %bb.8:
__arm_cp.6_0:
	.long	1342181376                      @ 0x50001000
.Lcpi_end11:
	.size	__arm_cp.6_0, .Lcpi_end11-__arm_cp.6_0
__arm_cp.6_1:
	.long	uartn_env
.Lcpi_end12:
	.size	__arm_cp.6_1, .Lcpi_end12-__arm_cp.6_1
__arm_cp.6_2:
	.long	3758154112                      @ 0xe000e180
.Lcpi_end13:
	.size	__arm_cp.6_2, .Lcpi_end13-__arm_cp.6_2
__arm_cp.6_3:
	.long	3758153984                      @ 0xe000e100
.Lcpi_end14:
	.size	__arm_cp.6_3, .Lcpi_end14-__arm_cp.6_3
.Lfunc_end6:
	.size	uart_send, .Lfunc_end6-uart_send
	.cfi_endproc
	.cantunwind
	.fnend
                                        @ -- End function
	.p2align	2                               @ -- Begin function __NVIC_SetPriority
	.type	__NVIC_SetPriority,%function
	.code	16                              @ @__NVIC_SetPriority
	.thumb_func
__NVIC_SetPriority:
.Lfunc_begin7:
	.fnstart
	.cfi_startproc
@ %bb.0:
	@DEBUG_VALUE: __NVIC_SetPriority:IRQn <- $r0
	@DEBUG_VALUE: __NVIC_SetPriority:priority <- $r1
	.loc	5 854 83 prologue_end is_stmt 1 @ ../../../../../sdk/platform/include/CMSIS/5.9.0/CMSIS/Core/Include\core_cm0plus.h:854:83
	lsls	r0, r0, #30
.Ltmp115:
	@DEBUG_VALUE: __NVIC_SetPriority:IRQn <- [DW_OP_LLVM_entry_value 1] $r0
	lsrs	r0, r0, #27
	.loc	5 855 48                        @ ../../../../../sdk/platform/include/CMSIS/5.9.0/CMSIS/Core/Include\core_cm0plus.h:855:48
	lsls	r1, r1, #30
.Ltmp116:
	@DEBUG_VALUE: __NVIC_SetPriority:priority <- [DW_OP_LLVM_entry_value 1] $r1
	lsrs	r1, r1, #24
	.loc	5 855 68 is_stmt 0              @ ../../../../../sdk/platform/include/CMSIS/5.9.0/CMSIS/Core/Include\core_cm0plus.h:855:68
	lsls	r1, r0
	movs	r2, #255
	.loc	5 854 80 is_stmt 1              @ ../../../../../sdk/platform/include/CMSIS/5.9.0/CMSIS/Core/Include\core_cm0plus.h:854:80
	lsls	r2, r0
	ldr	r0, __arm_cp.7_0
	.loc	5 854 44 is_stmt 0              @ ../../../../../sdk/platform/include/CMSIS/5.9.0/CMSIS/Core/Include\core_cm0plus.h:854:44
	ldr	r3, [r0]
	.loc	5 854 69                        @ ../../../../../sdk/platform/include/CMSIS/5.9.0/CMSIS/Core/Include\core_cm0plus.h:854:69
	bics	r3, r2
	.loc	5 854 102                       @ ../../../../../sdk/platform/include/CMSIS/5.9.0/CMSIS/Core/Include\core_cm0plus.h:854:102
	orrs	r3, r1
	.loc	5 854 30                        @ ../../../../../sdk/platform/include/CMSIS/5.9.0/CMSIS/Core/Include\core_cm0plus.h:854:30
	str	r3, [r0]
.Ltmp117:
	.loc	5 862 1 is_stmt 1               @ ../../../../../sdk/platform/include/CMSIS/5.9.0/CMSIS/Core/Include\core_cm0plus.h:862:1
	bx	lr
.Ltmp118:
	.loc	5 0 1 is_stmt 0                 @ :0:1
.Ltmp119:
	.p2align	2
@ %bb.1:
__arm_cp.7_0:
	.long	3758154752                      @ 0xe000e400
.Lcpi_end15:
	.size	__arm_cp.7_0, .Lcpi_end15-__arm_cp.7_0
.Lfunc_end7:
	.size	__NVIC_SetPriority, .Lfunc_end7-__NVIC_SetPriority
	.cfi_endproc
	.cantunwind
	.fnend
                                        @ -- End function
	.hidden	uart_receive                    @ -- Begin function uart_receive
	.globl	uart_receive
	.p2align	2
	.type	uart_receive,%function
	.code	16                              @ @uart_receive
	.thumb_func
uart_receive:
.Lfunc_begin8:
	.loc	2 731 0 is_stmt 1               @ ../../../../../sdk/platform/driver/uart/uart.c:731:0
	.fnstart
	.cfi_startproc
@ %bb.0:
	@DEBUG_VALUE: uart_receive:uart_id <- $r0
	@DEBUG_VALUE: uart_receive:data <- $r1
	@DEBUG_VALUE: uart_receive:len <- $r2
	@DEBUG_VALUE: uart_receive:op <- $r3
	.save	{r4, r5, r6, lr}
	push	{r4, r5, r6, lr}
	.cfi_def_cfa_offset 16
	.cfi_offset lr, -4
	.cfi_offset r6, -8
	.cfi_offset r5, -12
	.cfi_offset r4, -16
	ldr	r5, __arm_cp.8_0
.Ltmp120:
	.loc	2 732 28 prologue_end           @ ../../../../../sdk/platform/driver/uart/uart.c:732:28
	subs	r4, r0, r5
	subs	r6, r4, #1
	sbcs	r4, r6
	lsls	r4, r4, #5
	ldr	r6, __arm_cp.8_1
	adds	r4, r6, r4
.Ltmp121:
	@DEBUG_VALUE: uart_receive:uart_env <- $r4
	.loc	2 0 28 is_stmt 0                @ ../../../../../sdk/platform/driver/uart/uart.c:0:28
	movs	r6, #0
	.loc	2 736 24 is_stmt 1              @ ../../../../../sdk/platform/driver/uart/uart.c:736:24
	strh	r6, [r4, #14]
	.loc	2 735 31                        @ ../../../../../sdk/platform/driver/uart/uart.c:735:31
	strh	r2, [r4, #12]
	.loc	2 738 25                        @ ../../../../../sdk/platform/driver/uart/uart.c:738:25
	str	r1, [r4, #8]
	.loc	2 741 9                         @ ../../../../../sdk/platform/driver/uart/uart.c:741:9
	cmp	r3, #1
	beq	.LBB8_3
.Ltmp122:
@ %bb.1:
	@DEBUG_VALUE: uart_receive:uart_env <- $r4
	@DEBUG_VALUE: uart_receive:op <- $r3
	@DEBUG_VALUE: uart_receive:len <- $r2
	@DEBUG_VALUE: uart_receive:data <- $r1
	@DEBUG_VALUE: uart_receive:uart_id <- $r0
	cmp	r3, #0
	bne	.LBB8_7
.Ltmp123:
@ %bb.2:
	@DEBUG_VALUE: uart_receive:uart_env <- $r4
	@DEBUG_VALUE: uart_receive:op <- $r3
	@DEBUG_VALUE: uart_receive:len <- $r2
	@DEBUG_VALUE: uart_receive:data <- $r1
	@DEBUG_VALUE: uart_receive:uart_id <- $r0
	.loc	2 743 9                         @ ../../../../../sdk/platform/driver/uart/uart.c:743:9
	bl	uart_read_buffer
.Ltmp124:
	@DEBUG_VALUE: uart_receive:op <- [DW_OP_LLVM_entry_value 1] $r3
	@DEBUG_VALUE: uart_receive:len <- [DW_OP_LLVM_entry_value 1] $r2
	@DEBUG_VALUE: uart_receive:data <- [DW_OP_LLVM_entry_value 1] $r1
	@DEBUG_VALUE: uart_receive:uart_id <- [DW_OP_LLVM_entry_value 1] $r0
	.loc	2 785 1 epilogue_begin          @ ../../../../../sdk/platform/driver/uart/uart.c:785:1
	pop	{r4, r5, r6, pc}
.Ltmp125:
.LBB8_3:
	@DEBUG_VALUE: uart_receive:uart_env <- $r4
	@DEBUG_VALUE: uart_receive:op <- $r3
	@DEBUG_VALUE: uart_receive:len <- $r2
	@DEBUG_VALUE: uart_receive:data <- $r1
	@DEBUG_VALUE: uart_receive:uart_id <- $r0
	@DEBUG_VALUE: __NVIC_DisableIRQ:IRQn <- undef
	.loc	5 783 58                        @ ../../../../../sdk/platform/include/CMSIS/5.9.0/CMSIS/Core/Include\core_cm0plus.h:783:58
	cmp	r0, r5
	bne	.LBB8_5
.Ltmp126:
@ %bb.4:
	@DEBUG_VALUE: uart_receive:uart_env <- $r4
	@DEBUG_VALUE: uart_receive:op <- $r3
	@DEBUG_VALUE: uart_receive:len <- $r2
	@DEBUG_VALUE: uart_receive:data <- $r1
	@DEBUG_VALUE: uart_receive:uart_id <- $r0
	.loc	5 0 58 is_stmt 0                @ ../../../../../sdk/platform/include/CMSIS/5.9.0/CMSIS/Core/Include\core_cm0plus.h:0:58
	movs	r2, #2
.Ltmp127:
	@DEBUG_VALUE: uart_receive:len <- [DW_OP_LLVM_entry_value 1] $r2
	b	.LBB8_6
.Ltmp128:
.LBB8_5:
	@DEBUG_VALUE: uart_receive:uart_env <- $r4
	@DEBUG_VALUE: uart_receive:op <- $r3
	@DEBUG_VALUE: uart_receive:len <- $r2
	@DEBUG_VALUE: uart_receive:data <- $r1
	@DEBUG_VALUE: uart_receive:uart_id <- $r0
	movs	r2, #3
.Ltmp129:
	@DEBUG_VALUE: uart_receive:len <- [DW_OP_LLVM_entry_value 1] $r2
.LBB8_6:
	@DEBUG_VALUE: uart_receive:len <- [DW_OP_LLVM_entry_value 1] $r2
	@DEBUG_VALUE: uart_receive:uart_env <- $r4
	@DEBUG_VALUE: uart_receive:op <- $r3
	@DEBUG_VALUE: uart_receive:data <- $r1
	@DEBUG_VALUE: uart_receive:uart_id <- $r0
	movs	r1, #1
.Ltmp130:
	@DEBUG_VALUE: uart_receive:data <- [DW_OP_LLVM_entry_value 1] $r1
	.loc	5 783 37                        @ ../../../../../sdk/platform/include/CMSIS/5.9.0/CMSIS/Core/Include\core_cm0plus.h:783:37
	mov	r5, r1
	lsls	r5, r2
	ldr	r3, __arm_cp.8_2
.Ltmp131:
	@DEBUG_VALUE: uart_receive:op <- [DW_OP_LLVM_entry_value 1] $r3
	.loc	5 783 20                        @ ../../../../../sdk/platform/include/CMSIS/5.9.0/CMSIS/Core/Include\core_cm0plus.h:783:20
	str	r5, [r3]
	.loc	5 784 5 is_stmt 1               @ ../../../../../sdk/platform/include/CMSIS/5.9.0/CMSIS/Core/Include\core_cm0plus.h:784:5
	dsb	sy
	.loc	5 785 5                         @ ../../../../../sdk/platform/include/CMSIS/5.9.0/CMSIS/Core/Include\core_cm0plus.h:785:5
	isb	sy
.Ltmp132:
	@DEBUG_VALUE: uart_rxdata_intr_setf:erbfi_en <- 1
	@DEBUG_VALUE: uart_rxdata_intr_setf:uart_id <- $r0
	.loc	3 593 5                         @ ../../../../../sdk/platform/driver/uart\uart.h:593:5
	ldrh	r3, [r0, #4]
	orrs	r3, r1
	strh	r3, [r0, #4]
.Ltmp133:
	@DEBUG_VALUE: uart_rls_intr_setf:elsi_en <- 1
	@DEBUG_VALUE: uart_rls_intr_setf:uart_id <- $r0
	.loc	3 624 5                         @ ../../../../../sdk/platform/driver/uart\uart.h:624:5
	ldrh	r1, [r0, #4]
	movs	r3, #4
	orrs	r3, r1
	strh	r3, [r0, #4]
.Ltmp134:
	.loc	2 755 56                        @ ../../../../../sdk/platform/driver/uart/uart.c:755:56
	ldrb	r1, [r4, #28]
	.loc	2 755 9 is_stmt 0               @ ../../../../../sdk/platform/driver/uart/uart.c:755:9
	mov	r0, r2
.Ltmp135:
	@DEBUG_VALUE: uart_receive:uart_id <- [DW_OP_LLVM_entry_value 1] $r0
	bl	__NVIC_SetPriority
.Ltmp136:
	@DEBUG_VALUE: __NVIC_EnableIRQ:IRQn <- undef
	.loc	5 745 5 is_stmt 1               @ ../../../../../sdk/platform/include/CMSIS/5.9.0/CMSIS/Core/Include\core_cm0plus.h:745:5
	@APP
	@NO_APP
	ldr	r0, __arm_cp.8_3
	.loc	5 746 20                        @ ../../../../../sdk/platform/include/CMSIS/5.9.0/CMSIS/Core/Include\core_cm0plus.h:746:20
	str	r5, [r0]
	.loc	5 747 5                         @ ../../../../../sdk/platform/include/CMSIS/5.9.0/CMSIS/Core/Include\core_cm0plus.h:747:5
	@APP
	@NO_APP
.Ltmp137:
.LBB8_7:
	@DEBUG_VALUE: uart_receive:uart_env <- $r4
	.loc	2 785 1 epilogue_begin          @ ../../../../../sdk/platform/driver/uart/uart.c:785:1
	pop	{r4, r5, r6, pc}
.Ltmp138:
	.loc	2 0 1 is_stmt 0                 @ :0:1
.Ltmp139:
	.p2align	2
@ %bb.8:
__arm_cp.8_0:
	.long	1342181376                      @ 0x50001000
.Lcpi_end16:
	.size	__arm_cp.8_0, .Lcpi_end16-__arm_cp.8_0
__arm_cp.8_1:
	.long	uartn_env
.Lcpi_end17:
	.size	__arm_cp.8_1, .Lcpi_end17-__arm_cp.8_1
__arm_cp.8_2:
	.long	3758154112                      @ 0xe000e180
.Lcpi_end18:
	.size	__arm_cp.8_2, .Lcpi_end18-__arm_cp.8_2
__arm_cp.8_3:
	.long	3758153984                      @ 0xe000e100
.Lcpi_end19:
	.size	__arm_cp.8_3, .Lcpi_end19-__arm_cp.8_3
.Lfunc_end8:
	.size	uart_receive, .Lfunc_end8-uart_receive
	.cfi_endproc
	.cantunwind
	.fnend
                                        @ -- End function
	.hidden	uart_disable_flow_control       @ -- Begin function uart_disable_flow_control
	.globl	uart_disable_flow_control
	.p2align	1
	.type	uart_disable_flow_control,%function
	.code	16                              @ @uart_disable_flow_control
	.thumb_func
uart_disable_flow_control:
.Lfunc_begin9:
	.loc	2 797 0 is_stmt 1               @ ../../../../../sdk/platform/driver/uart/uart.c:797:0
	.fnstart
	.cfi_startproc
@ %bb.0:
	@DEBUG_VALUE: uart_disable_flow_control:uart_id <- $r0
	@DEBUG_VALUE: uart_disable_flow_control:retries <- $r1
	.save	{r7, lr}
	push	{r7, lr}
	.cfi_def_cfa_offset 8
	.cfi_offset lr, -4
	.cfi_offset r7, -8
	movs	r2, #175
	lsls	r2, r2, #1
.Ltmp140:
	.loc	2 798 12 prologue_end           @ ../../../../../sdk/platform/driver/uart/uart.c:798:12
	bl	uart_disable_flow_control_ROM
.Ltmp141:
	@DEBUG_VALUE: uart_disable_flow_control:retries <- [DW_OP_LLVM_entry_value 1] $r1
	@DEBUG_VALUE: uart_disable_flow_control:uart_id <- [DW_OP_LLVM_entry_value 1] $r0
	.loc	2 798 5 epilogue_begin is_stmt 0 @ ../../../../../sdk/platform/driver/uart/uart.c:798:5
	pop	{r7, pc}
.Ltmp142:
.Lfunc_end9:
	.size	uart_disable_flow_control, .Lfunc_end9-uart_disable_flow_control
	.cfi_endproc
	.cantunwind
	.fnend
                                        @ -- End function
	.p2align	2                               @ -- Begin function uart_rx_isr
	.type	uart_rx_isr,%function
	.code	16                              @ @uart_rx_isr
	.thumb_func
uart_rx_isr:
.Lfunc_begin10:
	.loc	2 178 0 is_stmt 1               @ ../../../../../sdk/platform/driver/uart/uart.c:178:0
	.fnstart
	.cfi_startproc
@ %bb.0:
	@DEBUG_VALUE: uart_rx_isr:uart_id <- 1342181632
	.save	{r4, r5, r6, lr}
	push	{r4, r5, r6, lr}
	.cfi_def_cfa_offset 16
	.cfi_offset lr, -4
	.cfi_offset r6, -8
	.cfi_offset r5, -12
	.cfi_offset r4, -16
	ldr	r0, __arm_cp.10_0
.Ltmp143:
	.loc	2 182 22 prologue_end           @ ../../../../../sdk/platform/driver/uart/uart.c:182:22
	ldrh	r3, [r0, #46]
	ldr	r2, [r0, #40]
	ldrh	r4, [r0, #44]
	ldr	r1, __arm_cp.10_1
.Ltmp144:
	@DEBUG_VALUE: uart_rx_isr:uart_env <- undef
.LBB10_1:                               @ =>This Inner Loop Header: Depth=1
	@DEBUG_VALUE: uart_rx_isr:uart_id <- 1342181632
	.loc	2 182 5 is_stmt 0               @ ../../../../../sdk/platform/driver/uart/uart.c:182:5
	cmp	r3, r4
	bhs	.LBB10_4
.Ltmp145:
@ %bb.2:                                @   in Loop: Header=BB10_1 Depth=1
	@DEBUG_VALUE: uart_rx_isr:uart_id <- 1342181632
	@DEBUG_VALUE: uart_data_ready_getf:uart_id <- 1342181632
	.loc	3 1091 12 is_stmt 1             @ ../../../../../sdk/platform/driver/uart\uart.h:1091:12
	ldrh	r5, [r1, #20]
.Ltmp146:
	.loc	2 185 13                        @ ../../../../../sdk/platform/driver/uart/uart.c:185:13
	lsls	r5, r5, #31
	beq	.LBB10_6
.Ltmp147:
@ %bb.3:                                @   in Loop: Header=BB10_1 Depth=1
	@DEBUG_VALUE: uart_rx_isr:uart_id <- 1342181632
	@DEBUG_VALUE: uart_read_rbr:uart_id <- 1342181632
	.loc	3 494 22                        @ ../../../../../sdk/platform/driver/uart\uart.h:494:22
	ldrh	r5, [r1]
.Ltmp148:
	.loc	2 187 51                        @ ../../../../../sdk/platform/driver/uart/uart.c:187:51
	adds	r6, r3, #1
	strh	r6, [r0, #46]
	.loc	2 187 55 is_stmt 0              @ ../../../../../sdk/platform/driver/uart/uart.c:187:55
	strb	r5, [r2, r3]
	mov	r3, r6
.Ltmp149:
	.loc	2 182 5 is_stmt 1               @ ../../../../../sdk/platform/driver/uart/uart.c:182:5
	b	.LBB10_1
.Ltmp150:
.LBB10_4:
	@DEBUG_VALUE: uart_rx_isr:uart_id <- 1342181632
	@DEBUG_VALUE: uart_rxdata_intr_setf:uart_id <- 1342181632
	@DEBUG_VALUE: uart_rxdata_intr_setf:erbfi_en <- 0
	.loc	3 593 5                         @ ../../../../../sdk/platform/driver/uart\uart.h:593:5
	ldrh	r2, [r1, #4]
	movs	r3, #1
	bics	r2, r3
	strh	r2, [r1, #4]
.Ltmp151:
	.loc	2 201 19                        @ ../../../../../sdk/platform/driver/uart/uart.c:201:19
	ldr	r1, [r0, #56]
.Ltmp152:
	.loc	2 201 9 is_stmt 0               @ ../../../../../sdk/platform/driver/uart/uart.c:201:9
	cmp	r1, #0
	beq	.LBB10_6
.Ltmp153:
@ %bb.5:
	@DEBUG_VALUE: uart_rx_isr:uart_id <- 1342181632
	.loc	2 203 35 is_stmt 1              @ ../../../../../sdk/platform/driver/uart/uart.c:203:35
	ldrh	r0, [r0, #46]
	.loc	2 203 9 is_stmt 0               @ ../../../../../sdk/platform/driver/uart/uart.c:203:9
	blx	r1
.Ltmp154:
.LBB10_6:
	@DEBUG_VALUE: uart_rx_isr:uart_id <- 1342181632
	.loc	2 205 1 epilogue_begin is_stmt 1 @ ../../../../../sdk/platform/driver/uart/uart.c:205:1
	pop	{r4, r5, r6, pc}
.Ltmp155:
	.loc	2 0 1 is_stmt 0                 @ :0:1
.Ltmp156:
	.p2align	2
@ %bb.7:
__arm_cp.10_0:
	.long	uartn_env
.Lcpi_end20:
	.size	__arm_cp.10_0, .Lcpi_end20-__arm_cp.10_0
__arm_cp.10_1:
	.long	1342181632                      @ 0x50001100
.Lcpi_end21:
	.size	__arm_cp.10_1, .Lcpi_end21-__arm_cp.10_1
.Lfunc_end10:
	.size	uart_rx_isr, .Lfunc_end10-uart_rx_isr
	.cfi_endproc
	.cantunwind
	.fnend
                                        @ -- End function
	.type	uartn_env,%object               @ @uartn_env
	.section	.bss.retention_mem_area0,"aw",%nobits
	.p2align	2, 0x0
uartn_env:
	.zero	64
	.size	uartn_env, 64

	.section	.debug_loc,"",%progbits
.Ldebug_loc0:
	.long	.Ltmp0-.Lfunc_begin0
	.long	.Ltmp40-.Lfunc_begin0
	.short	7                               @ Loc expr size
	.byte	16                              @ DW_OP_constu
	.byte	128                             @ 1342181632
	.byte	162                             @ 
	.byte	128                             @ 
	.byte	128                             @ 
	.byte	5                               @ 
	.byte	159                             @ DW_OP_stack_value
	.long	.Ltmp41-.Lfunc_begin0
	.long	.Ltmp43-.Lfunc_begin0
	.short	7                               @ Loc expr size
	.byte	16                              @ DW_OP_constu
	.byte	128                             @ 1342181632
	.byte	162                             @ 
	.byte	128                             @ 
	.byte	128                             @ 
	.byte	5                               @ 
	.byte	159                             @ DW_OP_stack_value
	.long	0
	.long	0
.Ldebug_loc1:
	.long	.Ltmp0-.Lfunc_begin0
	.long	.Ltmp14-.Lfunc_begin0
	.short	7                               @ Loc expr size
	.byte	16                              @ DW_OP_constu
	.byte	128                             @ 1342181632
	.byte	162                             @ 
	.byte	128                             @ 
	.byte	128                             @ 
	.byte	5                               @ 
	.byte	159                             @ DW_OP_stack_value
	.long	.Ltmp32-.Lfunc_begin0
	.long	.Ltmp37-.Lfunc_begin0
	.short	7                               @ Loc expr size
	.byte	16                              @ DW_OP_constu
	.byte	128                             @ 1342181632
	.byte	162                             @ 
	.byte	128                             @ 
	.byte	128                             @ 
	.byte	5                               @ 
	.byte	159                             @ DW_OP_stack_value
	.long	0
	.long	0
.Ldebug_loc2:
	.long	.Ltmp14-.Lfunc_begin0
	.long	.Ltmp17-.Lfunc_begin0
	.short	7                               @ Loc expr size
	.byte	16                              @ DW_OP_constu
	.byte	128                             @ 1342181632
	.byte	162                             @ 
	.byte	128                             @ 
	.byte	128                             @ 
	.byte	5                               @ 
	.byte	159                             @ DW_OP_stack_value
	.long	0
	.long	0
.Ldebug_loc3:
	.long	.Lfunc_begin1-.Lfunc_begin0
	.long	.Ltmp48-.Lfunc_begin0
	.short	1                               @ Loc expr size
	.byte	81                              @ DW_OP_reg1
	.long	.Ltmp48-.Lfunc_begin0
	.long	.Lfunc_end1-.Lfunc_begin0
	.short	4                               @ Loc expr size
	.byte	243                             @ DW_OP_GNU_entry_value
	.byte	1                               @ 1
	.byte	81                              @ DW_OP_reg1
	.byte	159                             @ DW_OP_stack_value
	.long	0
	.long	0
.Ldebug_loc4:
	.long	.Lfunc_begin2-.Lfunc_begin0
	.long	.Ltmp53-.Lfunc_begin0
	.short	1                               @ Loc expr size
	.byte	80                              @ DW_OP_reg0
	.long	.Ltmp53-.Lfunc_begin0
	.long	.Ltmp55-.Lfunc_begin0
	.short	4                               @ Loc expr size
	.byte	243                             @ DW_OP_GNU_entry_value
	.byte	1                               @ 1
	.byte	80                              @ DW_OP_reg0
	.byte	159                             @ DW_OP_stack_value
	.long	0
	.long	0
.Ldebug_loc5:
	.long	.Lfunc_begin3-.Lfunc_begin0
	.long	.Ltmp58-.Lfunc_begin0
	.short	1                               @ Loc expr size
	.byte	80                              @ DW_OP_reg0
	.long	.Ltmp58-.Lfunc_begin0
	.long	.Ltmp60-.Lfunc_begin0
	.short	4                               @ Loc expr size
	.byte	243                             @ DW_OP_GNU_entry_value
	.byte	1                               @ 1
	.byte	80                              @ DW_OP_reg0
	.byte	159                             @ DW_OP_stack_value
	.long	0
	.long	0
.Ldebug_loc6:
	.long	.Lfunc_begin4-.Lfunc_begin0
	.long	.Ltmp63-.Lfunc_begin0
	.short	1                               @ Loc expr size
	.byte	80                              @ DW_OP_reg0
	.long	.Ltmp63-.Lfunc_begin0
	.long	.Ltmp65-.Lfunc_begin0
	.short	4                               @ Loc expr size
	.byte	243                             @ DW_OP_GNU_entry_value
	.byte	1                               @ 1
	.byte	80                              @ DW_OP_reg0
	.byte	159                             @ DW_OP_stack_value
	.long	0
	.long	0
.Ldebug_loc7:
	.long	.Lfunc_begin5-.Lfunc_begin0
	.long	.Ltmp68-.Lfunc_begin0
	.short	1                               @ Loc expr size
	.byte	80                              @ DW_OP_reg0
	.long	.Ltmp68-.Lfunc_begin0
	.long	.Ltmp92-.Lfunc_begin0
	.short	1                               @ Loc expr size
	.byte	85                              @ DW_OP_reg5
	.long	0
	.long	0
.Ldebug_loc8:
	.long	.Lfunc_begin5-.Lfunc_begin0
	.long	.Ltmp67-.Lfunc_begin0
	.short	1                               @ Loc expr size
	.byte	81                              @ DW_OP_reg1
	.long	.Ltmp67-.Lfunc_begin0
	.long	.Ltmp92-.Lfunc_begin0
	.short	1                               @ Loc expr size
	.byte	84                              @ DW_OP_reg4
	.long	0
	.long	0
.Ldebug_loc9:
	.long	.Ltmp80-.Lfunc_begin0
	.long	.Ltmp81-.Lfunc_begin0
	.short	7                               @ Loc expr size
	.byte	118                             @ DW_OP_breg6
	.byte	0                               @ 0
	.byte	54                              @ DW_OP_lit6
	.byte	37                              @ DW_OP_shr
	.byte	49                              @ DW_OP_lit1
	.byte	26                              @ DW_OP_and
	.byte	159                             @ DW_OP_stack_value
	.long	0
	.long	0
.Ldebug_loc10:
	.long	.Ltmp84-.Lfunc_begin0
	.long	.Ltmp85-.Lfunc_begin0
	.short	7                               @ Loc expr size
	.byte	16                              @ DW_OP_constu
	.byte	128                             @ 1342181376
	.byte	160                             @ 
	.byte	128                             @ 
	.byte	128                             @ 
	.byte	5                               @ 
	.byte	159                             @ DW_OP_stack_value
	.long	0
	.long	0
.Ldebug_loc11:
	.long	.Ltmp91-.Lfunc_begin0
	.long	.Ltmp92-.Lfunc_begin0
	.short	1                               @ Loc expr size
	.byte	80                              @ DW_OP_reg0
	.long	0
	.long	0
.Ldebug_loc12:
	.long	.Lfunc_begin6-.Lfunc_begin0
	.long	.Ltmp98-.Lfunc_begin0
	.short	1                               @ Loc expr size
	.byte	80                              @ DW_OP_reg0
	.long	.Ltmp98-.Lfunc_begin0
	.long	.Ltmp99-.Lfunc_begin0
	.short	4                               @ Loc expr size
	.byte	243                             @ DW_OP_GNU_entry_value
	.byte	1                               @ 1
	.byte	80                              @ DW_OP_reg0
	.byte	159                             @ DW_OP_stack_value
	.long	.Ltmp99-.Lfunc_begin0
	.long	.Ltmp110-.Lfunc_begin0
	.short	1                               @ Loc expr size
	.byte	80                              @ DW_OP_reg0
	.long	.Ltmp110-.Lfunc_begin0
	.long	.Ltmp112-.Lfunc_begin0
	.short	4                               @ Loc expr size
	.byte	243                             @ DW_OP_GNU_entry_value
	.byte	1                               @ 1
	.byte	80                              @ DW_OP_reg0
	.byte	159                             @ DW_OP_stack_value
	.long	0
	.long	0
.Ldebug_loc13:
	.long	.Lfunc_begin6-.Lfunc_begin0
	.long	.Ltmp98-.Lfunc_begin0
	.short	1                               @ Loc expr size
	.byte	81                              @ DW_OP_reg1
	.long	.Ltmp98-.Lfunc_begin0
	.long	.Ltmp99-.Lfunc_begin0
	.short	4                               @ Loc expr size
	.byte	243                             @ DW_OP_GNU_entry_value
	.byte	1                               @ 1
	.byte	81                              @ DW_OP_reg1
	.byte	159                             @ DW_OP_stack_value
	.long	.Ltmp99-.Lfunc_begin0
	.long	.Ltmp100-.Lfunc_begin0
	.short	1                               @ Loc expr size
	.byte	81                              @ DW_OP_reg1
	.long	.Ltmp100-.Lfunc_begin0
	.long	.Ltmp112-.Lfunc_begin0
	.short	4                               @ Loc expr size
	.byte	243                             @ DW_OP_GNU_entry_value
	.byte	1                               @ 1
	.byte	81                              @ DW_OP_reg1
	.byte	159                             @ DW_OP_stack_value
	.long	0
	.long	0
.Ldebug_loc14:
	.long	.Lfunc_begin6-.Lfunc_begin0
	.long	.Ltmp98-.Lfunc_begin0
	.short	1                               @ Loc expr size
	.byte	82                              @ DW_OP_reg2
	.long	.Ltmp98-.Lfunc_begin0
	.long	.Ltmp99-.Lfunc_begin0
	.short	4                               @ Loc expr size
	.byte	243                             @ DW_OP_GNU_entry_value
	.byte	1                               @ 1
	.byte	82                              @ DW_OP_reg2
	.byte	159                             @ DW_OP_stack_value
	.long	.Ltmp99-.Lfunc_begin0
	.long	.Ltmp102-.Lfunc_begin0
	.short	1                               @ Loc expr size
	.byte	82                              @ DW_OP_reg2
	.long	.Ltmp102-.Lfunc_begin0
	.long	.Ltmp103-.Lfunc_begin0
	.short	4                               @ Loc expr size
	.byte	243                             @ DW_OP_GNU_entry_value
	.byte	1                               @ 1
	.byte	82                              @ DW_OP_reg2
	.byte	159                             @ DW_OP_stack_value
	.long	.Ltmp103-.Lfunc_begin0
	.long	.Ltmp104-.Lfunc_begin0
	.short	1                               @ Loc expr size
	.byte	82                              @ DW_OP_reg2
	.long	.Ltmp104-.Lfunc_begin0
	.long	.Ltmp112-.Lfunc_begin0
	.short	4                               @ Loc expr size
	.byte	243                             @ DW_OP_GNU_entry_value
	.byte	1                               @ 1
	.byte	82                              @ DW_OP_reg2
	.byte	159                             @ DW_OP_stack_value
	.long	0
	.long	0
.Ldebug_loc15:
	.long	.Lfunc_begin6-.Lfunc_begin0
	.long	.Ltmp98-.Lfunc_begin0
	.short	1                               @ Loc expr size
	.byte	83                              @ DW_OP_reg3
	.long	.Ltmp98-.Lfunc_begin0
	.long	.Ltmp99-.Lfunc_begin0
	.short	4                               @ Loc expr size
	.byte	243                             @ DW_OP_GNU_entry_value
	.byte	1                               @ 1
	.byte	83                              @ DW_OP_reg3
	.byte	159                             @ DW_OP_stack_value
	.long	.Ltmp99-.Lfunc_begin0
	.long	.Ltmp106-.Lfunc_begin0
	.short	1                               @ Loc expr size
	.byte	83                              @ DW_OP_reg3
	.long	.Ltmp106-.Lfunc_begin0
	.long	.Ltmp112-.Lfunc_begin0
	.short	4                               @ Loc expr size
	.byte	243                             @ DW_OP_GNU_entry_value
	.byte	1                               @ 1
	.byte	83                              @ DW_OP_reg3
	.byte	159                             @ DW_OP_stack_value
	.long	0
	.long	0
.Ldebug_loc16:
	.long	.Ltmp95-.Lfunc_begin0
	.long	.Ltmp113-.Lfunc_begin0
	.short	1                               @ Loc expr size
	.byte	84                              @ DW_OP_reg4
	.long	0
	.long	0
.Ldebug_loc17:
	.long	.Lfunc_begin7-.Lfunc_begin0
	.long	.Ltmp115-.Lfunc_begin0
	.short	1                               @ Loc expr size
	.byte	80                              @ DW_OP_reg0
	.long	.Ltmp115-.Lfunc_begin0
	.long	.Ltmp118-.Lfunc_begin0
	.short	4                               @ Loc expr size
	.byte	243                             @ DW_OP_GNU_entry_value
	.byte	1                               @ 1
	.byte	80                              @ DW_OP_reg0
	.byte	159                             @ DW_OP_stack_value
	.long	0
	.long	0
.Ldebug_loc18:
	.long	.Lfunc_begin7-.Lfunc_begin0
	.long	.Ltmp116-.Lfunc_begin0
	.short	1                               @ Loc expr size
	.byte	81                              @ DW_OP_reg1
	.long	.Ltmp116-.Lfunc_begin0
	.long	.Ltmp118-.Lfunc_begin0
	.short	4                               @ Loc expr size
	.byte	243                             @ DW_OP_GNU_entry_value
	.byte	1                               @ 1
	.byte	81                              @ DW_OP_reg1
	.byte	159                             @ DW_OP_stack_value
	.long	0
	.long	0
.Ldebug_loc19:
	.long	.Lfunc_begin8-.Lfunc_begin0
	.long	.Ltmp124-.Lfunc_begin0
	.short	1                               @ Loc expr size
	.byte	80                              @ DW_OP_reg0
	.long	.Ltmp124-.Lfunc_begin0
	.long	.Ltmp125-.Lfunc_begin0
	.short	4                               @ Loc expr size
	.byte	243                             @ DW_OP_GNU_entry_value
	.byte	1                               @ 1
	.byte	80                              @ DW_OP_reg0
	.byte	159                             @ DW_OP_stack_value
	.long	.Ltmp125-.Lfunc_begin0
	.long	.Ltmp135-.Lfunc_begin0
	.short	1                               @ Loc expr size
	.byte	80                              @ DW_OP_reg0
	.long	.Ltmp135-.Lfunc_begin0
	.long	.Ltmp137-.Lfunc_begin0
	.short	4                               @ Loc expr size
	.byte	243                             @ DW_OP_GNU_entry_value
	.byte	1                               @ 1
	.byte	80                              @ DW_OP_reg0
	.byte	159                             @ DW_OP_stack_value
	.long	0
	.long	0
.Ldebug_loc20:
	.long	.Lfunc_begin8-.Lfunc_begin0
	.long	.Ltmp124-.Lfunc_begin0
	.short	1                               @ Loc expr size
	.byte	81                              @ DW_OP_reg1
	.long	.Ltmp124-.Lfunc_begin0
	.long	.Ltmp125-.Lfunc_begin0
	.short	4                               @ Loc expr size
	.byte	243                             @ DW_OP_GNU_entry_value
	.byte	1                               @ 1
	.byte	81                              @ DW_OP_reg1
	.byte	159                             @ DW_OP_stack_value
	.long	.Ltmp125-.Lfunc_begin0
	.long	.Ltmp130-.Lfunc_begin0
	.short	1                               @ Loc expr size
	.byte	81                              @ DW_OP_reg1
	.long	.Ltmp130-.Lfunc_begin0
	.long	.Ltmp137-.Lfunc_begin0
	.short	4                               @ Loc expr size
	.byte	243                             @ DW_OP_GNU_entry_value
	.byte	1                               @ 1
	.byte	81                              @ DW_OP_reg1
	.byte	159                             @ DW_OP_stack_value
	.long	0
	.long	0
.Ldebug_loc21:
	.long	.Lfunc_begin8-.Lfunc_begin0
	.long	.Ltmp124-.Lfunc_begin0
	.short	1                               @ Loc expr size
	.byte	82                              @ DW_OP_reg2
	.long	.Ltmp124-.Lfunc_begin0
	.long	.Ltmp125-.Lfunc_begin0
	.short	4                               @ Loc expr size
	.byte	243                             @ DW_OP_GNU_entry_value
	.byte	1                               @ 1
	.byte	82                              @ DW_OP_reg2
	.byte	159                             @ DW_OP_stack_value
	.long	.Ltmp125-.Lfunc_begin0
	.long	.Ltmp127-.Lfunc_begin0
	.short	1                               @ Loc expr size
	.byte	82                              @ DW_OP_reg2
	.long	.Ltmp127-.Lfunc_begin0
	.long	.Ltmp128-.Lfunc_begin0
	.short	4                               @ Loc expr size
	.byte	243                             @ DW_OP_GNU_entry_value
	.byte	1                               @ 1
	.byte	82                              @ DW_OP_reg2
	.byte	159                             @ DW_OP_stack_value
	.long	.Ltmp128-.Lfunc_begin0
	.long	.Ltmp129-.Lfunc_begin0
	.short	1                               @ Loc expr size
	.byte	82                              @ DW_OP_reg2
	.long	.Ltmp129-.Lfunc_begin0
	.long	.Ltmp137-.Lfunc_begin0
	.short	4                               @ Loc expr size
	.byte	243                             @ DW_OP_GNU_entry_value
	.byte	1                               @ 1
	.byte	82                              @ DW_OP_reg2
	.byte	159                             @ DW_OP_stack_value
	.long	0
	.long	0
.Ldebug_loc22:
	.long	.Lfunc_begin8-.Lfunc_begin0
	.long	.Ltmp124-.Lfunc_begin0
	.short	1                               @ Loc expr size
	.byte	83                              @ DW_OP_reg3
	.long	.Ltmp124-.Lfunc_begin0
	.long	.Ltmp125-.Lfunc_begin0
	.short	4                               @ Loc expr size
	.byte	243                             @ DW_OP_GNU_entry_value
	.byte	1                               @ 1
	.byte	83                              @ DW_OP_reg3
	.byte	159                             @ DW_OP_stack_value
	.long	.Ltmp125-.Lfunc_begin0
	.long	.Ltmp131-.Lfunc_begin0
	.short	1                               @ Loc expr size
	.byte	83                              @ DW_OP_reg3
	.long	.Ltmp131-.Lfunc_begin0
	.long	.Ltmp137-.Lfunc_begin0
	.short	4                               @ Loc expr size
	.byte	243                             @ DW_OP_GNU_entry_value
	.byte	1                               @ 1
	.byte	83                              @ DW_OP_reg3
	.byte	159                             @ DW_OP_stack_value
	.long	0
	.long	0
.Ldebug_loc23:
	.long	.Ltmp121-.Lfunc_begin0
	.long	.Ltmp138-.Lfunc_begin0
	.short	1                               @ Loc expr size
	.byte	84                              @ DW_OP_reg4
	.long	0
	.long	0
.Ldebug_loc24:
	.long	.Lfunc_begin9-.Lfunc_begin0
	.long	.Ltmp141-.Lfunc_begin0
	.short	1                               @ Loc expr size
	.byte	80                              @ DW_OP_reg0
	.long	.Ltmp141-.Lfunc_begin0
	.long	.Lfunc_end9-.Lfunc_begin0
	.short	4                               @ Loc expr size
	.byte	243                             @ DW_OP_GNU_entry_value
	.byte	1                               @ 1
	.byte	80                              @ DW_OP_reg0
	.byte	159                             @ DW_OP_stack_value
	.long	0
	.long	0
.Ldebug_loc25:
	.long	.Lfunc_begin9-.Lfunc_begin0
	.long	.Ltmp141-.Lfunc_begin0
	.short	1                               @ Loc expr size
	.byte	81                              @ DW_OP_reg1
	.long	.Ltmp141-.Lfunc_begin0
	.long	.Lfunc_end9-.Lfunc_begin0
	.short	4                               @ Loc expr size
	.byte	243                             @ DW_OP_GNU_entry_value
	.byte	1                               @ 1
	.byte	81                              @ DW_OP_reg1
	.byte	159                             @ DW_OP_stack_value
	.long	0
	.long	0
	.section	.debug_abbrev,"",%progbits
	.byte	1                               @ Abbreviation Code
	.byte	17                              @ DW_TAG_compile_unit
	.byte	1                               @ DW_CHILDREN_yes
	.byte	37                              @ DW_AT_producer
	.byte	14                              @ DW_FORM_strp
	.byte	19                              @ DW_AT_language
	.byte	5                               @ DW_FORM_data2
	.byte	3                               @ DW_AT_name
	.byte	14                              @ DW_FORM_strp
	.byte	16                              @ DW_AT_stmt_list
	.byte	23                              @ DW_FORM_sec_offset
	.byte	27                              @ DW_AT_comp_dir
	.byte	14                              @ DW_FORM_strp
	.byte	17                              @ DW_AT_low_pc
	.byte	1                               @ DW_FORM_addr
	.byte	18                              @ DW_AT_high_pc
	.byte	6                               @ DW_FORM_data4
	.byte	0                               @ EOM(1)
	.byte	0                               @ EOM(2)
	.byte	2                               @ Abbreviation Code
	.byte	52                              @ DW_TAG_variable
	.byte	0                               @ DW_CHILDREN_no
	.byte	3                               @ DW_AT_name
	.byte	14                              @ DW_FORM_strp
	.byte	73                              @ DW_AT_type
	.byte	19                              @ DW_FORM_ref4
	.byte	58                              @ DW_AT_decl_file
	.byte	11                              @ DW_FORM_data1
	.byte	59                              @ DW_AT_decl_line
	.byte	11                              @ DW_FORM_data1
	.byte	2                               @ DW_AT_location
	.byte	24                              @ DW_FORM_exprloc
	.byte	0                               @ EOM(1)
	.byte	0                               @ EOM(2)
	.byte	3                               @ Abbreviation Code
	.byte	1                               @ DW_TAG_array_type
	.byte	1                               @ DW_CHILDREN_yes
	.byte	73                              @ DW_AT_type
	.byte	19                              @ DW_FORM_ref4
	.byte	0                               @ EOM(1)
	.byte	0                               @ EOM(2)
	.byte	4                               @ Abbreviation Code
	.byte	33                              @ DW_TAG_subrange_type
	.byte	0                               @ DW_CHILDREN_no
	.byte	73                              @ DW_AT_type
	.byte	19                              @ DW_FORM_ref4
	.byte	55                              @ DW_AT_count
	.byte	11                              @ DW_FORM_data1
	.byte	0                               @ EOM(1)
	.byte	0                               @ EOM(2)
	.byte	5                               @ Abbreviation Code
	.byte	22                              @ DW_TAG_typedef
	.byte	0                               @ DW_CHILDREN_no
	.byte	73                              @ DW_AT_type
	.byte	19                              @ DW_FORM_ref4
	.byte	3                               @ DW_AT_name
	.byte	14                              @ DW_FORM_strp
	.byte	58                              @ DW_AT_decl_file
	.byte	11                              @ DW_FORM_data1
	.byte	59                              @ DW_AT_decl_line
	.byte	11                              @ DW_FORM_data1
	.byte	0                               @ EOM(1)
	.byte	0                               @ EOM(2)
	.byte	6                               @ Abbreviation Code
	.byte	19                              @ DW_TAG_structure_type
	.byte	1                               @ DW_CHILDREN_yes
	.byte	11                              @ DW_AT_byte_size
	.byte	11                              @ DW_FORM_data1
	.byte	58                              @ DW_AT_decl_file
	.byte	11                              @ DW_FORM_data1
	.byte	59                              @ DW_AT_decl_line
	.byte	11                              @ DW_FORM_data1
	.byte	0                               @ EOM(1)
	.byte	0                               @ EOM(2)
	.byte	7                               @ Abbreviation Code
	.byte	13                              @ DW_TAG_member
	.byte	0                               @ DW_CHILDREN_no
	.byte	3                               @ DW_AT_name
	.byte	14                              @ DW_FORM_strp
	.byte	73                              @ DW_AT_type
	.byte	19                              @ DW_FORM_ref4
	.byte	58                              @ DW_AT_decl_file
	.byte	11                              @ DW_FORM_data1
	.byte	59                              @ DW_AT_decl_line
	.byte	11                              @ DW_FORM_data1
	.byte	56                              @ DW_AT_data_member_location
	.byte	11                              @ DW_FORM_data1
	.byte	0                               @ EOM(1)
	.byte	0                               @ EOM(2)
	.byte	8                               @ Abbreviation Code
	.byte	15                              @ DW_TAG_pointer_type
	.byte	0                               @ DW_CHILDREN_no
	.byte	73                              @ DW_AT_type
	.byte	19                              @ DW_FORM_ref4
	.byte	0                               @ EOM(1)
	.byte	0                               @ EOM(2)
	.byte	9                               @ Abbreviation Code
	.byte	38                              @ DW_TAG_const_type
	.byte	0                               @ DW_CHILDREN_no
	.byte	73                              @ DW_AT_type
	.byte	19                              @ DW_FORM_ref4
	.byte	0                               @ EOM(1)
	.byte	0                               @ EOM(2)
	.byte	10                              @ Abbreviation Code
	.byte	36                              @ DW_TAG_base_type
	.byte	0                               @ DW_CHILDREN_no
	.byte	3                               @ DW_AT_name
	.byte	14                              @ DW_FORM_strp
	.byte	62                              @ DW_AT_encoding
	.byte	11                              @ DW_FORM_data1
	.byte	11                              @ DW_AT_byte_size
	.byte	11                              @ DW_FORM_data1
	.byte	0                               @ EOM(1)
	.byte	0                               @ EOM(2)
	.byte	11                              @ Abbreviation Code
	.byte	22                              @ DW_TAG_typedef
	.byte	0                               @ DW_CHILDREN_no
	.byte	73                              @ DW_AT_type
	.byte	19                              @ DW_FORM_ref4
	.byte	3                               @ DW_AT_name
	.byte	14                              @ DW_FORM_strp
	.byte	58                              @ DW_AT_decl_file
	.byte	11                              @ DW_FORM_data1
	.byte	59                              @ DW_AT_decl_line
	.byte	5                               @ DW_FORM_data2
	.byte	0                               @ EOM(1)
	.byte	0                               @ EOM(2)
	.byte	12                              @ Abbreviation Code
	.byte	21                              @ DW_TAG_subroutine_type
	.byte	1                               @ DW_CHILDREN_yes
	.byte	39                              @ DW_AT_prototyped
	.byte	25                              @ DW_FORM_flag_present
	.byte	0                               @ EOM(1)
	.byte	0                               @ EOM(2)
	.byte	13                              @ Abbreviation Code
	.byte	5                               @ DW_TAG_formal_parameter
	.byte	0                               @ DW_CHILDREN_no
	.byte	73                              @ DW_AT_type
	.byte	19                              @ DW_FORM_ref4
	.byte	0                               @ EOM(1)
	.byte	0                               @ EOM(2)
	.byte	14                              @ Abbreviation Code
	.byte	19                              @ DW_TAG_structure_type
	.byte	1                               @ DW_CHILDREN_yes
	.byte	11                              @ DW_AT_byte_size
	.byte	5                               @ DW_FORM_data2
	.byte	58                              @ DW_AT_decl_file
	.byte	11                              @ DW_FORM_data1
	.byte	59                              @ DW_AT_decl_line
	.byte	11                              @ DW_FORM_data1
	.byte	0                               @ EOM(1)
	.byte	0                               @ EOM(2)
	.byte	15                              @ Abbreviation Code
	.byte	53                              @ DW_TAG_volatile_type
	.byte	0                               @ DW_CHILDREN_no
	.byte	73                              @ DW_AT_type
	.byte	19                              @ DW_FORM_ref4
	.byte	0                               @ EOM(1)
	.byte	0                               @ EOM(2)
	.byte	16                              @ Abbreviation Code
	.byte	36                              @ DW_TAG_base_type
	.byte	0                               @ DW_CHILDREN_no
	.byte	3                               @ DW_AT_name
	.byte	14                              @ DW_FORM_strp
	.byte	11                              @ DW_AT_byte_size
	.byte	11                              @ DW_FORM_data1
	.byte	62                              @ DW_AT_encoding
	.byte	11                              @ DW_FORM_data1
	.byte	0                               @ EOM(1)
	.byte	0                               @ EOM(2)
	.byte	17                              @ Abbreviation Code
	.byte	4                               @ DW_TAG_enumeration_type
	.byte	1                               @ DW_CHILDREN_yes
	.byte	73                              @ DW_AT_type
	.byte	19                              @ DW_FORM_ref4
	.byte	11                              @ DW_AT_byte_size
	.byte	11                              @ DW_FORM_data1
	.byte	58                              @ DW_AT_decl_file
	.byte	11                              @ DW_FORM_data1
	.byte	59                              @ DW_AT_decl_line
	.byte	5                               @ DW_FORM_data2
	.byte	0                               @ EOM(1)
	.byte	0                               @ EOM(2)
	.byte	18                              @ Abbreviation Code
	.byte	40                              @ DW_TAG_enumerator
	.byte	0                               @ DW_CHILDREN_no
	.byte	3                               @ DW_AT_name
	.byte	14                              @ DW_FORM_strp
	.byte	28                              @ DW_AT_const_value
	.byte	15                              @ DW_FORM_udata
	.byte	0                               @ EOM(1)
	.byte	0                               @ EOM(2)
	.byte	19                              @ Abbreviation Code
	.byte	4                               @ DW_TAG_enumeration_type
	.byte	1                               @ DW_CHILDREN_yes
	.byte	73                              @ DW_AT_type
	.byte	19                              @ DW_FORM_ref4
	.byte	11                              @ DW_AT_byte_size
	.byte	11                              @ DW_FORM_data1
	.byte	58                              @ DW_AT_decl_file
	.byte	11                              @ DW_FORM_data1
	.byte	59                              @ DW_AT_decl_line
	.byte	11                              @ DW_FORM_data1
	.byte	0                               @ EOM(1)
	.byte	0                               @ EOM(2)
	.byte	20                              @ Abbreviation Code
	.byte	4                               @ DW_TAG_enumeration_type
	.byte	1                               @ DW_CHILDREN_yes
	.byte	73                              @ DW_AT_type
	.byte	19                              @ DW_FORM_ref4
	.byte	3                               @ DW_AT_name
	.byte	14                              @ DW_FORM_strp
	.byte	11                              @ DW_AT_byte_size
	.byte	11                              @ DW_FORM_data1
	.byte	58                              @ DW_AT_decl_file
	.byte	11                              @ DW_FORM_data1
	.byte	59                              @ DW_AT_decl_line
	.byte	11                              @ DW_FORM_data1
	.byte	0                               @ EOM(1)
	.byte	0                               @ EOM(2)
	.byte	21                              @ Abbreviation Code
	.byte	40                              @ DW_TAG_enumerator
	.byte	0                               @ DW_CHILDREN_no
	.byte	3                               @ DW_AT_name
	.byte	14                              @ DW_FORM_strp
	.byte	28                              @ DW_AT_const_value
	.byte	13                              @ DW_FORM_sdata
	.byte	0                               @ EOM(1)
	.byte	0                               @ EOM(2)
	.byte	22                              @ Abbreviation Code
	.byte	19                              @ DW_TAG_structure_type
	.byte	1                               @ DW_CHILDREN_yes
	.byte	11                              @ DW_AT_byte_size
	.byte	5                               @ DW_FORM_data2
	.byte	58                              @ DW_AT_decl_file
	.byte	11                              @ DW_FORM_data1
	.byte	59                              @ DW_AT_decl_line
	.byte	5                               @ DW_FORM_data2
	.byte	0                               @ EOM(1)
	.byte	0                               @ EOM(2)
	.byte	23                              @ Abbreviation Code
	.byte	13                              @ DW_TAG_member
	.byte	0                               @ DW_CHILDREN_no
	.byte	3                               @ DW_AT_name
	.byte	14                              @ DW_FORM_strp
	.byte	73                              @ DW_AT_type
	.byte	19                              @ DW_FORM_ref4
	.byte	58                              @ DW_AT_decl_file
	.byte	11                              @ DW_FORM_data1
	.byte	59                              @ DW_AT_decl_line
	.byte	5                               @ DW_FORM_data2
	.byte	56                              @ DW_AT_data_member_location
	.byte	11                              @ DW_FORM_data1
	.byte	0                               @ EOM(1)
	.byte	0                               @ EOM(2)
	.byte	24                              @ Abbreviation Code
	.byte	13                              @ DW_TAG_member
	.byte	0                               @ DW_CHILDREN_no
	.byte	3                               @ DW_AT_name
	.byte	14                              @ DW_FORM_strp
	.byte	73                              @ DW_AT_type
	.byte	19                              @ DW_FORM_ref4
	.byte	58                              @ DW_AT_decl_file
	.byte	11                              @ DW_FORM_data1
	.byte	59                              @ DW_AT_decl_line
	.byte	5                               @ DW_FORM_data2
	.byte	56                              @ DW_AT_data_member_location
	.byte	5                               @ DW_FORM_data2
	.byte	0                               @ EOM(1)
	.byte	0                               @ EOM(2)
	.byte	25                              @ Abbreviation Code
	.byte	19                              @ DW_TAG_structure_type
	.byte	1                               @ DW_CHILDREN_yes
	.byte	11                              @ DW_AT_byte_size
	.byte	11                              @ DW_FORM_data1
	.byte	58                              @ DW_AT_decl_file
	.byte	11                              @ DW_FORM_data1
	.byte	59                              @ DW_AT_decl_line
	.byte	5                               @ DW_FORM_data2
	.byte	0                               @ EOM(1)
	.byte	0                               @ EOM(2)
	.byte	26                              @ Abbreviation Code
	.byte	46                              @ DW_TAG_subprogram
	.byte	1                               @ DW_CHILDREN_yes
	.byte	3                               @ DW_AT_name
	.byte	14                              @ DW_FORM_strp
	.byte	58                              @ DW_AT_decl_file
	.byte	11                              @ DW_FORM_data1
	.byte	59                              @ DW_AT_decl_line
	.byte	11                              @ DW_FORM_data1
	.byte	39                              @ DW_AT_prototyped
	.byte	25                              @ DW_FORM_flag_present
	.byte	32                              @ DW_AT_inline
	.byte	11                              @ DW_FORM_data1
	.byte	0                               @ EOM(1)
	.byte	0                               @ EOM(2)
	.byte	27                              @ Abbreviation Code
	.byte	5                               @ DW_TAG_formal_parameter
	.byte	0                               @ DW_CHILDREN_no
	.byte	3                               @ DW_AT_name
	.byte	14                              @ DW_FORM_strp
	.byte	58                              @ DW_AT_decl_file
	.byte	11                              @ DW_FORM_data1
	.byte	59                              @ DW_AT_decl_line
	.byte	11                              @ DW_FORM_data1
	.byte	73                              @ DW_AT_type
	.byte	19                              @ DW_FORM_ref4
	.byte	0                               @ EOM(1)
	.byte	0                               @ EOM(2)
	.byte	28                              @ Abbreviation Code
	.byte	52                              @ DW_TAG_variable
	.byte	0                               @ DW_CHILDREN_no
	.byte	3                               @ DW_AT_name
	.byte	14                              @ DW_FORM_strp
	.byte	58                              @ DW_AT_decl_file
	.byte	11                              @ DW_FORM_data1
	.byte	59                              @ DW_AT_decl_line
	.byte	11                              @ DW_FORM_data1
	.byte	73                              @ DW_AT_type
	.byte	19                              @ DW_FORM_ref4
	.byte	0                               @ EOM(1)
	.byte	0                               @ EOM(2)
	.byte	29                              @ Abbreviation Code
	.byte	46                              @ DW_TAG_subprogram
	.byte	1                               @ DW_CHILDREN_yes
	.byte	3                               @ DW_AT_name
	.byte	14                              @ DW_FORM_strp
	.byte	58                              @ DW_AT_decl_file
	.byte	11                              @ DW_FORM_data1
	.byte	59                              @ DW_AT_decl_line
	.byte	5                               @ DW_FORM_data2
	.byte	39                              @ DW_AT_prototyped
	.byte	25                              @ DW_FORM_flag_present
	.byte	32                              @ DW_AT_inline
	.byte	11                              @ DW_FORM_data1
	.byte	0                               @ EOM(1)
	.byte	0                               @ EOM(2)
	.byte	30                              @ Abbreviation Code
	.byte	5                               @ DW_TAG_formal_parameter
	.byte	0                               @ DW_CHILDREN_no
	.byte	3                               @ DW_AT_name
	.byte	14                              @ DW_FORM_strp
	.byte	58                              @ DW_AT_decl_file
	.byte	11                              @ DW_FORM_data1
	.byte	59                              @ DW_AT_decl_line
	.byte	5                               @ DW_FORM_data2
	.byte	73                              @ DW_AT_type
	.byte	19                              @ DW_FORM_ref4
	.byte	0                               @ EOM(1)
	.byte	0                               @ EOM(2)
	.byte	31                              @ Abbreviation Code
	.byte	52                              @ DW_TAG_variable
	.byte	0                               @ DW_CHILDREN_no
	.byte	3                               @ DW_AT_name
	.byte	14                              @ DW_FORM_strp
	.byte	58                              @ DW_AT_decl_file
	.byte	11                              @ DW_FORM_data1
	.byte	59                              @ DW_AT_decl_line
	.byte	5                               @ DW_FORM_data2
	.byte	73                              @ DW_AT_type
	.byte	19                              @ DW_FORM_ref4
	.byte	0                               @ EOM(1)
	.byte	0                               @ EOM(2)
	.byte	32                              @ Abbreviation Code
	.byte	46                              @ DW_TAG_subprogram
	.byte	1                               @ DW_CHILDREN_yes
	.byte	3                               @ DW_AT_name
	.byte	14                              @ DW_FORM_strp
	.byte	58                              @ DW_AT_decl_file
	.byte	11                              @ DW_FORM_data1
	.byte	59                              @ DW_AT_decl_line
	.byte	5                               @ DW_FORM_data2
	.byte	39                              @ DW_AT_prototyped
	.byte	25                              @ DW_FORM_flag_present
	.byte	73                              @ DW_AT_type
	.byte	19                              @ DW_FORM_ref4
	.byte	32                              @ DW_AT_inline
	.byte	11                              @ DW_FORM_data1
	.byte	0                               @ EOM(1)
	.byte	0                               @ EOM(2)
	.byte	33                              @ Abbreviation Code
	.byte	46                              @ DW_TAG_subprogram
	.byte	1                               @ DW_CHILDREN_yes
	.byte	17                              @ DW_AT_low_pc
	.byte	1                               @ DW_FORM_addr
	.byte	18                              @ DW_AT_high_pc
	.byte	6                               @ DW_FORM_data4
	.byte	64                              @ DW_AT_frame_base
	.byte	24                              @ DW_FORM_exprloc
	.ascii	"\227B"                         @ DW_AT_GNU_all_call_sites
	.byte	25                              @ DW_FORM_flag_present
	.byte	3                               @ DW_AT_name
	.byte	14                              @ DW_FORM_strp
	.byte	58                              @ DW_AT_decl_file
	.byte	11                              @ DW_FORM_data1
	.byte	59                              @ DW_AT_decl_line
	.byte	5                               @ DW_FORM_data2
	.byte	39                              @ DW_AT_prototyped
	.byte	25                              @ DW_FORM_flag_present
	.byte	63                              @ DW_AT_external
	.byte	25                              @ DW_FORM_flag_present
	.byte	0                               @ EOM(1)
	.byte	0                               @ EOM(2)
	.byte	34                              @ Abbreviation Code
	.byte	29                              @ DW_TAG_inlined_subroutine
	.byte	1                               @ DW_CHILDREN_yes
	.byte	49                              @ DW_AT_abstract_origin
	.byte	19                              @ DW_FORM_ref4
	.byte	17                              @ DW_AT_low_pc
	.byte	1                               @ DW_FORM_addr
	.byte	18                              @ DW_AT_high_pc
	.byte	6                               @ DW_FORM_data4
	.byte	88                              @ DW_AT_call_file
	.byte	11                              @ DW_FORM_data1
	.byte	89                              @ DW_AT_call_line
	.byte	5                               @ DW_FORM_data2
	.byte	87                              @ DW_AT_call_column
	.byte	11                              @ DW_FORM_data1
	.byte	0                               @ EOM(1)
	.byte	0                               @ EOM(2)
	.byte	35                              @ Abbreviation Code
	.byte	5                               @ DW_TAG_formal_parameter
	.byte	0                               @ DW_CHILDREN_no
	.byte	2                               @ DW_AT_location
	.byte	23                              @ DW_FORM_sec_offset
	.byte	49                              @ DW_AT_abstract_origin
	.byte	19                              @ DW_FORM_ref4
	.byte	0                               @ EOM(1)
	.byte	0                               @ EOM(2)
	.byte	36                              @ Abbreviation Code
	.byte	29                              @ DW_TAG_inlined_subroutine
	.byte	1                               @ DW_CHILDREN_yes
	.byte	49                              @ DW_AT_abstract_origin
	.byte	19                              @ DW_FORM_ref4
	.byte	85                              @ DW_AT_ranges
	.byte	23                              @ DW_FORM_sec_offset
	.byte	88                              @ DW_AT_call_file
	.byte	11                              @ DW_FORM_data1
	.byte	89                              @ DW_AT_call_line
	.byte	5                               @ DW_FORM_data2
	.byte	87                              @ DW_AT_call_column
	.byte	11                              @ DW_FORM_data1
	.byte	0                               @ EOM(1)
	.byte	0                               @ EOM(2)
	.byte	37                              @ Abbreviation Code
	.byte	29                              @ DW_TAG_inlined_subroutine
	.byte	1                               @ DW_CHILDREN_yes
	.byte	49                              @ DW_AT_abstract_origin
	.byte	19                              @ DW_FORM_ref4
	.byte	17                              @ DW_AT_low_pc
	.byte	1                               @ DW_FORM_addr
	.byte	18                              @ DW_AT_high_pc
	.byte	6                               @ DW_FORM_data4
	.byte	88                              @ DW_AT_call_file
	.byte	11                              @ DW_FORM_data1
	.byte	89                              @ DW_AT_call_line
	.byte	11                              @ DW_FORM_data1
	.byte	87                              @ DW_AT_call_column
	.byte	11                              @ DW_FORM_data1
	.byte	0                               @ EOM(1)
	.byte	0                               @ EOM(2)
	.byte	38                              @ Abbreviation Code
	.byte	5                               @ DW_TAG_formal_parameter
	.byte	0                               @ DW_CHILDREN_no
	.byte	28                              @ DW_AT_const_value
	.byte	15                              @ DW_FORM_udata
	.byte	49                              @ DW_AT_abstract_origin
	.byte	19                              @ DW_FORM_ref4
	.byte	0                               @ EOM(1)
	.byte	0                               @ EOM(2)
	.byte	39                              @ Abbreviation Code
	.byte	5                               @ DW_TAG_formal_parameter
	.byte	0                               @ DW_CHILDREN_no
	.byte	2                               @ DW_AT_location
	.byte	24                              @ DW_FORM_exprloc
	.byte	3                               @ DW_AT_name
	.byte	14                              @ DW_FORM_strp
	.byte	58                              @ DW_AT_decl_file
	.byte	11                              @ DW_FORM_data1
	.byte	59                              @ DW_AT_decl_line
	.byte	5                               @ DW_FORM_data2
	.byte	73                              @ DW_AT_type
	.byte	19                              @ DW_FORM_ref4
	.byte	0                               @ EOM(1)
	.byte	0                               @ EOM(2)
	.byte	40                              @ Abbreviation Code
	.byte	5                               @ DW_TAG_formal_parameter
	.byte	0                               @ DW_CHILDREN_no
	.byte	2                               @ DW_AT_location
	.byte	23                              @ DW_FORM_sec_offset
	.byte	3                               @ DW_AT_name
	.byte	14                              @ DW_FORM_strp
	.byte	58                              @ DW_AT_decl_file
	.byte	11                              @ DW_FORM_data1
	.byte	59                              @ DW_AT_decl_line
	.byte	5                               @ DW_FORM_data2
	.byte	73                              @ DW_AT_type
	.byte	19                              @ DW_FORM_ref4
	.byte	0                               @ EOM(1)
	.byte	0                               @ EOM(2)
	.byte	41                              @ Abbreviation Code
	.byte	5                               @ DW_TAG_formal_parameter
	.byte	0                               @ DW_CHILDREN_no
	.byte	2                               @ DW_AT_location
	.byte	24                              @ DW_FORM_exprloc
	.byte	49                              @ DW_AT_abstract_origin
	.byte	19                              @ DW_FORM_ref4
	.byte	0                               @ EOM(1)
	.byte	0                               @ EOM(2)
	.byte	42                              @ Abbreviation Code
	.byte	52                              @ DW_TAG_variable
	.byte	0                               @ DW_CHILDREN_no
	.byte	2                               @ DW_AT_location
	.byte	23                              @ DW_FORM_sec_offset
	.byte	3                               @ DW_AT_name
	.byte	14                              @ DW_FORM_strp
	.byte	58                              @ DW_AT_decl_file
	.byte	11                              @ DW_FORM_data1
	.byte	59                              @ DW_AT_decl_line
	.byte	5                               @ DW_FORM_data2
	.byte	73                              @ DW_AT_type
	.byte	19                              @ DW_FORM_ref4
	.byte	0                               @ EOM(1)
	.byte	0                               @ EOM(2)
	.byte	43                              @ Abbreviation Code
	.byte	29                              @ DW_TAG_inlined_subroutine
	.byte	0                               @ DW_CHILDREN_no
	.byte	49                              @ DW_AT_abstract_origin
	.byte	19                              @ DW_FORM_ref4
	.byte	17                              @ DW_AT_low_pc
	.byte	1                               @ DW_FORM_addr
	.byte	18                              @ DW_AT_high_pc
	.byte	6                               @ DW_FORM_data4
	.byte	88                              @ DW_AT_call_file
	.byte	11                              @ DW_FORM_data1
	.byte	89                              @ DW_AT_call_line
	.byte	5                               @ DW_FORM_data2
	.byte	87                              @ DW_AT_call_column
	.byte	11                              @ DW_FORM_data1
	.byte	0                               @ EOM(1)
	.byte	0                               @ EOM(2)
	.byte	44                              @ Abbreviation Code
	.byte	46                              @ DW_TAG_subprogram
	.byte	1                               @ DW_CHILDREN_yes
	.byte	17                              @ DW_AT_low_pc
	.byte	1                               @ DW_FORM_addr
	.byte	18                              @ DW_AT_high_pc
	.byte	6                               @ DW_FORM_data4
	.byte	64                              @ DW_AT_frame_base
	.byte	24                              @ DW_FORM_exprloc
	.ascii	"\227B"                         @ DW_AT_GNU_all_call_sites
	.byte	25                              @ DW_FORM_flag_present
	.byte	3                               @ DW_AT_name
	.byte	14                              @ DW_FORM_strp
	.byte	58                              @ DW_AT_decl_file
	.byte	11                              @ DW_FORM_data1
	.byte	59                              @ DW_AT_decl_line
	.byte	5                               @ DW_FORM_data2
	.byte	39                              @ DW_AT_prototyped
	.byte	25                              @ DW_FORM_flag_present
	.byte	0                               @ EOM(1)
	.byte	0                               @ EOM(2)
	.byte	45                              @ Abbreviation Code
	.byte	46                              @ DW_TAG_subprogram
	.byte	1                               @ DW_CHILDREN_yes
	.byte	17                              @ DW_AT_low_pc
	.byte	1                               @ DW_FORM_addr
	.byte	18                              @ DW_AT_high_pc
	.byte	6                               @ DW_FORM_data4
	.byte	64                              @ DW_AT_frame_base
	.byte	24                              @ DW_FORM_exprloc
	.ascii	"\227B"                         @ DW_AT_GNU_all_call_sites
	.byte	25                              @ DW_FORM_flag_present
	.byte	3                               @ DW_AT_name
	.byte	14                              @ DW_FORM_strp
	.byte	58                              @ DW_AT_decl_file
	.byte	11                              @ DW_FORM_data1
	.byte	59                              @ DW_AT_decl_line
	.byte	5                               @ DW_FORM_data2
	.byte	39                              @ DW_AT_prototyped
	.byte	25                              @ DW_FORM_flag_present
	.byte	73                              @ DW_AT_type
	.byte	19                              @ DW_FORM_ref4
	.byte	63                              @ DW_AT_external
	.byte	25                              @ DW_FORM_flag_present
	.byte	0                               @ EOM(1)
	.byte	0                               @ EOM(2)
	.byte	46                              @ Abbreviation Code
	.byte	46                              @ DW_TAG_subprogram
	.byte	1                               @ DW_CHILDREN_yes
	.byte	17                              @ DW_AT_low_pc
	.byte	1                               @ DW_FORM_addr
	.byte	18                              @ DW_AT_high_pc
	.byte	6                               @ DW_FORM_data4
	.byte	64                              @ DW_AT_frame_base
	.byte	24                              @ DW_FORM_exprloc
	.ascii	"\227B"                         @ DW_AT_GNU_all_call_sites
	.byte	25                              @ DW_FORM_flag_present
	.byte	3                               @ DW_AT_name
	.byte	14                              @ DW_FORM_strp
	.byte	58                              @ DW_AT_decl_file
	.byte	11                              @ DW_FORM_data1
	.byte	59                              @ DW_AT_decl_line
	.byte	11                              @ DW_FORM_data1
	.byte	39                              @ DW_AT_prototyped
	.byte	25                              @ DW_FORM_flag_present
	.byte	54                              @ DW_AT_calling_convention
	.byte	11                              @ DW_FORM_data1
	.byte	0                               @ EOM(1)
	.byte	0                               @ EOM(2)
	.byte	47                              @ Abbreviation Code
	.byte	5                               @ DW_TAG_formal_parameter
	.byte	0                               @ DW_CHILDREN_no
	.byte	28                              @ DW_AT_const_value
	.byte	15                              @ DW_FORM_udata
	.byte	3                               @ DW_AT_name
	.byte	14                              @ DW_FORM_strp
	.byte	58                              @ DW_AT_decl_file
	.byte	11                              @ DW_FORM_data1
	.byte	59                              @ DW_AT_decl_line
	.byte	11                              @ DW_FORM_data1
	.byte	73                              @ DW_AT_type
	.byte	19                              @ DW_FORM_ref4
	.byte	0                               @ EOM(1)
	.byte	0                               @ EOM(2)
	.byte	48                              @ Abbreviation Code
	.byte	13                              @ DW_TAG_member
	.byte	0                               @ DW_CHILDREN_no
	.byte	3                               @ DW_AT_name
	.byte	14                              @ DW_FORM_strp
	.byte	73                              @ DW_AT_type
	.byte	19                              @ DW_FORM_ref4
	.byte	58                              @ DW_AT_decl_file
	.byte	11                              @ DW_FORM_data1
	.byte	59                              @ DW_AT_decl_line
	.byte	5                               @ DW_FORM_data2
	.byte	13                              @ DW_AT_bit_size
	.byte	11                              @ DW_FORM_data1
	.byte	107                             @ DW_AT_data_bit_offset
	.byte	11                              @ DW_FORM_data1
	.byte	0                               @ EOM(1)
	.byte	0                               @ EOM(2)
	.byte	0                               @ EOM(3)
	.section	.debug_info,"",%progbits
.Lcu_begin0:
	.long	.Ldebug_info_end0-.Ldebug_info_start0 @ Length of Unit
.Ldebug_info_start0:
	.short	4                               @ DWARF version number
	.long	.debug_abbrev                   @ Offset Into Abbrev. Section
	.byte	4                               @ Address Size (in bytes)
	.byte	1                               @ Abbrev [1] 0xb:0x142d DW_TAG_compile_unit
	.long	.Linfo_string0                  @ DW_AT_producer
	.short	12                              @ DW_AT_language
	.long	.Linfo_string1                  @ DW_AT_name
	.long	.Lline_table_start0             @ DW_AT_stmt_list
	.long	.Linfo_string2                  @ DW_AT_comp_dir
	.long	.Lfunc_begin0                   @ DW_AT_low_pc
	.long	.Lfunc_end10-.Lfunc_begin0      @ DW_AT_high_pc
	.byte	2                               @ Abbrev [2] 0x26:0x11 DW_TAG_variable
	.long	.Linfo_string3                  @ DW_AT_name
	.long	55                              @ DW_AT_type
	.byte	2                               @ DW_AT_decl_file
	.byte	112                             @ DW_AT_decl_line
	.byte	5                               @ DW_AT_location
	.byte	3
	.long	uartn_env
	.byte	3                               @ Abbrev [3] 0x37:0xc DW_TAG_array_type
	.long	67                              @ DW_AT_type
	.byte	4                               @ Abbrev [4] 0x3c:0x6 DW_TAG_subrange_type
	.long	1294                            @ DW_AT_type
	.byte	2                               @ DW_AT_count
	.byte	0                               @ End Of Children Mark
	.byte	5                               @ Abbrev [5] 0x43:0xb DW_TAG_typedef
	.long	78                              @ DW_AT_type
	.long	.Linfo_string108                @ DW_AT_name
	.byte	2                               @ DW_AT_decl_file
	.byte	109                             @ DW_AT_decl_line
	.byte	6                               @ Abbrev [6] 0x4e:0x89 DW_TAG_structure_type
	.byte	32                              @ DW_AT_byte_size
	.byte	2                               @ DW_AT_decl_file
	.byte	56                              @ DW_AT_decl_line
	.byte	7                               @ Abbrev [7] 0x52:0xc DW_TAG_member
	.long	.Linfo_string4                  @ DW_AT_name
	.long	215                             @ DW_AT_type
	.byte	2                               @ DW_AT_decl_file
	.byte	59                              @ DW_AT_decl_line
	.byte	0                               @ DW_AT_data_member_location
	.byte	7                               @ Abbrev [7] 0x5e:0xc DW_TAG_member
	.long	.Linfo_string7                  @ DW_AT_name
	.long	243                             @ DW_AT_type
	.byte	2                               @ DW_AT_decl_file
	.byte	62                              @ DW_AT_decl_line
	.byte	4                               @ DW_AT_data_member_location
	.byte	7                               @ Abbrev [7] 0x6a:0xc DW_TAG_member
	.long	.Linfo_string10                 @ DW_AT_name
	.long	243                             @ DW_AT_type
	.byte	2                               @ DW_AT_decl_file
	.byte	65                              @ DW_AT_decl_line
	.byte	6                               @ DW_AT_data_member_location
	.byte	7                               @ Abbrev [7] 0x76:0xc DW_TAG_member
	.long	.Linfo_string11                 @ DW_AT_name
	.long	261                             @ DW_AT_type
	.byte	2                               @ DW_AT_decl_file
	.byte	68                              @ DW_AT_decl_line
	.byte	8                               @ DW_AT_data_member_location
	.byte	7                               @ Abbrev [7] 0x82:0xc DW_TAG_member
	.long	.Linfo_string12                 @ DW_AT_name
	.long	243                             @ DW_AT_type
	.byte	2                               @ DW_AT_decl_file
	.byte	71                              @ DW_AT_decl_line
	.byte	12                              @ DW_AT_data_member_location
	.byte	7                               @ Abbrev [7] 0x8e:0xc DW_TAG_member
	.long	.Linfo_string13                 @ DW_AT_name
	.long	243                             @ DW_AT_type
	.byte	2                               @ DW_AT_decl_file
	.byte	74                              @ DW_AT_decl_line
	.byte	14                              @ DW_AT_data_member_location
	.byte	7                               @ Abbrev [7] 0x9a:0xc DW_TAG_member
	.long	.Linfo_string14                 @ DW_AT_name
	.long	266                             @ DW_AT_type
	.byte	2                               @ DW_AT_decl_file
	.byte	77                              @ DW_AT_decl_line
	.byte	16                              @ DW_AT_data_member_location
	.byte	7                               @ Abbrev [7] 0xa6:0xc DW_TAG_member
	.long	.Linfo_string98                 @ DW_AT_name
	.long	1337                            @ DW_AT_type
	.byte	2                               @ DW_AT_decl_file
	.byte	80                              @ DW_AT_decl_line
	.byte	20                              @ DW_AT_data_member_location
	.byte	7                               @ Abbrev [7] 0xb2:0xc DW_TAG_member
	.long	.Linfo_string100                @ DW_AT_name
	.long	1337                            @ DW_AT_type
	.byte	2                               @ DW_AT_decl_file
	.byte	83                              @ DW_AT_decl_line
	.byte	24                              @ DW_AT_data_member_location
	.byte	7                               @ Abbrev [7] 0xbe:0xc DW_TAG_member
	.long	.Linfo_string101                @ DW_AT_name
	.long	225                             @ DW_AT_type
	.byte	2                               @ DW_AT_decl_file
	.byte	86                              @ DW_AT_decl_line
	.byte	28                              @ DW_AT_data_member_location
	.byte	7                               @ Abbrev [7] 0xca:0xc DW_TAG_member
	.long	.Linfo_string102                @ DW_AT_name
	.long	1361                            @ DW_AT_type
	.byte	2                               @ DW_AT_decl_file
	.byte	89                              @ DW_AT_decl_line
	.byte	29                              @ DW_AT_data_member_location
	.byte	0                               @ End Of Children Mark
	.byte	8                               @ Abbrev [8] 0xd7:0x5 DW_TAG_pointer_type
	.long	220                             @ DW_AT_type
	.byte	9                               @ Abbrev [9] 0xdc:0x5 DW_TAG_const_type
	.long	225                             @ DW_AT_type
	.byte	5                               @ Abbrev [5] 0xe1:0xb DW_TAG_typedef
	.long	236                             @ DW_AT_type
	.long	.Linfo_string6                  @ DW_AT_name
	.byte	1                               @ DW_AT_decl_file
	.byte	62                              @ DW_AT_decl_line
	.byte	10                              @ Abbrev [10] 0xec:0x7 DW_TAG_base_type
	.long	.Linfo_string5                  @ DW_AT_name
	.byte	8                               @ DW_AT_encoding
	.byte	1                               @ DW_AT_byte_size
	.byte	5                               @ Abbrev [5] 0xf3:0xb DW_TAG_typedef
	.long	254                             @ DW_AT_type
	.long	.Linfo_string9                  @ DW_AT_name
	.byte	1                               @ DW_AT_decl_file
	.byte	63                              @ DW_AT_decl_line
	.byte	10                              @ Abbrev [10] 0xfe:0x7 DW_TAG_base_type
	.long	.Linfo_string8                  @ DW_AT_name
	.byte	7                               @ DW_AT_encoding
	.byte	2                               @ DW_AT_byte_size
	.byte	8                               @ Abbrev [8] 0x105:0x5 DW_TAG_pointer_type
	.long	225                             @ DW_AT_type
	.byte	11                              @ Abbrev [11] 0x10a:0xc DW_TAG_typedef
	.long	278                             @ DW_AT_type
	.long	.Linfo_string97                 @ DW_AT_name
	.byte	3                               @ DW_AT_decl_file
	.short	415                             @ DW_AT_decl_line
	.byte	8                               @ Abbrev [8] 0x116:0x5 DW_TAG_pointer_type
	.long	283                             @ DW_AT_type
	.byte	12                              @ Abbrev [12] 0x11b:0xc DW_TAG_subroutine_type
                                        @ DW_AT_prototyped
	.byte	13                              @ Abbrev [13] 0x11c:0x5 DW_TAG_formal_parameter
	.long	295                             @ DW_AT_type
	.byte	13                              @ Abbrev [13] 0x121:0x5 DW_TAG_formal_parameter
	.long	225                             @ DW_AT_type
	.byte	0                               @ End Of Children Mark
	.byte	8                               @ Abbrev [8] 0x127:0x5 DW_TAG_pointer_type
	.long	300                             @ DW_AT_type
	.byte	5                               @ Abbrev [5] 0x12c:0xb DW_TAG_typedef
	.long	311                             @ DW_AT_type
	.long	.Linfo_string96                 @ DW_AT_name
	.byte	3                               @ DW_AT_decl_file
	.byte	153                             @ DW_AT_decl_line
	.byte	14                              @ Abbrev [14] 0x137:0x3c6 DW_TAG_structure_type
	.short	256                             @ DW_AT_byte_size
	.byte	3                               @ DW_AT_decl_file
	.byte	62                              @ DW_AT_decl_line
	.byte	7                               @ Abbrev [7] 0x13c:0xc DW_TAG_member
	.long	.Linfo_string15                 @ DW_AT_name
	.long	1277                            @ DW_AT_type
	.byte	3                               @ DW_AT_decl_file
	.byte	64                              @ DW_AT_decl_line
	.byte	0                               @ DW_AT_data_member_location
	.byte	7                               @ Abbrev [7] 0x148:0xc DW_TAG_member
	.long	.Linfo_string16                 @ DW_AT_name
	.long	243                             @ DW_AT_type
	.byte	3                               @ DW_AT_decl_file
	.byte	65                              @ DW_AT_decl_line
	.byte	2                               @ DW_AT_data_member_location
	.byte	7                               @ Abbrev [7] 0x154:0xc DW_TAG_member
	.long	.Linfo_string17                 @ DW_AT_name
	.long	1277                            @ DW_AT_type
	.byte	3                               @ DW_AT_decl_file
	.byte	66                              @ DW_AT_decl_line
	.byte	4                               @ DW_AT_data_member_location
	.byte	7                               @ Abbrev [7] 0x160:0xc DW_TAG_member
	.long	.Linfo_string18                 @ DW_AT_name
	.long	243                             @ DW_AT_type
	.byte	3                               @ DW_AT_decl_file
	.byte	67                              @ DW_AT_decl_line
	.byte	6                               @ DW_AT_data_member_location
	.byte	7                               @ Abbrev [7] 0x16c:0xc DW_TAG_member
	.long	.Linfo_string19                 @ DW_AT_name
	.long	1277                            @ DW_AT_type
	.byte	3                               @ DW_AT_decl_file
	.byte	68                              @ DW_AT_decl_line
	.byte	8                               @ DW_AT_data_member_location
	.byte	7                               @ Abbrev [7] 0x178:0xc DW_TAG_member
	.long	.Linfo_string20                 @ DW_AT_name
	.long	243                             @ DW_AT_type
	.byte	3                               @ DW_AT_decl_file
	.byte	69                              @ DW_AT_decl_line
	.byte	10                              @ DW_AT_data_member_location
	.byte	7                               @ Abbrev [7] 0x184:0xc DW_TAG_member
	.long	.Linfo_string21                 @ DW_AT_name
	.long	1277                            @ DW_AT_type
	.byte	3                               @ DW_AT_decl_file
	.byte	70                              @ DW_AT_decl_line
	.byte	12                              @ DW_AT_data_member_location
	.byte	7                               @ Abbrev [7] 0x190:0xc DW_TAG_member
	.long	.Linfo_string22                 @ DW_AT_name
	.long	243                             @ DW_AT_type
	.byte	3                               @ DW_AT_decl_file
	.byte	71                              @ DW_AT_decl_line
	.byte	14                              @ DW_AT_data_member_location
	.byte	7                               @ Abbrev [7] 0x19c:0xc DW_TAG_member
	.long	.Linfo_string23                 @ DW_AT_name
	.long	1277                            @ DW_AT_type
	.byte	3                               @ DW_AT_decl_file
	.byte	72                              @ DW_AT_decl_line
	.byte	16                              @ DW_AT_data_member_location
	.byte	7                               @ Abbrev [7] 0x1a8:0xc DW_TAG_member
	.long	.Linfo_string24                 @ DW_AT_name
	.long	243                             @ DW_AT_type
	.byte	3                               @ DW_AT_decl_file
	.byte	73                              @ DW_AT_decl_line
	.byte	18                              @ DW_AT_data_member_location
	.byte	7                               @ Abbrev [7] 0x1b4:0xc DW_TAG_member
	.long	.Linfo_string25                 @ DW_AT_name
	.long	1277                            @ DW_AT_type
	.byte	3                               @ DW_AT_decl_file
	.byte	74                              @ DW_AT_decl_line
	.byte	20                              @ DW_AT_data_member_location
	.byte	7                               @ Abbrev [7] 0x1c0:0xc DW_TAG_member
	.long	.Linfo_string26                 @ DW_AT_name
	.long	243                             @ DW_AT_type
	.byte	3                               @ DW_AT_decl_file
	.byte	75                              @ DW_AT_decl_line
	.byte	22                              @ DW_AT_data_member_location
	.byte	7                               @ Abbrev [7] 0x1cc:0xc DW_TAG_member
	.long	.Linfo_string27                 @ DW_AT_name
	.long	1277                            @ DW_AT_type
	.byte	3                               @ DW_AT_decl_file
	.byte	76                              @ DW_AT_decl_line
	.byte	24                              @ DW_AT_data_member_location
	.byte	7                               @ Abbrev [7] 0x1d8:0xc DW_TAG_member
	.long	.Linfo_string28                 @ DW_AT_name
	.long	243                             @ DW_AT_type
	.byte	3                               @ DW_AT_decl_file
	.byte	77                              @ DW_AT_decl_line
	.byte	26                              @ DW_AT_data_member_location
	.byte	7                               @ Abbrev [7] 0x1e4:0xc DW_TAG_member
	.long	.Linfo_string29                 @ DW_AT_name
	.long	1277                            @ DW_AT_type
	.byte	3                               @ DW_AT_decl_file
	.byte	78                              @ DW_AT_decl_line
	.byte	28                              @ DW_AT_data_member_location
	.byte	7                               @ Abbrev [7] 0x1f0:0xc DW_TAG_member
	.long	.Linfo_string30                 @ DW_AT_name
	.long	1282                            @ DW_AT_type
	.byte	3                               @ DW_AT_decl_file
	.byte	79                              @ DW_AT_decl_line
	.byte	30                              @ DW_AT_data_member_location
	.byte	7                               @ Abbrev [7] 0x1fc:0xc DW_TAG_member
	.long	.Linfo_string32                 @ DW_AT_name
	.long	1277                            @ DW_AT_type
	.byte	3                               @ DW_AT_decl_file
	.byte	80                              @ DW_AT_decl_line
	.byte	48                              @ DW_AT_data_member_location
	.byte	7                               @ Abbrev [7] 0x208:0xc DW_TAG_member
	.long	.Linfo_string33                 @ DW_AT_name
	.long	243                             @ DW_AT_type
	.byte	3                               @ DW_AT_decl_file
	.byte	81                              @ DW_AT_decl_line
	.byte	50                              @ DW_AT_data_member_location
	.byte	7                               @ Abbrev [7] 0x214:0xc DW_TAG_member
	.long	.Linfo_string34                 @ DW_AT_name
	.long	1277                            @ DW_AT_type
	.byte	3                               @ DW_AT_decl_file
	.byte	82                              @ DW_AT_decl_line
	.byte	52                              @ DW_AT_data_member_location
	.byte	7                               @ Abbrev [7] 0x220:0xc DW_TAG_member
	.long	.Linfo_string35                 @ DW_AT_name
	.long	243                             @ DW_AT_type
	.byte	3                               @ DW_AT_decl_file
	.byte	83                              @ DW_AT_decl_line
	.byte	54                              @ DW_AT_data_member_location
	.byte	7                               @ Abbrev [7] 0x22c:0xc DW_TAG_member
	.long	.Linfo_string36                 @ DW_AT_name
	.long	1277                            @ DW_AT_type
	.byte	3                               @ DW_AT_decl_file
	.byte	84                              @ DW_AT_decl_line
	.byte	56                              @ DW_AT_data_member_location
	.byte	7                               @ Abbrev [7] 0x238:0xc DW_TAG_member
	.long	.Linfo_string37                 @ DW_AT_name
	.long	243                             @ DW_AT_type
	.byte	3                               @ DW_AT_decl_file
	.byte	85                              @ DW_AT_decl_line
	.byte	58                              @ DW_AT_data_member_location
	.byte	7                               @ Abbrev [7] 0x244:0xc DW_TAG_member
	.long	.Linfo_string38                 @ DW_AT_name
	.long	1277                            @ DW_AT_type
	.byte	3                               @ DW_AT_decl_file
	.byte	86                              @ DW_AT_decl_line
	.byte	60                              @ DW_AT_data_member_location
	.byte	7                               @ Abbrev [7] 0x250:0xc DW_TAG_member
	.long	.Linfo_string39                 @ DW_AT_name
	.long	243                             @ DW_AT_type
	.byte	3                               @ DW_AT_decl_file
	.byte	87                              @ DW_AT_decl_line
	.byte	62                              @ DW_AT_data_member_location
	.byte	7                               @ Abbrev [7] 0x25c:0xc DW_TAG_member
	.long	.Linfo_string40                 @ DW_AT_name
	.long	1277                            @ DW_AT_type
	.byte	3                               @ DW_AT_decl_file
	.byte	88                              @ DW_AT_decl_line
	.byte	64                              @ DW_AT_data_member_location
	.byte	7                               @ Abbrev [7] 0x268:0xc DW_TAG_member
	.long	.Linfo_string41                 @ DW_AT_name
	.long	243                             @ DW_AT_type
	.byte	3                               @ DW_AT_decl_file
	.byte	89                              @ DW_AT_decl_line
	.byte	66                              @ DW_AT_data_member_location
	.byte	7                               @ Abbrev [7] 0x274:0xc DW_TAG_member
	.long	.Linfo_string42                 @ DW_AT_name
	.long	1277                            @ DW_AT_type
	.byte	3                               @ DW_AT_decl_file
	.byte	90                              @ DW_AT_decl_line
	.byte	68                              @ DW_AT_data_member_location
	.byte	7                               @ Abbrev [7] 0x280:0xc DW_TAG_member
	.long	.Linfo_string43                 @ DW_AT_name
	.long	243                             @ DW_AT_type
	.byte	3                               @ DW_AT_decl_file
	.byte	91                              @ DW_AT_decl_line
	.byte	70                              @ DW_AT_data_member_location
	.byte	7                               @ Abbrev [7] 0x28c:0xc DW_TAG_member
	.long	.Linfo_string44                 @ DW_AT_name
	.long	1277                            @ DW_AT_type
	.byte	3                               @ DW_AT_decl_file
	.byte	92                              @ DW_AT_decl_line
	.byte	72                              @ DW_AT_data_member_location
	.byte	7                               @ Abbrev [7] 0x298:0xc DW_TAG_member
	.long	.Linfo_string45                 @ DW_AT_name
	.long	243                             @ DW_AT_type
	.byte	3                               @ DW_AT_decl_file
	.byte	93                              @ DW_AT_decl_line
	.byte	74                              @ DW_AT_data_member_location
	.byte	7                               @ Abbrev [7] 0x2a4:0xc DW_TAG_member
	.long	.Linfo_string46                 @ DW_AT_name
	.long	1277                            @ DW_AT_type
	.byte	3                               @ DW_AT_decl_file
	.byte	94                              @ DW_AT_decl_line
	.byte	76                              @ DW_AT_data_member_location
	.byte	7                               @ Abbrev [7] 0x2b0:0xc DW_TAG_member
	.long	.Linfo_string47                 @ DW_AT_name
	.long	243                             @ DW_AT_type
	.byte	3                               @ DW_AT_decl_file
	.byte	95                              @ DW_AT_decl_line
	.byte	78                              @ DW_AT_data_member_location
	.byte	7                               @ Abbrev [7] 0x2bc:0xc DW_TAG_member
	.long	.Linfo_string48                 @ DW_AT_name
	.long	1277                            @ DW_AT_type
	.byte	3                               @ DW_AT_decl_file
	.byte	96                              @ DW_AT_decl_line
	.byte	80                              @ DW_AT_data_member_location
	.byte	7                               @ Abbrev [7] 0x2c8:0xc DW_TAG_member
	.long	.Linfo_string49                 @ DW_AT_name
	.long	243                             @ DW_AT_type
	.byte	3                               @ DW_AT_decl_file
	.byte	97                              @ DW_AT_decl_line
	.byte	82                              @ DW_AT_data_member_location
	.byte	7                               @ Abbrev [7] 0x2d4:0xc DW_TAG_member
	.long	.Linfo_string50                 @ DW_AT_name
	.long	1277                            @ DW_AT_type
	.byte	3                               @ DW_AT_decl_file
	.byte	98                              @ DW_AT_decl_line
	.byte	84                              @ DW_AT_data_member_location
	.byte	7                               @ Abbrev [7] 0x2e0:0xc DW_TAG_member
	.long	.Linfo_string51                 @ DW_AT_name
	.long	243                             @ DW_AT_type
	.byte	3                               @ DW_AT_decl_file
	.byte	99                              @ DW_AT_decl_line
	.byte	86                              @ DW_AT_data_member_location
	.byte	7                               @ Abbrev [7] 0x2ec:0xc DW_TAG_member
	.long	.Linfo_string52                 @ DW_AT_name
	.long	1277                            @ DW_AT_type
	.byte	3                               @ DW_AT_decl_file
	.byte	100                             @ DW_AT_decl_line
	.byte	88                              @ DW_AT_data_member_location
	.byte	7                               @ Abbrev [7] 0x2f8:0xc DW_TAG_member
	.long	.Linfo_string53                 @ DW_AT_name
	.long	243                             @ DW_AT_type
	.byte	3                               @ DW_AT_decl_file
	.byte	101                             @ DW_AT_decl_line
	.byte	90                              @ DW_AT_data_member_location
	.byte	7                               @ Abbrev [7] 0x304:0xc DW_TAG_member
	.long	.Linfo_string54                 @ DW_AT_name
	.long	1277                            @ DW_AT_type
	.byte	3                               @ DW_AT_decl_file
	.byte	102                             @ DW_AT_decl_line
	.byte	92                              @ DW_AT_data_member_location
	.byte	7                               @ Abbrev [7] 0x310:0xc DW_TAG_member
	.long	.Linfo_string55                 @ DW_AT_name
	.long	243                             @ DW_AT_type
	.byte	3                               @ DW_AT_decl_file
	.byte	103                             @ DW_AT_decl_line
	.byte	94                              @ DW_AT_data_member_location
	.byte	7                               @ Abbrev [7] 0x31c:0xc DW_TAG_member
	.long	.Linfo_string56                 @ DW_AT_name
	.long	1277                            @ DW_AT_type
	.byte	3                               @ DW_AT_decl_file
	.byte	104                             @ DW_AT_decl_line
	.byte	96                              @ DW_AT_data_member_location
	.byte	7                               @ Abbrev [7] 0x328:0xc DW_TAG_member
	.long	.Linfo_string57                 @ DW_AT_name
	.long	243                             @ DW_AT_type
	.byte	3                               @ DW_AT_decl_file
	.byte	105                             @ DW_AT_decl_line
	.byte	98                              @ DW_AT_data_member_location
	.byte	7                               @ Abbrev [7] 0x334:0xc DW_TAG_member
	.long	.Linfo_string58                 @ DW_AT_name
	.long	1277                            @ DW_AT_type
	.byte	3                               @ DW_AT_decl_file
	.byte	106                             @ DW_AT_decl_line
	.byte	100                             @ DW_AT_data_member_location
	.byte	7                               @ Abbrev [7] 0x340:0xc DW_TAG_member
	.long	.Linfo_string59                 @ DW_AT_name
	.long	243                             @ DW_AT_type
	.byte	3                               @ DW_AT_decl_file
	.byte	107                             @ DW_AT_decl_line
	.byte	102                             @ DW_AT_data_member_location
	.byte	7                               @ Abbrev [7] 0x34c:0xc DW_TAG_member
	.long	.Linfo_string60                 @ DW_AT_name
	.long	1277                            @ DW_AT_type
	.byte	3                               @ DW_AT_decl_file
	.byte	108                             @ DW_AT_decl_line
	.byte	104                             @ DW_AT_data_member_location
	.byte	7                               @ Abbrev [7] 0x358:0xc DW_TAG_member
	.long	.Linfo_string61                 @ DW_AT_name
	.long	243                             @ DW_AT_type
	.byte	3                               @ DW_AT_decl_file
	.byte	109                             @ DW_AT_decl_line
	.byte	106                             @ DW_AT_data_member_location
	.byte	7                               @ Abbrev [7] 0x364:0xc DW_TAG_member
	.long	.Linfo_string62                 @ DW_AT_name
	.long	1277                            @ DW_AT_type
	.byte	3                               @ DW_AT_decl_file
	.byte	110                             @ DW_AT_decl_line
	.byte	108                             @ DW_AT_data_member_location
	.byte	7                               @ Abbrev [7] 0x370:0xc DW_TAG_member
	.long	.Linfo_string63                 @ DW_AT_name
	.long	243                             @ DW_AT_type
	.byte	3                               @ DW_AT_decl_file
	.byte	111                             @ DW_AT_decl_line
	.byte	110                             @ DW_AT_data_member_location
	.byte	7                               @ Abbrev [7] 0x37c:0xc DW_TAG_member
	.long	.Linfo_string64                 @ DW_AT_name
	.long	1277                            @ DW_AT_type
	.byte	3                               @ DW_AT_decl_file
	.byte	112                             @ DW_AT_decl_line
	.byte	112                             @ DW_AT_data_member_location
	.byte	7                               @ Abbrev [7] 0x388:0xc DW_TAG_member
	.long	.Linfo_string65                 @ DW_AT_name
	.long	1301                            @ DW_AT_type
	.byte	3                               @ DW_AT_decl_file
	.byte	113                             @ DW_AT_decl_line
	.byte	114                             @ DW_AT_data_member_location
	.byte	7                               @ Abbrev [7] 0x394:0xc DW_TAG_member
	.long	.Linfo_string66                 @ DW_AT_name
	.long	1277                            @ DW_AT_type
	.byte	3                               @ DW_AT_decl_file
	.byte	114                             @ DW_AT_decl_line
	.byte	124                             @ DW_AT_data_member_location
	.byte	7                               @ Abbrev [7] 0x3a0:0xc DW_TAG_member
	.long	.Linfo_string67                 @ DW_AT_name
	.long	243                             @ DW_AT_type
	.byte	3                               @ DW_AT_decl_file
	.byte	115                             @ DW_AT_decl_line
	.byte	126                             @ DW_AT_data_member_location
	.byte	7                               @ Abbrev [7] 0x3ac:0xc DW_TAG_member
	.long	.Linfo_string68                 @ DW_AT_name
	.long	1277                            @ DW_AT_type
	.byte	3                               @ DW_AT_decl_file
	.byte	116                             @ DW_AT_decl_line
	.byte	128                             @ DW_AT_data_member_location
	.byte	7                               @ Abbrev [7] 0x3b8:0xc DW_TAG_member
	.long	.Linfo_string69                 @ DW_AT_name
	.long	243                             @ DW_AT_type
	.byte	3                               @ DW_AT_decl_file
	.byte	117                             @ DW_AT_decl_line
	.byte	130                             @ DW_AT_data_member_location
	.byte	7                               @ Abbrev [7] 0x3c4:0xc DW_TAG_member
	.long	.Linfo_string70                 @ DW_AT_name
	.long	1277                            @ DW_AT_type
	.byte	3                               @ DW_AT_decl_file
	.byte	118                             @ DW_AT_decl_line
	.byte	132                             @ DW_AT_data_member_location
	.byte	7                               @ Abbrev [7] 0x3d0:0xc DW_TAG_member
	.long	.Linfo_string71                 @ DW_AT_name
	.long	243                             @ DW_AT_type
	.byte	3                               @ DW_AT_decl_file
	.byte	119                             @ DW_AT_decl_line
	.byte	134                             @ DW_AT_data_member_location
	.byte	7                               @ Abbrev [7] 0x3dc:0xc DW_TAG_member
	.long	.Linfo_string72                 @ DW_AT_name
	.long	1277                            @ DW_AT_type
	.byte	3                               @ DW_AT_decl_file
	.byte	120                             @ DW_AT_decl_line
	.byte	136                             @ DW_AT_data_member_location
	.byte	7                               @ Abbrev [7] 0x3e8:0xc DW_TAG_member
	.long	.Linfo_string73                 @ DW_AT_name
	.long	243                             @ DW_AT_type
	.byte	3                               @ DW_AT_decl_file
	.byte	121                             @ DW_AT_decl_line
	.byte	138                             @ DW_AT_data_member_location
	.byte	7                               @ Abbrev [7] 0x3f4:0xc DW_TAG_member
	.long	.Linfo_string74                 @ DW_AT_name
	.long	1277                            @ DW_AT_type
	.byte	3                               @ DW_AT_decl_file
	.byte	122                             @ DW_AT_decl_line
	.byte	140                             @ DW_AT_data_member_location
	.byte	7                               @ Abbrev [7] 0x400:0xc DW_TAG_member
	.long	.Linfo_string75                 @ DW_AT_name
	.long	243                             @ DW_AT_type
	.byte	3                               @ DW_AT_decl_file
	.byte	123                             @ DW_AT_decl_line
	.byte	142                             @ DW_AT_data_member_location
	.byte	7                               @ Abbrev [7] 0x40c:0xc DW_TAG_member
	.long	.Linfo_string76                 @ DW_AT_name
	.long	1277                            @ DW_AT_type
	.byte	3                               @ DW_AT_decl_file
	.byte	124                             @ DW_AT_decl_line
	.byte	144                             @ DW_AT_data_member_location
	.byte	7                               @ Abbrev [7] 0x418:0xc DW_TAG_member
	.long	.Linfo_string77                 @ DW_AT_name
	.long	243                             @ DW_AT_type
	.byte	3                               @ DW_AT_decl_file
	.byte	125                             @ DW_AT_decl_line
	.byte	146                             @ DW_AT_data_member_location
	.byte	7                               @ Abbrev [7] 0x424:0xc DW_TAG_member
	.long	.Linfo_string78                 @ DW_AT_name
	.long	1277                            @ DW_AT_type
	.byte	3                               @ DW_AT_decl_file
	.byte	126                             @ DW_AT_decl_line
	.byte	148                             @ DW_AT_data_member_location
	.byte	7                               @ Abbrev [7] 0x430:0xc DW_TAG_member
	.long	.Linfo_string79                 @ DW_AT_name
	.long	243                             @ DW_AT_type
	.byte	3                               @ DW_AT_decl_file
	.byte	127                             @ DW_AT_decl_line
	.byte	150                             @ DW_AT_data_member_location
	.byte	7                               @ Abbrev [7] 0x43c:0xc DW_TAG_member
	.long	.Linfo_string80                 @ DW_AT_name
	.long	1277                            @ DW_AT_type
	.byte	3                               @ DW_AT_decl_file
	.byte	128                             @ DW_AT_decl_line
	.byte	152                             @ DW_AT_data_member_location
	.byte	7                               @ Abbrev [7] 0x448:0xc DW_TAG_member
	.long	.Linfo_string81                 @ DW_AT_name
	.long	243                             @ DW_AT_type
	.byte	3                               @ DW_AT_decl_file
	.byte	129                             @ DW_AT_decl_line
	.byte	154                             @ DW_AT_data_member_location
	.byte	7                               @ Abbrev [7] 0x454:0xc DW_TAG_member
	.long	.Linfo_string82                 @ DW_AT_name
	.long	1277                            @ DW_AT_type
	.byte	3                               @ DW_AT_decl_file
	.byte	130                             @ DW_AT_decl_line
	.byte	156                             @ DW_AT_data_member_location
	.byte	7                               @ Abbrev [7] 0x460:0xc DW_TAG_member
	.long	.Linfo_string83                 @ DW_AT_name
	.long	243                             @ DW_AT_type
	.byte	3                               @ DW_AT_decl_file
	.byte	131                             @ DW_AT_decl_line
	.byte	158                             @ DW_AT_data_member_location
	.byte	7                               @ Abbrev [7] 0x46c:0xc DW_TAG_member
	.long	.Linfo_string84                 @ DW_AT_name
	.long	1277                            @ DW_AT_type
	.byte	3                               @ DW_AT_decl_file
	.byte	132                             @ DW_AT_decl_line
	.byte	160                             @ DW_AT_data_member_location
	.byte	7                               @ Abbrev [7] 0x478:0xc DW_TAG_member
	.long	.Linfo_string85                 @ DW_AT_name
	.long	243                             @ DW_AT_type
	.byte	3                               @ DW_AT_decl_file
	.byte	133                             @ DW_AT_decl_line
	.byte	162                             @ DW_AT_data_member_location
	.byte	7                               @ Abbrev [7] 0x484:0xc DW_TAG_member
	.long	.Linfo_string86                 @ DW_AT_name
	.long	1277                            @ DW_AT_type
	.byte	3                               @ DW_AT_decl_file
	.byte	134                             @ DW_AT_decl_line
	.byte	164                             @ DW_AT_data_member_location
	.byte	7                               @ Abbrev [7] 0x490:0xc DW_TAG_member
	.long	.Linfo_string87                 @ DW_AT_name
	.long	243                             @ DW_AT_type
	.byte	3                               @ DW_AT_decl_file
	.byte	135                             @ DW_AT_decl_line
	.byte	166                             @ DW_AT_data_member_location
	.byte	7                               @ Abbrev [7] 0x49c:0xc DW_TAG_member
	.long	.Linfo_string88                 @ DW_AT_name
	.long	1277                            @ DW_AT_type
	.byte	3                               @ DW_AT_decl_file
	.byte	136                             @ DW_AT_decl_line
	.byte	168                             @ DW_AT_data_member_location
	.byte	7                               @ Abbrev [7] 0x4a8:0xc DW_TAG_member
	.long	.Linfo_string89                 @ DW_AT_name
	.long	1313                            @ DW_AT_type
	.byte	3                               @ DW_AT_decl_file
	.byte	137                             @ DW_AT_decl_line
	.byte	170                             @ DW_AT_data_member_location
	.byte	7                               @ Abbrev [7] 0x4b4:0xc DW_TAG_member
	.long	.Linfo_string90                 @ DW_AT_name
	.long	1277                            @ DW_AT_type
	.byte	3                               @ DW_AT_decl_file
	.byte	138                             @ DW_AT_decl_line
	.byte	192                             @ DW_AT_data_member_location
	.byte	7                               @ Abbrev [7] 0x4c0:0xc DW_TAG_member
	.long	.Linfo_string91                 @ DW_AT_name
	.long	1325                            @ DW_AT_type
	.byte	3                               @ DW_AT_decl_file
	.byte	140                             @ DW_AT_decl_line
	.byte	194                             @ DW_AT_data_member_location
	.byte	7                               @ Abbrev [7] 0x4cc:0xc DW_TAG_member
	.long	.Linfo_string92                 @ DW_AT_name
	.long	1277                            @ DW_AT_type
	.byte	3                               @ DW_AT_decl_file
	.byte	141                             @ DW_AT_decl_line
	.byte	248                             @ DW_AT_data_member_location
	.byte	7                               @ Abbrev [7] 0x4d8:0xc DW_TAG_member
	.long	.Linfo_string93                 @ DW_AT_name
	.long	1277                            @ DW_AT_type
	.byte	3                               @ DW_AT_decl_file
	.byte	142                             @ DW_AT_decl_line
	.byte	250                             @ DW_AT_data_member_location
	.byte	7                               @ Abbrev [7] 0x4e4:0xc DW_TAG_member
	.long	.Linfo_string94                 @ DW_AT_name
	.long	1277                            @ DW_AT_type
	.byte	3                               @ DW_AT_decl_file
	.byte	143                             @ DW_AT_decl_line
	.byte	252                             @ DW_AT_data_member_location
	.byte	7                               @ Abbrev [7] 0x4f0:0xc DW_TAG_member
	.long	.Linfo_string95                 @ DW_AT_name
	.long	1277                            @ DW_AT_type
	.byte	3                               @ DW_AT_decl_file
	.byte	144                             @ DW_AT_decl_line
	.byte	254                             @ DW_AT_data_member_location
	.byte	0                               @ End Of Children Mark
	.byte	15                              @ Abbrev [15] 0x4fd:0x5 DW_TAG_volatile_type
	.long	243                             @ DW_AT_type
	.byte	3                               @ Abbrev [3] 0x502:0xc DW_TAG_array_type
	.long	243                             @ DW_AT_type
	.byte	4                               @ Abbrev [4] 0x507:0x6 DW_TAG_subrange_type
	.long	1294                            @ DW_AT_type
	.byte	9                               @ DW_AT_count
	.byte	0                               @ End Of Children Mark
	.byte	16                              @ Abbrev [16] 0x50e:0x7 DW_TAG_base_type
	.long	.Linfo_string31                 @ DW_AT_name
	.byte	8                               @ DW_AT_byte_size
	.byte	7                               @ DW_AT_encoding
	.byte	3                               @ Abbrev [3] 0x515:0xc DW_TAG_array_type
	.long	243                             @ DW_AT_type
	.byte	4                               @ Abbrev [4] 0x51a:0x6 DW_TAG_subrange_type
	.long	1294                            @ DW_AT_type
	.byte	5                               @ DW_AT_count
	.byte	0                               @ End Of Children Mark
	.byte	3                               @ Abbrev [3] 0x521:0xc DW_TAG_array_type
	.long	243                             @ DW_AT_type
	.byte	4                               @ Abbrev [4] 0x526:0x6 DW_TAG_subrange_type
	.long	1294                            @ DW_AT_type
	.byte	11                              @ DW_AT_count
	.byte	0                               @ End Of Children Mark
	.byte	3                               @ Abbrev [3] 0x52d:0xc DW_TAG_array_type
	.long	243                             @ DW_AT_type
	.byte	4                               @ Abbrev [4] 0x532:0x6 DW_TAG_subrange_type
	.long	1294                            @ DW_AT_type
	.byte	27                              @ DW_AT_count
	.byte	0                               @ End Of Children Mark
	.byte	11                              @ Abbrev [11] 0x539:0xc DW_TAG_typedef
	.long	1349                            @ DW_AT_type
	.long	.Linfo_string99                 @ DW_AT_name
	.byte	3                               @ DW_AT_decl_file
	.short	412                             @ DW_AT_decl_line
	.byte	8                               @ Abbrev [8] 0x545:0x5 DW_TAG_pointer_type
	.long	1354                            @ DW_AT_type
	.byte	12                              @ Abbrev [12] 0x54a:0x7 DW_TAG_subroutine_type
                                        @ DW_AT_prototyped
	.byte	13                              @ Abbrev [13] 0x54b:0x5 DW_TAG_formal_parameter
	.long	243                             @ DW_AT_type
	.byte	0                               @ End Of Children Mark
	.byte	11                              @ Abbrev [11] 0x551:0xc DW_TAG_typedef
	.long	1373                            @ DW_AT_type
	.long	.Linfo_string107                @ DW_AT_name
	.byte	3                               @ DW_AT_decl_file
	.short	354                             @ DW_AT_decl_line
	.byte	17                              @ Abbrev [17] 0x55d:0x22 DW_TAG_enumeration_type
	.long	236                             @ DW_AT_type
	.byte	1                               @ DW_AT_byte_size
	.byte	3                               @ DW_AT_decl_file
	.short	342                             @ DW_AT_decl_line
	.byte	18                              @ Abbrev [18] 0x566:0x6 DW_TAG_enumerator
	.long	.Linfo_string103                @ DW_AT_name
	.byte	0                               @ DW_AT_const_value
	.byte	18                              @ Abbrev [18] 0x56c:0x6 DW_TAG_enumerator
	.long	.Linfo_string104                @ DW_AT_name
	.byte	1                               @ DW_AT_const_value
	.byte	18                              @ Abbrev [18] 0x572:0x6 DW_TAG_enumerator
	.long	.Linfo_string105                @ DW_AT_name
	.byte	2                               @ DW_AT_const_value
	.byte	18                              @ Abbrev [18] 0x578:0x6 DW_TAG_enumerator
	.long	.Linfo_string106                @ DW_AT_name
	.byte	3                               @ DW_AT_const_value
	.byte	0                               @ End Of Children Mark
	.byte	19                              @ Abbrev [19] 0x57f:0x6f DW_TAG_enumeration_type
	.long	1518                            @ DW_AT_type
	.byte	4                               @ DW_AT_byte_size
	.byte	3                               @ DW_AT_decl_file
	.byte	234                             @ DW_AT_decl_line
	.byte	18                              @ Abbrev [18] 0x587:0x7 DW_TAG_enumerator
	.long	.Linfo_string110                @ DW_AT_name
	.ascii	"\200\002"                      @ DW_AT_const_value
	.byte	18                              @ Abbrev [18] 0x58e:0x7 DW_TAG_enumerator
	.long	.Linfo_string111                @ DW_AT_name
	.ascii	"\201\002"                      @ DW_AT_const_value
	.byte	18                              @ Abbrev [18] 0x595:0x7 DW_TAG_enumerator
	.long	.Linfo_string112                @ DW_AT_name
	.ascii	"\200\004"                      @ DW_AT_const_value
	.byte	18                              @ Abbrev [18] 0x59c:0x7 DW_TAG_enumerator
	.long	.Linfo_string113                @ DW_AT_name
	.ascii	"\203\004"                      @ DW_AT_const_value
	.byte	18                              @ Abbrev [18] 0x5a3:0x7 DW_TAG_enumerator
	.long	.Linfo_string114                @ DW_AT_name
	.ascii	"\205\b"                        @ DW_AT_const_value
	.byte	18                              @ Abbrev [18] 0x5aa:0x7 DW_TAG_enumerator
	.long	.Linfo_string115                @ DW_AT_name
	.ascii	"\213\020"                      @ DW_AT_const_value
	.byte	18                              @ Abbrev [18] 0x5b1:0x7 DW_TAG_enumerator
	.long	.Linfo_string116                @ DW_AT_name
	.ascii	"\206\""                        @ DW_AT_const_value
	.byte	18                              @ Abbrev [18] 0x5b8:0x7 DW_TAG_enumerator
	.long	.Linfo_string117                @ DW_AT_name
	.ascii	"\2014"                         @ DW_AT_const_value
	.byte	18                              @ Abbrev [18] 0x5bf:0x7 DW_TAG_enumerator
	.long	.Linfo_string118                @ DW_AT_name
	.ascii	"\214D"                         @ DW_AT_const_value
	.byte	18                              @ Abbrev [18] 0x5c6:0x7 DW_TAG_enumerator
	.long	.Linfo_string119                @ DW_AT_name
	.ascii	"\201h"                         @ DW_AT_const_value
	.byte	18                              @ Abbrev [18] 0x5cd:0x8 DW_TAG_enumerator
	.long	.Linfo_string120                @ DW_AT_name
	.ascii	"\207\212\001"                  @ DW_AT_const_value
	.byte	18                              @ Abbrev [18] 0x5d5:0x8 DW_TAG_enumerator
	.long	.Linfo_string121                @ DW_AT_name
	.ascii	"\203\320\001"                  @ DW_AT_const_value
	.byte	18                              @ Abbrev [18] 0x5dd:0x8 DW_TAG_enumerator
	.long	.Linfo_string122                @ DW_AT_name
	.ascii	"\205\240\003"                  @ DW_AT_const_value
	.byte	18                              @ Abbrev [18] 0x5e5:0x8 DW_TAG_enumerator
	.long	.Linfo_string123                @ DW_AT_name
	.ascii	"\213\300\006"                  @ DW_AT_const_value
	.byte	0                               @ End Of Children Mark
	.byte	10                              @ Abbrev [10] 0x5ee:0x7 DW_TAG_base_type
	.long	.Linfo_string109                @ DW_AT_name
	.byte	7                               @ DW_AT_encoding
	.byte	4                               @ DW_AT_byte_size
	.byte	19                              @ Abbrev [19] 0x5f5:0x15 DW_TAG_enumeration_type
	.long	236                             @ DW_AT_type
	.byte	1                               @ DW_AT_byte_size
	.byte	3                               @ DW_AT_decl_file
	.byte	174                             @ DW_AT_decl_line
	.byte	18                              @ Abbrev [18] 0x5fd:0x6 DW_TAG_enumerator
	.long	.Linfo_string124                @ DW_AT_name
	.byte	0                               @ DW_AT_const_value
	.byte	18                              @ Abbrev [18] 0x603:0x6 DW_TAG_enumerator
	.long	.Linfo_string125                @ DW_AT_name
	.byte	1                               @ DW_AT_const_value
	.byte	0                               @ End Of Children Mark
	.byte	17                              @ Abbrev [17] 0x60a:0x22 DW_TAG_enumeration_type
	.long	236                             @ DW_AT_type
	.byte	1                               @ DW_AT_byte_size
	.byte	3                               @ DW_AT_decl_file
	.short	286                             @ DW_AT_decl_line
	.byte	18                              @ Abbrev [18] 0x613:0x6 DW_TAG_enumerator
	.long	.Linfo_string126                @ DW_AT_name
	.byte	0                               @ DW_AT_const_value
	.byte	18                              @ Abbrev [18] 0x619:0x6 DW_TAG_enumerator
	.long	.Linfo_string127                @ DW_AT_name
	.byte	1                               @ DW_AT_const_value
	.byte	18                              @ Abbrev [18] 0x61f:0x6 DW_TAG_enumerator
	.long	.Linfo_string128                @ DW_AT_name
	.byte	2                               @ DW_AT_const_value
	.byte	18                              @ Abbrev [18] 0x625:0x6 DW_TAG_enumerator
	.long	.Linfo_string129                @ DW_AT_name
	.byte	3                               @ DW_AT_const_value
	.byte	0                               @ End Of Children Mark
	.byte	17                              @ Abbrev [17] 0x62c:0x1c DW_TAG_enumeration_type
	.long	236                             @ DW_AT_type
	.byte	1                               @ DW_AT_byte_size
	.byte	3                               @ DW_AT_decl_file
	.short	301                             @ DW_AT_decl_line
	.byte	18                              @ Abbrev [18] 0x635:0x6 DW_TAG_enumerator
	.long	.Linfo_string130                @ DW_AT_name
	.byte	0                               @ DW_AT_const_value
	.byte	18                              @ Abbrev [18] 0x63b:0x6 DW_TAG_enumerator
	.long	.Linfo_string131                @ DW_AT_name
	.byte	1                               @ DW_AT_const_value
	.byte	18                              @ Abbrev [18] 0x641:0x6 DW_TAG_enumerator
	.long	.Linfo_string132                @ DW_AT_name
	.byte	3                               @ DW_AT_const_value
	.byte	0                               @ End Of Children Mark
	.byte	17                              @ Abbrev [17] 0x648:0x16 DW_TAG_enumeration_type
	.long	236                             @ DW_AT_type
	.byte	1                               @ DW_AT_byte_size
	.byte	3                               @ DW_AT_decl_file
	.short	314                             @ DW_AT_decl_line
	.byte	18                              @ Abbrev [18] 0x651:0x6 DW_TAG_enumerator
	.long	.Linfo_string133                @ DW_AT_name
	.byte	0                               @ DW_AT_const_value
	.byte	18                              @ Abbrev [18] 0x657:0x6 DW_TAG_enumerator
	.long	.Linfo_string134                @ DW_AT_name
	.byte	1                               @ DW_AT_const_value
	.byte	0                               @ End Of Children Mark
	.byte	17                              @ Abbrev [17] 0x65e:0x16 DW_TAG_enumeration_type
	.long	236                             @ DW_AT_type
	.byte	1                               @ DW_AT_byte_size
	.byte	3                               @ DW_AT_decl_file
	.short	323                             @ DW_AT_decl_line
	.byte	18                              @ Abbrev [18] 0x667:0x6 DW_TAG_enumerator
	.long	.Linfo_string135                @ DW_AT_name
	.byte	0                               @ DW_AT_const_value
	.byte	18                              @ Abbrev [18] 0x66d:0x6 DW_TAG_enumerator
	.long	.Linfo_string136                @ DW_AT_name
	.byte	1                               @ DW_AT_const_value
	.byte	0                               @ End Of Children Mark
	.byte	17                              @ Abbrev [17] 0x674:0x16 DW_TAG_enumeration_type
	.long	236                             @ DW_AT_type
	.byte	1                               @ DW_AT_byte_size
	.byte	3                               @ DW_AT_decl_file
	.short	332                             @ DW_AT_decl_line
	.byte	18                              @ Abbrev [18] 0x67d:0x6 DW_TAG_enumerator
	.long	.Linfo_string137                @ DW_AT_name
	.byte	0                               @ DW_AT_const_value
	.byte	18                              @ Abbrev [18] 0x683:0x6 DW_TAG_enumerator
	.long	.Linfo_string138                @ DW_AT_name
	.byte	1                               @ DW_AT_const_value
	.byte	0                               @ End Of Children Mark
	.byte	17                              @ Abbrev [17] 0x68a:0x22 DW_TAG_enumeration_type
	.long	236                             @ DW_AT_type
	.byte	1                               @ DW_AT_byte_size
	.byte	3                               @ DW_AT_decl_file
	.short	358                             @ DW_AT_decl_line
	.byte	18                              @ Abbrev [18] 0x693:0x6 DW_TAG_enumerator
	.long	.Linfo_string139                @ DW_AT_name
	.byte	0                               @ DW_AT_const_value
	.byte	18                              @ Abbrev [18] 0x699:0x6 DW_TAG_enumerator
	.long	.Linfo_string140                @ DW_AT_name
	.byte	1                               @ DW_AT_const_value
	.byte	18                              @ Abbrev [18] 0x69f:0x6 DW_TAG_enumerator
	.long	.Linfo_string141                @ DW_AT_name
	.byte	2                               @ DW_AT_const_value
	.byte	18                              @ Abbrev [18] 0x6a5:0x6 DW_TAG_enumerator
	.long	.Linfo_string142                @ DW_AT_name
	.byte	3                               @ DW_AT_const_value
	.byte	0                               @ End Of Children Mark
	.byte	17                              @ Abbrev [17] 0x6ac:0x16 DW_TAG_enumeration_type
	.long	236                             @ DW_AT_type
	.byte	1                               @ DW_AT_byte_size
	.byte	3                               @ DW_AT_decl_file
	.short	393                             @ DW_AT_decl_line
	.byte	18                              @ Abbrev [18] 0x6b5:0x6 DW_TAG_enumerator
	.long	.Linfo_string143                @ DW_AT_name
	.byte	0                               @ DW_AT_const_value
	.byte	18                              @ Abbrev [18] 0x6bb:0x6 DW_TAG_enumerator
	.long	.Linfo_string144                @ DW_AT_name
	.byte	1                               @ DW_AT_const_value
	.byte	0                               @ End Of Children Mark
	.byte	20                              @ Abbrev [20] 0x6c2:0xbb DW_TAG_enumeration_type
	.long	1917                            @ DW_AT_type
	.long	.Linfo_string175                @ DW_AT_name
	.byte	1                               @ DW_AT_byte_size
	.byte	4                               @ DW_AT_decl_file
	.byte	71                              @ DW_AT_decl_line
	.byte	21                              @ Abbrev [21] 0x6ce:0x6 DW_TAG_enumerator
	.long	.Linfo_string146                @ DW_AT_name
	.byte	114                             @ DW_AT_const_value
	.byte	21                              @ Abbrev [21] 0x6d4:0x6 DW_TAG_enumerator
	.long	.Linfo_string147                @ DW_AT_name
	.byte	115                             @ DW_AT_const_value
	.byte	21                              @ Abbrev [21] 0x6da:0x6 DW_TAG_enumerator
	.long	.Linfo_string148                @ DW_AT_name
	.byte	123                             @ DW_AT_const_value
	.byte	21                              @ Abbrev [21] 0x6e0:0x6 DW_TAG_enumerator
	.long	.Linfo_string149                @ DW_AT_name
	.byte	126                             @ DW_AT_const_value
	.byte	21                              @ Abbrev [21] 0x6e6:0x6 DW_TAG_enumerator
	.long	.Linfo_string150                @ DW_AT_name
	.byte	127                             @ DW_AT_const_value
	.byte	21                              @ Abbrev [21] 0x6ec:0x6 DW_TAG_enumerator
	.long	.Linfo_string151                @ DW_AT_name
	.byte	0                               @ DW_AT_const_value
	.byte	21                              @ Abbrev [21] 0x6f2:0x6 DW_TAG_enumerator
	.long	.Linfo_string152                @ DW_AT_name
	.byte	1                               @ DW_AT_const_value
	.byte	21                              @ Abbrev [21] 0x6f8:0x6 DW_TAG_enumerator
	.long	.Linfo_string153                @ DW_AT_name
	.byte	2                               @ DW_AT_const_value
	.byte	21                              @ Abbrev [21] 0x6fe:0x6 DW_TAG_enumerator
	.long	.Linfo_string154                @ DW_AT_name
	.byte	3                               @ DW_AT_const_value
	.byte	21                              @ Abbrev [21] 0x704:0x6 DW_TAG_enumerator
	.long	.Linfo_string155                @ DW_AT_name
	.byte	4                               @ DW_AT_const_value
	.byte	21                              @ Abbrev [21] 0x70a:0x6 DW_TAG_enumerator
	.long	.Linfo_string156                @ DW_AT_name
	.byte	5                               @ DW_AT_const_value
	.byte	21                              @ Abbrev [21] 0x710:0x6 DW_TAG_enumerator
	.long	.Linfo_string157                @ DW_AT_name
	.byte	6                               @ DW_AT_const_value
	.byte	21                              @ Abbrev [21] 0x716:0x6 DW_TAG_enumerator
	.long	.Linfo_string158                @ DW_AT_name
	.byte	7                               @ DW_AT_const_value
	.byte	21                              @ Abbrev [21] 0x71c:0x6 DW_TAG_enumerator
	.long	.Linfo_string159                @ DW_AT_name
	.byte	8                               @ DW_AT_const_value
	.byte	21                              @ Abbrev [21] 0x722:0x6 DW_TAG_enumerator
	.long	.Linfo_string160                @ DW_AT_name
	.byte	9                               @ DW_AT_const_value
	.byte	21                              @ Abbrev [21] 0x728:0x6 DW_TAG_enumerator
	.long	.Linfo_string161                @ DW_AT_name
	.byte	10                              @ DW_AT_const_value
	.byte	21                              @ Abbrev [21] 0x72e:0x6 DW_TAG_enumerator
	.long	.Linfo_string162                @ DW_AT_name
	.byte	11                              @ DW_AT_const_value
	.byte	21                              @ Abbrev [21] 0x734:0x6 DW_TAG_enumerator
	.long	.Linfo_string163                @ DW_AT_name
	.byte	12                              @ DW_AT_const_value
	.byte	21                              @ Abbrev [21] 0x73a:0x6 DW_TAG_enumerator
	.long	.Linfo_string164                @ DW_AT_name
	.byte	13                              @ DW_AT_const_value
	.byte	21                              @ Abbrev [21] 0x740:0x6 DW_TAG_enumerator
	.long	.Linfo_string165                @ DW_AT_name
	.byte	14                              @ DW_AT_const_value
	.byte	21                              @ Abbrev [21] 0x746:0x6 DW_TAG_enumerator
	.long	.Linfo_string166                @ DW_AT_name
	.byte	15                              @ DW_AT_const_value
	.byte	21                              @ Abbrev [21] 0x74c:0x6 DW_TAG_enumerator
	.long	.Linfo_string167                @ DW_AT_name
	.byte	16                              @ DW_AT_const_value
	.byte	21                              @ Abbrev [21] 0x752:0x6 DW_TAG_enumerator
	.long	.Linfo_string168                @ DW_AT_name
	.byte	17                              @ DW_AT_const_value
	.byte	21                              @ Abbrev [21] 0x758:0x6 DW_TAG_enumerator
	.long	.Linfo_string169                @ DW_AT_name
	.byte	18                              @ DW_AT_const_value
	.byte	21                              @ Abbrev [21] 0x75e:0x6 DW_TAG_enumerator
	.long	.Linfo_string170                @ DW_AT_name
	.byte	19                              @ DW_AT_const_value
	.byte	21                              @ Abbrev [21] 0x764:0x6 DW_TAG_enumerator
	.long	.Linfo_string171                @ DW_AT_name
	.byte	20                              @ DW_AT_const_value
	.byte	21                              @ Abbrev [21] 0x76a:0x6 DW_TAG_enumerator
	.long	.Linfo_string172                @ DW_AT_name
	.byte	21                              @ DW_AT_const_value
	.byte	21                              @ Abbrev [21] 0x770:0x6 DW_TAG_enumerator
	.long	.Linfo_string173                @ DW_AT_name
	.byte	22                              @ DW_AT_const_value
	.byte	21                              @ Abbrev [21] 0x776:0x6 DW_TAG_enumerator
	.long	.Linfo_string174                @ DW_AT_name
	.byte	23                              @ DW_AT_const_value
	.byte	0                               @ End Of Children Mark
	.byte	10                              @ Abbrev [10] 0x77d:0x7 DW_TAG_base_type
	.long	.Linfo_string145                @ DW_AT_name
	.byte	6                               @ DW_AT_encoding
	.byte	1                               @ DW_AT_byte_size
	.byte	19                              @ Abbrev [19] 0x784:0x2d DW_TAG_enumeration_type
	.long	236                             @ DW_AT_type
	.byte	1                               @ DW_AT_byte_size
	.byte	3                               @ DW_AT_decl_file
	.byte	207                             @ DW_AT_decl_line
	.byte	18                              @ Abbrev [18] 0x78c:0x6 DW_TAG_enumerator
	.long	.Linfo_string176                @ DW_AT_name
	.byte	1                               @ DW_AT_const_value
	.byte	18                              @ Abbrev [18] 0x792:0x6 DW_TAG_enumerator
	.long	.Linfo_string177                @ DW_AT_name
	.byte	2                               @ DW_AT_const_value
	.byte	18                              @ Abbrev [18] 0x798:0x6 DW_TAG_enumerator
	.long	.Linfo_string178                @ DW_AT_name
	.byte	4                               @ DW_AT_const_value
	.byte	18                              @ Abbrev [18] 0x79e:0x6 DW_TAG_enumerator
	.long	.Linfo_string179                @ DW_AT_name
	.byte	6                               @ DW_AT_const_value
	.byte	18                              @ Abbrev [18] 0x7a4:0x6 DW_TAG_enumerator
	.long	.Linfo_string180                @ DW_AT_name
	.byte	7                               @ DW_AT_const_value
	.byte	18                              @ Abbrev [18] 0x7aa:0x6 DW_TAG_enumerator
	.long	.Linfo_string181                @ DW_AT_name
	.byte	12                              @ DW_AT_const_value
	.byte	0                               @ End Of Children Mark
	.byte	19                              @ Abbrev [19] 0x7b1:0x34 DW_TAG_enumeration_type
	.long	236                             @ DW_AT_type
	.byte	1                               @ DW_AT_byte_size
	.byte	3                               @ DW_AT_decl_file
	.byte	183                             @ DW_AT_decl_line
	.byte	18                              @ Abbrev [18] 0x7b9:0x6 DW_TAG_enumerator
	.long	.Linfo_string182                @ DW_AT_name
	.byte	0                               @ DW_AT_const_value
	.byte	18                              @ Abbrev [18] 0x7bf:0x6 DW_TAG_enumerator
	.long	.Linfo_string183                @ DW_AT_name
	.byte	1                               @ DW_AT_const_value
	.byte	18                              @ Abbrev [18] 0x7c5:0x6 DW_TAG_enumerator
	.long	.Linfo_string184                @ DW_AT_name
	.byte	2                               @ DW_AT_const_value
	.byte	18                              @ Abbrev [18] 0x7cb:0x6 DW_TAG_enumerator
	.long	.Linfo_string185                @ DW_AT_name
	.byte	4                               @ DW_AT_const_value
	.byte	18                              @ Abbrev [18] 0x7d1:0x6 DW_TAG_enumerator
	.long	.Linfo_string186                @ DW_AT_name
	.byte	8                               @ DW_AT_const_value
	.byte	18                              @ Abbrev [18] 0x7d7:0x6 DW_TAG_enumerator
	.long	.Linfo_string187                @ DW_AT_name
	.byte	16                              @ DW_AT_const_value
	.byte	18                              @ Abbrev [18] 0x7dd:0x7 DW_TAG_enumerator
	.long	.Linfo_string188                @ DW_AT_name
	.ascii	"\200\001"                      @ DW_AT_const_value
	.byte	0                               @ End Of Children Mark
	.byte	8                               @ Abbrev [8] 0x7e5:0x5 DW_TAG_pointer_type
	.long	1277                            @ DW_AT_type
	.byte	5                               @ Abbrev [5] 0x7ea:0xb DW_TAG_typedef
	.long	2037                            @ DW_AT_type
	.long	.Linfo_string190                @ DW_AT_name
	.byte	1                               @ DW_AT_decl_file
	.byte	58                              @ DW_AT_decl_line
	.byte	10                              @ Abbrev [10] 0x7f5:0x7 DW_TAG_base_type
	.long	.Linfo_string189                @ DW_AT_name
	.byte	5                               @ DW_AT_encoding
	.byte	4                               @ DW_AT_byte_size
	.byte	5                               @ Abbrev [5] 0x7fc:0xb DW_TAG_typedef
	.long	1518                            @ DW_AT_type
	.long	.Linfo_string191                @ DW_AT_name
	.byte	1                               @ DW_AT_decl_file
	.byte	64                              @ DW_AT_decl_line
	.byte	8                               @ Abbrev [8] 0x807:0x5 DW_TAG_pointer_type
	.long	2060                            @ DW_AT_type
	.byte	11                              @ Abbrev [11] 0x80c:0xc DW_TAG_typedef
	.long	2072                            @ DW_AT_type
	.long	.Linfo_string198                @ DW_AT_name
	.byte	5                               @ DW_AT_decl_file
	.short	340                             @ DW_AT_decl_line
	.byte	22                              @ Abbrev [22] 0x818:0x8f DW_TAG_structure_type
	.short	800                             @ DW_AT_byte_size
	.byte	5                               @ DW_AT_decl_file
	.short	328                             @ DW_AT_decl_line
	.byte	23                              @ Abbrev [23] 0x81e:0xd DW_TAG_member
	.long	.Linfo_string192                @ DW_AT_name
	.long	2215                            @ DW_AT_type
	.byte	5                               @ DW_AT_decl_file
	.short	330                             @ DW_AT_decl_line
	.byte	0                               @ DW_AT_data_member_location
	.byte	23                              @ Abbrev [23] 0x82b:0xd DW_TAG_member
	.long	.Linfo_string193                @ DW_AT_name
	.long	2232                            @ DW_AT_type
	.byte	5                               @ DW_AT_decl_file
	.short	331                             @ DW_AT_decl_line
	.byte	4                               @ DW_AT_data_member_location
	.byte	23                              @ Abbrev [23] 0x838:0xd DW_TAG_member
	.long	.Linfo_string194                @ DW_AT_name
	.long	2215                            @ DW_AT_type
	.byte	5                               @ DW_AT_decl_file
	.short	332                             @ DW_AT_decl_line
	.byte	128                             @ DW_AT_data_member_location
	.byte	23                              @ Abbrev [23] 0x845:0xd DW_TAG_member
	.long	.Linfo_string18                 @ DW_AT_name
	.long	2232                            @ DW_AT_type
	.byte	5                               @ DW_AT_decl_file
	.short	333                             @ DW_AT_decl_line
	.byte	132                             @ DW_AT_data_member_location
	.byte	24                              @ Abbrev [24] 0x852:0xe DW_TAG_member
	.long	.Linfo_string195                @ DW_AT_name
	.long	2215                            @ DW_AT_type
	.byte	5                               @ DW_AT_decl_file
	.short	334                             @ DW_AT_decl_line
	.short	256                             @ DW_AT_data_member_location
	.byte	24                              @ Abbrev [24] 0x860:0xe DW_TAG_member
	.long	.Linfo_string20                 @ DW_AT_name
	.long	2232                            @ DW_AT_type
	.byte	5                               @ DW_AT_decl_file
	.short	335                             @ DW_AT_decl_line
	.short	260                             @ DW_AT_data_member_location
	.byte	24                              @ Abbrev [24] 0x86e:0xe DW_TAG_member
	.long	.Linfo_string196                @ DW_AT_name
	.long	2215                            @ DW_AT_type
	.byte	5                               @ DW_AT_decl_file
	.short	336                             @ DW_AT_decl_line
	.short	384                             @ DW_AT_data_member_location
	.byte	24                              @ Abbrev [24] 0x87c:0xe DW_TAG_member
	.long	.Linfo_string22                 @ DW_AT_name
	.long	2232                            @ DW_AT_type
	.byte	5                               @ DW_AT_decl_file
	.short	337                             @ DW_AT_decl_line
	.short	388                             @ DW_AT_data_member_location
	.byte	24                              @ Abbrev [24] 0x88a:0xe DW_TAG_member
	.long	.Linfo_string24                 @ DW_AT_name
	.long	2244                            @ DW_AT_type
	.byte	5                               @ DW_AT_decl_file
	.short	338                             @ DW_AT_decl_line
	.short	512                             @ DW_AT_data_member_location
	.byte	24                              @ Abbrev [24] 0x898:0xe DW_TAG_member
	.long	.Linfo_string197                @ DW_AT_name
	.long	2256                            @ DW_AT_type
	.byte	5                               @ DW_AT_decl_file
	.short	339                             @ DW_AT_decl_line
	.short	768                             @ DW_AT_data_member_location
	.byte	0                               @ End Of Children Mark
	.byte	3                               @ Abbrev [3] 0x8a7:0xc DW_TAG_array_type
	.long	2227                            @ DW_AT_type
	.byte	4                               @ Abbrev [4] 0x8ac:0x6 DW_TAG_subrange_type
	.long	1294                            @ DW_AT_type
	.byte	1                               @ DW_AT_count
	.byte	0                               @ End Of Children Mark
	.byte	15                              @ Abbrev [15] 0x8b3:0x5 DW_TAG_volatile_type
	.long	2044                            @ DW_AT_type
	.byte	3                               @ Abbrev [3] 0x8b8:0xc DW_TAG_array_type
	.long	2044                            @ DW_AT_type
	.byte	4                               @ Abbrev [4] 0x8bd:0x6 DW_TAG_subrange_type
	.long	1294                            @ DW_AT_type
	.byte	31                              @ DW_AT_count
	.byte	0                               @ End Of Children Mark
	.byte	3                               @ Abbrev [3] 0x8c4:0xc DW_TAG_array_type
	.long	2044                            @ DW_AT_type
	.byte	4                               @ Abbrev [4] 0x8c9:0x6 DW_TAG_subrange_type
	.long	1294                            @ DW_AT_type
	.byte	64                              @ DW_AT_count
	.byte	0                               @ End Of Children Mark
	.byte	3                               @ Abbrev [3] 0x8d0:0xc DW_TAG_array_type
	.long	2227                            @ DW_AT_type
	.byte	4                               @ Abbrev [4] 0x8d5:0x6 DW_TAG_subrange_type
	.long	1294                            @ DW_AT_type
	.byte	8                               @ DW_AT_count
	.byte	0                               @ End Of Children Mark
	.byte	8                               @ Abbrev [8] 0x8dc:0x5 DW_TAG_pointer_type
	.long	2273                            @ DW_AT_type
	.byte	11                              @ Abbrev [11] 0x8e1:0xc DW_TAG_typedef
	.long	2285                            @ DW_AT_type
	.long	.Linfo_string206                @ DW_AT_name
	.byte	5                               @ DW_AT_decl_file
	.short	370                             @ DW_AT_decl_line
	.byte	25                              @ Abbrev [25] 0x8ed:0x7b DW_TAG_structure_type
	.byte	40                              @ DW_AT_byte_size
	.byte	5                               @ DW_AT_decl_file
	.short	355                             @ DW_AT_decl_line
	.byte	23                              @ Abbrev [23] 0x8f2:0xd DW_TAG_member
	.long	.Linfo_string199                @ DW_AT_name
	.long	2408                            @ DW_AT_type
	.byte	5                               @ DW_AT_decl_file
	.short	357                             @ DW_AT_decl_line
	.byte	0                               @ DW_AT_data_member_location
	.byte	23                              @ Abbrev [23] 0x8ff:0xd DW_TAG_member
	.long	.Linfo_string200                @ DW_AT_name
	.long	2227                            @ DW_AT_type
	.byte	5                               @ DW_AT_decl_file
	.short	358                             @ DW_AT_decl_line
	.byte	4                               @ DW_AT_data_member_location
	.byte	23                              @ Abbrev [23] 0x90c:0xd DW_TAG_member
	.long	.Linfo_string193                @ DW_AT_name
	.long	2044                            @ DW_AT_type
	.byte	5                               @ DW_AT_decl_file
	.short	362                             @ DW_AT_decl_line
	.byte	8                               @ DW_AT_data_member_location
	.byte	23                              @ Abbrev [23] 0x919:0xd DW_TAG_member
	.long	.Linfo_string201                @ DW_AT_name
	.long	2227                            @ DW_AT_type
	.byte	5                               @ DW_AT_decl_file
	.short	364                             @ DW_AT_decl_line
	.byte	12                              @ DW_AT_data_member_location
	.byte	23                              @ Abbrev [23] 0x926:0xd DW_TAG_member
	.long	.Linfo_string202                @ DW_AT_name
	.long	2227                            @ DW_AT_type
	.byte	5                               @ DW_AT_decl_file
	.short	365                             @ DW_AT_decl_line
	.byte	16                              @ DW_AT_data_member_location
	.byte	23                              @ Abbrev [23] 0x933:0xd DW_TAG_member
	.long	.Linfo_string203                @ DW_AT_name
	.long	2227                            @ DW_AT_type
	.byte	5                               @ DW_AT_decl_file
	.short	366                             @ DW_AT_decl_line
	.byte	20                              @ DW_AT_data_member_location
	.byte	23                              @ Abbrev [23] 0x940:0xd DW_TAG_member
	.long	.Linfo_string18                 @ DW_AT_name
	.long	2044                            @ DW_AT_type
	.byte	5                               @ DW_AT_decl_file
	.short	367                             @ DW_AT_decl_line
	.byte	24                              @ DW_AT_data_member_location
	.byte	23                              @ Abbrev [23] 0x94d:0xd DW_TAG_member
	.long	.Linfo_string204                @ DW_AT_name
	.long	2413                            @ DW_AT_type
	.byte	5                               @ DW_AT_decl_file
	.short	368                             @ DW_AT_decl_line
	.byte	28                              @ DW_AT_data_member_location
	.byte	23                              @ Abbrev [23] 0x95a:0xd DW_TAG_member
	.long	.Linfo_string205                @ DW_AT_name
	.long	2227                            @ DW_AT_type
	.byte	5                               @ DW_AT_decl_file
	.short	369                             @ DW_AT_decl_line
	.byte	36                              @ DW_AT_data_member_location
	.byte	0                               @ End Of Children Mark
	.byte	9                               @ Abbrev [9] 0x968:0x5 DW_TAG_const_type
	.long	2227                            @ DW_AT_type
	.byte	3                               @ Abbrev [3] 0x96d:0xc DW_TAG_array_type
	.long	2227                            @ DW_AT_type
	.byte	4                               @ Abbrev [4] 0x972:0x6 DW_TAG_subrange_type
	.long	1294                            @ DW_AT_type
	.byte	2                               @ DW_AT_count
	.byte	0                               @ End Of Children Mark
	.byte	26                              @ Abbrev [26] 0x979:0x1f DW_TAG_subprogram
	.long	.Linfo_string207                @ DW_AT_name
	.byte	2                               @ DW_AT_decl_file
	.byte	131                             @ DW_AT_decl_line
                                        @ DW_AT_prototyped
	.byte	1                               @ DW_AT_inline
	.byte	27                              @ Abbrev [27] 0x981:0xb DW_TAG_formal_parameter
	.long	.Linfo_string208                @ DW_AT_name
	.byte	2                               @ DW_AT_decl_file
	.byte	131                             @ DW_AT_decl_line
	.long	295                             @ DW_AT_type
	.byte	28                              @ Abbrev [28] 0x98c:0xb DW_TAG_variable
	.long	.Linfo_string209                @ DW_AT_name
	.byte	2                               @ DW_AT_decl_file
	.byte	133                             @ DW_AT_decl_line
	.long	2456                            @ DW_AT_type
	.byte	0                               @ End Of Children Mark
	.byte	8                               @ Abbrev [8] 0x998:0x5 DW_TAG_pointer_type
	.long	67                              @ DW_AT_type
	.byte	29                              @ Abbrev [29] 0x99d:0x22 DW_TAG_subprogram
	.long	.Linfo_string210                @ DW_AT_name
	.byte	2                               @ DW_AT_decl_file
	.short	385                             @ DW_AT_decl_line
                                        @ DW_AT_prototyped
	.byte	1                               @ DW_AT_inline
	.byte	30                              @ Abbrev [30] 0x9a6:0xc DW_TAG_formal_parameter
	.long	.Linfo_string208                @ DW_AT_name
	.byte	2                               @ DW_AT_decl_file
	.short	385                             @ DW_AT_decl_line
	.long	295                             @ DW_AT_type
	.byte	31                              @ Abbrev [31] 0x9b2:0xc DW_TAG_variable
	.long	.Linfo_string211                @ DW_AT_name
	.byte	2                               @ DW_AT_decl_file
	.short	387                             @ DW_AT_decl_line
	.long	225                             @ DW_AT_type
	.byte	0                               @ End Of Children Mark
	.byte	32                              @ Abbrev [32] 0x9bf:0x1a DW_TAG_subprogram
	.long	.Linfo_string212                @ DW_AT_name
	.byte	3                               @ DW_AT_decl_file
	.short	710                             @ DW_AT_decl_line
                                        @ DW_AT_prototyped
	.long	225                             @ DW_AT_type
	.byte	1                               @ DW_AT_inline
	.byte	30                              @ Abbrev [30] 0x9cc:0xc DW_TAG_formal_parameter
	.long	.Linfo_string208                @ DW_AT_name
	.byte	3                               @ DW_AT_decl_file
	.short	710                             @ DW_AT_decl_line
	.long	295                             @ DW_AT_type
	.byte	0                               @ End Of Children Mark
	.byte	32                              @ Abbrev [32] 0x9d9:0x1a DW_TAG_subprogram
	.long	.Linfo_string213                @ DW_AT_name
	.byte	3                               @ DW_AT_decl_file
	.short	1240                            @ DW_AT_decl_line
                                        @ DW_AT_prototyped
	.long	243                             @ DW_AT_type
	.byte	1                               @ DW_AT_inline
	.byte	30                              @ Abbrev [30] 0x9e6:0xc DW_TAG_formal_parameter
	.long	.Linfo_string208                @ DW_AT_name
	.byte	3                               @ DW_AT_decl_file
	.short	1240                            @ DW_AT_decl_line
	.long	295                             @ DW_AT_type
	.byte	0                               @ End Of Children Mark
	.byte	32                              @ Abbrev [32] 0x9f3:0x1a DW_TAG_subprogram
	.long	.Linfo_string214                @ DW_AT_name
	.byte	3                               @ DW_AT_decl_file
	.short	1073                            @ DW_AT_decl_line
                                        @ DW_AT_prototyped
	.long	243                             @ DW_AT_type
	.byte	1                               @ DW_AT_inline
	.byte	30                              @ Abbrev [30] 0xa00:0xc DW_TAG_formal_parameter
	.long	.Linfo_string208                @ DW_AT_name
	.byte	3                               @ DW_AT_decl_file
	.short	1073                            @ DW_AT_decl_line
	.long	295                             @ DW_AT_type
	.byte	0                               @ End Of Children Mark
	.byte	29                              @ Abbrev [29] 0xa0d:0x22 DW_TAG_subprogram
	.long	.Linfo_string215                @ DW_AT_name
	.byte	3                               @ DW_AT_decl_file
	.short	516                             @ DW_AT_decl_line
                                        @ DW_AT_prototyped
	.byte	1                               @ DW_AT_inline
	.byte	30                              @ Abbrev [30] 0xa16:0xc DW_TAG_formal_parameter
	.long	.Linfo_string208                @ DW_AT_name
	.byte	3                               @ DW_AT_decl_file
	.short	516                             @ DW_AT_decl_line
	.long	295                             @ DW_AT_type
	.byte	30                              @ Abbrev [30] 0xa22:0xc DW_TAG_formal_parameter
	.long	.Linfo_string216                @ DW_AT_name
	.byte	3                               @ DW_AT_decl_file
	.short	516                             @ DW_AT_decl_line
	.long	225                             @ DW_AT_type
	.byte	0                               @ End Of Children Mark
	.byte	26                              @ Abbrev [26] 0xa2f:0x1f DW_TAG_subprogram
	.long	.Linfo_string217                @ DW_AT_name
	.byte	2                               @ DW_AT_decl_file
	.byte	253                             @ DW_AT_decl_line
                                        @ DW_AT_prototyped
	.byte	1                               @ DW_AT_inline
	.byte	27                              @ Abbrev [27] 0xa37:0xb DW_TAG_formal_parameter
	.long	.Linfo_string208                @ DW_AT_name
	.byte	2                               @ DW_AT_decl_file
	.byte	253                             @ DW_AT_decl_line
	.long	295                             @ DW_AT_type
	.byte	28                              @ Abbrev [28] 0xa42:0xb DW_TAG_variable
	.long	.Linfo_string209                @ DW_AT_name
	.byte	2                               @ DW_AT_decl_file
	.byte	255                             @ DW_AT_decl_line
	.long	2456                            @ DW_AT_type
	.byte	0                               @ End Of Children Mark
	.byte	26                              @ Abbrev [26] 0xa4e:0x1f DW_TAG_subprogram
	.long	.Linfo_string218                @ DW_AT_name
	.byte	2                               @ DW_AT_decl_file
	.byte	236                             @ DW_AT_decl_line
                                        @ DW_AT_prototyped
	.byte	1                               @ DW_AT_inline
	.byte	27                              @ Abbrev [27] 0xa56:0xb DW_TAG_formal_parameter
	.long	.Linfo_string208                @ DW_AT_name
	.byte	2                               @ DW_AT_decl_file
	.byte	236                             @ DW_AT_decl_line
	.long	295                             @ DW_AT_type
	.byte	28                              @ Abbrev [28] 0xa61:0xb DW_TAG_variable
	.long	.Linfo_string209                @ DW_AT_name
	.byte	2                               @ DW_AT_decl_file
	.byte	238                             @ DW_AT_decl_line
	.long	2456                            @ DW_AT_type
	.byte	0                               @ End Of Children Mark
	.byte	32                              @ Abbrev [32] 0xa6d:0x1a DW_TAG_subprogram
	.long	.Linfo_string219                @ DW_AT_name
	.byte	3                               @ DW_AT_decl_file
	.short	1102                            @ DW_AT_decl_line
                                        @ DW_AT_prototyped
	.long	243                             @ DW_AT_type
	.byte	1                               @ DW_AT_inline
	.byte	30                              @ Abbrev [30] 0xa7a:0xc DW_TAG_formal_parameter
	.long	.Linfo_string208                @ DW_AT_name
	.byte	3                               @ DW_AT_decl_file
	.short	1102                            @ DW_AT_decl_line
	.long	295                             @ DW_AT_type
	.byte	0                               @ End Of Children Mark
	.byte	26                              @ Abbrev [26] 0xa87:0x1f DW_TAG_subprogram
	.long	.Linfo_string220                @ DW_AT_name
	.byte	2                               @ DW_AT_decl_file
	.byte	213                             @ DW_AT_decl_line
                                        @ DW_AT_prototyped
	.byte	1                               @ DW_AT_inline
	.byte	27                              @ Abbrev [27] 0xa8f:0xb DW_TAG_formal_parameter
	.long	.Linfo_string208                @ DW_AT_name
	.byte	2                               @ DW_AT_decl_file
	.byte	213                             @ DW_AT_decl_line
	.long	295                             @ DW_AT_type
	.byte	28                              @ Abbrev [28] 0xa9a:0xb DW_TAG_variable
	.long	.Linfo_string209                @ DW_AT_name
	.byte	2                               @ DW_AT_decl_file
	.byte	215                             @ DW_AT_decl_line
	.long	2456                            @ DW_AT_type
	.byte	0                               @ End Of Children Mark
	.byte	29                              @ Abbrev [29] 0xaa6:0x22 DW_TAG_subprogram
	.long	.Linfo_string221                @ DW_AT_name
	.byte	3                               @ DW_AT_decl_file
	.short	591                             @ DW_AT_decl_line
                                        @ DW_AT_prototyped
	.byte	1                               @ DW_AT_inline
	.byte	30                              @ Abbrev [30] 0xaaf:0xc DW_TAG_formal_parameter
	.long	.Linfo_string208                @ DW_AT_name
	.byte	3                               @ DW_AT_decl_file
	.short	591                             @ DW_AT_decl_line
	.long	295                             @ DW_AT_type
	.byte	30                              @ Abbrev [30] 0xabb:0xc DW_TAG_formal_parameter
	.long	.Linfo_string222                @ DW_AT_name
	.byte	3                               @ DW_AT_decl_file
	.short	591                             @ DW_AT_decl_line
	.long	2760                            @ DW_AT_type
	.byte	0                               @ End Of Children Mark
	.byte	5                               @ Abbrev [5] 0xac8:0xb DW_TAG_typedef
	.long	1525                            @ DW_AT_type
	.long	.Linfo_string223                @ DW_AT_name
	.byte	3                               @ DW_AT_decl_file
	.byte	180                             @ DW_AT_decl_line
	.byte	29                              @ Abbrev [29] 0xad3:0x22 DW_TAG_subprogram
	.long	.Linfo_string224                @ DW_AT_name
	.byte	3                               @ DW_AT_decl_file
	.short	607                             @ DW_AT_decl_line
                                        @ DW_AT_prototyped
	.byte	1                               @ DW_AT_inline
	.byte	30                              @ Abbrev [30] 0xadc:0xc DW_TAG_formal_parameter
	.long	.Linfo_string208                @ DW_AT_name
	.byte	3                               @ DW_AT_decl_file
	.short	607                             @ DW_AT_decl_line
	.long	295                             @ DW_AT_type
	.byte	30                              @ Abbrev [30] 0xae8:0xc DW_TAG_formal_parameter
	.long	.Linfo_string225                @ DW_AT_name
	.byte	3                               @ DW_AT_decl_file
	.short	607                             @ DW_AT_decl_line
	.long	2760                            @ DW_AT_type
	.byte	0                               @ End Of Children Mark
	.byte	29                              @ Abbrev [29] 0xaf5:0x22 DW_TAG_subprogram
	.long	.Linfo_string226                @ DW_AT_name
	.byte	3                               @ DW_AT_decl_file
	.short	667                             @ DW_AT_decl_line
                                        @ DW_AT_prototyped
	.byte	1                               @ DW_AT_inline
	.byte	30                              @ Abbrev [30] 0xafe:0xc DW_TAG_formal_parameter
	.long	.Linfo_string208                @ DW_AT_name
	.byte	3                               @ DW_AT_decl_file
	.short	667                             @ DW_AT_decl_line
	.long	295                             @ DW_AT_type
	.byte	30                              @ Abbrev [30] 0xb0a:0xc DW_TAG_formal_parameter
	.long	.Linfo_string227                @ DW_AT_name
	.byte	3                               @ DW_AT_decl_file
	.short	667                             @ DW_AT_decl_line
	.long	2760                            @ DW_AT_type
	.byte	0                               @ End Of Children Mark
	.byte	32                              @ Abbrev [32] 0xb17:0x1a DW_TAG_subprogram
	.long	.Linfo_string228                @ DW_AT_name
	.byte	3                               @ DW_AT_decl_file
	.short	698                             @ DW_AT_decl_line
                                        @ DW_AT_prototyped
	.long	225                             @ DW_AT_type
	.byte	1                               @ DW_AT_inline
	.byte	30                              @ Abbrev [30] 0xb24:0xc DW_TAG_formal_parameter
	.long	.Linfo_string208                @ DW_AT_name
	.byte	3                               @ DW_AT_decl_file
	.short	698                             @ DW_AT_decl_line
	.long	295                             @ DW_AT_type
	.byte	0                               @ End Of Children Mark
	.byte	33                              @ Abbrev [33] 0xb31:0x19a DW_TAG_subprogram
	.long	.Lfunc_begin0                   @ DW_AT_low_pc
	.long	.Lfunc_end0-.Lfunc_begin0       @ DW_AT_high_pc
	.byte	1                               @ DW_AT_frame_base
	.byte	93
                                        @ DW_AT_GNU_all_call_sites
	.long	.Linfo_string254                @ DW_AT_name
	.byte	2                               @ DW_AT_decl_file
	.short	468                             @ DW_AT_decl_line
                                        @ DW_AT_prototyped
                                        @ DW_AT_external
	.byte	34                              @ Abbrev [34] 0xb43:0x187 DW_TAG_inlined_subroutine
	.long	2461                            @ DW_AT_abstract_origin
	.long	.Ltmp0                          @ DW_AT_low_pc
	.long	.Ltmp43-.Ltmp0                  @ DW_AT_high_pc
	.byte	2                               @ DW_AT_call_file
	.short	470                             @ DW_AT_call_line
	.byte	5                               @ DW_AT_call_column
	.byte	35                              @ Abbrev [35] 0xb54:0x9 DW_TAG_formal_parameter
	.long	.Ldebug_loc0                    @ DW_AT_location
	.long	2470                            @ DW_AT_abstract_origin
	.byte	36                              @ Abbrev [36] 0xb5d:0xc5 DW_TAG_inlined_subroutine
	.long	2425                            @ DW_AT_abstract_origin
	.long	.Ldebug_ranges0                 @ DW_AT_ranges
	.byte	2                               @ DW_AT_call_file
	.short	407                             @ DW_AT_call_line
	.byte	17                              @ DW_AT_call_column
	.byte	35                              @ Abbrev [35] 0xb6a:0x9 DW_TAG_formal_parameter
	.long	.Ldebug_loc1                    @ DW_AT_location
	.long	2433                            @ DW_AT_abstract_origin
	.byte	37                              @ Abbrev [37] 0xb73:0x1b DW_TAG_inlined_subroutine
	.long	2495                            @ DW_AT_abstract_origin
	.long	.Ltmp5                          @ DW_AT_low_pc
	.long	.Ltmp6-.Ltmp5                   @ DW_AT_high_pc
	.byte	2                               @ DW_AT_call_file
	.byte	141                             @ DW_AT_call_line
	.byte	17                              @ DW_AT_call_column
	.byte	38                              @ Abbrev [38] 0xb83:0xa DW_TAG_formal_parameter
	.ascii	"\200\242\200\200\005"          @ DW_AT_const_value
	.long	2508                            @ DW_AT_abstract_origin
	.byte	0                               @ End Of Children Mark
	.byte	37                              @ Abbrev [37] 0xb8e:0x1b DW_TAG_inlined_subroutine
	.long	2521                            @ DW_AT_abstract_origin
	.long	.Ltmp7                          @ DW_AT_low_pc
	.long	.Ltmp8-.Ltmp7                   @ DW_AT_high_pc
	.byte	2                               @ DW_AT_call_file
	.byte	143                             @ DW_AT_call_line
	.byte	21                              @ DW_AT_call_column
	.byte	38                              @ Abbrev [38] 0xb9e:0xa DW_TAG_formal_parameter
	.ascii	"\200\242\200\200\005"          @ DW_AT_const_value
	.long	2534                            @ DW_AT_abstract_origin
	.byte	0                               @ End Of Children Mark
	.byte	37                              @ Abbrev [37] 0xba9:0x1b DW_TAG_inlined_subroutine
	.long	2547                            @ DW_AT_abstract_origin
	.long	.Ltmp9                          @ DW_AT_low_pc
	.long	.Ltmp10-.Ltmp9                  @ DW_AT_high_pc
	.byte	2                               @ DW_AT_call_file
	.byte	149                             @ DW_AT_call_line
	.byte	23                              @ DW_AT_call_column
	.byte	38                              @ Abbrev [38] 0xbb9:0xa DW_TAG_formal_parameter
	.ascii	"\200\242\200\200\005"          @ DW_AT_const_value
	.long	2560                            @ DW_AT_abstract_origin
	.byte	0                               @ End Of Children Mark
	.byte	37                              @ Abbrev [37] 0xbc4:0x1b DW_TAG_inlined_subroutine
	.long	2573                            @ DW_AT_abstract_origin
	.long	.Ltmp12                         @ DW_AT_low_pc
	.long	.Ltmp13-.Ltmp12                 @ DW_AT_high_pc
	.byte	2                               @ DW_AT_call_file
	.byte	154                             @ DW_AT_call_line
	.byte	13                              @ DW_AT_call_column
	.byte	38                              @ Abbrev [38] 0xbd4:0xa DW_TAG_formal_parameter
	.ascii	"\200\242\200\200\005"          @ DW_AT_const_value
	.long	2582                            @ DW_AT_abstract_origin
	.byte	0                               @ End Of Children Mark
	.byte	37                              @ Abbrev [37] 0xbdf:0x21 DW_TAG_inlined_subroutine
	.long	2771                            @ DW_AT_abstract_origin
	.long	.Ltmp32                         @ DW_AT_low_pc
	.long	.Ltmp33-.Ltmp32                 @ DW_AT_high_pc
	.byte	2                               @ DW_AT_call_file
	.byte	161                             @ DW_AT_call_line
	.byte	5                               @ DW_AT_call_column
	.byte	38                              @ Abbrev [38] 0xbef:0xa DW_TAG_formal_parameter
	.ascii	"\200\242\200\200\005"          @ DW_AT_const_value
	.long	2780                            @ DW_AT_abstract_origin
	.byte	38                              @ Abbrev [38] 0xbf9:0x6 DW_TAG_formal_parameter
	.byte	0                               @ DW_AT_const_value
	.long	2792                            @ DW_AT_abstract_origin
	.byte	0                               @ End Of Children Mark
	.byte	37                              @ Abbrev [37] 0xc00:0x21 DW_TAG_inlined_subroutine
	.long	2805                            @ DW_AT_abstract_origin
	.long	.Ltmp33                         @ DW_AT_low_pc
	.long	.Ltmp34-.Ltmp33                 @ DW_AT_high_pc
	.byte	2                               @ DW_AT_call_file
	.byte	162                             @ DW_AT_call_line
	.byte	5                               @ DW_AT_call_column
	.byte	38                              @ Abbrev [38] 0xc10:0xa DW_TAG_formal_parameter
	.ascii	"\200\242\200\200\005"          @ DW_AT_const_value
	.long	2814                            @ DW_AT_abstract_origin
	.byte	38                              @ Abbrev [38] 0xc1a:0x6 DW_TAG_formal_parameter
	.byte	0                               @ DW_AT_const_value
	.long	2826                            @ DW_AT_abstract_origin
	.byte	0                               @ End Of Children Mark
	.byte	0                               @ End Of Children Mark
	.byte	36                              @ Abbrev [36] 0xc22:0x17 DW_TAG_inlined_subroutine
	.long	2607                            @ DW_AT_abstract_origin
	.long	.Ldebug_ranges1                 @ DW_AT_ranges
	.byte	2                               @ DW_AT_call_file
	.short	425                             @ DW_AT_call_line
	.byte	17                              @ DW_AT_call_column
	.byte	35                              @ Abbrev [35] 0xc2f:0x9 DW_TAG_formal_parameter
	.long	.Ldebug_loc2                    @ DW_AT_location
	.long	2615                            @ DW_AT_abstract_origin
	.byte	0                               @ End Of Children Mark
	.byte	34                              @ Abbrev [34] 0xc39:0x37 DW_TAG_inlined_subroutine
	.long	2638                            @ DW_AT_abstract_origin
	.long	.Ltmp18                         @ DW_AT_low_pc
	.long	.Ltmp23-.Ltmp18                 @ DW_AT_high_pc
	.byte	2                               @ DW_AT_call_file
	.short	419                             @ DW_AT_call_line
	.byte	17                              @ DW_AT_call_column
	.byte	38                              @ Abbrev [38] 0xc4a:0xa DW_TAG_formal_parameter
	.ascii	"\200\242\200\200\005"          @ DW_AT_const_value
	.long	2646                            @ DW_AT_abstract_origin
	.byte	37                              @ Abbrev [37] 0xc54:0x1b DW_TAG_inlined_subroutine
	.long	2669                            @ DW_AT_abstract_origin
	.long	.Ltmp21                         @ DW_AT_low_pc
	.long	.Ltmp22-.Ltmp21                 @ DW_AT_high_pc
	.byte	2                               @ DW_AT_call_file
	.byte	243                             @ DW_AT_call_line
	.byte	35                              @ DW_AT_call_column
	.byte	38                              @ Abbrev [38] 0xc64:0xa DW_TAG_formal_parameter
	.ascii	"\200\242\200\200\005"          @ DW_AT_const_value
	.long	2682                            @ DW_AT_abstract_origin
	.byte	0                               @ End Of Children Mark
	.byte	0                               @ End Of Children Mark
	.byte	34                              @ Abbrev [34] 0xc70:0x3d DW_TAG_inlined_subroutine
	.long	2695                            @ DW_AT_abstract_origin
	.long	.Ltmp25                         @ DW_AT_low_pc
	.long	.Ltmp31-.Ltmp25                 @ DW_AT_high_pc
	.byte	2                               @ DW_AT_call_file
	.short	396                             @ DW_AT_call_line
	.byte	17                              @ DW_AT_call_column
	.byte	38                              @ Abbrev [38] 0xc81:0xa DW_TAG_formal_parameter
	.ascii	"\200\242\200\200\005"          @ DW_AT_const_value
	.long	2703                            @ DW_AT_abstract_origin
	.byte	37                              @ Abbrev [37] 0xc8b:0x21 DW_TAG_inlined_subroutine
	.long	2726                            @ DW_AT_abstract_origin
	.long	.Ltmp26                         @ DW_AT_low_pc
	.long	.Ltmp27-.Ltmp26                 @ DW_AT_high_pc
	.byte	2                               @ DW_AT_call_file
	.byte	221                             @ DW_AT_call_line
	.byte	5                               @ DW_AT_call_column
	.byte	38                              @ Abbrev [38] 0xc9b:0xa DW_TAG_formal_parameter
	.ascii	"\200\242\200\200\005"          @ DW_AT_const_value
	.long	2735                            @ DW_AT_abstract_origin
	.byte	38                              @ Abbrev [38] 0xca5:0x6 DW_TAG_formal_parameter
	.byte	0                               @ DW_AT_const_value
	.long	2747                            @ DW_AT_abstract_origin
	.byte	0                               @ End Of Children Mark
	.byte	0                               @ End Of Children Mark
	.byte	34                              @ Abbrev [34] 0xcad:0x1c DW_TAG_inlined_subroutine
	.long	2839                            @ DW_AT_abstract_origin
	.long	.Ltmp37                         @ DW_AT_low_pc
	.long	.Ltmp38-.Ltmp37                 @ DW_AT_high_pc
	.byte	2                               @ DW_AT_call_file
	.short	390                             @ DW_AT_call_line
	.byte	18                              @ DW_AT_call_column
	.byte	38                              @ Abbrev [38] 0xcbe:0xa DW_TAG_formal_parameter
	.ascii	"\200\242\200\200\005"          @ DW_AT_const_value
	.long	2852                            @ DW_AT_abstract_origin
	.byte	0                               @ End Of Children Mark
	.byte	0                               @ End Of Children Mark
	.byte	0                               @ End Of Children Mark
	.byte	29                              @ Abbrev [29] 0xccb:0x22 DW_TAG_subprogram
	.long	.Linfo_string229                @ DW_AT_name
	.byte	3                               @ DW_AT_decl_file
	.short	822                             @ DW_AT_decl_line
                                        @ DW_AT_prototyped
	.byte	1                               @ DW_AT_inline
	.byte	30                              @ Abbrev [30] 0xcd4:0xc DW_TAG_formal_parameter
	.long	.Linfo_string208                @ DW_AT_name
	.byte	3                               @ DW_AT_decl_file
	.short	822                             @ DW_AT_decl_line
	.long	295                             @ DW_AT_type
	.byte	30                              @ Abbrev [30] 0xce0:0xc DW_TAG_formal_parameter
	.long	.Linfo_string230                @ DW_AT_name
	.byte	3                               @ DW_AT_decl_file
	.short	822                             @ DW_AT_decl_line
	.long	2760                            @ DW_AT_type
	.byte	0                               @ End Of Children Mark
	.byte	33                              @ Abbrev [33] 0xced:0x6f DW_TAG_subprogram
	.long	.Lfunc_begin1                   @ DW_AT_low_pc
	.long	.Lfunc_end1-.Lfunc_begin1       @ DW_AT_high_pc
	.byte	1                               @ DW_AT_frame_base
	.byte	93
                                        @ DW_AT_GNU_all_call_sites
	.long	.Linfo_string255                @ DW_AT_name
	.byte	2                               @ DW_AT_decl_file
	.short	528                             @ DW_AT_decl_line
                                        @ DW_AT_prototyped
                                        @ DW_AT_external
	.byte	39                              @ Abbrev [39] 0xcff:0xe DW_TAG_formal_parameter
	.byte	1                               @ DW_AT_location
	.byte	80
	.long	.Linfo_string208                @ DW_AT_name
	.byte	2                               @ DW_AT_decl_file
	.short	528                             @ DW_AT_decl_line
	.long	295                             @ DW_AT_type
	.byte	40                              @ Abbrev [40] 0xd0d:0x10 DW_TAG_formal_parameter
	.long	.Ldebug_loc3                    @ DW_AT_location
	.long	.Linfo_string266                @ DW_AT_name
	.byte	2                               @ DW_AT_decl_file
	.short	528                             @ DW_AT_decl_line
	.long	4923                            @ DW_AT_type
	.byte	34                              @ Abbrev [34] 0xd1d:0x1f DW_TAG_inlined_subroutine
	.long	3275                            @ DW_AT_abstract_origin
	.long	.Ltmp46                         @ DW_AT_low_pc
	.long	.Ltmp47-.Ltmp46                 @ DW_AT_high_pc
	.byte	2                               @ DW_AT_call_file
	.short	531                             @ DW_AT_call_line
	.byte	5                               @ DW_AT_call_column
	.byte	41                              @ Abbrev [41] 0xd2e:0x7 DW_TAG_formal_parameter
	.byte	1                               @ DW_AT_location
	.byte	80
	.long	3284                            @ DW_AT_abstract_origin
	.byte	38                              @ Abbrev [38] 0xd35:0x6 DW_TAG_formal_parameter
	.byte	1                               @ DW_AT_const_value
	.long	3296                            @ DW_AT_abstract_origin
	.byte	0                               @ End Of Children Mark
	.byte	34                              @ Abbrev [34] 0xd3c:0x1f DW_TAG_inlined_subroutine
	.long	3275                            @ DW_AT_abstract_origin
	.long	.Ltmp49                         @ DW_AT_low_pc
	.long	.Ltmp50-.Ltmp49                 @ DW_AT_high_pc
	.byte	2                               @ DW_AT_call_file
	.short	541                             @ DW_AT_call_line
	.byte	5                               @ DW_AT_call_column
	.byte	41                              @ Abbrev [41] 0xd4d:0x7 DW_TAG_formal_parameter
	.byte	1                               @ DW_AT_location
	.byte	80
	.long	3284                            @ DW_AT_abstract_origin
	.byte	38                              @ Abbrev [38] 0xd54:0x6 DW_TAG_formal_parameter
	.byte	0                               @ DW_AT_const_value
	.long	3296                            @ DW_AT_abstract_origin
	.byte	0                               @ End Of Children Mark
	.byte	0                               @ End Of Children Mark
	.byte	33                              @ Abbrev [33] 0xd5c:0x3d DW_TAG_subprogram
	.long	.Lfunc_begin2                   @ DW_AT_low_pc
	.long	.Lfunc_end2-.Lfunc_begin2       @ DW_AT_high_pc
	.byte	1                               @ DW_AT_frame_base
	.byte	93
                                        @ DW_AT_GNU_all_call_sites
	.long	.Linfo_string256                @ DW_AT_name
	.byte	2                               @ DW_AT_decl_file
	.short	544                             @ DW_AT_decl_line
                                        @ DW_AT_prototyped
                                        @ DW_AT_external
	.byte	40                              @ Abbrev [40] 0xd6e:0x10 DW_TAG_formal_parameter
	.long	.Ldebug_loc4                    @ DW_AT_location
	.long	.Linfo_string208                @ DW_AT_name
	.byte	2                               @ DW_AT_decl_file
	.short	544                             @ DW_AT_decl_line
	.long	295                             @ DW_AT_type
	.byte	39                              @ Abbrev [39] 0xd7e:0xe DW_TAG_formal_parameter
	.byte	1                               @ DW_AT_location
	.byte	81
	.long	.Linfo_string268                @ DW_AT_name
	.byte	2                               @ DW_AT_decl_file
	.short	544                             @ DW_AT_decl_line
	.long	1337                            @ DW_AT_type
	.byte	31                              @ Abbrev [31] 0xd8c:0xc DW_TAG_variable
	.long	.Linfo_string209                @ DW_AT_name
	.byte	2                               @ DW_AT_decl_file
	.short	546                             @ DW_AT_decl_line
	.long	2456                            @ DW_AT_type
	.byte	0                               @ End Of Children Mark
	.byte	33                              @ Abbrev [33] 0xd99:0x3d DW_TAG_subprogram
	.long	.Lfunc_begin3                   @ DW_AT_low_pc
	.long	.Lfunc_end3-.Lfunc_begin3       @ DW_AT_high_pc
	.byte	1                               @ DW_AT_frame_base
	.byte	93
                                        @ DW_AT_GNU_all_call_sites
	.long	.Linfo_string257                @ DW_AT_name
	.byte	2                               @ DW_AT_decl_file
	.short	552                             @ DW_AT_decl_line
                                        @ DW_AT_prototyped
                                        @ DW_AT_external
	.byte	40                              @ Abbrev [40] 0xdab:0x10 DW_TAG_formal_parameter
	.long	.Ldebug_loc5                    @ DW_AT_location
	.long	.Linfo_string208                @ DW_AT_name
	.byte	2                               @ DW_AT_decl_file
	.short	552                             @ DW_AT_decl_line
	.long	295                             @ DW_AT_type
	.byte	39                              @ Abbrev [39] 0xdbb:0xe DW_TAG_formal_parameter
	.byte	1                               @ DW_AT_location
	.byte	81
	.long	.Linfo_string268                @ DW_AT_name
	.byte	2                               @ DW_AT_decl_file
	.short	552                             @ DW_AT_decl_line
	.long	1337                            @ DW_AT_type
	.byte	31                              @ Abbrev [31] 0xdc9:0xc DW_TAG_variable
	.long	.Linfo_string209                @ DW_AT_name
	.byte	2                               @ DW_AT_decl_file
	.short	554                             @ DW_AT_decl_line
	.long	2456                            @ DW_AT_type
	.byte	0                               @ End Of Children Mark
	.byte	33                              @ Abbrev [33] 0xdd6:0x3d DW_TAG_subprogram
	.long	.Lfunc_begin4                   @ DW_AT_low_pc
	.long	.Lfunc_end4-.Lfunc_begin4       @ DW_AT_high_pc
	.byte	1                               @ DW_AT_frame_base
	.byte	93
                                        @ DW_AT_GNU_all_call_sites
	.long	.Linfo_string258                @ DW_AT_name
	.byte	2                               @ DW_AT_decl_file
	.short	560                             @ DW_AT_decl_line
                                        @ DW_AT_prototyped
                                        @ DW_AT_external
	.byte	40                              @ Abbrev [40] 0xde8:0x10 DW_TAG_formal_parameter
	.long	.Ldebug_loc6                    @ DW_AT_location
	.long	.Linfo_string208                @ DW_AT_name
	.byte	2                               @ DW_AT_decl_file
	.short	560                             @ DW_AT_decl_line
	.long	295                             @ DW_AT_type
	.byte	39                              @ Abbrev [39] 0xdf8:0xe DW_TAG_formal_parameter
	.byte	1                               @ DW_AT_location
	.byte	81
	.long	.Linfo_string268                @ DW_AT_name
	.byte	2                               @ DW_AT_decl_file
	.short	560                             @ DW_AT_decl_line
	.long	266                             @ DW_AT_type
	.byte	31                              @ Abbrev [31] 0xe06:0xc DW_TAG_variable
	.long	.Linfo_string209                @ DW_AT_name
	.byte	2                               @ DW_AT_decl_file
	.short	562                             @ DW_AT_decl_line
	.long	2456                            @ DW_AT_type
	.byte	0                               @ End Of Children Mark
	.byte	32                              @ Abbrev [32] 0xe13:0x1a DW_TAG_subprogram
	.long	.Linfo_string231                @ DW_AT_name
	.byte	3                               @ DW_AT_decl_file
	.short	1225                            @ DW_AT_decl_line
                                        @ DW_AT_prototyped
	.long	243                             @ DW_AT_type
	.byte	1                               @ DW_AT_inline
	.byte	30                              @ Abbrev [30] 0xe20:0xc DW_TAG_formal_parameter
	.long	.Linfo_string208                @ DW_AT_name
	.byte	3                               @ DW_AT_decl_file
	.short	1225                            @ DW_AT_decl_line
	.long	295                             @ DW_AT_type
	.byte	0                               @ End Of Children Mark
	.byte	29                              @ Abbrev [29] 0xe2d:0x22 DW_TAG_subprogram
	.long	.Linfo_string232                @ DW_AT_name
	.byte	3                               @ DW_AT_decl_file
	.short	806                             @ DW_AT_decl_line
                                        @ DW_AT_prototyped
	.byte	1                               @ DW_AT_inline
	.byte	30                              @ Abbrev [30] 0xe36:0xc DW_TAG_formal_parameter
	.long	.Linfo_string208                @ DW_AT_name
	.byte	3                               @ DW_AT_decl_file
	.short	806                             @ DW_AT_decl_line
	.long	295                             @ DW_AT_type
	.byte	30                              @ Abbrev [30] 0xe42:0xc DW_TAG_formal_parameter
	.long	.Linfo_string233                @ DW_AT_name
	.byte	3                               @ DW_AT_decl_file
	.short	806                             @ DW_AT_decl_line
	.long	243                             @ DW_AT_type
	.byte	0                               @ End Of Children Mark
	.byte	29                              @ Abbrev [29] 0xe4f:0x22 DW_TAG_subprogram
	.long	.Linfo_string234                @ DW_AT_name
	.byte	3                               @ DW_AT_decl_file
	.short	1407                            @ DW_AT_decl_line
                                        @ DW_AT_prototyped
	.byte	1                               @ DW_AT_inline
	.byte	30                              @ Abbrev [30] 0xe58:0xc DW_TAG_formal_parameter
	.long	.Linfo_string208                @ DW_AT_name
	.byte	3                               @ DW_AT_decl_file
	.short	1407                            @ DW_AT_decl_line
	.long	295                             @ DW_AT_type
	.byte	30                              @ Abbrev [30] 0xe64:0xc DW_TAG_formal_parameter
	.long	.Linfo_string235                @ DW_AT_name
	.byte	3                               @ DW_AT_decl_file
	.short	1407                            @ DW_AT_decl_line
	.long	3697                            @ DW_AT_type
	.byte	0                               @ End Of Children Mark
	.byte	11                              @ Abbrev [11] 0xe71:0xc DW_TAG_typedef
	.long	1652                            @ DW_AT_type
	.long	.Linfo_string236                @ DW_AT_name
	.byte	3                               @ DW_AT_decl_file
	.short	338                             @ DW_AT_decl_line
	.byte	29                              @ Abbrev [29] 0xe7d:0x22 DW_TAG_subprogram
	.long	.Linfo_string237                @ DW_AT_name
	.byte	3                               @ DW_AT_decl_file
	.short	969                             @ DW_AT_decl_line
                                        @ DW_AT_prototyped
	.byte	1                               @ DW_AT_inline
	.byte	30                              @ Abbrev [30] 0xe86:0xc DW_TAG_formal_parameter
	.long	.Linfo_string208                @ DW_AT_name
	.byte	3                               @ DW_AT_decl_file
	.short	969                             @ DW_AT_decl_line
	.long	295                             @ DW_AT_type
	.byte	30                              @ Abbrev [30] 0xe92:0xc DW_TAG_formal_parameter
	.long	.Linfo_string238                @ DW_AT_name
	.byte	3                               @ DW_AT_decl_file
	.short	969                             @ DW_AT_decl_line
	.long	3743                            @ DW_AT_type
	.byte	0                               @ End Of Children Mark
	.byte	11                              @ Abbrev [11] 0xe9f:0xc DW_TAG_typedef
	.long	1630                            @ DW_AT_type
	.long	.Linfo_string239                @ DW_AT_name
	.byte	3                               @ DW_AT_decl_file
	.short	329                             @ DW_AT_decl_line
	.byte	29                              @ Abbrev [29] 0xeab:0x22 DW_TAG_subprogram
	.long	.Linfo_string240                @ DW_AT_name
	.byte	3                               @ DW_AT_decl_file
	.short	1013                            @ DW_AT_decl_line
                                        @ DW_AT_prototyped
	.byte	1                               @ DW_AT_inline
	.byte	30                              @ Abbrev [30] 0xeb4:0xc DW_TAG_formal_parameter
	.long	.Linfo_string208                @ DW_AT_name
	.byte	3                               @ DW_AT_decl_file
	.short	1013                            @ DW_AT_decl_line
	.long	295                             @ DW_AT_type
	.byte	30                              @ Abbrev [30] 0xec0:0xc DW_TAG_formal_parameter
	.long	.Linfo_string241                @ DW_AT_name
	.byte	3                               @ DW_AT_decl_file
	.short	1013                            @ DW_AT_decl_line
	.long	3743                            @ DW_AT_type
	.byte	0                               @ End Of Children Mark
	.byte	29                              @ Abbrev [29] 0xecd:0x22 DW_TAG_subprogram
	.long	.Linfo_string242                @ DW_AT_name
	.byte	3                               @ DW_AT_decl_file
	.short	1419                            @ DW_AT_decl_line
                                        @ DW_AT_prototyped
	.byte	1                               @ DW_AT_inline
	.byte	30                              @ Abbrev [30] 0xed6:0xc DW_TAG_formal_parameter
	.long	.Linfo_string208                @ DW_AT_name
	.byte	3                               @ DW_AT_decl_file
	.short	1419                            @ DW_AT_decl_line
	.long	295                             @ DW_AT_type
	.byte	30                              @ Abbrev [30] 0xee2:0xc DW_TAG_formal_parameter
	.long	.Linfo_string243                @ DW_AT_name
	.byte	3                               @ DW_AT_decl_file
	.short	1420                            @ DW_AT_decl_line
	.long	1361                            @ DW_AT_type
	.byte	0                               @ End Of Children Mark
	.byte	29                              @ Abbrev [29] 0xeef:0x22 DW_TAG_subprogram
	.long	.Linfo_string244                @ DW_AT_name
	.byte	3                               @ DW_AT_decl_file
	.short	1432                            @ DW_AT_decl_line
                                        @ DW_AT_prototyped
	.byte	1                               @ DW_AT_inline
	.byte	30                              @ Abbrev [30] 0xef8:0xc DW_TAG_formal_parameter
	.long	.Linfo_string208                @ DW_AT_name
	.byte	3                               @ DW_AT_decl_file
	.short	1432                            @ DW_AT_decl_line
	.long	295                             @ DW_AT_type
	.byte	30                              @ Abbrev [30] 0xf04:0xc DW_TAG_formal_parameter
	.long	.Linfo_string245                @ DW_AT_name
	.byte	3                               @ DW_AT_decl_file
	.short	1433                            @ DW_AT_decl_line
	.long	3857                            @ DW_AT_type
	.byte	0                               @ End Of Children Mark
	.byte	11                              @ Abbrev [11] 0xf11:0xc DW_TAG_typedef
	.long	1674                            @ DW_AT_type
	.long	.Linfo_string246                @ DW_AT_name
	.byte	3                               @ DW_AT_decl_file
	.short	370                             @ DW_AT_decl_line
	.byte	33                              @ Abbrev [33] 0xf1d:0x115 DW_TAG_subprogram
	.long	.Lfunc_begin5                   @ DW_AT_low_pc
	.long	.Lfunc_end5-.Lfunc_begin5       @ DW_AT_high_pc
	.byte	1                               @ DW_AT_frame_base
	.byte	93
                                        @ DW_AT_GNU_all_call_sites
	.long	.Linfo_string259                @ DW_AT_name
	.byte	2                               @ DW_AT_decl_file
	.short	568                             @ DW_AT_decl_line
                                        @ DW_AT_prototyped
                                        @ DW_AT_external
	.byte	40                              @ Abbrev [40] 0xf2f:0x10 DW_TAG_formal_parameter
	.long	.Ldebug_loc7                    @ DW_AT_location
	.long	.Linfo_string208                @ DW_AT_name
	.byte	2                               @ DW_AT_decl_file
	.short	568                             @ DW_AT_decl_line
	.long	295                             @ DW_AT_type
	.byte	40                              @ Abbrev [40] 0xf3f:0x10 DW_TAG_formal_parameter
	.long	.Ldebug_loc8                    @ DW_AT_location
	.long	.Linfo_string269                @ DW_AT_name
	.byte	2                               @ DW_AT_decl_file
	.short	568                             @ DW_AT_decl_line
	.long	4935                            @ DW_AT_type
	.byte	42                              @ Abbrev [42] 0xf4f:0x10 DW_TAG_variable
	.long	.Ldebug_loc11                   @ DW_AT_location
	.long	.Linfo_string209                @ DW_AT_name
	.byte	2                               @ DW_AT_decl_file
	.short	571                             @ DW_AT_decl_line
	.long	2456                            @ DW_AT_type
	.byte	34                              @ Abbrev [34] 0xf5f:0x19 DW_TAG_inlined_subroutine
	.long	3603                            @ DW_AT_abstract_origin
	.long	.Ltmp70                         @ DW_AT_low_pc
	.long	.Ltmp71-.Ltmp70                 @ DW_AT_high_pc
	.byte	2                               @ DW_AT_call_file
	.short	584                             @ DW_AT_call_line
	.byte	5                               @ DW_AT_call_column
	.byte	41                              @ Abbrev [41] 0xf70:0x7 DW_TAG_formal_parameter
	.byte	1                               @ DW_AT_location
	.byte	85
	.long	3616                            @ DW_AT_abstract_origin
	.byte	0                               @ End Of Children Mark
	.byte	34                              @ Abbrev [34] 0xf78:0x20 DW_TAG_inlined_subroutine
	.long	3629                            @ DW_AT_abstract_origin
	.long	.Ltmp73                         @ DW_AT_low_pc
	.long	.Ltmp74-.Ltmp73                 @ DW_AT_high_pc
	.byte	2                               @ DW_AT_call_file
	.short	590                             @ DW_AT_call_line
	.byte	5                               @ DW_AT_call_column
	.byte	41                              @ Abbrev [41] 0xf89:0x7 DW_TAG_formal_parameter
	.byte	1                               @ DW_AT_location
	.byte	85
	.long	3638                            @ DW_AT_abstract_origin
	.byte	41                              @ Abbrev [41] 0xf90:0x7 DW_TAG_formal_parameter
	.byte	1                               @ DW_AT_location
	.byte	82
	.long	3650                            @ DW_AT_abstract_origin
	.byte	0                               @ End Of Children Mark
	.byte	34                              @ Abbrev [34] 0xf98:0x20 DW_TAG_inlined_subroutine
	.long	3663                            @ DW_AT_abstract_origin
	.long	.Ltmp75                         @ DW_AT_low_pc
	.long	.Ltmp76-.Ltmp75                 @ DW_AT_high_pc
	.byte	2                               @ DW_AT_call_file
	.short	595                             @ DW_AT_call_line
	.byte	5                               @ DW_AT_call_column
	.byte	41                              @ Abbrev [41] 0xfa9:0x7 DW_TAG_formal_parameter
	.byte	1                               @ DW_AT_location
	.byte	85
	.long	3672                            @ DW_AT_abstract_origin
	.byte	41                              @ Abbrev [41] 0xfb0:0x7 DW_TAG_formal_parameter
	.byte	1                               @ DW_AT_location
	.byte	81
	.long	3684                            @ DW_AT_abstract_origin
	.byte	0                               @ End Of Children Mark
	.byte	34                              @ Abbrev [34] 0xfb8:0x25 DW_TAG_inlined_subroutine
	.long	3709                            @ DW_AT_abstract_origin
	.long	.Ltmp80                         @ DW_AT_low_pc
	.long	.Ltmp82-.Ltmp80                 @ DW_AT_high_pc
	.byte	2                               @ DW_AT_call_file
	.short	603                             @ DW_AT_call_line
	.byte	13                              @ DW_AT_call_column
	.byte	38                              @ Abbrev [38] 0xfc9:0xa DW_TAG_formal_parameter
	.ascii	"\200\240\200\200\005"          @ DW_AT_const_value
	.long	3718                            @ DW_AT_abstract_origin
	.byte	35                              @ Abbrev [35] 0xfd3:0x9 DW_TAG_formal_parameter
	.long	.Ldebug_loc9                    @ DW_AT_location
	.long	3730                            @ DW_AT_abstract_origin
	.byte	0                               @ End Of Children Mark
	.byte	34                              @ Abbrev [34] 0xfdd:0x1b DW_TAG_inlined_subroutine
	.long	3755                            @ DW_AT_abstract_origin
	.long	.Ltmp83                         @ DW_AT_low_pc
	.long	.Ltmp85-.Ltmp83                 @ DW_AT_high_pc
	.byte	2                               @ DW_AT_call_file
	.short	604                             @ DW_AT_call_line
	.byte	13                              @ DW_AT_call_column
	.byte	35                              @ Abbrev [35] 0xfee:0x9 DW_TAG_formal_parameter
	.long	.Ldebug_loc10                   @ DW_AT_location
	.long	3764                            @ DW_AT_abstract_origin
	.byte	0                               @ End Of Children Mark
	.byte	34                              @ Abbrev [34] 0xff8:0x19 DW_TAG_inlined_subroutine
	.long	3789                            @ DW_AT_abstract_origin
	.long	.Ltmp86                         @ DW_AT_low_pc
	.long	.Ltmp87-.Ltmp86                 @ DW_AT_high_pc
	.byte	2                               @ DW_AT_call_file
	.short	608                             @ DW_AT_call_line
	.byte	9                               @ DW_AT_call_column
	.byte	41                              @ Abbrev [41] 0x1009:0x7 DW_TAG_formal_parameter
	.byte	1                               @ DW_AT_location
	.byte	85
	.long	3798                            @ DW_AT_abstract_origin
	.byte	0                               @ End Of Children Mark
	.byte	34                              @ Abbrev [34] 0x1011:0x20 DW_TAG_inlined_subroutine
	.long	3823                            @ DW_AT_abstract_origin
	.long	.Ltmp88                         @ DW_AT_low_pc
	.long	.Ltmp89-.Ltmp88                 @ DW_AT_high_pc
	.byte	2                               @ DW_AT_call_file
	.short	610                             @ DW_AT_call_line
	.byte	9                               @ DW_AT_call_column
	.byte	41                              @ Abbrev [41] 0x1022:0x7 DW_TAG_formal_parameter
	.byte	1                               @ DW_AT_location
	.byte	85
	.long	3832                            @ DW_AT_abstract_origin
	.byte	41                              @ Abbrev [41] 0x1029:0x7 DW_TAG_formal_parameter
	.byte	1                               @ DW_AT_location
	.byte	83
	.long	3844                            @ DW_AT_abstract_origin
	.byte	0                               @ End Of Children Mark
	.byte	0                               @ End Of Children Mark
	.byte	29                              @ Abbrev [29] 0x1032:0x16 DW_TAG_subprogram
	.long	.Linfo_string247                @ DW_AT_name
	.byte	5                               @ DW_AT_decl_file
	.short	779                             @ DW_AT_decl_line
                                        @ DW_AT_prototyped
	.byte	1                               @ DW_AT_inline
	.byte	30                              @ Abbrev [30] 0x103b:0xc DW_TAG_formal_parameter
	.long	.Linfo_string175                @ DW_AT_name
	.byte	5                               @ DW_AT_decl_file
	.short	779                             @ DW_AT_decl_line
	.long	4168                            @ DW_AT_type
	.byte	0                               @ End Of Children Mark
	.byte	5                               @ Abbrev [5] 0x1048:0xb DW_TAG_typedef
	.long	1730                            @ DW_AT_type
	.long	.Linfo_string248                @ DW_AT_name
	.byte	4                               @ DW_AT_decl_file
	.byte	130                             @ DW_AT_decl_line
	.byte	29                              @ Abbrev [29] 0x1053:0x16 DW_TAG_subprogram
	.long	.Linfo_string249                @ DW_AT_name
	.byte	5                               @ DW_AT_decl_file
	.short	741                             @ DW_AT_decl_line
                                        @ DW_AT_prototyped
	.byte	1                               @ DW_AT_inline
	.byte	30                              @ Abbrev [30] 0x105c:0xc DW_TAG_formal_parameter
	.long	.Linfo_string175                @ DW_AT_name
	.byte	5                               @ DW_AT_decl_file
	.short	741                             @ DW_AT_decl_line
	.long	4168                            @ DW_AT_type
	.byte	0                               @ End Of Children Mark
	.byte	33                              @ Abbrev [33] 0x1069:0xc3 DW_TAG_subprogram
	.long	.Lfunc_begin6                   @ DW_AT_low_pc
	.long	.Lfunc_end6-.Lfunc_begin6       @ DW_AT_high_pc
	.byte	1                               @ DW_AT_frame_base
	.byte	93
                                        @ DW_AT_GNU_all_call_sites
	.long	.Linfo_string260                @ DW_AT_name
	.byte	2                               @ DW_AT_decl_file
	.short	652                             @ DW_AT_decl_line
                                        @ DW_AT_prototyped
                                        @ DW_AT_external
	.byte	40                              @ Abbrev [40] 0x107b:0x10 DW_TAG_formal_parameter
	.long	.Ldebug_loc12                   @ DW_AT_location
	.long	.Linfo_string208                @ DW_AT_name
	.byte	2                               @ DW_AT_decl_file
	.short	652                             @ DW_AT_decl_line
	.long	295                             @ DW_AT_type
	.byte	40                              @ Abbrev [40] 0x108b:0x10 DW_TAG_formal_parameter
	.long	.Ldebug_loc13                   @ DW_AT_location
	.long	.Linfo_string216                @ DW_AT_name
	.byte	2                               @ DW_AT_decl_file
	.short	652                             @ DW_AT_decl_line
	.long	215                             @ DW_AT_type
	.byte	40                              @ Abbrev [40] 0x109b:0x10 DW_TAG_formal_parameter
	.long	.Ldebug_loc14                   @ DW_AT_location
	.long	.Linfo_string283                @ DW_AT_name
	.byte	2                               @ DW_AT_decl_file
	.short	652                             @ DW_AT_decl_line
	.long	243                             @ DW_AT_type
	.byte	40                              @ Abbrev [40] 0x10ab:0x10 DW_TAG_formal_parameter
	.long	.Ldebug_loc15                   @ DW_AT_location
	.long	.Linfo_string284                @ DW_AT_name
	.byte	2                               @ DW_AT_decl_file
	.short	652                             @ DW_AT_decl_line
	.long	5163                            @ DW_AT_type
	.byte	42                              @ Abbrev [42] 0x10bb:0x10 DW_TAG_variable
	.long	.Ldebug_loc16                   @ DW_AT_location
	.long	.Linfo_string209                @ DW_AT_name
	.byte	2                               @ DW_AT_decl_file
	.short	654                             @ DW_AT_decl_line
	.long	2456                            @ DW_AT_type
	.byte	43                              @ Abbrev [43] 0x10cb:0x11 DW_TAG_inlined_subroutine
	.long	4146                            @ DW_AT_abstract_origin
	.long	.Ltmp100                        @ DW_AT_low_pc
	.long	.Ltmp107-.Ltmp100               @ DW_AT_high_pc
	.byte	2                               @ DW_AT_call_file
	.short	670                             @ DW_AT_call_line
	.byte	9                               @ DW_AT_call_column
	.byte	34                              @ Abbrev [34] 0x10dc:0x1f DW_TAG_inlined_subroutine
	.long	2771                            @ DW_AT_abstract_origin
	.long	.Ltmp107                        @ DW_AT_low_pc
	.long	.Ltmp108-.Ltmp107               @ DW_AT_high_pc
	.byte	2                               @ DW_AT_call_file
	.short	673                             @ DW_AT_call_line
	.byte	9                               @ DW_AT_call_column
	.byte	41                              @ Abbrev [41] 0x10ed:0x7 DW_TAG_formal_parameter
	.byte	1                               @ DW_AT_location
	.byte	80
	.long	2780                            @ DW_AT_abstract_origin
	.byte	38                              @ Abbrev [38] 0x10f4:0x6 DW_TAG_formal_parameter
	.byte	1                               @ DW_AT_const_value
	.long	2792                            @ DW_AT_abstract_origin
	.byte	0                               @ End Of Children Mark
	.byte	34                              @ Abbrev [34] 0x10fb:0x1f DW_TAG_inlined_subroutine
	.long	2805                            @ DW_AT_abstract_origin
	.long	.Ltmp108                        @ DW_AT_low_pc
	.long	.Ltmp109-.Ltmp108               @ DW_AT_high_pc
	.byte	2                               @ DW_AT_call_file
	.short	674                             @ DW_AT_call_line
	.byte	9                               @ DW_AT_call_column
	.byte	41                              @ Abbrev [41] 0x110c:0x7 DW_TAG_formal_parameter
	.byte	1                               @ DW_AT_location
	.byte	80
	.long	2814                            @ DW_AT_abstract_origin
	.byte	38                              @ Abbrev [38] 0x1113:0x6 DW_TAG_formal_parameter
	.byte	1                               @ DW_AT_const_value
	.long	2826                            @ DW_AT_abstract_origin
	.byte	0                               @ End Of Children Mark
	.byte	43                              @ Abbrev [43] 0x111a:0x11 DW_TAG_inlined_subroutine
	.long	4179                            @ DW_AT_abstract_origin
	.long	.Ltmp111                        @ DW_AT_low_pc
	.long	.Ltmp112-.Ltmp111               @ DW_AT_high_pc
	.byte	2                               @ DW_AT_call_file
	.short	679                             @ DW_AT_call_line
	.byte	9                               @ DW_AT_call_column
	.byte	0                               @ End Of Children Mark
	.byte	44                              @ Abbrev [44] 0x112c:0x33 DW_TAG_subprogram
	.long	.Lfunc_begin7                   @ DW_AT_low_pc
	.long	.Lfunc_end7-.Lfunc_begin7       @ DW_AT_high_pc
	.byte	1                               @ DW_AT_frame_base
	.byte	93
                                        @ DW_AT_GNU_all_call_sites
	.long	.Linfo_string261                @ DW_AT_name
	.byte	5                               @ DW_AT_decl_file
	.short	850                             @ DW_AT_decl_line
                                        @ DW_AT_prototyped
	.byte	40                              @ Abbrev [40] 0x113e:0x10 DW_TAG_formal_parameter
	.long	.Ldebug_loc17                   @ DW_AT_location
	.long	.Linfo_string175                @ DW_AT_name
	.byte	5                               @ DW_AT_decl_file
	.short	850                             @ DW_AT_decl_line
	.long	4168                            @ DW_AT_type
	.byte	40                              @ Abbrev [40] 0x114e:0x10 DW_TAG_formal_parameter
	.long	.Ldebug_loc18                   @ DW_AT_location
	.long	.Linfo_string286                @ DW_AT_name
	.byte	5                               @ DW_AT_decl_file
	.short	850                             @ DW_AT_decl_line
	.long	2044                            @ DW_AT_type
	.byte	0                               @ End Of Children Mark
	.byte	29                              @ Abbrev [29] 0x115f:0x22 DW_TAG_subprogram
	.long	.Linfo_string250                @ DW_AT_name
	.byte	3                               @ DW_AT_decl_file
	.short	622                             @ DW_AT_decl_line
                                        @ DW_AT_prototyped
	.byte	1                               @ DW_AT_inline
	.byte	30                              @ Abbrev [30] 0x1168:0xc DW_TAG_formal_parameter
	.long	.Linfo_string208                @ DW_AT_name
	.byte	3                               @ DW_AT_decl_file
	.short	622                             @ DW_AT_decl_line
	.long	295                             @ DW_AT_type
	.byte	30                              @ Abbrev [30] 0x1174:0xc DW_TAG_formal_parameter
	.long	.Linfo_string251                @ DW_AT_name
	.byte	3                               @ DW_AT_decl_file
	.short	622                             @ DW_AT_decl_line
	.long	2760                            @ DW_AT_type
	.byte	0                               @ End Of Children Mark
	.byte	33                              @ Abbrev [33] 0x1181:0xc3 DW_TAG_subprogram
	.long	.Lfunc_begin8                   @ DW_AT_low_pc
	.long	.Lfunc_end8-.Lfunc_begin8       @ DW_AT_high_pc
	.byte	1                               @ DW_AT_frame_base
	.byte	93
                                        @ DW_AT_GNU_all_call_sites
	.long	.Linfo_string262                @ DW_AT_name
	.byte	2                               @ DW_AT_decl_file
	.short	730                             @ DW_AT_decl_line
                                        @ DW_AT_prototyped
                                        @ DW_AT_external
	.byte	40                              @ Abbrev [40] 0x1193:0x10 DW_TAG_formal_parameter
	.long	.Ldebug_loc19                   @ DW_AT_location
	.long	.Linfo_string208                @ DW_AT_name
	.byte	2                               @ DW_AT_decl_file
	.short	730                             @ DW_AT_decl_line
	.long	295                             @ DW_AT_type
	.byte	40                              @ Abbrev [40] 0x11a3:0x10 DW_TAG_formal_parameter
	.long	.Ldebug_loc20                   @ DW_AT_location
	.long	.Linfo_string216                @ DW_AT_name
	.byte	2                               @ DW_AT_decl_file
	.short	730                             @ DW_AT_decl_line
	.long	261                             @ DW_AT_type
	.byte	40                              @ Abbrev [40] 0x11b3:0x10 DW_TAG_formal_parameter
	.long	.Ldebug_loc21                   @ DW_AT_location
	.long	.Linfo_string283                @ DW_AT_name
	.byte	2                               @ DW_AT_decl_file
	.short	730                             @ DW_AT_decl_line
	.long	243                             @ DW_AT_type
	.byte	40                              @ Abbrev [40] 0x11c3:0x10 DW_TAG_formal_parameter
	.long	.Ldebug_loc22                   @ DW_AT_location
	.long	.Linfo_string284                @ DW_AT_name
	.byte	2                               @ DW_AT_decl_file
	.short	730                             @ DW_AT_decl_line
	.long	5163                            @ DW_AT_type
	.byte	42                              @ Abbrev [42] 0x11d3:0x10 DW_TAG_variable
	.long	.Ldebug_loc23                   @ DW_AT_location
	.long	.Linfo_string209                @ DW_AT_name
	.byte	2                               @ DW_AT_decl_file
	.short	732                             @ DW_AT_decl_line
	.long	2456                            @ DW_AT_type
	.byte	43                              @ Abbrev [43] 0x11e3:0x11 DW_TAG_inlined_subroutine
	.long	4146                            @ DW_AT_abstract_origin
	.long	.Ltmp125                        @ DW_AT_low_pc
	.long	.Ltmp132-.Ltmp125               @ DW_AT_high_pc
	.byte	2                               @ DW_AT_call_file
	.short	748                             @ DW_AT_call_line
	.byte	9                               @ DW_AT_call_column
	.byte	34                              @ Abbrev [34] 0x11f4:0x1f DW_TAG_inlined_subroutine
	.long	2726                            @ DW_AT_abstract_origin
	.long	.Ltmp132                        @ DW_AT_low_pc
	.long	.Ltmp133-.Ltmp132               @ DW_AT_high_pc
	.byte	2                               @ DW_AT_call_file
	.short	751                             @ DW_AT_call_line
	.byte	9                               @ DW_AT_call_column
	.byte	41                              @ Abbrev [41] 0x1205:0x7 DW_TAG_formal_parameter
	.byte	1                               @ DW_AT_location
	.byte	80
	.long	2735                            @ DW_AT_abstract_origin
	.byte	38                              @ Abbrev [38] 0x120c:0x6 DW_TAG_formal_parameter
	.byte	1                               @ DW_AT_const_value
	.long	2747                            @ DW_AT_abstract_origin
	.byte	0                               @ End Of Children Mark
	.byte	34                              @ Abbrev [34] 0x1213:0x1f DW_TAG_inlined_subroutine
	.long	4447                            @ DW_AT_abstract_origin
	.long	.Ltmp133                        @ DW_AT_low_pc
	.long	.Ltmp134-.Ltmp133               @ DW_AT_high_pc
	.byte	2                               @ DW_AT_call_file
	.short	752                             @ DW_AT_call_line
	.byte	9                               @ DW_AT_call_column
	.byte	41                              @ Abbrev [41] 0x1224:0x7 DW_TAG_formal_parameter
	.byte	1                               @ DW_AT_location
	.byte	80
	.long	4456                            @ DW_AT_abstract_origin
	.byte	38                              @ Abbrev [38] 0x122b:0x6 DW_TAG_formal_parameter
	.byte	1                               @ DW_AT_const_value
	.long	4468                            @ DW_AT_abstract_origin
	.byte	0                               @ End Of Children Mark
	.byte	43                              @ Abbrev [43] 0x1232:0x11 DW_TAG_inlined_subroutine
	.long	4179                            @ DW_AT_abstract_origin
	.long	.Ltmp136                        @ DW_AT_low_pc
	.long	.Ltmp137-.Ltmp136               @ DW_AT_high_pc
	.byte	2                               @ DW_AT_call_file
	.short	757                             @ DW_AT_call_line
	.byte	9                               @ DW_AT_call_column
	.byte	0                               @ End Of Children Mark
	.byte	45                              @ Abbrev [45] 0x1244:0x37 DW_TAG_subprogram
	.long	.Lfunc_begin9                   @ DW_AT_low_pc
	.long	.Lfunc_end9-.Lfunc_begin9       @ DW_AT_high_pc
	.byte	1                               @ DW_AT_frame_base
	.byte	93
                                        @ DW_AT_GNU_all_call_sites
	.long	.Linfo_string263                @ DW_AT_name
	.byte	2                               @ DW_AT_decl_file
	.short	796                             @ DW_AT_decl_line
                                        @ DW_AT_prototyped
	.long	4916                            @ DW_AT_type
                                        @ DW_AT_external
	.byte	40                              @ Abbrev [40] 0x125a:0x10 DW_TAG_formal_parameter
	.long	.Ldebug_loc24                   @ DW_AT_location
	.long	.Linfo_string208                @ DW_AT_name
	.byte	2                               @ DW_AT_decl_file
	.short	796                             @ DW_AT_decl_line
	.long	295                             @ DW_AT_type
	.byte	40                              @ Abbrev [40] 0x126a:0x10 DW_TAG_formal_parameter
	.long	.Ldebug_loc25                   @ DW_AT_location
	.long	.Linfo_string287                @ DW_AT_name
	.byte	2                               @ DW_AT_decl_file
	.short	796                             @ DW_AT_decl_line
	.long	2044                            @ DW_AT_type
	.byte	0                               @ End Of Children Mark
	.byte	32                              @ Abbrev [32] 0x127b:0x1a DW_TAG_subprogram
	.long	.Linfo_string252                @ DW_AT_name
	.byte	3                               @ DW_AT_decl_file
	.short	1089                            @ DW_AT_decl_line
                                        @ DW_AT_prototyped
	.long	243                             @ DW_AT_type
	.byte	1                               @ DW_AT_inline
	.byte	30                              @ Abbrev [30] 0x1288:0xc DW_TAG_formal_parameter
	.long	.Linfo_string208                @ DW_AT_name
	.byte	3                               @ DW_AT_decl_file
	.short	1089                            @ DW_AT_decl_line
	.long	295                             @ DW_AT_type
	.byte	0                               @ End Of Children Mark
	.byte	32                              @ Abbrev [32] 0x1295:0x1a DW_TAG_subprogram
	.long	.Linfo_string253                @ DW_AT_name
	.byte	3                               @ DW_AT_decl_file
	.short	492                             @ DW_AT_decl_line
                                        @ DW_AT_prototyped
	.long	225                             @ DW_AT_type
	.byte	1                               @ DW_AT_inline
	.byte	30                              @ Abbrev [30] 0x12a2:0xc DW_TAG_formal_parameter
	.long	.Linfo_string208                @ DW_AT_name
	.byte	3                               @ DW_AT_decl_file
	.short	492                             @ DW_AT_decl_line
	.long	295                             @ DW_AT_type
	.byte	0                               @ End Of Children Mark
	.byte	46                              @ Abbrev [46] 0x12af:0x85 DW_TAG_subprogram
	.long	.Lfunc_begin10                  @ DW_AT_low_pc
	.long	.Lfunc_end10-.Lfunc_begin10     @ DW_AT_high_pc
	.byte	1                               @ DW_AT_frame_base
	.byte	93
                                        @ DW_AT_GNU_all_call_sites
	.long	.Linfo_string265                @ DW_AT_name
	.byte	2                               @ DW_AT_decl_file
	.byte	177                             @ DW_AT_decl_line
                                        @ DW_AT_prototyped
	.byte	3                               @ DW_AT_calling_convention
	.byte	47                              @ Abbrev [47] 0x12c1:0x10 DW_TAG_formal_parameter
	.ascii	"\200\242\200\200\005"          @ DW_AT_const_value
	.long	.Linfo_string208                @ DW_AT_name
	.byte	2                               @ DW_AT_decl_file
	.byte	177                             @ DW_AT_decl_line
	.long	295                             @ DW_AT_type
	.byte	28                              @ Abbrev [28] 0x12d1:0xb DW_TAG_variable
	.long	.Linfo_string209                @ DW_AT_name
	.byte	2                               @ DW_AT_decl_file
	.byte	179                             @ DW_AT_decl_line
	.long	2456                            @ DW_AT_type
	.byte	37                              @ Abbrev [37] 0x12dc:0x1b DW_TAG_inlined_subroutine
	.long	4731                            @ DW_AT_abstract_origin
	.long	.Ltmp145                        @ DW_AT_low_pc
	.long	.Ltmp146-.Ltmp145               @ DW_AT_high_pc
	.byte	2                               @ DW_AT_call_file
	.byte	185                             @ DW_AT_call_line
	.byte	13                              @ DW_AT_call_column
	.byte	38                              @ Abbrev [38] 0x12ec:0xa DW_TAG_formal_parameter
	.ascii	"\200\242\200\200\005"          @ DW_AT_const_value
	.long	4744                            @ DW_AT_abstract_origin
	.byte	0                               @ End Of Children Mark
	.byte	37                              @ Abbrev [37] 0x12f7:0x1b DW_TAG_inlined_subroutine
	.long	4757                            @ DW_AT_abstract_origin
	.long	.Ltmp147                        @ DW_AT_low_pc
	.long	.Ltmp148-.Ltmp147               @ DW_AT_high_pc
	.byte	2                               @ DW_AT_call_file
	.byte	187                             @ DW_AT_call_line
	.byte	57                              @ DW_AT_call_column
	.byte	38                              @ Abbrev [38] 0x1307:0xa DW_TAG_formal_parameter
	.ascii	"\200\242\200\200\005"          @ DW_AT_const_value
	.long	4770                            @ DW_AT_abstract_origin
	.byte	0                               @ End Of Children Mark
	.byte	37                              @ Abbrev [37] 0x1312:0x21 DW_TAG_inlined_subroutine
	.long	2726                            @ DW_AT_abstract_origin
	.long	.Ltmp150                        @ DW_AT_low_pc
	.long	.Ltmp151-.Ltmp150               @ DW_AT_high_pc
	.byte	2                               @ DW_AT_call_file
	.byte	198                             @ DW_AT_call_line
	.byte	5                               @ DW_AT_call_column
	.byte	38                              @ Abbrev [38] 0x1322:0xa DW_TAG_formal_parameter
	.ascii	"\200\242\200\200\005"          @ DW_AT_const_value
	.long	2735                            @ DW_AT_abstract_origin
	.byte	38                              @ Abbrev [38] 0x132c:0x6 DW_TAG_formal_parameter
	.byte	0                               @ DW_AT_const_value
	.long	2747                            @ DW_AT_abstract_origin
	.byte	0                               @ End Of Children Mark
	.byte	0                               @ End Of Children Mark
	.byte	10                              @ Abbrev [10] 0x1334:0x7 DW_TAG_base_type
	.long	.Linfo_string264                @ DW_AT_name
	.byte	2                               @ DW_AT_encoding
	.byte	1                               @ DW_AT_byte_size
	.byte	11                              @ Abbrev [11] 0x133b:0xc DW_TAG_typedef
	.long	1407                            @ DW_AT_type
	.long	.Linfo_string267                @ DW_AT_name
	.byte	3                               @ DW_AT_decl_file
	.short	276                             @ DW_AT_decl_line
	.byte	8                               @ Abbrev [8] 0x1347:0x5 DW_TAG_pointer_type
	.long	4940                            @ DW_AT_type
	.byte	9                               @ Abbrev [9] 0x134c:0x5 DW_TAG_const_type
	.long	4945                            @ DW_AT_type
	.byte	11                              @ Abbrev [11] 0x1351:0xc DW_TAG_typedef
	.long	4957                            @ DW_AT_type
	.long	.Linfo_string282                @ DW_AT_name
	.byte	3                               @ DW_AT_decl_file
	.short	463                             @ DW_AT_decl_line
	.byte	25                              @ Abbrev [25] 0x135d:0xaa DW_TAG_structure_type
	.byte	24                              @ DW_AT_byte_size
	.byte	3                               @ DW_AT_decl_file
	.short	418                             @ DW_AT_decl_line
	.byte	48                              @ Abbrev [48] 0x1362:0xe DW_TAG_member
	.long	.Linfo_string266                @ DW_AT_name
	.long	4923                            @ DW_AT_type
	.byte	3                               @ DW_AT_decl_file
	.short	421                             @ DW_AT_decl_line
	.byte	24                              @ DW_AT_bit_size
	.byte	0                               @ DW_AT_data_bit_offset
	.byte	48                              @ Abbrev [48] 0x1370:0xe DW_TAG_member
	.long	.Linfo_string270                @ DW_AT_name
	.long	5127                            @ DW_AT_type
	.byte	3                               @ DW_AT_decl_file
	.short	424                             @ DW_AT_decl_line
	.byte	3                               @ DW_AT_bit_size
	.byte	24                              @ DW_AT_data_bit_offset
	.byte	48                              @ Abbrev [48] 0x137e:0xe DW_TAG_member
	.long	.Linfo_string272                @ DW_AT_name
	.long	5139                            @ DW_AT_type
	.byte	3                               @ DW_AT_decl_file
	.short	427                             @ DW_AT_decl_line
	.byte	2                               @ DW_AT_bit_size
	.byte	27                              @ DW_AT_data_bit_offset
	.byte	48                              @ Abbrev [48] 0x138c:0xe DW_TAG_member
	.long	.Linfo_string274                @ DW_AT_name
	.long	5151                            @ DW_AT_type
	.byte	3                               @ DW_AT_decl_file
	.short	430                             @ DW_AT_decl_line
	.byte	1                               @ DW_AT_bit_size
	.byte	29                              @ DW_AT_data_bit_offset
	.byte	48                              @ Abbrev [48] 0x139a:0xe DW_TAG_member
	.long	.Linfo_string276                @ DW_AT_name
	.long	3743                            @ DW_AT_type
	.byte	3                               @ DW_AT_decl_file
	.short	433                             @ DW_AT_decl_line
	.byte	1                               @ DW_AT_bit_size
	.byte	30                              @ DW_AT_data_bit_offset
	.byte	48                              @ Abbrev [48] 0x13a8:0xe DW_TAG_member
	.long	.Linfo_string277                @ DW_AT_name
	.long	3697                            @ DW_AT_type
	.byte	3                               @ DW_AT_decl_file
	.short	436                             @ DW_AT_decl_line
	.byte	1                               @ DW_AT_bit_size
	.byte	31                              @ DW_AT_data_bit_offset
	.byte	48                              @ Abbrev [48] 0x13b6:0xe DW_TAG_member
	.long	.Linfo_string278                @ DW_AT_name
	.long	3857                            @ DW_AT_type
	.byte	3                               @ DW_AT_decl_file
	.short	439                             @ DW_AT_decl_line
	.byte	2                               @ DW_AT_bit_size
	.byte	32                              @ DW_AT_data_bit_offset
	.byte	48                              @ Abbrev [48] 0x13c4:0xe DW_TAG_member
	.long	.Linfo_string102                @ DW_AT_name
	.long	1361                            @ DW_AT_type
	.byte	3                               @ DW_AT_decl_file
	.short	442                             @ DW_AT_decl_line
	.byte	2                               @ DW_AT_bit_size
	.byte	34                              @ DW_AT_data_bit_offset
	.byte	23                              @ Abbrev [23] 0x13d2:0xd DW_TAG_member
	.long	.Linfo_string101                @ DW_AT_name
	.long	2044                            @ DW_AT_type
	.byte	3                               @ DW_AT_decl_file
	.short	445                             @ DW_AT_decl_line
	.byte	8                               @ DW_AT_data_member_location
	.byte	23                              @ Abbrev [23] 0x13df:0xd DW_TAG_member
	.long	.Linfo_string279                @ DW_AT_name
	.long	266                             @ DW_AT_type
	.byte	3                               @ DW_AT_decl_file
	.short	448                             @ DW_AT_decl_line
	.byte	12                              @ DW_AT_data_member_location
	.byte	23                              @ Abbrev [23] 0x13ec:0xd DW_TAG_member
	.long	.Linfo_string280                @ DW_AT_name
	.long	1337                            @ DW_AT_type
	.byte	3                               @ DW_AT_decl_file
	.short	451                             @ DW_AT_decl_line
	.byte	16                              @ DW_AT_data_member_location
	.byte	23                              @ Abbrev [23] 0x13f9:0xd DW_TAG_member
	.long	.Linfo_string281                @ DW_AT_name
	.long	1337                            @ DW_AT_type
	.byte	3                               @ DW_AT_decl_file
	.short	454                             @ DW_AT_decl_line
	.byte	20                              @ DW_AT_data_member_location
	.byte	0                               @ End Of Children Mark
	.byte	11                              @ Abbrev [11] 0x1407:0xc DW_TAG_typedef
	.long	1546                            @ DW_AT_type
	.long	.Linfo_string271                @ DW_AT_name
	.byte	3                               @ DW_AT_decl_file
	.short	298                             @ DW_AT_decl_line
	.byte	11                              @ Abbrev [11] 0x1413:0xc DW_TAG_typedef
	.long	1580                            @ DW_AT_type
	.long	.Linfo_string273                @ DW_AT_name
	.byte	3                               @ DW_AT_decl_file
	.short	310                             @ DW_AT_decl_line
	.byte	11                              @ Abbrev [11] 0x141f:0xc DW_TAG_typedef
	.long	1608                            @ DW_AT_type
	.long	.Linfo_string275                @ DW_AT_name
	.byte	3                               @ DW_AT_decl_file
	.short	320                             @ DW_AT_decl_line
	.byte	11                              @ Abbrev [11] 0x142b:0xc DW_TAG_typedef
	.long	1708                            @ DW_AT_type
	.long	.Linfo_string285                @ DW_AT_name
	.byte	3                               @ DW_AT_decl_file
	.short	404                             @ DW_AT_decl_line
	.byte	0                               @ End Of Children Mark
.Ldebug_info_end0:
	.section	.debug_ranges,"",%progbits
.Ldebug_ranges0:
	.long	.Ltmp0-.Lfunc_begin0
	.long	.Ltmp14-.Lfunc_begin0
	.long	.Ltmp31-.Lfunc_begin0
	.long	.Ltmp37-.Lfunc_begin0
	.long	0
	.long	0
.Ldebug_ranges1:
	.long	.Ltmp14-.Lfunc_begin0
	.long	.Ltmp17-.Lfunc_begin0
	.long	.Ltmp24-.Lfunc_begin0
	.long	.Ltmp25-.Lfunc_begin0
	.long	0
	.long	0
	.section	.debug_str,"MS",%progbits,1
.Linfo_string0:
	.asciz	"Component: Arm Compiler for Embedded 6.23 Tool: armclang [5f103000]" @ string offset=0
.Linfo_string1:
	.asciz	"../../../../../sdk/platform/driver/uart\\uart.c" @ string offset=68
.Linfo_string2:
	.asciz	"C:\\Users\\teodor\\Desktop\\stem\\codeless\\6.0.24.1464\\projects\\target_apps\\ble_examples\\empty_peripheral_template\\Keil_5" @ string offset=115
.Linfo_string3:
	.asciz	"uartn_env"                     @ string offset=232
.Linfo_string4:
	.asciz	"tx_buffer"                     @ string offset=242
.Linfo_string5:
	.asciz	"unsigned char"                 @ string offset=252
.Linfo_string6:
	.asciz	"uint8_t"                       @ string offset=266
.Linfo_string7:
	.asciz	"tx_total_length"               @ string offset=274
.Linfo_string8:
	.asciz	"unsigned short"                @ string offset=290
.Linfo_string9:
	.asciz	"uint16_t"                      @ string offset=305
.Linfo_string10:
	.asciz	"tx_index"                      @ string offset=314
.Linfo_string11:
	.asciz	"rx_buffer"                     @ string offset=323
.Linfo_string12:
	.asciz	"rx_total_length"               @ string offset=333
.Linfo_string13:
	.asciz	"rx_index"                      @ string offset=349
.Linfo_string14:
	.asciz	"err_cb"                        @ string offset=358
.Linfo_string15:
	.asciz	"UART_RBR_THR_DLL_REGF"         @ string offset=365
.Linfo_string16:
	.asciz	"RESERVED"                      @ string offset=387
.Linfo_string17:
	.asciz	"UART_IER_DLH_REGF"             @ string offset=396
.Linfo_string18:
	.asciz	"RESERVED1"                     @ string offset=414
.Linfo_string19:
	.asciz	"UART_IIR_FCR_REGF"             @ string offset=424
.Linfo_string20:
	.asciz	"RESERVED2"                     @ string offset=442
.Linfo_string21:
	.asciz	"UART_LCR_REGF"                 @ string offset=452
.Linfo_string22:
	.asciz	"RESERVED3"                     @ string offset=466
.Linfo_string23:
	.asciz	"UART_MCR_REGF"                 @ string offset=476
.Linfo_string24:
	.asciz	"RESERVED4"                     @ string offset=490
.Linfo_string25:
	.asciz	"UART_LSR_REGF"                 @ string offset=500
.Linfo_string26:
	.asciz	"RESERVED5"                     @ string offset=514
.Linfo_string27:
	.asciz	"UART_MSR_REGF"                 @ string offset=524
.Linfo_string28:
	.asciz	"RESERVED6"                     @ string offset=538
.Linfo_string29:
	.asciz	"UART_SCR_REGF"                 @ string offset=548
.Linfo_string30:
	.asciz	"RESERVED7"                     @ string offset=562
.Linfo_string31:
	.asciz	"__ARRAY_SIZE_TYPE__"           @ string offset=572
.Linfo_string32:
	.asciz	"UART_SRBR_STHR0_REGF"          @ string offset=592
.Linfo_string33:
	.asciz	"RESERVED8"                     @ string offset=613
.Linfo_string34:
	.asciz	"UART_SRBR_STHR1_REGF"          @ string offset=623
.Linfo_string35:
	.asciz	"RESERVED9"                     @ string offset=644
.Linfo_string36:
	.asciz	"UART_SRBR_STHR2_REGF"          @ string offset=654
.Linfo_string37:
	.asciz	"RESERVED10"                    @ string offset=675
.Linfo_string38:
	.asciz	"UART_SRBR_STHR3_REGF"          @ string offset=686
.Linfo_string39:
	.asciz	"RESERVED11"                    @ string offset=707
.Linfo_string40:
	.asciz	"UART_SRBR_STHR4_REGF"          @ string offset=718
.Linfo_string41:
	.asciz	"RESERVED12"                    @ string offset=739
.Linfo_string42:
	.asciz	"UART_SRBR_STHR5_REGF"          @ string offset=750
.Linfo_string43:
	.asciz	"RESERVED13"                    @ string offset=771
.Linfo_string44:
	.asciz	"UART_SRBR_STHR6_REGF"          @ string offset=782
.Linfo_string45:
	.asciz	"RESERVED14"                    @ string offset=803
.Linfo_string46:
	.asciz	"UART_SRBR_STHR7_REGF"          @ string offset=814
.Linfo_string47:
	.asciz	"RESERVED15"                    @ string offset=835
.Linfo_string48:
	.asciz	"UART_SRBR_STHR8_REGF"          @ string offset=846
.Linfo_string49:
	.asciz	"RESERVED16"                    @ string offset=867
.Linfo_string50:
	.asciz	"UART_SRBR_STHR9_REGF"          @ string offset=878
.Linfo_string51:
	.asciz	"RESERVED17"                    @ string offset=899
.Linfo_string52:
	.asciz	"UART_SRBR_STHR10_REGF"         @ string offset=910
.Linfo_string53:
	.asciz	"RESERVED18"                    @ string offset=932
.Linfo_string54:
	.asciz	"UART_SRBR_STHR11_REGF"         @ string offset=943
.Linfo_string55:
	.asciz	"RESERVED19"                    @ string offset=965
.Linfo_string56:
	.asciz	"UART_SRBR_STHR12_REGF"         @ string offset=976
.Linfo_string57:
	.asciz	"RESERVED20"                    @ string offset=998
.Linfo_string58:
	.asciz	"UART_SRBR_STHR13_REGF"         @ string offset=1009
.Linfo_string59:
	.asciz	"RESERVED21"                    @ string offset=1031
.Linfo_string60:
	.asciz	"UART_SRBR_STHR14_REGF"         @ string offset=1042
.Linfo_string61:
	.asciz	"RESERVED22"                    @ string offset=1064
.Linfo_string62:
	.asciz	"UART_SRBR_STHR15_REGF"         @ string offset=1075
.Linfo_string63:
	.asciz	"RESERVED23"                    @ string offset=1097
.Linfo_string64:
	.asciz	"UART_FAR_REGF"                 @ string offset=1108
.Linfo_string65:
	.asciz	"RESERVED24"                    @ string offset=1122
.Linfo_string66:
	.asciz	"UART_USR_REGF"                 @ string offset=1133
.Linfo_string67:
	.asciz	"RESERVED25"                    @ string offset=1147
.Linfo_string68:
	.asciz	"UART_TFL_REGF"                 @ string offset=1158
.Linfo_string69:
	.asciz	"RESERVED26"                    @ string offset=1172
.Linfo_string70:
	.asciz	"UART_RFL_REGF"                 @ string offset=1183
.Linfo_string71:
	.asciz	"RESERVED27"                    @ string offset=1197
.Linfo_string72:
	.asciz	"UART_SRR_REGF"                 @ string offset=1208
.Linfo_string73:
	.asciz	"RESERVED28"                    @ string offset=1222
.Linfo_string74:
	.asciz	"UART_SRTS_REGF"                @ string offset=1233
.Linfo_string75:
	.asciz	"RESERVED29"                    @ string offset=1248
.Linfo_string76:
	.asciz	"UART_SBCR_REGF"                @ string offset=1259
.Linfo_string77:
	.asciz	"RESERVED30"                    @ string offset=1274
.Linfo_string78:
	.asciz	"UART_SDMAM_REGF"               @ string offset=1285
.Linfo_string79:
	.asciz	"RESERVED31"                    @ string offset=1301
.Linfo_string80:
	.asciz	"UART_SFE_REGF"                 @ string offset=1312
.Linfo_string81:
	.asciz	"RESERVED32"                    @ string offset=1326
.Linfo_string82:
	.asciz	"UART_SRT_REGF"                 @ string offset=1337
.Linfo_string83:
	.asciz	"RESERVED33"                    @ string offset=1351
.Linfo_string84:
	.asciz	"UART_STET_REGF"                @ string offset=1362
.Linfo_string85:
	.asciz	"RESERVED34"                    @ string offset=1377
.Linfo_string86:
	.asciz	"UART_HTX_REGF"                 @ string offset=1388
.Linfo_string87:
	.asciz	"RESERVED35"                    @ string offset=1402
.Linfo_string88:
	.asciz	"UART_DMASA_REGF"               @ string offset=1413
.Linfo_string89:
	.asciz	"RESERVED36"                    @ string offset=1429
.Linfo_string90:
	.asciz	"UART_DLF_REGF"                 @ string offset=1440
.Linfo_string91:
	.asciz	"RESERVED37"                    @ string offset=1454
.Linfo_string92:
	.asciz	"UART_UCV_REGF"                 @ string offset=1465
.Linfo_string93:
	.asciz	"UART_UCV_HIGH_REGF"            @ string offset=1479
.Linfo_string94:
	.asciz	"UART_CTR_REGF"                 @ string offset=1498
.Linfo_string95:
	.asciz	"UART_CTR_HIGH_REGF"            @ string offset=1512
.Linfo_string96:
	.asciz	"uart_t"                        @ string offset=1531
.Linfo_string97:
	.asciz	"uart_err_cb_t"                 @ string offset=1538
.Linfo_string98:
	.asciz	"tx_cb"                         @ string offset=1552
.Linfo_string99:
	.asciz	"uart_cb_t"                     @ string offset=1558
.Linfo_string100:
	.asciz	"rx_cb"                         @ string offset=1568
.Linfo_string101:
	.asciz	"intr_priority"                 @ string offset=1574
.Linfo_string102:
	.asciz	"rx_fifo_tr_lvl"                @ string offset=1588
.Linfo_string103:
	.asciz	"UART_RX_FIFO_LEVEL_0"          @ string offset=1603
.Linfo_string104:
	.asciz	"UART_RX_FIFO_LEVEL_1"          @ string offset=1624
.Linfo_string105:
	.asciz	"UART_RX_FIFO_LEVEL_2"          @ string offset=1645
.Linfo_string106:
	.asciz	"UART_RX_FIFO_LEVEL_3"          @ string offset=1666
.Linfo_string107:
	.asciz	"UART_RX_FIFO_LEVEL"            @ string offset=1687
.Linfo_string108:
	.asciz	"uart_env_t"                    @ string offset=1706
.Linfo_string109:
	.asciz	"unsigned int"                  @ string offset=1717
.Linfo_string110:
	.asciz	"UART_BAUDRATE_1000000"         @ string offset=1730
.Linfo_string111:
	.asciz	"UART_BAUDRATE_921600"          @ string offset=1752
.Linfo_string112:
	.asciz	"UART_BAUDRATE_500000"          @ string offset=1773
.Linfo_string113:
	.asciz	"UART_BAUDRATE_460800"          @ string offset=1794
.Linfo_string114:
	.asciz	"UART_BAUDRATE_230400"          @ string offset=1815
.Linfo_string115:
	.asciz	"UART_BAUDRATE_115200"          @ string offset=1836
.Linfo_string116:
	.asciz	"UART_BAUDRATE_57600"           @ string offset=1857
.Linfo_string117:
	.asciz	"UART_BAUDRATE_38400"           @ string offset=1877
.Linfo_string118:
	.asciz	"UART_BAUDRATE_28800"           @ string offset=1897
.Linfo_string119:
	.asciz	"UART_BAUDRATE_19200"           @ string offset=1917
.Linfo_string120:
	.asciz	"UART_BAUDRATE_14400"           @ string offset=1937
.Linfo_string121:
	.asciz	"UART_BAUDRATE_9600"            @ string offset=1957
.Linfo_string122:
	.asciz	"UART_BAUDRATE_4800"            @ string offset=1976
.Linfo_string123:
	.asciz	"UART_BAUDRATE_2400"            @ string offset=1995
.Linfo_string124:
	.asciz	"UART_BIT_DIS"                  @ string offset=2014
.Linfo_string125:
	.asciz	"UART_BIT_EN"                   @ string offset=2027
.Linfo_string126:
	.asciz	"UART_DATABITS_5"               @ string offset=2039
.Linfo_string127:
	.asciz	"UART_DATABITS_6"               @ string offset=2055
.Linfo_string128:
	.asciz	"UART_DATABITS_7"               @ string offset=2071
.Linfo_string129:
	.asciz	"UART_DATABITS_8"               @ string offset=2087
.Linfo_string130:
	.asciz	"UART_PARITY_NONE"              @ string offset=2103
.Linfo_string131:
	.asciz	"UART_PARITY_ODD"               @ string offset=2120
.Linfo_string132:
	.asciz	"UART_PARITY_EVEN"              @ string offset=2136
.Linfo_string133:
	.asciz	"UART_STOPBITS_1"               @ string offset=2153
.Linfo_string134:
	.asciz	"UART_STOPBITS_2"               @ string offset=2169
.Linfo_string135:
	.asciz	"UART_AFCE_DIS"                 @ string offset=2185
.Linfo_string136:
	.asciz	"UART_AFCE_EN"                  @ string offset=2199
.Linfo_string137:
	.asciz	"UART_FIFO_DIS"                 @ string offset=2212
.Linfo_string138:
	.asciz	"UART_FIFO_EN"                  @ string offset=2226
.Linfo_string139:
	.asciz	"UART_TX_FIFO_LEVEL_0"          @ string offset=2239
.Linfo_string140:
	.asciz	"UART_TX_FIFO_LEVEL_1"          @ string offset=2260
.Linfo_string141:
	.asciz	"UART_TX_FIFO_LEVEL_2"          @ string offset=2281
.Linfo_string142:
	.asciz	"UART_TX_FIFO_LEVEL_3"          @ string offset=2302
.Linfo_string143:
	.asciz	"UART_OP_BLOCKING"              @ string offset=2323
.Linfo_string144:
	.asciz	"UART_OP_INTR"                  @ string offset=2340
.Linfo_string145:
	.asciz	"signed char"                   @ string offset=2353
.Linfo_string146:
	.asciz	"NonMaskableInt_IRQn"           @ string offset=2365
.Linfo_string147:
	.asciz	"HardFault_IRQn"                @ string offset=2385
.Linfo_string148:
	.asciz	"SVCall_IRQn"                   @ string offset=2400
.Linfo_string149:
	.asciz	"PendSV_IRQn"                   @ string offset=2412
.Linfo_string150:
	.asciz	"SysTick_IRQn"                  @ string offset=2424
.Linfo_string151:
	.asciz	"BLE_WAKEUP_LP_IRQn"            @ string offset=2437
.Linfo_string152:
	.asciz	"BLE_GEN_IRQn"                  @ string offset=2456
.Linfo_string153:
	.asciz	"UART_IRQn"                     @ string offset=2469
.Linfo_string154:
	.asciz	"UART2_IRQn"                    @ string offset=2479
.Linfo_string155:
	.asciz	"I2C_IRQn"                      @ string offset=2490
.Linfo_string156:
	.asciz	"SPI_IRQn"                      @ string offset=2499
.Linfo_string157:
	.asciz	"ADC_IRQn"                      @ string offset=2508
.Linfo_string158:
	.asciz	"KEYBRD_IRQn"                   @ string offset=2517
.Linfo_string159:
	.asciz	"BLE_RF_DIAG_IRQn"              @ string offset=2529
.Linfo_string160:
	.asciz	"RF_CAL_IRQn"                   @ string offset=2546
.Linfo_string161:
	.asciz	"GPIO0_IRQn"                    @ string offset=2558
.Linfo_string162:
	.asciz	"GPIO1_IRQn"                    @ string offset=2569
.Linfo_string163:
	.asciz	"GPIO2_IRQn"                    @ string offset=2580
.Linfo_string164:
	.asciz	"GPIO3_IRQn"                    @ string offset=2591
.Linfo_string165:
	.asciz	"GPIO4_IRQn"                    @ string offset=2602
.Linfo_string166:
	.asciz	"SWTIM_IRQn"                    @ string offset=2613
.Linfo_string167:
	.asciz	"WKUP_QUADEC_IRQn"              @ string offset=2624
.Linfo_string168:
	.asciz	"SWTIM1_IRQn"                   @ string offset=2641
.Linfo_string169:
	.asciz	"RTC_IRQn"                      @ string offset=2653
.Linfo_string170:
	.asciz	"DMA_IRQn"                      @ string offset=2662
.Linfo_string171:
	.asciz	"XTAL32M_RDY_IRQn"              @ string offset=2671
.Linfo_string172:
	.asciz	"RESERVED21_IRQn"               @ string offset=2688
.Linfo_string173:
	.asciz	"RESERVED22_IRQn"               @ string offset=2704
.Linfo_string174:
	.asciz	"RESERVED23_IRQn"               @ string offset=2720
.Linfo_string175:
	.asciz	"IRQn"                          @ string offset=2736
.Linfo_string176:
	.asciz	"UART_INT_NO_INT_PEND"          @ string offset=2741
.Linfo_string177:
	.asciz	"UART_INT_THR_EMPTY"            @ string offset=2762
.Linfo_string178:
	.asciz	"UART_INT_RECEIVED_AVAILABLE"   @ string offset=2781
.Linfo_string179:
	.asciz	"UART_INT_RECEIVE_LINE_STAT"    @ string offset=2809
.Linfo_string180:
	.asciz	"UART_INT_BUSY_DETECTED"        @ string offset=2836
.Linfo_string181:
	.asciz	"UART_INT_TIMEOUT"              @ string offset=2859
.Linfo_string182:
	.asciz	"UART_ERR_NO_ERROR"             @ string offset=2876
.Linfo_string183:
	.asciz	"UART_ERR_BUSY_ERROR"           @ string offset=2894
.Linfo_string184:
	.asciz	"UART_ERR_OVERRUN_ERROR"        @ string offset=2914
.Linfo_string185:
	.asciz	"UART_ERR_PARITY_ERROR"         @ string offset=2937
.Linfo_string186:
	.asciz	"UART_ERR_FRAMING_ERROR"        @ string offset=2959
.Linfo_string187:
	.asciz	"UART_ERR_BREAK_ERROR"          @ string offset=2982
.Linfo_string188:
	.asciz	"UART_ERR_RX_FIFO_ERROR"        @ string offset=3003
.Linfo_string189:
	.asciz	"int"                           @ string offset=3026
.Linfo_string190:
	.asciz	"int32_t"                       @ string offset=3030
.Linfo_string191:
	.asciz	"uint32_t"                      @ string offset=3038
.Linfo_string192:
	.asciz	"ISER"                          @ string offset=3047
.Linfo_string193:
	.asciz	"RESERVED0"                     @ string offset=3052
.Linfo_string194:
	.asciz	"ICER"                          @ string offset=3062
.Linfo_string195:
	.asciz	"ISPR"                          @ string offset=3067
.Linfo_string196:
	.asciz	"ICPR"                          @ string offset=3072
.Linfo_string197:
	.asciz	"IP"                            @ string offset=3077
.Linfo_string198:
	.asciz	"NVIC_Type"                     @ string offset=3080
.Linfo_string199:
	.asciz	"CPUID"                         @ string offset=3090
.Linfo_string200:
	.asciz	"ICSR"                          @ string offset=3096
.Linfo_string201:
	.asciz	"AIRCR"                         @ string offset=3101
.Linfo_string202:
	.asciz	"SCR"                           @ string offset=3107
.Linfo_string203:
	.asciz	"CCR"                           @ string offset=3111
.Linfo_string204:
	.asciz	"SHP"                           @ string offset=3115
.Linfo_string205:
	.asciz	"SHCSR"                         @ string offset=3119
.Linfo_string206:
	.asciz	"SCB_Type"                      @ string offset=3125
.Linfo_string207:
	.asciz	"uart_tx_isr"                   @ string offset=3134
.Linfo_string208:
	.asciz	"uart_id"                       @ string offset=3146
.Linfo_string209:
	.asciz	"uart_env"                      @ string offset=3154
.Linfo_string210:
	.asciz	"uart_intr_hndl"                @ string offset=3163
.Linfo_string211:
	.asciz	"int_id"                        @ string offset=3178
.Linfo_string212:
	.asciz	"uart_fifo_enabled_getf"        @ string offset=3185
.Linfo_string213:
	.asciz	"uart_txfifo_not_full_getf"     @ string offset=3208
.Linfo_string214:
	.asciz	"uart_thr_empty_getf"           @ string offset=3234
.Linfo_string215:
	.asciz	"uart_thr_setf"                 @ string offset=3254
.Linfo_string216:
	.asciz	"data"                          @ string offset=3268
.Linfo_string217:
	.asciz	"uart_busy_isr"                 @ string offset=3273
.Linfo_string218:
	.asciz	"uart_rls_isr"                  @ string offset=3287
.Linfo_string219:
	.asciz	"uart_rls_error_getf"           @ string offset=3300
.Linfo_string220:
	.asciz	"uart_rx_timeout_isr"           @ string offset=3320
.Linfo_string221:
	.asciz	"uart_rxdata_intr_setf"         @ string offset=3340
.Linfo_string222:
	.asciz	"erbfi_en"                      @ string offset=3362
.Linfo_string223:
	.asciz	"UART_BIT_CFG"                  @ string offset=3371
.Linfo_string224:
	.asciz	"uart_txdata_intr_setf"         @ string offset=3384
.Linfo_string225:
	.asciz	"etbei_en"                      @ string offset=3406
.Linfo_string226:
	.asciz	"uart_thre_intr_setf"           @ string offset=3415
.Linfo_string227:
	.asciz	"ptime_en"                      @ string offset=3435
.Linfo_string228:
	.asciz	"uart_intr_id_getf"             @ string offset=3444
.Linfo_string229:
	.asciz	"uart_dlab_setf"                @ string offset=3462
.Linfo_string230:
	.asciz	"dlab"                          @ string offset=3477
.Linfo_string231:
	.asciz	"uart_txfifo_is_empty_getf"     @ string offset=3482
.Linfo_string232:
	.asciz	"uart_lcr_setf"                 @ string offset=3508
.Linfo_string233:
	.asciz	"lcr_val"                       @ string offset=3522
.Linfo_string234:
	.asciz	"uart_fifo_enable_shd_setf"     @ string offset=3530
.Linfo_string235:
	.asciz	"fifo_en"                       @ string offset=3556
.Linfo_string236:
	.asciz	"UART_FIFO_CFG"                 @ string offset=3564
.Linfo_string237:
	.asciz	"uart_afce_setf"                @ string offset=3578
.Linfo_string238:
	.asciz	"afce"                          @ string offset=3593
.Linfo_string239:
	.asciz	"UART_AFCE_CFG"                 @ string offset=3598
.Linfo_string240:
	.asciz	"uart_rtsn_setf"                @ string offset=3612
.Linfo_string241:
	.asciz	"rts_n"                         @ string offset=3627
.Linfo_string242:
	.asciz	"uart_fifo_rcvr_trg_shd_setf"   @ string offset=3633
.Linfo_string243:
	.asciz	"rcvr_trigger"                  @ string offset=3661
.Linfo_string244:
	.asciz	"uart_fifo_txempty_trg_shd_setf" @ string offset=3674
.Linfo_string245:
	.asciz	"txempty_trigger"               @ string offset=3705
.Linfo_string246:
	.asciz	"UART_TX_FIFO_LEVEL"            @ string offset=3721
.Linfo_string247:
	.asciz	"__NVIC_DisableIRQ"             @ string offset=3740
.Linfo_string248:
	.asciz	"IRQn_Type"                     @ string offset=3758
.Linfo_string249:
	.asciz	"__NVIC_EnableIRQ"              @ string offset=3768
.Linfo_string250:
	.asciz	"uart_rls_intr_setf"            @ string offset=3785
.Linfo_string251:
	.asciz	"elsi_en"                       @ string offset=3804
.Linfo_string252:
	.asciz	"uart_data_ready_getf"          @ string offset=3812
.Linfo_string253:
	.asciz	"uart_read_rbr"                 @ string offset=3833
.Linfo_string254:
	.asciz	"UART2_Handler"                 @ string offset=3847
.Linfo_string255:
	.asciz	"uart_baudrate_setf"            @ string offset=3861
.Linfo_string256:
	.asciz	"uart_register_tx_cb"           @ string offset=3880
.Linfo_string257:
	.asciz	"uart_register_rx_cb"           @ string offset=3900
.Linfo_string258:
	.asciz	"uart_register_err_cb"          @ string offset=3920
.Linfo_string259:
	.asciz	"uart_initialize"               @ string offset=3941
.Linfo_string260:
	.asciz	"uart_send"                     @ string offset=3957
.Linfo_string261:
	.asciz	"__NVIC_SetPriority"            @ string offset=3967
.Linfo_string262:
	.asciz	"uart_receive"                  @ string offset=3986
.Linfo_string263:
	.asciz	"uart_disable_flow_control"     @ string offset=3999
.Linfo_string264:
	.asciz	"_Bool"                         @ string offset=4025
.Linfo_string265:
	.asciz	"uart_rx_isr"                   @ string offset=4031
.Linfo_string266:
	.asciz	"baud_rate"                     @ string offset=4043
.Linfo_string267:
	.asciz	"UART_BAUDRATE"                 @ string offset=4053
.Linfo_string268:
	.asciz	"cb"                            @ string offset=4067
.Linfo_string269:
	.asciz	"uart_cfg"                      @ string offset=4070
.Linfo_string270:
	.asciz	"data_bits"                     @ string offset=4079
.Linfo_string271:
	.asciz	"UART_DATABITS"                 @ string offset=4089
.Linfo_string272:
	.asciz	"parity"                        @ string offset=4103
.Linfo_string273:
	.asciz	"UART_PARITY"                   @ string offset=4110
.Linfo_string274:
	.asciz	"stop_bits"                     @ string offset=4122
.Linfo_string275:
	.asciz	"UART_STOPBITS"                 @ string offset=4132
.Linfo_string276:
	.asciz	"auto_flow_control"             @ string offset=4146
.Linfo_string277:
	.asciz	"use_fifo"                      @ string offset=4164
.Linfo_string278:
	.asciz	"tx_fifo_tr_lvl"                @ string offset=4173
.Linfo_string279:
	.asciz	"uart_err_cb"                   @ string offset=4188
.Linfo_string280:
	.asciz	"uart_tx_cb"                    @ string offset=4200
.Linfo_string281:
	.asciz	"uart_rx_cb"                    @ string offset=4211
.Linfo_string282:
	.asciz	"uart_cfg_t"                    @ string offset=4222
.Linfo_string283:
	.asciz	"len"                           @ string offset=4233
.Linfo_string284:
	.asciz	"op"                            @ string offset=4237
.Linfo_string285:
	.asciz	"UART_OP_CFG"                   @ string offset=4240
.Linfo_string286:
	.asciz	"priority"                      @ string offset=4252
.Linfo_string287:
	.asciz	"retries"                       @ string offset=4261
	.ident	"Component: Arm Compiler for Embedded 6.23 Tool: armclang [5f103000]"
	.section	".note.GNU-stack","",%progbits
	.eabi_attribute	30, 4	@ Tag_ABI_optimization_goals
	.ARM_attribute	16, 1	@ Tag_AV_eba
	.section	.debug_line,"",%progbits
.Lline_table_start0:
