	.text
	.syntax unified
	.eabi_attribute	67, "2.09"	@ Tag_conformance
	.cpu	cortex-m0plus
	.eabi_attribute	6, 12	@ Tag_CPU_arch
	.eabi_attribute	7, 77	@ Tag_CPU_arch_profile
	.eabi_attribute	8, 0	@ Tag_ARM_ISA_use
	.eabi_attribute	9, 1	@ Tag_THUMB_ISA_use
	.eabi_attribute	34, 0	@ Tag_CPU_unaligned_access
	.eabi_attribute	17, 1	@ Tag_ABI_PCS_GOT_use
	.eabi_attribute	20, 2	@ Tag_ABI_FP_denormal
	.eabi_attribute	21, 0	@ Tag_ABI_FP_exceptions
	.eabi_attribute	23, 1	@ Tag_ABI_FP_number_model
	.eabi_attribute	24, 1	@ Tag_ABI_align_needed
	.eabi_attribute	25, 1	@ Tag_ABI_align_preserved
	.eabi_attribute	38, 1	@ Tag_ABI_FP_16bit_format
	.eabi_attribute	18, 2	@ Tag_ABI_PCS_wchar_t
	.eabi_attribute	26, 1	@ Tag_ABI_enum_size
	.eabi_attribute	14, 0	@ Tag_ABI_PCS_R9_use
	.file	"user_peripheral.c"
	.file	1 "C:\\Users\\teodor\\Desktop\\stem\\codeless\\6.0.24.1464\\projects\\target_apps\\ble_examples\\empty_peripheral_template\\Keil_5" "../src/user_peripheral.c"
	.file	2 "C:\\Users\\teodor" "AppData\\Local\\Keil_v5\\ARM\\ARMCLANG\\bin\\..\\include\\stdint.h"
	.file	3 "C:\\Users\\teodor\\Desktop\\stem\\codeless\\6.0.24.1464\\projects\\target_apps\\ble_examples\\empty_peripheral_template\\Keil_5" "./../../../../../sdk/app_modules/api\\app_easy_timer.h"
	.file	4 "C:\\Users\\teodor\\Desktop\\stem\\codeless\\6.0.24.1464\\projects\\target_apps\\ble_examples\\empty_peripheral_template\\Keil_5" "./../../../../../sdk/app_modules/api\\app_user_config.h"
	.file	5 "C:\\Users\\teodor\\Desktop\\stem\\codeless\\6.0.24.1464\\projects\\target_apps\\ble_examples\\empty_peripheral_template\\Keil_5" "./../src/config\\user_config.h"
	.file	6 "C:\\Users\\teodor\\Desktop\\stem\\codeless\\6.0.24.1464\\projects\\target_apps\\ble_examples\\empty_peripheral_template\\Keil_5" "./../../../../../sdk/platform/driver/gpio\\gpio.h"
	.file	7 "C:\\Users\\teodor\\Desktop\\stem\\codeless\\6.0.24.1464\\projects\\target_apps\\ble_examples\\empty_peripheral_template\\Keil_5" "./../../../../../sdk/platform/core_modules/rf/api\\rf_531.h"
	.file	8 "C:\\Users\\teodor\\Desktop\\stem\\codeless\\6.0.24.1464\\projects\\target_apps\\ble_examples\\empty_peripheral_template\\Keil_5" "./../../../../../sdk/ble_stack/rwble_hl\\rwble_hl_error.h"
	.file	9 "C:\\Users\\teodor\\Desktop\\stem\\codeless\\6.0.24.1464\\projects\\target_apps\\ble_examples\\empty_peripheral_template\\Keil_5" "./../../../../../sdk/ble_stack/profiles/custom/custs/api\\custs1_task.h"
	.file	10 "C:\\Users\\teodor\\Desktop\\stem\\codeless\\6.0.24.1464\\projects\\target_apps\\ble_examples\\empty_peripheral_template\\Keil_5" "./../src/custom_profile\\user_custs1_def.h"
	.file	11 "C:\\Users\\teodor\\Desktop\\stem\\codeless\\6.0.24.1464\\projects\\target_apps\\ble_examples\\empty_peripheral_template\\Keil_5" "./../../../../../sdk/ble_stack/host/gap/gapc\\gapc_task.h"
	.file	12 "C:\\Users\\teodor\\Desktop\\stem\\codeless\\6.0.24.1464\\projects\\target_apps\\ble_examples\\empty_peripheral_template\\Keil_5" "./../../../../../sdk/ble_stack/host/gatt/gattc\\gattc_task.h"
	.file	13 "C:\\Users\\teodor\\Desktop\\stem\\codeless\\6.0.24.1464\\projects\\target_apps\\ble_examples\\empty_peripheral_template\\Keil_5" "./../../../../../sdk/ble_stack/host/gap\\gap.h"
	.hidden	user_app_init                   @ -- Begin function user_app_init
	.globl	user_app_init
	.p2align	2
	.type	user_app_init,%function
	.code	16                              @ @user_app_init
	.thumb_func
user_app_init:
.Lfunc_begin0:
	.loc	1 219 0                         @ ../src/user_peripheral.c:219:0
	.fnstart
	.cfi_sections .debug_frame
	.cfi_startproc
@ %bb.0:
	.save	{r4, r5, r6, lr}
	push	{r4, r5, r6, lr}
	.cfi_def_cfa_offset 16
	.cfi_offset lr, -4
	.cfi_offset r6, -8
	.cfi_offset r5, -12
	.cfi_offset r4, -16
.Ltmp0:
	.loc	1 221 41 prologue_end           @ ../src/user_peripheral.c:221:41
	ldr	r6, __arm_cp.0_0
	movs	r4, #0
.Ltmp1:
	.loc	1 100 34                        @ ../src/user_peripheral.c:100:34
	strb	r4, [r6, #11]
	.loc	1 99 34                         @ ../src/user_peripheral.c:99:34
	strb	r4, [r6, #10]
	movs	r0, #171
	.loc	1 98 28                         @ ../src/user_peripheral.c:98:28
	strb	r0, [r6, #9]
	movs	r0, #205
	.loc	1 97 28                         @ ../src/user_peripheral.c:97:28
	strb	r0, [r6, #8]
	movs	r0, #255
	.loc	1 96 32                         @ ../src/user_peripheral.c:96:32
	strb	r0, [r6, #7]
	movs	r0, #5
	.loc	1 95 32                         @ ../src/user_peripheral.c:95:32
	strb	r0, [r6, #6]
.Ltmp2:
	.loc	1 221 41                        @ ../src/user_peripheral.c:221:41
	strb	r4, [r6]
	.loc	1 227 5                         @ ../src/user_peripheral.c:227:5
	mov	r0, r6
	adds	r0, #12
	ldr	r1, __arm_cp.0_1
	movs	r5, #22
	mov	r2, r5
	bl	__aeabi_memcpy
.Ltmp3:
	.loc	1 230 30                        @ ../src/user_peripheral.c:230:30
	strb	r4, [r6, #2]
	.loc	1 228 25                        @ ../src/user_peripheral.c:228:25
	strb	r5, [r6, #1]
	movs	r1, #3
	.loc	1 233 5                         @ ../src/user_peripheral.c:233:5
	mov	r0, r4
	bl	GPIO_SetInactive
.Ltmp4:
	.loc	1 0 5 is_stmt 0                 @ ../src/user_peripheral.c:0:5
	movs	r1, #11
	.loc	1 234 5 is_stmt 1               @ ../src/user_peripheral.c:234:5
	mov	r0, r4
	bl	GPIO_SetInactive
.Ltmp5:
	.loc	1 241 5                         @ ../src/user_peripheral.c:241:5
	adr	r0, .LCPI0_2
	ldr	r5, __arm_cp.0_3
	blx	r5
.Ltmp6:
	.loc	1 246 5                         @ ../src/user_peripheral.c:246:5
	adr	r0, .LCPI0_4
	movs	r2, #1
	mov	r1, r4
	blx	r5
.Ltmp7:
	.loc	1 248 5                         @ ../src/user_peripheral.c:248:5
	ldr	r4, __arm_cp.0_5
	blx	r4
.Ltmp8:
	.loc	1 255 23                        @ ../src/user_peripheral.c:255:23
	bl	aht20_init
.Ltmp9:
	.loc	1 255 21 is_stmt 0              @ ../src/user_peripheral.c:255:21
	ldr	r1, __arm_cp.0_6
	strb	r0, [r1]
.Ltmp10:
	.loc	1 257 9 is_stmt 1               @ ../src/user_peripheral.c:257:9
	ldrb	r0, [r1]
	cmp	r0, #0
	bne	.LBB0_2
@ %bb.1:
	.loc	1 0 9 is_stmt 0                 @ ../src/user_peripheral.c:0:9
	adr	r0, .LCPI0_8
	b	.LBB0_3
.LBB0_2:
	adr	r0, .LCPI0_7
.LBB0_3:
	blx	r5
.Ltmp11:
	.loc	1 261 5 is_stmt 1               @ ../src/user_peripheral.c:261:5
	blx	r4
.Ltmp12:
	.loc	1 0 5 is_stmt 0                 @ ../src/user_peripheral.c:0:5
	movs	r0, #12
	.loc	1 267 5 is_stmt 1               @ ../src/user_peripheral.c:267:5
	bl	rf_pa_pwr_set
.Ltmp13:
	.loc	1 269 5                         @ ../src/user_peripheral.c:269:5
	adr	r0, .LCPI0_9
	blx	r5
.Ltmp14:
	.loc	1 270 5                         @ ../src/user_peripheral.c:270:5
	blx	r4
.Ltmp15:
	.loc	1 274 5                         @ ../src/user_peripheral.c:274:5
	bl	default_app_on_init
.Ltmp16:
	.loc	1 275 1 epilogue_begin          @ ../src/user_peripheral.c:275:1
	pop	{r4, r5, r6, pc}
.Ltmp17:
	.loc	1 0 1 is_stmt 0                 @ :0:1
.Ltmp18:
	.p2align	2
@ %bb.4:
__arm_cp.0_0:
	.long	.L_MergedGlobals
.Lcpi_end0:
	.size	__arm_cp.0_0, .Lcpi_end0-__arm_cp.0_0
__arm_cp.0_1:
	.long	.L.str
.Lcpi_end1:
	.size	__arm_cp.0_1, .Lcpi_end1-__arm_cp.0_1
.LCPI0_2:
.L.str.2:
	.asciz	"\r\n\r\n=== DA14535 BOOT ===\r\n\000"
__arm_cp.0_3:
	.long	arch_printf
.Lcpi_end2:
	.size	__arm_cp.0_3, .Lcpi_end2-__arm_cp.0_3
.LCPI0_4:
.L.str.3:
	.asciz	"UART2: P0_%d (TX), P0_%d (RX)\r\n"
__arm_cp.0_5:
	.long	arch_printf_flush
.Lcpi_end3:
	.size	__arm_cp.0_5, .Lcpi_end3-__arm_cp.0_5
__arm_cp.0_6:
	.long	s_aht20_present
.Lcpi_end4:
	.size	__arm_cp.0_6, .Lcpi_end4-__arm_cp.0_6
.LCPI0_7:
.L.str.4:
	.asciz	"[AHT20] Init OK\r\n\000\000"
.LCPI0_8:
.L.str.5:
	.asciz	"[AHT20] Init FAIL\r\n"
.LCPI0_9:
.L.str.6:
	.asciz	"[RF] TX power: +4.0 dBm (MAX)\r\n"
.Lfunc_end0:
	.size	user_app_init, .Lfunc_end0-user_app_init
	.cfi_endproc
	.cantunwind
	.fnend
                                        @ -- End function
	.hidden	user_app_adv_start              @ -- Begin function user_app_adv_start
	.globl	user_app_adv_start
	.p2align	2
	.type	user_app_adv_start,%function
	.code	16                              @ @user_app_adv_start
	.thumb_func
user_app_adv_start:
.Lfunc_begin1:
	.loc	1 291 0 is_stmt 1               @ ../src/user_peripheral.c:291:0
	.fnstart
	.cfi_startproc
@ %bb.0:
	.save	{r4, r5, r6, r7, lr}
	.pad	#4
	push	{r3, r4, r5, r6, r7, lr}
	.cfi_def_cfa_offset 24
	.cfi_offset lr, -4
	.cfi_offset r7, -8
	.cfi_offset r6, -12
	.cfi_offset r5, -16
	.cfi_offset r4, -20
.Ltmp19:
	.loc	1 294 5 prologue_end            @ ../src/user_peripheral.c:294:5
	bl	start_tick_timer
.Ltmp20:
	.loc	1 0 5 is_stmt 0                 @ ../src/user_peripheral.c:0:5
	ldr	r0, __arm_cp.1_0
	.loc	1 297 38 is_stmt 1              @ ../src/user_peripheral.c:297:38
	ldr	r1, __arm_cp.1_1
	bl	app_easy_timer
.Ltmp21:
	.loc	1 297 36 is_stmt 0              @ ../src/user_peripheral.c:297:36
	ldr	r4, __arm_cp.1_2
	strb	r0, [r4, #3]
	.loc	1 301 11 is_stmt 1              @ ../src/user_peripheral.c:301:11
	bl	app_easy_gap_undirected_advertise_get_active
.Ltmp22:
	mov	r5, r0
.Ltmp23:
	@DEBUG_VALUE: app_add_ad_struct:adv_data_max_size <- 28
	@DEBUG_VALUE: app_add_ad_struct:adv_connectable <- 1
	@DEBUG_VALUE: app_add_ad_struct:ad_struct_len <- 6
	@DEBUG_VALUE: app_add_ad_struct:cmd <- $r5
	@DEBUG_VALUE: user_app_adv_start:cmd <- $r5
	.loc	1 139 45                        @ ../src/user_peripheral.c:139:45
	ldrb	r6, [r0, #11]
.Ltmp24:
	.loc	1 139 9 is_stmt 0               @ ../src/user_peripheral.c:139:9
	cmp	r6, #22
.Ltmp25:
	@DEBUG_VALUE: app_add_ad_struct:ad_struct_data <- undef
	bhi	.LBB1_2
.Ltmp26:
@ %bb.1:
	@DEBUG_VALUE: user_app_adv_start:cmd <- $r5
	@DEBUG_VALUE: app_add_ad_struct:cmd <- $r5
	@DEBUG_VALUE: app_add_ad_struct:ad_struct_len <- 6
	@DEBUG_VALUE: app_add_ad_struct:adv_connectable <- 1
	@DEBUG_VALUE: app_add_ad_struct:adv_data_max_size <- 28
	.loc	1 142 32 is_stmt 1              @ ../src/user_peripheral.c:142:32
	adds	r0, r5, r6
	.loc	1 142 17 is_stmt 0              @ ../src/user_peripheral.c:142:17
	adds	r0, #12
	.loc	1 142 9                         @ ../src/user_peripheral.c:142:9
	adds	r1, r4, #6
	movs	r2, #6
	bl	__aeabi_memcpy
.Ltmp27:
	.loc	1 145 37 is_stmt 1              @ ../src/user_peripheral.c:145:37
	adds	r2, r6, #6
	strb	r2, [r5, #11]
	.loc	1 148 24                        @ ../src/user_peripheral.c:148:24
	strb	r6, [r4, #5]
	.loc	1 149 5                         @ ../src/user_peripheral.c:149:5
	b	.LBB1_5
.Ltmp28:
.LBB1_2:
	@DEBUG_VALUE: user_app_adv_start:cmd <- $r5
	@DEBUG_VALUE: app_add_ad_struct:cmd <- $r5
	@DEBUG_VALUE: app_add_ad_struct:ad_struct_len <- 6
	@DEBUG_VALUE: app_add_ad_struct:adv_connectable <- 1
	@DEBUG_VALUE: app_add_ad_struct:adv_data_max_size <- 28
	.loc	1 0 5 is_stmt 0                 @ ../src/user_peripheral.c:0:5
	movs	r0, #43
.Ltmp29:
	.loc	1 150 50 is_stmt 1              @ ../src/user_peripheral.c:150:50
	ldrb	r7, [r5, r0]
.Ltmp30:
	.loc	1 150 14 is_stmt 0              @ ../src/user_peripheral.c:150:14
	cmp	r7, #25
	bhi	.LBB1_4
.Ltmp31:
@ %bb.3:
	@DEBUG_VALUE: user_app_adv_start:cmd <- $r5
	@DEBUG_VALUE: app_add_ad_struct:cmd <- $r5
	@DEBUG_VALUE: app_add_ad_struct:ad_struct_len <- 6
	@DEBUG_VALUE: app_add_ad_struct:adv_connectable <- 1
	@DEBUG_VALUE: app_add_ad_struct:adv_data_max_size <- 28
	.loc	1 0 0                           @ ../src/user_peripheral.c:0:0
	mov	r0, r5
	adds	r0, #43
	str	r0, [sp]                        @ 4-byte Spill
.Ltmp32:
	.loc	1 153 32 is_stmt 1              @ ../src/user_peripheral.c:153:32
	adds	r0, r5, r7
	.loc	1 153 17 is_stmt 0              @ ../src/user_peripheral.c:153:17
	adds	r0, #44
	.loc	1 153 9                         @ ../src/user_peripheral.c:153:9
	adds	r1, r4, #6
	movs	r2, #6
	bl	__aeabi_memcpy
.Ltmp33:
	.loc	1 156 42 is_stmt 1              @ ../src/user_peripheral.c:156:42
	adds	r0, r7, #6
	ldr	r1, [sp]                        @ 4-byte Reload
	strb	r0, [r1]
	movs	r0, #128
	.loc	1 161 24                        @ ../src/user_peripheral.c:161:24
	orrs	r0, r7
	strb	r0, [r4, #5]
	mov	r2, r6
	.loc	1 162 5                         @ ../src/user_peripheral.c:162:5
	b	.LBB1_5
.Ltmp34:
.LBB1_4:
	@DEBUG_VALUE: user_app_adv_start:cmd <- $r5
	@DEBUG_VALUE: app_add_ad_struct:cmd <- $r5
	@DEBUG_VALUE: app_add_ad_struct:ad_struct_len <- 6
	@DEBUG_VALUE: app_add_ad_struct:adv_connectable <- 1
	@DEBUG_VALUE: app_add_ad_struct:adv_data_max_size <- 28
	.loc	1 166 9                         @ ../src/user_peripheral.c:166:9
	@APP
	bkpt	#0
	@NO_APP
.Ltmp35:
	.loc	1 169 42                        @ ../src/user_peripheral.c:169:42
	ldrb	r2, [r5, #11]
.Ltmp36:
.LBB1_5:
	@DEBUG_VALUE: user_app_adv_start:cmd <- $r5
	@DEBUG_VALUE: app_add_ad_struct:cmd <- $r5
	@DEBUG_VALUE: app_add_ad_struct:ad_struct_len <- 6
	@DEBUG_VALUE: app_add_ad_struct:adv_connectable <- 1
	@DEBUG_VALUE: app_add_ad_struct:adv_data_max_size <- 28
	.loc	1 169 25 is_stmt 0              @ ../src/user_peripheral.c:169:25
	strb	r2, [r4, #1]
	.loc	1 171 5 is_stmt 1               @ ../src/user_peripheral.c:171:5
	mov	r0, r4
	adds	r0, #12
	.loc	1 171 44 is_stmt 0              @ ../src/user_peripheral.c:171:44
	mov	r1, r5
	adds	r1, #12
	.loc	1 171 5                         @ ../src/user_peripheral.c:171:5
	bl	__aeabi_memcpy
.Ltmp37:
	.loc	1 0 5                           @ ../src/user_peripheral.c:0:5
	movs	r0, #43
	.loc	1 173 47 is_stmt 1              @ ../src/user_peripheral.c:173:47
	ldrb	r2, [r5, r0]
	.loc	1 173 30 is_stmt 0              @ ../src/user_peripheral.c:173:30
	strb	r2, [r4, #2]
	.loc	1 175 5 is_stmt 1               @ ../src/user_peripheral.c:175:5
	adds	r4, #43
	.loc	1 175 49 is_stmt 0              @ ../src/user_peripheral.c:175:49
	adds	r5, #44
.Ltmp38:
	.loc	1 175 5                         @ ../src/user_peripheral.c:175:5
	mov	r0, r4
	mov	r1, r5
	bl	__aeabi_memcpy
.Ltmp39:
	.loc	1 307 5 is_stmt 1               @ ../src/user_peripheral.c:307:5
	bl	app_easy_gap_undirected_advertise_start
.Ltmp40:
	.loc	1 308 1 epilogue_begin          @ ../src/user_peripheral.c:308:1
	pop	{r3, r4, r5, r6, r7, pc}
.Ltmp41:
	.loc	1 0 1 is_stmt 0                 @ :0:1
.Ltmp42:
	.p2align	2
@ %bb.6:
__arm_cp.1_0:
	.long	3000                            @ 0xbb8
.Lcpi_end5:
	.size	__arm_cp.1_0, .Lcpi_end5-__arm_cp.1_0
__arm_cp.1_1:
	.long	adv_data_update_timer_cb
.Lcpi_end6:
	.size	__arm_cp.1_1, .Lcpi_end6-__arm_cp.1_1
__arm_cp.1_2:
	.long	.L_MergedGlobals
.Lcpi_end7:
	.size	__arm_cp.1_2, .Lcpi_end7-__arm_cp.1_2
.Lfunc_end1:
	.size	user_app_adv_start, .Lfunc_end1-user_app_adv_start
	.cfi_endproc
	.file	14 "C:\\Users\\teodor\\Desktop\\stem\\codeless\\6.0.24.1464\\projects\\target_apps\\ble_examples\\empty_peripheral_template\\Keil_5" "./../../../../../sdk/ble_stack/host/gap/gapm\\gapm_task.h"
	.file	15 "C:\\Users\\teodor\\Desktop\\stem\\codeless\\6.0.24.1464\\projects\\target_apps\\ble_examples\\empty_peripheral_template\\Keil_5" "./../../../../../sdk/platform/core_modules/common/api\\co_bt.h"
	.cantunwind
	.fnend
                                        @ -- End function
	.hidden	user_app_connection             @ -- Begin function user_app_connection
	.globl	user_app_connection
	.p2align	2
	.type	user_app_connection,%function
	.code	16                              @ @user_app_connection
	.thumb_func
user_app_connection:
.Lfunc_begin2:
	.loc	1 319 0 is_stmt 1               @ ../src/user_peripheral.c:319:0
	.fnstart
	.cfi_startproc
@ %bb.0:
	@DEBUG_VALUE: user_app_connection:connection_idx <- $r0
	@DEBUG_VALUE: user_app_connection:param <- $r1
	.save	{r4, r5, r6, lr}
	push	{r4, r5, r6, lr}
	.cfi_def_cfa_offset 16
	.cfi_offset lr, -4
	.cfi_offset r6, -8
	.cfi_offset r5, -12
	.cfi_offset r4, -16
	mov	r4, r1
.Ltmp43:
	@DEBUG_VALUE: user_app_connection:param <- $r4
	mov	r5, r0
.Ltmp44:
	@DEBUG_VALUE: user_app_connection:connection_idx <- $r5
	movs	r0, #12
.Ltmp45:
	.loc	1 321 33 prologue_end           @ ../src/user_peripheral.c:321:33
	muls	r0, r5, r0
	ldr	r1, __arm_cp.2_0
	adds	r0, r1, r0
	ldrb	r0, [r0, #2]
.Ltmp46:
	.loc	1 321 9 is_stmt 0               @ ../src/user_peripheral.c:321:9
	cmp	r0, #255
	beq	.LBB2_6
.Ltmp47:
@ %bb.1:
	@DEBUG_VALUE: user_app_connection:connection_idx <- $r5
	@DEBUG_VALUE: user_app_connection:param <- $r4
	.loc	1 324 21 is_stmt 1              @ ../src/user_peripheral.c:324:21
	ldr	r0, __arm_cp.2_1
	movs	r1, #1
	strb	r1, [r0]
	.loc	1 323 28                        @ ../src/user_peripheral.c:323:28
	ldr	r6, __arm_cp.2_2
	strb	r5, [r6, #4]
	.loc	1 329 9                         @ ../src/user_peripheral.c:329:9
	adr	r0, .LCPI2_3
	mov	r1, r5
	bl	arch_printf
.Ltmp48:
	.loc	1 330 9                         @ ../src/user_peripheral.c:330:9
	bl	arch_printf_flush
.Ltmp49:
	.loc	1 334 31                        @ ../src/user_peripheral.c:334:31
	ldrb	r0, [r6, #3]
	.loc	1 334 9 is_stmt 0               @ ../src/user_peripheral.c:334:9
	bl	app_easy_timer_cancel
.Ltmp50:
	.loc	1 338 21 is_stmt 1              @ ../src/user_peripheral.c:338:21
	ldrh	r0, [r4, #2]
	.loc	1 338 73 is_stmt 0              @ ../src/user_peripheral.c:338:73
	cmp	r0, #8
	blo	.LBB2_5
.Ltmp51:
@ %bb.2:
	@DEBUG_VALUE: user_app_connection:connection_idx <- $r5
	@DEBUG_VALUE: user_app_connection:param <- $r4
	.loc	1 339 73 is_stmt 1              @ ../src/user_peripheral.c:339:73
	cmp	r0, #16
	bhi	.LBB2_5
.Ltmp52:
@ %bb.3:
	@DEBUG_VALUE: user_app_connection:connection_idx <- $r5
	@DEBUG_VALUE: user_app_connection:param <- $r4
	.loc	1 340 21                        @ ../src/user_peripheral.c:340:21
	ldrh	r0, [r4, #4]
	.loc	1 340 72 is_stmt 0              @ ../src/user_peripheral.c:340:72
	cmp	r0, #0
	bne	.LBB2_5
.Ltmp53:
@ %bb.4:
	@DEBUG_VALUE: user_app_connection:connection_idx <- $r5
	@DEBUG_VALUE: user_app_connection:param <- $r4
	.loc	1 341 21 is_stmt 1              @ ../src/user_peripheral.c:341:21
	ldrh	r0, [r4, #6]
.Ltmp54:
	.loc	1 338 13                        @ ../src/user_peripheral.c:338:13
	cmp	r0, #125
	beq	.LBB2_7
.Ltmp55:
.LBB2_5:
	@DEBUG_VALUE: user_app_connection:connection_idx <- $r5
	@DEBUG_VALUE: user_app_connection:param <- $r4
	.loc	1 0 13 is_stmt 0                @ ../src/user_peripheral.c:0:13
	movs	r0, #125
	lsls	r0, r0, #3
.Ltmp56:
	.loc	1 343 51 is_stmt 1              @ ../src/user_peripheral.c:343:51
	ldr	r1, __arm_cp.2_4
	bl	app_easy_timer
.Ltmp57:
	.loc	1 343 49 is_stmt 0              @ ../src/user_peripheral.c:343:49
	strb	r0, [r6]
	.loc	1 344 9 is_stmt 1               @ ../src/user_peripheral.c:344:9
	b	.LBB2_7
.Ltmp58:
.LBB2_6:
	@DEBUG_VALUE: user_app_connection:connection_idx <- $r5
	@DEBUG_VALUE: user_app_connection:param <- $r4
	.loc	1 349 9                         @ ../src/user_peripheral.c:349:9
	bl	user_app_adv_start
.Ltmp59:
.LBB2_7:
	@DEBUG_VALUE: user_app_connection:connection_idx <- $r5
	@DEBUG_VALUE: user_app_connection:param <- $r4
	.loc	1 353 5                         @ ../src/user_peripheral.c:353:5
	mov	r0, r5
	mov	r1, r4
	bl	default_app_on_connection
.Ltmp60:
	.loc	1 354 1 epilogue_begin          @ ../src/user_peripheral.c:354:1
	pop	{r4, r5, r6, pc}
.Ltmp61:
	.loc	1 0 1 is_stmt 0                 @ :0:1
.Ltmp62:
	.p2align	2
@ %bb.8:
__arm_cp.2_0:
	.long	app_env
.Lcpi_end8:
	.size	__arm_cp.2_0, .Lcpi_end8-__arm_cp.2_0
__arm_cp.2_1:
	.long	s_connected
.Lcpi_end9:
	.size	__arm_cp.2_1, .Lcpi_end9-__arm_cp.2_1
__arm_cp.2_2:
	.long	.L_MergedGlobals
.Lcpi_end10:
	.size	__arm_cp.2_2, .Lcpi_end10-__arm_cp.2_2
.LCPI2_3:
.L.str.7:
	.asciz	"\r\n[BLE] CONNECTED (idx=%d)\r\n\000\000\000"
__arm_cp.2_4:
	.long	param_update_request_timer_cb
.Lcpi_end11:
	.size	__arm_cp.2_4, .Lcpi_end11-__arm_cp.2_4
.Lfunc_end2:
	.size	user_app_connection, .Lfunc_end2-user_app_connection
	.cfi_endproc
	.cantunwind
	.fnend
                                        @ -- End function
	.hidden	user_app_adv_undirect_complete  @ -- Begin function user_app_adv_undirect_complete
	.globl	user_app_adv_undirect_complete
	.p2align	1
	.type	user_app_adv_undirect_complete,%function
	.code	16                              @ @user_app_adv_undirect_complete
	.thumb_func
user_app_adv_undirect_complete:
.Lfunc_begin3:
	.loc	1 362 0 is_stmt 1               @ ../src/user_peripheral.c:362:0
	.fnstart
	.cfi_startproc
@ %bb.0:
	@DEBUG_VALUE: user_app_adv_undirect_complete:status <- $r0
	.save	{r7, lr}
	push	{r7, lr}
	.cfi_def_cfa_offset 8
	.cfi_offset lr, -4
	.cfi_offset r7, -8
.Ltmp63:
	.loc	1 363 9 prologue_end            @ ../src/user_peripheral.c:363:9
	cmp	r0, #68
	bne	.LBB3_2
.Ltmp64:
@ %bb.1:
	@DEBUG_VALUE: user_app_adv_undirect_complete:status <- $r0
	.loc	1 365 9                         @ ../src/user_peripheral.c:365:9
	bl	user_app_adv_start
.Ltmp65:
	@DEBUG_VALUE: user_app_adv_undirect_complete:status <- [DW_OP_LLVM_entry_value 1] $r0
.LBB3_2:
	.loc	1 367 1 epilogue_begin          @ ../src/user_peripheral.c:367:1
	pop	{r7, pc}
.Ltmp66:
.Lfunc_end3:
	.size	user_app_adv_undirect_complete, .Lfunc_end3-user_app_adv_undirect_complete
	.cfi_endproc
	.cantunwind
	.fnend
                                        @ -- End function
	.hidden	user_app_disconnect             @ -- Begin function user_app_disconnect
	.globl	user_app_disconnect
	.p2align	2
	.type	user_app_disconnect,%function
	.code	16                              @ @user_app_disconnect
	.thumb_func
user_app_disconnect:
.Lfunc_begin4:
	.loc	1 376 0                         @ ../src/user_peripheral.c:376:0
	.fnstart
	.cfi_startproc
@ %bb.0:
	@DEBUG_VALUE: user_app_disconnect:param <- $r0
	.save	{r4, r5, r7, lr}
	push	{r4, r5, r7, lr}
	.cfi_def_cfa_offset 16
	.cfi_offset lr, -4
	.cfi_offset r7, -8
	.cfi_offset r5, -12
	.cfi_offset r4, -16
.Ltmp67:
	.loc	1 377 17 prologue_end           @ ../src/user_peripheral.c:377:17
	ldr	r1, __arm_cp.4_0
	movs	r4, #0
	strb	r4, [r1]
	.loc	1 382 70                        @ ../src/user_peripheral.c:382:70
	ldrb	r1, [r0, #2]
	.loc	1 382 5 is_stmt 0               @ ../src/user_peripheral.c:382:5
	adr	r0, .LCPI4_1
.Ltmp68:
	@DEBUG_VALUE: user_app_disconnect:param <- [DW_OP_LLVM_entry_value 1] $r0
	bl	arch_printf
.Ltmp69:
	.loc	1 383 5 is_stmt 1               @ ../src/user_peripheral.c:383:5
	bl	arch_printf_flush
.Ltmp70:
	.loc	1 388 27                        @ ../src/user_peripheral.c:388:27
	ldr	r0, __arm_cp.4_2
	strb	r4, [r0]
	.loc	1 389 27                        @ ../src/user_peripheral.c:389:27
	ldr	r0, __arm_cp.4_3
	strb	r4, [r0]
	.loc	1 390 27                        @ ../src/user_peripheral.c:390:27
	ldr	r0, __arm_cp.4_4
	strb	r4, [r0]
	.loc	1 391 27                        @ ../src/user_peripheral.c:391:27
	ldr	r0, __arm_cp.4_5
	strb	r4, [r0]
.Ltmp71:
	.loc	1 394 9                         @ ../src/user_peripheral.c:394:9
	ldr	r5, __arm_cp.4_6
	ldrb	r0, [r5]
.Ltmp72:
	.loc	1 394 9 is_stmt 0               @ ../src/user_peripheral.c:394:9
	cmp	r0, #0
	beq	.LBB4_2
.Ltmp73:
@ %bb.1:
	@DEBUG_VALUE: user_app_disconnect:param <- [DW_OP_LLVM_entry_value 1] $r0
	.loc	1 396 9 is_stmt 1               @ ../src/user_peripheral.c:396:9
	bl	app_easy_timer_cancel
.Ltmp74:
	.loc	1 397 45                        @ ../src/user_peripheral.c:397:45
	strb	r4, [r5]
.Ltmp75:
.LBB4_2:
	@DEBUG_VALUE: user_app_disconnect:param <- [DW_OP_LLVM_entry_value 1] $r0
	.loc	1 401 5                         @ ../src/user_peripheral.c:401:5
	bl	mnf_data_update
.Ltmp76:
	.loc	1 404 5                         @ ../src/user_peripheral.c:404:5
	bl	user_app_adv_start
.Ltmp77:
	.loc	1 405 1 epilogue_begin          @ ../src/user_peripheral.c:405:1
	pop	{r4, r5, r7, pc}
.Ltmp78:
	.loc	1 0 1 is_stmt 0                 @ :0:1
.Ltmp79:
	.p2align	2
@ %bb.3:
__arm_cp.4_0:
	.long	s_connected
.Lcpi_end12:
	.size	__arm_cp.4_0, .Lcpi_end12-__arm_cp.4_0
.LCPI4_1:
.L.str.8:
	.asciz	"\r\n[BLE] DISCONNECTED (reason=0x%02X)\r\n\000"
__arm_cp.4_2:
	.long	s_buttons_ntf_enabled
.Lcpi_end13:
	.size	__arm_cp.4_2, .Lcpi_end13-__arm_cp.4_2
__arm_cp.4_3:
	.long	s_time_ntf_enabled
.Lcpi_end14:
	.size	__arm_cp.4_3, .Lcpi_end14-__arm_cp.4_3
__arm_cp.4_4:
	.long	s_temp_ntf_enabled
.Lcpi_end15:
	.size	__arm_cp.4_4, .Lcpi_end15-__arm_cp.4_4
__arm_cp.4_5:
	.long	s_hum_ntf_enabled
.Lcpi_end16:
	.size	__arm_cp.4_5, .Lcpi_end16-__arm_cp.4_5
__arm_cp.4_6:
	.long	.L_MergedGlobals
.Lcpi_end17:
	.size	__arm_cp.4_6, .Lcpi_end17-__arm_cp.4_6
.Lfunc_end4:
	.size	user_app_disconnect, .Lfunc_end4-user_app_disconnect
	.cfi_endproc
	.cantunwind
	.fnend
                                        @ -- End function
	.hidden	user_catch_rest_hndl            @ -- Begin function user_catch_rest_hndl
	.globl	user_catch_rest_hndl
	.p2align	2
	.type	user_catch_rest_hndl,%function
	.code	16                              @ @user_catch_rest_hndl
	.thumb_func
user_catch_rest_hndl:
.Lfunc_begin5:
	.loc	1 426 0 is_stmt 1               @ ../src/user_peripheral.c:426:0
	.fnstart
	.cfi_startproc
@ %bb.0:
	@DEBUG_VALUE: user_catch_rest_hndl:msgid <- $r0
	@DEBUG_VALUE: user_catch_rest_hndl:param <- $r1
	@DEBUG_VALUE: user_catch_rest_hndl:dest_id <- $r2
	@DEBUG_VALUE: user_catch_rest_hndl:src_id <- $r3
	.save	{r4, r5, r7, lr}
	push	{r4, r5, r7, lr}
	.cfi_def_cfa_offset 16
	.cfi_offset lr, -4
	.cfi_offset r7, -8
	.cfi_offset r5, -12
	.cfi_offset r4, -16
	mov	r4, r1
.Ltmp80:
	@DEBUG_VALUE: user_catch_rest_hndl:param <- $r4
	ldr	r1, __arm_cp.5_0
.Ltmp81:
	.loc	1 427 5 prologue_end            @ ../src/user_peripheral.c:427:5
	cmp	r0, r1
	beq	.LBB5_14
.Ltmp82:
@ %bb.1:
	@DEBUG_VALUE: user_catch_rest_hndl:param <- $r4
	@DEBUG_VALUE: user_catch_rest_hndl:src_id <- $r3
	@DEBUG_VALUE: user_catch_rest_hndl:dest_id <- $r2
	@DEBUG_VALUE: user_catch_rest_hndl:msgid <- $r0
	.loc	1 0 5 is_stmt 0                 @ ../src/user_peripheral.c:0:5
	ldr	r1, __arm_cp.5_1
	.loc	1 427 5                         @ ../src/user_peripheral.c:427:5
	cmp	r0, r1
	beq	.LBB5_11
.Ltmp83:
@ %bb.2:
	@DEBUG_VALUE: user_catch_rest_hndl:param <- $r4
	@DEBUG_VALUE: user_catch_rest_hndl:src_id <- $r3
	@DEBUG_VALUE: user_catch_rest_hndl:dest_id <- $r2
	@DEBUG_VALUE: user_catch_rest_hndl:msgid <- $r0
	.loc	1 0 5                           @ ../src/user_peripheral.c:0:5
	ldr	r1, __arm_cp.5_2
	.loc	1 427 5                         @ ../src/user_peripheral.c:427:5
	cmp	r0, r1
	beq	.LBB5_13
.Ltmp84:
@ %bb.3:
	@DEBUG_VALUE: user_catch_rest_hndl:param <- $r4
	@DEBUG_VALUE: user_catch_rest_hndl:src_id <- $r3
	@DEBUG_VALUE: user_catch_rest_hndl:dest_id <- $r2
	@DEBUG_VALUE: user_catch_rest_hndl:msgid <- $r0
	.loc	1 0 5                           @ ../src/user_peripheral.c:0:5
	ldr	r1, __arm_cp.5_3
	.loc	1 427 5                         @ ../src/user_peripheral.c:427:5
	cmp	r0, r1
	bne	.LBB5_17
.Ltmp85:
@ %bb.4:
	@DEBUG_VALUE: user_catch_rest_hndl:param <- $r4
	@DEBUG_VALUE: user_catch_rest_hndl:src_id <- $r3
	@DEBUG_VALUE: user_catch_rest_hndl:dest_id <- $r2
	@DEBUG_VALUE: user_catch_rest_hndl:msgid <- $r0
	@DEBUG_VALUE: ind <- $r4
	.loc	1 437 26 is_stmt 1              @ ../src/user_peripheral.c:437:26
	ldrh	r0, [r4, #2]
.Ltmp86:
	@DEBUG_VALUE: user_catch_rest_hndl:msgid <- [DW_OP_LLVM_entry_value 1] $r0
	.loc	1 437 13 is_stmt 0              @ ../src/user_peripheral.c:437:13
	cmp	r0, #2
	beq	.LBB5_22
.Ltmp87:
@ %bb.5:
	@DEBUG_VALUE: user_catch_rest_hndl:msgid <- [DW_OP_LLVM_entry_value 1] $r0
	@DEBUG_VALUE: ind <- $r4
	@DEBUG_VALUE: user_catch_rest_hndl:param <- $r4
	@DEBUG_VALUE: user_catch_rest_hndl:src_id <- $r3
	@DEBUG_VALUE: user_catch_rest_hndl:dest_id <- $r2
	cmp	r0, #21
	beq	.LBB5_21
.Ltmp88:
@ %bb.6:
	@DEBUG_VALUE: user_catch_rest_hndl:msgid <- [DW_OP_LLVM_entry_value 1] $r0
	@DEBUG_VALUE: ind <- $r4
	@DEBUG_VALUE: user_catch_rest_hndl:param <- $r4
	@DEBUG_VALUE: user_catch_rest_hndl:src_id <- $r3
	@DEBUG_VALUE: user_catch_rest_hndl:dest_id <- $r2
	cmp	r0, #9
	beq	.LBB5_18
.Ltmp89:
@ %bb.7:
	@DEBUG_VALUE: user_catch_rest_hndl:msgid <- [DW_OP_LLVM_entry_value 1] $r0
	@DEBUG_VALUE: ind <- $r4
	@DEBUG_VALUE: user_catch_rest_hndl:param <- $r4
	@DEBUG_VALUE: user_catch_rest_hndl:src_id <- $r3
	@DEBUG_VALUE: user_catch_rest_hndl:dest_id <- $r2
	cmp	r0, #13
	beq	.LBB5_20
.Ltmp90:
@ %bb.8:
	@DEBUG_VALUE: user_catch_rest_hndl:msgid <- [DW_OP_LLVM_entry_value 1] $r0
	@DEBUG_VALUE: ind <- $r4
	@DEBUG_VALUE: user_catch_rest_hndl:param <- $r4
	@DEBUG_VALUE: user_catch_rest_hndl:src_id <- $r3
	@DEBUG_VALUE: user_catch_rest_hndl:dest_id <- $r2
	cmp	r0, #17
	beq	.LBB5_19
.Ltmp91:
@ %bb.9:
	@DEBUG_VALUE: user_catch_rest_hndl:msgid <- [DW_OP_LLVM_entry_value 1] $r0
	@DEBUG_VALUE: ind <- $r4
	@DEBUG_VALUE: user_catch_rest_hndl:param <- $r4
	@DEBUG_VALUE: user_catch_rest_hndl:src_id <- $r3
	@DEBUG_VALUE: user_catch_rest_hndl:dest_id <- $r2
	cmp	r0, #5
	bne	.LBB5_17
.Ltmp92:
@ %bb.10:
	@DEBUG_VALUE: user_catch_rest_hndl:msgid <- [DW_OP_LLVM_entry_value 1] $r0
	@DEBUG_VALUE: ind <- $r4
	@DEBUG_VALUE: user_catch_rest_hndl:param <- $r4
	@DEBUG_VALUE: user_catch_rest_hndl:src_id <- $r3
	@DEBUG_VALUE: user_catch_rest_hndl:dest_id <- $r2
	.loc	1 0 13                          @ ../src/user_peripheral.c:0:13
	ldr	r0, __arm_cp.5_3
.Ltmp93:
	.loc	1 440 21 is_stmt 1              @ ../src/user_peripheral.c:440:21
	mov	r1, r4
	bl	user_svc1_outputs_wr_ind_handler
.Ltmp94:
	@DEBUG_VALUE: user_catch_rest_hndl:src_id <- [DW_OP_LLVM_entry_value 1] $r3
	@DEBUG_VALUE: user_catch_rest_hndl:dest_id <- [DW_OP_LLVM_entry_value 1] $r2
	.loc	1 535 1 epilogue_begin          @ ../src/user_peripheral.c:535:1
	pop	{r4, r5, r7, pc}
.Ltmp95:
.LBB5_11:
	@DEBUG_VALUE: user_catch_rest_hndl:param <- $r4
	@DEBUG_VALUE: user_catch_rest_hndl:src_id <- $r3
	@DEBUG_VALUE: user_catch_rest_hndl:dest_id <- $r2
	@DEBUG_VALUE: user_catch_rest_hndl:msgid <- $r0
	@DEBUG_VALUE: msg_param <- $r4
	.loc	1 499 32                        @ ../src/user_peripheral.c:499:32
	ldrh	r1, [r4, #2]
	ldr	r0, __arm_cp.5_3
.Ltmp96:
	@DEBUG_VALUE: user_catch_rest_hndl:msgid <- [DW_OP_LLVM_entry_value 1] $r0
	.loc	1 499 13 is_stmt 0              @ ../src/user_peripheral.c:499:13
	cmp	r1, #12
	bne	.LBB5_15
.Ltmp97:
@ %bb.12:
	@DEBUG_VALUE: msg_param <- $r4
	@DEBUG_VALUE: user_catch_rest_hndl:msgid <- [DW_OP_LLVM_entry_value 1] $r0
	@DEBUG_VALUE: user_catch_rest_hndl:param <- $r4
	@DEBUG_VALUE: user_catch_rest_hndl:src_id <- $r3
	@DEBUG_VALUE: user_catch_rest_hndl:dest_id <- $r2
	.loc	1 503 21 is_stmt 1              @ ../src/user_peripheral.c:503:21
	subs	r0, r0, #6
	uxth	r0, r0
	mov	r1, r4
	bl	user_svc1_time_read_req_handler
.Ltmp98:
	@DEBUG_VALUE: user_catch_rest_hndl:src_id <- [DW_OP_LLVM_entry_value 1] $r3
	@DEBUG_VALUE: user_catch_rest_hndl:dest_id <- [DW_OP_LLVM_entry_value 1] $r2
	.loc	1 535 1 epilogue_begin          @ ../src/user_peripheral.c:535:1
	pop	{r4, r5, r7, pc}
.Ltmp99:
.LBB5_13:
	@DEBUG_VALUE: user_catch_rest_hndl:param <- $r4
	@DEBUG_VALUE: user_catch_rest_hndl:src_id <- $r3
	@DEBUG_VALUE: user_catch_rest_hndl:dest_id <- $r2
	@DEBUG_VALUE: user_catch_rest_hndl:msgid <- $r0
	@DEBUG_VALUE: msg_param <- $r4
	.loc	1 0 1 is_stmt 0                 @ ../src/user_peripheral.c:0:1
	ldr	r0, __arm_cp.5_2
.Ltmp100:
	@DEBUG_VALUE: user_catch_rest_hndl:msgid <- [DW_OP_LLVM_entry_value 1] $r0
	.loc	1 474 13 is_stmt 1              @ ../src/user_peripheral.c:474:13
	mov	r1, r4
	bl	user_svc1_rest_att_info_req_handler
.Ltmp101:
	@DEBUG_VALUE: user_catch_rest_hndl:src_id <- [DW_OP_LLVM_entry_value 1] $r3
	@DEBUG_VALUE: user_catch_rest_hndl:dest_id <- [DW_OP_LLVM_entry_value 1] $r2
	.loc	1 535 1 epilogue_begin          @ ../src/user_peripheral.c:535:1
	pop	{r4, r5, r7, pc}
.Ltmp102:
.LBB5_14:
	@DEBUG_VALUE: user_catch_rest_hndl:param <- $r4
	@DEBUG_VALUE: user_catch_rest_hndl:src_id <- $r3
	@DEBUG_VALUE: user_catch_rest_hndl:dest_id <- $r2
	@DEBUG_VALUE: user_catch_rest_hndl:msgid <- $r0
	@DEBUG_VALUE: ind <- $r4
	.loc	1 0 1 is_stmt 0                 @ ../src/user_peripheral.c:0:1
	ldr	r0, __arm_cp.5_5
.Ltmp103:
	@DEBUG_VALUE: user_catch_rest_hndl:msgid <- [DW_OP_LLVM_entry_value 1] $r0
	movs	r5, #2
.Ltmp104:
	.loc	1 527 43 is_stmt 1              @ ../src/user_peripheral.c:527:43
	mov	r1, r3
	mov	r3, r5
.Ltmp105:
	@DEBUG_VALUE: user_catch_rest_hndl:src_id <- [DW_OP_LLVM_entry_value 1] $r3
	bl	ke_msg_alloc
.Ltmp106:
	@DEBUG_VALUE: user_catch_rest_hndl:dest_id <- [DW_OP_LLVM_entry_value 1] $r2
	@DEBUG_VALUE: cfm <- $r0
	.loc	1 528 32                        @ ../src/user_peripheral.c:528:32
	ldrh	r1, [r4, #4]
	.loc	1 528 25 is_stmt 0              @ ../src/user_peripheral.c:528:25
	strh	r1, [r0]
	b	.LBB5_16
.Ltmp107:
.LBB5_15:
	@DEBUG_VALUE: msg_param <- $r4
	@DEBUG_VALUE: user_catch_rest_hndl:msgid <- [DW_OP_LLVM_entry_value 1] $r0
	@DEBUG_VALUE: user_catch_rest_hndl:param <- $r4
	@DEBUG_VALUE: user_catch_rest_hndl:src_id <- $r3
	@DEBUG_VALUE: user_catch_rest_hndl:dest_id <- $r2
	.loc	1 508 56 is_stmt 1              @ ../src/user_peripheral.c:508:56
	subs	r0, r0, #5
	uxth	r0, r0
	movs	r5, #8
	mov	r1, r3
	mov	r3, r5
.Ltmp108:
	@DEBUG_VALUE: user_catch_rest_hndl:src_id <- [DW_OP_LLVM_entry_value 1] $r3
	bl	ke_msg_alloc
.Ltmp109:
	@DEBUG_VALUE: user_catch_rest_hndl:dest_id <- [DW_OP_LLVM_entry_value 1] $r2
	@DEBUG_VALUE: rsp <- $r0
	.loc	1 513 55                        @ ../src/user_peripheral.c:513:55
	ldrb	r1, [r4]
	movs	r2, #12
	.loc	1 513 63 is_stmt 0              @ ../src/user_peripheral.c:513:63
	muls	r2, r1, r2
	ldr	r1, __arm_cp.5_4
	adds	r1, r1, r2
	ldrb	r1, [r1, #2]
	.loc	1 513 34                        @ ../src/user_peripheral.c:513:34
	strb	r1, [r0]
	.loc	1 514 47 is_stmt 1              @ ../src/user_peripheral.c:514:47
	ldrh	r1, [r4, #2]
	.loc	1 514 34 is_stmt 0              @ ../src/user_peripheral.c:514:34
	strh	r1, [r0, #2]
	movs	r1, #0
	.loc	1 515 33 is_stmt 1              @ ../src/user_peripheral.c:515:33
	strh	r1, [r0, #4]
	movs	r1, #128
	.loc	1 516 34                        @ ../src/user_peripheral.c:516:34
	strb	r1, [r0, #6]
.Ltmp110:
.LBB5_16:
	@DEBUG_VALUE: user_catch_rest_hndl:src_id <- [DW_OP_LLVM_entry_value 1] $r3
	@DEBUG_VALUE: user_catch_rest_hndl:dest_id <- [DW_OP_LLVM_entry_value 1] $r2
	@DEBUG_VALUE: user_catch_rest_hndl:msgid <- [DW_OP_LLVM_entry_value 1] $r0
	@DEBUG_VALUE: user_catch_rest_hndl:param <- $r4
	.loc	1 0 0 is_stmt 0                 @ ../src/user_peripheral.c:0:0
	bl	ke_msg_send
.Ltmp111:
.LBB5_17:
	@DEBUG_VALUE: user_catch_rest_hndl:param <- $r4
	.loc	1 535 1 epilogue_begin is_stmt 1 @ ../src/user_peripheral.c:535:1
	pop	{r4, r5, r7, pc}
.Ltmp112:
.LBB5_18:
	@DEBUG_VALUE: user_catch_rest_hndl:msgid <- [DW_OP_LLVM_entry_value 1] $r0
	@DEBUG_VALUE: ind <- $r4
	@DEBUG_VALUE: user_catch_rest_hndl:param <- $r4
	@DEBUG_VALUE: user_catch_rest_hndl:src_id <- $r3
	@DEBUG_VALUE: user_catch_rest_hndl:dest_id <- $r2
	.loc	1 0 1 is_stmt 0                 @ ../src/user_peripheral.c:0:1
	ldr	r0, __arm_cp.5_3
.Ltmp113:
	.loc	1 448 21 is_stmt 1              @ ../src/user_peripheral.c:448:21
	mov	r1, r4
	bl	user_svc1_buttons_cfg_ind_handler
.Ltmp114:
	@DEBUG_VALUE: user_catch_rest_hndl:src_id <- [DW_OP_LLVM_entry_value 1] $r3
	@DEBUG_VALUE: user_catch_rest_hndl:dest_id <- [DW_OP_LLVM_entry_value 1] $r2
	.loc	1 535 1 epilogue_begin          @ ../src/user_peripheral.c:535:1
	pop	{r4, r5, r7, pc}
.Ltmp115:
.LBB5_19:
	@DEBUG_VALUE: user_catch_rest_hndl:msgid <- [DW_OP_LLVM_entry_value 1] $r0
	@DEBUG_VALUE: ind <- $r4
	@DEBUG_VALUE: user_catch_rest_hndl:param <- $r4
	@DEBUG_VALUE: user_catch_rest_hndl:src_id <- $r3
	@DEBUG_VALUE: user_catch_rest_hndl:dest_id <- $r2
	.loc	1 0 1 is_stmt 0                 @ ../src/user_peripheral.c:0:1
	ldr	r0, __arm_cp.5_3
.Ltmp116:
	.loc	1 456 21 is_stmt 1              @ ../src/user_peripheral.c:456:21
	mov	r1, r4
	bl	user_svc1_temperature_cfg_ind_handler
.Ltmp117:
	@DEBUG_VALUE: user_catch_rest_hndl:src_id <- [DW_OP_LLVM_entry_value 1] $r3
	@DEBUG_VALUE: user_catch_rest_hndl:dest_id <- [DW_OP_LLVM_entry_value 1] $r2
	.loc	1 535 1 epilogue_begin          @ ../src/user_peripheral.c:535:1
	pop	{r4, r5, r7, pc}
.Ltmp118:
.LBB5_20:
	@DEBUG_VALUE: user_catch_rest_hndl:msgid <- [DW_OP_LLVM_entry_value 1] $r0
	@DEBUG_VALUE: ind <- $r4
	@DEBUG_VALUE: user_catch_rest_hndl:param <- $r4
	@DEBUG_VALUE: user_catch_rest_hndl:src_id <- $r3
	@DEBUG_VALUE: user_catch_rest_hndl:dest_id <- $r2
	.loc	1 0 1 is_stmt 0                 @ ../src/user_peripheral.c:0:1
	ldr	r0, __arm_cp.5_3
.Ltmp119:
	.loc	1 452 21 is_stmt 1              @ ../src/user_peripheral.c:452:21
	mov	r1, r4
	bl	user_svc1_time_cfg_ind_handler
.Ltmp120:
	@DEBUG_VALUE: user_catch_rest_hndl:src_id <- [DW_OP_LLVM_entry_value 1] $r3
	@DEBUG_VALUE: user_catch_rest_hndl:dest_id <- [DW_OP_LLVM_entry_value 1] $r2
	.loc	1 535 1 epilogue_begin          @ ../src/user_peripheral.c:535:1
	pop	{r4, r5, r7, pc}
.Ltmp121:
.LBB5_21:
	@DEBUG_VALUE: user_catch_rest_hndl:msgid <- [DW_OP_LLVM_entry_value 1] $r0
	@DEBUG_VALUE: ind <- $r4
	@DEBUG_VALUE: user_catch_rest_hndl:param <- $r4
	@DEBUG_VALUE: user_catch_rest_hndl:src_id <- $r3
	@DEBUG_VALUE: user_catch_rest_hndl:dest_id <- $r2
	.loc	1 0 1 is_stmt 0                 @ ../src/user_peripheral.c:0:1
	ldr	r0, __arm_cp.5_3
.Ltmp122:
	.loc	1 460 21 is_stmt 1              @ ../src/user_peripheral.c:460:21
	mov	r1, r4
	bl	user_svc1_humidity_cfg_ind_handler
.Ltmp123:
	@DEBUG_VALUE: user_catch_rest_hndl:src_id <- [DW_OP_LLVM_entry_value 1] $r3
	@DEBUG_VALUE: user_catch_rest_hndl:dest_id <- [DW_OP_LLVM_entry_value 1] $r2
	.loc	1 535 1 epilogue_begin          @ ../src/user_peripheral.c:535:1
	pop	{r4, r5, r7, pc}
.Ltmp124:
.LBB5_22:
	@DEBUG_VALUE: user_catch_rest_hndl:msgid <- [DW_OP_LLVM_entry_value 1] $r0
	@DEBUG_VALUE: ind <- $r4
	@DEBUG_VALUE: user_catch_rest_hndl:param <- $r4
	@DEBUG_VALUE: user_catch_rest_hndl:src_id <- $r3
	@DEBUG_VALUE: user_catch_rest_hndl:dest_id <- $r2
	.loc	1 0 1 is_stmt 0                 @ ../src/user_peripheral.c:0:1
	ldr	r0, __arm_cp.5_3
.Ltmp125:
	.loc	1 444 21 is_stmt 1              @ ../src/user_peripheral.c:444:21
	mov	r1, r4
	bl	user_svc1_set_time_wr_ind_handler
.Ltmp126:
	@DEBUG_VALUE: user_catch_rest_hndl:src_id <- [DW_OP_LLVM_entry_value 1] $r3
	@DEBUG_VALUE: user_catch_rest_hndl:dest_id <- [DW_OP_LLVM_entry_value 1] $r2
	.loc	1 535 1 epilogue_begin          @ ../src/user_peripheral.c:535:1
	pop	{r4, r5, r7, pc}
.Ltmp127:
	.loc	1 0 1 is_stmt 0                 @ :0:1
.Ltmp128:
	.p2align	2
@ %bb.23:
__arm_cp.5_0:
	.long	3085                            @ 0xc0d
.Lcpi_end18:
	.size	__arm_cp.5_0, .Lcpi_end18-__arm_cp.5_0
__arm_cp.5_1:
	.long	64772                           @ 0xfd04
.Lcpi_end19:
	.size	__arm_cp.5_1, .Lcpi_end19-__arm_cp.5_1
__arm_cp.5_2:
	.long	64781                           @ 0xfd0d
.Lcpi_end20:
	.size	__arm_cp.5_2, .Lcpi_end20-__arm_cp.5_2
__arm_cp.5_3:
	.long	64778                           @ 0xfd0a
.Lcpi_end21:
	.size	__arm_cp.5_3, .Lcpi_end21-__arm_cp.5_3
__arm_cp.5_4:
	.long	app_env
.Lcpi_end22:
	.size	__arm_cp.5_4, .Lcpi_end22-__arm_cp.5_4
__arm_cp.5_5:
	.long	3086                            @ 0xc0e
.Lcpi_end23:
	.size	__arm_cp.5_5, .Lcpi_end23-__arm_cp.5_5
.Lfunc_end5:
	.size	user_catch_rest_hndl, .Lfunc_end5-user_catch_rest_hndl
	.cfi_endproc
	.cantunwind
	.fnend
                                        @ -- End function
	.p2align	2                               @ -- Begin function adv_data_update_timer_cb
	.type	adv_data_update_timer_cb,%function
	.code	16                              @ @adv_data_update_timer_cb
	.thumb_func
adv_data_update_timer_cb:
.Lfunc_begin6:
	.loc	1 184 0 is_stmt 1               @ ../src/user_peripheral.c:184:0
	.fnstart
	.cfi_startproc
@ %bb.0:
	.save	{r4, r5, r6, r7, lr}
	.pad	#4
	push	{r3, r4, r5, r6, r7, lr}
	.cfi_def_cfa_offset 24
	.cfi_offset lr, -4
	.cfi_offset r7, -8
	.cfi_offset r6, -12
	.cfi_offset r5, -16
	.cfi_offset r4, -20
	movs	r0, #5
.Ltmp129:
	.loc	1 186 34 prologue_end           @ ../src/user_peripheral.c:186:34
	ldr	r6, __arm_cp.6_0
	ldrsb	r0, [r6, r0]
	.loc	1 186 33 is_stmt 0              @ ../src/user_peripheral.c:186:33
	mov	r4, r6
	adds	r4, #12
	mov	r5, r6
	adds	r5, #43
	cmp	r0, #0
	mov	r7, r4
	bge	.LBB6_2
@ %bb.1:
	.loc	1 0 33                          @ ../src/user_peripheral.c:0:33
	mov	r7, r5
.LBB6_2:
.Ltmp130:
	@DEBUG_VALUE: adv_data_update_timer_cb:mnf_data_storage <- $r7
	.loc	1 189 5 is_stmt 1               @ ../src/user_peripheral.c:189:5
	bl	mnf_data_update
.Ltmp131:
	.loc	1 192 32                        @ ../src/user_peripheral.c:192:32
	ldrb	r0, [r6, #5]
	movs	r1, #127
	.loc	1 192 47 is_stmt 0              @ ../src/user_peripheral.c:192:47
	ands	r1, r0
	.loc	1 192 29                        @ ../src/user_peripheral.c:192:29
	adds	r0, r7, r1
	.loc	1 192 5                         @ ../src/user_peripheral.c:192:5
	adds	r1, r6, #6
	movs	r2, #6
	bl	__aeabi_memcpy
.Ltmp132:
	.loc	1 195 94 is_stmt 1              @ ../src/user_peripheral.c:195:94
	ldrb	r3, [r6, #2]
	.loc	1 195 51 is_stmt 0              @ ../src/user_peripheral.c:195:51
	ldrb	r1, [r6, #1]
	.loc	1 195 5                         @ ../src/user_peripheral.c:195:5
	mov	r0, r4
	mov	r2, r5
	bl	app_easy_gap_update_adv_data
.Ltmp133:
	.loc	1 0 5                           @ ../src/user_peripheral.c:0:5
	ldr	r0, __arm_cp.6_1
	.loc	1 198 38 is_stmt 1              @ ../src/user_peripheral.c:198:38
	ldr	r1, __arm_cp.6_2
	bl	app_easy_timer
.Ltmp134:
	.loc	1 198 36 is_stmt 0              @ ../src/user_peripheral.c:198:36
	strb	r0, [r6, #3]
	.loc	1 199 1 epilogue_begin is_stmt 1 @ ../src/user_peripheral.c:199:1
	pop	{r3, r4, r5, r6, r7, pc}
.Ltmp135:
	.loc	1 0 1 is_stmt 0                 @ :0:1
.Ltmp136:
	.p2align	2
@ %bb.3:
__arm_cp.6_0:
	.long	.L_MergedGlobals
.Lcpi_end24:
	.size	__arm_cp.6_0, .Lcpi_end24-__arm_cp.6_0
__arm_cp.6_1:
	.long	3000                            @ 0xbb8
.Lcpi_end25:
	.size	__arm_cp.6_1, .Lcpi_end25-__arm_cp.6_1
__arm_cp.6_2:
	.long	adv_data_update_timer_cb
.Lcpi_end26:
	.size	__arm_cp.6_2, .Lcpi_end26-__arm_cp.6_2
.Lfunc_end6:
	.size	adv_data_update_timer_cb, .Lfunc_end6-adv_data_update_timer_cb
	.cfi_endproc
	.cantunwind
	.fnend
                                        @ -- End function
	.p2align	2                               @ -- Begin function param_update_request_timer_cb
	.type	param_update_request_timer_cb,%function
	.code	16                              @ @param_update_request_timer_cb
	.thumb_func
param_update_request_timer_cb:
.Lfunc_begin7:
	.loc	1 207 0 is_stmt 1               @ ../src/user_peripheral.c:207:0
	.fnstart
	.cfi_startproc
@ %bb.0:
	.save	{r4, lr}
	push	{r4, lr}
	.cfi_def_cfa_offset 8
	.cfi_offset lr, -4
	.cfi_offset r4, -8
.Ltmp137:
	.loc	1 208 37 prologue_end           @ ../src/user_peripheral.c:208:37
	ldr	r4, __arm_cp.7_0
	ldrb	r0, [r4, #4]
	.loc	1 208 5 is_stmt 0               @ ../src/user_peripheral.c:208:5
	bl	app_easy_gap_param_update_start
.Ltmp138:
	.loc	1 0 5                           @ ../src/user_peripheral.c:0:5
	movs	r0, #0
	.loc	1 209 41 is_stmt 1              @ ../src/user_peripheral.c:209:41
	strb	r0, [r4]
	.loc	1 210 1 epilogue_begin          @ ../src/user_peripheral.c:210:1
	pop	{r4, pc}
.Ltmp139:
	.loc	1 0 1 is_stmt 0                 @ :0:1
.Ltmp140:
	.p2align	2
@ %bb.1:
__arm_cp.7_0:
	.long	.L_MergedGlobals
.Lcpi_end27:
	.size	__arm_cp.7_0, .Lcpi_end27-__arm_cp.7_0
.Lfunc_end7:
	.size	param_update_request_timer_cb, .Lfunc_end7-param_update_request_timer_cb
	.cfi_endproc
	.cantunwind
	.fnend
                                        @ -- End function
	.p2align	2                               @ -- Begin function mnf_data_update
	.type	mnf_data_update,%function
	.code	16                              @ @mnf_data_update
	.thumb_func
mnf_data_update:
.Lfunc_begin8:
	.fnstart
	.cfi_startproc
@ %bb.0:
	.loc	1 112 12 prologue_end is_stmt 1 @ ../src/user_peripheral.c:112:12
	ldr	r0, __arm_cp.8_0
	ldrb	r1, [r0, #10]
	.loc	1 112 44 is_stmt 0              @ ../src/user_peripheral.c:112:44
	ldrb	r2, [r0, #11]
	.loc	1 112 73                        @ ../src/user_peripheral.c:112:73
	lsls	r2, r2, #8
	.loc	1 112 41                        @ ../src/user_peripheral.c:112:41
	adds	r1, r2, r1
.Ltmp141:
	@DEBUG_VALUE: mnf_data_update:data <- undef
	.loc	1 113 10 is_stmt 1              @ ../src/user_peripheral.c:113:10
	adds	r1, r1, #1
.Ltmp142:
	@DEBUG_VALUE: mnf_data_update:data <- $r1
	.loc	1 114 34                        @ ../src/user_peripheral.c:114:34
	strb	r1, [r0, #10]
	.loc	1 115 42                        @ ../src/user_peripheral.c:115:42
	lsrs	r2, r1, #8
	.loc	1 115 34 is_stmt 0              @ ../src/user_peripheral.c:115:34
	strb	r2, [r0, #11]
	.loc	1 114 36 is_stmt 1              @ ../src/user_peripheral.c:114:36
	uxth	r1, r1
.Ltmp143:
	.loc	1 0 36 is_stmt 0                @ ../src/user_peripheral.c:0:36
	ldr	r2, __arm_cp.8_1
	.loc	1 117 9 is_stmt 1               @ ../src/user_peripheral.c:117:9
	cmp	r1, r2
	bne	.LBB8_2
@ %bb.1:
	.loc	1 0 9 is_stmt 0                 @ ../src/user_peripheral.c:0:9
	movs	r1, #0
.Ltmp144:
	.loc	1 119 39 is_stmt 1              @ ../src/user_peripheral.c:119:39
	strb	r1, [r0, #11]
	.loc	1 118 39                        @ ../src/user_peripheral.c:118:39
	strb	r1, [r0, #10]
.Ltmp145:
.LBB8_2:
	.loc	1 121 1                         @ ../src/user_peripheral.c:121:1
	bx	lr
.Ltmp146:
	.loc	1 0 1 is_stmt 0                 @ :0:1
.Ltmp147:
	.p2align	2
@ %bb.3:
__arm_cp.8_0:
	.long	.L_MergedGlobals
.Lcpi_end28:
	.size	__arm_cp.8_0, .Lcpi_end28-__arm_cp.8_0
__arm_cp.8_1:
	.long	65535                           @ 0xffff
.Lcpi_end29:
	.size	__arm_cp.8_1, .Lcpi_end29-__arm_cp.8_1
.Lfunc_end8:
	.size	mnf_data_update, .Lfunc_end8-mnf_data_update
	.cfi_endproc
	.cantunwind
	.fnend
                                        @ -- End function
	.type	.L.str,%object                  @ @.str
	.section	.rodata.str1.4,"aMS",%progbits,1
	.p2align	2, 0x0
.L.str:
	.asciz	"\003\003\n\030\021\007YZ\b\344\206*\236\217\351\021\274|\230CB\030"
	.size	.L.str, 23

	.type	.L_MergedGlobals,%object        @ @_MergedGlobals
	.section	.bss.retention_mem_area0,"aw",%nobits
.L_MergedGlobals:
	.zero	74
	.size	.L_MergedGlobals, 74

	.globl	app_param_update_request_timer_used
	.hidden	app_param_update_request_timer_used
.set app_param_update_request_timer_used, .L_MergedGlobals
	.size	app_param_update_request_timer_used, 1
	.globl	stored_adv_data_len
	.hidden	stored_adv_data_len
.set stored_adv_data_len, .L_MergedGlobals+1
	.size	stored_adv_data_len, 1
	.globl	stored_scan_rsp_data_len
	.hidden	stored_scan_rsp_data_len
.set stored_scan_rsp_data_len, .L_MergedGlobals+2
	.size	stored_scan_rsp_data_len, 1
	.globl	app_adv_data_update_timer_used
	.hidden	app_adv_data_update_timer_used
.set app_adv_data_update_timer_used, .L_MergedGlobals+3
	.size	app_adv_data_update_timer_used, 1
	.globl	app_connection_idx
	.hidden	app_connection_idx
.set app_connection_idx, .L_MergedGlobals+4
	.size	app_connection_idx, 1
	.globl	mnf_data_index
	.hidden	mnf_data_index
.set mnf_data_index, .L_MergedGlobals+5
	.size	mnf_data_index, 1
	.globl	mnf_data
	.hidden	mnf_data
.set mnf_data, .L_MergedGlobals+6
	.size	mnf_data, 6
	.globl	stored_adv_data
	.hidden	stored_adv_data
.set stored_adv_data, .L_MergedGlobals+12
	.size	stored_adv_data, 31
	.globl	stored_scan_rsp_data
	.hidden	stored_scan_rsp_data
.set stored_scan_rsp_data, .L_MergedGlobals+43
	.size	stored_scan_rsp_data, 31
	.file	16 "C:\\Users\\teodor\\Desktop\\stem\\codeless\\6.0.24.1464\\projects\\target_apps\\ble_examples\\empty_peripheral_template\\Keil_5" "./../../../../../sdk/platform/core_modules/ke/api\\ke_msg.h"
	.section	.debug_loc,"",%progbits
.Ldebug_loc0:
	.long	.Ltmp23-.Lfunc_begin0
	.long	.Ltmp38-.Lfunc_begin0
	.short	1                               @ Loc expr size
	.byte	85                              @ DW_OP_reg5
	.long	0
	.long	0
.Ldebug_loc1:
	.long	.Ltmp23-.Lfunc_begin0
	.long	.Ltmp38-.Lfunc_begin0
	.short	1                               @ Loc expr size
	.byte	85                              @ DW_OP_reg5
	.long	0
	.long	0
.Ldebug_loc2:
	.long	.Lfunc_begin2-.Lfunc_begin0
	.long	.Ltmp44-.Lfunc_begin0
	.short	1                               @ Loc expr size
	.byte	80                              @ DW_OP_reg0
	.long	.Ltmp44-.Lfunc_begin0
	.long	.Ltmp61-.Lfunc_begin0
	.short	1                               @ Loc expr size
	.byte	85                              @ DW_OP_reg5
	.long	0
	.long	0
.Ldebug_loc3:
	.long	.Lfunc_begin2-.Lfunc_begin0
	.long	.Ltmp43-.Lfunc_begin0
	.short	1                               @ Loc expr size
	.byte	81                              @ DW_OP_reg1
	.long	.Ltmp43-.Lfunc_begin0
	.long	.Ltmp61-.Lfunc_begin0
	.short	1                               @ Loc expr size
	.byte	84                              @ DW_OP_reg4
	.long	0
	.long	0
.Ldebug_loc4:
	.long	.Lfunc_begin3-.Lfunc_begin0
	.long	.Ltmp65-.Lfunc_begin0
	.short	1                               @ Loc expr size
	.byte	80                              @ DW_OP_reg0
	.long	0
	.long	0
.Ldebug_loc5:
	.long	.Lfunc_begin4-.Lfunc_begin0
	.long	.Ltmp68-.Lfunc_begin0
	.short	1                               @ Loc expr size
	.byte	80                              @ DW_OP_reg0
	.long	.Ltmp68-.Lfunc_begin0
	.long	.Ltmp78-.Lfunc_begin0
	.short	4                               @ Loc expr size
	.byte	243                             @ DW_OP_GNU_entry_value
	.byte	1                               @ 1
	.byte	80                              @ DW_OP_reg0
	.byte	159                             @ DW_OP_stack_value
	.long	0
	.long	0
.Ldebug_loc6:
	.long	.Lfunc_begin5-.Lfunc_begin0
	.long	.Ltmp86-.Lfunc_begin0
	.short	1                               @ Loc expr size
	.byte	80                              @ DW_OP_reg0
	.long	.Ltmp86-.Lfunc_begin0
	.long	.Ltmp95-.Lfunc_begin0
	.short	4                               @ Loc expr size
	.byte	243                             @ DW_OP_GNU_entry_value
	.byte	1                               @ 1
	.byte	80                              @ DW_OP_reg0
	.byte	159                             @ DW_OP_stack_value
	.long	.Ltmp95-.Lfunc_begin0
	.long	.Ltmp96-.Lfunc_begin0
	.short	1                               @ Loc expr size
	.byte	80                              @ DW_OP_reg0
	.long	.Ltmp96-.Lfunc_begin0
	.long	.Ltmp99-.Lfunc_begin0
	.short	4                               @ Loc expr size
	.byte	243                             @ DW_OP_GNU_entry_value
	.byte	1                               @ 1
	.byte	80                              @ DW_OP_reg0
	.byte	159                             @ DW_OP_stack_value
	.long	.Ltmp99-.Lfunc_begin0
	.long	.Ltmp100-.Lfunc_begin0
	.short	1                               @ Loc expr size
	.byte	80                              @ DW_OP_reg0
	.long	.Ltmp100-.Lfunc_begin0
	.long	.Ltmp102-.Lfunc_begin0
	.short	4                               @ Loc expr size
	.byte	243                             @ DW_OP_GNU_entry_value
	.byte	1                               @ 1
	.byte	80                              @ DW_OP_reg0
	.byte	159                             @ DW_OP_stack_value
	.long	.Ltmp102-.Lfunc_begin0
	.long	.Ltmp103-.Lfunc_begin0
	.short	1                               @ Loc expr size
	.byte	80                              @ DW_OP_reg0
	.long	.Ltmp103-.Lfunc_begin0
	.long	.Ltmp111-.Lfunc_begin0
	.short	4                               @ Loc expr size
	.byte	243                             @ DW_OP_GNU_entry_value
	.byte	1                               @ 1
	.byte	80                              @ DW_OP_reg0
	.byte	159                             @ DW_OP_stack_value
	.long	.Ltmp112-.Lfunc_begin0
	.long	.Ltmp127-.Lfunc_begin0
	.short	4                               @ Loc expr size
	.byte	243                             @ DW_OP_GNU_entry_value
	.byte	1                               @ 1
	.byte	80                              @ DW_OP_reg0
	.byte	159                             @ DW_OP_stack_value
	.long	0
	.long	0
.Ldebug_loc7:
	.long	.Lfunc_begin5-.Lfunc_begin0
	.long	.Ltmp80-.Lfunc_begin0
	.short	1                               @ Loc expr size
	.byte	81                              @ DW_OP_reg1
	.long	.Ltmp80-.Lfunc_begin0
	.long	.Ltmp127-.Lfunc_begin0
	.short	1                               @ Loc expr size
	.byte	84                              @ DW_OP_reg4
	.long	0
	.long	0
.Ldebug_loc8:
	.long	.Lfunc_begin5-.Lfunc_begin0
	.long	.Ltmp94-.Lfunc_begin0
	.short	1                               @ Loc expr size
	.byte	82                              @ DW_OP_reg2
	.long	.Ltmp94-.Lfunc_begin0
	.long	.Ltmp95-.Lfunc_begin0
	.short	4                               @ Loc expr size
	.byte	243                             @ DW_OP_GNU_entry_value
	.byte	1                               @ 1
	.byte	82                              @ DW_OP_reg2
	.byte	159                             @ DW_OP_stack_value
	.long	.Ltmp95-.Lfunc_begin0
	.long	.Ltmp98-.Lfunc_begin0
	.short	1                               @ Loc expr size
	.byte	82                              @ DW_OP_reg2
	.long	.Ltmp98-.Lfunc_begin0
	.long	.Ltmp99-.Lfunc_begin0
	.short	4                               @ Loc expr size
	.byte	243                             @ DW_OP_GNU_entry_value
	.byte	1                               @ 1
	.byte	82                              @ DW_OP_reg2
	.byte	159                             @ DW_OP_stack_value
	.long	.Ltmp99-.Lfunc_begin0
	.long	.Ltmp101-.Lfunc_begin0
	.short	1                               @ Loc expr size
	.byte	82                              @ DW_OP_reg2
	.long	.Ltmp101-.Lfunc_begin0
	.long	.Ltmp102-.Lfunc_begin0
	.short	4                               @ Loc expr size
	.byte	243                             @ DW_OP_GNU_entry_value
	.byte	1                               @ 1
	.byte	82                              @ DW_OP_reg2
	.byte	159                             @ DW_OP_stack_value
	.long	.Ltmp102-.Lfunc_begin0
	.long	.Ltmp106-.Lfunc_begin0
	.short	1                               @ Loc expr size
	.byte	82                              @ DW_OP_reg2
	.long	.Ltmp106-.Lfunc_begin0
	.long	.Ltmp107-.Lfunc_begin0
	.short	4                               @ Loc expr size
	.byte	243                             @ DW_OP_GNU_entry_value
	.byte	1                               @ 1
	.byte	82                              @ DW_OP_reg2
	.byte	159                             @ DW_OP_stack_value
	.long	.Ltmp107-.Lfunc_begin0
	.long	.Ltmp109-.Lfunc_begin0
	.short	1                               @ Loc expr size
	.byte	82                              @ DW_OP_reg2
	.long	.Ltmp109-.Lfunc_begin0
	.long	.Ltmp111-.Lfunc_begin0
	.short	4                               @ Loc expr size
	.byte	243                             @ DW_OP_GNU_entry_value
	.byte	1                               @ 1
	.byte	82                              @ DW_OP_reg2
	.byte	159                             @ DW_OP_stack_value
	.long	.Ltmp112-.Lfunc_begin0
	.long	.Ltmp114-.Lfunc_begin0
	.short	1                               @ Loc expr size
	.byte	82                              @ DW_OP_reg2
	.long	.Ltmp114-.Lfunc_begin0
	.long	.Ltmp115-.Lfunc_begin0
	.short	4                               @ Loc expr size
	.byte	243                             @ DW_OP_GNU_entry_value
	.byte	1                               @ 1
	.byte	82                              @ DW_OP_reg2
	.byte	159                             @ DW_OP_stack_value
	.long	.Ltmp115-.Lfunc_begin0
	.long	.Ltmp117-.Lfunc_begin0
	.short	1                               @ Loc expr size
	.byte	82                              @ DW_OP_reg2
	.long	.Ltmp117-.Lfunc_begin0
	.long	.Ltmp118-.Lfunc_begin0
	.short	4                               @ Loc expr size
	.byte	243                             @ DW_OP_GNU_entry_value
	.byte	1                               @ 1
	.byte	82                              @ DW_OP_reg2
	.byte	159                             @ DW_OP_stack_value
	.long	.Ltmp118-.Lfunc_begin0
	.long	.Ltmp120-.Lfunc_begin0
	.short	1                               @ Loc expr size
	.byte	82                              @ DW_OP_reg2
	.long	.Ltmp120-.Lfunc_begin0
	.long	.Ltmp121-.Lfunc_begin0
	.short	4                               @ Loc expr size
	.byte	243                             @ DW_OP_GNU_entry_value
	.byte	1                               @ 1
	.byte	82                              @ DW_OP_reg2
	.byte	159                             @ DW_OP_stack_value
	.long	.Ltmp121-.Lfunc_begin0
	.long	.Ltmp123-.Lfunc_begin0
	.short	1                               @ Loc expr size
	.byte	82                              @ DW_OP_reg2
	.long	.Ltmp123-.Lfunc_begin0
	.long	.Ltmp124-.Lfunc_begin0
	.short	4                               @ Loc expr size
	.byte	243                             @ DW_OP_GNU_entry_value
	.byte	1                               @ 1
	.byte	82                              @ DW_OP_reg2
	.byte	159                             @ DW_OP_stack_value
	.long	.Ltmp124-.Lfunc_begin0
	.long	.Ltmp126-.Lfunc_begin0
	.short	1                               @ Loc expr size
	.byte	82                              @ DW_OP_reg2
	.long	.Ltmp126-.Lfunc_begin0
	.long	.Ltmp127-.Lfunc_begin0
	.short	4                               @ Loc expr size
	.byte	243                             @ DW_OP_GNU_entry_value
	.byte	1                               @ 1
	.byte	82                              @ DW_OP_reg2
	.byte	159                             @ DW_OP_stack_value
	.long	0
	.long	0
.Ldebug_loc9:
	.long	.Lfunc_begin5-.Lfunc_begin0
	.long	.Ltmp94-.Lfunc_begin0
	.short	1                               @ Loc expr size
	.byte	83                              @ DW_OP_reg3
	.long	.Ltmp94-.Lfunc_begin0
	.long	.Ltmp95-.Lfunc_begin0
	.short	4                               @ Loc expr size
	.byte	243                             @ DW_OP_GNU_entry_value
	.byte	1                               @ 1
	.byte	83                              @ DW_OP_reg3
	.byte	159                             @ DW_OP_stack_value
	.long	.Ltmp95-.Lfunc_begin0
	.long	.Ltmp98-.Lfunc_begin0
	.short	1                               @ Loc expr size
	.byte	83                              @ DW_OP_reg3
	.long	.Ltmp98-.Lfunc_begin0
	.long	.Ltmp99-.Lfunc_begin0
	.short	4                               @ Loc expr size
	.byte	243                             @ DW_OP_GNU_entry_value
	.byte	1                               @ 1
	.byte	83                              @ DW_OP_reg3
	.byte	159                             @ DW_OP_stack_value
	.long	.Ltmp99-.Lfunc_begin0
	.long	.Ltmp101-.Lfunc_begin0
	.short	1                               @ Loc expr size
	.byte	83                              @ DW_OP_reg3
	.long	.Ltmp101-.Lfunc_begin0
	.long	.Ltmp102-.Lfunc_begin0
	.short	4                               @ Loc expr size
	.byte	243                             @ DW_OP_GNU_entry_value
	.byte	1                               @ 1
	.byte	83                              @ DW_OP_reg3
	.byte	159                             @ DW_OP_stack_value
	.long	.Ltmp102-.Lfunc_begin0
	.long	.Ltmp105-.Lfunc_begin0
	.short	1                               @ Loc expr size
	.byte	83                              @ DW_OP_reg3
	.long	.Ltmp105-.Lfunc_begin0
	.long	.Ltmp107-.Lfunc_begin0
	.short	4                               @ Loc expr size
	.byte	243                             @ DW_OP_GNU_entry_value
	.byte	1                               @ 1
	.byte	83                              @ DW_OP_reg3
	.byte	159                             @ DW_OP_stack_value
	.long	.Ltmp107-.Lfunc_begin0
	.long	.Ltmp108-.Lfunc_begin0
	.short	1                               @ Loc expr size
	.byte	83                              @ DW_OP_reg3
	.long	.Ltmp108-.Lfunc_begin0
	.long	.Ltmp111-.Lfunc_begin0
	.short	4                               @ Loc expr size
	.byte	243                             @ DW_OP_GNU_entry_value
	.byte	1                               @ 1
	.byte	83                              @ DW_OP_reg3
	.byte	159                             @ DW_OP_stack_value
	.long	.Ltmp112-.Lfunc_begin0
	.long	.Ltmp114-.Lfunc_begin0
	.short	1                               @ Loc expr size
	.byte	83                              @ DW_OP_reg3
	.long	.Ltmp114-.Lfunc_begin0
	.long	.Ltmp115-.Lfunc_begin0
	.short	4                               @ Loc expr size
	.byte	243                             @ DW_OP_GNU_entry_value
	.byte	1                               @ 1
	.byte	83                              @ DW_OP_reg3
	.byte	159                             @ DW_OP_stack_value
	.long	.Ltmp115-.Lfunc_begin0
	.long	.Ltmp117-.Lfunc_begin0
	.short	1                               @ Loc expr size
	.byte	83                              @ DW_OP_reg3
	.long	.Ltmp117-.Lfunc_begin0
	.long	.Ltmp118-.Lfunc_begin0
	.short	4                               @ Loc expr size
	.byte	243                             @ DW_OP_GNU_entry_value
	.byte	1                               @ 1
	.byte	83                              @ DW_OP_reg3
	.byte	159                             @ DW_OP_stack_value
	.long	.Ltmp118-.Lfunc_begin0
	.long	.Ltmp120-.Lfunc_begin0
	.short	1                               @ Loc expr size
	.byte	83                              @ DW_OP_reg3
	.long	.Ltmp120-.Lfunc_begin0
	.long	.Ltmp121-.Lfunc_begin0
	.short	4                               @ Loc expr size
	.byte	243                             @ DW_OP_GNU_entry_value
	.byte	1                               @ 1
	.byte	83                              @ DW_OP_reg3
	.byte	159                             @ DW_OP_stack_value
	.long	.Ltmp121-.Lfunc_begin0
	.long	.Ltmp123-.Lfunc_begin0
	.short	1                               @ Loc expr size
	.byte	83                              @ DW_OP_reg3
	.long	.Ltmp123-.Lfunc_begin0
	.long	.Ltmp124-.Lfunc_begin0
	.short	4                               @ Loc expr size
	.byte	243                             @ DW_OP_GNU_entry_value
	.byte	1                               @ 1
	.byte	83                              @ DW_OP_reg3
	.byte	159                             @ DW_OP_stack_value
	.long	.Ltmp124-.Lfunc_begin0
	.long	.Ltmp126-.Lfunc_begin0
	.short	1                               @ Loc expr size
	.byte	83                              @ DW_OP_reg3
	.long	.Ltmp126-.Lfunc_begin0
	.long	.Ltmp127-.Lfunc_begin0
	.short	4                               @ Loc expr size
	.byte	243                             @ DW_OP_GNU_entry_value
	.byte	1                               @ 1
	.byte	83                              @ DW_OP_reg3
	.byte	159                             @ DW_OP_stack_value
	.long	0
	.long	0
.Ldebug_loc10:
	.long	.Ltmp85-.Lfunc_begin0
	.long	.Ltmp95-.Lfunc_begin0
	.short	1                               @ Loc expr size
	.byte	84                              @ DW_OP_reg4
	.long	.Ltmp112-.Lfunc_begin0
	.long	.Ltmp127-.Lfunc_begin0
	.short	1                               @ Loc expr size
	.byte	84                              @ DW_OP_reg4
	.long	0
	.long	0
.Ldebug_loc11:
	.long	.Ltmp95-.Lfunc_begin0
	.long	.Ltmp99-.Lfunc_begin0
	.short	1                               @ Loc expr size
	.byte	84                              @ DW_OP_reg4
	.long	.Ltmp107-.Lfunc_begin0
	.long	.Ltmp110-.Lfunc_begin0
	.short	1                               @ Loc expr size
	.byte	84                              @ DW_OP_reg4
	.long	0
	.long	0
.Ldebug_loc12:
	.long	.Ltmp106-.Lfunc_begin0
	.long	.Ltmp107-.Lfunc_begin0
	.short	1                               @ Loc expr size
	.byte	80                              @ DW_OP_reg0
	.long	0
	.long	0
.Ldebug_loc13:
	.long	.Ltmp109-.Lfunc_begin0
	.long	.Ltmp110-.Lfunc_begin0
	.short	1                               @ Loc expr size
	.byte	80                              @ DW_OP_reg0
	.long	0
	.long	0
.Ldebug_loc14:
	.long	.Ltmp130-.Lfunc_begin0
	.long	.Ltmp135-.Lfunc_begin0
	.short	1                               @ Loc expr size
	.byte	87                              @ DW_OP_reg7
	.long	0
	.long	0
.Ldebug_loc15:
	.long	.Ltmp142-.Lfunc_begin0
	.long	.Ltmp143-.Lfunc_begin0
	.short	1                               @ Loc expr size
	.byte	81                              @ DW_OP_reg1
	.long	0
	.long	0
	.section	.debug_abbrev,"",%progbits
	.byte	1                               @ Abbreviation Code
	.byte	17                              @ DW_TAG_compile_unit
	.byte	1                               @ DW_CHILDREN_yes
	.byte	37                              @ DW_AT_producer
	.byte	14                              @ DW_FORM_strp
	.byte	19                              @ DW_AT_language
	.byte	5                               @ DW_FORM_data2
	.byte	3                               @ DW_AT_name
	.byte	14                              @ DW_FORM_strp
	.byte	16                              @ DW_AT_stmt_list
	.byte	23                              @ DW_FORM_sec_offset
	.byte	27                              @ DW_AT_comp_dir
	.byte	14                              @ DW_FORM_strp
	.byte	17                              @ DW_AT_low_pc
	.byte	1                               @ DW_FORM_addr
	.byte	18                              @ DW_AT_high_pc
	.byte	6                               @ DW_FORM_data4
	.byte	0                               @ EOM(1)
	.byte	0                               @ EOM(2)
	.byte	2                               @ Abbreviation Code
	.byte	52                              @ DW_TAG_variable
	.byte	0                               @ DW_CHILDREN_no
	.byte	73                              @ DW_AT_type
	.byte	19                              @ DW_FORM_ref4
	.byte	58                              @ DW_AT_decl_file
	.byte	11                              @ DW_FORM_data1
	.byte	59                              @ DW_AT_decl_line
	.byte	11                              @ DW_FORM_data1
	.byte	2                               @ DW_AT_location
	.byte	24                              @ DW_FORM_exprloc
	.byte	0                               @ EOM(1)
	.byte	0                               @ EOM(2)
	.byte	3                               @ Abbreviation Code
	.byte	1                               @ DW_TAG_array_type
	.byte	1                               @ DW_CHILDREN_yes
	.byte	73                              @ DW_AT_type
	.byte	19                              @ DW_FORM_ref4
	.byte	0                               @ EOM(1)
	.byte	0                               @ EOM(2)
	.byte	4                               @ Abbreviation Code
	.byte	33                              @ DW_TAG_subrange_type
	.byte	0                               @ DW_CHILDREN_no
	.byte	73                              @ DW_AT_type
	.byte	19                              @ DW_FORM_ref4
	.byte	55                              @ DW_AT_count
	.byte	11                              @ DW_FORM_data1
	.byte	0                               @ EOM(1)
	.byte	0                               @ EOM(2)
	.byte	5                               @ Abbreviation Code
	.byte	36                              @ DW_TAG_base_type
	.byte	0                               @ DW_CHILDREN_no
	.byte	3                               @ DW_AT_name
	.byte	14                              @ DW_FORM_strp
	.byte	62                              @ DW_AT_encoding
	.byte	11                              @ DW_FORM_data1
	.byte	11                              @ DW_AT_byte_size
	.byte	11                              @ DW_FORM_data1
	.byte	0                               @ EOM(1)
	.byte	0                               @ EOM(2)
	.byte	6                               @ Abbreviation Code
	.byte	36                              @ DW_TAG_base_type
	.byte	0                               @ DW_CHILDREN_no
	.byte	3                               @ DW_AT_name
	.byte	14                              @ DW_FORM_strp
	.byte	11                              @ DW_AT_byte_size
	.byte	11                              @ DW_FORM_data1
	.byte	62                              @ DW_AT_encoding
	.byte	11                              @ DW_FORM_data1
	.byte	0                               @ EOM(1)
	.byte	0                               @ EOM(2)
	.byte	7                               @ Abbreviation Code
	.byte	52                              @ DW_TAG_variable
	.byte	0                               @ DW_CHILDREN_no
	.byte	73                              @ DW_AT_type
	.byte	19                              @ DW_FORM_ref4
	.byte	58                              @ DW_AT_decl_file
	.byte	11                              @ DW_FORM_data1
	.byte	59                              @ DW_AT_decl_line
	.byte	11                              @ DW_FORM_data1
	.byte	0                               @ EOM(1)
	.byte	0                               @ EOM(2)
	.byte	8                               @ Abbreviation Code
	.byte	52                              @ DW_TAG_variable
	.byte	0                               @ DW_CHILDREN_no
	.byte	73                              @ DW_AT_type
	.byte	19                              @ DW_FORM_ref4
	.byte	58                              @ DW_AT_decl_file
	.byte	11                              @ DW_FORM_data1
	.byte	59                              @ DW_AT_decl_line
	.byte	5                               @ DW_FORM_data2
	.byte	2                               @ DW_AT_location
	.byte	24                              @ DW_FORM_exprloc
	.byte	0                               @ EOM(1)
	.byte	0                               @ EOM(2)
	.byte	9                               @ Abbreviation Code
	.byte	52                              @ DW_TAG_variable
	.byte	0                               @ DW_CHILDREN_no
	.byte	3                               @ DW_AT_name
	.byte	14                              @ DW_FORM_strp
	.byte	73                              @ DW_AT_type
	.byte	19                              @ DW_FORM_ref4
	.byte	63                              @ DW_AT_external
	.byte	25                              @ DW_FORM_flag_present
	.byte	58                              @ DW_AT_decl_file
	.byte	11                              @ DW_FORM_data1
	.byte	59                              @ DW_AT_decl_line
	.byte	11                              @ DW_FORM_data1
	.byte	2                               @ DW_AT_location
	.byte	24                              @ DW_FORM_exprloc
	.byte	0                               @ EOM(1)
	.byte	0                               @ EOM(2)
	.byte	10                              @ Abbreviation Code
	.byte	22                              @ DW_TAG_typedef
	.byte	0                               @ DW_CHILDREN_no
	.byte	73                              @ DW_AT_type
	.byte	19                              @ DW_FORM_ref4
	.byte	3                               @ DW_AT_name
	.byte	14                              @ DW_FORM_strp
	.byte	58                              @ DW_AT_decl_file
	.byte	11                              @ DW_FORM_data1
	.byte	59                              @ DW_AT_decl_line
	.byte	11                              @ DW_FORM_data1
	.byte	0                               @ EOM(1)
	.byte	0                               @ EOM(2)
	.byte	11                              @ Abbreviation Code
	.byte	19                              @ DW_TAG_structure_type
	.byte	1                               @ DW_CHILDREN_yes
	.byte	3                               @ DW_AT_name
	.byte	14                              @ DW_FORM_strp
	.byte	11                              @ DW_AT_byte_size
	.byte	11                              @ DW_FORM_data1
	.byte	58                              @ DW_AT_decl_file
	.byte	11                              @ DW_FORM_data1
	.byte	59                              @ DW_AT_decl_line
	.byte	11                              @ DW_FORM_data1
	.byte	0                               @ EOM(1)
	.byte	0                               @ EOM(2)
	.byte	12                              @ Abbreviation Code
	.byte	13                              @ DW_TAG_member
	.byte	0                               @ DW_CHILDREN_no
	.byte	3                               @ DW_AT_name
	.byte	14                              @ DW_FORM_strp
	.byte	73                              @ DW_AT_type
	.byte	19                              @ DW_FORM_ref4
	.byte	58                              @ DW_AT_decl_file
	.byte	11                              @ DW_FORM_data1
	.byte	59                              @ DW_AT_decl_line
	.byte	11                              @ DW_FORM_data1
	.byte	56                              @ DW_AT_data_member_location
	.byte	11                              @ DW_FORM_data1
	.byte	0                               @ EOM(1)
	.byte	0                               @ EOM(2)
	.byte	13                              @ Abbreviation Code
	.byte	52                              @ DW_TAG_variable
	.byte	0                               @ DW_CHILDREN_no
	.byte	3                               @ DW_AT_name
	.byte	14                              @ DW_FORM_strp
	.byte	73                              @ DW_AT_type
	.byte	19                              @ DW_FORM_ref4
	.byte	58                              @ DW_AT_decl_file
	.byte	11                              @ DW_FORM_data1
	.byte	59                              @ DW_AT_decl_line
	.byte	11                              @ DW_FORM_data1
	.byte	0                               @ EOM(1)
	.byte	0                               @ EOM(2)
	.byte	14                              @ Abbreviation Code
	.byte	38                              @ DW_TAG_const_type
	.byte	0                               @ DW_CHILDREN_no
	.byte	73                              @ DW_AT_type
	.byte	19                              @ DW_FORM_ref4
	.byte	0                               @ EOM(1)
	.byte	0                               @ EOM(2)
	.byte	15                              @ Abbreviation Code
	.byte	4                               @ DW_TAG_enumeration_type
	.byte	1                               @ DW_CHILDREN_yes
	.byte	73                              @ DW_AT_type
	.byte	19                              @ DW_FORM_ref4
	.byte	11                              @ DW_AT_byte_size
	.byte	11                              @ DW_FORM_data1
	.byte	58                              @ DW_AT_decl_file
	.byte	11                              @ DW_FORM_data1
	.byte	59                              @ DW_AT_decl_line
	.byte	11                              @ DW_FORM_data1
	.byte	0                               @ EOM(1)
	.byte	0                               @ EOM(2)
	.byte	16                              @ Abbreviation Code
	.byte	40                              @ DW_TAG_enumerator
	.byte	0                               @ DW_CHILDREN_no
	.byte	3                               @ DW_AT_name
	.byte	14                              @ DW_FORM_strp
	.byte	28                              @ DW_AT_const_value
	.byte	15                              @ DW_FORM_udata
	.byte	0                               @ EOM(1)
	.byte	0                               @ EOM(2)
	.byte	17                              @ Abbreviation Code
	.byte	4                               @ DW_TAG_enumeration_type
	.byte	1                               @ DW_CHILDREN_yes
	.byte	73                              @ DW_AT_type
	.byte	19                              @ DW_FORM_ref4
	.byte	3                               @ DW_AT_name
	.byte	14                              @ DW_FORM_strp
	.byte	11                              @ DW_AT_byte_size
	.byte	11                              @ DW_FORM_data1
	.byte	58                              @ DW_AT_decl_file
	.byte	11                              @ DW_FORM_data1
	.byte	59                              @ DW_AT_decl_line
	.byte	11                              @ DW_FORM_data1
	.byte	0                               @ EOM(1)
	.byte	0                               @ EOM(2)
	.byte	18                              @ Abbreviation Code
	.byte	15                              @ DW_TAG_pointer_type
	.byte	0                               @ DW_CHILDREN_no
	.byte	73                              @ DW_AT_type
	.byte	19                              @ DW_FORM_ref4
	.byte	0                               @ EOM(1)
	.byte	0                               @ EOM(2)
	.byte	19                              @ Abbreviation Code
	.byte	33                              @ DW_TAG_subrange_type
	.byte	0                               @ DW_CHILDREN_no
	.byte	73                              @ DW_AT_type
	.byte	19                              @ DW_FORM_ref4
	.byte	0                               @ EOM(1)
	.byte	0                               @ EOM(2)
	.byte	20                              @ Abbreviation Code
	.byte	19                              @ DW_TAG_structure_type
	.byte	1                               @ DW_CHILDREN_yes
	.byte	3                               @ DW_AT_name
	.byte	14                              @ DW_FORM_strp
	.byte	11                              @ DW_AT_byte_size
	.byte	11                              @ DW_FORM_data1
	.byte	58                              @ DW_AT_decl_file
	.byte	11                              @ DW_FORM_data1
	.byte	59                              @ DW_AT_decl_line
	.byte	5                               @ DW_FORM_data2
	.byte	0                               @ EOM(1)
	.byte	0                               @ EOM(2)
	.byte	21                              @ Abbreviation Code
	.byte	13                              @ DW_TAG_member
	.byte	0                               @ DW_CHILDREN_no
	.byte	3                               @ DW_AT_name
	.byte	14                              @ DW_FORM_strp
	.byte	73                              @ DW_AT_type
	.byte	19                              @ DW_FORM_ref4
	.byte	58                              @ DW_AT_decl_file
	.byte	11                              @ DW_FORM_data1
	.byte	59                              @ DW_AT_decl_line
	.byte	5                               @ DW_FORM_data2
	.byte	56                              @ DW_AT_data_member_location
	.byte	11                              @ DW_FORM_data1
	.byte	0                               @ EOM(1)
	.byte	0                               @ EOM(2)
	.byte	22                              @ Abbreviation Code
	.byte	46                              @ DW_TAG_subprogram
	.byte	0                               @ DW_CHILDREN_no
	.byte	3                               @ DW_AT_name
	.byte	14                              @ DW_FORM_strp
	.byte	58                              @ DW_AT_decl_file
	.byte	11                              @ DW_FORM_data1
	.byte	59                              @ DW_AT_decl_line
	.byte	11                              @ DW_FORM_data1
	.byte	32                              @ DW_AT_inline
	.byte	11                              @ DW_FORM_data1
	.byte	0                               @ EOM(1)
	.byte	0                               @ EOM(2)
	.byte	23                              @ Abbreviation Code
	.byte	46                              @ DW_TAG_subprogram
	.byte	1                               @ DW_CHILDREN_yes
	.byte	17                              @ DW_AT_low_pc
	.byte	1                               @ DW_FORM_addr
	.byte	18                              @ DW_AT_high_pc
	.byte	6                               @ DW_FORM_data4
	.byte	64                              @ DW_AT_frame_base
	.byte	24                              @ DW_FORM_exprloc
	.ascii	"\227B"                         @ DW_AT_GNU_all_call_sites
	.byte	25                              @ DW_FORM_flag_present
	.byte	3                               @ DW_AT_name
	.byte	14                              @ DW_FORM_strp
	.byte	58                              @ DW_AT_decl_file
	.byte	11                              @ DW_FORM_data1
	.byte	59                              @ DW_AT_decl_line
	.byte	11                              @ DW_FORM_data1
	.byte	39                              @ DW_AT_prototyped
	.byte	25                              @ DW_FORM_flag_present
	.byte	63                              @ DW_AT_external
	.byte	25                              @ DW_FORM_flag_present
	.byte	0                               @ EOM(1)
	.byte	0                               @ EOM(2)
	.byte	24                              @ Abbreviation Code
	.byte	29                              @ DW_TAG_inlined_subroutine
	.byte	0                               @ DW_CHILDREN_no
	.byte	49                              @ DW_AT_abstract_origin
	.byte	19                              @ DW_FORM_ref4
	.byte	17                              @ DW_AT_low_pc
	.byte	1                               @ DW_FORM_addr
	.byte	18                              @ DW_AT_high_pc
	.byte	6                               @ DW_FORM_data4
	.byte	88                              @ DW_AT_call_file
	.byte	11                              @ DW_FORM_data1
	.byte	89                              @ DW_AT_call_line
	.byte	11                              @ DW_FORM_data1
	.byte	87                              @ DW_AT_call_column
	.byte	11                              @ DW_FORM_data1
	.byte	0                               @ EOM(1)
	.byte	0                               @ EOM(2)
	.byte	25                              @ Abbreviation Code
	.byte	46                              @ DW_TAG_subprogram
	.byte	1                               @ DW_CHILDREN_yes
	.byte	3                               @ DW_AT_name
	.byte	14                              @ DW_FORM_strp
	.byte	58                              @ DW_AT_decl_file
	.byte	11                              @ DW_FORM_data1
	.byte	59                              @ DW_AT_decl_line
	.byte	11                              @ DW_FORM_data1
	.byte	39                              @ DW_AT_prototyped
	.byte	25                              @ DW_FORM_flag_present
	.byte	32                              @ DW_AT_inline
	.byte	11                              @ DW_FORM_data1
	.byte	0                               @ EOM(1)
	.byte	0                               @ EOM(2)
	.byte	26                              @ Abbreviation Code
	.byte	5                               @ DW_TAG_formal_parameter
	.byte	0                               @ DW_CHILDREN_no
	.byte	3                               @ DW_AT_name
	.byte	14                              @ DW_FORM_strp
	.byte	58                              @ DW_AT_decl_file
	.byte	11                              @ DW_FORM_data1
	.byte	59                              @ DW_AT_decl_line
	.byte	11                              @ DW_FORM_data1
	.byte	73                              @ DW_AT_type
	.byte	19                              @ DW_FORM_ref4
	.byte	0                               @ EOM(1)
	.byte	0                               @ EOM(2)
	.byte	27                              @ Abbreviation Code
	.byte	52                              @ DW_TAG_variable
	.byte	0                               @ DW_CHILDREN_no
	.byte	3                               @ DW_AT_name
	.byte	14                              @ DW_FORM_strp
	.byte	58                              @ DW_AT_decl_file
	.byte	11                              @ DW_FORM_data1
	.byte	59                              @ DW_AT_decl_line
	.byte	11                              @ DW_FORM_data1
	.byte	73                              @ DW_AT_type
	.byte	19                              @ DW_FORM_ref4
	.byte	0                               @ EOM(1)
	.byte	0                               @ EOM(2)
	.byte	28                              @ Abbreviation Code
	.byte	23                              @ DW_TAG_union_type
	.byte	1                               @ DW_CHILDREN_yes
	.byte	3                               @ DW_AT_name
	.byte	14                              @ DW_FORM_strp
	.byte	11                              @ DW_AT_byte_size
	.byte	11                              @ DW_FORM_data1
	.byte	58                              @ DW_AT_decl_file
	.byte	11                              @ DW_FORM_data1
	.byte	59                              @ DW_AT_decl_line
	.byte	5                               @ DW_FORM_data2
	.byte	0                               @ EOM(1)
	.byte	0                               @ EOM(2)
	.byte	29                              @ Abbreviation Code
	.byte	15                              @ DW_TAG_pointer_type
	.byte	0                               @ DW_CHILDREN_no
	.byte	0                               @ EOM(1)
	.byte	0                               @ EOM(2)
	.byte	30                              @ Abbreviation Code
	.byte	46                              @ DW_TAG_subprogram
	.byte	1                               @ DW_CHILDREN_yes
	.byte	17                              @ DW_AT_low_pc
	.byte	1                               @ DW_FORM_addr
	.byte	18                              @ DW_AT_high_pc
	.byte	6                               @ DW_FORM_data4
	.byte	64                              @ DW_AT_frame_base
	.byte	24                              @ DW_FORM_exprloc
	.ascii	"\227B"                         @ DW_AT_GNU_all_call_sites
	.byte	25                              @ DW_FORM_flag_present
	.byte	3                               @ DW_AT_name
	.byte	14                              @ DW_FORM_strp
	.byte	58                              @ DW_AT_decl_file
	.byte	11                              @ DW_FORM_data1
	.byte	59                              @ DW_AT_decl_line
	.byte	5                               @ DW_FORM_data2
	.byte	39                              @ DW_AT_prototyped
	.byte	25                              @ DW_FORM_flag_present
	.byte	63                              @ DW_AT_external
	.byte	25                              @ DW_FORM_flag_present
	.byte	0                               @ EOM(1)
	.byte	0                               @ EOM(2)
	.byte	31                              @ Abbreviation Code
	.byte	52                              @ DW_TAG_variable
	.byte	0                               @ DW_CHILDREN_no
	.byte	2                               @ DW_AT_location
	.byte	23                              @ DW_FORM_sec_offset
	.byte	3                               @ DW_AT_name
	.byte	14                              @ DW_FORM_strp
	.byte	58                              @ DW_AT_decl_file
	.byte	11                              @ DW_FORM_data1
	.byte	59                              @ DW_AT_decl_line
	.byte	5                               @ DW_FORM_data2
	.byte	73                              @ DW_AT_type
	.byte	19                              @ DW_FORM_ref4
	.byte	0                               @ EOM(1)
	.byte	0                               @ EOM(2)
	.byte	32                              @ Abbreviation Code
	.byte	29                              @ DW_TAG_inlined_subroutine
	.byte	1                               @ DW_CHILDREN_yes
	.byte	49                              @ DW_AT_abstract_origin
	.byte	19                              @ DW_FORM_ref4
	.byte	17                              @ DW_AT_low_pc
	.byte	1                               @ DW_FORM_addr
	.byte	18                              @ DW_AT_high_pc
	.byte	6                               @ DW_FORM_data4
	.byte	88                              @ DW_AT_call_file
	.byte	11                              @ DW_FORM_data1
	.byte	89                              @ DW_AT_call_line
	.byte	5                               @ DW_FORM_data2
	.byte	87                              @ DW_AT_call_column
	.byte	11                              @ DW_FORM_data1
	.byte	0                               @ EOM(1)
	.byte	0                               @ EOM(2)
	.byte	33                              @ Abbreviation Code
	.byte	5                               @ DW_TAG_formal_parameter
	.byte	0                               @ DW_CHILDREN_no
	.byte	2                               @ DW_AT_location
	.byte	23                              @ DW_FORM_sec_offset
	.byte	49                              @ DW_AT_abstract_origin
	.byte	19                              @ DW_FORM_ref4
	.byte	0                               @ EOM(1)
	.byte	0                               @ EOM(2)
	.byte	34                              @ Abbreviation Code
	.byte	5                               @ DW_TAG_formal_parameter
	.byte	0                               @ DW_CHILDREN_no
	.byte	28                              @ DW_AT_const_value
	.byte	15                              @ DW_FORM_udata
	.byte	49                              @ DW_AT_abstract_origin
	.byte	19                              @ DW_FORM_ref4
	.byte	0                               @ EOM(1)
	.byte	0                               @ EOM(2)
	.byte	35                              @ Abbreviation Code
	.byte	52                              @ DW_TAG_variable
	.byte	0                               @ DW_CHILDREN_no
	.byte	28                              @ DW_AT_const_value
	.byte	15                              @ DW_FORM_udata
	.byte	49                              @ DW_AT_abstract_origin
	.byte	19                              @ DW_FORM_ref4
	.byte	0                               @ EOM(1)
	.byte	0                               @ EOM(2)
	.byte	36                              @ Abbreviation Code
	.byte	5                               @ DW_TAG_formal_parameter
	.byte	0                               @ DW_CHILDREN_no
	.byte	2                               @ DW_AT_location
	.byte	23                              @ DW_FORM_sec_offset
	.byte	3                               @ DW_AT_name
	.byte	14                              @ DW_FORM_strp
	.byte	58                              @ DW_AT_decl_file
	.byte	11                              @ DW_FORM_data1
	.byte	59                              @ DW_AT_decl_line
	.byte	5                               @ DW_FORM_data2
	.byte	73                              @ DW_AT_type
	.byte	19                              @ DW_FORM_ref4
	.byte	0                               @ EOM(1)
	.byte	0                               @ EOM(2)
	.byte	37                              @ Abbreviation Code
	.byte	11                              @ DW_TAG_lexical_block
	.byte	1                               @ DW_CHILDREN_yes
	.byte	85                              @ DW_AT_ranges
	.byte	23                              @ DW_FORM_sec_offset
	.byte	0                               @ EOM(1)
	.byte	0                               @ EOM(2)
	.byte	38                              @ Abbreviation Code
	.byte	11                              @ DW_TAG_lexical_block
	.byte	1                               @ DW_CHILDREN_yes
	.byte	17                              @ DW_AT_low_pc
	.byte	1                               @ DW_FORM_addr
	.byte	18                              @ DW_AT_high_pc
	.byte	6                               @ DW_FORM_data4
	.byte	0                               @ EOM(1)
	.byte	0                               @ EOM(2)
	.byte	39                              @ Abbreviation Code
	.byte	52                              @ DW_TAG_variable
	.byte	0                               @ DW_CHILDREN_no
	.byte	2                               @ DW_AT_location
	.byte	24                              @ DW_FORM_exprloc
	.byte	3                               @ DW_AT_name
	.byte	14                              @ DW_FORM_strp
	.byte	58                              @ DW_AT_decl_file
	.byte	11                              @ DW_FORM_data1
	.byte	59                              @ DW_AT_decl_line
	.byte	5                               @ DW_FORM_data2
	.byte	73                              @ DW_AT_type
	.byte	19                              @ DW_FORM_ref4
	.byte	0                               @ EOM(1)
	.byte	0                               @ EOM(2)
	.byte	40                              @ Abbreviation Code
	.byte	46                              @ DW_TAG_subprogram
	.byte	1                               @ DW_CHILDREN_yes
	.byte	17                              @ DW_AT_low_pc
	.byte	1                               @ DW_FORM_addr
	.byte	18                              @ DW_AT_high_pc
	.byte	6                               @ DW_FORM_data4
	.byte	64                              @ DW_AT_frame_base
	.byte	24                              @ DW_FORM_exprloc
	.ascii	"\227B"                         @ DW_AT_GNU_all_call_sites
	.byte	25                              @ DW_FORM_flag_present
	.byte	3                               @ DW_AT_name
	.byte	14                              @ DW_FORM_strp
	.byte	58                              @ DW_AT_decl_file
	.byte	11                              @ DW_FORM_data1
	.byte	59                              @ DW_AT_decl_line
	.byte	11                              @ DW_FORM_data1
	.byte	0                               @ EOM(1)
	.byte	0                               @ EOM(2)
	.byte	41                              @ Abbreviation Code
	.byte	52                              @ DW_TAG_variable
	.byte	0                               @ DW_CHILDREN_no
	.byte	2                               @ DW_AT_location
	.byte	23                              @ DW_FORM_sec_offset
	.byte	3                               @ DW_AT_name
	.byte	14                              @ DW_FORM_strp
	.byte	58                              @ DW_AT_decl_file
	.byte	11                              @ DW_FORM_data1
	.byte	59                              @ DW_AT_decl_line
	.byte	11                              @ DW_FORM_data1
	.byte	73                              @ DW_AT_type
	.byte	19                              @ DW_FORM_ref4
	.byte	0                               @ EOM(1)
	.byte	0                               @ EOM(2)
	.byte	42                              @ Abbreviation Code
	.byte	46                              @ DW_TAG_subprogram
	.byte	0                               @ DW_CHILDREN_no
	.byte	17                              @ DW_AT_low_pc
	.byte	1                               @ DW_FORM_addr
	.byte	18                              @ DW_AT_high_pc
	.byte	6                               @ DW_FORM_data4
	.byte	64                              @ DW_AT_frame_base
	.byte	24                              @ DW_FORM_exprloc
	.ascii	"\227B"                         @ DW_AT_GNU_all_call_sites
	.byte	25                              @ DW_FORM_flag_present
	.byte	3                               @ DW_AT_name
	.byte	14                              @ DW_FORM_strp
	.byte	58                              @ DW_AT_decl_file
	.byte	11                              @ DW_FORM_data1
	.byte	59                              @ DW_AT_decl_line
	.byte	11                              @ DW_FORM_data1
	.byte	0                               @ EOM(1)
	.byte	0                               @ EOM(2)
	.byte	43                              @ Abbreviation Code
	.byte	38                              @ DW_TAG_const_type
	.byte	0                               @ DW_CHILDREN_no
	.byte	0                               @ EOM(1)
	.byte	0                               @ EOM(2)
	.byte	0                               @ EOM(3)
	.section	.debug_info,"",%progbits
.Lcu_begin0:
	.long	.Ldebug_info_end0-.Ldebug_info_start0 @ Length of Unit
.Ldebug_info_start0:
	.short	4                               @ DWARF version number
	.long	.debug_abbrev                   @ Offset Into Abbrev. Section
	.byte	4                               @ Address Size (in bytes)
	.byte	1                               @ Abbrev [1] 0xb:0x120a DW_TAG_compile_unit
	.long	.Linfo_string0                  @ DW_AT_producer
	.short	12                              @ DW_AT_language
	.long	.Linfo_string1                  @ DW_AT_name
	.long	.Lline_table_start0             @ DW_AT_stmt_list
	.long	.Linfo_string2                  @ DW_AT_comp_dir
	.long	.Lfunc_begin0                   @ DW_AT_low_pc
	.long	.Lfunc_end8-.Lfunc_begin0       @ DW_AT_high_pc
	.byte	2                               @ Abbrev [2] 0x26:0xd DW_TAG_variable
	.long	51                              @ DW_AT_type
	.byte	1                               @ DW_AT_decl_file
	.byte	227                             @ DW_AT_decl_line
	.byte	5                               @ DW_AT_location
	.byte	3
	.long	.L.str
	.byte	3                               @ Abbrev [3] 0x33:0xc DW_TAG_array_type
	.long	63                              @ DW_AT_type
	.byte	4                               @ Abbrev [4] 0x38:0x6 DW_TAG_subrange_type
	.long	70                              @ DW_AT_type
	.byte	23                              @ DW_AT_count
	.byte	0                               @ End Of Children Mark
	.byte	5                               @ Abbrev [5] 0x3f:0x7 DW_TAG_base_type
	.long	.Linfo_string3                  @ DW_AT_name
	.byte	8                               @ DW_AT_encoding
	.byte	1                               @ DW_AT_byte_size
	.byte	6                               @ Abbrev [6] 0x46:0x7 DW_TAG_base_type
	.long	.Linfo_string4                  @ DW_AT_name
	.byte	8                               @ DW_AT_byte_size
	.byte	7                               @ DW_AT_encoding
	.byte	7                               @ Abbrev [7] 0x4d:0x7 DW_TAG_variable
	.long	84                              @ DW_AT_type
	.byte	1                               @ DW_AT_decl_file
	.byte	229                             @ DW_AT_decl_line
	.byte	3                               @ Abbrev [3] 0x54:0xc DW_TAG_array_type
	.long	63                              @ DW_AT_type
	.byte	4                               @ Abbrev [4] 0x59:0x6 DW_TAG_subrange_type
	.long	70                              @ DW_AT_type
	.byte	1                               @ DW_AT_count
	.byte	0                               @ End Of Children Mark
	.byte	2                               @ Abbrev [2] 0x60:0xd DW_TAG_variable
	.long	109                             @ DW_AT_type
	.byte	1                               @ DW_AT_decl_file
	.byte	241                             @ DW_AT_decl_line
	.byte	5                               @ DW_AT_location
	.byte	3
	.long	.L.str.2
	.byte	3                               @ Abbrev [3] 0x6d:0xc DW_TAG_array_type
	.long	63                              @ DW_AT_type
	.byte	4                               @ Abbrev [4] 0x72:0x6 DW_TAG_subrange_type
	.long	70                              @ DW_AT_type
	.byte	27                              @ DW_AT_count
	.byte	0                               @ End Of Children Mark
	.byte	2                               @ Abbrev [2] 0x79:0xd DW_TAG_variable
	.long	134                             @ DW_AT_type
	.byte	1                               @ DW_AT_decl_file
	.byte	246                             @ DW_AT_decl_line
	.byte	5                               @ DW_AT_location
	.byte	3
	.long	.L.str.3
	.byte	3                               @ Abbrev [3] 0x86:0xc DW_TAG_array_type
	.long	63                              @ DW_AT_type
	.byte	4                               @ Abbrev [4] 0x8b:0x6 DW_TAG_subrange_type
	.long	70                              @ DW_AT_type
	.byte	32                              @ DW_AT_count
	.byte	0                               @ End Of Children Mark
	.byte	8                               @ Abbrev [8] 0x92:0xe DW_TAG_variable
	.long	160                             @ DW_AT_type
	.byte	1                               @ DW_AT_decl_file
	.short	258                             @ DW_AT_decl_line
	.byte	5                               @ DW_AT_location
	.byte	3
	.long	.L.str.4
	.byte	3                               @ Abbrev [3] 0xa0:0xc DW_TAG_array_type
	.long	63                              @ DW_AT_type
	.byte	4                               @ Abbrev [4] 0xa5:0x6 DW_TAG_subrange_type
	.long	70                              @ DW_AT_type
	.byte	18                              @ DW_AT_count
	.byte	0                               @ End Of Children Mark
	.byte	8                               @ Abbrev [8] 0xac:0xe DW_TAG_variable
	.long	186                             @ DW_AT_type
	.byte	1                               @ DW_AT_decl_file
	.short	260                             @ DW_AT_decl_line
	.byte	5                               @ DW_AT_location
	.byte	3
	.long	.L.str.5
	.byte	3                               @ Abbrev [3] 0xba:0xc DW_TAG_array_type
	.long	63                              @ DW_AT_type
	.byte	4                               @ Abbrev [4] 0xbf:0x6 DW_TAG_subrange_type
	.long	70                              @ DW_AT_type
	.byte	20                              @ DW_AT_count
	.byte	0                               @ End Of Children Mark
	.byte	8                               @ Abbrev [8] 0xc6:0xe DW_TAG_variable
	.long	134                             @ DW_AT_type
	.byte	1                               @ DW_AT_decl_file
	.short	269                             @ DW_AT_decl_line
	.byte	5                               @ DW_AT_location
	.byte	3
	.long	.L.str.6
	.byte	8                               @ Abbrev [8] 0xd4:0xe DW_TAG_variable
	.long	226                             @ DW_AT_type
	.byte	1                               @ DW_AT_decl_file
	.short	329                             @ DW_AT_decl_line
	.byte	5                               @ DW_AT_location
	.byte	3
	.long	.L.str.7
	.byte	3                               @ Abbrev [3] 0xe2:0xc DW_TAG_array_type
	.long	63                              @ DW_AT_type
	.byte	4                               @ Abbrev [4] 0xe7:0x6 DW_TAG_subrange_type
	.long	70                              @ DW_AT_type
	.byte	29                              @ DW_AT_count
	.byte	0                               @ End Of Children Mark
	.byte	8                               @ Abbrev [8] 0xee:0xe DW_TAG_variable
	.long	252                             @ DW_AT_type
	.byte	1                               @ DW_AT_decl_file
	.short	382                             @ DW_AT_decl_line
	.byte	5                               @ DW_AT_location
	.byte	3
	.long	.L.str.8
	.byte	3                               @ Abbrev [3] 0xfc:0xc DW_TAG_array_type
	.long	63                              @ DW_AT_type
	.byte	4                               @ Abbrev [4] 0x101:0x6 DW_TAG_subrange_type
	.long	70                              @ DW_AT_type
	.byte	39                              @ DW_AT_count
	.byte	0                               @ End Of Children Mark
	.byte	9                               @ Abbrev [9] 0x108:0x13 DW_TAG_variable
	.long	.Linfo_string5                  @ DW_AT_name
	.long	283                             @ DW_AT_type
                                        @ DW_AT_external
	.byte	1                               @ DW_AT_decl_file
	.byte	72                              @ DW_AT_decl_line
	.byte	7                               @ DW_AT_location
	.byte	3
	.long	.L_MergedGlobals
	.byte	35
	.byte	4
	.byte	10                              @ Abbrev [10] 0x11b:0xb DW_TAG_typedef
	.long	294                             @ DW_AT_type
	.long	.Linfo_string7                  @ DW_AT_name
	.byte	2                               @ DW_AT_decl_file
	.byte	62                              @ DW_AT_decl_line
	.byte	5                               @ Abbrev [5] 0x126:0x7 DW_TAG_base_type
	.long	.Linfo_string6                  @ DW_AT_name
	.byte	8                               @ DW_AT_encoding
	.byte	1                               @ DW_AT_byte_size
	.byte	9                               @ Abbrev [9] 0x12d:0x13 DW_TAG_variable
	.long	.Linfo_string8                  @ DW_AT_name
	.long	320                             @ DW_AT_type
                                        @ DW_AT_external
	.byte	1                               @ DW_AT_decl_file
	.byte	73                              @ DW_AT_decl_line
	.byte	7                               @ DW_AT_location
	.byte	3
	.long	.L_MergedGlobals
	.byte	35
	.byte	3
	.byte	10                              @ Abbrev [10] 0x140:0xb DW_TAG_typedef
	.long	283                             @ DW_AT_type
	.long	.Linfo_string9                  @ DW_AT_name
	.byte	3                               @ DW_AT_decl_file
	.byte	55                              @ DW_AT_decl_line
	.byte	9                               @ Abbrev [9] 0x14b:0x11 DW_TAG_variable
	.long	.Linfo_string10                 @ DW_AT_name
	.long	320                             @ DW_AT_type
                                        @ DW_AT_external
	.byte	1                               @ DW_AT_decl_file
	.byte	74                              @ DW_AT_decl_line
	.byte	5                               @ DW_AT_location
	.byte	3
	.long	.L_MergedGlobals
	.byte	9                               @ Abbrev [9] 0x15c:0x13 DW_TAG_variable
	.long	.Linfo_string11                 @ DW_AT_name
	.long	367                             @ DW_AT_type
                                        @ DW_AT_external
	.byte	1                               @ DW_AT_decl_file
	.byte	76                              @ DW_AT_decl_line
	.byte	7                               @ DW_AT_location
	.byte	3
	.long	.L_MergedGlobals
	.byte	35
	.byte	6
	.byte	11                              @ Abbrev [11] 0x16f:0x39 DW_TAG_structure_type
	.long	.Linfo_string16                 @ DW_AT_name
	.byte	6                               @ DW_AT_byte_size
	.byte	1                               @ DW_AT_decl_file
	.byte	55                              @ DW_AT_decl_line
	.byte	12                              @ Abbrev [12] 0x177:0xc DW_TAG_member
	.long	.Linfo_string12                 @ DW_AT_name
	.long	283                             @ DW_AT_type
	.byte	1                               @ DW_AT_decl_file
	.byte	57                              @ DW_AT_decl_line
	.byte	0                               @ DW_AT_data_member_location
	.byte	12                              @ Abbrev [12] 0x183:0xc DW_TAG_member
	.long	.Linfo_string13                 @ DW_AT_name
	.long	283                             @ DW_AT_type
	.byte	1                               @ DW_AT_decl_file
	.byte	58                              @ DW_AT_decl_line
	.byte	1                               @ DW_AT_data_member_location
	.byte	12                              @ Abbrev [12] 0x18f:0xc DW_TAG_member
	.long	.Linfo_string14                 @ DW_AT_name
	.long	424                             @ DW_AT_type
	.byte	1                               @ DW_AT_decl_file
	.byte	59                              @ DW_AT_decl_line
	.byte	2                               @ DW_AT_data_member_location
	.byte	12                              @ Abbrev [12] 0x19b:0xc DW_TAG_member
	.long	.Linfo_string15                 @ DW_AT_name
	.long	424                             @ DW_AT_type
	.byte	1                               @ DW_AT_decl_file
	.byte	60                              @ DW_AT_decl_line
	.byte	4                               @ DW_AT_data_member_location
	.byte	0                               @ End Of Children Mark
	.byte	3                               @ Abbrev [3] 0x1a8:0xc DW_TAG_array_type
	.long	283                             @ DW_AT_type
	.byte	4                               @ Abbrev [4] 0x1ad:0x6 DW_TAG_subrange_type
	.long	70                              @ DW_AT_type
	.byte	2                               @ DW_AT_count
	.byte	0                               @ End Of Children Mark
	.byte	9                               @ Abbrev [9] 0x1b4:0x13 DW_TAG_variable
	.long	.Linfo_string17                 @ DW_AT_name
	.long	283                             @ DW_AT_type
                                        @ DW_AT_external
	.byte	1                               @ DW_AT_decl_file
	.byte	77                              @ DW_AT_decl_line
	.byte	7                               @ DW_AT_location
	.byte	3
	.long	.L_MergedGlobals
	.byte	35
	.byte	5
	.byte	9                               @ Abbrev [9] 0x1c7:0x13 DW_TAG_variable
	.long	.Linfo_string18                 @ DW_AT_name
	.long	283                             @ DW_AT_type
                                        @ DW_AT_external
	.byte	1                               @ DW_AT_decl_file
	.byte	78                              @ DW_AT_decl_line
	.byte	7                               @ DW_AT_location
	.byte	3
	.long	.L_MergedGlobals
	.byte	35
	.byte	1
	.byte	9                               @ Abbrev [9] 0x1da:0x13 DW_TAG_variable
	.long	.Linfo_string19                 @ DW_AT_name
	.long	283                             @ DW_AT_type
                                        @ DW_AT_external
	.byte	1                               @ DW_AT_decl_file
	.byte	79                              @ DW_AT_decl_line
	.byte	7                               @ DW_AT_location
	.byte	3
	.long	.L_MergedGlobals
	.byte	35
	.byte	2
	.byte	9                               @ Abbrev [9] 0x1ed:0x13 DW_TAG_variable
	.long	.Linfo_string20                 @ DW_AT_name
	.long	512                             @ DW_AT_type
                                        @ DW_AT_external
	.byte	1                               @ DW_AT_decl_file
	.byte	80                              @ DW_AT_decl_line
	.byte	7                               @ DW_AT_location
	.byte	3
	.long	.L_MergedGlobals
	.byte	35
	.byte	12
	.byte	3                               @ Abbrev [3] 0x200:0xc DW_TAG_array_type
	.long	283                             @ DW_AT_type
	.byte	4                               @ Abbrev [4] 0x205:0x6 DW_TAG_subrange_type
	.long	70                              @ DW_AT_type
	.byte	31                              @ DW_AT_count
	.byte	0                               @ End Of Children Mark
	.byte	9                               @ Abbrev [9] 0x20c:0x13 DW_TAG_variable
	.long	.Linfo_string21                 @ DW_AT_name
	.long	512                             @ DW_AT_type
                                        @ DW_AT_external
	.byte	1                               @ DW_AT_decl_file
	.byte	81                              @ DW_AT_decl_line
	.byte	7                               @ DW_AT_location
	.byte	3
	.long	.L_MergedGlobals
	.byte	35
	.byte	43
	.byte	13                              @ Abbrev [13] 0x21f:0xb DW_TAG_variable
	.long	.Linfo_string22                 @ DW_AT_name
	.long	554                             @ DW_AT_type
	.byte	5                               @ DW_AT_decl_file
	.byte	208                             @ DW_AT_decl_line
	.byte	14                              @ Abbrev [14] 0x22a:0x5 DW_TAG_const_type
	.long	559                             @ DW_AT_type
	.byte	11                              @ Abbrev [11] 0x22f:0x51 DW_TAG_structure_type
	.long	.Linfo_string31                 @ DW_AT_name
	.byte	12                              @ DW_AT_byte_size
	.byte	4                               @ DW_AT_decl_file
	.byte	231                             @ DW_AT_decl_line
	.byte	12                              @ Abbrev [12] 0x237:0xc DW_TAG_member
	.long	.Linfo_string23                 @ DW_AT_name
	.long	640                             @ DW_AT_type
	.byte	4                               @ DW_AT_decl_file
	.byte	233                             @ DW_AT_decl_line
	.byte	0                               @ DW_AT_data_member_location
	.byte	12                              @ Abbrev [12] 0x243:0xc DW_TAG_member
	.long	.Linfo_string26                 @ DW_AT_name
	.long	640                             @ DW_AT_type
	.byte	4                               @ DW_AT_decl_file
	.byte	236                             @ DW_AT_decl_line
	.byte	2                               @ DW_AT_data_member_location
	.byte	12                              @ Abbrev [12] 0x24f:0xc DW_TAG_member
	.long	.Linfo_string27                 @ DW_AT_name
	.long	640                             @ DW_AT_type
	.byte	4                               @ DW_AT_decl_file
	.byte	239                             @ DW_AT_decl_line
	.byte	4                               @ DW_AT_data_member_location
	.byte	12                              @ Abbrev [12] 0x25b:0xc DW_TAG_member
	.long	.Linfo_string28                 @ DW_AT_name
	.long	640                             @ DW_AT_type
	.byte	4                               @ DW_AT_decl_file
	.byte	242                             @ DW_AT_decl_line
	.byte	6                               @ DW_AT_data_member_location
	.byte	12                              @ Abbrev [12] 0x267:0xc DW_TAG_member
	.long	.Linfo_string29                 @ DW_AT_name
	.long	640                             @ DW_AT_type
	.byte	4                               @ DW_AT_decl_file
	.byte	245                             @ DW_AT_decl_line
	.byte	8                               @ DW_AT_data_member_location
	.byte	12                              @ Abbrev [12] 0x273:0xc DW_TAG_member
	.long	.Linfo_string30                 @ DW_AT_name
	.long	640                             @ DW_AT_type
	.byte	4                               @ DW_AT_decl_file
	.byte	248                             @ DW_AT_decl_line
	.byte	10                              @ DW_AT_data_member_location
	.byte	0                               @ End Of Children Mark
	.byte	10                              @ Abbrev [10] 0x280:0xb DW_TAG_typedef
	.long	651                             @ DW_AT_type
	.long	.Linfo_string25                 @ DW_AT_name
	.byte	2                               @ DW_AT_decl_file
	.byte	63                              @ DW_AT_decl_line
	.byte	5                               @ Abbrev [5] 0x28b:0x7 DW_TAG_base_type
	.long	.Linfo_string24                 @ DW_AT_name
	.byte	7                               @ DW_AT_encoding
	.byte	2                               @ DW_AT_byte_size
	.byte	15                              @ Abbrev [15] 0x292:0xf DW_TAG_enumeration_type
	.long	294                             @ DW_AT_type
	.byte	1                               @ DW_AT_byte_size
	.byte	6                               @ DW_AT_decl_file
	.byte	82                              @ DW_AT_decl_line
	.byte	16                              @ Abbrev [16] 0x29a:0x6 DW_TAG_enumerator
	.long	.Linfo_string32                 @ DW_AT_name
	.byte	0                               @ DW_AT_const_value
	.byte	0                               @ End Of Children Mark
	.byte	15                              @ Abbrev [15] 0x2a1:0x57 DW_TAG_enumeration_type
	.long	294                             @ DW_AT_type
	.byte	1                               @ DW_AT_byte_size
	.byte	6                               @ DW_AT_decl_file
	.byte	102                             @ DW_AT_decl_line
	.byte	16                              @ Abbrev [16] 0x2a9:0x6 DW_TAG_enumerator
	.long	.Linfo_string33                 @ DW_AT_name
	.byte	0                               @ DW_AT_const_value
	.byte	16                              @ Abbrev [16] 0x2af:0x6 DW_TAG_enumerator
	.long	.Linfo_string34                 @ DW_AT_name
	.byte	1                               @ DW_AT_const_value
	.byte	16                              @ Abbrev [16] 0x2b5:0x6 DW_TAG_enumerator
	.long	.Linfo_string35                 @ DW_AT_name
	.byte	2                               @ DW_AT_const_value
	.byte	16                              @ Abbrev [16] 0x2bb:0x6 DW_TAG_enumerator
	.long	.Linfo_string36                 @ DW_AT_name
	.byte	3                               @ DW_AT_const_value
	.byte	16                              @ Abbrev [16] 0x2c1:0x6 DW_TAG_enumerator
	.long	.Linfo_string37                 @ DW_AT_name
	.byte	4                               @ DW_AT_const_value
	.byte	16                              @ Abbrev [16] 0x2c7:0x6 DW_TAG_enumerator
	.long	.Linfo_string38                 @ DW_AT_name
	.byte	5                               @ DW_AT_const_value
	.byte	16                              @ Abbrev [16] 0x2cd:0x6 DW_TAG_enumerator
	.long	.Linfo_string39                 @ DW_AT_name
	.byte	6                               @ DW_AT_const_value
	.byte	16                              @ Abbrev [16] 0x2d3:0x6 DW_TAG_enumerator
	.long	.Linfo_string40                 @ DW_AT_name
	.byte	7                               @ DW_AT_const_value
	.byte	16                              @ Abbrev [16] 0x2d9:0x6 DW_TAG_enumerator
	.long	.Linfo_string41                 @ DW_AT_name
	.byte	8                               @ DW_AT_const_value
	.byte	16                              @ Abbrev [16] 0x2df:0x6 DW_TAG_enumerator
	.long	.Linfo_string42                 @ DW_AT_name
	.byte	9                               @ DW_AT_const_value
	.byte	16                              @ Abbrev [16] 0x2e5:0x6 DW_TAG_enumerator
	.long	.Linfo_string43                 @ DW_AT_name
	.byte	10                              @ DW_AT_const_value
	.byte	16                              @ Abbrev [16] 0x2eb:0x6 DW_TAG_enumerator
	.long	.Linfo_string44                 @ DW_AT_name
	.byte	11                              @ DW_AT_const_value
	.byte	16                              @ Abbrev [16] 0x2f1:0x6 DW_TAG_enumerator
	.long	.Linfo_string45                 @ DW_AT_name
	.byte	12                              @ DW_AT_const_value
	.byte	0                               @ End Of Children Mark
	.byte	15                              @ Abbrev [15] 0x2f8:0x57 DW_TAG_enumeration_type
	.long	294                             @ DW_AT_type
	.byte	1                               @ DW_AT_byte_size
	.byte	7                               @ DW_AT_decl_file
	.byte	68                              @ DW_AT_decl_line
	.byte	16                              @ Abbrev [16] 0x300:0x6 DW_TAG_enumerator
	.long	.Linfo_string46                 @ DW_AT_name
	.byte	1                               @ DW_AT_const_value
	.byte	16                              @ Abbrev [16] 0x306:0x6 DW_TAG_enumerator
	.long	.Linfo_string47                 @ DW_AT_name
	.byte	2                               @ DW_AT_const_value
	.byte	16                              @ Abbrev [16] 0x30c:0x6 DW_TAG_enumerator
	.long	.Linfo_string48                 @ DW_AT_name
	.byte	3                               @ DW_AT_const_value
	.byte	16                              @ Abbrev [16] 0x312:0x6 DW_TAG_enumerator
	.long	.Linfo_string49                 @ DW_AT_name
	.byte	4                               @ DW_AT_const_value
	.byte	16                              @ Abbrev [16] 0x318:0x6 DW_TAG_enumerator
	.long	.Linfo_string50                 @ DW_AT_name
	.byte	5                               @ DW_AT_const_value
	.byte	16                              @ Abbrev [16] 0x31e:0x6 DW_TAG_enumerator
	.long	.Linfo_string51                 @ DW_AT_name
	.byte	6                               @ DW_AT_const_value
	.byte	16                              @ Abbrev [16] 0x324:0x6 DW_TAG_enumerator
	.long	.Linfo_string52                 @ DW_AT_name
	.byte	7                               @ DW_AT_const_value
	.byte	16                              @ Abbrev [16] 0x32a:0x6 DW_TAG_enumerator
	.long	.Linfo_string53                 @ DW_AT_name
	.byte	8                               @ DW_AT_const_value
	.byte	16                              @ Abbrev [16] 0x330:0x6 DW_TAG_enumerator
	.long	.Linfo_string54                 @ DW_AT_name
	.byte	9                               @ DW_AT_const_value
	.byte	16                              @ Abbrev [16] 0x336:0x6 DW_TAG_enumerator
	.long	.Linfo_string55                 @ DW_AT_name
	.byte	10                              @ DW_AT_const_value
	.byte	16                              @ Abbrev [16] 0x33c:0x6 DW_TAG_enumerator
	.long	.Linfo_string56                 @ DW_AT_name
	.byte	11                              @ DW_AT_const_value
	.byte	16                              @ Abbrev [16] 0x342:0x6 DW_TAG_enumerator
	.long	.Linfo_string57                 @ DW_AT_name
	.byte	12                              @ DW_AT_const_value
	.byte	16                              @ Abbrev [16] 0x348:0x6 DW_TAG_enumerator
	.long	.Linfo_string58                 @ DW_AT_name
	.byte	12                              @ DW_AT_const_value
	.byte	0                               @ End Of Children Mark
	.byte	17                              @ Abbrev [17] 0x34f:0x427 DW_TAG_enumeration_type
	.long	294                             @ DW_AT_type
	.long	.Linfo_string221                @ DW_AT_name
	.byte	1                               @ DW_AT_byte_size
	.byte	8                               @ DW_AT_decl_file
	.byte	43                              @ DW_AT_decl_line
	.byte	16                              @ Abbrev [16] 0x35b:0x6 DW_TAG_enumerator
	.long	.Linfo_string59                 @ DW_AT_name
	.byte	0                               @ DW_AT_const_value
	.byte	16                              @ Abbrev [16] 0x361:0x6 DW_TAG_enumerator
	.long	.Linfo_string60                 @ DW_AT_name
	.byte	0                               @ DW_AT_const_value
	.byte	16                              @ Abbrev [16] 0x367:0x6 DW_TAG_enumerator
	.long	.Linfo_string61                 @ DW_AT_name
	.byte	1                               @ DW_AT_const_value
	.byte	16                              @ Abbrev [16] 0x36d:0x6 DW_TAG_enumerator
	.long	.Linfo_string62                 @ DW_AT_name
	.byte	2                               @ DW_AT_const_value
	.byte	16                              @ Abbrev [16] 0x373:0x6 DW_TAG_enumerator
	.long	.Linfo_string63                 @ DW_AT_name
	.byte	3                               @ DW_AT_const_value
	.byte	16                              @ Abbrev [16] 0x379:0x6 DW_TAG_enumerator
	.long	.Linfo_string64                 @ DW_AT_name
	.byte	4                               @ DW_AT_const_value
	.byte	16                              @ Abbrev [16] 0x37f:0x6 DW_TAG_enumerator
	.long	.Linfo_string65                 @ DW_AT_name
	.byte	5                               @ DW_AT_const_value
	.byte	16                              @ Abbrev [16] 0x385:0x6 DW_TAG_enumerator
	.long	.Linfo_string66                 @ DW_AT_name
	.byte	6                               @ DW_AT_const_value
	.byte	16                              @ Abbrev [16] 0x38b:0x6 DW_TAG_enumerator
	.long	.Linfo_string67                 @ DW_AT_name
	.byte	7                               @ DW_AT_const_value
	.byte	16                              @ Abbrev [16] 0x391:0x6 DW_TAG_enumerator
	.long	.Linfo_string68                 @ DW_AT_name
	.byte	8                               @ DW_AT_const_value
	.byte	16                              @ Abbrev [16] 0x397:0x6 DW_TAG_enumerator
	.long	.Linfo_string69                 @ DW_AT_name
	.byte	9                               @ DW_AT_const_value
	.byte	16                              @ Abbrev [16] 0x39d:0x6 DW_TAG_enumerator
	.long	.Linfo_string70                 @ DW_AT_name
	.byte	10                              @ DW_AT_const_value
	.byte	16                              @ Abbrev [16] 0x3a3:0x6 DW_TAG_enumerator
	.long	.Linfo_string71                 @ DW_AT_name
	.byte	11                              @ DW_AT_const_value
	.byte	16                              @ Abbrev [16] 0x3a9:0x6 DW_TAG_enumerator
	.long	.Linfo_string72                 @ DW_AT_name
	.byte	12                              @ DW_AT_const_value
	.byte	16                              @ Abbrev [16] 0x3af:0x6 DW_TAG_enumerator
	.long	.Linfo_string73                 @ DW_AT_name
	.byte	13                              @ DW_AT_const_value
	.byte	16                              @ Abbrev [16] 0x3b5:0x6 DW_TAG_enumerator
	.long	.Linfo_string74                 @ DW_AT_name
	.byte	14                              @ DW_AT_const_value
	.byte	16                              @ Abbrev [16] 0x3bb:0x6 DW_TAG_enumerator
	.long	.Linfo_string75                 @ DW_AT_name
	.byte	15                              @ DW_AT_const_value
	.byte	16                              @ Abbrev [16] 0x3c1:0x6 DW_TAG_enumerator
	.long	.Linfo_string76                 @ DW_AT_name
	.byte	16                              @ DW_AT_const_value
	.byte	16                              @ Abbrev [16] 0x3c7:0x6 DW_TAG_enumerator
	.long	.Linfo_string77                 @ DW_AT_name
	.byte	17                              @ DW_AT_const_value
	.byte	16                              @ Abbrev [16] 0x3cd:0x7 DW_TAG_enumerator
	.long	.Linfo_string78                 @ DW_AT_name
	.ascii	"\200\001"                      @ DW_AT_const_value
	.byte	16                              @ Abbrev [16] 0x3d4:0x6 DW_TAG_enumerator
	.long	.Linfo_string79                 @ DW_AT_name
	.byte	48                              @ DW_AT_const_value
	.byte	16                              @ Abbrev [16] 0x3da:0x6 DW_TAG_enumerator
	.long	.Linfo_string80                 @ DW_AT_name
	.byte	49                              @ DW_AT_const_value
	.byte	16                              @ Abbrev [16] 0x3e0:0x6 DW_TAG_enumerator
	.long	.Linfo_string81                 @ DW_AT_name
	.byte	50                              @ DW_AT_const_value
	.byte	16                              @ Abbrev [16] 0x3e6:0x6 DW_TAG_enumerator
	.long	.Linfo_string82                 @ DW_AT_name
	.byte	51                              @ DW_AT_const_value
	.byte	16                              @ Abbrev [16] 0x3ec:0x6 DW_TAG_enumerator
	.long	.Linfo_string83                 @ DW_AT_name
	.byte	52                              @ DW_AT_const_value
	.byte	16                              @ Abbrev [16] 0x3f2:0x6 DW_TAG_enumerator
	.long	.Linfo_string84                 @ DW_AT_name
	.byte	53                              @ DW_AT_const_value
	.byte	16                              @ Abbrev [16] 0x3f8:0x6 DW_TAG_enumerator
	.long	.Linfo_string85                 @ DW_AT_name
	.byte	54                              @ DW_AT_const_value
	.byte	16                              @ Abbrev [16] 0x3fe:0x6 DW_TAG_enumerator
	.long	.Linfo_string86                 @ DW_AT_name
	.byte	55                              @ DW_AT_const_value
	.byte	16                              @ Abbrev [16] 0x404:0x6 DW_TAG_enumerator
	.long	.Linfo_string87                 @ DW_AT_name
	.byte	56                              @ DW_AT_const_value
	.byte	16                              @ Abbrev [16] 0x40a:0x6 DW_TAG_enumerator
	.long	.Linfo_string88                 @ DW_AT_name
	.byte	57                              @ DW_AT_const_value
	.byte	16                              @ Abbrev [16] 0x410:0x6 DW_TAG_enumerator
	.long	.Linfo_string89                 @ DW_AT_name
	.byte	58                              @ DW_AT_const_value
	.byte	16                              @ Abbrev [16] 0x416:0x6 DW_TAG_enumerator
	.long	.Linfo_string90                 @ DW_AT_name
	.byte	59                              @ DW_AT_const_value
	.byte	16                              @ Abbrev [16] 0x41c:0x6 DW_TAG_enumerator
	.long	.Linfo_string91                 @ DW_AT_name
	.byte	59                              @ DW_AT_const_value
	.byte	16                              @ Abbrev [16] 0x422:0x6 DW_TAG_enumerator
	.long	.Linfo_string92                 @ DW_AT_name
	.byte	60                              @ DW_AT_const_value
	.byte	16                              @ Abbrev [16] 0x428:0x6 DW_TAG_enumerator
	.long	.Linfo_string93                 @ DW_AT_name
	.byte	61                              @ DW_AT_const_value
	.byte	16                              @ Abbrev [16] 0x42e:0x6 DW_TAG_enumerator
	.long	.Linfo_string94                 @ DW_AT_name
	.byte	62                              @ DW_AT_const_value
	.byte	16                              @ Abbrev [16] 0x434:0x6 DW_TAG_enumerator
	.long	.Linfo_string95                 @ DW_AT_name
	.byte	63                              @ DW_AT_const_value
	.byte	16                              @ Abbrev [16] 0x43a:0x6 DW_TAG_enumerator
	.long	.Linfo_string96                 @ DW_AT_name
	.byte	64                              @ DW_AT_const_value
	.byte	16                              @ Abbrev [16] 0x440:0x6 DW_TAG_enumerator
	.long	.Linfo_string97                 @ DW_AT_name
	.byte	65                              @ DW_AT_const_value
	.byte	16                              @ Abbrev [16] 0x446:0x6 DW_TAG_enumerator
	.long	.Linfo_string98                 @ DW_AT_name
	.byte	66                              @ DW_AT_const_value
	.byte	16                              @ Abbrev [16] 0x44c:0x6 DW_TAG_enumerator
	.long	.Linfo_string99                 @ DW_AT_name
	.byte	67                              @ DW_AT_const_value
	.byte	16                              @ Abbrev [16] 0x452:0x6 DW_TAG_enumerator
	.long	.Linfo_string100                @ DW_AT_name
	.byte	68                              @ DW_AT_const_value
	.byte	16                              @ Abbrev [16] 0x458:0x6 DW_TAG_enumerator
	.long	.Linfo_string101                @ DW_AT_name
	.byte	69                              @ DW_AT_const_value
	.byte	16                              @ Abbrev [16] 0x45e:0x6 DW_TAG_enumerator
	.long	.Linfo_string102                @ DW_AT_name
	.byte	70                              @ DW_AT_const_value
	.byte	16                              @ Abbrev [16] 0x464:0x6 DW_TAG_enumerator
	.long	.Linfo_string103                @ DW_AT_name
	.byte	71                              @ DW_AT_const_value
	.byte	16                              @ Abbrev [16] 0x46a:0x6 DW_TAG_enumerator
	.long	.Linfo_string104                @ DW_AT_name
	.byte	72                              @ DW_AT_const_value
	.byte	16                              @ Abbrev [16] 0x470:0x6 DW_TAG_enumerator
	.long	.Linfo_string105                @ DW_AT_name
	.byte	73                              @ DW_AT_const_value
	.byte	16                              @ Abbrev [16] 0x476:0x6 DW_TAG_enumerator
	.long	.Linfo_string106                @ DW_AT_name
	.byte	74                              @ DW_AT_const_value
	.byte	16                              @ Abbrev [16] 0x47c:0x6 DW_TAG_enumerator
	.long	.Linfo_string107                @ DW_AT_name
	.byte	75                              @ DW_AT_const_value
	.byte	16                              @ Abbrev [16] 0x482:0x6 DW_TAG_enumerator
	.long	.Linfo_string108                @ DW_AT_name
	.byte	76                              @ DW_AT_const_value
	.byte	16                              @ Abbrev [16] 0x488:0x6 DW_TAG_enumerator
	.long	.Linfo_string109                @ DW_AT_name
	.byte	80                              @ DW_AT_const_value
	.byte	16                              @ Abbrev [16] 0x48e:0x6 DW_TAG_enumerator
	.long	.Linfo_string110                @ DW_AT_name
	.byte	81                              @ DW_AT_const_value
	.byte	16                              @ Abbrev [16] 0x494:0x6 DW_TAG_enumerator
	.long	.Linfo_string111                @ DW_AT_name
	.byte	82                              @ DW_AT_const_value
	.byte	16                              @ Abbrev [16] 0x49a:0x6 DW_TAG_enumerator
	.long	.Linfo_string112                @ DW_AT_name
	.byte	83                              @ DW_AT_const_value
	.byte	16                              @ Abbrev [16] 0x4a0:0x6 DW_TAG_enumerator
	.long	.Linfo_string113                @ DW_AT_name
	.byte	84                              @ DW_AT_const_value
	.byte	16                              @ Abbrev [16] 0x4a6:0x6 DW_TAG_enumerator
	.long	.Linfo_string114                @ DW_AT_name
	.byte	85                              @ DW_AT_const_value
	.byte	16                              @ Abbrev [16] 0x4ac:0x6 DW_TAG_enumerator
	.long	.Linfo_string115                @ DW_AT_name
	.byte	86                              @ DW_AT_const_value
	.byte	16                              @ Abbrev [16] 0x4b2:0x6 DW_TAG_enumerator
	.long	.Linfo_string116                @ DW_AT_name
	.byte	97                              @ DW_AT_const_value
	.byte	16                              @ Abbrev [16] 0x4b8:0x6 DW_TAG_enumerator
	.long	.Linfo_string117                @ DW_AT_name
	.byte	98                              @ DW_AT_const_value
	.byte	16                              @ Abbrev [16] 0x4be:0x6 DW_TAG_enumerator
	.long	.Linfo_string118                @ DW_AT_name
	.byte	99                              @ DW_AT_const_value
	.byte	16                              @ Abbrev [16] 0x4c4:0x6 DW_TAG_enumerator
	.long	.Linfo_string119                @ DW_AT_name
	.byte	100                             @ DW_AT_const_value
	.byte	16                              @ Abbrev [16] 0x4ca:0x6 DW_TAG_enumerator
	.long	.Linfo_string120                @ DW_AT_name
	.byte	101                             @ DW_AT_const_value
	.byte	16                              @ Abbrev [16] 0x4d0:0x6 DW_TAG_enumerator
	.long	.Linfo_string121                @ DW_AT_name
	.byte	102                             @ DW_AT_const_value
	.byte	16                              @ Abbrev [16] 0x4d6:0x6 DW_TAG_enumerator
	.long	.Linfo_string122                @ DW_AT_name
	.byte	103                             @ DW_AT_const_value
	.byte	16                              @ Abbrev [16] 0x4dc:0x6 DW_TAG_enumerator
	.long	.Linfo_string123                @ DW_AT_name
	.byte	104                             @ DW_AT_const_value
	.byte	16                              @ Abbrev [16] 0x4e2:0x6 DW_TAG_enumerator
	.long	.Linfo_string124                @ DW_AT_name
	.byte	105                             @ DW_AT_const_value
	.byte	16                              @ Abbrev [16] 0x4e8:0x6 DW_TAG_enumerator
	.long	.Linfo_string125                @ DW_AT_name
	.byte	106                             @ DW_AT_const_value
	.byte	16                              @ Abbrev [16] 0x4ee:0x6 DW_TAG_enumerator
	.long	.Linfo_string126                @ DW_AT_name
	.byte	107                             @ DW_AT_const_value
	.byte	16                              @ Abbrev [16] 0x4f4:0x6 DW_TAG_enumerator
	.long	.Linfo_string127                @ DW_AT_name
	.byte	108                             @ DW_AT_const_value
	.byte	16                              @ Abbrev [16] 0x4fa:0x6 DW_TAG_enumerator
	.long	.Linfo_string128                @ DW_AT_name
	.byte	109                             @ DW_AT_const_value
	.byte	16                              @ Abbrev [16] 0x500:0x6 DW_TAG_enumerator
	.long	.Linfo_string129                @ DW_AT_name
	.byte	110                             @ DW_AT_const_value
	.byte	16                              @ Abbrev [16] 0x506:0x6 DW_TAG_enumerator
	.long	.Linfo_string130                @ DW_AT_name
	.byte	111                             @ DW_AT_const_value
	.byte	16                              @ Abbrev [16] 0x50c:0x6 DW_TAG_enumerator
	.long	.Linfo_string131                @ DW_AT_name
	.byte	113                             @ DW_AT_const_value
	.byte	16                              @ Abbrev [16] 0x512:0x6 DW_TAG_enumerator
	.long	.Linfo_string132                @ DW_AT_name
	.byte	114                             @ DW_AT_const_value
	.byte	16                              @ Abbrev [16] 0x518:0x6 DW_TAG_enumerator
	.long	.Linfo_string133                @ DW_AT_name
	.byte	115                             @ DW_AT_const_value
	.byte	16                              @ Abbrev [16] 0x51e:0x6 DW_TAG_enumerator
	.long	.Linfo_string134                @ DW_AT_name
	.byte	116                             @ DW_AT_const_value
	.byte	16                              @ Abbrev [16] 0x524:0x6 DW_TAG_enumerator
	.long	.Linfo_string135                @ DW_AT_name
	.byte	117                             @ DW_AT_const_value
	.byte	16                              @ Abbrev [16] 0x52a:0x6 DW_TAG_enumerator
	.long	.Linfo_string136                @ DW_AT_name
	.byte	118                             @ DW_AT_const_value
	.byte	16                              @ Abbrev [16] 0x530:0x6 DW_TAG_enumerator
	.long	.Linfo_string137                @ DW_AT_name
	.byte	119                             @ DW_AT_const_value
	.byte	16                              @ Abbrev [16] 0x536:0x6 DW_TAG_enumerator
	.long	.Linfo_string138                @ DW_AT_name
	.byte	120                             @ DW_AT_const_value
	.byte	16                              @ Abbrev [16] 0x53c:0x6 DW_TAG_enumerator
	.long	.Linfo_string139                @ DW_AT_name
	.byte	121                             @ DW_AT_const_value
	.byte	16                              @ Abbrev [16] 0x542:0x6 DW_TAG_enumerator
	.long	.Linfo_string140                @ DW_AT_name
	.byte	122                             @ DW_AT_const_value
	.byte	16                              @ Abbrev [16] 0x548:0x6 DW_TAG_enumerator
	.long	.Linfo_string141                @ DW_AT_name
	.byte	123                             @ DW_AT_const_value
	.byte	16                              @ Abbrev [16] 0x54e:0x6 DW_TAG_enumerator
	.long	.Linfo_string142                @ DW_AT_name
	.byte	124                             @ DW_AT_const_value
	.byte	16                              @ Abbrev [16] 0x554:0x6 DW_TAG_enumerator
	.long	.Linfo_string143                @ DW_AT_name
	.byte	125                             @ DW_AT_const_value
	.byte	16                              @ Abbrev [16] 0x55a:0x7 DW_TAG_enumerator
	.long	.Linfo_string144                @ DW_AT_name
	.ascii	"\200\001"                      @ DW_AT_const_value
	.byte	16                              @ Abbrev [16] 0x561:0x7 DW_TAG_enumerator
	.long	.Linfo_string145                @ DW_AT_name
	.ascii	"\201\001"                      @ DW_AT_const_value
	.byte	16                              @ Abbrev [16] 0x568:0x7 DW_TAG_enumerator
	.long	.Linfo_string146                @ DW_AT_name
	.ascii	"\202\001"                      @ DW_AT_const_value
	.byte	16                              @ Abbrev [16] 0x56f:0x7 DW_TAG_enumerator
	.long	.Linfo_string147                @ DW_AT_name
	.ascii	"\203\001"                      @ DW_AT_const_value
	.byte	16                              @ Abbrev [16] 0x576:0x7 DW_TAG_enumerator
	.long	.Linfo_string148                @ DW_AT_name
	.ascii	"\204\001"                      @ DW_AT_const_value
	.byte	16                              @ Abbrev [16] 0x57d:0x7 DW_TAG_enumerator
	.long	.Linfo_string149                @ DW_AT_name
	.ascii	"\205\001"                      @ DW_AT_const_value
	.byte	16                              @ Abbrev [16] 0x584:0x7 DW_TAG_enumerator
	.long	.Linfo_string150                @ DW_AT_name
	.ascii	"\206\001"                      @ DW_AT_const_value
	.byte	16                              @ Abbrev [16] 0x58b:0x7 DW_TAG_enumerator
	.long	.Linfo_string151                @ DW_AT_name
	.ascii	"\207\001"                      @ DW_AT_const_value
	.byte	16                              @ Abbrev [16] 0x592:0x7 DW_TAG_enumerator
	.long	.Linfo_string152                @ DW_AT_name
	.ascii	"\210\001"                      @ DW_AT_const_value
	.byte	16                              @ Abbrev [16] 0x599:0x7 DW_TAG_enumerator
	.long	.Linfo_string153                @ DW_AT_name
	.ascii	"\211\001"                      @ DW_AT_const_value
	.byte	16                              @ Abbrev [16] 0x5a0:0x7 DW_TAG_enumerator
	.long	.Linfo_string154                @ DW_AT_name
	.ascii	"\212\001"                      @ DW_AT_const_value
	.byte	16                              @ Abbrev [16] 0x5a7:0x7 DW_TAG_enumerator
	.long	.Linfo_string155                @ DW_AT_name
	.ascii	"\213\001"                      @ DW_AT_const_value
	.byte	16                              @ Abbrev [16] 0x5ae:0x7 DW_TAG_enumerator
	.long	.Linfo_string156                @ DW_AT_name
	.ascii	"\214\001"                      @ DW_AT_const_value
	.byte	16                              @ Abbrev [16] 0x5b5:0x7 DW_TAG_enumerator
	.long	.Linfo_string157                @ DW_AT_name
	.ascii	"\215\001"                      @ DW_AT_const_value
	.byte	16                              @ Abbrev [16] 0x5bc:0x7 DW_TAG_enumerator
	.long	.Linfo_string158                @ DW_AT_name
	.ascii	"\216\001"                      @ DW_AT_const_value
	.byte	16                              @ Abbrev [16] 0x5c3:0x7 DW_TAG_enumerator
	.long	.Linfo_string159                @ DW_AT_name
	.ascii	"\217\001"                      @ DW_AT_const_value
	.byte	16                              @ Abbrev [16] 0x5ca:0x7 DW_TAG_enumerator
	.long	.Linfo_string160                @ DW_AT_name
	.ascii	"\375\001"                      @ DW_AT_const_value
	.byte	16                              @ Abbrev [16] 0x5d1:0x7 DW_TAG_enumerator
	.long	.Linfo_string161                @ DW_AT_name
	.ascii	"\376\001"                      @ DW_AT_const_value
	.byte	16                              @ Abbrev [16] 0x5d8:0x7 DW_TAG_enumerator
	.long	.Linfo_string162                @ DW_AT_name
	.ascii	"\377\001"                      @ DW_AT_const_value
	.byte	16                              @ Abbrev [16] 0x5df:0x7 DW_TAG_enumerator
	.long	.Linfo_string163                @ DW_AT_name
	.ascii	"\221\001"                      @ DW_AT_const_value
	.byte	16                              @ Abbrev [16] 0x5e6:0x7 DW_TAG_enumerator
	.long	.Linfo_string164                @ DW_AT_name
	.ascii	"\222\001"                      @ DW_AT_const_value
	.byte	16                              @ Abbrev [16] 0x5ed:0x7 DW_TAG_enumerator
	.long	.Linfo_string165                @ DW_AT_name
	.ascii	"\223\001"                      @ DW_AT_const_value
	.byte	16                              @ Abbrev [16] 0x5f4:0x7 DW_TAG_enumerator
	.long	.Linfo_string166                @ DW_AT_name
	.ascii	"\224\001"                      @ DW_AT_const_value
	.byte	16                              @ Abbrev [16] 0x5fb:0x7 DW_TAG_enumerator
	.long	.Linfo_string167                @ DW_AT_name
	.ascii	"\225\001"                      @ DW_AT_const_value
	.byte	16                              @ Abbrev [16] 0x602:0x7 DW_TAG_enumerator
	.long	.Linfo_string168                @ DW_AT_name
	.ascii	"\226\001"                      @ DW_AT_const_value
	.byte	16                              @ Abbrev [16] 0x609:0x7 DW_TAG_enumerator
	.long	.Linfo_string169                @ DW_AT_name
	.ascii	"\227\001"                      @ DW_AT_const_value
	.byte	16                              @ Abbrev [16] 0x610:0x7 DW_TAG_enumerator
	.long	.Linfo_string170                @ DW_AT_name
	.ascii	"\230\001"                      @ DW_AT_const_value
	.byte	16                              @ Abbrev [16] 0x617:0x7 DW_TAG_enumerator
	.long	.Linfo_string171                @ DW_AT_name
	.ascii	"\231\001"                      @ DW_AT_const_value
	.byte	16                              @ Abbrev [16] 0x61e:0x7 DW_TAG_enumerator
	.long	.Linfo_string172                @ DW_AT_name
	.ascii	"\232\001"                      @ DW_AT_const_value
	.byte	16                              @ Abbrev [16] 0x625:0x7 DW_TAG_enumerator
	.long	.Linfo_string173                @ DW_AT_name
	.ascii	"\233\001"                      @ DW_AT_const_value
	.byte	16                              @ Abbrev [16] 0x62c:0x7 DW_TAG_enumerator
	.long	.Linfo_string174                @ DW_AT_name
	.ascii	"\234\001"                      @ DW_AT_const_value
	.byte	16                              @ Abbrev [16] 0x633:0x7 DW_TAG_enumerator
	.long	.Linfo_string175                @ DW_AT_name
	.ascii	"\235\001"                      @ DW_AT_const_value
	.byte	16                              @ Abbrev [16] 0x63a:0x7 DW_TAG_enumerator
	.long	.Linfo_string176                @ DW_AT_name
	.ascii	"\236\001"                      @ DW_AT_const_value
	.byte	16                              @ Abbrev [16] 0x641:0x7 DW_TAG_enumerator
	.long	.Linfo_string177                @ DW_AT_name
	.ascii	"\237\001"                      @ DW_AT_const_value
	.byte	16                              @ Abbrev [16] 0x648:0x7 DW_TAG_enumerator
	.long	.Linfo_string178                @ DW_AT_name
	.ascii	"\240\001"                      @ DW_AT_const_value
	.byte	16                              @ Abbrev [16] 0x64f:0x7 DW_TAG_enumerator
	.long	.Linfo_string179                @ DW_AT_name
	.ascii	"\241\001"                      @ DW_AT_const_value
	.byte	16                              @ Abbrev [16] 0x656:0x7 DW_TAG_enumerator
	.long	.Linfo_string180                @ DW_AT_name
	.ascii	"\242\001"                      @ DW_AT_const_value
	.byte	16                              @ Abbrev [16] 0x65d:0x7 DW_TAG_enumerator
	.long	.Linfo_string181                @ DW_AT_name
	.ascii	"\243\001"                      @ DW_AT_const_value
	.byte	16                              @ Abbrev [16] 0x664:0x7 DW_TAG_enumerator
	.long	.Linfo_string182                @ DW_AT_name
	.ascii	"\244\001"                      @ DW_AT_const_value
	.byte	16                              @ Abbrev [16] 0x66b:0x7 DW_TAG_enumerator
	.long	.Linfo_string183                @ DW_AT_name
	.ascii	"\245\001"                      @ DW_AT_const_value
	.byte	16                              @ Abbrev [16] 0x672:0x7 DW_TAG_enumerator
	.long	.Linfo_string184                @ DW_AT_name
	.ascii	"\246\001"                      @ DW_AT_const_value
	.byte	16                              @ Abbrev [16] 0x679:0x7 DW_TAG_enumerator
	.long	.Linfo_string185                @ DW_AT_name
	.ascii	"\247\001"                      @ DW_AT_const_value
	.byte	16                              @ Abbrev [16] 0x680:0x7 DW_TAG_enumerator
	.long	.Linfo_string186                @ DW_AT_name
	.ascii	"\250\001"                      @ DW_AT_const_value
	.byte	16                              @ Abbrev [16] 0x687:0x7 DW_TAG_enumerator
	.long	.Linfo_string187                @ DW_AT_name
	.ascii	"\251\001"                      @ DW_AT_const_value
	.byte	16                              @ Abbrev [16] 0x68e:0x7 DW_TAG_enumerator
	.long	.Linfo_string188                @ DW_AT_name
	.ascii	"\252\001"                      @ DW_AT_const_value
	.byte	16                              @ Abbrev [16] 0x695:0x7 DW_TAG_enumerator
	.long	.Linfo_string189                @ DW_AT_name
	.ascii	"\253\001"                      @ DW_AT_const_value
	.byte	16                              @ Abbrev [16] 0x69c:0x7 DW_TAG_enumerator
	.long	.Linfo_string190                @ DW_AT_name
	.ascii	"\254\001"                      @ DW_AT_const_value
	.byte	16                              @ Abbrev [16] 0x6a3:0x7 DW_TAG_enumerator
	.long	.Linfo_string191                @ DW_AT_name
	.ascii	"\255\001"                      @ DW_AT_const_value
	.byte	16                              @ Abbrev [16] 0x6aa:0x7 DW_TAG_enumerator
	.long	.Linfo_string192                @ DW_AT_name
	.ascii	"\256\001"                      @ DW_AT_const_value
	.byte	16                              @ Abbrev [16] 0x6b1:0x7 DW_TAG_enumerator
	.long	.Linfo_string193                @ DW_AT_name
	.ascii	"\257\001"                      @ DW_AT_const_value
	.byte	16                              @ Abbrev [16] 0x6b8:0x7 DW_TAG_enumerator
	.long	.Linfo_string194                @ DW_AT_name
	.ascii	"\260\001"                      @ DW_AT_const_value
	.byte	16                              @ Abbrev [16] 0x6bf:0x7 DW_TAG_enumerator
	.long	.Linfo_string195                @ DW_AT_name
	.ascii	"\261\001"                      @ DW_AT_const_value
	.byte	16                              @ Abbrev [16] 0x6c6:0x7 DW_TAG_enumerator
	.long	.Linfo_string196                @ DW_AT_name
	.ascii	"\262\001"                      @ DW_AT_const_value
	.byte	16                              @ Abbrev [16] 0x6cd:0x7 DW_TAG_enumerator
	.long	.Linfo_string197                @ DW_AT_name
	.ascii	"\263\001"                      @ DW_AT_const_value
	.byte	16                              @ Abbrev [16] 0x6d4:0x7 DW_TAG_enumerator
	.long	.Linfo_string198                @ DW_AT_name
	.ascii	"\264\001"                      @ DW_AT_const_value
	.byte	16                              @ Abbrev [16] 0x6db:0x7 DW_TAG_enumerator
	.long	.Linfo_string199                @ DW_AT_name
	.ascii	"\265\001"                      @ DW_AT_const_value
	.byte	16                              @ Abbrev [16] 0x6e2:0x7 DW_TAG_enumerator
	.long	.Linfo_string200                @ DW_AT_name
	.ascii	"\266\001"                      @ DW_AT_const_value
	.byte	16                              @ Abbrev [16] 0x6e9:0x7 DW_TAG_enumerator
	.long	.Linfo_string201                @ DW_AT_name
	.ascii	"\267\001"                      @ DW_AT_const_value
	.byte	16                              @ Abbrev [16] 0x6f0:0x7 DW_TAG_enumerator
	.long	.Linfo_string202                @ DW_AT_name
	.ascii	"\270\001"                      @ DW_AT_const_value
	.byte	16                              @ Abbrev [16] 0x6f7:0x7 DW_TAG_enumerator
	.long	.Linfo_string203                @ DW_AT_name
	.ascii	"\271\001"                      @ DW_AT_const_value
	.byte	16                              @ Abbrev [16] 0x6fe:0x7 DW_TAG_enumerator
	.long	.Linfo_string204                @ DW_AT_name
	.ascii	"\272\001"                      @ DW_AT_const_value
	.byte	16                              @ Abbrev [16] 0x705:0x7 DW_TAG_enumerator
	.long	.Linfo_string205                @ DW_AT_name
	.ascii	"\274\001"                      @ DW_AT_const_value
	.byte	16                              @ Abbrev [16] 0x70c:0x7 DW_TAG_enumerator
	.long	.Linfo_string206                @ DW_AT_name
	.ascii	"\275\001"                      @ DW_AT_const_value
	.byte	16                              @ Abbrev [16] 0x713:0x7 DW_TAG_enumerator
	.long	.Linfo_string207                @ DW_AT_name
	.ascii	"\276\001"                      @ DW_AT_const_value
	.byte	16                              @ Abbrev [16] 0x71a:0x7 DW_TAG_enumerator
	.long	.Linfo_string208                @ DW_AT_name
	.ascii	"\277\001"                      @ DW_AT_const_value
	.byte	16                              @ Abbrev [16] 0x721:0x7 DW_TAG_enumerator
	.long	.Linfo_string209                @ DW_AT_name
	.ascii	"\300\001"                      @ DW_AT_const_value
	.byte	16                              @ Abbrev [16] 0x728:0x7 DW_TAG_enumerator
	.long	.Linfo_string210                @ DW_AT_name
	.ascii	"\302\001"                      @ DW_AT_const_value
	.byte	16                              @ Abbrev [16] 0x72f:0x7 DW_TAG_enumerator
	.long	.Linfo_string211                @ DW_AT_name
	.ascii	"\304\001"                      @ DW_AT_const_value
	.byte	16                              @ Abbrev [16] 0x736:0x7 DW_TAG_enumerator
	.long	.Linfo_string212                @ DW_AT_name
	.ascii	"\305\001"                      @ DW_AT_const_value
	.byte	16                              @ Abbrev [16] 0x73d:0x7 DW_TAG_enumerator
	.long	.Linfo_string213                @ DW_AT_name
	.ascii	"\306\001"                      @ DW_AT_const_value
	.byte	16                              @ Abbrev [16] 0x744:0x7 DW_TAG_enumerator
	.long	.Linfo_string214                @ DW_AT_name
	.ascii	"\307\001"                      @ DW_AT_const_value
	.byte	16                              @ Abbrev [16] 0x74b:0x7 DW_TAG_enumerator
	.long	.Linfo_string215                @ DW_AT_name
	.ascii	"\310\001"                      @ DW_AT_const_value
	.byte	16                              @ Abbrev [16] 0x752:0x7 DW_TAG_enumerator
	.long	.Linfo_string216                @ DW_AT_name
	.ascii	"\312\001"                      @ DW_AT_const_value
	.byte	16                              @ Abbrev [16] 0x759:0x7 DW_TAG_enumerator
	.long	.Linfo_string217                @ DW_AT_name
	.ascii	"\313\001"                      @ DW_AT_const_value
	.byte	16                              @ Abbrev [16] 0x760:0x7 DW_TAG_enumerator
	.long	.Linfo_string218                @ DW_AT_name
	.ascii	"\314\001"                      @ DW_AT_const_value
	.byte	16                              @ Abbrev [16] 0x767:0x7 DW_TAG_enumerator
	.long	.Linfo_string219                @ DW_AT_name
	.ascii	"\315\001"                      @ DW_AT_const_value
	.byte	16                              @ Abbrev [16] 0x76e:0x7 DW_TAG_enumerator
	.long	.Linfo_string220                @ DW_AT_name
	.ascii	"\316\001"                      @ DW_AT_const_value
	.byte	0                               @ End Of Children Mark
	.byte	15                              @ Abbrev [15] 0x776:0x81 DW_TAG_enumeration_type
	.long	651                             @ DW_AT_type
	.byte	2                               @ DW_AT_byte_size
	.byte	9                               @ DW_AT_decl_file
	.byte	68                              @ DW_AT_decl_line
	.byte	16                              @ Abbrev [16] 0x77e:0x8 DW_TAG_enumerator
	.long	.Linfo_string222                @ DW_AT_name
	.ascii	"\200\372\003"                  @ DW_AT_const_value
	.byte	16                              @ Abbrev [16] 0x786:0x8 DW_TAG_enumerator
	.long	.Linfo_string223                @ DW_AT_name
	.ascii	"\201\372\003"                  @ DW_AT_const_value
	.byte	16                              @ Abbrev [16] 0x78e:0x8 DW_TAG_enumerator
	.long	.Linfo_string224                @ DW_AT_name
	.ascii	"\202\372\003"                  @ DW_AT_const_value
	.byte	16                              @ Abbrev [16] 0x796:0x8 DW_TAG_enumerator
	.long	.Linfo_string225                @ DW_AT_name
	.ascii	"\203\372\003"                  @ DW_AT_const_value
	.byte	16                              @ Abbrev [16] 0x79e:0x8 DW_TAG_enumerator
	.long	.Linfo_string226                @ DW_AT_name
	.ascii	"\204\372\003"                  @ DW_AT_const_value
	.byte	16                              @ Abbrev [16] 0x7a6:0x8 DW_TAG_enumerator
	.long	.Linfo_string227                @ DW_AT_name
	.ascii	"\205\372\003"                  @ DW_AT_const_value
	.byte	16                              @ Abbrev [16] 0x7ae:0x8 DW_TAG_enumerator
	.long	.Linfo_string228                @ DW_AT_name
	.ascii	"\206\372\003"                  @ DW_AT_const_value
	.byte	16                              @ Abbrev [16] 0x7b6:0x8 DW_TAG_enumerator
	.long	.Linfo_string229                @ DW_AT_name
	.ascii	"\207\372\003"                  @ DW_AT_const_value
	.byte	16                              @ Abbrev [16] 0x7be:0x8 DW_TAG_enumerator
	.long	.Linfo_string230                @ DW_AT_name
	.ascii	"\210\372\003"                  @ DW_AT_const_value
	.byte	16                              @ Abbrev [16] 0x7c6:0x8 DW_TAG_enumerator
	.long	.Linfo_string231                @ DW_AT_name
	.ascii	"\211\372\003"                  @ DW_AT_const_value
	.byte	16                              @ Abbrev [16] 0x7ce:0x8 DW_TAG_enumerator
	.long	.Linfo_string232                @ DW_AT_name
	.ascii	"\212\372\003"                  @ DW_AT_const_value
	.byte	16                              @ Abbrev [16] 0x7d6:0x8 DW_TAG_enumerator
	.long	.Linfo_string233                @ DW_AT_name
	.ascii	"\213\372\003"                  @ DW_AT_const_value
	.byte	16                              @ Abbrev [16] 0x7de:0x8 DW_TAG_enumerator
	.long	.Linfo_string234                @ DW_AT_name
	.ascii	"\214\372\003"                  @ DW_AT_const_value
	.byte	16                              @ Abbrev [16] 0x7e6:0x8 DW_TAG_enumerator
	.long	.Linfo_string235                @ DW_AT_name
	.ascii	"\215\372\003"                  @ DW_AT_const_value
	.byte	16                              @ Abbrev [16] 0x7ee:0x8 DW_TAG_enumerator
	.long	.Linfo_string236                @ DW_AT_name
	.ascii	"\216\372\003"                  @ DW_AT_const_value
	.byte	0                               @ End Of Children Mark
	.byte	15                              @ Abbrev [15] 0x7f7:0x99 DW_TAG_enumeration_type
	.long	294                             @ DW_AT_type
	.byte	1                               @ DW_AT_byte_size
	.byte	10                              @ DW_AT_decl_file
	.byte	126                             @ DW_AT_decl_line
	.byte	16                              @ Abbrev [16] 0x7ff:0x6 DW_TAG_enumerator
	.long	.Linfo_string237                @ DW_AT_name
	.byte	0                               @ DW_AT_const_value
	.byte	16                              @ Abbrev [16] 0x805:0x6 DW_TAG_enumerator
	.long	.Linfo_string238                @ DW_AT_name
	.byte	1                               @ DW_AT_const_value
	.byte	16                              @ Abbrev [16] 0x80b:0x6 DW_TAG_enumerator
	.long	.Linfo_string239                @ DW_AT_name
	.byte	2                               @ DW_AT_const_value
	.byte	16                              @ Abbrev [16] 0x811:0x6 DW_TAG_enumerator
	.long	.Linfo_string240                @ DW_AT_name
	.byte	3                               @ DW_AT_const_value
	.byte	16                              @ Abbrev [16] 0x817:0x6 DW_TAG_enumerator
	.long	.Linfo_string241                @ DW_AT_name
	.byte	4                               @ DW_AT_const_value
	.byte	16                              @ Abbrev [16] 0x81d:0x6 DW_TAG_enumerator
	.long	.Linfo_string242                @ DW_AT_name
	.byte	5                               @ DW_AT_const_value
	.byte	16                              @ Abbrev [16] 0x823:0x6 DW_TAG_enumerator
	.long	.Linfo_string243                @ DW_AT_name
	.byte	6                               @ DW_AT_const_value
	.byte	16                              @ Abbrev [16] 0x829:0x6 DW_TAG_enumerator
	.long	.Linfo_string244                @ DW_AT_name
	.byte	7                               @ DW_AT_const_value
	.byte	16                              @ Abbrev [16] 0x82f:0x6 DW_TAG_enumerator
	.long	.Linfo_string245                @ DW_AT_name
	.byte	8                               @ DW_AT_const_value
	.byte	16                              @ Abbrev [16] 0x835:0x6 DW_TAG_enumerator
	.long	.Linfo_string246                @ DW_AT_name
	.byte	9                               @ DW_AT_const_value
	.byte	16                              @ Abbrev [16] 0x83b:0x6 DW_TAG_enumerator
	.long	.Linfo_string247                @ DW_AT_name
	.byte	10                              @ DW_AT_const_value
	.byte	16                              @ Abbrev [16] 0x841:0x6 DW_TAG_enumerator
	.long	.Linfo_string248                @ DW_AT_name
	.byte	11                              @ DW_AT_const_value
	.byte	16                              @ Abbrev [16] 0x847:0x6 DW_TAG_enumerator
	.long	.Linfo_string249                @ DW_AT_name
	.byte	12                              @ DW_AT_const_value
	.byte	16                              @ Abbrev [16] 0x84d:0x6 DW_TAG_enumerator
	.long	.Linfo_string250                @ DW_AT_name
	.byte	13                              @ DW_AT_const_value
	.byte	16                              @ Abbrev [16] 0x853:0x6 DW_TAG_enumerator
	.long	.Linfo_string251                @ DW_AT_name
	.byte	14                              @ DW_AT_const_value
	.byte	16                              @ Abbrev [16] 0x859:0x6 DW_TAG_enumerator
	.long	.Linfo_string252                @ DW_AT_name
	.byte	15                              @ DW_AT_const_value
	.byte	16                              @ Abbrev [16] 0x85f:0x6 DW_TAG_enumerator
	.long	.Linfo_string253                @ DW_AT_name
	.byte	16                              @ DW_AT_const_value
	.byte	16                              @ Abbrev [16] 0x865:0x6 DW_TAG_enumerator
	.long	.Linfo_string254                @ DW_AT_name
	.byte	17                              @ DW_AT_const_value
	.byte	16                              @ Abbrev [16] 0x86b:0x6 DW_TAG_enumerator
	.long	.Linfo_string255                @ DW_AT_name
	.byte	18                              @ DW_AT_const_value
	.byte	16                              @ Abbrev [16] 0x871:0x6 DW_TAG_enumerator
	.long	.Linfo_string256                @ DW_AT_name
	.byte	19                              @ DW_AT_const_value
	.byte	16                              @ Abbrev [16] 0x877:0x6 DW_TAG_enumerator
	.long	.Linfo_string257                @ DW_AT_name
	.byte	20                              @ DW_AT_const_value
	.byte	16                              @ Abbrev [16] 0x87d:0x6 DW_TAG_enumerator
	.long	.Linfo_string258                @ DW_AT_name
	.byte	21                              @ DW_AT_const_value
	.byte	16                              @ Abbrev [16] 0x883:0x6 DW_TAG_enumerator
	.long	.Linfo_string259                @ DW_AT_name
	.byte	22                              @ DW_AT_const_value
	.byte	16                              @ Abbrev [16] 0x889:0x6 DW_TAG_enumerator
	.long	.Linfo_string260                @ DW_AT_name
	.byte	23                              @ DW_AT_const_value
	.byte	0                               @ End Of Children Mark
	.byte	17                              @ Abbrev [17] 0x890:0x18e DW_TAG_enumeration_type
	.long	651                             @ DW_AT_type
	.long	.Linfo_string316                @ DW_AT_name
	.byte	2                               @ DW_AT_byte_size
	.byte	11                              @ DW_AT_decl_file
	.byte	109                             @ DW_AT_decl_line
	.byte	16                              @ Abbrev [16] 0x89c:0x7 DW_TAG_enumerator
	.long	.Linfo_string261                @ DW_AT_name
	.ascii	"\200\034"                      @ DW_AT_const_value
	.byte	16                              @ Abbrev [16] 0x8a3:0x7 DW_TAG_enumerator
	.long	.Linfo_string262                @ DW_AT_name
	.ascii	"\201\034"                      @ DW_AT_const_value
	.byte	16                              @ Abbrev [16] 0x8aa:0x7 DW_TAG_enumerator
	.long	.Linfo_string263                @ DW_AT_name
	.ascii	"\202\034"                      @ DW_AT_const_value
	.byte	16                              @ Abbrev [16] 0x8b1:0x7 DW_TAG_enumerator
	.long	.Linfo_string264                @ DW_AT_name
	.ascii	"\203\034"                      @ DW_AT_const_value
	.byte	16                              @ Abbrev [16] 0x8b8:0x7 DW_TAG_enumerator
	.long	.Linfo_string265                @ DW_AT_name
	.ascii	"\204\034"                      @ DW_AT_const_value
	.byte	16                              @ Abbrev [16] 0x8bf:0x7 DW_TAG_enumerator
	.long	.Linfo_string266                @ DW_AT_name
	.ascii	"\205\034"                      @ DW_AT_const_value
	.byte	16                              @ Abbrev [16] 0x8c6:0x7 DW_TAG_enumerator
	.long	.Linfo_string267                @ DW_AT_name
	.ascii	"\206\034"                      @ DW_AT_const_value
	.byte	16                              @ Abbrev [16] 0x8cd:0x7 DW_TAG_enumerator
	.long	.Linfo_string268                @ DW_AT_name
	.ascii	"\207\034"                      @ DW_AT_const_value
	.byte	16                              @ Abbrev [16] 0x8d4:0x7 DW_TAG_enumerator
	.long	.Linfo_string269                @ DW_AT_name
	.ascii	"\210\034"                      @ DW_AT_const_value
	.byte	16                              @ Abbrev [16] 0x8db:0x7 DW_TAG_enumerator
	.long	.Linfo_string270                @ DW_AT_name
	.ascii	"\211\034"                      @ DW_AT_const_value
	.byte	16                              @ Abbrev [16] 0x8e2:0x7 DW_TAG_enumerator
	.long	.Linfo_string271                @ DW_AT_name
	.ascii	"\212\034"                      @ DW_AT_const_value
	.byte	16                              @ Abbrev [16] 0x8e9:0x7 DW_TAG_enumerator
	.long	.Linfo_string272                @ DW_AT_name
	.ascii	"\213\034"                      @ DW_AT_const_value
	.byte	16                              @ Abbrev [16] 0x8f0:0x7 DW_TAG_enumerator
	.long	.Linfo_string273                @ DW_AT_name
	.ascii	"\214\034"                      @ DW_AT_const_value
	.byte	16                              @ Abbrev [16] 0x8f7:0x7 DW_TAG_enumerator
	.long	.Linfo_string274                @ DW_AT_name
	.ascii	"\215\034"                      @ DW_AT_const_value
	.byte	16                              @ Abbrev [16] 0x8fe:0x7 DW_TAG_enumerator
	.long	.Linfo_string275                @ DW_AT_name
	.ascii	"\216\034"                      @ DW_AT_const_value
	.byte	16                              @ Abbrev [16] 0x905:0x7 DW_TAG_enumerator
	.long	.Linfo_string276                @ DW_AT_name
	.ascii	"\217\034"                      @ DW_AT_const_value
	.byte	16                              @ Abbrev [16] 0x90c:0x7 DW_TAG_enumerator
	.long	.Linfo_string277                @ DW_AT_name
	.ascii	"\220\034"                      @ DW_AT_const_value
	.byte	16                              @ Abbrev [16] 0x913:0x7 DW_TAG_enumerator
	.long	.Linfo_string278                @ DW_AT_name
	.ascii	"\221\034"                      @ DW_AT_const_value
	.byte	16                              @ Abbrev [16] 0x91a:0x7 DW_TAG_enumerator
	.long	.Linfo_string279                @ DW_AT_name
	.ascii	"\222\034"                      @ DW_AT_const_value
	.byte	16                              @ Abbrev [16] 0x921:0x7 DW_TAG_enumerator
	.long	.Linfo_string280                @ DW_AT_name
	.ascii	"\223\034"                      @ DW_AT_const_value
	.byte	16                              @ Abbrev [16] 0x928:0x7 DW_TAG_enumerator
	.long	.Linfo_string281                @ DW_AT_name
	.ascii	"\224\034"                      @ DW_AT_const_value
	.byte	16                              @ Abbrev [16] 0x92f:0x7 DW_TAG_enumerator
	.long	.Linfo_string282                @ DW_AT_name
	.ascii	"\225\034"                      @ DW_AT_const_value
	.byte	16                              @ Abbrev [16] 0x936:0x7 DW_TAG_enumerator
	.long	.Linfo_string283                @ DW_AT_name
	.ascii	"\226\034"                      @ DW_AT_const_value
	.byte	16                              @ Abbrev [16] 0x93d:0x7 DW_TAG_enumerator
	.long	.Linfo_string284                @ DW_AT_name
	.ascii	"\227\034"                      @ DW_AT_const_value
	.byte	16                              @ Abbrev [16] 0x944:0x7 DW_TAG_enumerator
	.long	.Linfo_string285                @ DW_AT_name
	.ascii	"\230\034"                      @ DW_AT_const_value
	.byte	16                              @ Abbrev [16] 0x94b:0x7 DW_TAG_enumerator
	.long	.Linfo_string286                @ DW_AT_name
	.ascii	"\231\034"                      @ DW_AT_const_value
	.byte	16                              @ Abbrev [16] 0x952:0x7 DW_TAG_enumerator
	.long	.Linfo_string287                @ DW_AT_name
	.ascii	"\232\034"                      @ DW_AT_const_value
	.byte	16                              @ Abbrev [16] 0x959:0x7 DW_TAG_enumerator
	.long	.Linfo_string288                @ DW_AT_name
	.ascii	"\233\034"                      @ DW_AT_const_value
	.byte	16                              @ Abbrev [16] 0x960:0x7 DW_TAG_enumerator
	.long	.Linfo_string289                @ DW_AT_name
	.ascii	"\234\034"                      @ DW_AT_const_value
	.byte	16                              @ Abbrev [16] 0x967:0x7 DW_TAG_enumerator
	.long	.Linfo_string290                @ DW_AT_name
	.ascii	"\235\034"                      @ DW_AT_const_value
	.byte	16                              @ Abbrev [16] 0x96e:0x7 DW_TAG_enumerator
	.long	.Linfo_string291                @ DW_AT_name
	.ascii	"\236\034"                      @ DW_AT_const_value
	.byte	16                              @ Abbrev [16] 0x975:0x7 DW_TAG_enumerator
	.long	.Linfo_string292                @ DW_AT_name
	.ascii	"\237\034"                      @ DW_AT_const_value
	.byte	16                              @ Abbrev [16] 0x97c:0x7 DW_TAG_enumerator
	.long	.Linfo_string293                @ DW_AT_name
	.ascii	"\240\034"                      @ DW_AT_const_value
	.byte	16                              @ Abbrev [16] 0x983:0x7 DW_TAG_enumerator
	.long	.Linfo_string294                @ DW_AT_name
	.ascii	"\241\034"                      @ DW_AT_const_value
	.byte	16                              @ Abbrev [16] 0x98a:0x7 DW_TAG_enumerator
	.long	.Linfo_string295                @ DW_AT_name
	.ascii	"\242\034"                      @ DW_AT_const_value
	.byte	16                              @ Abbrev [16] 0x991:0x7 DW_TAG_enumerator
	.long	.Linfo_string296                @ DW_AT_name
	.ascii	"\243\034"                      @ DW_AT_const_value
	.byte	16                              @ Abbrev [16] 0x998:0x7 DW_TAG_enumerator
	.long	.Linfo_string297                @ DW_AT_name
	.ascii	"\244\034"                      @ DW_AT_const_value
	.byte	16                              @ Abbrev [16] 0x99f:0x7 DW_TAG_enumerator
	.long	.Linfo_string298                @ DW_AT_name
	.ascii	"\245\034"                      @ DW_AT_const_value
	.byte	16                              @ Abbrev [16] 0x9a6:0x7 DW_TAG_enumerator
	.long	.Linfo_string299                @ DW_AT_name
	.ascii	"\246\034"                      @ DW_AT_const_value
	.byte	16                              @ Abbrev [16] 0x9ad:0x7 DW_TAG_enumerator
	.long	.Linfo_string300                @ DW_AT_name
	.ascii	"\247\034"                      @ DW_AT_const_value
	.byte	16                              @ Abbrev [16] 0x9b4:0x7 DW_TAG_enumerator
	.long	.Linfo_string301                @ DW_AT_name
	.ascii	"\250\034"                      @ DW_AT_const_value
	.byte	16                              @ Abbrev [16] 0x9bb:0x7 DW_TAG_enumerator
	.long	.Linfo_string302                @ DW_AT_name
	.ascii	"\251\034"                      @ DW_AT_const_value
	.byte	16                              @ Abbrev [16] 0x9c2:0x7 DW_TAG_enumerator
	.long	.Linfo_string303                @ DW_AT_name
	.ascii	"\252\034"                      @ DW_AT_const_value
	.byte	16                              @ Abbrev [16] 0x9c9:0x7 DW_TAG_enumerator
	.long	.Linfo_string304                @ DW_AT_name
	.ascii	"\253\034"                      @ DW_AT_const_value
	.byte	16                              @ Abbrev [16] 0x9d0:0x7 DW_TAG_enumerator
	.long	.Linfo_string305                @ DW_AT_name
	.ascii	"\254\034"                      @ DW_AT_const_value
	.byte	16                              @ Abbrev [16] 0x9d7:0x7 DW_TAG_enumerator
	.long	.Linfo_string306                @ DW_AT_name
	.ascii	"\255\034"                      @ DW_AT_const_value
	.byte	16                              @ Abbrev [16] 0x9de:0x7 DW_TAG_enumerator
	.long	.Linfo_string307                @ DW_AT_name
	.ascii	"\256\034"                      @ DW_AT_const_value
	.byte	16                              @ Abbrev [16] 0x9e5:0x7 DW_TAG_enumerator
	.long	.Linfo_string308                @ DW_AT_name
	.ascii	"\257\034"                      @ DW_AT_const_value
	.byte	16                              @ Abbrev [16] 0x9ec:0x7 DW_TAG_enumerator
	.long	.Linfo_string309                @ DW_AT_name
	.ascii	"\260\034"                      @ DW_AT_const_value
	.byte	16                              @ Abbrev [16] 0x9f3:0x7 DW_TAG_enumerator
	.long	.Linfo_string310                @ DW_AT_name
	.ascii	"\261\034"                      @ DW_AT_const_value
	.byte	16                              @ Abbrev [16] 0x9fa:0x7 DW_TAG_enumerator
	.long	.Linfo_string311                @ DW_AT_name
	.ascii	"\262\034"                      @ DW_AT_const_value
	.byte	16                              @ Abbrev [16] 0xa01:0x7 DW_TAG_enumerator
	.long	.Linfo_string312                @ DW_AT_name
	.ascii	"\263\034"                      @ DW_AT_const_value
	.byte	16                              @ Abbrev [16] 0xa08:0x7 DW_TAG_enumerator
	.long	.Linfo_string313                @ DW_AT_name
	.ascii	"\264\034"                      @ DW_AT_const_value
	.byte	16                              @ Abbrev [16] 0xa0f:0x7 DW_TAG_enumerator
	.long	.Linfo_string314                @ DW_AT_name
	.ascii	"\264\034"                      @ DW_AT_const_value
	.byte	16                              @ Abbrev [16] 0xa16:0x7 DW_TAG_enumerator
	.long	.Linfo_string315                @ DW_AT_name
	.ascii	"\264\034"                      @ DW_AT_const_value
	.byte	0                               @ End Of Children Mark
	.byte	17                              @ Abbrev [17] 0xa1e:0xdf DW_TAG_enumeration_type
	.long	651                             @ DW_AT_type
	.long	.Linfo_string347                @ DW_AT_name
	.byte	2                               @ DW_AT_byte_size
	.byte	12                              @ DW_AT_decl_file
	.byte	103                             @ DW_AT_decl_line
	.byte	16                              @ Abbrev [16] 0xa2a:0x7 DW_TAG_enumerator
	.long	.Linfo_string317                @ DW_AT_name
	.ascii	"\200\030"                      @ DW_AT_const_value
	.byte	16                              @ Abbrev [16] 0xa31:0x7 DW_TAG_enumerator
	.long	.Linfo_string318                @ DW_AT_name
	.ascii	"\201\030"                      @ DW_AT_const_value
	.byte	16                              @ Abbrev [16] 0xa38:0x7 DW_TAG_enumerator
	.long	.Linfo_string319                @ DW_AT_name
	.ascii	"\202\030"                      @ DW_AT_const_value
	.byte	16                              @ Abbrev [16] 0xa3f:0x7 DW_TAG_enumerator
	.long	.Linfo_string320                @ DW_AT_name
	.ascii	"\203\030"                      @ DW_AT_const_value
	.byte	16                              @ Abbrev [16] 0xa46:0x7 DW_TAG_enumerator
	.long	.Linfo_string321                @ DW_AT_name
	.ascii	"\204\030"                      @ DW_AT_const_value
	.byte	16                              @ Abbrev [16] 0xa4d:0x7 DW_TAG_enumerator
	.long	.Linfo_string322                @ DW_AT_name
	.ascii	"\205\030"                      @ DW_AT_const_value
	.byte	16                              @ Abbrev [16] 0xa54:0x7 DW_TAG_enumerator
	.long	.Linfo_string323                @ DW_AT_name
	.ascii	"\206\030"                      @ DW_AT_const_value
	.byte	16                              @ Abbrev [16] 0xa5b:0x7 DW_TAG_enumerator
	.long	.Linfo_string324                @ DW_AT_name
	.ascii	"\207\030"                      @ DW_AT_const_value
	.byte	16                              @ Abbrev [16] 0xa62:0x7 DW_TAG_enumerator
	.long	.Linfo_string325                @ DW_AT_name
	.ascii	"\210\030"                      @ DW_AT_const_value
	.byte	16                              @ Abbrev [16] 0xa69:0x7 DW_TAG_enumerator
	.long	.Linfo_string326                @ DW_AT_name
	.ascii	"\211\030"                      @ DW_AT_const_value
	.byte	16                              @ Abbrev [16] 0xa70:0x7 DW_TAG_enumerator
	.long	.Linfo_string327                @ DW_AT_name
	.ascii	"\212\030"                      @ DW_AT_const_value
	.byte	16                              @ Abbrev [16] 0xa77:0x7 DW_TAG_enumerator
	.long	.Linfo_string328                @ DW_AT_name
	.ascii	"\213\030"                      @ DW_AT_const_value
	.byte	16                              @ Abbrev [16] 0xa7e:0x7 DW_TAG_enumerator
	.long	.Linfo_string329                @ DW_AT_name
	.ascii	"\214\030"                      @ DW_AT_const_value
	.byte	16                              @ Abbrev [16] 0xa85:0x7 DW_TAG_enumerator
	.long	.Linfo_string330                @ DW_AT_name
	.ascii	"\215\030"                      @ DW_AT_const_value
	.byte	16                              @ Abbrev [16] 0xa8c:0x7 DW_TAG_enumerator
	.long	.Linfo_string331                @ DW_AT_name
	.ascii	"\216\030"                      @ DW_AT_const_value
	.byte	16                              @ Abbrev [16] 0xa93:0x7 DW_TAG_enumerator
	.long	.Linfo_string332                @ DW_AT_name
	.ascii	"\217\030"                      @ DW_AT_const_value
	.byte	16                              @ Abbrev [16] 0xa9a:0x7 DW_TAG_enumerator
	.long	.Linfo_string333                @ DW_AT_name
	.ascii	"\220\030"                      @ DW_AT_const_value
	.byte	16                              @ Abbrev [16] 0xaa1:0x7 DW_TAG_enumerator
	.long	.Linfo_string334                @ DW_AT_name
	.ascii	"\221\030"                      @ DW_AT_const_value
	.byte	16                              @ Abbrev [16] 0xaa8:0x7 DW_TAG_enumerator
	.long	.Linfo_string335                @ DW_AT_name
	.ascii	"\222\030"                      @ DW_AT_const_value
	.byte	16                              @ Abbrev [16] 0xaaf:0x7 DW_TAG_enumerator
	.long	.Linfo_string336                @ DW_AT_name
	.ascii	"\223\030"                      @ DW_AT_const_value
	.byte	16                              @ Abbrev [16] 0xab6:0x7 DW_TAG_enumerator
	.long	.Linfo_string337                @ DW_AT_name
	.ascii	"\224\030"                      @ DW_AT_const_value
	.byte	16                              @ Abbrev [16] 0xabd:0x7 DW_TAG_enumerator
	.long	.Linfo_string338                @ DW_AT_name
	.ascii	"\225\030"                      @ DW_AT_const_value
	.byte	16                              @ Abbrev [16] 0xac4:0x7 DW_TAG_enumerator
	.long	.Linfo_string339                @ DW_AT_name
	.ascii	"\226\030"                      @ DW_AT_const_value
	.byte	16                              @ Abbrev [16] 0xacb:0x7 DW_TAG_enumerator
	.long	.Linfo_string340                @ DW_AT_name
	.ascii	"\227\030"                      @ DW_AT_const_value
	.byte	16                              @ Abbrev [16] 0xad2:0x7 DW_TAG_enumerator
	.long	.Linfo_string341                @ DW_AT_name
	.ascii	"\230\030"                      @ DW_AT_const_value
	.byte	16                              @ Abbrev [16] 0xad9:0x7 DW_TAG_enumerator
	.long	.Linfo_string342                @ DW_AT_name
	.ascii	"\231\030"                      @ DW_AT_const_value
	.byte	16                              @ Abbrev [16] 0xae0:0x7 DW_TAG_enumerator
	.long	.Linfo_string343                @ DW_AT_name
	.ascii	"\232\030"                      @ DW_AT_const_value
	.byte	16                              @ Abbrev [16] 0xae7:0x7 DW_TAG_enumerator
	.long	.Linfo_string344                @ DW_AT_name
	.ascii	"\233\030"                      @ DW_AT_const_value
	.byte	16                              @ Abbrev [16] 0xaee:0x7 DW_TAG_enumerator
	.long	.Linfo_string345                @ DW_AT_name
	.ascii	"\234\030"                      @ DW_AT_const_value
	.byte	16                              @ Abbrev [16] 0xaf5:0x7 DW_TAG_enumerator
	.long	.Linfo_string346                @ DW_AT_name
	.ascii	"\235\030"                      @ DW_AT_const_value
	.byte	0                               @ End Of Children Mark
	.byte	17                              @ Abbrev [17] 0xafd:0x10a DW_TAG_enumeration_type
	.long	294                             @ DW_AT_type
	.long	.Linfo_string390                @ DW_AT_name
	.byte	1                               @ DW_AT_byte_size
	.byte	13                              @ DW_AT_decl_file
	.byte	50                              @ DW_AT_decl_line
	.byte	16                              @ Abbrev [16] 0xb09:0x6 DW_TAG_enumerator
	.long	.Linfo_string348                @ DW_AT_name
	.byte	1                               @ DW_AT_const_value
	.byte	16                              @ Abbrev [16] 0xb0f:0x6 DW_TAG_enumerator
	.long	.Linfo_string349                @ DW_AT_name
	.byte	2                               @ DW_AT_const_value
	.byte	16                              @ Abbrev [16] 0xb15:0x6 DW_TAG_enumerator
	.long	.Linfo_string350                @ DW_AT_name
	.byte	3                               @ DW_AT_const_value
	.byte	16                              @ Abbrev [16] 0xb1b:0x6 DW_TAG_enumerator
	.long	.Linfo_string351                @ DW_AT_name
	.byte	4                               @ DW_AT_const_value
	.byte	16                              @ Abbrev [16] 0xb21:0x6 DW_TAG_enumerator
	.long	.Linfo_string352                @ DW_AT_name
	.byte	5                               @ DW_AT_const_value
	.byte	16                              @ Abbrev [16] 0xb27:0x6 DW_TAG_enumerator
	.long	.Linfo_string353                @ DW_AT_name
	.byte	6                               @ DW_AT_const_value
	.byte	16                              @ Abbrev [16] 0xb2d:0x6 DW_TAG_enumerator
	.long	.Linfo_string354                @ DW_AT_name
	.byte	7                               @ DW_AT_const_value
	.byte	16                              @ Abbrev [16] 0xb33:0x6 DW_TAG_enumerator
	.long	.Linfo_string355                @ DW_AT_name
	.byte	8                               @ DW_AT_const_value
	.byte	16                              @ Abbrev [16] 0xb39:0x6 DW_TAG_enumerator
	.long	.Linfo_string356                @ DW_AT_name
	.byte	9                               @ DW_AT_const_value
	.byte	16                              @ Abbrev [16] 0xb3f:0x6 DW_TAG_enumerator
	.long	.Linfo_string357                @ DW_AT_name
	.byte	10                              @ DW_AT_const_value
	.byte	16                              @ Abbrev [16] 0xb45:0x6 DW_TAG_enumerator
	.long	.Linfo_string358                @ DW_AT_name
	.byte	13                              @ DW_AT_const_value
	.byte	16                              @ Abbrev [16] 0xb4b:0x6 DW_TAG_enumerator
	.long	.Linfo_string359                @ DW_AT_name
	.byte	14                              @ DW_AT_const_value
	.byte	16                              @ Abbrev [16] 0xb51:0x6 DW_TAG_enumerator
	.long	.Linfo_string360                @ DW_AT_name
	.byte	15                              @ DW_AT_const_value
	.byte	16                              @ Abbrev [16] 0xb57:0x6 DW_TAG_enumerator
	.long	.Linfo_string361                @ DW_AT_name
	.byte	16                              @ DW_AT_const_value
	.byte	16                              @ Abbrev [16] 0xb5d:0x6 DW_TAG_enumerator
	.long	.Linfo_string362                @ DW_AT_name
	.byte	17                              @ DW_AT_const_value
	.byte	16                              @ Abbrev [16] 0xb63:0x6 DW_TAG_enumerator
	.long	.Linfo_string363                @ DW_AT_name
	.byte	18                              @ DW_AT_const_value
	.byte	16                              @ Abbrev [16] 0xb69:0x6 DW_TAG_enumerator
	.long	.Linfo_string364                @ DW_AT_name
	.byte	20                              @ DW_AT_const_value
	.byte	16                              @ Abbrev [16] 0xb6f:0x6 DW_TAG_enumerator
	.long	.Linfo_string365                @ DW_AT_name
	.byte	21                              @ DW_AT_const_value
	.byte	16                              @ Abbrev [16] 0xb75:0x6 DW_TAG_enumerator
	.long	.Linfo_string366                @ DW_AT_name
	.byte	22                              @ DW_AT_const_value
	.byte	16                              @ Abbrev [16] 0xb7b:0x6 DW_TAG_enumerator
	.long	.Linfo_string367                @ DW_AT_name
	.byte	23                              @ DW_AT_const_value
	.byte	16                              @ Abbrev [16] 0xb81:0x6 DW_TAG_enumerator
	.long	.Linfo_string368                @ DW_AT_name
	.byte	24                              @ DW_AT_const_value
	.byte	16                              @ Abbrev [16] 0xb87:0x6 DW_TAG_enumerator
	.long	.Linfo_string369                @ DW_AT_name
	.byte	25                              @ DW_AT_const_value
	.byte	16                              @ Abbrev [16] 0xb8d:0x6 DW_TAG_enumerator
	.long	.Linfo_string370                @ DW_AT_name
	.byte	26                              @ DW_AT_const_value
	.byte	16                              @ Abbrev [16] 0xb93:0x6 DW_TAG_enumerator
	.long	.Linfo_string371                @ DW_AT_name
	.byte	27                              @ DW_AT_const_value
	.byte	16                              @ Abbrev [16] 0xb99:0x6 DW_TAG_enumerator
	.long	.Linfo_string372                @ DW_AT_name
	.byte	28                              @ DW_AT_const_value
	.byte	16                              @ Abbrev [16] 0xb9f:0x6 DW_TAG_enumerator
	.long	.Linfo_string373                @ DW_AT_name
	.byte	29                              @ DW_AT_const_value
	.byte	16                              @ Abbrev [16] 0xba5:0x6 DW_TAG_enumerator
	.long	.Linfo_string374                @ DW_AT_name
	.byte	30                              @ DW_AT_const_value
	.byte	16                              @ Abbrev [16] 0xbab:0x6 DW_TAG_enumerator
	.long	.Linfo_string375                @ DW_AT_name
	.byte	31                              @ DW_AT_const_value
	.byte	16                              @ Abbrev [16] 0xbb1:0x6 DW_TAG_enumerator
	.long	.Linfo_string376                @ DW_AT_name
	.byte	32                              @ DW_AT_const_value
	.byte	16                              @ Abbrev [16] 0xbb7:0x6 DW_TAG_enumerator
	.long	.Linfo_string377                @ DW_AT_name
	.byte	33                              @ DW_AT_const_value
	.byte	16                              @ Abbrev [16] 0xbbd:0x6 DW_TAG_enumerator
	.long	.Linfo_string378                @ DW_AT_name
	.byte	34                              @ DW_AT_const_value
	.byte	16                              @ Abbrev [16] 0xbc3:0x6 DW_TAG_enumerator
	.long	.Linfo_string379                @ DW_AT_name
	.byte	35                              @ DW_AT_const_value
	.byte	16                              @ Abbrev [16] 0xbc9:0x6 DW_TAG_enumerator
	.long	.Linfo_string380                @ DW_AT_name
	.byte	36                              @ DW_AT_const_value
	.byte	16                              @ Abbrev [16] 0xbcf:0x6 DW_TAG_enumerator
	.long	.Linfo_string381                @ DW_AT_name
	.byte	37                              @ DW_AT_const_value
	.byte	16                              @ Abbrev [16] 0xbd5:0x6 DW_TAG_enumerator
	.long	.Linfo_string382                @ DW_AT_name
	.byte	38                              @ DW_AT_const_value
	.byte	16                              @ Abbrev [16] 0xbdb:0x6 DW_TAG_enumerator
	.long	.Linfo_string383                @ DW_AT_name
	.byte	39                              @ DW_AT_const_value
	.byte	16                              @ Abbrev [16] 0xbe1:0x6 DW_TAG_enumerator
	.long	.Linfo_string384                @ DW_AT_name
	.byte	40                              @ DW_AT_const_value
	.byte	16                              @ Abbrev [16] 0xbe7:0x6 DW_TAG_enumerator
	.long	.Linfo_string385                @ DW_AT_name
	.byte	41                              @ DW_AT_const_value
	.byte	16                              @ Abbrev [16] 0xbed:0x6 DW_TAG_enumerator
	.long	.Linfo_string386                @ DW_AT_name
	.byte	42                              @ DW_AT_const_value
	.byte	16                              @ Abbrev [16] 0xbf3:0x6 DW_TAG_enumerator
	.long	.Linfo_string387                @ DW_AT_name
	.byte	43                              @ DW_AT_const_value
	.byte	16                              @ Abbrev [16] 0xbf9:0x6 DW_TAG_enumerator
	.long	.Linfo_string388                @ DW_AT_name
	.byte	61                              @ DW_AT_const_value
	.byte	16                              @ Abbrev [16] 0xbff:0x7 DW_TAG_enumerator
	.long	.Linfo_string389                @ DW_AT_name
	.ascii	"\377\001"                      @ DW_AT_const_value
	.byte	0                               @ End Of Children Mark
	.byte	18                              @ Abbrev [18] 0xc07:0x5 DW_TAG_pointer_type
	.long	3084                            @ DW_AT_type
	.byte	14                              @ Abbrev [14] 0xc0c:0x5 DW_TAG_const_type
	.long	3089                            @ DW_AT_type
	.byte	11                              @ Abbrev [11] 0xc11:0x39 DW_TAG_structure_type
	.long	.Linfo_string395                @ DW_AT_name
	.byte	6                               @ DW_AT_byte_size
	.byte	9                               @ DW_AT_decl_file
	.byte	145                             @ DW_AT_decl_line
	.byte	12                              @ Abbrev [12] 0xc19:0xc DW_TAG_member
	.long	.Linfo_string391                @ DW_AT_name
	.long	283                             @ DW_AT_type
	.byte	9                               @ DW_AT_decl_file
	.byte	148                             @ DW_AT_decl_line
	.byte	0                               @ DW_AT_data_member_location
	.byte	12                              @ Abbrev [12] 0xc25:0xc DW_TAG_member
	.long	.Linfo_string392                @ DW_AT_name
	.long	640                             @ DW_AT_type
	.byte	9                               @ DW_AT_decl_file
	.byte	150                             @ DW_AT_decl_line
	.byte	2                               @ DW_AT_data_member_location
	.byte	12                              @ Abbrev [12] 0xc31:0xc DW_TAG_member
	.long	.Linfo_string393                @ DW_AT_name
	.long	640                             @ DW_AT_type
	.byte	9                               @ DW_AT_decl_file
	.byte	152                             @ DW_AT_decl_line
	.byte	4                               @ DW_AT_data_member_location
	.byte	12                              @ Abbrev [12] 0xc3d:0xc DW_TAG_member
	.long	.Linfo_string394                @ DW_AT_name
	.long	3146                            @ DW_AT_type
	.byte	9                               @ DW_AT_decl_file
	.byte	154                             @ DW_AT_decl_line
	.byte	6                               @ DW_AT_data_member_location
	.byte	0                               @ End Of Children Mark
	.byte	3                               @ Abbrev [3] 0xc4a:0xb DW_TAG_array_type
	.long	283                             @ DW_AT_type
	.byte	19                              @ Abbrev [19] 0xc4f:0x5 DW_TAG_subrange_type
	.long	70                              @ DW_AT_type
	.byte	0                               @ End Of Children Mark
	.byte	18                              @ Abbrev [18] 0xc55:0x5 DW_TAG_pointer_type
	.long	3162                            @ DW_AT_type
	.byte	14                              @ Abbrev [14] 0xc5a:0x5 DW_TAG_const_type
	.long	3167                            @ DW_AT_type
	.byte	11                              @ Abbrev [11] 0xc5f:0x21 DW_TAG_structure_type
	.long	.Linfo_string397                @ DW_AT_name
	.byte	4                               @ DW_AT_byte_size
	.byte	9                               @ DW_AT_decl_file
	.byte	245                             @ DW_AT_decl_line
	.byte	12                              @ Abbrev [12] 0xc67:0xc DW_TAG_member
	.long	.Linfo_string391                @ DW_AT_name
	.long	283                             @ DW_AT_type
	.byte	9                               @ DW_AT_decl_file
	.byte	248                             @ DW_AT_decl_line
	.byte	0                               @ DW_AT_data_member_location
	.byte	12                              @ Abbrev [12] 0xc73:0xc DW_TAG_member
	.long	.Linfo_string396                @ DW_AT_name
	.long	640                             @ DW_AT_type
	.byte	9                               @ DW_AT_decl_file
	.byte	250                             @ DW_AT_decl_line
	.byte	2                               @ DW_AT_data_member_location
	.byte	0                               @ End Of Children Mark
	.byte	18                              @ Abbrev [18] 0xc80:0x5 DW_TAG_pointer_type
	.long	3205                            @ DW_AT_type
	.byte	14                              @ Abbrev [14] 0xc85:0x5 DW_TAG_const_type
	.long	3210                            @ DW_AT_type
	.byte	20                              @ Abbrev [20] 0xc8a:0x31 DW_TAG_structure_type
	.long	.Linfo_string401                @ DW_AT_name
	.byte	6                               @ DW_AT_byte_size
	.byte	11                              @ DW_AT_decl_file
	.short	682                             @ DW_AT_decl_line
	.byte	21                              @ Abbrev [21] 0xc93:0xd DW_TAG_member
	.long	.Linfo_string398                @ DW_AT_name
	.long	640                             @ DW_AT_type
	.byte	11                              @ DW_AT_decl_file
	.short	685                             @ DW_AT_decl_line
	.byte	0                               @ DW_AT_data_member_location
	.byte	21                              @ Abbrev [21] 0xca0:0xd DW_TAG_member
	.long	.Linfo_string399                @ DW_AT_name
	.long	640                             @ DW_AT_type
	.byte	11                              @ DW_AT_decl_file
	.short	687                             @ DW_AT_decl_line
	.byte	2                               @ DW_AT_data_member_location
	.byte	21                              @ Abbrev [21] 0xcad:0xd DW_TAG_member
	.long	.Linfo_string400                @ DW_AT_name
	.long	640                             @ DW_AT_type
	.byte	11                              @ DW_AT_decl_file
	.short	689                             @ DW_AT_decl_line
	.byte	4                               @ DW_AT_data_member_location
	.byte	0                               @ End Of Children Mark
	.byte	18                              @ Abbrev [18] 0xcbb:0x5 DW_TAG_pointer_type
	.long	3264                            @ DW_AT_type
	.byte	14                              @ Abbrev [14] 0xcc0:0x5 DW_TAG_const_type
	.long	3269                            @ DW_AT_type
	.byte	11                              @ Abbrev [11] 0xcc5:0x21 DW_TAG_structure_type
	.long	.Linfo_string402                @ DW_AT_name
	.byte	4                               @ DW_AT_byte_size
	.byte	9                               @ DW_AT_decl_file
	.byte	193                             @ DW_AT_decl_line
	.byte	12                              @ Abbrev [12] 0xccd:0xc DW_TAG_member
	.long	.Linfo_string391                @ DW_AT_name
	.long	283                             @ DW_AT_type
	.byte	9                               @ DW_AT_decl_file
	.byte	196                             @ DW_AT_decl_line
	.byte	0                               @ DW_AT_data_member_location
	.byte	12                              @ Abbrev [12] 0xcd9:0xc DW_TAG_member
	.long	.Linfo_string396                @ DW_AT_name
	.long	640                             @ DW_AT_type
	.byte	9                               @ DW_AT_decl_file
	.byte	198                             @ DW_AT_decl_line
	.byte	2                               @ DW_AT_data_member_location
	.byte	0                               @ End Of Children Mark
	.byte	18                              @ Abbrev [18] 0xce6:0x5 DW_TAG_pointer_type
	.long	3307                            @ DW_AT_type
	.byte	11                              @ Abbrev [11] 0xceb:0x45 DW_TAG_structure_type
	.long	.Linfo_string404                @ DW_AT_name
	.byte	8                               @ DW_AT_byte_size
	.byte	9                               @ DW_AT_decl_file
	.byte	202                             @ DW_AT_decl_line
	.byte	12                              @ Abbrev [12] 0xcf3:0xc DW_TAG_member
	.long	.Linfo_string391                @ DW_AT_name
	.long	283                             @ DW_AT_type
	.byte	9                               @ DW_AT_decl_file
	.byte	205                             @ DW_AT_decl_line
	.byte	0                               @ DW_AT_data_member_location
	.byte	12                              @ Abbrev [12] 0xcff:0xc DW_TAG_member
	.long	.Linfo_string396                @ DW_AT_name
	.long	640                             @ DW_AT_type
	.byte	9                               @ DW_AT_decl_file
	.byte	207                             @ DW_AT_decl_line
	.byte	2                               @ DW_AT_data_member_location
	.byte	12                              @ Abbrev [12] 0xd0b:0xc DW_TAG_member
	.long	.Linfo_string393                @ DW_AT_name
	.long	640                             @ DW_AT_type
	.byte	9                               @ DW_AT_decl_file
	.byte	209                             @ DW_AT_decl_line
	.byte	4                               @ DW_AT_data_member_location
	.byte	12                              @ Abbrev [12] 0xd17:0xc DW_TAG_member
	.long	.Linfo_string403                @ DW_AT_name
	.long	283                             @ DW_AT_type
	.byte	9                               @ DW_AT_decl_file
	.byte	211                             @ DW_AT_decl_line
	.byte	6                               @ DW_AT_data_member_location
	.byte	12                              @ Abbrev [12] 0xd23:0xc DW_TAG_member
	.long	.Linfo_string394                @ DW_AT_name
	.long	3146                            @ DW_AT_type
	.byte	9                               @ DW_AT_decl_file
	.byte	213                             @ DW_AT_decl_line
	.byte	7                               @ DW_AT_data_member_location
	.byte	0                               @ End Of Children Mark
	.byte	18                              @ Abbrev [18] 0xd30:0x5 DW_TAG_pointer_type
	.long	3381                            @ DW_AT_type
	.byte	14                              @ Abbrev [14] 0xd35:0x5 DW_TAG_const_type
	.long	3386                            @ DW_AT_type
	.byte	20                              @ Abbrev [20] 0xd3a:0x3e DW_TAG_structure_type
	.long	.Linfo_string406                @ DW_AT_name
	.byte	6                               @ DW_AT_byte_size
	.byte	12                              @ DW_AT_decl_file
	.short	538                             @ DW_AT_decl_line
	.byte	21                              @ Abbrev [21] 0xd43:0xd DW_TAG_member
	.long	.Linfo_string405                @ DW_AT_name
	.long	283                             @ DW_AT_type
	.byte	12                              @ DW_AT_decl_file
	.short	541                             @ DW_AT_decl_line
	.byte	0                               @ DW_AT_data_member_location
	.byte	21                              @ Abbrev [21] 0xd50:0xd DW_TAG_member
	.long	.Linfo_string393                @ DW_AT_name
	.long	640                             @ DW_AT_type
	.byte	12                              @ DW_AT_decl_file
	.short	543                             @ DW_AT_decl_line
	.byte	2                               @ DW_AT_data_member_location
	.byte	21                              @ Abbrev [21] 0xd5d:0xd DW_TAG_member
	.long	.Linfo_string392                @ DW_AT_name
	.long	640                             @ DW_AT_type
	.byte	12                              @ DW_AT_decl_file
	.short	545                             @ DW_AT_decl_line
	.byte	4                               @ DW_AT_data_member_location
	.byte	21                              @ Abbrev [21] 0xd6a:0xd DW_TAG_member
	.long	.Linfo_string394                @ DW_AT_name
	.long	3146                            @ DW_AT_type
	.byte	12                              @ DW_AT_decl_file
	.short	547                             @ DW_AT_decl_line
	.byte	6                               @ DW_AT_data_member_location
	.byte	0                               @ End Of Children Mark
	.byte	18                              @ Abbrev [18] 0xd78:0x5 DW_TAG_pointer_type
	.long	3453                            @ DW_AT_type
	.byte	20                              @ Abbrev [20] 0xd7d:0x17 DW_TAG_structure_type
	.long	.Linfo_string407                @ DW_AT_name
	.byte	2                               @ DW_AT_byte_size
	.byte	12                              @ DW_AT_decl_file
	.short	564                             @ DW_AT_decl_line
	.byte	21                              @ Abbrev [21] 0xd86:0xd DW_TAG_member
	.long	.Linfo_string392                @ DW_AT_name
	.long	640                             @ DW_AT_type
	.byte	12                              @ DW_AT_decl_file
	.short	567                             @ DW_AT_decl_line
	.byte	0                               @ DW_AT_data_member_location
	.byte	0                               @ End Of Children Mark
	.byte	5                               @ Abbrev [5] 0xd94:0x7 DW_TAG_base_type
	.long	.Linfo_string408                @ DW_AT_name
	.byte	5                               @ DW_AT_encoding
	.byte	4                               @ DW_AT_byte_size
	.byte	22                              @ Abbrev [22] 0xd9b:0x8 DW_TAG_subprogram
	.long	.Linfo_string409                @ DW_AT_name
	.byte	1                               @ DW_AT_decl_file
	.byte	93                              @ DW_AT_decl_line
	.byte	1                               @ DW_AT_inline
	.byte	23                              @ Abbrev [23] 0xda3:0x22 DW_TAG_subprogram
	.long	.Lfunc_begin0                   @ DW_AT_low_pc
	.long	.Lfunc_end0-.Lfunc_begin0       @ DW_AT_high_pc
	.byte	1                               @ DW_AT_frame_base
	.byte	93
                                        @ DW_AT_GNU_all_call_sites
	.long	.Linfo_string439                @ DW_AT_name
	.byte	1                               @ DW_AT_decl_file
	.byte	218                             @ DW_AT_decl_line
                                        @ DW_AT_prototyped
                                        @ DW_AT_external
	.byte	24                              @ Abbrev [24] 0xdb4:0x10 DW_TAG_inlined_subroutine
	.long	3483                            @ DW_AT_abstract_origin
	.long	.Ltmp1                          @ DW_AT_low_pc
	.long	.Ltmp2-.Ltmp1                   @ DW_AT_high_pc
	.byte	1                               @ DW_AT_call_file
	.byte	224                             @ DW_AT_call_line
	.byte	5                               @ DW_AT_call_column
	.byte	0                               @ End Of Children Mark
	.byte	25                              @ Abbrev [25] 0xdc5:0x40 DW_TAG_subprogram
	.long	.Linfo_string410                @ DW_AT_name
	.byte	1                               @ DW_AT_decl_file
	.byte	135                             @ DW_AT_decl_line
                                        @ DW_AT_prototyped
	.byte	1                               @ DW_AT_inline
	.byte	26                              @ Abbrev [26] 0xdcd:0xb DW_TAG_formal_parameter
	.long	.Linfo_string411                @ DW_AT_name
	.byte	1                               @ DW_AT_decl_file
	.byte	135                             @ DW_AT_decl_line
	.long	3589                            @ DW_AT_type
	.byte	26                              @ Abbrev [26] 0xdd8:0xb DW_TAG_formal_parameter
	.long	.Linfo_string435                @ DW_AT_name
	.byte	1                               @ DW_AT_decl_file
	.byte	135                             @ DW_AT_decl_line
	.long	3926                            @ DW_AT_type
	.byte	26                              @ Abbrev [26] 0xde3:0xb DW_TAG_formal_parameter
	.long	.Linfo_string436                @ DW_AT_name
	.byte	1                               @ DW_AT_decl_file
	.byte	135                             @ DW_AT_decl_line
	.long	283                             @ DW_AT_type
	.byte	26                              @ Abbrev [26] 0xdee:0xb DW_TAG_formal_parameter
	.long	.Linfo_string437                @ DW_AT_name
	.byte	1                               @ DW_AT_decl_file
	.byte	135                             @ DW_AT_decl_line
	.long	283                             @ DW_AT_type
	.byte	27                              @ Abbrev [27] 0xdf9:0xb DW_TAG_variable
	.long	.Linfo_string438                @ DW_AT_name
	.byte	1                               @ DW_AT_decl_file
	.byte	137                             @ DW_AT_decl_line
	.long	283                             @ DW_AT_type
	.byte	0                               @ End Of Children Mark
	.byte	18                              @ Abbrev [18] 0xe05:0x5 DW_TAG_pointer_type
	.long	3594                            @ DW_AT_type
	.byte	20                              @ Abbrev [20] 0xe0a:0x4b DW_TAG_structure_type
	.long	.Linfo_string434                @ DW_AT_name
	.byte	82                              @ DW_AT_byte_size
	.byte	14                              @ DW_AT_decl_file
	.short	717                             @ DW_AT_decl_line
	.byte	21                              @ Abbrev [21] 0xe13:0xd DW_TAG_member
	.long	.Linfo_string412                @ DW_AT_name
	.long	3669                            @ DW_AT_type
	.byte	14                              @ DW_AT_decl_file
	.short	724                             @ DW_AT_decl_line
	.byte	0                               @ DW_AT_data_member_location
	.byte	21                              @ Abbrev [21] 0xe20:0xd DW_TAG_member
	.long	.Linfo_string23                 @ DW_AT_name
	.long	640                             @ DW_AT_type
	.byte	14                              @ DW_AT_decl_file
	.short	727                             @ DW_AT_decl_line
	.byte	4                               @ DW_AT_data_member_location
	.byte	21                              @ Abbrev [21] 0xe2d:0xd DW_TAG_member
	.long	.Linfo_string26                 @ DW_AT_name
	.long	640                             @ DW_AT_type
	.byte	14                              @ DW_AT_decl_file
	.short	729                             @ DW_AT_decl_line
	.byte	6                               @ DW_AT_data_member_location
	.byte	21                              @ Abbrev [21] 0xe3a:0xd DW_TAG_member
	.long	.Linfo_string417                @ DW_AT_name
	.long	283                             @ DW_AT_type
	.byte	14                              @ DW_AT_decl_file
	.short	732                             @ DW_AT_decl_line
	.byte	8                               @ DW_AT_data_member_location
	.byte	21                              @ Abbrev [21] 0xe47:0xd DW_TAG_member
	.long	.Linfo_string418                @ DW_AT_name
	.long	3718                            @ DW_AT_type
	.byte	14                              @ DW_AT_decl_file
	.short	742                             @ DW_AT_decl_line
	.byte	9                               @ DW_AT_data_member_location
	.byte	0                               @ End Of Children Mark
	.byte	20                              @ Abbrev [20] 0xe55:0x31 DW_TAG_structure_type
	.long	.Linfo_string416                @ DW_AT_name
	.byte	4                               @ DW_AT_byte_size
	.byte	14                              @ DW_AT_decl_file
	.short	698                             @ DW_AT_decl_line
	.byte	21                              @ Abbrev [21] 0xe5e:0xd DW_TAG_member
	.long	.Linfo_string413                @ DW_AT_name
	.long	283                             @ DW_AT_type
	.byte	14                              @ DW_AT_decl_file
	.short	701                             @ DW_AT_decl_line
	.byte	0                               @ DW_AT_data_member_location
	.byte	21                              @ Abbrev [21] 0xe6b:0xd DW_TAG_member
	.long	.Linfo_string414                @ DW_AT_name
	.long	283                             @ DW_AT_type
	.byte	14                              @ DW_AT_decl_file
	.short	709                             @ DW_AT_decl_line
	.byte	1                               @ DW_AT_data_member_location
	.byte	21                              @ Abbrev [21] 0xe78:0xd DW_TAG_member
	.long	.Linfo_string415                @ DW_AT_name
	.long	640                             @ DW_AT_type
	.byte	14                              @ DW_AT_decl_file
	.short	712                             @ DW_AT_decl_line
	.byte	2                               @ DW_AT_data_member_location
	.byte	0                               @ End Of Children Mark
	.byte	28                              @ Abbrev [28] 0xe86:0x24 DW_TAG_union_type
	.long	.Linfo_string433                @ DW_AT_name
	.byte	73                              @ DW_AT_byte_size
	.byte	14                              @ DW_AT_decl_file
	.short	735                             @ DW_AT_decl_line
	.byte	21                              @ Abbrev [21] 0xe8f:0xd DW_TAG_member
	.long	.Linfo_string419                @ DW_AT_name
	.long	3754                            @ DW_AT_type
	.byte	14                              @ DW_AT_decl_file
	.short	738                             @ DW_AT_decl_line
	.byte	0                               @ DW_AT_data_member_location
	.byte	21                              @ Abbrev [21] 0xe9c:0xd DW_TAG_member
	.long	.Linfo_string432                @ DW_AT_name
	.long	3855                            @ DW_AT_type
	.byte	14                              @ DW_AT_decl_file
	.short	741                             @ DW_AT_decl_line
	.byte	0                               @ DW_AT_data_member_location
	.byte	0                               @ End Of Children Mark
	.byte	20                              @ Abbrev [20] 0xeaa:0x65 DW_TAG_structure_type
	.long	.Linfo_string431                @ DW_AT_name
	.byte	73                              @ DW_AT_byte_size
	.byte	14                              @ DW_AT_decl_file
	.short	665                             @ DW_AT_decl_line
	.byte	21                              @ Abbrev [21] 0xeb3:0xd DW_TAG_member
	.long	.Linfo_string420                @ DW_AT_name
	.long	283                             @ DW_AT_type
	.byte	14                              @ DW_AT_decl_file
	.short	672                             @ DW_AT_decl_line
	.byte	0                               @ DW_AT_data_member_location
	.byte	21                              @ Abbrev [21] 0xec0:0xd DW_TAG_member
	.long	.Linfo_string421                @ DW_AT_name
	.long	283                             @ DW_AT_type
	.byte	14                              @ DW_AT_decl_file
	.short	682                             @ DW_AT_decl_line
	.byte	1                               @ DW_AT_data_member_location
	.byte	21                              @ Abbrev [21] 0xecd:0xd DW_TAG_member
	.long	.Linfo_string422                @ DW_AT_name
	.long	283                             @ DW_AT_type
	.byte	14                              @ DW_AT_decl_file
	.short	686                             @ DW_AT_decl_line
	.byte	2                               @ DW_AT_data_member_location
	.byte	21                              @ Abbrev [21] 0xeda:0xd DW_TAG_member
	.long	.Linfo_string423                @ DW_AT_name
	.long	512                             @ DW_AT_type
	.byte	14                              @ DW_AT_decl_file
	.short	688                             @ DW_AT_decl_line
	.byte	3                               @ DW_AT_data_member_location
	.byte	21                              @ Abbrev [21] 0xee7:0xd DW_TAG_member
	.long	.Linfo_string424                @ DW_AT_name
	.long	283                             @ DW_AT_type
	.byte	14                              @ DW_AT_decl_file
	.short	690                             @ DW_AT_decl_line
	.byte	34                              @ DW_AT_data_member_location
	.byte	21                              @ Abbrev [21] 0xef4:0xd DW_TAG_member
	.long	.Linfo_string425                @ DW_AT_name
	.long	512                             @ DW_AT_type
	.byte	14                              @ DW_AT_decl_file
	.short	692                             @ DW_AT_decl_line
	.byte	35                              @ DW_AT_data_member_location
	.byte	21                              @ Abbrev [21] 0xf01:0xd DW_TAG_member
	.long	.Linfo_string426                @ DW_AT_name
	.long	3855                            @ DW_AT_type
	.byte	14                              @ DW_AT_decl_file
	.short	694                             @ DW_AT_decl_line
	.byte	66                              @ DW_AT_data_member_location
	.byte	0                               @ End Of Children Mark
	.byte	20                              @ Abbrev [20] 0xf0f:0x24 DW_TAG_structure_type
	.long	.Linfo_string430                @ DW_AT_name
	.byte	7                               @ DW_AT_byte_size
	.byte	13                              @ DW_AT_decl_file
	.short	425                             @ DW_AT_decl_line
	.byte	21                              @ Abbrev [21] 0xf18:0xd DW_TAG_member
	.long	.Linfo_string427                @ DW_AT_name
	.long	3891                            @ DW_AT_type
	.byte	13                              @ DW_AT_decl_file
	.short	428                             @ DW_AT_decl_line
	.byte	0                               @ DW_AT_data_member_location
	.byte	21                              @ Abbrev [21] 0xf25:0xd DW_TAG_member
	.long	.Linfo_string429                @ DW_AT_name
	.long	283                             @ DW_AT_type
	.byte	13                              @ DW_AT_decl_file
	.short	430                             @ DW_AT_decl_line
	.byte	6                               @ DW_AT_data_member_location
	.byte	0                               @ End Of Children Mark
	.byte	20                              @ Abbrev [20] 0xf33:0x17 DW_TAG_structure_type
	.long	.Linfo_string428                @ DW_AT_name
	.byte	6                               @ DW_AT_byte_size
	.byte	15                              @ DW_AT_decl_file
	.short	1718                            @ DW_AT_decl_line
	.byte	21                              @ Abbrev [21] 0xf3c:0xd DW_TAG_member
	.long	.Linfo_string427                @ DW_AT_name
	.long	3914                            @ DW_AT_type
	.byte	15                              @ DW_AT_decl_file
	.short	1721                            @ DW_AT_decl_line
	.byte	0                               @ DW_AT_data_member_location
	.byte	0                               @ End Of Children Mark
	.byte	3                               @ Abbrev [3] 0xf4a:0xc DW_TAG_array_type
	.long	283                             @ DW_AT_type
	.byte	4                               @ Abbrev [4] 0xf4f:0x6 DW_TAG_subrange_type
	.long	70                              @ DW_AT_type
	.byte	6                               @ DW_AT_count
	.byte	0                               @ End Of Children Mark
	.byte	29                              @ Abbrev [29] 0xf56:0x1 DW_TAG_pointer_type
	.byte	30                              @ Abbrev [30] 0xf57:0x50 DW_TAG_subprogram
	.long	.Lfunc_begin1                   @ DW_AT_low_pc
	.long	.Lfunc_end1-.Lfunc_begin1       @ DW_AT_high_pc
	.byte	1                               @ DW_AT_frame_base
	.byte	93
                                        @ DW_AT_GNU_all_call_sites
	.long	.Linfo_string440                @ DW_AT_name
	.byte	1                               @ DW_AT_decl_file
	.short	290                             @ DW_AT_decl_line
                                        @ DW_AT_prototyped
                                        @ DW_AT_external
	.byte	31                              @ Abbrev [31] 0xf69:0x10 DW_TAG_variable
	.long	.Ldebug_loc1                    @ DW_AT_location
	.long	.Linfo_string411                @ DW_AT_name
	.byte	1                               @ DW_AT_decl_file
	.short	300                             @ DW_AT_decl_line
	.long	3589                            @ DW_AT_type
	.byte	32                              @ Abbrev [32] 0xf79:0x2d DW_TAG_inlined_subroutine
	.long	3525                            @ DW_AT_abstract_origin
	.long	.Ltmp23                         @ DW_AT_low_pc
	.long	.Ltmp39-.Ltmp23                 @ DW_AT_high_pc
	.byte	1                               @ DW_AT_call_file
	.short	304                             @ DW_AT_call_line
	.byte	5                               @ DW_AT_call_column
	.byte	33                              @ Abbrev [33] 0xf8a:0x9 DW_TAG_formal_parameter
	.long	.Ldebug_loc0                    @ DW_AT_location
	.long	3533                            @ DW_AT_abstract_origin
	.byte	34                              @ Abbrev [34] 0xf93:0x6 DW_TAG_formal_parameter
	.byte	6                               @ DW_AT_const_value
	.long	3555                            @ DW_AT_abstract_origin
	.byte	34                              @ Abbrev [34] 0xf99:0x6 DW_TAG_formal_parameter
	.byte	1                               @ DW_AT_const_value
	.long	3566                            @ DW_AT_abstract_origin
	.byte	35                              @ Abbrev [35] 0xf9f:0x6 DW_TAG_variable
	.byte	28                              @ DW_AT_const_value
	.long	3577                            @ DW_AT_abstract_origin
	.byte	0                               @ End Of Children Mark
	.byte	0                               @ End Of Children Mark
	.byte	30                              @ Abbrev [30] 0xfa7:0x33 DW_TAG_subprogram
	.long	.Lfunc_begin2                   @ DW_AT_low_pc
	.long	.Lfunc_end2-.Lfunc_begin2       @ DW_AT_high_pc
	.byte	1                               @ DW_AT_frame_base
	.byte	93
                                        @ DW_AT_GNU_all_call_sites
	.long	.Linfo_string441                @ DW_AT_name
	.byte	1                               @ DW_AT_decl_file
	.short	318                             @ DW_AT_decl_line
                                        @ DW_AT_prototyped
                                        @ DW_AT_external
	.byte	36                              @ Abbrev [36] 0xfb9:0x10 DW_TAG_formal_parameter
	.long	.Ldebug_loc2                    @ DW_AT_location
	.long	.Linfo_string448                @ DW_AT_name
	.byte	1                               @ DW_AT_decl_file
	.short	318                             @ DW_AT_decl_line
	.long	283                             @ DW_AT_type
	.byte	36                              @ Abbrev [36] 0xfc9:0x10 DW_TAG_formal_parameter
	.long	.Ldebug_loc3                    @ DW_AT_location
	.long	.Linfo_string449                @ DW_AT_name
	.byte	1                               @ DW_AT_decl_file
	.short	318                             @ DW_AT_decl_line
	.long	4428                            @ DW_AT_type
	.byte	0                               @ End Of Children Mark
	.byte	30                              @ Abbrev [30] 0xfda:0x23 DW_TAG_subprogram
	.long	.Lfunc_begin3                   @ DW_AT_low_pc
	.long	.Lfunc_end3-.Lfunc_begin3       @ DW_AT_high_pc
	.byte	1                               @ DW_AT_frame_base
	.byte	93
                                        @ DW_AT_GNU_all_call_sites
	.long	.Linfo_string442                @ DW_AT_name
	.byte	1                               @ DW_AT_decl_file
	.short	361                             @ DW_AT_decl_line
                                        @ DW_AT_prototyped
                                        @ DW_AT_external
	.byte	36                              @ Abbrev [36] 0xfec:0x10 DW_TAG_formal_parameter
	.long	.Ldebug_loc4                    @ DW_AT_location
	.long	.Linfo_string403                @ DW_AT_name
	.byte	1                               @ DW_AT_decl_file
	.short	361                             @ DW_AT_decl_line
	.long	283                             @ DW_AT_type
	.byte	0                               @ End Of Children Mark
	.byte	30                              @ Abbrev [30] 0xffd:0x23 DW_TAG_subprogram
	.long	.Lfunc_begin4                   @ DW_AT_low_pc
	.long	.Lfunc_end4-.Lfunc_begin4       @ DW_AT_high_pc
	.byte	1                               @ DW_AT_frame_base
	.byte	93
                                        @ DW_AT_GNU_all_call_sites
	.long	.Linfo_string443                @ DW_AT_name
	.byte	1                               @ DW_AT_decl_file
	.short	375                             @ DW_AT_decl_line
                                        @ DW_AT_prototyped
                                        @ DW_AT_external
	.byte	36                              @ Abbrev [36] 0x100f:0x10 DW_TAG_formal_parameter
	.long	.Ldebug_loc5                    @ DW_AT_location
	.long	.Linfo_string449                @ DW_AT_name
	.byte	1                               @ DW_AT_decl_file
	.short	375                             @ DW_AT_decl_line
	.long	4539                            @ DW_AT_type
	.byte	0                               @ End Of Children Mark
	.byte	30                              @ Abbrev [30] 0x1020:0xd9 DW_TAG_subprogram
	.long	.Lfunc_begin5                   @ DW_AT_low_pc
	.long	.Lfunc_end5-.Lfunc_begin5       @ DW_AT_high_pc
	.byte	1                               @ DW_AT_frame_base
	.byte	93
                                        @ DW_AT_GNU_all_call_sites
	.long	.Linfo_string444                @ DW_AT_name
	.byte	1                               @ DW_AT_decl_file
	.short	422                             @ DW_AT_decl_line
                                        @ DW_AT_prototyped
                                        @ DW_AT_external
	.byte	36                              @ Abbrev [36] 0x1032:0x10 DW_TAG_formal_parameter
	.long	.Ldebug_loc6                    @ DW_AT_location
	.long	.Linfo_string457                @ DW_AT_name
	.byte	1                               @ DW_AT_decl_file
	.short	422                             @ DW_AT_decl_line
	.long	4585                            @ DW_AT_type
	.byte	36                              @ Abbrev [36] 0x1042:0x10 DW_TAG_formal_parameter
	.long	.Ldebug_loc7                    @ DW_AT_location
	.long	.Linfo_string449                @ DW_AT_name
	.byte	1                               @ DW_AT_decl_file
	.short	423                             @ DW_AT_decl_line
	.long	4601                            @ DW_AT_type
	.byte	36                              @ Abbrev [36] 0x1052:0x10 DW_TAG_formal_parameter
	.long	.Ldebug_loc8                    @ DW_AT_location
	.long	.Linfo_string459                @ DW_AT_name
	.byte	1                               @ DW_AT_decl_file
	.short	424                             @ DW_AT_decl_line
	.long	4607                            @ DW_AT_type
	.byte	36                              @ Abbrev [36] 0x1062:0x10 DW_TAG_formal_parameter
	.long	.Ldebug_loc9                    @ DW_AT_location
	.long	.Linfo_string461                @ DW_AT_name
	.byte	1                               @ DW_AT_decl_file
	.short	425                             @ DW_AT_decl_line
	.long	4607                            @ DW_AT_type
	.byte	37                              @ Abbrev [37] 0x1072:0x16 DW_TAG_lexical_block
	.long	.Ldebug_ranges0                 @ DW_AT_ranges
	.byte	31                              @ Abbrev [31] 0x1077:0x10 DW_TAG_variable
	.long	.Ldebug_loc10                   @ DW_AT_location
	.long	.Linfo_string462                @ DW_AT_name
	.byte	1                               @ DW_AT_decl_file
	.short	433                             @ DW_AT_decl_line
	.long	3079                            @ DW_AT_type
	.byte	0                               @ End Of Children Mark
	.byte	37                              @ Abbrev [37] 0x1088:0x30 DW_TAG_lexical_block
	.long	.Ldebug_ranges1                 @ DW_AT_ranges
	.byte	31                              @ Abbrev [31] 0x108d:0x10 DW_TAG_variable
	.long	.Ldebug_loc11                   @ DW_AT_location
	.long	.Linfo_string463                @ DW_AT_name
	.byte	1                               @ DW_AT_decl_file
	.short	496                             @ DW_AT_decl_line
	.long	3259                            @ DW_AT_type
	.byte	38                              @ Abbrev [38] 0x109d:0x1a DW_TAG_lexical_block
	.long	.Ltmp107                        @ DW_AT_low_pc
	.long	.Ltmp110-.Ltmp107               @ DW_AT_high_pc
	.byte	31                              @ Abbrev [31] 0x10a6:0x10 DW_TAG_variable
	.long	.Ldebug_loc13                   @ DW_AT_location
	.long	.Linfo_string465                @ DW_AT_name
	.byte	1                               @ DW_AT_decl_file
	.short	508                             @ DW_AT_decl_line
	.long	3302                            @ DW_AT_type
	.byte	0                               @ End Of Children Mark
	.byte	0                               @ End Of Children Mark
	.byte	38                              @ Abbrev [38] 0x10b8:0x18 DW_TAG_lexical_block
	.long	.Ltmp100                        @ DW_AT_low_pc
	.long	.Ltmp101-.Ltmp100               @ DW_AT_high_pc
	.byte	39                              @ Abbrev [39] 0x10c1:0xe DW_TAG_variable
	.byte	1                               @ DW_AT_location
	.byte	84
	.long	.Linfo_string463                @ DW_AT_name
	.byte	1                               @ DW_AT_decl_file
	.short	471                             @ DW_AT_decl_line
	.long	3157                            @ DW_AT_type
	.byte	0                               @ End Of Children Mark
	.byte	38                              @ Abbrev [38] 0x10d0:0x28 DW_TAG_lexical_block
	.long	.Ltmp104                        @ DW_AT_low_pc
	.long	.Ltmp107-.Ltmp104               @ DW_AT_high_pc
	.byte	39                              @ Abbrev [39] 0x10d9:0xe DW_TAG_variable
	.byte	1                               @ DW_AT_location
	.byte	84
	.long	.Linfo_string462                @ DW_AT_name
	.byte	1                               @ DW_AT_decl_file
	.short	526                             @ DW_AT_decl_line
	.long	3376                            @ DW_AT_type
	.byte	31                              @ Abbrev [31] 0x10e7:0x10 DW_TAG_variable
	.long	.Ldebug_loc12                   @ DW_AT_location
	.long	.Linfo_string464                @ DW_AT_name
	.byte	1                               @ DW_AT_decl_file
	.short	527                             @ DW_AT_decl_line
	.long	3448                            @ DW_AT_type
	.byte	0                               @ End Of Children Mark
	.byte	0                               @ End Of Children Mark
	.byte	40                              @ Abbrev [40] 0x10f9:0x21 DW_TAG_subprogram
	.long	.Lfunc_begin6                   @ DW_AT_low_pc
	.long	.Lfunc_end6-.Lfunc_begin6       @ DW_AT_high_pc
	.byte	1                               @ DW_AT_frame_base
	.byte	93
                                        @ DW_AT_GNU_all_call_sites
	.long	.Linfo_string445                @ DW_AT_name
	.byte	1                               @ DW_AT_decl_file
	.byte	183                             @ DW_AT_decl_line
	.byte	41                              @ Abbrev [41] 0x110a:0xf DW_TAG_variable
	.long	.Ldebug_loc14                   @ DW_AT_location
	.long	.Linfo_string466                @ DW_AT_name
	.byte	1                               @ DW_AT_decl_file
	.byte	186                             @ DW_AT_decl_line
	.long	4623                            @ DW_AT_type
	.byte	0                               @ End Of Children Mark
	.byte	42                              @ Abbrev [42] 0x111a:0x11 DW_TAG_subprogram
	.long	.Lfunc_begin7                   @ DW_AT_low_pc
	.long	.Lfunc_end7-.Lfunc_begin7       @ DW_AT_high_pc
	.byte	1                               @ DW_AT_frame_base
	.byte	93
                                        @ DW_AT_GNU_all_call_sites
	.long	.Linfo_string446                @ DW_AT_name
	.byte	1                               @ DW_AT_decl_file
	.byte	206                             @ DW_AT_decl_line
	.byte	40                              @ Abbrev [40] 0x112b:0x21 DW_TAG_subprogram
	.long	.Lfunc_begin8                   @ DW_AT_low_pc
	.long	.Lfunc_end8-.Lfunc_begin8       @ DW_AT_high_pc
	.byte	1                               @ DW_AT_frame_base
	.byte	93
                                        @ DW_AT_GNU_all_call_sites
	.long	.Linfo_string447                @ DW_AT_name
	.byte	1                               @ DW_AT_decl_file
	.byte	108                             @ DW_AT_decl_line
	.byte	41                              @ Abbrev [41] 0x113c:0xf DW_TAG_variable
	.long	.Ldebug_loc15                   @ DW_AT_location
	.long	.Linfo_string467                @ DW_AT_name
	.byte	1                               @ DW_AT_decl_file
	.byte	110                             @ DW_AT_decl_line
	.long	640                             @ DW_AT_type
	.byte	0                               @ End Of Children Mark
	.byte	18                              @ Abbrev [18] 0x114c:0x5 DW_TAG_pointer_type
	.long	4433                            @ DW_AT_type
	.byte	14                              @ Abbrev [14] 0x1151:0x5 DW_TAG_const_type
	.long	4438                            @ DW_AT_type
	.byte	20                              @ Abbrev [20] 0x1156:0x65 DW_TAG_structure_type
	.long	.Linfo_string454                @ DW_AT_name
	.byte	16                              @ DW_AT_byte_size
	.byte	11                              @ DW_AT_decl_file
	.short	414                             @ DW_AT_decl_line
	.byte	21                              @ Abbrev [21] 0x115f:0xd DW_TAG_member
	.long	.Linfo_string450                @ DW_AT_name
	.long	640                             @ DW_AT_type
	.byte	11                              @ DW_AT_decl_file
	.short	417                             @ DW_AT_decl_line
	.byte	0                               @ DW_AT_data_member_location
	.byte	21                              @ Abbrev [21] 0x116c:0xd DW_TAG_member
	.long	.Linfo_string398                @ DW_AT_name
	.long	640                             @ DW_AT_type
	.byte	11                              @ DW_AT_decl_file
	.short	419                             @ DW_AT_decl_line
	.byte	2                               @ DW_AT_data_member_location
	.byte	21                              @ Abbrev [21] 0x1179:0xd DW_TAG_member
	.long	.Linfo_string399                @ DW_AT_name
	.long	640                             @ DW_AT_type
	.byte	11                              @ DW_AT_decl_file
	.short	421                             @ DW_AT_decl_line
	.byte	4                               @ DW_AT_data_member_location
	.byte	21                              @ Abbrev [21] 0x1186:0xd DW_TAG_member
	.long	.Linfo_string400                @ DW_AT_name
	.long	640                             @ DW_AT_type
	.byte	11                              @ DW_AT_decl_file
	.short	423                             @ DW_AT_decl_line
	.byte	6                               @ DW_AT_data_member_location
	.byte	21                              @ Abbrev [21] 0x1193:0xd DW_TAG_member
	.long	.Linfo_string451                @ DW_AT_name
	.long	283                             @ DW_AT_type
	.byte	11                              @ DW_AT_decl_file
	.short	425                             @ DW_AT_decl_line
	.byte	8                               @ DW_AT_data_member_location
	.byte	21                              @ Abbrev [21] 0x11a0:0xd DW_TAG_member
	.long	.Linfo_string452                @ DW_AT_name
	.long	283                             @ DW_AT_type
	.byte	11                              @ DW_AT_decl_file
	.short	427                             @ DW_AT_decl_line
	.byte	9                               @ DW_AT_data_member_location
	.byte	21                              @ Abbrev [21] 0x11ad:0xd DW_TAG_member
	.long	.Linfo_string453                @ DW_AT_name
	.long	3891                            @ DW_AT_type
	.byte	11                              @ DW_AT_decl_file
	.short	429                             @ DW_AT_decl_line
	.byte	10                              @ DW_AT_data_member_location
	.byte	0                               @ End Of Children Mark
	.byte	18                              @ Abbrev [18] 0x11bb:0x5 DW_TAG_pointer_type
	.long	4544                            @ DW_AT_type
	.byte	14                              @ Abbrev [14] 0x11c0:0x5 DW_TAG_const_type
	.long	4549                            @ DW_AT_type
	.byte	20                              @ Abbrev [20] 0x11c5:0x24 DW_TAG_structure_type
	.long	.Linfo_string456                @ DW_AT_name
	.byte	4                               @ DW_AT_byte_size
	.byte	11                              @ DW_AT_decl_file
	.short	466                             @ DW_AT_decl_line
	.byte	21                              @ Abbrev [21] 0x11ce:0xd DW_TAG_member
	.long	.Linfo_string450                @ DW_AT_name
	.long	640                             @ DW_AT_type
	.byte	11                              @ DW_AT_decl_file
	.short	469                             @ DW_AT_decl_line
	.byte	0                               @ DW_AT_data_member_location
	.byte	21                              @ Abbrev [21] 0x11db:0xd DW_TAG_member
	.long	.Linfo_string455                @ DW_AT_name
	.long	283                             @ DW_AT_type
	.byte	11                              @ DW_AT_decl_file
	.short	471                             @ DW_AT_decl_line
	.byte	2                               @ DW_AT_data_member_location
	.byte	0                               @ End Of Children Mark
	.byte	14                              @ Abbrev [14] 0x11e9:0x5 DW_TAG_const_type
	.long	4590                            @ DW_AT_type
	.byte	10                              @ Abbrev [10] 0x11ee:0xb DW_TAG_typedef
	.long	640                             @ DW_AT_type
	.long	.Linfo_string458                @ DW_AT_name
	.byte	16                              @ DW_AT_decl_file
	.byte	78                              @ DW_AT_decl_line
	.byte	18                              @ Abbrev [18] 0x11f9:0x5 DW_TAG_pointer_type
	.long	4606                            @ DW_AT_type
	.byte	43                              @ Abbrev [43] 0x11fe:0x1 DW_TAG_const_type
	.byte	14                              @ Abbrev [14] 0x11ff:0x5 DW_TAG_const_type
	.long	4612                            @ DW_AT_type
	.byte	10                              @ Abbrev [10] 0x1204:0xb DW_TAG_typedef
	.long	640                             @ DW_AT_type
	.long	.Linfo_string460                @ DW_AT_name
	.byte	16                              @ DW_AT_decl_file
	.byte	60                              @ DW_AT_decl_line
	.byte	18                              @ Abbrev [18] 0x120f:0x5 DW_TAG_pointer_type
	.long	283                             @ DW_AT_type
	.byte	0                               @ End Of Children Mark
.Ldebug_info_end0:
	.section	.debug_ranges,"",%progbits
.Ldebug_ranges0:
	.long	.Ltmp85-.Lfunc_begin0
	.long	.Ltmp94-.Lfunc_begin0
	.long	.Ltmp113-.Lfunc_begin0
	.long	.Ltmp114-.Lfunc_begin0
	.long	.Ltmp116-.Lfunc_begin0
	.long	.Ltmp117-.Lfunc_begin0
	.long	.Ltmp119-.Lfunc_begin0
	.long	.Ltmp120-.Lfunc_begin0
	.long	.Ltmp122-.Lfunc_begin0
	.long	.Ltmp123-.Lfunc_begin0
	.long	.Ltmp125-.Lfunc_begin0
	.long	.Ltmp126-.Lfunc_begin0
	.long	0
	.long	0
.Ldebug_ranges1:
	.long	.Ltmp95-.Lfunc_begin0
	.long	.Ltmp98-.Lfunc_begin0
	.long	.Ltmp107-.Lfunc_begin0
	.long	.Ltmp110-.Lfunc_begin0
	.long	0
	.long	0
	.section	.debug_str,"MS",%progbits,1
.Linfo_string0:
	.asciz	"Component: Arm Compiler for Embedded 6.23 Tool: armclang [5f103000]" @ string offset=0
.Linfo_string1:
	.asciz	"../src\\user_peripheral.c"     @ string offset=68
.Linfo_string2:
	.asciz	"C:\\Users\\teodor\\Desktop\\stem\\codeless\\6.0.24.1464\\projects\\target_apps\\ble_examples\\empty_peripheral_template\\Keil_5" @ string offset=93
.Linfo_string3:
	.asciz	"char"                          @ string offset=210
.Linfo_string4:
	.asciz	"__ARRAY_SIZE_TYPE__"           @ string offset=215
.Linfo_string5:
	.asciz	"app_connection_idx"            @ string offset=235
.Linfo_string6:
	.asciz	"unsigned char"                 @ string offset=254
.Linfo_string7:
	.asciz	"uint8_t"                       @ string offset=268
.Linfo_string8:
	.asciz	"app_adv_data_update_timer_used" @ string offset=276
.Linfo_string9:
	.asciz	"timer_hnd"                     @ string offset=307
.Linfo_string10:
	.asciz	"app_param_update_request_timer_used" @ string offset=317
.Linfo_string11:
	.asciz	"mnf_data"                      @ string offset=353
.Linfo_string12:
	.asciz	"ad_structure_size"             @ string offset=362
.Linfo_string13:
	.asciz	"ad_structure_type"             @ string offset=380
.Linfo_string14:
	.asciz	"company_id"                    @ string offset=398
.Linfo_string15:
	.asciz	"proprietary_data"              @ string offset=409
.Linfo_string16:
	.asciz	"mnf_specific_data_ad_structure" @ string offset=426
.Linfo_string17:
	.asciz	"mnf_data_index"                @ string offset=457
.Linfo_string18:
	.asciz	"stored_adv_data_len"           @ string offset=472
.Linfo_string19:
	.asciz	"stored_scan_rsp_data_len"      @ string offset=492
.Linfo_string20:
	.asciz	"stored_adv_data"               @ string offset=517
.Linfo_string21:
	.asciz	"stored_scan_rsp_data"          @ string offset=533
.Linfo_string22:
	.asciz	"user_connection_param_conf"    @ string offset=554
.Linfo_string23:
	.asciz	"intv_min"                      @ string offset=581
.Linfo_string24:
	.asciz	"unsigned short"                @ string offset=590
.Linfo_string25:
	.asciz	"uint16_t"                      @ string offset=605
.Linfo_string26:
	.asciz	"intv_max"                      @ string offset=614
.Linfo_string27:
	.asciz	"latency"                       @ string offset=623
.Linfo_string28:
	.asciz	"time_out"                      @ string offset=631
.Linfo_string29:
	.asciz	"ce_len_min"                    @ string offset=640
.Linfo_string30:
	.asciz	"ce_len_max"                    @ string offset=651
.Linfo_string31:
	.asciz	"connection_param_configuration" @ string offset=662
.Linfo_string32:
	.asciz	"GPIO_PORT_0"                   @ string offset=693
.Linfo_string33:
	.asciz	"GPIO_PIN_0"                    @ string offset=705
.Linfo_string34:
	.asciz	"GPIO_PIN_1"                    @ string offset=716
.Linfo_string35:
	.asciz	"GPIO_PIN_2"                    @ string offset=727
.Linfo_string36:
	.asciz	"GPIO_PIN_3"                    @ string offset=738
.Linfo_string37:
	.asciz	"GPIO_PIN_4"                    @ string offset=749
.Linfo_string38:
	.asciz	"GPIO_PIN_5"                    @ string offset=760
.Linfo_string39:
	.asciz	"GPIO_PIN_6"                    @ string offset=771
.Linfo_string40:
	.asciz	"GPIO_PIN_7"                    @ string offset=782
.Linfo_string41:
	.asciz	"GPIO_PIN_8"                    @ string offset=793
.Linfo_string42:
	.asciz	"GPIO_PIN_9"                    @ string offset=804
.Linfo_string43:
	.asciz	"GPIO_PIN_10"                   @ string offset=815
.Linfo_string44:
	.asciz	"GPIO_PIN_11"                   @ string offset=827
.Linfo_string45:
	.asciz	"GPIO_PIN_END"                  @ string offset=839
.Linfo_string46:
	.asciz	"RF_TX_PWR_LVL_MINUS_18d0"      @ string offset=852
.Linfo_string47:
	.asciz	"RF_TX_PWR_LVL_MINUS_12d0"      @ string offset=877
.Linfo_string48:
	.asciz	"RF_TX_PWR_LVL_MINUS_9d0"       @ string offset=902
.Linfo_string49:
	.asciz	"RF_TX_PWR_LVL_MINUS_6d0"       @ string offset=926
.Linfo_string50:
	.asciz	"RF_TX_PWR_LVL_MINUS_4d0"       @ string offset=950
.Linfo_string51:
	.asciz	"RF_TX_PWR_LVL_MINUS_2d5"       @ string offset=974
.Linfo_string52:
	.asciz	"RF_TX_PWR_LVL_MINUS_1d0"       @ string offset=998
.Linfo_string53:
	.asciz	"RF_TX_PWR_LVL_0d0"             @ string offset=1022
.Linfo_string54:
	.asciz	"RF_TX_PWR_LVL_PLUS_1d5"        @ string offset=1040
.Linfo_string55:
	.asciz	"RF_TX_PWR_LVL_PLUS_2d5"        @ string offset=1063
.Linfo_string56:
	.asciz	"RF_TX_PWR_LVL_PLUS_3d0"        @ string offset=1086
.Linfo_string57:
	.asciz	"RF_TX_PWR_LVL_PLUS_4d0"        @ string offset=1109
.Linfo_string58:
	.asciz	"RF_TX_PWR_LVL_TOTAL_VALUES"    @ string offset=1132
.Linfo_string59:
	.asciz	"GAP_ERR_NO_ERROR"              @ string offset=1159
.Linfo_string60:
	.asciz	"ATT_ERR_NO_ERROR"              @ string offset=1176
.Linfo_string61:
	.asciz	"ATT_ERR_INVALID_HANDLE"        @ string offset=1193
.Linfo_string62:
	.asciz	"ATT_ERR_READ_NOT_PERMITTED"    @ string offset=1216
.Linfo_string63:
	.asciz	"ATT_ERR_WRITE_NOT_PERMITTED"   @ string offset=1243
.Linfo_string64:
	.asciz	"ATT_ERR_INVALID_PDU"           @ string offset=1271
.Linfo_string65:
	.asciz	"ATT_ERR_INSUFF_AUTHEN"         @ string offset=1291
.Linfo_string66:
	.asciz	"ATT_ERR_REQUEST_NOT_SUPPORTED" @ string offset=1313
.Linfo_string67:
	.asciz	"ATT_ERR_INVALID_OFFSET"        @ string offset=1343
.Linfo_string68:
	.asciz	"ATT_ERR_INSUFF_AUTHOR"         @ string offset=1366
.Linfo_string69:
	.asciz	"ATT_ERR_PREPARE_QUEUE_FULL"    @ string offset=1388
.Linfo_string70:
	.asciz	"ATT_ERR_ATTRIBUTE_NOT_FOUND"   @ string offset=1415
.Linfo_string71:
	.asciz	"ATT_ERR_ATTRIBUTE_NOT_LONG"    @ string offset=1443
.Linfo_string72:
	.asciz	"ATT_ERR_SHORT_ENC_KEY_SIZE"    @ string offset=1470
.Linfo_string73:
	.asciz	"ATT_ERR_INVALID_ATTRIBUTE_VAL_LEN" @ string offset=1497
.Linfo_string74:
	.asciz	"ATT_ERR_UNLIKELY_ERR"          @ string offset=1531
.Linfo_string75:
	.asciz	"ATT_ERR_INSUFF_ENC"            @ string offset=1552
.Linfo_string76:
	.asciz	"ATT_ERR_UNSUPP_GRP_TYPE"       @ string offset=1571
.Linfo_string77:
	.asciz	"ATT_ERR_INSUFF_RESOURCE"       @ string offset=1595
.Linfo_string78:
	.asciz	"ATT_ERR_APP_ERROR"             @ string offset=1619
.Linfo_string79:
	.asciz	"L2C_ERR_CONNECTION_LOST"       @ string offset=1637
.Linfo_string80:
	.asciz	"L2C_ERR_INVALID_MTU_EXCEED"    @ string offset=1661
.Linfo_string81:
	.asciz	"L2C_ERR_INVALID_MPS_EXCEED"    @ string offset=1688
.Linfo_string82:
	.asciz	"L2C_ERR_INVALID_CID"           @ string offset=1715
.Linfo_string83:
	.asciz	"L2C_ERR_INVALID_PDU"           @ string offset=1735
.Linfo_string84:
	.asciz	"L2C_ERR_NO_RES_AVAIL"          @ string offset=1755
.Linfo_string85:
	.asciz	"L2C_ERR_INSUFF_AUTHEN"         @ string offset=1776
.Linfo_string86:
	.asciz	"L2C_ERR_INSUFF_AUTHOR"         @ string offset=1798
.Linfo_string87:
	.asciz	"L2C_ERR_SHORT_ENC_KEY_SIZE"    @ string offset=1820
.Linfo_string88:
	.asciz	"L2C_ERR_INSUFF_ENC"            @ string offset=1847
.Linfo_string89:
	.asciz	"L2C_ERR_LEPSM_NOT_SUPP"        @ string offset=1866
.Linfo_string90:
	.asciz	"L2C_ERR_INSUFF_CREDIT"         @ string offset=1889
.Linfo_string91:
	.asciz	"L2C_ERR_NO_MORE_CREDIT"        @ string offset=1911
.Linfo_string92:
	.asciz	"L2C_ERR_NOT_UNDERSTOOD"        @ string offset=1934
.Linfo_string93:
	.asciz	"L2C_ERR_INVALID_SCID"          @ string offset=1957
.Linfo_string94:
	.asciz	"L2C_ERR_SCID_ALLOCATED"        @ string offset=1978
.Linfo_string95:
	.asciz	"L2C_ERR_UNACCEPTABLE_PARAM"    @ string offset=2001
.Linfo_string96:
	.asciz	"GAP_ERR_INVALID_PARAM"         @ string offset=2028
.Linfo_string97:
	.asciz	"GAP_ERR_PROTOCOL_PROBLEM"      @ string offset=2050
.Linfo_string98:
	.asciz	"GAP_ERR_NOT_SUPPORTED"         @ string offset=2075
.Linfo_string99:
	.asciz	"GAP_ERR_COMMAND_DISALLOWED"    @ string offset=2097
.Linfo_string100:
	.asciz	"GAP_ERR_CANCELED"              @ string offset=2124
.Linfo_string101:
	.asciz	"GAP_ERR_TIMEOUT"               @ string offset=2141
.Linfo_string102:
	.asciz	"GAP_ERR_DISCONNECTED"          @ string offset=2157
.Linfo_string103:
	.asciz	"GAP_ERR_NOT_FOUND"             @ string offset=2178
.Linfo_string104:
	.asciz	"GAP_ERR_REJECTED"              @ string offset=2196
.Linfo_string105:
	.asciz	"GAP_ERR_PRIVACY_CFG_PB"        @ string offset=2213
.Linfo_string106:
	.asciz	"GAP_ERR_ADV_DATA_INVALID"      @ string offset=2236
.Linfo_string107:
	.asciz	"GAP_ERR_INSUFF_RESOURCES"      @ string offset=2261
.Linfo_string108:
	.asciz	"GAP_ERR_UNEXPECTED"            @ string offset=2286
.Linfo_string109:
	.asciz	"GATT_ERR_INVALID_ATT_LEN"      @ string offset=2305
.Linfo_string110:
	.asciz	"GATT_ERR_INVALID_TYPE_IN_SVC_SEARCH" @ string offset=2330
.Linfo_string111:
	.asciz	"GATT_ERR_WRITE"                @ string offset=2366
.Linfo_string112:
	.asciz	"GATT_ERR_SIGNED_WRITE"         @ string offset=2381
.Linfo_string113:
	.asciz	"GATT_ERR_ATTRIBUTE_CLIENT_MISSING" @ string offset=2403
.Linfo_string114:
	.asciz	"GATT_ERR_ATTRIBUTE_SERVER_MISSING" @ string offset=2437
.Linfo_string115:
	.asciz	"GATT_ERR_INVALID_PERM"         @ string offset=2471
.Linfo_string116:
	.asciz	"SMP_ERROR_LOC_PASSKEY_ENTRY_FAILED" @ string offset=2493
.Linfo_string117:
	.asciz	"SMP_ERROR_LOC_OOB_NOT_AVAILABLE" @ string offset=2528
.Linfo_string118:
	.asciz	"SMP_ERROR_LOC_AUTH_REQ"        @ string offset=2560
.Linfo_string119:
	.asciz	"SMP_ERROR_LOC_CONF_VAL_FAILED" @ string offset=2583
.Linfo_string120:
	.asciz	"SMP_ERROR_LOC_PAIRING_NOT_SUPP" @ string offset=2613
.Linfo_string121:
	.asciz	"SMP_ERROR_LOC_ENC_KEY_SIZE"    @ string offset=2644
.Linfo_string122:
	.asciz	"SMP_ERROR_LOC_CMD_NOT_SUPPORTED" @ string offset=2671
.Linfo_string123:
	.asciz	"SMP_ERROR_LOC_UNSPECIFIED_REASON" @ string offset=2703
.Linfo_string124:
	.asciz	"SMP_ERROR_LOC_REPEATED_ATTEMPTS" @ string offset=2736
.Linfo_string125:
	.asciz	"SMP_ERROR_LOC_INVALID_PARAM"   @ string offset=2768
.Linfo_string126:
	.asciz	"SMP_ERROR_LOC_REQ_DISALLOWED"  @ string offset=2796
.Linfo_string127:
	.asciz	"SMP_ERROR_LOC_LL_ERROR"        @ string offset=2825
.Linfo_string128:
	.asciz	"SMP_ERROR_LOC_ADDR_RESOLV_FAIL" @ string offset=2848
.Linfo_string129:
	.asciz	"SMP_ERROR_LOC_SIGN_VERIF_FAIL" @ string offset=2879
.Linfo_string130:
	.asciz	"SMP_ERROR_LOC_TIMEOUT"         @ string offset=2909
.Linfo_string131:
	.asciz	"SMP_ERROR_REM_PASSKEY_ENTRY_FAILED" @ string offset=2931
.Linfo_string132:
	.asciz	"SMP_ERROR_REM_OOB_NOT_AVAILABLE" @ string offset=2966
.Linfo_string133:
	.asciz	"SMP_ERROR_REM_AUTH_REQ"        @ string offset=2998
.Linfo_string134:
	.asciz	"SMP_ERROR_REM_CONF_VAL_FAILED" @ string offset=3021
.Linfo_string135:
	.asciz	"SMP_ERROR_REM_PAIRING_NOT_SUPP" @ string offset=3051
.Linfo_string136:
	.asciz	"SMP_ERROR_REM_ENC_KEY_SIZE"    @ string offset=3082
.Linfo_string137:
	.asciz	"SMP_ERROR_REM_CMD_NOT_SUPPORTED" @ string offset=3109
.Linfo_string138:
	.asciz	"SMP_ERROR_REM_UNSPECIFIED_REASON" @ string offset=3141
.Linfo_string139:
	.asciz	"SMP_ERROR_REM_REPEATED_ATTEMPTS" @ string offset=3174
.Linfo_string140:
	.asciz	"SMP_ERROR_REM_INVALID_PARAM"   @ string offset=3206
.Linfo_string141:
	.asciz	"SMP_ERROR_REM_ENC_KEY_MISSING" @ string offset=3234
.Linfo_string142:
	.asciz	"SMP_ERROR_REM_ENC_NOT_SUPPORTED" @ string offset=3264
.Linfo_string143:
	.asciz	"SMP_ERROR_REM_ENC_TIMEOUT"     @ string offset=3296
.Linfo_string144:
	.asciz	"PRF_APP_ERROR"                 @ string offset=3322
.Linfo_string145:
	.asciz	"PRF_ERR_INVALID_PARAM"         @ string offset=3336
.Linfo_string146:
	.asciz	"PRF_ERR_INEXISTENT_HDL"        @ string offset=3358
.Linfo_string147:
	.asciz	"PRF_ERR_STOP_DISC_CHAR_MISSING" @ string offset=3381
.Linfo_string148:
	.asciz	"PRF_ERR_MULTIPLE_SVC"          @ string offset=3412
.Linfo_string149:
	.asciz	"PRF_ERR_STOP_DISC_WRONG_CHAR_PROP" @ string offset=3433
.Linfo_string150:
	.asciz	"PRF_ERR_MULTIPLE_CHAR"         @ string offset=3467
.Linfo_string151:
	.asciz	"PRF_ERR_NOT_WRITABLE"          @ string offset=3489
.Linfo_string152:
	.asciz	"PRF_ERR_NOT_READABLE"          @ string offset=3510
.Linfo_string153:
	.asciz	"PRF_ERR_REQ_DISALLOWED"        @ string offset=3531
.Linfo_string154:
	.asciz	"PRF_ERR_NTF_DISABLED"          @ string offset=3554
.Linfo_string155:
	.asciz	"PRF_ERR_IND_DISABLED"          @ string offset=3575
.Linfo_string156:
	.asciz	"PRF_ERR_FEATURE_NOT_SUPPORTED" @ string offset=3596
.Linfo_string157:
	.asciz	"PRF_ERR_UNEXPECTED_LEN"        @ string offset=3626
.Linfo_string158:
	.asciz	"PRF_ERR_DISCONNECTED"          @ string offset=3649
.Linfo_string159:
	.asciz	"PRF_ERR_PROC_TIMEOUT"          @ string offset=3670
.Linfo_string160:
	.asciz	"PRF_CCCD_IMPR_CONFIGURED"      @ string offset=3691
.Linfo_string161:
	.asciz	"PRF_PROC_IN_PROGRESS"          @ string offset=3716
.Linfo_string162:
	.asciz	"PRF_OUT_OF_RANGE"              @ string offset=3737
.Linfo_string163:
	.asciz	"LL_ERR_UNKNOWN_HCI_COMMAND"    @ string offset=3754
.Linfo_string164:
	.asciz	"LL_ERR_UNKNOWN_CONNECTION_ID"  @ string offset=3781
.Linfo_string165:
	.asciz	"LL_ERR_HARDWARE_FAILURE"       @ string offset=3810
.Linfo_string166:
	.asciz	"LL_ERR_PAGE_TIMEOUT"           @ string offset=3834
.Linfo_string167:
	.asciz	"LL_ERR_AUTH_FAILURE"           @ string offset=3854
.Linfo_string168:
	.asciz	"LL_ERR_PIN_MISSING"            @ string offset=3874
.Linfo_string169:
	.asciz	"LL_ERR_MEMORY_CAPA_EXCEED"     @ string offset=3893
.Linfo_string170:
	.asciz	"LL_ERR_CON_TIMEOUT"            @ string offset=3919
.Linfo_string171:
	.asciz	"LL_ERR_CON_LIMIT_EXCEED"       @ string offset=3938
.Linfo_string172:
	.asciz	"LL_ERR_SYNC_CON_LIMIT_DEV_EXCEED" @ string offset=3962
.Linfo_string173:
	.asciz	"LL_ERR_ACL_CON_EXISTS"         @ string offset=3995
.Linfo_string174:
	.asciz	"LL_ERR_COMMAND_DISALLOWED"     @ string offset=4017
.Linfo_string175:
	.asciz	"LL_ERR_CONN_REJ_LIMITED_RESOURCES" @ string offset=4043
.Linfo_string176:
	.asciz	"LL_ERR_CONN_REJ_SECURITY_REASONS" @ string offset=4077
.Linfo_string177:
	.asciz	"LL_ERR_CONN_REJ_UNACCEPTABLE_BDADDR" @ string offset=4110
.Linfo_string178:
	.asciz	"LL_ERR_CONN_ACCEPT_TIMEOUT_EXCEED" @ string offset=4146
.Linfo_string179:
	.asciz	"LL_ERR_UNSUPPORTED"            @ string offset=4180
.Linfo_string180:
	.asciz	"LL_ERR_INVALID_HCI_PARAM"      @ string offset=4199
.Linfo_string181:
	.asciz	"LL_ERR_REMOTE_USER_TERM_CON"   @ string offset=4224
.Linfo_string182:
	.asciz	"LL_ERR_REMOTE_DEV_TERM_LOW_RESOURCES" @ string offset=4252
.Linfo_string183:
	.asciz	"LL_ERR_REMOTE_DEV_POWER_OFF"   @ string offset=4289
.Linfo_string184:
	.asciz	"LL_ERR_CON_TERM_BY_LOCAL_HOST" @ string offset=4317
.Linfo_string185:
	.asciz	"LL_ERR_REPEATED_ATTEMPTS"      @ string offset=4347
.Linfo_string186:
	.asciz	"LL_ERR_PAIRING_NOT_ALLOWED"    @ string offset=4372
.Linfo_string187:
	.asciz	"LL_ERR_UNKNOWN_LMP_PDU"        @ string offset=4399
.Linfo_string188:
	.asciz	"LL_ERR_UNSUPPORTED_REMOTE_FEATURE" @ string offset=4422
.Linfo_string189:
	.asciz	"LL_ERR_SCO_OFFSET_REJECTED"    @ string offset=4456
.Linfo_string190:
	.asciz	"LL_ERR_SCO_INTERVAL_REJECTED"  @ string offset=4483
.Linfo_string191:
	.asciz	"LL_ERR_SCO_AIR_MODE_REJECTED"  @ string offset=4512
.Linfo_string192:
	.asciz	"LL_ERR_INVALID_LMP_PARAM"      @ string offset=4541
.Linfo_string193:
	.asciz	"LL_ERR_UNSPECIFIED_ERROR"      @ string offset=4566
.Linfo_string194:
	.asciz	"LL_ERR_UNSUPPORTED_LMP_PARAM_VALUE" @ string offset=4591
.Linfo_string195:
	.asciz	"LL_ERR_ROLE_CHANGE_NOT_ALLOWED" @ string offset=4626
.Linfo_string196:
	.asciz	"LL_ERR_LMP_RSP_TIMEOUT"        @ string offset=4657
.Linfo_string197:
	.asciz	"LL_ERR_LMP_COLLISION"          @ string offset=4680
.Linfo_string198:
	.asciz	"LL_ERR_LMP_PDU_NOT_ALLOWED"    @ string offset=4701
.Linfo_string199:
	.asciz	"LL_ERR_ENC_MODE_NOT_ACCEPT"    @ string offset=4728
.Linfo_string200:
	.asciz	"LL_ERR_LINK_KEY_CANT_CHANGE"   @ string offset=4755
.Linfo_string201:
	.asciz	"LL_ERR_QOS_NOT_SUPPORTED"      @ string offset=4783
.Linfo_string202:
	.asciz	"LL_ERR_INSTANT_PASSED"         @ string offset=4808
.Linfo_string203:
	.asciz	"LL_ERR_PAIRING_WITH_UNIT_KEY_NOT_SUP" @ string offset=4830
.Linfo_string204:
	.asciz	"LL_ERR_DIFF_TRANSACTION_COLLISION" @ string offset=4867
.Linfo_string205:
	.asciz	"LL_ERR_QOS_UNACCEPTABLE_PARAM" @ string offset=4901
.Linfo_string206:
	.asciz	"LL_ERR_QOS_REJECTED"           @ string offset=4931
.Linfo_string207:
	.asciz	"LL_ERR_CHANNEL_CLASS_NOT_SUP"  @ string offset=4951
.Linfo_string208:
	.asciz	"LL_ERR_INSUFFICIENT_SECURITY"  @ string offset=4980
.Linfo_string209:
	.asciz	"LL_ERR_PARAM_OUT_OF_MAND_RANGE" @ string offset=5009
.Linfo_string210:
	.asciz	"LL_ERR_ROLE_SWITCH_PEND"       @ string offset=5040
.Linfo_string211:
	.asciz	"LL_ERR_RESERVED_SLOT_VIOLATION" @ string offset=5064
.Linfo_string212:
	.asciz	"LL_ERR_ROLE_SWITCH_FAIL"       @ string offset=5095
.Linfo_string213:
	.asciz	"LL_ERR_EIR_TOO_LARGE"          @ string offset=5119
.Linfo_string214:
	.asciz	"LL_ERR_SP_NOT_SUPPORTED_HOST"  @ string offset=5140
.Linfo_string215:
	.asciz	"LL_ERR_HOST_BUSY_PAIRING"      @ string offset=5169
.Linfo_string216:
	.asciz	"LL_ERR_CONTROLLER_BUSY"        @ string offset=5194
.Linfo_string217:
	.asciz	"LL_ERR_UNACCEPTABLE_CONN_INT"  @ string offset=5217
.Linfo_string218:
	.asciz	"LL_ERR_DIRECT_ADV_TO"          @ string offset=5246
.Linfo_string219:
	.asciz	"LL_ERR_TERMINATED_MIC_FAILURE" @ string offset=5267
.Linfo_string220:
	.asciz	"LL_ERR_CONN_FAILED_TO_BE_EST"  @ string offset=5297
.Linfo_string221:
	.asciz	"hl_err"                        @ string offset=5326
.Linfo_string222:
	.asciz	"CUSTS1_CREATE_DB_REQ"          @ string offset=5333
.Linfo_string223:
	.asciz	"CUSTS1_CREATE_DB_CFM"          @ string offset=5354
.Linfo_string224:
	.asciz	"CUSTS1_ENABLE_REQ"             @ string offset=5375
.Linfo_string225:
	.asciz	"CUSTS1_VAL_SET_REQ"            @ string offset=5393
.Linfo_string226:
	.asciz	"CUSTS1_VALUE_REQ_IND"          @ string offset=5412
.Linfo_string227:
	.asciz	"CUSTS1_VALUE_REQ_RSP"          @ string offset=5433
.Linfo_string228:
	.asciz	"CUSTS1_VAL_NTF_REQ"            @ string offset=5454
.Linfo_string229:
	.asciz	"CUSTS1_VAL_NTF_CFM"            @ string offset=5473
.Linfo_string230:
	.asciz	"CUSTS1_VAL_IND_REQ"            @ string offset=5492
.Linfo_string231:
	.asciz	"CUSTS1_VAL_IND_CFM"            @ string offset=5511
.Linfo_string232:
	.asciz	"CUSTS1_VAL_WRITE_IND"          @ string offset=5530
.Linfo_string233:
	.asciz	"CUSTS1_DISABLE_IND"            @ string offset=5551
.Linfo_string234:
	.asciz	"CUSTS1_ERROR_IND"              @ string offset=5570
.Linfo_string235:
	.asciz	"CUSTS1_ATT_INFO_REQ"           @ string offset=5587
.Linfo_string236:
	.asciz	"CUSTS1_ATT_INFO_RSP"           @ string offset=5607
.Linfo_string237:
	.asciz	"SVC1_IDX_SVC"                  @ string offset=5627
.Linfo_string238:
	.asciz	"SVC1_IDX_SET_TIME_CHAR"        @ string offset=5640
.Linfo_string239:
	.asciz	"SVC1_IDX_SET_TIME_VAL"         @ string offset=5663
.Linfo_string240:
	.asciz	"SVC1_IDX_SET_TIME_USER_DESC"   @ string offset=5685
.Linfo_string241:
	.asciz	"SVC1_IDX_OUTPUTS_CHAR"         @ string offset=5713
.Linfo_string242:
	.asciz	"SVC1_IDX_OUTPUTS_VAL"          @ string offset=5735
.Linfo_string243:
	.asciz	"SVC1_IDX_OUTPUTS_USER_DESC"    @ string offset=5756
.Linfo_string244:
	.asciz	"SVC1_IDX_BUTTONS_CHAR"         @ string offset=5783
.Linfo_string245:
	.asciz	"SVC1_IDX_BUTTONS_VAL"          @ string offset=5805
.Linfo_string246:
	.asciz	"SVC1_IDX_BUTTONS_NTF_CFG"      @ string offset=5826
.Linfo_string247:
	.asciz	"SVC1_IDX_BUTTONS_USER_DESC"    @ string offset=5851
.Linfo_string248:
	.asciz	"SVC1_IDX_TIME_CHAR"            @ string offset=5878
.Linfo_string249:
	.asciz	"SVC1_IDX_TIME_VAL"             @ string offset=5897
.Linfo_string250:
	.asciz	"SVC1_IDX_TIME_NTF_CFG"         @ string offset=5915
.Linfo_string251:
	.asciz	"SVC1_IDX_TIME_USER_DESC"       @ string offset=5937
.Linfo_string252:
	.asciz	"SVC1_IDX_TEMPERATURE_CHAR"     @ string offset=5961
.Linfo_string253:
	.asciz	"SVC1_IDX_TEMPERATURE_VAL"      @ string offset=5987
.Linfo_string254:
	.asciz	"SVC1_IDX_TEMPERATURE_NTF_CFG"  @ string offset=6012
.Linfo_string255:
	.asciz	"SVC1_IDX_TEMPERATURE_USER_DESC" @ string offset=6041
.Linfo_string256:
	.asciz	"SVC1_IDX_HUMIDITY_CHAR"        @ string offset=6072
.Linfo_string257:
	.asciz	"SVC1_IDX_HUMIDITY_VAL"         @ string offset=6095
.Linfo_string258:
	.asciz	"SVC1_IDX_HUMIDITY_NTF_CFG"     @ string offset=6117
.Linfo_string259:
	.asciz	"SVC1_IDX_HUMIDITY_USER_DESC"   @ string offset=6143
.Linfo_string260:
	.asciz	"CUSTS1_IDX_NB"                 @ string offset=6171
.Linfo_string261:
	.asciz	"GAPC_CMP_EVT"                  @ string offset=6185
.Linfo_string262:
	.asciz	"GAPC_CONNECTION_REQ_IND"       @ string offset=6198
.Linfo_string263:
	.asciz	"GAPC_CONNECTION_CFM"           @ string offset=6222
.Linfo_string264:
	.asciz	"GAPC_DISCONNECT_IND"           @ string offset=6242
.Linfo_string265:
	.asciz	"GAPC_DISCONNECT_CMD"           @ string offset=6262
.Linfo_string266:
	.asciz	"GAPC_GET_INFO_CMD"             @ string offset=6282
.Linfo_string267:
	.asciz	"GAPC_PEER_ATT_INFO_IND"        @ string offset=6300
.Linfo_string268:
	.asciz	"GAPC_PEER_VERSION_IND"         @ string offset=6323
.Linfo_string269:
	.asciz	"GAPC_PEER_FEATURES_IND"        @ string offset=6345
.Linfo_string270:
	.asciz	"GAPC_CON_RSSI_IND"             @ string offset=6368
.Linfo_string271:
	.asciz	"GAPC_GET_DEV_INFO_REQ_IND"     @ string offset=6386
.Linfo_string272:
	.asciz	"GAPC_GET_DEV_INFO_CFM"         @ string offset=6412
.Linfo_string273:
	.asciz	"GAPC_SET_DEV_INFO_REQ_IND"     @ string offset=6434
.Linfo_string274:
	.asciz	"GAPC_SET_DEV_INFO_CFM"         @ string offset=6460
.Linfo_string275:
	.asciz	"GAPC_PARAM_UPDATE_CMD"         @ string offset=6482
.Linfo_string276:
	.asciz	"GAPC_PARAM_UPDATE_REQ_IND"     @ string offset=6504
.Linfo_string277:
	.asciz	"GAPC_PARAM_UPDATE_CFM"         @ string offset=6530
.Linfo_string278:
	.asciz	"GAPC_PARAM_UPDATED_IND"        @ string offset=6552
.Linfo_string279:
	.asciz	"GAPC_BOND_CMD"                 @ string offset=6575
.Linfo_string280:
	.asciz	"GAPC_BOND_REQ_IND"             @ string offset=6589
.Linfo_string281:
	.asciz	"GAPC_BOND_CFM"                 @ string offset=6607
.Linfo_string282:
	.asciz	"GAPC_BOND_IND"                 @ string offset=6621
.Linfo_string283:
	.asciz	"GAPC_ENCRYPT_CMD"              @ string offset=6635
.Linfo_string284:
	.asciz	"GAPC_ENCRYPT_REQ_IND"          @ string offset=6652
.Linfo_string285:
	.asciz	"GAPC_ENCRYPT_CFM"              @ string offset=6673
.Linfo_string286:
	.asciz	"GAPC_ENCRYPT_IND"              @ string offset=6690
.Linfo_string287:
	.asciz	"GAPC_SECURITY_CMD"             @ string offset=6707
.Linfo_string288:
	.asciz	"GAPC_SECURITY_IND"             @ string offset=6725
.Linfo_string289:
	.asciz	"GAPC_SIGN_COUNTER_IND"         @ string offset=6743
.Linfo_string290:
	.asciz	"GAPC_CON_CHANNEL_MAP_IND"      @ string offset=6765
.Linfo_string291:
	.asciz	"GAPC_LECB_CREATE_CMD"          @ string offset=6790
.Linfo_string292:
	.asciz	"GAPC_LECB_DESTROY_CMD"         @ string offset=6811
.Linfo_string293:
	.asciz	"GAPC_LECB_CONNECT_CMD"         @ string offset=6833
.Linfo_string294:
	.asciz	"GAPC_LECB_CONNECT_REQ_IND"     @ string offset=6855
.Linfo_string295:
	.asciz	"GAPC_LECB_CONNECT_IND"         @ string offset=6881
.Linfo_string296:
	.asciz	"GAPC_LECB_CONNECT_CFM"         @ string offset=6903
.Linfo_string297:
	.asciz	"GAPC_LECB_ADD_CMD"             @ string offset=6925
.Linfo_string298:
	.asciz	"GAPC_LECB_ADD_IND"             @ string offset=6943
.Linfo_string299:
	.asciz	"GAPC_LECB_DISCONNECT_CMD"      @ string offset=6961
.Linfo_string300:
	.asciz	"GAPC_LECB_DISCONNECT_IND"      @ string offset=6986
.Linfo_string301:
	.asciz	"GAPC_SET_LE_PING_TO_CMD"       @ string offset=7011
.Linfo_string302:
	.asciz	"GAPC_LE_PING_TO_VAL_IND"       @ string offset=7035
.Linfo_string303:
	.asciz	"GAPC_LE_PING_TO_IND"           @ string offset=7059
.Linfo_string304:
	.asciz	"GAPC_SET_LE_PKT_SIZE_CMD"      @ string offset=7079
.Linfo_string305:
	.asciz	"GAPC_LE_PKT_SIZE_IND"          @ string offset=7104
.Linfo_string306:
	.asciz	"GAPC_SIGN_CMD"                 @ string offset=7125
.Linfo_string307:
	.asciz	"GAPC_SIGN_IND"                 @ string offset=7139
.Linfo_string308:
	.asciz	"GAPC_PARAM_UPDATE_TO_IND"      @ string offset=7153
.Linfo_string309:
	.asciz	"GAPC_SMP_TIMEOUT_TIMER_IND"    @ string offset=7178
.Linfo_string310:
	.asciz	"GAPC_SMP_REP_ATTEMPTS_TIMER_IND" @ string offset=7205
.Linfo_string311:
	.asciz	"GAPC_LECB_CONN_TO_IND"         @ string offset=7237
.Linfo_string312:
	.asciz	"GAPC_LECB_DISCONN_TO_IND"      @ string offset=7259
.Linfo_string313:
	.asciz	"GAPC_KEYPRESS_NOTIFICATION"    @ string offset=7284
.Linfo_string314:
	.asciz	"GAPC_KEYPRESS_NOTIFICATION_CMD" @ string offset=7311
.Linfo_string315:
	.asciz	"GAPC_KEYPRESS_NOTIFICATION_IND" @ string offset=7342
.Linfo_string316:
	.asciz	"gapc_msg_id"                   @ string offset=7373
.Linfo_string317:
	.asciz	"GATTC_CMP_EVT"                 @ string offset=7385
.Linfo_string318:
	.asciz	"GATTC_EXC_MTU_CMD"             @ string offset=7399
.Linfo_string319:
	.asciz	"GATTC_MTU_CHANGED_IND"         @ string offset=7417
.Linfo_string320:
	.asciz	"GATTC_DISC_CMD"                @ string offset=7439
.Linfo_string321:
	.asciz	"GATTC_DISC_SVC_IND"            @ string offset=7454
.Linfo_string322:
	.asciz	"GATTC_DISC_SVC_INCL_IND"       @ string offset=7473
.Linfo_string323:
	.asciz	"GATTC_DISC_CHAR_IND"           @ string offset=7497
.Linfo_string324:
	.asciz	"GATTC_DISC_CHAR_DESC_IND"      @ string offset=7517
.Linfo_string325:
	.asciz	"GATTC_READ_CMD"                @ string offset=7542
.Linfo_string326:
	.asciz	"GATTC_READ_IND"                @ string offset=7557
.Linfo_string327:
	.asciz	"GATTC_WRITE_CMD"               @ string offset=7572
.Linfo_string328:
	.asciz	"GATTC_EXECUTE_WRITE_CMD"       @ string offset=7588
.Linfo_string329:
	.asciz	"GATTC_EVENT_IND"               @ string offset=7612
.Linfo_string330:
	.asciz	"GATTC_EVENT_REQ_IND"           @ string offset=7628
.Linfo_string331:
	.asciz	"GATTC_EVENT_CFM"               @ string offset=7648
.Linfo_string332:
	.asciz	"GATTC_REG_TO_PEER_EVT_CMD"     @ string offset=7664
.Linfo_string333:
	.asciz	"GATTC_SEND_EVT_CMD"            @ string offset=7690
.Linfo_string334:
	.asciz	"GATTC_SEND_SVC_CHANGED_CMD"    @ string offset=7709
.Linfo_string335:
	.asciz	"GATTC_SVC_CHANGED_CFG_IND"     @ string offset=7736
.Linfo_string336:
	.asciz	"GATTC_READ_REQ_IND"            @ string offset=7762
.Linfo_string337:
	.asciz	"GATTC_READ_CFM"                @ string offset=7781
.Linfo_string338:
	.asciz	"GATTC_WRITE_REQ_IND"           @ string offset=7796
.Linfo_string339:
	.asciz	"GATTC_WRITE_CFM"               @ string offset=7816
.Linfo_string340:
	.asciz	"GATTC_ATT_INFO_REQ_IND"        @ string offset=7832
.Linfo_string341:
	.asciz	"GATTC_ATT_INFO_CFM"            @ string offset=7855
.Linfo_string342:
	.asciz	"GATTC_SDP_SVC_DISC_CMD"        @ string offset=7874
.Linfo_string343:
	.asciz	"GATTC_SDP_SVC_IND"             @ string offset=7897
.Linfo_string344:
	.asciz	"GATTC_TRANSACTION_TO_ERROR_IND" @ string offset=7915
.Linfo_string345:
	.asciz	"GATTC_CLIENT_RTX_IND"          @ string offset=7946
.Linfo_string346:
	.asciz	"GATTC_SERVER_RTX_IND"          @ string offset=7967
.Linfo_string347:
	.asciz	"gattc_msg_id"                  @ string offset=7988
.Linfo_string348:
	.asciz	"GAP_AD_TYPE_FLAGS"             @ string offset=8001
.Linfo_string349:
	.asciz	"GAP_AD_TYPE_MORE_16_BIT_UUID"  @ string offset=8019
.Linfo_string350:
	.asciz	"GAP_AD_TYPE_COMPLETE_LIST_16_BIT_UUID" @ string offset=8048
.Linfo_string351:
	.asciz	"GAP_AD_TYPE_MORE_32_BIT_UUID"  @ string offset=8086
.Linfo_string352:
	.asciz	"GAP_AD_TYPE_COMPLETE_LIST_32_BIT_UUID" @ string offset=8115
.Linfo_string353:
	.asciz	"GAP_AD_TYPE_MORE_128_BIT_UUID" @ string offset=8153
.Linfo_string354:
	.asciz	"GAP_AD_TYPE_COMPLETE_LIST_128_BIT_UUID" @ string offset=8183
.Linfo_string355:
	.asciz	"GAP_AD_TYPE_SHORTENED_NAME"    @ string offset=8222
.Linfo_string356:
	.asciz	"GAP_AD_TYPE_COMPLETE_NAME"     @ string offset=8249
.Linfo_string357:
	.asciz	"GAP_AD_TYPE_TRANSMIT_POWER"    @ string offset=8275
.Linfo_string358:
	.asciz	"GAP_AD_TYPE_CLASS_OF_DEVICE"   @ string offset=8302
.Linfo_string359:
	.asciz	"GAP_AD_TYPE_SP_HASH_C"         @ string offset=8330
.Linfo_string360:
	.asciz	"GAP_AD_TYPE_SP_RANDOMIZER_R"   @ string offset=8352
.Linfo_string361:
	.asciz	"GAP_AD_TYPE_TK_VALUE"          @ string offset=8380
.Linfo_string362:
	.asciz	"GAP_AD_TYPE_OOB_FLAGS"         @ string offset=8401
.Linfo_string363:
	.asciz	"GAP_AD_TYPE_SLAVE_CONN_INT_RANGE" @ string offset=8423
.Linfo_string364:
	.asciz	"GAP_AD_TYPE_RQRD_16_BIT_SVC_UUID" @ string offset=8456
.Linfo_string365:
	.asciz	"GAP_AD_TYPE_RQRD_128_BIT_SVC_UUID" @ string offset=8489
.Linfo_string366:
	.asciz	"GAP_AD_TYPE_SERVICE_16_BIT_DATA" @ string offset=8523
.Linfo_string367:
	.asciz	"GAP_AD_TYPE_PUB_TGT_ADDR"      @ string offset=8555
.Linfo_string368:
	.asciz	"GAP_AD_TYPE_RAND_TGT_ADDR"     @ string offset=8580
.Linfo_string369:
	.asciz	"GAP_AD_TYPE_APPEARANCE"        @ string offset=8606
.Linfo_string370:
	.asciz	"GAP_AD_TYPE_ADV_INTV"          @ string offset=8629
.Linfo_string371:
	.asciz	"GAP_AD_TYPE_LE_BT_ADDR"        @ string offset=8650
.Linfo_string372:
	.asciz	"GAP_AD_TYPE_LE_ROLE"           @ string offset=8673
.Linfo_string373:
	.asciz	"GAP_AD_TYPE_SPAIR_HASH"        @ string offset=8693
.Linfo_string374:
	.asciz	"GAP_AD_TYPE_SPAIR_RAND"        @ string offset=8716
.Linfo_string375:
	.asciz	"GAP_AD_TYPE_RQRD_32_BIT_SVC_UUID" @ string offset=8739
.Linfo_string376:
	.asciz	"GAP_AD_TYPE_SERVICE_32_BIT_DATA" @ string offset=8772
.Linfo_string377:
	.asciz	"GAP_AD_TYPE_SERVICE_128_BIT_DATA" @ string offset=8804
.Linfo_string378:
	.asciz	"GAP_AD_TYPE_LE_SEC_CONN_CFM_VALUE" @ string offset=8837
.Linfo_string379:
	.asciz	"GAP_AD_TYPE_LE_SEC_CONN_RAND_VALUE" @ string offset=8871
.Linfo_string380:
	.asciz	"GAP_AD_TYPE_URI"               @ string offset=8906
.Linfo_string381:
	.asciz	"GAP_AD_TYPE_INDOOR_POSITIONING" @ string offset=8922
.Linfo_string382:
	.asciz	"GAP_AD_TYPE_TRANSPORT_DISC_DATA" @ string offset=8953
.Linfo_string383:
	.asciz	"GAP_AD_TYPE_LE_SUPP_FEATURES"  @ string offset=8985
.Linfo_string384:
	.asciz	"GAP_AD_TYPE_CHNL_MAP_UPD_IND"  @ string offset=9014
.Linfo_string385:
	.asciz	"GAP_AD_TYPE_PB_ADV"            @ string offset=9043
.Linfo_string386:
	.asciz	"GAP_AD_TYPE_MESH_MESSAGE"      @ string offset=9062
.Linfo_string387:
	.asciz	"GAP_AD_TYPE_MESH_BEACON"       @ string offset=9087
.Linfo_string388:
	.asciz	"GAP_AD_TYPE_3D_INFO"           @ string offset=9111
.Linfo_string389:
	.asciz	"GAP_AD_TYPE_MANU_SPECIFIC_DATA" @ string offset=9131
.Linfo_string390:
	.asciz	"gap_ad_type"                   @ string offset=9162
.Linfo_string391:
	.asciz	"conidx"                        @ string offset=9174
.Linfo_string392:
	.asciz	"handle"                        @ string offset=9181
.Linfo_string393:
	.asciz	"length"                        @ string offset=9188
.Linfo_string394:
	.asciz	"value"                         @ string offset=9195
.Linfo_string395:
	.asciz	"custs1_val_write_ind"          @ string offset=9201
.Linfo_string396:
	.asciz	"att_idx"                       @ string offset=9222
.Linfo_string397:
	.asciz	"custs1_att_info_req"           @ string offset=9230
.Linfo_string398:
	.asciz	"con_interval"                  @ string offset=9250
.Linfo_string399:
	.asciz	"con_latency"                   @ string offset=9263
.Linfo_string400:
	.asciz	"sup_to"                        @ string offset=9275
.Linfo_string401:
	.asciz	"gapc_param_updated_ind"        @ string offset=9282
.Linfo_string402:
	.asciz	"custs1_value_req_ind"          @ string offset=9305
.Linfo_string403:
	.asciz	"status"                        @ string offset=9326
.Linfo_string404:
	.asciz	"custs1_value_req_rsp"          @ string offset=9333
.Linfo_string405:
	.asciz	"type"                          @ string offset=9354
.Linfo_string406:
	.asciz	"gattc_event_ind"               @ string offset=9359
.Linfo_string407:
	.asciz	"gattc_event_cfm"               @ string offset=9375
.Linfo_string408:
	.asciz	"int"                           @ string offset=9391
.Linfo_string409:
	.asciz	"mnf_data_init"                 @ string offset=9395
.Linfo_string410:
	.asciz	"app_add_ad_struct"             @ string offset=9409
.Linfo_string411:
	.asciz	"cmd"                           @ string offset=9427
.Linfo_string412:
	.asciz	"op"                            @ string offset=9431
.Linfo_string413:
	.asciz	"code"                          @ string offset=9434
.Linfo_string414:
	.asciz	"addr_src"                      @ string offset=9439
.Linfo_string415:
	.asciz	"state"                         @ string offset=9448
.Linfo_string416:
	.asciz	"gapm_air_operation"            @ string offset=9454
.Linfo_string417:
	.asciz	"channel_map"                   @ string offset=9473
.Linfo_string418:
	.asciz	"info"                          @ string offset=9485
.Linfo_string419:
	.asciz	"host"                          @ string offset=9490
.Linfo_string420:
	.asciz	"mode"                          @ string offset=9495
.Linfo_string421:
	.asciz	"adv_filt_policy"               @ string offset=9500
.Linfo_string422:
	.asciz	"adv_data_len"                  @ string offset=9516
.Linfo_string423:
	.asciz	"adv_data"                      @ string offset=9529
.Linfo_string424:
	.asciz	"scan_rsp_data_len"             @ string offset=9538
.Linfo_string425:
	.asciz	"scan_rsp_data"                 @ string offset=9556
.Linfo_string426:
	.asciz	"peer_info"                     @ string offset=9570
.Linfo_string427:
	.asciz	"addr"                          @ string offset=9580
.Linfo_string428:
	.asciz	"bd_addr"                       @ string offset=9585
.Linfo_string429:
	.asciz	"addr_type"                     @ string offset=9593
.Linfo_string430:
	.asciz	"gap_bdaddr"                    @ string offset=9603
.Linfo_string431:
	.asciz	"gapm_adv_host"                 @ string offset=9614
.Linfo_string432:
	.asciz	"direct"                        @ string offset=9628
.Linfo_string433:
	.asciz	"gapm_adv_info"                 @ string offset=9635
.Linfo_string434:
	.asciz	"gapm_start_advertise_cmd"      @ string offset=9649
.Linfo_string435:
	.asciz	"ad_struct_data"                @ string offset=9674
.Linfo_string436:
	.asciz	"ad_struct_len"                 @ string offset=9689
.Linfo_string437:
	.asciz	"adv_connectable"               @ string offset=9703
.Linfo_string438:
	.asciz	"adv_data_max_size"             @ string offset=9719
.Linfo_string439:
	.asciz	"user_app_init"                 @ string offset=9737
.Linfo_string440:
	.asciz	"user_app_adv_start"            @ string offset=9751
.Linfo_string441:
	.asciz	"user_app_connection"           @ string offset=9770
.Linfo_string442:
	.asciz	"user_app_adv_undirect_complete" @ string offset=9790
.Linfo_string443:
	.asciz	"user_app_disconnect"           @ string offset=9821
.Linfo_string444:
	.asciz	"user_catch_rest_hndl"          @ string offset=9841
.Linfo_string445:
	.asciz	"adv_data_update_timer_cb"      @ string offset=9862
.Linfo_string446:
	.asciz	"param_update_request_timer_cb" @ string offset=9887
.Linfo_string447:
	.asciz	"mnf_data_update"               @ string offset=9917
.Linfo_string448:
	.asciz	"connection_idx"                @ string offset=9933
.Linfo_string449:
	.asciz	"param"                         @ string offset=9948
.Linfo_string450:
	.asciz	"conhdl"                        @ string offset=9954
.Linfo_string451:
	.asciz	"clk_accuracy"                  @ string offset=9961
.Linfo_string452:
	.asciz	"peer_addr_type"                @ string offset=9974
.Linfo_string453:
	.asciz	"peer_addr"                     @ string offset=9989
.Linfo_string454:
	.asciz	"gapc_connection_req_ind"       @ string offset=9999
.Linfo_string455:
	.asciz	"reason"                        @ string offset=10023
.Linfo_string456:
	.asciz	"gapc_disconnect_ind"           @ string offset=10030
.Linfo_string457:
	.asciz	"msgid"                         @ string offset=10050
.Linfo_string458:
	.asciz	"ke_msg_id_t"                   @ string offset=10056
.Linfo_string459:
	.asciz	"dest_id"                       @ string offset=10068
.Linfo_string460:
	.asciz	"ke_task_id_t"                  @ string offset=10076
.Linfo_string461:
	.asciz	"src_id"                        @ string offset=10089
.Linfo_string462:
	.asciz	"ind"                           @ string offset=10096
.Linfo_string463:
	.asciz	"msg_param"                     @ string offset=10100
.Linfo_string464:
	.asciz	"cfm"                           @ string offset=10110
.Linfo_string465:
	.asciz	"rsp"                           @ string offset=10114
.Linfo_string466:
	.asciz	"mnf_data_storage"              @ string offset=10118
.Linfo_string467:
	.asciz	"data"                          @ string offset=10135
	.ident	"Component: Arm Compiler for Embedded 6.23 Tool: armclang [5f103000]"
	.section	".note.GNU-stack","",%progbits
	.eabi_attribute	30, 4	@ Tag_ABI_optimization_goals
	.ARM_attribute	16, 1	@ Tag_AV_eba
	.section	.debug_line,"",%progbits
.Lline_table_start0:
