	.text
	.syntax unified
	.eabi_attribute	67, "2.09"	@ Tag_conformance
	.cpu	cortex-m0plus
	.eabi_attribute	6, 12	@ Tag_CPU_arch
	.eabi_attribute	7, 77	@ Tag_CPU_arch_profile
	.eabi_attribute	8, 0	@ Tag_ARM_ISA_use
	.eabi_attribute	9, 1	@ Tag_THUMB_ISA_use
	.eabi_attribute	34, 0	@ Tag_CPU_unaligned_access
	.eabi_attribute	17, 1	@ Tag_ABI_PCS_GOT_use
	.eabi_attribute	20, 2	@ Tag_ABI_FP_denormal
	.eabi_attribute	21, 0	@ Tag_ABI_FP_exceptions
	.eabi_attribute	23, 1	@ Tag_ABI_FP_number_model
	.eabi_attribute	24, 1	@ Tag_ABI_align_needed
	.eabi_attribute	25, 1	@ Tag_ABI_align_preserved
	.eabi_attribute	38, 1	@ Tag_ABI_FP_16bit_format
	.eabi_attribute	18, 2	@ Tag_ABI_PCS_wchar_t
	.eabi_attribute	26, 1	@ Tag_ABI_enum_size
	.eabi_attribute	14, 0	@ Tag_ABI_PCS_R9_use
	.file	"user_custs1_impl.c"
	.file	1 "C:\\Users\\teodor\\Desktop\\stem\\codeless\\6.0.24.1464\\projects\\target_apps\\ble_examples\\empty_peripheral_template\\Keil_5" "../src/user_custs1_impl.c"
	.file	2 "C:\\Users\\teodor" "AppData\\Local\\Keil_v5\\ARM\\ARMCLANG\\bin\\..\\include\\stdint.h"
	.file	3 "C:\\Users\\teodor\\Desktop\\stem\\codeless\\6.0.24.1464\\projects\\target_apps\\ble_examples\\empty_peripheral_template\\Keil_5" "./../../../../../sdk/app_modules/api\\app_easy_timer.h"
	.file	4 "C:\\Users\\teodor\\Desktop\\stem\\codeless\\6.0.24.1464\\projects\\target_apps\\ble_examples\\empty_peripheral_template\\Keil_5" "./../../../../../sdk/platform/driver/gpio\\gpio.h"
	.file	5 "C:\\Users\\teodor\\Desktop\\stem\\codeless\\6.0.24.1464\\projects\\target_apps\\ble_examples\\empty_peripheral_template\\Keil_5" "./../../../../../sdk/ble_stack/profiles/custom/custs/api\\custs1_task.h"
	.file	6 "C:\\Users\\teodor\\Desktop\\stem\\codeless\\6.0.24.1464\\projects\\target_apps\\ble_examples\\empty_peripheral_template\\Keil_5" "./../../../../../sdk/platform/core_modules/rwip/api\\rwip_config.h"
	.file	7 "C:\\Users\\teodor\\Desktop\\stem\\codeless\\6.0.24.1464\\projects\\target_apps\\ble_examples\\empty_peripheral_template\\Keil_5" "./../src/custom_profile\\user_custs1_def.h"
	.file	8 "C:\\Users\\teodor\\Desktop\\stem\\codeless\\6.0.24.1464\\projects\\target_apps\\ble_examples\\empty_peripheral_template\\Keil_5" "./../../../../../sdk/ble_stack/rwble_hl\\rwble_hl_error.h"
	.hidden	read_buttons                    @ -- Begin function read_buttons
	.globl	read_buttons
	.p2align	2
	.type	read_buttons,%function
	.code	16                              @ @read_buttons
	.thumb_func
read_buttons:
.Lfunc_begin0:
	.loc	1 119 0                         @ ../src/user_custs1_impl.c:119:0
	.fnstart
	.cfi_sections .debug_frame
	.cfi_startproc
@ %bb.0:
	.save	{r4, r5, r7, lr}
	push	{r4, r5, r7, lr}
	.cfi_def_cfa_offset 16
	.cfi_offset lr, -4
	.cfi_offset r7, -8
	.cfi_offset r5, -12
	.cfi_offset r4, -16
.Ltmp0:
	@DEBUG_VALUE: read_buttons:mask <- 0
	movs	r4, #0
	movs	r1, #7
.Ltmp1:
	.loc	1 125 10 prologue_end           @ ../src/user_custs1_impl.c:125:10
	mov	r0, r4
	bl	GPIO_GetPinStatus
.Ltmp2:
	.loc	1 0 10 is_stmt 0                @ ../src/user_custs1_impl.c:0:10
	movs	r5, #1
.Ltmp3:
	.loc	1 125 9                         @ ../src/user_custs1_impl.c:125:9
	eors	r5, r0
.Ltmp4:
	@DEBUG_VALUE: read_buttons:mask <- $r5
	.loc	1 0 9                           @ ../src/user_custs1_impl.c:0:9
	movs	r1, #6
.Ltmp5:
	.loc	1 129 10 is_stmt 1              @ ../src/user_custs1_impl.c:129:10
	mov	r0, r4
	bl	GPIO_GetPinStatus
.Ltmp6:
	.loc	1 129 9 is_stmt 0               @ ../src/user_custs1_impl.c:129:9
	cmp	r0, #0
	bne	.LBB0_2
.Ltmp7:
@ %bb.1:
	@DEBUG_VALUE: read_buttons:mask <- $r5
	.loc	1 0 9                           @ ../src/user_custs1_impl.c:0:9
	adds	r5, r5, #2
.Ltmp8:
.LBB0_2:
	@DEBUG_VALUE: read_buttons:mask <- $r5
	.loc	1 133 20 is_stmt 1              @ ../src/user_custs1_impl.c:133:20
	ldr	r0, __arm_cp.0_0
	strb	r5, [r0, #2]
	.loc	1 134 1 epilogue_begin          @ ../src/user_custs1_impl.c:134:1
	pop	{r4, r5, r7, pc}
.Ltmp9:
	.loc	1 0 1 is_stmt 0                 @ :0:1
.Ltmp10:
	.p2align	2
@ %bb.3:
__arm_cp.0_0:
	.long	.L_MergedGlobals
.Lcpi_end0:
	.size	__arm_cp.0_0, .Lcpi_end0-__arm_cp.0_0
.Lfunc_end0:
	.size	read_buttons, .Lfunc_end0-read_buttons
	.cfi_endproc
	.cantunwind
	.fnend
                                        @ -- End function
	.hidden	tick_timer_cb                   @ -- Begin function tick_timer_cb
	.globl	tick_timer_cb
	.p2align	2
	.type	tick_timer_cb,%function
	.code	16                              @ @tick_timer_cb
	.thumb_func
tick_timer_cb:
.Lfunc_begin1:
	.loc	1 149 0 is_stmt 1               @ ../src/user_custs1_impl.c:149:0
	.fnstart
	.cfi_startproc
@ %bb.0:
	.save	{r4, r5, r6, r7, lr}
	push	{r4, r5, r6, r7, lr}
	.cfi_def_cfa_offset 20
	.cfi_offset lr, -4
	.cfi_offset r7, -8
	.cfi_offset r6, -12
	.cfi_offset r5, -16
	.cfi_offset r4, -20
	.pad	#20
	sub	sp, #20
	.cfi_def_cfa_offset 40
.Ltmp11:
	.loc	1 152 18 prologue_end           @ ../src/user_custs1_impl.c:152:18
	ldr	r6, __arm_cp.1_0
	movs	r7, #0
	strb	r7, [r6, #6]
	.loc	1 155 12                        @ ../src/user_custs1_impl.c:155:12
	ldr	r0, [r6, #16]
	adds	r0, r0, #1
	str	r0, [r6, #16]
.Ltmp12:
	.loc	1 156 9                         @ ../src/user_custs1_impl.c:156:9
	ldr	r0, [r6, #16]
	ldr	r1, __arm_cp.1_1
.Ltmp13:
	.loc	1 156 9 is_stmt 0               @ ../src/user_custs1_impl.c:156:9
	cmp	r0, r1
	blo	.LBB1_2
@ %bb.1:
.Ltmp14:
	.loc	1 157 17 is_stmt 1              @ ../src/user_custs1_impl.c:157:17
	str	r7, [r6, #16]
.Ltmp15:
.LBB1_2:
	.loc	1 160 18                        @ ../src/user_custs1_impl.c:160:18
	ldr	r4, [r6, #16]
.Ltmp16:
	@DEBUG_VALUE: tick_timer_cb:t <- $r4
	.loc	1 0 18 is_stmt 0                @ ../src/user_custs1_impl.c:0:18
	movs	r5, #60
	.loc	1 162 20 is_stmt 1              @ ../src/user_custs1_impl.c:162:20
	mov	r0, r4
	mov	r1, r5
	bl	__aeabi_uidiv
.Ltmp17:
	.loc	1 161 19                        @ ../src/user_custs1_impl.c:161:19
	mov	r1, r5
	muls	r1, r0, r1
	subs	r1, r4, r1
	.loc	1 161 15 is_stmt 0              @ ../src/user_custs1_impl.c:161:15
	strb	r1, [r6, #5]
	.loc	1 162 26 is_stmt 1              @ ../src/user_custs1_impl.c:162:26
	mov	r1, r5
	bl	__aeabi_uidivmod
.Ltmp18:
	.loc	1 162 15 is_stmt 0              @ ../src/user_custs1_impl.c:162:15
	strb	r1, [r6, #4]
	movs	r0, #225
	lsls	r1, r0, #4
	.loc	1 163 20 is_stmt 1              @ ../src/user_custs1_impl.c:163:20
	mov	r0, r4
	bl	__aeabi_uidiv
.Ltmp19:
	.loc	1 0 20 is_stmt 0                @ ../src/user_custs1_impl.c:0:20
	movs	r1, #24
	.loc	1 163 28                        @ ../src/user_custs1_impl.c:163:28
	bl	__aeabi_uidivmod
.Ltmp20:
	.loc	1 163 15                        @ ../src/user_custs1_impl.c:163:15
	strb	r1, [r6, #3]
	.loc	1 166 5 is_stmt 1               @ ../src/user_custs1_impl.c:166:5
	bl	read_buttons
.Ltmp21:
	.loc	1 170 9                         @ ../src/user_custs1_impl.c:170:9
	ldrb	r0, [r6, #11]
.Ltmp22:
	.loc	1 170 9 is_stmt 0               @ ../src/user_custs1_impl.c:170:9
	cmp	r0, #1
	bne	.LBB1_7
.Ltmp23:
@ %bb.3:
	@DEBUG_VALUE: tick_timer_cb:t <- $r4
	.loc	1 172 13 is_stmt 1              @ ../src/user_custs1_impl.c:172:13
	ldrb	r0, [r6, #8]
.Ltmp24:
	.loc	1 172 13 is_stmt 0              @ ../src/user_custs1_impl.c:172:13
	cmp	r0, #1
	bne	.LBB1_6
.Ltmp25:
@ %bb.4:
	@DEBUG_VALUE: tick_timer_cb:t <- $r4
	.loc	1 0 13                          @ ../src/user_custs1_impl.c:0:13
	add	r0, sp, #16
.Ltmp26:
	.loc	1 174 22 is_stmt 1              @ ../src/user_custs1_impl.c:174:22
	strh	r7, [r0]
	add	r1, sp, #12
	.loc	1 175 22                        @ ../src/user_custs1_impl.c:175:22
	strh	r7, [r1]
.Ltmp27:
	.loc	1 176 17                        @ ../src/user_custs1_impl.c:176:17
	bl	aht20_read
.Ltmp28:
	.loc	1 176 17 is_stmt 0              @ ../src/user_custs1_impl.c:176:17
	cmp	r0, #0
	beq	.LBB1_6
.Ltmp29:
@ %bb.5:
	@DEBUG_VALUE: tick_timer_cb:t <- $r4
	.loc	1 178 37 is_stmt 1              @ ../src/user_custs1_impl.c:178:37
	ldr	r7, [sp, #16]
	.loc	1 178 35 is_stmt 0              @ ../src/user_custs1_impl.c:178:35
	strh	r7, [r6, #12]
	.loc	1 179 37 is_stmt 1              @ ../src/user_custs1_impl.c:179:37
	ldr	r4, [sp, #12]
.Ltmp30:
	.loc	1 179 35 is_stmt 0              @ ../src/user_custs1_impl.c:179:35
	strh	r4, [r6, #14]
	.loc	1 181 38 is_stmt 1              @ ../src/user_custs1_impl.c:181:38
	sxth	r0, r7
	movs	r5, #10
	mov	r1, r5
	bl	__aeabi_idiv
.Ltmp31:
	str	r0, [sp, #8]                    @ 4-byte Spill
.Ltmp32:
	@DEBUG_VALUE: t_dec <- undef
	.loc	1 185 47                        @ ../src/user_custs1_impl.c:185:47
	uxth	r0, r4
	mov	r1, r5
	bl	__aeabi_uidiv
.Ltmp33:
	mov	r3, r0
	.loc	1 185 57 is_stmt 0              @ ../src/user_custs1_impl.c:185:57
	mov	r0, r5
	muls	r0, r3, r0
	subs	r0, r4, r0
	uxth	r0, r0
	.loc	1 184 17 is_stmt 1              @ ../src/user_custs1_impl.c:184:17
	str	r0, [sp]
	ldr	r4, [sp, #8]                    @ 4-byte Reload
	.loc	1 182 38                        @ ../src/user_custs1_impl.c:182:38
	muls	r5, r4, r5
	subs	r0, r7, r5
.Ltmp34:
	@DEBUG_VALUE: t_dec <- [DW_OP_LLVM_convert 16 5, DW_OP_LLVM_convert 32 5, DW_OP_LLVM_convert 32 7, DW_OP_LLVM_convert 16 7, DW_OP_stack_value] $r0
	.loc	1 183 21                        @ ../src/user_custs1_impl.c:183:21
	sxth	r0, r0
.Ltmp35:
	asrs	r1, r0, #31
	eors	r0, r1
	subs	r2, r0, r1
	.loc	1 181 38                        @ ../src/user_custs1_impl.c:181:38
	sxth	r1, r4
.Ltmp36:
	@DEBUG_VALUE: t_int <- [DW_OP_LLVM_convert 32 7, DW_OP_LLVM_convert 16 7, DW_OP_stack_value] $r1
	.loc	1 184 17                        @ ../src/user_custs1_impl.c:184:17
	adr	r0, .LCPI1_2
	bl	arch_printf
.Ltmp37:
.LBB1_6:
	.loc	1 189 9                         @ ../src/user_custs1_impl.c:189:9
	bl	aht20_trigger_measurement
.Ltmp38:
	.loc	1 0 9 is_stmt 0                 @ ../src/user_custs1_impl.c:0:9
	movs	r0, #1
	.loc	1 190 23 is_stmt 1              @ ../src/user_custs1_impl.c:190:23
	strb	r0, [r6, #8]
.Ltmp39:
.LBB1_7:
	.loc	1 194 9                         @ ../src/user_custs1_impl.c:194:9
	ldrb	r0, [r6, #9]
	.loc	1 194 28 is_stmt 0              @ ../src/user_custs1_impl.c:194:28
	cmp	r0, #1
	bne	.LBB1_11
@ %bb.8:
	.loc	1 194 31                        @ ../src/user_custs1_impl.c:194:31
	ldrb	r0, [r6, #7]
	.loc	1 194 43                        @ ../src/user_custs1_impl.c:194:43
	cmp	r0, #1
	bne	.LBB1_11
@ %bb.9:
	.loc	1 194 46                        @ ../src/user_custs1_impl.c:194:46
	ldrb	r0, [r6, #11]
.Ltmp40:
	.loc	1 194 9                         @ ../src/user_custs1_impl.c:194:9
	cmp	r0, #1
	bne	.LBB1_11
@ %bb.10:
	.loc	1 0 9                           @ ../src/user_custs1_impl.c:0:9
	movs	r0, #253
.Ltmp41:
	.loc	1 196 46 is_stmt 1              @ ../src/user_custs1_impl.c:196:46
	bl	prf_get_task_from_id
.Ltmp42:
	mov	r1, r0
	ldr	r0, __arm_cp.1_3
	movs	r2, #4
	movs	r3, #8
	bl	ke_msg_alloc
.Ltmp43:
	@DEBUG_VALUE: req <- $r0
	.loc	1 0 46 is_stmt 0                @ ../src/user_custs1_impl.c:0:46
	movs	r1, #2
	.loc	1 203 27 is_stmt 1              @ ../src/user_custs1_impl.c:203:27
	strh	r1, [r0, #4]
	movs	r1, #16
	.loc	1 202 27                        @ ../src/user_custs1_impl.c:202:27
	strh	r1, [r0, #2]
	movs	r1, #1
	.loc	1 204 27                        @ ../src/user_custs1_impl.c:204:27
	strb	r1, [r0, #1]
	.loc	1 206 21                        @ ../src/user_custs1_impl.c:206:21
	ldrh	r1, [r6, #12]
.Ltmp44:
	@DEBUG_VALUE: t <- $r1
	.loc	1 208 23                        @ ../src/user_custs1_impl.c:208:23
	strh	r1, [r0, #6]
	.loc	1 210 9                         @ ../src/user_custs1_impl.c:210:9
	bl	ke_msg_send
.Ltmp45:
.LBB1_11:
	.loc	1 214 9                         @ ../src/user_custs1_impl.c:214:9
	ldrb	r0, [r6, #10]
	.loc	1 214 27 is_stmt 0              @ ../src/user_custs1_impl.c:214:27
	cmp	r0, #1
	bne	.LBB1_15
@ %bb.12:
	.loc	1 214 30                        @ ../src/user_custs1_impl.c:214:30
	ldrb	r0, [r6, #7]
	.loc	1 214 42                        @ ../src/user_custs1_impl.c:214:42
	cmp	r0, #1
	bne	.LBB1_15
@ %bb.13:
	.loc	1 214 45                        @ ../src/user_custs1_impl.c:214:45
	ldrb	r0, [r6, #11]
.Ltmp46:
	.loc	1 214 9                         @ ../src/user_custs1_impl.c:214:9
	cmp	r0, #1
	bne	.LBB1_15
@ %bb.14:
	.loc	1 0 9                           @ ../src/user_custs1_impl.c:0:9
	movs	r0, #253
.Ltmp47:
	.loc	1 216 46 is_stmt 1              @ ../src/user_custs1_impl.c:216:46
	bl	prf_get_task_from_id
.Ltmp48:
	mov	r1, r0
	ldr	r0, __arm_cp.1_3
	movs	r2, #4
	movs	r3, #8
	bl	ke_msg_alloc
.Ltmp49:
	@DEBUG_VALUE: req <- $r0
	.loc	1 0 46 is_stmt 0                @ ../src/user_custs1_impl.c:0:46
	movs	r1, #2
	.loc	1 223 27 is_stmt 1              @ ../src/user_custs1_impl.c:223:27
	strh	r1, [r0, #4]
	movs	r1, #20
	.loc	1 222 27                        @ ../src/user_custs1_impl.c:222:27
	strh	r1, [r0, #2]
	movs	r1, #1
	.loc	1 224 27                        @ ../src/user_custs1_impl.c:224:27
	strb	r1, [r0, #1]
	.loc	1 226 22                        @ ../src/user_custs1_impl.c:226:22
	ldrh	r1, [r6, #14]
.Ltmp50:
	@DEBUG_VALUE: h <- $r1
	.loc	1 228 23                        @ ../src/user_custs1_impl.c:228:23
	strh	r1, [r0, #6]
	.loc	1 230 9                         @ ../src/user_custs1_impl.c:230:9
	bl	ke_msg_send
.Ltmp51:
.LBB1_15:
	.loc	1 235 9                         @ ../src/user_custs1_impl.c:235:9
	ldrb	r0, [r6, #1]
	.loc	1 235 28 is_stmt 0              @ ../src/user_custs1_impl.c:235:28
	cmp	r0, #1
	bne	.LBB1_18
@ %bb.16:
	.loc	1 235 31                        @ ../src/user_custs1_impl.c:235:31
	ldrb	r0, [r6, #7]
.Ltmp52:
	.loc	1 235 9                         @ ../src/user_custs1_impl.c:235:9
	cmp	r0, #1
	bne	.LBB1_18
@ %bb.17:
	.loc	1 0 9                           @ ../src/user_custs1_impl.c:0:9
	movs	r0, #253
.Ltmp53:
	.loc	1 243 46 is_stmt 1              @ ../src/user_custs1_impl.c:243:46
	bl	prf_get_task_from_id
.Ltmp54:
	mov	r1, r0
	ldr	r0, __arm_cp.1_3
	movs	r2, #4
	movs	r3, #14
	bl	ke_msg_alloc
.Ltmp55:
	mov	r4, r0
.Ltmp56:
	@DEBUG_VALUE: req <- $r4
	.loc	1 0 46 is_stmt 0                @ ../src/user_custs1_impl.c:0:46
	movs	r0, #12
	.loc	1 249 27 is_stmt 1              @ ../src/user_custs1_impl.c:249:27
	strh	r0, [r4, #2]
	movs	r0, #1
	.loc	1 251 27                        @ ../src/user_custs1_impl.c:251:27
	strb	r0, [r4, #1]
	movs	r0, #8
	.loc	1 250 27                        @ ../src/user_custs1_impl.c:250:27
	strh	r0, [r4, #4]
	movs	r0, #58
	.loc	1 257 23                        @ ../src/user_custs1_impl.c:257:23
	strb	r0, [r4, #8]
	.loc	1 260 23                        @ ../src/user_custs1_impl.c:260:23
	strb	r0, [r4, #11]
	.loc	1 255 32                        @ ../src/user_custs1_impl.c:255:32
	ldrb	r0, [r6, #3]
	movs	r5, #10
	.loc	1 255 42 is_stmt 0              @ ../src/user_custs1_impl.c:255:42
	mov	r1, r5
	bl	__aeabi_uidiv
.Ltmp57:
	.loc	1 255 29                        @ ../src/user_custs1_impl.c:255:29
	adds	r0, #48
	.loc	1 255 23                        @ ../src/user_custs1_impl.c:255:23
	strb	r0, [r4, #6]
	.loc	1 256 32 is_stmt 1              @ ../src/user_custs1_impl.c:256:32
	ldrb	r0, [r6, #3]
	.loc	1 256 42 is_stmt 0              @ ../src/user_custs1_impl.c:256:42
	mov	r1, r5
	bl	__aeabi_uidivmod
.Ltmp58:
	.loc	1 0 42                          @ ../src/user_custs1_impl.c:0:42
	movs	r7, #48
	.loc	1 256 29                        @ ../src/user_custs1_impl.c:256:29
	orrs	r1, r7
	.loc	1 256 23                        @ ../src/user_custs1_impl.c:256:23
	strb	r1, [r4, #7]
	.loc	1 258 32 is_stmt 1              @ ../src/user_custs1_impl.c:258:32
	ldrb	r0, [r6, #4]
	.loc	1 258 42 is_stmt 0              @ ../src/user_custs1_impl.c:258:42
	mov	r1, r5
	bl	__aeabi_uidiv
.Ltmp59:
	.loc	1 258 29                        @ ../src/user_custs1_impl.c:258:29
	adds	r0, #48
	.loc	1 258 23                        @ ../src/user_custs1_impl.c:258:23
	strb	r0, [r4, #9]
	.loc	1 259 32 is_stmt 1              @ ../src/user_custs1_impl.c:259:32
	ldrb	r0, [r6, #4]
	.loc	1 259 42 is_stmt 0              @ ../src/user_custs1_impl.c:259:42
	mov	r1, r5
	bl	__aeabi_uidivmod
.Ltmp60:
	.loc	1 259 29                        @ ../src/user_custs1_impl.c:259:29
	orrs	r1, r7
	.loc	1 259 23                        @ ../src/user_custs1_impl.c:259:23
	strb	r1, [r4, #10]
	.loc	1 261 32 is_stmt 1              @ ../src/user_custs1_impl.c:261:32
	ldrb	r0, [r6, #5]
	.loc	1 261 42 is_stmt 0              @ ../src/user_custs1_impl.c:261:42
	mov	r1, r5
	bl	__aeabi_uidiv
.Ltmp61:
	.loc	1 261 29                        @ ../src/user_custs1_impl.c:261:29
	adds	r0, #48
	.loc	1 261 23                        @ ../src/user_custs1_impl.c:261:23
	strb	r0, [r4, #12]
	.loc	1 262 32 is_stmt 1              @ ../src/user_custs1_impl.c:262:32
	ldrb	r0, [r6, #5]
	.loc	1 262 42 is_stmt 0              @ ../src/user_custs1_impl.c:262:42
	mov	r1, r5
	bl	__aeabi_uidivmod
.Ltmp62:
	.loc	1 262 29                        @ ../src/user_custs1_impl.c:262:29
	orrs	r1, r7
	.loc	1 262 23                        @ ../src/user_custs1_impl.c:262:23
	strb	r1, [r4, #13]
	.loc	1 264 9 is_stmt 1               @ ../src/user_custs1_impl.c:264:9
	mov	r0, r4
	bl	ke_msg_send
.Ltmp63:
.LBB1_18:
	.loc	1 269 9                         @ ../src/user_custs1_impl.c:269:9
	ldrb	r0, [r6]
	.loc	1 269 31 is_stmt 0              @ ../src/user_custs1_impl.c:269:31
	cmp	r0, #1
	bne	.LBB1_21
@ %bb.19:
	.loc	1 269 34                        @ ../src/user_custs1_impl.c:269:34
	ldrb	r0, [r6, #7]
.Ltmp64:
	.loc	1 269 9                         @ ../src/user_custs1_impl.c:269:9
	cmp	r0, #1
	bne	.LBB1_21
@ %bb.20:
	.loc	1 0 9                           @ ../src/user_custs1_impl.c:0:9
	movs	r0, #253
.Ltmp65:
	.loc	1 271 46 is_stmt 1              @ ../src/user_custs1_impl.c:271:46
	bl	prf_get_task_from_id
.Ltmp66:
	mov	r1, r0
	ldr	r0, __arm_cp.1_3
	movs	r2, #4
	movs	r3, #7
	bl	ke_msg_alloc
.Ltmp67:
	@DEBUG_VALUE: req <- $r0
	.loc	1 0 46 is_stmt 0                @ ../src/user_custs1_impl.c:0:46
	movs	r1, #8
	.loc	1 277 27 is_stmt 1              @ ../src/user_custs1_impl.c:277:27
	strh	r1, [r0, #2]
	movs	r1, #1
	.loc	1 279 27                        @ ../src/user_custs1_impl.c:279:27
	strb	r1, [r0, #1]
	.loc	1 278 27                        @ ../src/user_custs1_impl.c:278:27
	strh	r1, [r0, #4]
	.loc	1 280 38                        @ ../src/user_custs1_impl.c:280:38
	ldrb	r1, [r6, #2]
	.loc	1 280 27 is_stmt 0              @ ../src/user_custs1_impl.c:280:27
	strb	r1, [r0, #6]
	.loc	1 282 9 is_stmt 1               @ ../src/user_custs1_impl.c:282:9
	bl	ke_msg_send
.Ltmp68:
.LBB1_21:
	.loc	1 0 9 is_stmt 0                 @ ../src/user_custs1_impl.c:0:9
	movs	r0, #100
	.loc	1 288 20 is_stmt 1              @ ../src/user_custs1_impl.c:288:20
	ldr	r1, __arm_cp.1_4
	bl	app_easy_timer
.Ltmp69:
	.loc	1 288 18 is_stmt 0              @ ../src/user_custs1_impl.c:288:18
	strb	r0, [r6, #6]
	.loc	1 289 1 epilogue_begin is_stmt 1 @ ../src/user_custs1_impl.c:289:1
	add	sp, #20
	pop	{r4, r5, r6, r7, pc}
.Ltmp70:
	.loc	1 0 1 is_stmt 0                 @ :0:1
.Ltmp71:
	.p2align	2
@ %bb.22:
__arm_cp.1_0:
	.long	.L_MergedGlobals
.Lcpi_end1:
	.size	__arm_cp.1_0, .Lcpi_end1-__arm_cp.1_0
__arm_cp.1_1:
	.long	86400                           @ 0x15180
.Lcpi_end2:
	.size	__arm_cp.1_1, .Lcpi_end2-__arm_cp.1_1
.LCPI1_2:
.L.str:
	.asciz	"[AHT20] T=%d.%d C  H=%d.%d\r\n\000\000\000"
__arm_cp.1_3:
	.long	64774                           @ 0xfd06
.Lcpi_end3:
	.size	__arm_cp.1_3, .Lcpi_end3-__arm_cp.1_3
__arm_cp.1_4:
	.long	tick_timer_cb
.Lcpi_end4:
	.size	__arm_cp.1_4, .Lcpi_end4-__arm_cp.1_4
.Lfunc_end1:
	.size	tick_timer_cb, .Lfunc_end1-tick_timer_cb
	.cfi_endproc
	.cantunwind
	.fnend
                                        @ -- End function
	.hidden	start_tick_timer                @ -- Begin function start_tick_timer
	.globl	start_tick_timer
	.p2align	2
	.type	start_tick_timer,%function
	.code	16                              @ @start_tick_timer
	.thumb_func
start_tick_timer:
.Lfunc_begin2:
	.loc	1 300 0 is_stmt 1               @ ../src/user_custs1_impl.c:300:0
	.fnstart
	.cfi_startproc
@ %bb.0:
	.save	{r4, lr}
	push	{r4, lr}
	.cfi_def_cfa_offset 8
	.cfi_offset lr, -4
	.cfi_offset r4, -8
.Ltmp72:
	.loc	1 302 9 prologue_end            @ ../src/user_custs1_impl.c:302:9
	ldr	r4, __arm_cp.2_0
	ldrb	r0, [r4, #6]
.Ltmp73:
	.loc	1 302 9 is_stmt 0               @ ../src/user_custs1_impl.c:302:9
	cmp	r0, #0
	beq	.LBB2_2
@ %bb.1:
.Ltmp74:
	.loc	1 304 31 is_stmt 1              @ ../src/user_custs1_impl.c:304:31
	ldrb	r0, [r4, #6]
	.loc	1 304 9 is_stmt 0               @ ../src/user_custs1_impl.c:304:9
	bl	app_easy_timer_cancel
.Ltmp75:
.LBB2_2:
	.loc	1 0 9                           @ ../src/user_custs1_impl.c:0:9
	movs	r0, #100
	.loc	1 307 20 is_stmt 1              @ ../src/user_custs1_impl.c:307:20
	ldr	r1, __arm_cp.2_1
	bl	app_easy_timer
.Ltmp76:
	.loc	1 307 18 is_stmt 0              @ ../src/user_custs1_impl.c:307:18
	strb	r0, [r4, #6]
	.loc	1 308 1 epilogue_begin is_stmt 1 @ ../src/user_custs1_impl.c:308:1
	pop	{r4, pc}
.Ltmp77:
	.loc	1 0 1 is_stmt 0                 @ :0:1
.Ltmp78:
	.p2align	2
@ %bb.3:
__arm_cp.2_0:
	.long	.L_MergedGlobals
.Lcpi_end5:
	.size	__arm_cp.2_0, .Lcpi_end5-__arm_cp.2_0
__arm_cp.2_1:
	.long	tick_timer_cb
.Lcpi_end6:
	.size	__arm_cp.2_1, .Lcpi_end6-__arm_cp.2_1
.Lfunc_end2:
	.size	start_tick_timer, .Lfunc_end2-start_tick_timer
	.cfi_endproc
	.cantunwind
	.fnend
                                        @ -- End function
	.hidden	user_custs1_init_defaults       @ -- Begin function user_custs1_init_defaults
	.globl	user_custs1_init_defaults
	.p2align	2
	.type	user_custs1_init_defaults,%function
	.code	16                              @ @user_custs1_init_defaults
	.thumb_func
user_custs1_init_defaults:
.Lfunc_begin3:
	.fnstart
	.cfi_startproc
@ %bb.0:
	.loc	1 318 27 prologue_end is_stmt 1 @ ../src/user_custs1_impl.c:318:27
	ldr	r0, __arm_cp.3_0
	movs	r1, #0
	strb	r1, [r0]
	.loc	1 319 27                        @ ../src/user_custs1_impl.c:319:27
	strb	r1, [r0, #1]
	.loc	1 320 27                        @ ../src/user_custs1_impl.c:320:27
	strb	r1, [r0, #9]
	.loc	1 321 27                        @ ../src/user_custs1_impl.c:321:27
	strb	r1, [r0, #10]
	.loc	1 322 27                        @ ../src/user_custs1_impl.c:322:27
	str	r1, [r0, #16]
	.loc	1 323 1                         @ ../src/user_custs1_impl.c:323:1
	bx	lr
.Ltmp79:
	.loc	1 0 1 is_stmt 0                 @ :0:1
.Ltmp80:
	.p2align	2
@ %bb.1:
__arm_cp.3_0:
	.long	.L_MergedGlobals
.Lcpi_end7:
	.size	__arm_cp.3_0, .Lcpi_end7-__arm_cp.3_0
.Lfunc_end3:
	.size	user_custs1_init_defaults, .Lfunc_end3-user_custs1_init_defaults
	.cfi_endproc
	.cantunwind
	.fnend
                                        @ -- End function
	.hidden	user_svc1_outputs_wr_ind_handler @ -- Begin function user_svc1_outputs_wr_ind_handler
	.globl	user_svc1_outputs_wr_ind_handler
	.p2align	2
	.type	user_svc1_outputs_wr_ind_handler,%function
	.code	16                              @ @user_svc1_outputs_wr_ind_handler
	.thumb_func
user_svc1_outputs_wr_ind_handler:
.Lfunc_begin4:
	.loc	1 342 0 is_stmt 1               @ ../src/user_custs1_impl.c:342:0
	.fnstart
	.cfi_startproc
@ %bb.0:
	@DEBUG_VALUE: user_svc1_outputs_wr_ind_handler:msgid <- $r0
	@DEBUG_VALUE: user_svc1_outputs_wr_ind_handler:param <- $r1
	@DEBUG_VALUE: user_svc1_outputs_wr_ind_handler:dest_id <- $r2
	@DEBUG_VALUE: user_svc1_outputs_wr_ind_handler:src_id <- $r3
	.save	{r4, r5, r6, lr}
	push	{r4, r5, r6, lr}
	.cfi_def_cfa_offset 16
	.cfi_offset lr, -4
	.cfi_offset r6, -8
	.cfi_offset r5, -12
	.cfi_offset r4, -16
.Ltmp81:
	.loc	1 344 20 prologue_end           @ ../src/user_custs1_impl.c:344:20
	ldrb	r4, [r1, #6]
.Ltmp82:
	@DEBUG_VALUE: user_svc1_outputs_wr_ind_handler:mask <- $r4
	.loc	1 346 20                        @ ../src/user_custs1_impl.c:346:20
	ldr	r0, __arm_cp.4_0
.Ltmp83:
	@DEBUG_VALUE: user_svc1_outputs_wr_ind_handler:msgid <- [DW_OP_LLVM_entry_value 1] $r0
	strb	r4, [r0]
	movs	r5, #1
	movs	r0, #0
	movs	r1, #3
.Ltmp84:
	@DEBUG_VALUE: user_svc1_outputs_wr_ind_handler:param <- [DW_OP_LLVM_entry_value 1] $r1
	.loc	1 350 14                        @ ../src/user_custs1_impl.c:350:14
	ands	r5, r4
.Ltmp85:
	.loc	1 350 9 is_stmt 0               @ ../src/user_custs1_impl.c:350:9
	bne	.LBB4_2
.Ltmp86:
@ %bb.1:
	@DEBUG_VALUE: user_svc1_outputs_wr_ind_handler:param <- [DW_OP_LLVM_entry_value 1] $r1
	@DEBUG_VALUE: user_svc1_outputs_wr_ind_handler:msgid <- [DW_OP_LLVM_entry_value 1] $r0
	@DEBUG_VALUE: user_svc1_outputs_wr_ind_handler:mask <- $r4
	@DEBUG_VALUE: user_svc1_outputs_wr_ind_handler:src_id <- $r3
	@DEBUG_VALUE: user_svc1_outputs_wr_ind_handler:dest_id <- $r2
	.loc	1 353 9 is_stmt 1               @ ../src/user_custs1_impl.c:353:9
	bl	GPIO_SetInactive
.Ltmp87:
	@DEBUG_VALUE: user_svc1_outputs_wr_ind_handler:src_id <- [DW_OP_LLVM_entry_value 1] $r3
	@DEBUG_VALUE: user_svc1_outputs_wr_ind_handler:dest_id <- [DW_OP_LLVM_entry_value 1] $r2
	.loc	1 0 9 is_stmt 0                 @ ../src/user_custs1_impl.c:0:9
	b	.LBB4_3
.Ltmp88:
.LBB4_2:
	@DEBUG_VALUE: user_svc1_outputs_wr_ind_handler:param <- [DW_OP_LLVM_entry_value 1] $r1
	@DEBUG_VALUE: user_svc1_outputs_wr_ind_handler:msgid <- [DW_OP_LLVM_entry_value 1] $r0
	@DEBUG_VALUE: user_svc1_outputs_wr_ind_handler:mask <- $r4
	@DEBUG_VALUE: user_svc1_outputs_wr_ind_handler:src_id <- $r3
	@DEBUG_VALUE: user_svc1_outputs_wr_ind_handler:dest_id <- $r2
	.loc	1 351 9 is_stmt 1               @ ../src/user_custs1_impl.c:351:9
	bl	GPIO_SetActive
.Ltmp89:
	@DEBUG_VALUE: user_svc1_outputs_wr_ind_handler:src_id <- [DW_OP_LLVM_entry_value 1] $r3
	@DEBUG_VALUE: user_svc1_outputs_wr_ind_handler:dest_id <- [DW_OP_LLVM_entry_value 1] $r2
.LBB4_3:
	@DEBUG_VALUE: user_svc1_outputs_wr_ind_handler:src_id <- [DW_OP_LLVM_entry_value 1] $r3
	@DEBUG_VALUE: user_svc1_outputs_wr_ind_handler:dest_id <- [DW_OP_LLVM_entry_value 1] $r2
	@DEBUG_VALUE: user_svc1_outputs_wr_ind_handler:param <- [DW_OP_LLVM_entry_value 1] $r1
	@DEBUG_VALUE: user_svc1_outputs_wr_ind_handler:msgid <- [DW_OP_LLVM_entry_value 1] $r0
	@DEBUG_VALUE: user_svc1_outputs_wr_ind_handler:mask <- $r4
	.loc	1 0 9 is_stmt 0                 @ ../src/user_custs1_impl.c:0:9
	movs	r6, #2
	movs	r0, #0
	movs	r1, #11
.Ltmp90:
	.loc	1 356 14 is_stmt 1              @ ../src/user_custs1_impl.c:356:14
	ands	r6, r4
.Ltmp91:
	.loc	1 356 9 is_stmt 0               @ ../src/user_custs1_impl.c:356:9
	bne	.LBB4_5
.Ltmp92:
@ %bb.4:
	@DEBUG_VALUE: user_svc1_outputs_wr_ind_handler:src_id <- [DW_OP_LLVM_entry_value 1] $r3
	@DEBUG_VALUE: user_svc1_outputs_wr_ind_handler:dest_id <- [DW_OP_LLVM_entry_value 1] $r2
	@DEBUG_VALUE: user_svc1_outputs_wr_ind_handler:param <- [DW_OP_LLVM_entry_value 1] $r1
	@DEBUG_VALUE: user_svc1_outputs_wr_ind_handler:msgid <- [DW_OP_LLVM_entry_value 1] $r0
	@DEBUG_VALUE: user_svc1_outputs_wr_ind_handler:mask <- $r4
	.loc	1 359 9 is_stmt 1               @ ../src/user_custs1_impl.c:359:9
	bl	GPIO_SetInactive
.Ltmp93:
	.loc	1 0 9 is_stmt 0                 @ ../src/user_custs1_impl.c:0:9
	b	.LBB4_6
.Ltmp94:
.LBB4_5:
	@DEBUG_VALUE: user_svc1_outputs_wr_ind_handler:src_id <- [DW_OP_LLVM_entry_value 1] $r3
	@DEBUG_VALUE: user_svc1_outputs_wr_ind_handler:dest_id <- [DW_OP_LLVM_entry_value 1] $r2
	@DEBUG_VALUE: user_svc1_outputs_wr_ind_handler:param <- [DW_OP_LLVM_entry_value 1] $r1
	@DEBUG_VALUE: user_svc1_outputs_wr_ind_handler:msgid <- [DW_OP_LLVM_entry_value 1] $r0
	@DEBUG_VALUE: user_svc1_outputs_wr_ind_handler:mask <- $r4
	.loc	1 357 9 is_stmt 1               @ ../src/user_custs1_impl.c:357:9
	bl	GPIO_SetActive
.Ltmp95:
.LBB4_6:
	@DEBUG_VALUE: user_svc1_outputs_wr_ind_handler:src_id <- [DW_OP_LLVM_entry_value 1] $r3
	@DEBUG_VALUE: user_svc1_outputs_wr_ind_handler:dest_id <- [DW_OP_LLVM_entry_value 1] $r2
	@DEBUG_VALUE: user_svc1_outputs_wr_ind_handler:param <- [DW_OP_LLVM_entry_value 1] $r1
	@DEBUG_VALUE: user_svc1_outputs_wr_ind_handler:msgid <- [DW_OP_LLVM_entry_value 1] $r0
	@DEBUG_VALUE: user_svc1_outputs_wr_ind_handler:mask <- $r4
	.loc	1 365 46                        @ ../src/user_custs1_impl.c:365:46
	lsrs	r3, r6, #1
	.loc	1 364 5                         @ ../src/user_custs1_impl.c:364:5
	adr	r0, .LCPI4_1
	mov	r1, r4
	mov	r2, r5
	bl	arch_printf
.Ltmp96:
	.loc	1 366 5                         @ ../src/user_custs1_impl.c:366:5
	bl	arch_printf_flush
.Ltmp97:
	.loc	1 374 1 epilogue_begin          @ ../src/user_custs1_impl.c:374:1
	pop	{r4, r5, r6, pc}
.Ltmp98:
	.loc	1 0 1 is_stmt 0                 @ :0:1
.Ltmp99:
	.p2align	2
@ %bb.7:
__arm_cp.4_0:
	.long	s_outputs_mask
.Lcpi_end8:
	.size	__arm_cp.4_0, .Lcpi_end8-__arm_cp.4_0
.LCPI4_1:
.L.str.1:
	.asciz	"[BLE] WRITE Outputs: 0x%02X (OUT1=%d OUT2=%d)\r\n"
.Lfunc_end4:
	.size	user_svc1_outputs_wr_ind_handler, .Lfunc_end4-user_svc1_outputs_wr_ind_handler
	.cfi_endproc
	.cantunwind
	.fnend
                                        @ -- End function
	.hidden	user_svc1_set_time_wr_ind_handler @ -- Begin function user_svc1_set_time_wr_ind_handler
	.globl	user_svc1_set_time_wr_ind_handler
	.p2align	2
	.type	user_svc1_set_time_wr_ind_handler,%function
	.code	16                              @ @user_svc1_set_time_wr_ind_handler
	.thumb_func
user_svc1_set_time_wr_ind_handler:
.Lfunc_begin5:
	.loc	1 392 0 is_stmt 1               @ ../src/user_custs1_impl.c:392:0
	.fnstart
	.cfi_startproc
@ %bb.0:
	@DEBUG_VALUE: user_svc1_set_time_wr_ind_handler:msgid <- $r0
	@DEBUG_VALUE: user_svc1_set_time_wr_ind_handler:param <- $r1
	@DEBUG_VALUE: user_svc1_set_time_wr_ind_handler:dest_id <- $r2
	@DEBUG_VALUE: user_svc1_set_time_wr_ind_handler:src_id <- $r3
	.save	{r4, r5, r6, r7, lr}
	.pad	#12
	push	{r1, r2, r3, r4, r5, r6, r7, lr}
	.cfi_def_cfa_offset 32
	.cfi_offset lr, -4
	.cfi_offset r7, -8
	.cfi_offset r6, -12
	.cfi_offset r5, -16
	.cfi_offset r4, -20
	add	r2, sp, #8
.Ltmp100:
	@DEBUG_VALUE: user_svc1_set_time_wr_ind_handler:dest_id <- [DW_OP_LLVM_entry_value 1] $r2
	movs	r0, #0
.Ltmp101:
	@DEBUG_VALUE: user_svc1_set_time_wr_ind_handler:msgid <- [DW_OP_LLVM_entry_value 1] $r0
	.loc	1 394 13 prologue_end           @ ../src/user_custs1_impl.c:394:13
	strb	r0, [r2, #2]
	strh	r0, [r2]
.Ltmp102:
	@DEBUG_VALUE: user_svc1_set_time_wr_ind_handler:i <- 0
	@DEBUG_VALUE: user_svc1_set_time_wr_ind_handler:pidx <- 0
	.loc	1 0 13 is_stmt 0                @ ../src/user_custs1_impl.c:0:13
	ldrh	r2, [r1, #4]
	adds	r1, r1, #6
.Ltmp103:
	@DEBUG_VALUE: user_svc1_set_time_wr_ind_handler:param <- [DW_OP_LLVM_entry_value 1] $r1
	mov	r3, r0
.Ltmp104:
	@DEBUG_VALUE: user_svc1_set_time_wr_ind_handler:src_id <- [DW_OP_LLVM_entry_value 1] $r3
.LBB5_1:                                @ =>This Inner Loop Header: Depth=1
	@DEBUG_VALUE: user_svc1_set_time_wr_ind_handler:src_id <- [DW_OP_LLVM_entry_value 1] $r3
	@DEBUG_VALUE: user_svc1_set_time_wr_ind_handler:param <- [DW_OP_LLVM_entry_value 1] $r1
	@DEBUG_VALUE: user_svc1_set_time_wr_ind_handler:msgid <- [DW_OP_LLVM_entry_value 1] $r0
	@DEBUG_VALUE: user_svc1_set_time_wr_ind_handler:dest_id <- [DW_OP_LLVM_entry_value 1] $r2
	@DEBUG_VALUE: user_svc1_set_time_wr_ind_handler:pidx <- $r3
	@DEBUG_VALUE: user_svc1_set_time_wr_ind_handler:i <- $r0
	.loc	1 402 5 is_stmt 1               @ ../src/user_custs1_impl.c:402:5
	cmp	r0, r2
	bhs	.LBB5_8
.Ltmp105:
@ %bb.2:                                @   in Loop: Header=BB5_1 Depth=1
	@DEBUG_VALUE: user_svc1_set_time_wr_ind_handler:i <- $r0
	@DEBUG_VALUE: user_svc1_set_time_wr_ind_handler:pidx <- $r3
	@DEBUG_VALUE: user_svc1_set_time_wr_ind_handler:src_id <- [DW_OP_LLVM_entry_value 1] $r3
	@DEBUG_VALUE: user_svc1_set_time_wr_ind_handler:param <- [DW_OP_LLVM_entry_value 1] $r1
	@DEBUG_VALUE: user_svc1_set_time_wr_ind_handler:msgid <- [DW_OP_LLVM_entry_value 1] $r0
	@DEBUG_VALUE: user_svc1_set_time_wr_ind_handler:dest_id <- [DW_OP_LLVM_entry_value 1] $r2
	.loc	1 402 0 is_stmt 0               @ ../src/user_custs1_impl.c:402:0
	uxtb	r4, r3
	.loc	1 402 5                         @ ../src/user_custs1_impl.c:402:5
	cmp	r4, #2
	bhi	.LBB5_8
.Ltmp106:
@ %bb.3:                                @   in Loop: Header=BB5_1 Depth=1
	@DEBUG_VALUE: user_svc1_set_time_wr_ind_handler:i <- $r0
	@DEBUG_VALUE: user_svc1_set_time_wr_ind_handler:pidx <- $r3
	@DEBUG_VALUE: user_svc1_set_time_wr_ind_handler:src_id <- [DW_OP_LLVM_entry_value 1] $r3
	@DEBUG_VALUE: user_svc1_set_time_wr_ind_handler:param <- [DW_OP_LLVM_entry_value 1] $r1
	@DEBUG_VALUE: user_svc1_set_time_wr_ind_handler:msgid <- [DW_OP_LLVM_entry_value 1] $r0
	@DEBUG_VALUE: user_svc1_set_time_wr_ind_handler:dest_id <- [DW_OP_LLVM_entry_value 1] $r2
	.loc	1 404 21 is_stmt 1              @ ../src/user_custs1_impl.c:404:21
	ldrb	r6, [r1, r0]
.Ltmp107:
	@DEBUG_VALUE: c <- $r6
	.loc	1 407 22                        @ ../src/user_custs1_impl.c:407:22
	mov	r5, r6
	subs	r5, #48
	uxtb	r7, r5
	cmp	r7, #9
	bhi	.LBB5_5
.Ltmp108:
@ %bb.4:                                @   in Loop: Header=BB5_1 Depth=1
	@DEBUG_VALUE: c <- $r6
	@DEBUG_VALUE: user_svc1_set_time_wr_ind_handler:i <- $r0
	@DEBUG_VALUE: user_svc1_set_time_wr_ind_handler:pidx <- $r3
	@DEBUG_VALUE: user_svc1_set_time_wr_ind_handler:src_id <- [DW_OP_LLVM_entry_value 1] $r3
	@DEBUG_VALUE: user_svc1_set_time_wr_ind_handler:param <- [DW_OP_LLVM_entry_value 1] $r1
	@DEBUG_VALUE: user_svc1_set_time_wr_ind_handler:msgid <- [DW_OP_LLVM_entry_value 1] $r0
	@DEBUG_VALUE: user_svc1_set_time_wr_ind_handler:dest_id <- [DW_OP_LLVM_entry_value 1] $r2
	.loc	1 0 22 is_stmt 0                @ ../src/user_custs1_impl.c:0:22
	add	r6, sp, #8
.Ltmp109:
	.loc	1 411 27 is_stmt 1              @ ../src/user_custs1_impl.c:411:27
	ldrb	r7, [r6, r4]
	str	r3, [sp, #4]                    @ 4-byte Spill
.Ltmp110:
	@DEBUG_VALUE: user_svc1_set_time_wr_ind_handler:pidx <- [DW_OP_plus_uconst 4] [$sp+0]
	.loc	1 0 27 is_stmt 0                @ ../src/user_custs1_impl.c:0:27
	mov	r3, r2
	mov	r2, r1
	movs	r1, #10
	.loc	1 411 39                        @ ../src/user_custs1_impl.c:411:39
	muls	r1, r7, r1
	.loc	1 411 44                        @ ../src/user_custs1_impl.c:411:44
	adds	r1, r1, r5
	.loc	1 411 25                        @ ../src/user_custs1_impl.c:411:25
	strb	r1, [r6, r4]
	mov	r1, r2
	mov	r2, r3
	ldr	r3, [sp, #4]                    @ 4-byte Reload
.Ltmp111:
	@DEBUG_VALUE: user_svc1_set_time_wr_ind_handler:pidx <- $r3
	.loc	1 412 9 is_stmt 1               @ ../src/user_custs1_impl.c:412:9
	b	.LBB5_7
.Ltmp112:
.LBB5_5:                                @   in Loop: Header=BB5_1 Depth=1
	@DEBUG_VALUE: c <- $r6
	@DEBUG_VALUE: user_svc1_set_time_wr_ind_handler:i <- $r0
	@DEBUG_VALUE: user_svc1_set_time_wr_ind_handler:pidx <- $r3
	@DEBUG_VALUE: user_svc1_set_time_wr_ind_handler:src_id <- [DW_OP_LLVM_entry_value 1] $r3
	@DEBUG_VALUE: user_svc1_set_time_wr_ind_handler:param <- [DW_OP_LLVM_entry_value 1] $r1
	@DEBUG_VALUE: user_svc1_set_time_wr_ind_handler:msgid <- [DW_OP_LLVM_entry_value 1] $r0
	@DEBUG_VALUE: user_svc1_set_time_wr_ind_handler:dest_id <- [DW_OP_LLVM_entry_value 1] $r2
	.loc	1 414 18                        @ ../src/user_custs1_impl.c:414:18
	cmp	r6, #58
	bne	.LBB5_7
.Ltmp113:
@ %bb.6:                                @   in Loop: Header=BB5_1 Depth=1
	@DEBUG_VALUE: c <- $r6
	@DEBUG_VALUE: user_svc1_set_time_wr_ind_handler:i <- $r0
	@DEBUG_VALUE: user_svc1_set_time_wr_ind_handler:pidx <- $r3
	@DEBUG_VALUE: user_svc1_set_time_wr_ind_handler:src_id <- [DW_OP_LLVM_entry_value 1] $r3
	@DEBUG_VALUE: user_svc1_set_time_wr_ind_handler:param <- [DW_OP_LLVM_entry_value 1] $r1
	@DEBUG_VALUE: user_svc1_set_time_wr_ind_handler:msgid <- [DW_OP_LLVM_entry_value 1] $r0
	@DEBUG_VALUE: user_svc1_set_time_wr_ind_handler:dest_id <- [DW_OP_LLVM_entry_value 1] $r2
	adds	r3, r3, #1
.Ltmp114:
.LBB5_7:                                @   in Loop: Header=BB5_1 Depth=1
	@DEBUG_VALUE: user_svc1_set_time_wr_ind_handler:i <- $r0
	@DEBUG_VALUE: user_svc1_set_time_wr_ind_handler:src_id <- [DW_OP_LLVM_entry_value 1] $r3
	@DEBUG_VALUE: user_svc1_set_time_wr_ind_handler:param <- [DW_OP_LLVM_entry_value 1] $r1
	@DEBUG_VALUE: user_svc1_set_time_wr_ind_handler:msgid <- [DW_OP_LLVM_entry_value 1] $r0
	@DEBUG_VALUE: user_svc1_set_time_wr_ind_handler:dest_id <- [DW_OP_LLVM_entry_value 1] $r2
	@DEBUG_VALUE: user_svc1_set_time_wr_ind_handler:pidx <- $r3
	.loc	1 402 49                        @ ../src/user_custs1_impl.c:402:49
	adds	r0, r0, #1
.Ltmp115:
	@DEBUG_VALUE: user_svc1_set_time_wr_ind_handler:i <- $r0
	.loc	1 402 5 is_stmt 0               @ ../src/user_custs1_impl.c:402:5
	b	.LBB5_1
.Ltmp116:
.LBB5_8:
	@DEBUG_VALUE: user_svc1_set_time_wr_ind_handler:i <- $r0
	@DEBUG_VALUE: user_svc1_set_time_wr_ind_handler:pidx <- $r3
	@DEBUG_VALUE: user_svc1_set_time_wr_ind_handler:src_id <- [DW_OP_LLVM_entry_value 1] $r3
	@DEBUG_VALUE: user_svc1_set_time_wr_ind_handler:param <- [DW_OP_LLVM_entry_value 1] $r1
	@DEBUG_VALUE: user_svc1_set_time_wr_ind_handler:msgid <- [DW_OP_LLVM_entry_value 1] $r0
	@DEBUG_VALUE: user_svc1_set_time_wr_ind_handler:dest_id <- [DW_OP_LLVM_entry_value 1] $r2
	.loc	1 0 5                           @ ../src/user_custs1_impl.c:0:5
	add	r3, sp, #8
.Ltmp117:
	.loc	1 422 17 is_stmt 1              @ ../src/user_custs1_impl.c:422:17
	ldrb	r1, [r3]
.Ltmp118:
	@DEBUG_VALUE: user_svc1_set_time_wr_ind_handler:h <- $r1
	.loc	1 428 9                         @ ../src/user_custs1_impl.c:428:9
	cmp	r1, #23
	blo	.LBB5_10
.Ltmp119:
@ %bb.9:
	@DEBUG_VALUE: user_svc1_set_time_wr_ind_handler:h <- $r1
	@DEBUG_VALUE: user_svc1_set_time_wr_ind_handler:i <- $r0
	@DEBUG_VALUE: user_svc1_set_time_wr_ind_handler:src_id <- [DW_OP_LLVM_entry_value 1] $r3
	@DEBUG_VALUE: user_svc1_set_time_wr_ind_handler:param <- [DW_OP_LLVM_entry_value 1] $r1
	@DEBUG_VALUE: user_svc1_set_time_wr_ind_handler:msgid <- [DW_OP_LLVM_entry_value 1] $r0
	@DEBUG_VALUE: user_svc1_set_time_wr_ind_handler:dest_id <- [DW_OP_LLVM_entry_value 1] $r2
	.loc	1 0 9 is_stmt 0                 @ ../src/user_custs1_impl.c:0:9
	movs	r1, #23
.Ltmp120:
.LBB5_10:
	@DEBUG_VALUE: user_svc1_set_time_wr_ind_handler:i <- $r0
	@DEBUG_VALUE: user_svc1_set_time_wr_ind_handler:src_id <- [DW_OP_LLVM_entry_value 1] $r3
	@DEBUG_VALUE: user_svc1_set_time_wr_ind_handler:param <- [DW_OP_LLVM_entry_value 1] $r1
	@DEBUG_VALUE: user_svc1_set_time_wr_ind_handler:msgid <- [DW_OP_LLVM_entry_value 1] $r0
	@DEBUG_VALUE: user_svc1_set_time_wr_ind_handler:dest_id <- [DW_OP_LLVM_entry_value 1] $r2
	@DEBUG_VALUE: user_svc1_set_time_wr_ind_handler:h <- $r1
	.loc	1 433 15 is_stmt 1              @ ../src/user_custs1_impl.c:433:15
	ldr	r0, __arm_cp.5_0
.Ltmp121:
	strb	r1, [r0, #3]
	.loc	1 423 17                        @ ../src/user_custs1_impl.c:423:17
	ldrb	r2, [r3, #1]
.Ltmp122:
	@DEBUG_VALUE: user_svc1_set_time_wr_ind_handler:m <- $r2
	.loc	1 0 17 is_stmt 0                @ ../src/user_custs1_impl.c:0:17
	movs	r4, #59
	.loc	1 429 9 is_stmt 1               @ ../src/user_custs1_impl.c:429:9
	cmp	r2, #59
	blo	.LBB5_12
.Ltmp123:
@ %bb.11:
	@DEBUG_VALUE: user_svc1_set_time_wr_ind_handler:m <- $r2
	@DEBUG_VALUE: user_svc1_set_time_wr_ind_handler:h <- $r1
	@DEBUG_VALUE: user_svc1_set_time_wr_ind_handler:src_id <- [DW_OP_LLVM_entry_value 1] $r3
	@DEBUG_VALUE: user_svc1_set_time_wr_ind_handler:param <- [DW_OP_LLVM_entry_value 1] $r1
	@DEBUG_VALUE: user_svc1_set_time_wr_ind_handler:msgid <- [DW_OP_LLVM_entry_value 1] $r0
	@DEBUG_VALUE: user_svc1_set_time_wr_ind_handler:dest_id <- [DW_OP_LLVM_entry_value 1] $r2
	.loc	1 0 9 is_stmt 0                 @ ../src/user_custs1_impl.c:0:9
	mov	r2, r4
.Ltmp124:
.LBB5_12:
	@DEBUG_VALUE: user_svc1_set_time_wr_ind_handler:h <- $r1
	@DEBUG_VALUE: user_svc1_set_time_wr_ind_handler:src_id <- [DW_OP_LLVM_entry_value 1] $r3
	@DEBUG_VALUE: user_svc1_set_time_wr_ind_handler:param <- [DW_OP_LLVM_entry_value 1] $r1
	@DEBUG_VALUE: user_svc1_set_time_wr_ind_handler:msgid <- [DW_OP_LLVM_entry_value 1] $r0
	@DEBUG_VALUE: user_svc1_set_time_wr_ind_handler:dest_id <- [DW_OP_LLVM_entry_value 1] $r2
	@DEBUG_VALUE: user_svc1_set_time_wr_ind_handler:m <- $r2
	.loc	1 434 15 is_stmt 1              @ ../src/user_custs1_impl.c:434:15
	strb	r2, [r0, #4]
	.loc	1 424 17                        @ ../src/user_custs1_impl.c:424:17
	ldrb	r3, [r3, #2]
.Ltmp125:
	@DEBUG_VALUE: user_svc1_set_time_wr_ind_handler:s <- $r3
	.loc	1 430 9                         @ ../src/user_custs1_impl.c:430:9
	cmp	r3, #59
	blo	.LBB5_14
.Ltmp126:
@ %bb.13:
	@DEBUG_VALUE: user_svc1_set_time_wr_ind_handler:s <- $r3
	@DEBUG_VALUE: user_svc1_set_time_wr_ind_handler:m <- $r2
	@DEBUG_VALUE: user_svc1_set_time_wr_ind_handler:h <- $r1
	@DEBUG_VALUE: user_svc1_set_time_wr_ind_handler:src_id <- [DW_OP_LLVM_entry_value 1] $r3
	@DEBUG_VALUE: user_svc1_set_time_wr_ind_handler:param <- [DW_OP_LLVM_entry_value 1] $r1
	@DEBUG_VALUE: user_svc1_set_time_wr_ind_handler:msgid <- [DW_OP_LLVM_entry_value 1] $r0
	@DEBUG_VALUE: user_svc1_set_time_wr_ind_handler:dest_id <- [DW_OP_LLVM_entry_value 1] $r2
	.loc	1 0 9 is_stmt 0                 @ ../src/user_custs1_impl.c:0:9
	mov	r3, r4
.Ltmp127:
.LBB5_14:
	@DEBUG_VALUE: user_svc1_set_time_wr_ind_handler:m <- $r2
	@DEBUG_VALUE: user_svc1_set_time_wr_ind_handler:h <- $r1
	@DEBUG_VALUE: user_svc1_set_time_wr_ind_handler:src_id <- [DW_OP_LLVM_entry_value 1] $r3
	@DEBUG_VALUE: user_svc1_set_time_wr_ind_handler:param <- [DW_OP_LLVM_entry_value 1] $r1
	@DEBUG_VALUE: user_svc1_set_time_wr_ind_handler:msgid <- [DW_OP_LLVM_entry_value 1] $r0
	@DEBUG_VALUE: user_svc1_set_time_wr_ind_handler:dest_id <- [DW_OP_LLVM_entry_value 1] $r2
	@DEBUG_VALUE: user_svc1_set_time_wr_ind_handler:s <- $r3
	.loc	1 435 15 is_stmt 1              @ ../src/user_custs1_impl.c:435:15
	strb	r3, [r0, #5]
	movs	r4, #225
	lsls	r4, r4, #4
	.loc	1 438 29                        @ ../src/user_custs1_impl.c:438:29
	muls	r4, r1, r4
	movs	r5, #60
	.loc	1 438 50 is_stmt 0              @ ../src/user_custs1_impl.c:438:50
	muls	r5, r2, r5
	.loc	1 438 36                        @ ../src/user_custs1_impl.c:438:36
	adds	r4, r5, r4
	.loc	1 438 55                        @ ../src/user_custs1_impl.c:438:55
	adds	r4, r4, r3
	.loc	1 438 15                        @ ../src/user_custs1_impl.c:438:15
	str	r4, [r0, #16]
	.loc	1 440 23 is_stmt 1              @ ../src/user_custs1_impl.c:440:23
	ldr	r4, [r0, #16]
	.loc	1 440 21 is_stmt 0              @ ../src/user_custs1_impl.c:440:21
	str	r4, [r0, #20]
	.loc	1 446 41 is_stmt 1              @ ../src/user_custs1_impl.c:446:41
	ldr	r0, [r0, #16]
	.loc	1 445 5                         @ ../src/user_custs1_impl.c:445:5
	str	r0, [sp]
	adr	r0, .LCPI5_1
	bl	arch_printf
.Ltmp128:
	.loc	1 447 5                         @ ../src/user_custs1_impl.c:447:5
	bl	arch_printf_flush
.Ltmp129:
	.loc	1 453 1 epilogue_begin          @ ../src/user_custs1_impl.c:453:1
	pop	{r1, r2, r3, r4, r5, r6, r7, pc}
.Ltmp130:
	.loc	1 0 1 is_stmt 0                 @ :0:1
.Ltmp131:
	.p2align	2
@ %bb.15:
__arm_cp.5_0:
	.long	.L_MergedGlobals
.Lcpi_end9:
	.size	__arm_cp.5_0, .Lcpi_end9-__arm_cp.5_0
.LCPI5_1:
.L.str.2:
	.asciz	"[BLE] WRITE SetTime: %02d:%02d:%02d (epoch=%lu)\r\n\000\000"
.Lfunc_end5:
	.size	user_svc1_set_time_wr_ind_handler, .Lfunc_end5-user_svc1_set_time_wr_ind_handler
	.cfi_endproc
	.cantunwind
	.fnend
                                        @ -- End function
	.hidden	user_svc1_buttons_cfg_ind_handler @ -- Begin function user_svc1_buttons_cfg_ind_handler
	.globl	user_svc1_buttons_cfg_ind_handler
	.p2align	2
	.type	user_svc1_buttons_cfg_ind_handler,%function
	.code	16                              @ @user_svc1_buttons_cfg_ind_handler
	.thumb_func
user_svc1_buttons_cfg_ind_handler:
.Lfunc_begin6:
	.loc	1 473 0 is_stmt 1               @ ../src/user_custs1_impl.c:473:0
	.fnstart
	.cfi_startproc
@ %bb.0:
	@DEBUG_VALUE: user_svc1_buttons_cfg_ind_handler:msgid <- $r0
	@DEBUG_VALUE: user_svc1_buttons_cfg_ind_handler:param <- $r1
	@DEBUG_VALUE: user_svc1_buttons_cfg_ind_handler:dest_id <- $r2
	@DEBUG_VALUE: user_svc1_buttons_cfg_ind_handler:src_id <- $r3
	.save	{r7, lr}
	push	{r7, lr}
	.cfi_def_cfa_offset 8
	.cfi_offset lr, -4
	.cfi_offset r7, -8
.Ltmp132:
	.loc	1 476 21 prologue_end           @ ../src/user_custs1_impl.c:476:21
	ldrb	r0, [r1, #6]
.Ltmp133:
	@DEBUG_VALUE: user_svc1_buttons_cfg_ind_handler:msgid <- [DW_OP_LLVM_entry_value 1] $r0
	@DEBUG_VALUE: user_svc1_buttons_cfg_ind_handler:cccd <- [DW_OP_LLVM_arg 0, DW_OP_LLVM_arg 1, DW_OP_LLVM_convert 8 7, DW_OP_LLVM_convert 32 7, DW_OP_or, DW_OP_stack_value] 0, $r0
	.loc	1 0 21 is_stmt 0                @ ../src/user_custs1_impl.c:0:21
	movs	r1, #1
.Ltmp134:
	@DEBUG_VALUE: user_svc1_buttons_cfg_ind_handler:param <- [DW_OP_LLVM_entry_value 1] $r1
	.loc	1 479 35 is_stmt 1              @ ../src/user_custs1_impl.c:479:35
	ands	r1, r0
	.loc	1 479 27 is_stmt 0              @ ../src/user_custs1_impl.c:479:27
	ldr	r0, __arm_cp.6_0
.Ltmp135:
	strb	r1, [r0]
	.loc	1 485 17 is_stmt 1              @ ../src/user_custs1_impl.c:485:17
	ldrb	r0, [r0]
	cmp	r0, #0
	bne	.LBB6_2
.Ltmp136:
@ %bb.1:
	@DEBUG_VALUE: user_svc1_buttons_cfg_ind_handler:param <- [DW_OP_LLVM_entry_value 1] $r1
	@DEBUG_VALUE: user_svc1_buttons_cfg_ind_handler:msgid <- [DW_OP_LLVM_entry_value 1] $r0
	@DEBUG_VALUE: user_svc1_buttons_cfg_ind_handler:src_id <- $r3
	@DEBUG_VALUE: user_svc1_buttons_cfg_ind_handler:dest_id <- $r2
	.loc	1 0 17 is_stmt 0                @ ../src/user_custs1_impl.c:0:17
	ldr	r1, __arm_cp.6_2
	b	.LBB6_3
.Ltmp137:
.LBB6_2:
	@DEBUG_VALUE: user_svc1_buttons_cfg_ind_handler:param <- [DW_OP_LLVM_entry_value 1] $r1
	@DEBUG_VALUE: user_svc1_buttons_cfg_ind_handler:msgid <- [DW_OP_LLVM_entry_value 1] $r0
	@DEBUG_VALUE: user_svc1_buttons_cfg_ind_handler:src_id <- $r3
	@DEBUG_VALUE: user_svc1_buttons_cfg_ind_handler:dest_id <- $r2
	.loc	1 485 17                        @ ../src/user_custs1_impl.c:485:17
	ldr	r1, __arm_cp.6_1
.Ltmp138:
.LBB6_3:
	@DEBUG_VALUE: user_svc1_buttons_cfg_ind_handler:param <- [DW_OP_LLVM_entry_value 1] $r1
	@DEBUG_VALUE: user_svc1_buttons_cfg_ind_handler:msgid <- [DW_OP_LLVM_entry_value 1] $r0
	@DEBUG_VALUE: user_svc1_buttons_cfg_ind_handler:src_id <- $r3
	@DEBUG_VALUE: user_svc1_buttons_cfg_ind_handler:dest_id <- $r2
	.loc	1 484 5 is_stmt 1               @ ../src/user_custs1_impl.c:484:5
	adr	r0, .LCPI6_3
	bl	arch_printf
.Ltmp139:
	@DEBUG_VALUE: user_svc1_buttons_cfg_ind_handler:src_id <- [DW_OP_LLVM_entry_value 1] $r3
	@DEBUG_VALUE: user_svc1_buttons_cfg_ind_handler:dest_id <- [DW_OP_LLVM_entry_value 1] $r2
	.loc	1 486 5                         @ ../src/user_custs1_impl.c:486:5
	bl	arch_printf_flush
.Ltmp140:
	.loc	1 492 1 epilogue_begin          @ ../src/user_custs1_impl.c:492:1
	pop	{r7, pc}
.Ltmp141:
	.loc	1 0 1 is_stmt 0                 @ :0:1
.Ltmp142:
	.p2align	2
@ %bb.4:
__arm_cp.6_0:
	.long	.L_MergedGlobals
.Lcpi_end10:
	.size	__arm_cp.6_0, .Lcpi_end10-__arm_cp.6_0
__arm_cp.6_1:
	.long	.L.str.4
.Lcpi_end11:
	.size	__arm_cp.6_1, .Lcpi_end11-__arm_cp.6_1
__arm_cp.6_2:
	.long	.L.str.5
.Lcpi_end12:
	.size	__arm_cp.6_2, .Lcpi_end12-__arm_cp.6_2
.LCPI6_3:
.L.str.3:
	.asciz	"[BLE] Buttons NTF %s\r\n\000"
.Lfunc_end6:
	.size	user_svc1_buttons_cfg_ind_handler, .Lfunc_end6-user_svc1_buttons_cfg_ind_handler
	.cfi_endproc
	.cantunwind
	.fnend
                                        @ -- End function
	.hidden	user_svc1_time_cfg_ind_handler  @ -- Begin function user_svc1_time_cfg_ind_handler
	.globl	user_svc1_time_cfg_ind_handler
	.p2align	2
	.type	user_svc1_time_cfg_ind_handler,%function
	.code	16                              @ @user_svc1_time_cfg_ind_handler
	.thumb_func
user_svc1_time_cfg_ind_handler:
.Lfunc_begin7:
	.loc	1 503 0 is_stmt 1               @ ../src/user_custs1_impl.c:503:0
	.fnstart
	.cfi_startproc
@ %bb.0:
	@DEBUG_VALUE: user_svc1_time_cfg_ind_handler:msgid <- $r0
	@DEBUG_VALUE: user_svc1_time_cfg_ind_handler:param <- $r1
	@DEBUG_VALUE: user_svc1_time_cfg_ind_handler:dest_id <- $r2
	@DEBUG_VALUE: user_svc1_time_cfg_ind_handler:src_id <- $r3
	.save	{r7, lr}
	push	{r7, lr}
	.cfi_def_cfa_offset 8
	.cfi_offset lr, -4
	.cfi_offset r7, -8
.Ltmp143:
	.loc	1 505 21 prologue_end           @ ../src/user_custs1_impl.c:505:21
	ldrb	r0, [r1, #6]
.Ltmp144:
	@DEBUG_VALUE: user_svc1_time_cfg_ind_handler:msgid <- [DW_OP_LLVM_entry_value 1] $r0
	@DEBUG_VALUE: user_svc1_time_cfg_ind_handler:cccd <- [DW_OP_LLVM_arg 0, DW_OP_LLVM_arg 1, DW_OP_LLVM_convert 8 7, DW_OP_LLVM_convert 32 7, DW_OP_or, DW_OP_stack_value] 0, $r0
	.loc	1 0 21 is_stmt 0                @ ../src/user_custs1_impl.c:0:21
	movs	r1, #1
.Ltmp145:
	@DEBUG_VALUE: user_svc1_time_cfg_ind_handler:param <- [DW_OP_LLVM_entry_value 1] $r1
	.loc	1 508 32 is_stmt 1              @ ../src/user_custs1_impl.c:508:32
	ands	r1, r0
	.loc	1 508 24 is_stmt 0              @ ../src/user_custs1_impl.c:508:24
	ldr	r0, __arm_cp.7_0
.Ltmp146:
	strb	r1, [r0, #1]
	.loc	1 514 17 is_stmt 1              @ ../src/user_custs1_impl.c:514:17
	ldrb	r0, [r0, #1]
	cmp	r0, #0
	bne	.LBB7_2
.Ltmp147:
@ %bb.1:
	@DEBUG_VALUE: user_svc1_time_cfg_ind_handler:param <- [DW_OP_LLVM_entry_value 1] $r1
	@DEBUG_VALUE: user_svc1_time_cfg_ind_handler:msgid <- [DW_OP_LLVM_entry_value 1] $r0
	@DEBUG_VALUE: user_svc1_time_cfg_ind_handler:src_id <- $r3
	@DEBUG_VALUE: user_svc1_time_cfg_ind_handler:dest_id <- $r2
	.loc	1 0 17 is_stmt 0                @ ../src/user_custs1_impl.c:0:17
	ldr	r1, __arm_cp.7_2
	b	.LBB7_3
.Ltmp148:
.LBB7_2:
	@DEBUG_VALUE: user_svc1_time_cfg_ind_handler:param <- [DW_OP_LLVM_entry_value 1] $r1
	@DEBUG_VALUE: user_svc1_time_cfg_ind_handler:msgid <- [DW_OP_LLVM_entry_value 1] $r0
	@DEBUG_VALUE: user_svc1_time_cfg_ind_handler:src_id <- $r3
	@DEBUG_VALUE: user_svc1_time_cfg_ind_handler:dest_id <- $r2
	.loc	1 514 17                        @ ../src/user_custs1_impl.c:514:17
	ldr	r1, __arm_cp.7_1
.Ltmp149:
.LBB7_3:
	@DEBUG_VALUE: user_svc1_time_cfg_ind_handler:param <- [DW_OP_LLVM_entry_value 1] $r1
	@DEBUG_VALUE: user_svc1_time_cfg_ind_handler:msgid <- [DW_OP_LLVM_entry_value 1] $r0
	@DEBUG_VALUE: user_svc1_time_cfg_ind_handler:src_id <- $r3
	@DEBUG_VALUE: user_svc1_time_cfg_ind_handler:dest_id <- $r2
	.loc	1 513 5 is_stmt 1               @ ../src/user_custs1_impl.c:513:5
	adr	r0, .LCPI7_3
	bl	arch_printf
.Ltmp150:
	@DEBUG_VALUE: user_svc1_time_cfg_ind_handler:src_id <- [DW_OP_LLVM_entry_value 1] $r3
	@DEBUG_VALUE: user_svc1_time_cfg_ind_handler:dest_id <- [DW_OP_LLVM_entry_value 1] $r2
	.loc	1 515 5                         @ ../src/user_custs1_impl.c:515:5
	bl	arch_printf_flush
.Ltmp151:
	.loc	1 521 1 epilogue_begin          @ ../src/user_custs1_impl.c:521:1
	pop	{r7, pc}
.Ltmp152:
	.loc	1 0 1 is_stmt 0                 @ :0:1
.Ltmp153:
	.p2align	2
@ %bb.4:
__arm_cp.7_0:
	.long	.L_MergedGlobals
.Lcpi_end13:
	.size	__arm_cp.7_0, .Lcpi_end13-__arm_cp.7_0
__arm_cp.7_1:
	.long	.L.str.4
.Lcpi_end14:
	.size	__arm_cp.7_1, .Lcpi_end14-__arm_cp.7_1
__arm_cp.7_2:
	.long	.L.str.5
.Lcpi_end15:
	.size	__arm_cp.7_2, .Lcpi_end15-__arm_cp.7_2
.LCPI7_3:
.L.str.6:
	.asciz	"[BLE] Time NTF %s\r\n"
.Lfunc_end7:
	.size	user_svc1_time_cfg_ind_handler, .Lfunc_end7-user_svc1_time_cfg_ind_handler
	.cfi_endproc
	.cantunwind
	.fnend
                                        @ -- End function
	.hidden	user_svc1_temperature_cfg_ind_handler @ -- Begin function user_svc1_temperature_cfg_ind_handler
	.globl	user_svc1_temperature_cfg_ind_handler
	.p2align	2
	.type	user_svc1_temperature_cfg_ind_handler,%function
	.code	16                              @ @user_svc1_temperature_cfg_ind_handler
	.thumb_func
user_svc1_temperature_cfg_ind_handler:
.Lfunc_begin8:
	.loc	1 530 0 is_stmt 1               @ ../src/user_custs1_impl.c:530:0
	.fnstart
	.cfi_startproc
@ %bb.0:
	@DEBUG_VALUE: user_svc1_temperature_cfg_ind_handler:msgid <- $r0
	@DEBUG_VALUE: user_svc1_temperature_cfg_ind_handler:param <- $r1
	@DEBUG_VALUE: user_svc1_temperature_cfg_ind_handler:dest_id <- $r2
	@DEBUG_VALUE: user_svc1_temperature_cfg_ind_handler:src_id <- $r3
	.save	{r7, lr}
	push	{r7, lr}
	.cfi_def_cfa_offset 8
	.cfi_offset lr, -4
	.cfi_offset r7, -8
.Ltmp154:
	.loc	1 531 21 prologue_end           @ ../src/user_custs1_impl.c:531:21
	ldrb	r0, [r1, #6]
.Ltmp155:
	@DEBUG_VALUE: user_svc1_temperature_cfg_ind_handler:msgid <- [DW_OP_LLVM_entry_value 1] $r0
	@DEBUG_VALUE: user_svc1_temperature_cfg_ind_handler:cccd <- [DW_OP_LLVM_arg 0, DW_OP_LLVM_arg 1, DW_OP_LLVM_convert 8 7, DW_OP_LLVM_convert 32 7, DW_OP_or, DW_OP_stack_value] 0, $r0
	.loc	1 0 21 is_stmt 0                @ ../src/user_custs1_impl.c:0:21
	movs	r1, #1
.Ltmp156:
	@DEBUG_VALUE: user_svc1_temperature_cfg_ind_handler:param <- [DW_OP_LLVM_entry_value 1] $r1
	.loc	1 532 32 is_stmt 1              @ ../src/user_custs1_impl.c:532:32
	ands	r1, r0
	.loc	1 532 24 is_stmt 0              @ ../src/user_custs1_impl.c:532:24
	ldr	r0, __arm_cp.8_0
.Ltmp157:
	strb	r1, [r0, #9]
	.loc	1 536 17 is_stmt 1              @ ../src/user_custs1_impl.c:536:17
	ldrb	r0, [r0, #9]
	cmp	r0, #0
	bne	.LBB8_2
.Ltmp158:
@ %bb.1:
	@DEBUG_VALUE: user_svc1_temperature_cfg_ind_handler:param <- [DW_OP_LLVM_entry_value 1] $r1
	@DEBUG_VALUE: user_svc1_temperature_cfg_ind_handler:msgid <- [DW_OP_LLVM_entry_value 1] $r0
	@DEBUG_VALUE: user_svc1_temperature_cfg_ind_handler:src_id <- $r3
	@DEBUG_VALUE: user_svc1_temperature_cfg_ind_handler:dest_id <- $r2
	.loc	1 0 17 is_stmt 0                @ ../src/user_custs1_impl.c:0:17
	ldr	r1, __arm_cp.8_2
	b	.LBB8_3
.Ltmp159:
.LBB8_2:
	@DEBUG_VALUE: user_svc1_temperature_cfg_ind_handler:param <- [DW_OP_LLVM_entry_value 1] $r1
	@DEBUG_VALUE: user_svc1_temperature_cfg_ind_handler:msgid <- [DW_OP_LLVM_entry_value 1] $r0
	@DEBUG_VALUE: user_svc1_temperature_cfg_ind_handler:src_id <- $r3
	@DEBUG_VALUE: user_svc1_temperature_cfg_ind_handler:dest_id <- $r2
	.loc	1 536 17                        @ ../src/user_custs1_impl.c:536:17
	ldr	r1, __arm_cp.8_1
.Ltmp160:
.LBB8_3:
	@DEBUG_VALUE: user_svc1_temperature_cfg_ind_handler:param <- [DW_OP_LLVM_entry_value 1] $r1
	@DEBUG_VALUE: user_svc1_temperature_cfg_ind_handler:msgid <- [DW_OP_LLVM_entry_value 1] $r0
	@DEBUG_VALUE: user_svc1_temperature_cfg_ind_handler:src_id <- $r3
	@DEBUG_VALUE: user_svc1_temperature_cfg_ind_handler:dest_id <- $r2
	.loc	1 535 5 is_stmt 1               @ ../src/user_custs1_impl.c:535:5
	adr	r0, .LCPI8_3
	bl	arch_printf
.Ltmp161:
	@DEBUG_VALUE: user_svc1_temperature_cfg_ind_handler:src_id <- [DW_OP_LLVM_entry_value 1] $r3
	@DEBUG_VALUE: user_svc1_temperature_cfg_ind_handler:dest_id <- [DW_OP_LLVM_entry_value 1] $r2
	.loc	1 537 5                         @ ../src/user_custs1_impl.c:537:5
	bl	arch_printf_flush
.Ltmp162:
	.loc	1 543 1 epilogue_begin          @ ../src/user_custs1_impl.c:543:1
	pop	{r7, pc}
.Ltmp163:
	.loc	1 0 1 is_stmt 0                 @ :0:1
.Ltmp164:
	.p2align	2
@ %bb.4:
__arm_cp.8_0:
	.long	.L_MergedGlobals
.Lcpi_end16:
	.size	__arm_cp.8_0, .Lcpi_end16-__arm_cp.8_0
__arm_cp.8_1:
	.long	.L.str.4
.Lcpi_end17:
	.size	__arm_cp.8_1, .Lcpi_end17-__arm_cp.8_1
__arm_cp.8_2:
	.long	.L.str.5
.Lcpi_end18:
	.size	__arm_cp.8_2, .Lcpi_end18-__arm_cp.8_2
.LCPI8_3:
.L.str.7:
	.asciz	"[BLE] Temp NTF %s\r\n"
.Lfunc_end8:
	.size	user_svc1_temperature_cfg_ind_handler, .Lfunc_end8-user_svc1_temperature_cfg_ind_handler
	.cfi_endproc
	.cantunwind
	.fnend
                                        @ -- End function
	.hidden	user_svc1_humidity_cfg_ind_handler @ -- Begin function user_svc1_humidity_cfg_ind_handler
	.globl	user_svc1_humidity_cfg_ind_handler
	.p2align	2
	.type	user_svc1_humidity_cfg_ind_handler,%function
	.code	16                              @ @user_svc1_humidity_cfg_ind_handler
	.thumb_func
user_svc1_humidity_cfg_ind_handler:
.Lfunc_begin9:
	.loc	1 552 0 is_stmt 1               @ ../src/user_custs1_impl.c:552:0
	.fnstart
	.cfi_startproc
@ %bb.0:
	@DEBUG_VALUE: user_svc1_humidity_cfg_ind_handler:msgid <- $r0
	@DEBUG_VALUE: user_svc1_humidity_cfg_ind_handler:param <- $r1
	@DEBUG_VALUE: user_svc1_humidity_cfg_ind_handler:dest_id <- $r2
	@DEBUG_VALUE: user_svc1_humidity_cfg_ind_handler:src_id <- $r3
	.save	{r7, lr}
	push	{r7, lr}
	.cfi_def_cfa_offset 8
	.cfi_offset lr, -4
	.cfi_offset r7, -8
.Ltmp165:
	.loc	1 553 21 prologue_end           @ ../src/user_custs1_impl.c:553:21
	ldrb	r0, [r1, #6]
.Ltmp166:
	@DEBUG_VALUE: user_svc1_humidity_cfg_ind_handler:msgid <- [DW_OP_LLVM_entry_value 1] $r0
	@DEBUG_VALUE: user_svc1_humidity_cfg_ind_handler:cccd <- [DW_OP_LLVM_arg 0, DW_OP_LLVM_arg 1, DW_OP_LLVM_convert 8 7, DW_OP_LLVM_convert 32 7, DW_OP_or, DW_OP_stack_value] 0, $r0
	.loc	1 0 21 is_stmt 0                @ ../src/user_custs1_impl.c:0:21
	movs	r1, #1
.Ltmp167:
	@DEBUG_VALUE: user_svc1_humidity_cfg_ind_handler:param <- [DW_OP_LLVM_entry_value 1] $r1
	.loc	1 554 31 is_stmt 1              @ ../src/user_custs1_impl.c:554:31
	ands	r1, r0
	.loc	1 554 23 is_stmt 0              @ ../src/user_custs1_impl.c:554:23
	ldr	r0, __arm_cp.9_0
.Ltmp168:
	strb	r1, [r0, #10]
	.loc	1 558 17 is_stmt 1              @ ../src/user_custs1_impl.c:558:17
	ldrb	r0, [r0, #10]
	cmp	r0, #0
	bne	.LBB9_2
.Ltmp169:
@ %bb.1:
	@DEBUG_VALUE: user_svc1_humidity_cfg_ind_handler:param <- [DW_OP_LLVM_entry_value 1] $r1
	@DEBUG_VALUE: user_svc1_humidity_cfg_ind_handler:msgid <- [DW_OP_LLVM_entry_value 1] $r0
	@DEBUG_VALUE: user_svc1_humidity_cfg_ind_handler:src_id <- $r3
	@DEBUG_VALUE: user_svc1_humidity_cfg_ind_handler:dest_id <- $r2
	.loc	1 0 17 is_stmt 0                @ ../src/user_custs1_impl.c:0:17
	ldr	r1, __arm_cp.9_2
	b	.LBB9_3
.Ltmp170:
.LBB9_2:
	@DEBUG_VALUE: user_svc1_humidity_cfg_ind_handler:param <- [DW_OP_LLVM_entry_value 1] $r1
	@DEBUG_VALUE: user_svc1_humidity_cfg_ind_handler:msgid <- [DW_OP_LLVM_entry_value 1] $r0
	@DEBUG_VALUE: user_svc1_humidity_cfg_ind_handler:src_id <- $r3
	@DEBUG_VALUE: user_svc1_humidity_cfg_ind_handler:dest_id <- $r2
	.loc	1 558 17                        @ ../src/user_custs1_impl.c:558:17
	ldr	r1, __arm_cp.9_1
.Ltmp171:
.LBB9_3:
	@DEBUG_VALUE: user_svc1_humidity_cfg_ind_handler:param <- [DW_OP_LLVM_entry_value 1] $r1
	@DEBUG_VALUE: user_svc1_humidity_cfg_ind_handler:msgid <- [DW_OP_LLVM_entry_value 1] $r0
	@DEBUG_VALUE: user_svc1_humidity_cfg_ind_handler:src_id <- $r3
	@DEBUG_VALUE: user_svc1_humidity_cfg_ind_handler:dest_id <- $r2
	.loc	1 557 5 is_stmt 1               @ ../src/user_custs1_impl.c:557:5
	adr	r0, .LCPI9_3
	bl	arch_printf
.Ltmp172:
	@DEBUG_VALUE: user_svc1_humidity_cfg_ind_handler:src_id <- [DW_OP_LLVM_entry_value 1] $r3
	@DEBUG_VALUE: user_svc1_humidity_cfg_ind_handler:dest_id <- [DW_OP_LLVM_entry_value 1] $r2
	.loc	1 559 5                         @ ../src/user_custs1_impl.c:559:5
	bl	arch_printf_flush
.Ltmp173:
	.loc	1 565 1 epilogue_begin          @ ../src/user_custs1_impl.c:565:1
	pop	{r7, pc}
.Ltmp174:
	.loc	1 0 1 is_stmt 0                 @ :0:1
.Ltmp175:
	.p2align	2
@ %bb.4:
__arm_cp.9_0:
	.long	.L_MergedGlobals
.Lcpi_end19:
	.size	__arm_cp.9_0, .Lcpi_end19-__arm_cp.9_0
__arm_cp.9_1:
	.long	.L.str.4
.Lcpi_end20:
	.size	__arm_cp.9_1, .Lcpi_end20-__arm_cp.9_1
__arm_cp.9_2:
	.long	.L.str.5
.Lcpi_end21:
	.size	__arm_cp.9_2, .Lcpi_end21-__arm_cp.9_2
.LCPI9_3:
.L.str.8:
	.asciz	"[BLE] Hum NTF %s\r\n\000"
.Lfunc_end9:
	.size	user_svc1_humidity_cfg_ind_handler, .Lfunc_end9-user_svc1_humidity_cfg_ind_handler
	.cfi_endproc
	.cantunwind
	.fnend
                                        @ -- End function
	.hidden	user_svc1_rest_att_info_req_handler @ -- Begin function user_svc1_rest_att_info_req_handler
	.globl	user_svc1_rest_att_info_req_handler
	.p2align	2
	.type	user_svc1_rest_att_info_req_handler,%function
	.code	16                              @ @user_svc1_rest_att_info_req_handler
	.thumb_func
user_svc1_rest_att_info_req_handler:
.Lfunc_begin10:
	.loc	1 582 0 is_stmt 1               @ ../src/user_custs1_impl.c:582:0
	.fnstart
	.cfi_startproc
@ %bb.0:
	@DEBUG_VALUE: user_svc1_rest_att_info_req_handler:msgid <- $r0
	@DEBUG_VALUE: user_svc1_rest_att_info_req_handler:param <- $r1
	@DEBUG_VALUE: user_svc1_rest_att_info_req_handler:dest_id <- $r2
	@DEBUG_VALUE: user_svc1_rest_att_info_req_handler:src_id <- $r3
	.save	{r4, r5, r7, lr}
	push	{r4, r5, r7, lr}
	.cfi_def_cfa_offset 16
	.cfi_offset lr, -4
	.cfi_offset r7, -8
	.cfi_offset r5, -12
	.cfi_offset r4, -16
	mov	r5, r1
.Ltmp176:
	@DEBUG_VALUE: user_svc1_rest_att_info_req_handler:param <- $r5
	ldr	r0, __arm_cp.10_0
.Ltmp177:
	@DEBUG_VALUE: user_svc1_rest_att_info_req_handler:msgid <- [DW_OP_LLVM_entry_value 1] $r0
	movs	r1, #253
	movs	r2, #4
.Ltmp178:
	@DEBUG_VALUE: user_svc1_rest_att_info_req_handler:dest_id <- [DW_OP_LLVM_entry_value 1] $r2
	movs	r4, #8
.Ltmp179:
	.loc	1 585 9 prologue_end            @ ../src/user_custs1_impl.c:585:9
	mov	r3, r4
.Ltmp180:
	@DEBUG_VALUE: user_svc1_rest_att_info_req_handler:src_id <- [DW_OP_LLVM_entry_value 1] $r3
	bl	ke_msg_alloc
.Ltmp181:
	@DEBUG_VALUE: user_svc1_rest_att_info_req_handler:rsp <- $r0
	.loc	1 0 9 is_stmt 0                 @ ../src/user_custs1_impl.c:0:9
	movs	r1, #0
	.loc	1 593 18 is_stmt 1              @ ../src/user_custs1_impl.c:593:18
	strb	r1, [r0, #6]
	.loc	1 591 27                        @ ../src/user_custs1_impl.c:591:27
	ldrb	r2, [r5]
	.loc	1 591 18 is_stmt 0              @ ../src/user_custs1_impl.c:591:18
	strb	r2, [r0]
	.loc	1 592 27 is_stmt 1              @ ../src/user_custs1_impl.c:592:27
	ldrh	r2, [r5, #2]
	.loc	1 592 18 is_stmt 0              @ ../src/user_custs1_impl.c:592:18
	strh	r2, [r0, #2]
	.loc	1 596 5 is_stmt 1               @ ../src/user_custs1_impl.c:596:5
	subs	r2, r2, #2
	cmp	r2, #19
	bhi	.LBB10_6
.Ltmp182:
@ %bb.1:
	@DEBUG_VALUE: user_svc1_rest_att_info_req_handler:rsp <- $r0
	@DEBUG_VALUE: user_svc1_rest_att_info_req_handler:src_id <- [DW_OP_LLVM_entry_value 1] $r3
	@DEBUG_VALUE: user_svc1_rest_att_info_req_handler:dest_id <- [DW_OP_LLVM_entry_value 1] $r2
	@DEBUG_VALUE: user_svc1_rest_att_info_req_handler:msgid <- [DW_OP_LLVM_entry_value 1] $r0
	@DEBUG_VALUE: user_svc1_rest_att_info_req_handler:param <- $r5
	.p2align	2
	add	r2, pc
	ldrb	r2, [r2, #4]
	lsls	r2, r2, #1
.LCPI10_1:
	add	pc, r2
.Ltmp183:
@ %bb.2:
	.loc	1 0 5 is_stmt 0                 @ ../src/user_custs1_impl.c:0:5
	.p2align	2
.LJTI10_0:
	.byte	(.LBB10_4-(.LCPI10_1+4))/2
	.byte	(.LBB10_6-(.LCPI10_1+4))/2
	.byte	(.LBB10_6-(.LCPI10_1+4))/2
	.byte	(.LBB10_5-(.LCPI10_1+4))/2
	.byte	(.LBB10_6-(.LCPI10_1+4))/2
	.byte	(.LBB10_6-(.LCPI10_1+4))/2
	.byte	(.LBB10_5-(.LCPI10_1+4))/2
	.byte	(.LBB10_3-(.LCPI10_1+4))/2
	.byte	(.LBB10_6-(.LCPI10_1+4))/2
	.byte	(.LBB10_6-(.LCPI10_1+4))/2
	.byte	(.LBB10_4-(.LCPI10_1+4))/2
	.byte	(.LBB10_3-(.LCPI10_1+4))/2
	.byte	(.LBB10_6-(.LCPI10_1+4))/2
	.byte	(.LBB10_6-(.LCPI10_1+4))/2
	.byte	(.LBB10_3-(.LCPI10_1+4))/2
	.byte	(.LBB10_3-(.LCPI10_1+4))/2
	.byte	(.LBB10_6-(.LCPI10_1+4))/2
	.byte	(.LBB10_6-(.LCPI10_1+4))/2
	.byte	(.LBB10_3-(.LCPI10_1+4))/2
	.byte	(.LBB10_3-(.LCPI10_1+4))/2
	.p2align	1
.LBB10_3:
.Ltmp184:
	@DEBUG_VALUE: user_svc1_rest_att_info_req_handler:rsp <- $r0
	@DEBUG_VALUE: user_svc1_rest_att_info_req_handler:src_id <- [DW_OP_LLVM_entry_value 1] $r3
	@DEBUG_VALUE: user_svc1_rest_att_info_req_handler:dest_id <- [DW_OP_LLVM_entry_value 1] $r2
	@DEBUG_VALUE: user_svc1_rest_att_info_req_handler:msgid <- [DW_OP_LLVM_entry_value 1] $r0
	@DEBUG_VALUE: user_svc1_rest_att_info_req_handler:param <- $r5
	movs	r1, #2
.Ltmp185:
	b	.LBB10_7
.Ltmp186:
.LBB10_4:
	@DEBUG_VALUE: user_svc1_rest_att_info_req_handler:rsp <- $r0
	@DEBUG_VALUE: user_svc1_rest_att_info_req_handler:src_id <- [DW_OP_LLVM_entry_value 1] $r3
	@DEBUG_VALUE: user_svc1_rest_att_info_req_handler:dest_id <- [DW_OP_LLVM_entry_value 1] $r2
	@DEBUG_VALUE: user_svc1_rest_att_info_req_handler:msgid <- [DW_OP_LLVM_entry_value 1] $r0
	@DEBUG_VALUE: user_svc1_rest_att_info_req_handler:param <- $r5
	strh	r4, [r0, #4]
	.loc	1 608 13 is_stmt 1              @ ../src/user_custs1_impl.c:608:13
	b	.LBB10_8
.Ltmp187:
.LBB10_5:
	@DEBUG_VALUE: user_svc1_rest_att_info_req_handler:rsp <- $r0
	@DEBUG_VALUE: user_svc1_rest_att_info_req_handler:src_id <- [DW_OP_LLVM_entry_value 1] $r3
	@DEBUG_VALUE: user_svc1_rest_att_info_req_handler:dest_id <- [DW_OP_LLVM_entry_value 1] $r2
	@DEBUG_VALUE: user_svc1_rest_att_info_req_handler:msgid <- [DW_OP_LLVM_entry_value 1] $r0
	@DEBUG_VALUE: user_svc1_rest_att_info_req_handler:param <- $r5
	.loc	1 0 13 is_stmt 0                @ ../src/user_custs1_impl.c:0:13
	movs	r1, #1
	b	.LBB10_7
.Ltmp188:
.LBB10_6:
	@DEBUG_VALUE: user_svc1_rest_att_info_req_handler:rsp <- $r0
	@DEBUG_VALUE: user_svc1_rest_att_info_req_handler:src_id <- [DW_OP_LLVM_entry_value 1] $r3
	@DEBUG_VALUE: user_svc1_rest_att_info_req_handler:dest_id <- [DW_OP_LLVM_entry_value 1] $r2
	@DEBUG_VALUE: user_svc1_rest_att_info_req_handler:msgid <- [DW_OP_LLVM_entry_value 1] $r0
	@DEBUG_VALUE: user_svc1_rest_att_info_req_handler:param <- $r5
	movs	r2, #1
	.loc	1 631 25 is_stmt 1              @ ../src/user_custs1_impl.c:631:25
	strb	r2, [r0, #6]
.Ltmp189:
.LBB10_7:
	@DEBUG_VALUE: user_svc1_rest_att_info_req_handler:rsp <- $r0
	@DEBUG_VALUE: user_svc1_rest_att_info_req_handler:src_id <- [DW_OP_LLVM_entry_value 1] $r3
	@DEBUG_VALUE: user_svc1_rest_att_info_req_handler:dest_id <- [DW_OP_LLVM_entry_value 1] $r2
	@DEBUG_VALUE: user_svc1_rest_att_info_req_handler:msgid <- [DW_OP_LLVM_entry_value 1] $r0
	@DEBUG_VALUE: user_svc1_rest_att_info_req_handler:param <- $r5
	.loc	1 0 0 is_stmt 0                 @ ../src/user_custs1_impl.c:0:0
	strh	r1, [r0, #4]
.Ltmp190:
.LBB10_8:
	@DEBUG_VALUE: user_svc1_rest_att_info_req_handler:rsp <- $r0
	@DEBUG_VALUE: user_svc1_rest_att_info_req_handler:src_id <- [DW_OP_LLVM_entry_value 1] $r3
	@DEBUG_VALUE: user_svc1_rest_att_info_req_handler:dest_id <- [DW_OP_LLVM_entry_value 1] $r2
	@DEBUG_VALUE: user_svc1_rest_att_info_req_handler:msgid <- [DW_OP_LLVM_entry_value 1] $r0
	@DEBUG_VALUE: user_svc1_rest_att_info_req_handler:param <- $r5
	.loc	1 635 5 is_stmt 1               @ ../src/user_custs1_impl.c:635:5
	bl	ke_msg_send
.Ltmp191:
	.loc	1 640 1 epilogue_begin          @ ../src/user_custs1_impl.c:640:1
	pop	{r4, r5, r7, pc}
.Ltmp192:
	.loc	1 0 1 is_stmt 0                 @ :0:1
.Ltmp193:
	.p2align	2
@ %bb.9:
__arm_cp.10_0:
	.long	64782                           @ 0xfd0e
.Lcpi_end22:
	.size	__arm_cp.10_0, .Lcpi_end22-__arm_cp.10_0
.Lfunc_end10:
	.size	user_svc1_rest_att_info_req_handler, .Lfunc_end10-user_svc1_rest_att_info_req_handler
	.cfi_endproc
	.cantunwind
	.fnend
                                        @ -- End function
	.hidden	user_svc1_time_read_req_handler @ -- Begin function user_svc1_time_read_req_handler
	.globl	user_svc1_time_read_req_handler
	.p2align	2
	.type	user_svc1_time_read_req_handler,%function
	.code	16                              @ @user_svc1_time_read_req_handler
	.thumb_func
user_svc1_time_read_req_handler:
.Lfunc_begin11:
	.loc	1 660 0 is_stmt 1               @ ../src/user_custs1_impl.c:660:0
	.fnstart
	.cfi_startproc
@ %bb.0:
	@DEBUG_VALUE: user_svc1_time_read_req_handler:msgid <- $r0
	@DEBUG_VALUE: user_svc1_time_read_req_handler:param <- $r1
	@DEBUG_VALUE: user_svc1_time_read_req_handler:dest_id <- $r2
	@DEBUG_VALUE: user_svc1_time_read_req_handler:src_id <- $r3
	.save	{r4, r5, r6, r7, lr}
	.pad	#4
	push	{r3, r4, r5, r6, r7, lr}
	.cfi_def_cfa_offset 24
	.cfi_offset lr, -4
	.cfi_offset r7, -8
	.cfi_offset r6, -12
	.cfi_offset r5, -16
	.cfi_offset r4, -20
	mov	r5, r1
.Ltmp194:
	@DEBUG_VALUE: user_svc1_time_read_req_handler:param <- $r5
	movs	r0, #253
.Ltmp195:
	@DEBUG_VALUE: user_svc1_time_read_req_handler:msgid <- [DW_OP_LLVM_entry_value 1] $r0
	.loc	1 662 40 prologue_end           @ ../src/user_custs1_impl.c:662:40
	bl	prf_get_task_from_id
.Ltmp196:
	@DEBUG_VALUE: user_svc1_time_read_req_handler:src_id <- [DW_OP_LLVM_entry_value 1] $r3
	@DEBUG_VALUE: user_svc1_time_read_req_handler:dest_id <- [DW_OP_LLVM_entry_value 1] $r2
	mov	r1, r0
	ldr	r0, __arm_cp.11_0
	movs	r2, #4
	movs	r3, #16
	bl	ke_msg_alloc
.Ltmp197:
	mov	r4, r0
.Ltmp198:
	@DEBUG_VALUE: user_svc1_time_read_req_handler:rsp <- $r4
	.loc	1 669 35                        @ ../src/user_custs1_impl.c:669:35
	ldrb	r0, [r5]
	movs	r1, #12
	.loc	1 669 43 is_stmt 0              @ ../src/user_custs1_impl.c:669:43
	muls	r1, r0, r1
	ldr	r0, __arm_cp.11_1
	adds	r0, r0, r1
	ldrb	r0, [r0, #2]
	.loc	1 669 18                        @ ../src/user_custs1_impl.c:669:18
	strb	r0, [r4]
	.loc	1 671 27 is_stmt 1              @ ../src/user_custs1_impl.c:671:27
	ldrh	r0, [r5, #2]
	.loc	1 671 18 is_stmt 0              @ ../src/user_custs1_impl.c:671:18
	strh	r0, [r4, #2]
	movs	r0, #8
	.loc	1 673 18 is_stmt 1              @ ../src/user_custs1_impl.c:673:18
	strh	r0, [r4, #4]
	movs	r0, #58
	.loc	1 683 19                        @ ../src/user_custs1_impl.c:683:19
	strb	r0, [r4, #12]
	.loc	1 680 19                        @ ../src/user_custs1_impl.c:680:19
	strb	r0, [r4, #9]
	movs	r0, #0
	.loc	1 675 18                        @ ../src/user_custs1_impl.c:675:18
	strb	r0, [r4, #6]
	.loc	1 678 28                        @ ../src/user_custs1_impl.c:678:28
	ldr	r6, __arm_cp.11_2
	ldrb	r0, [r6, #3]
	movs	r5, #10
.Ltmp199:
	@DEBUG_VALUE: user_svc1_time_read_req_handler:param <- [DW_OP_LLVM_entry_value 1] $r1
	.loc	1 678 38 is_stmt 0              @ ../src/user_custs1_impl.c:678:38
	mov	r1, r5
	bl	__aeabi_uidiv
.Ltmp200:
	.loc	1 678 25                        @ ../src/user_custs1_impl.c:678:25
	adds	r0, #48
	.loc	1 678 19                        @ ../src/user_custs1_impl.c:678:19
	strb	r0, [r4, #7]
	.loc	1 679 28 is_stmt 1              @ ../src/user_custs1_impl.c:679:28
	ldrb	r0, [r6, #3]
	.loc	1 679 38 is_stmt 0              @ ../src/user_custs1_impl.c:679:38
	mov	r1, r5
	bl	__aeabi_uidivmod
.Ltmp201:
	.loc	1 0 38                          @ ../src/user_custs1_impl.c:0:38
	movs	r7, #48
	.loc	1 679 25                        @ ../src/user_custs1_impl.c:679:25
	orrs	r1, r7
	.loc	1 679 19                        @ ../src/user_custs1_impl.c:679:19
	strb	r1, [r4, #8]
	.loc	1 681 28 is_stmt 1              @ ../src/user_custs1_impl.c:681:28
	ldrb	r0, [r6, #4]
	.loc	1 681 38 is_stmt 0              @ ../src/user_custs1_impl.c:681:38
	mov	r1, r5
	bl	__aeabi_uidiv
.Ltmp202:
	.loc	1 681 25                        @ ../src/user_custs1_impl.c:681:25
	adds	r0, #48
	.loc	1 681 19                        @ ../src/user_custs1_impl.c:681:19
	strb	r0, [r4, #10]
	.loc	1 682 28 is_stmt 1              @ ../src/user_custs1_impl.c:682:28
	ldrb	r0, [r6, #4]
	.loc	1 682 38 is_stmt 0              @ ../src/user_custs1_impl.c:682:38
	mov	r1, r5
	bl	__aeabi_uidivmod
.Ltmp203:
	.loc	1 682 25                        @ ../src/user_custs1_impl.c:682:25
	orrs	r1, r7
	.loc	1 682 19                        @ ../src/user_custs1_impl.c:682:19
	strb	r1, [r4, #11]
	.loc	1 684 28 is_stmt 1              @ ../src/user_custs1_impl.c:684:28
	ldrb	r0, [r6, #5]
	.loc	1 684 38 is_stmt 0              @ ../src/user_custs1_impl.c:684:38
	mov	r1, r5
	bl	__aeabi_uidiv
.Ltmp204:
	.loc	1 684 25                        @ ../src/user_custs1_impl.c:684:25
	adds	r0, #48
	.loc	1 684 19                        @ ../src/user_custs1_impl.c:684:19
	strb	r0, [r4, #13]
	.loc	1 685 28 is_stmt 1              @ ../src/user_custs1_impl.c:685:28
	ldrb	r0, [r6, #5]
	.loc	1 685 38 is_stmt 0              @ ../src/user_custs1_impl.c:685:38
	mov	r1, r5
	bl	__aeabi_uidivmod
.Ltmp205:
	.loc	1 685 25                        @ ../src/user_custs1_impl.c:685:25
	orrs	r1, r7
	.loc	1 685 19                        @ ../src/user_custs1_impl.c:685:19
	strb	r1, [r4, #14]
	.loc	1 691 26 is_stmt 1              @ ../src/user_custs1_impl.c:691:26
	ldrb	r1, [r6, #3]
	.loc	1 691 44 is_stmt 0              @ ../src/user_custs1_impl.c:691:44
	ldrb	r2, [r6, #4]
	.loc	1 691 64                        @ ../src/user_custs1_impl.c:691:64
	ldrb	r3, [r6, #5]
	.loc	1 690 5 is_stmt 1               @ ../src/user_custs1_impl.c:690:5
	adr	r0, .LCPI11_3
	bl	arch_printf
.Ltmp206:
	.loc	1 692 5                         @ ../src/user_custs1_impl.c:692:5
	bl	arch_printf_flush
.Ltmp207:
	.loc	1 696 5                         @ ../src/user_custs1_impl.c:696:5
	mov	r0, r4
	bl	ke_msg_send
.Ltmp208:
	.loc	1 701 1 epilogue_begin          @ ../src/user_custs1_impl.c:701:1
	pop	{r3, r4, r5, r6, r7, pc}
.Ltmp209:
	.loc	1 0 1 is_stmt 0                 @ :0:1
.Ltmp210:
	.p2align	2
@ %bb.1:
__arm_cp.11_0:
	.long	64773                           @ 0xfd05
.Lcpi_end23:
	.size	__arm_cp.11_0, .Lcpi_end23-__arm_cp.11_0
__arm_cp.11_1:
	.long	app_env
.Lcpi_end24:
	.size	__arm_cp.11_1, .Lcpi_end24-__arm_cp.11_1
__arm_cp.11_2:
	.long	.L_MergedGlobals
.Lcpi_end25:
	.size	__arm_cp.11_2, .Lcpi_end25-__arm_cp.11_2
.LCPI11_3:
.L.str.9:
	.asciz	"[BLE] READ Time: %02d:%02d:%02d\r\n\000\000"
.Lfunc_end11:
	.size	user_svc1_time_read_req_handler, .Lfunc_end11-user_svc1_time_read_req_handler
	.cfi_endproc
	.cantunwind
	.fnend
                                        @ -- End function
	.hidden	s_outputs_mask                  @ @s_outputs_mask
	.type	s_outputs_mask,%object
	.section	.bss.s_outputs_mask,"aw",%nobits
	.globl	s_outputs_mask
s_outputs_mask:
	.byte	0                               @ 0x0
	.size	s_outputs_mask, 1

	.type	.L.str.4,%object                @ @.str.4
	.section	.rodata.str1.1,"aMS",%progbits,1
.L.str.4:
	.asciz	"ON"
	.size	.L.str.4, 3

	.type	.L.str.5,%object                @ @.str.5
.L.str.5:
	.asciz	"OFF"
	.size	.L.str.5, 4

	.type	.L_MergedGlobals,%object        @ @_MergedGlobals
	.section	.bss..L_MergedGlobals,"aw",%nobits
	.p2align	2, 0x0
.L_MergedGlobals:
	.zero	24
	.size	.L_MergedGlobals, 24

	.globl	s_buttons_ntf_enabled
	.hidden	s_buttons_ntf_enabled
.set s_buttons_ntf_enabled, .L_MergedGlobals
	.size	s_buttons_ntf_enabled, 1
	.globl	s_time_ntf_enabled
	.hidden	s_time_ntf_enabled
.set s_time_ntf_enabled, .L_MergedGlobals+1
	.size	s_time_ntf_enabled, 1
	.globl	s_buttons_mask
	.hidden	s_buttons_mask
.set s_buttons_mask, .L_MergedGlobals+2
	.size	s_buttons_mask, 1
	.globl	s_hours
	.hidden	s_hours
.set s_hours, .L_MergedGlobals+3
	.size	s_hours, 1
	.globl	s_minutes
	.hidden	s_minutes
.set s_minutes, .L_MergedGlobals+4
	.size	s_minutes, 1
	.globl	s_seconds
	.hidden	s_seconds
.set s_seconds, .L_MergedGlobals+5
	.size	s_seconds, 1
	.globl	s_tick_timer
	.hidden	s_tick_timer
.set s_tick_timer, .L_MergedGlobals+6
	.size	s_tick_timer, 1
	.globl	s_connected
	.hidden	s_connected
.set s_connected, .L_MergedGlobals+7
	.size	s_connected, 1
	.globl	s_aht20_ready
	.hidden	s_aht20_ready
.set s_aht20_ready, .L_MergedGlobals+8
	.size	s_aht20_ready, 1
	.globl	s_temp_ntf_enabled
	.hidden	s_temp_ntf_enabled
.set s_temp_ntf_enabled, .L_MergedGlobals+9
	.size	s_temp_ntf_enabled, 1
	.globl	s_hum_ntf_enabled
	.hidden	s_hum_ntf_enabled
.set s_hum_ntf_enabled, .L_MergedGlobals+10
	.size	s_hum_ntf_enabled, 1
	.globl	s_aht20_present
	.hidden	s_aht20_present
.set s_aht20_present, .L_MergedGlobals+11
	.size	s_aht20_present, 1
	.globl	s_temperature_x10
	.hidden	s_temperature_x10
.set s_temperature_x10, .L_MergedGlobals+12
	.size	s_temperature_x10, 2
	.globl	s_humidity_x10
	.hidden	s_humidity_x10
.set s_humidity_x10, .L_MergedGlobals+14
	.size	s_humidity_x10, 2
	.globl	s_epoch
	.hidden	s_epoch
.set s_epoch, .L_MergedGlobals+16
	.size	s_epoch, 4
	.globl	s_epoch_written
	.hidden	s_epoch_written
.set s_epoch_written, .L_MergedGlobals+20
	.size	s_epoch_written, 4
	.file	9 "C:\\Users\\teodor\\Desktop\\stem\\codeless\\6.0.24.1464\\projects\\target_apps\\ble_examples\\empty_peripheral_template\\Keil_5" "./../../../../../sdk/platform/core_modules/ke/api\\ke_msg.h"
	.section	.debug_loc,"",%progbits
.Ldebug_loc0:
	.long	.Ltmp0-.Lfunc_begin0
	.long	.Ltmp4-.Lfunc_begin0
	.short	2                               @ Loc expr size
	.byte	48                              @ DW_OP_lit0
	.byte	159                             @ DW_OP_stack_value
	.long	.Ltmp4-.Lfunc_begin0
	.long	.Ltmp9-.Lfunc_begin0
	.short	1                               @ Loc expr size
	.byte	85                              @ DW_OP_reg5
	.long	0
	.long	0
.Ldebug_loc1:
	.long	.Ltmp16-.Lfunc_begin0
	.long	.Ltmp30-.Lfunc_begin0
	.short	1                               @ Loc expr size
	.byte	84                              @ DW_OP_reg4
	.long	0
	.long	0
.Ldebug_loc2:
	.long	.Ltmp34-.Lfunc_begin0
	.long	.Ltmp35-.Lfunc_begin0
	.short	14                              @ Loc expr size
	.byte	112                             @ DW_OP_breg0
	.byte	0                               @ 0
	.byte	18                              @ DW_OP_dup
	.byte	16                              @ DW_OP_constu
	.byte	15                              @ 15
	.byte	37                              @ DW_OP_shr
	.byte	48                              @ DW_OP_lit0
	.byte	32                              @ DW_OP_not
	.byte	30                              @ DW_OP_mul
	.byte	16                              @ DW_OP_constu
	.byte	16                              @ 16
	.byte	36                              @ DW_OP_shl
	.byte	33                              @ DW_OP_or
	.byte	159                             @ DW_OP_stack_value
	.long	0
	.long	0
.Ldebug_loc3:
	.long	.Ltmp36-.Lfunc_begin0
	.long	.Ltmp37-.Lfunc_begin0
	.short	3                               @ Loc expr size
	.byte	113                             @ DW_OP_breg1
	.byte	0                               @ 0
	.byte	159                             @ DW_OP_stack_value
	.long	0
	.long	0
.Ldebug_loc4:
	.long	.Ltmp43-.Lfunc_begin0
	.long	.Ltmp45-.Lfunc_begin0
	.short	1                               @ Loc expr size
	.byte	80                              @ DW_OP_reg0
	.long	0
	.long	0
.Ldebug_loc5:
	.long	.Ltmp44-.Lfunc_begin0
	.long	.Ltmp45-.Lfunc_begin0
	.short	1                               @ Loc expr size
	.byte	81                              @ DW_OP_reg1
	.long	0
	.long	0
.Ldebug_loc6:
	.long	.Ltmp49-.Lfunc_begin0
	.long	.Ltmp51-.Lfunc_begin0
	.short	1                               @ Loc expr size
	.byte	80                              @ DW_OP_reg0
	.long	0
	.long	0
.Ldebug_loc7:
	.long	.Ltmp50-.Lfunc_begin0
	.long	.Ltmp51-.Lfunc_begin0
	.short	1                               @ Loc expr size
	.byte	81                              @ DW_OP_reg1
	.long	0
	.long	0
.Ldebug_loc8:
	.long	.Ltmp56-.Lfunc_begin0
	.long	.Ltmp63-.Lfunc_begin0
	.short	1                               @ Loc expr size
	.byte	84                              @ DW_OP_reg4
	.long	0
	.long	0
.Ldebug_loc9:
	.long	.Ltmp67-.Lfunc_begin0
	.long	.Ltmp68-.Lfunc_begin0
	.short	1                               @ Loc expr size
	.byte	80                              @ DW_OP_reg0
	.long	0
	.long	0
.Ldebug_loc10:
	.long	.Lfunc_begin4-.Lfunc_begin0
	.long	.Ltmp83-.Lfunc_begin0
	.short	1                               @ Loc expr size
	.byte	80                              @ DW_OP_reg0
	.long	.Ltmp83-.Lfunc_begin0
	.long	.Ltmp98-.Lfunc_begin0
	.short	4                               @ Loc expr size
	.byte	243                             @ DW_OP_GNU_entry_value
	.byte	1                               @ 1
	.byte	80                              @ DW_OP_reg0
	.byte	159                             @ DW_OP_stack_value
	.long	0
	.long	0
.Ldebug_loc11:
	.long	.Lfunc_begin4-.Lfunc_begin0
	.long	.Ltmp84-.Lfunc_begin0
	.short	1                               @ Loc expr size
	.byte	81                              @ DW_OP_reg1
	.long	.Ltmp84-.Lfunc_begin0
	.long	.Ltmp98-.Lfunc_begin0
	.short	4                               @ Loc expr size
	.byte	243                             @ DW_OP_GNU_entry_value
	.byte	1                               @ 1
	.byte	81                              @ DW_OP_reg1
	.byte	159                             @ DW_OP_stack_value
	.long	0
	.long	0
.Ldebug_loc12:
	.long	.Lfunc_begin4-.Lfunc_begin0
	.long	.Ltmp87-.Lfunc_begin0
	.short	1                               @ Loc expr size
	.byte	82                              @ DW_OP_reg2
	.long	.Ltmp87-.Lfunc_begin0
	.long	.Ltmp88-.Lfunc_begin0
	.short	4                               @ Loc expr size
	.byte	243                             @ DW_OP_GNU_entry_value
	.byte	1                               @ 1
	.byte	82                              @ DW_OP_reg2
	.byte	159                             @ DW_OP_stack_value
	.long	.Ltmp88-.Lfunc_begin0
	.long	.Ltmp89-.Lfunc_begin0
	.short	1                               @ Loc expr size
	.byte	82                              @ DW_OP_reg2
	.long	.Ltmp89-.Lfunc_begin0
	.long	.Ltmp98-.Lfunc_begin0
	.short	4                               @ Loc expr size
	.byte	243                             @ DW_OP_GNU_entry_value
	.byte	1                               @ 1
	.byte	82                              @ DW_OP_reg2
	.byte	159                             @ DW_OP_stack_value
	.long	0
	.long	0
.Ldebug_loc13:
	.long	.Lfunc_begin4-.Lfunc_begin0
	.long	.Ltmp87-.Lfunc_begin0
	.short	1                               @ Loc expr size
	.byte	83                              @ DW_OP_reg3
	.long	.Ltmp87-.Lfunc_begin0
	.long	.Ltmp88-.Lfunc_begin0
	.short	4                               @ Loc expr size
	.byte	243                             @ DW_OP_GNU_entry_value
	.byte	1                               @ 1
	.byte	83                              @ DW_OP_reg3
	.byte	159                             @ DW_OP_stack_value
	.long	.Ltmp88-.Lfunc_begin0
	.long	.Ltmp89-.Lfunc_begin0
	.short	1                               @ Loc expr size
	.byte	83                              @ DW_OP_reg3
	.long	.Ltmp89-.Lfunc_begin0
	.long	.Ltmp98-.Lfunc_begin0
	.short	4                               @ Loc expr size
	.byte	243                             @ DW_OP_GNU_entry_value
	.byte	1                               @ 1
	.byte	83                              @ DW_OP_reg3
	.byte	159                             @ DW_OP_stack_value
	.long	0
	.long	0
.Ldebug_loc14:
	.long	.Ltmp82-.Lfunc_begin0
	.long	.Ltmp98-.Lfunc_begin0
	.short	1                               @ Loc expr size
	.byte	84                              @ DW_OP_reg4
	.long	0
	.long	0
.Ldebug_loc15:
	.long	.Lfunc_begin5-.Lfunc_begin0
	.long	.Ltmp101-.Lfunc_begin0
	.short	1                               @ Loc expr size
	.byte	80                              @ DW_OP_reg0
	.long	.Ltmp101-.Lfunc_begin0
	.long	.Ltmp130-.Lfunc_begin0
	.short	4                               @ Loc expr size
	.byte	243                             @ DW_OP_GNU_entry_value
	.byte	1                               @ 1
	.byte	80                              @ DW_OP_reg0
	.byte	159                             @ DW_OP_stack_value
	.long	0
	.long	0
.Ldebug_loc16:
	.long	.Lfunc_begin5-.Lfunc_begin0
	.long	.Ltmp103-.Lfunc_begin0
	.short	1                               @ Loc expr size
	.byte	81                              @ DW_OP_reg1
	.long	.Ltmp103-.Lfunc_begin0
	.long	.Ltmp130-.Lfunc_begin0
	.short	4                               @ Loc expr size
	.byte	243                             @ DW_OP_GNU_entry_value
	.byte	1                               @ 1
	.byte	81                              @ DW_OP_reg1
	.byte	159                             @ DW_OP_stack_value
	.long	0
	.long	0
.Ldebug_loc17:
	.long	.Lfunc_begin5-.Lfunc_begin0
	.long	.Ltmp100-.Lfunc_begin0
	.short	1                               @ Loc expr size
	.byte	82                              @ DW_OP_reg2
	.long	.Ltmp100-.Lfunc_begin0
	.long	.Ltmp130-.Lfunc_begin0
	.short	4                               @ Loc expr size
	.byte	243                             @ DW_OP_GNU_entry_value
	.byte	1                               @ 1
	.byte	82                              @ DW_OP_reg2
	.byte	159                             @ DW_OP_stack_value
	.long	0
	.long	0
.Ldebug_loc18:
	.long	.Lfunc_begin5-.Lfunc_begin0
	.long	.Ltmp104-.Lfunc_begin0
	.short	1                               @ Loc expr size
	.byte	83                              @ DW_OP_reg3
	.long	.Ltmp104-.Lfunc_begin0
	.long	.Ltmp130-.Lfunc_begin0
	.short	4                               @ Loc expr size
	.byte	243                             @ DW_OP_GNU_entry_value
	.byte	1                               @ 1
	.byte	83                              @ DW_OP_reg3
	.byte	159                             @ DW_OP_stack_value
	.long	0
	.long	0
.Ldebug_loc19:
	.long	.Ltmp102-.Lfunc_begin0
	.long	.Ltmp104-.Lfunc_begin0
	.short	2                               @ Loc expr size
	.byte	48                              @ DW_OP_lit0
	.byte	159                             @ DW_OP_stack_value
	.long	.Ltmp104-.Lfunc_begin0
	.long	.Ltmp121-.Lfunc_begin0
	.short	1                               @ Loc expr size
	.byte	80                              @ DW_OP_reg0
	.long	0
	.long	0
.Ldebug_loc20:
	.long	.Ltmp102-.Lfunc_begin0
	.long	.Ltmp104-.Lfunc_begin0
	.short	2                               @ Loc expr size
	.byte	48                              @ DW_OP_lit0
	.byte	159                             @ DW_OP_stack_value
	.long	.Ltmp104-.Lfunc_begin0
	.long	.Ltmp110-.Lfunc_begin0
	.short	1                               @ Loc expr size
	.byte	83                              @ DW_OP_reg3
	.long	.Ltmp110-.Lfunc_begin0
	.long	.Ltmp111-.Lfunc_begin0
	.short	2                               @ Loc expr size
	.byte	125                             @ DW_OP_breg13
	.byte	4                               @ 4
	.long	.Ltmp111-.Lfunc_begin0
	.long	.Ltmp117-.Lfunc_begin0
	.short	1                               @ Loc expr size
	.byte	83                              @ DW_OP_reg3
	.long	0
	.long	0
.Ldebug_loc21:
	.long	.Ltmp107-.Lfunc_begin0
	.long	.Ltmp109-.Lfunc_begin0
	.short	1                               @ Loc expr size
	.byte	86                              @ DW_OP_reg6
	.long	.Ltmp112-.Lfunc_begin0
	.long	.Ltmp114-.Lfunc_begin0
	.short	1                               @ Loc expr size
	.byte	86                              @ DW_OP_reg6
	.long	0
	.long	0
.Ldebug_loc22:
	.long	.Ltmp118-.Lfunc_begin0
	.long	.Ltmp128-.Lfunc_begin0
	.short	1                               @ Loc expr size
	.byte	81                              @ DW_OP_reg1
	.long	0
	.long	0
.Ldebug_loc23:
	.long	.Ltmp122-.Lfunc_begin0
	.long	.Ltmp128-.Lfunc_begin0
	.short	1                               @ Loc expr size
	.byte	82                              @ DW_OP_reg2
	.long	0
	.long	0
.Ldebug_loc24:
	.long	.Ltmp125-.Lfunc_begin0
	.long	.Ltmp128-.Lfunc_begin0
	.short	1                               @ Loc expr size
	.byte	83                              @ DW_OP_reg3
	.long	0
	.long	0
.Ldebug_loc25:
	.long	.Lfunc_begin6-.Lfunc_begin0
	.long	.Ltmp133-.Lfunc_begin0
	.short	1                               @ Loc expr size
	.byte	80                              @ DW_OP_reg0
	.long	.Ltmp133-.Lfunc_begin0
	.long	.Ltmp141-.Lfunc_begin0
	.short	4                               @ Loc expr size
	.byte	243                             @ DW_OP_GNU_entry_value
	.byte	1                               @ 1
	.byte	80                              @ DW_OP_reg0
	.byte	159                             @ DW_OP_stack_value
	.long	0
	.long	0
.Ldebug_loc26:
	.long	.Lfunc_begin6-.Lfunc_begin0
	.long	.Ltmp134-.Lfunc_begin0
	.short	1                               @ Loc expr size
	.byte	81                              @ DW_OP_reg1
	.long	.Ltmp134-.Lfunc_begin0
	.long	.Ltmp141-.Lfunc_begin0
	.short	4                               @ Loc expr size
	.byte	243                             @ DW_OP_GNU_entry_value
	.byte	1                               @ 1
	.byte	81                              @ DW_OP_reg1
	.byte	159                             @ DW_OP_stack_value
	.long	0
	.long	0
.Ldebug_loc27:
	.long	.Lfunc_begin6-.Lfunc_begin0
	.long	.Ltmp139-.Lfunc_begin0
	.short	1                               @ Loc expr size
	.byte	82                              @ DW_OP_reg2
	.long	.Ltmp139-.Lfunc_begin0
	.long	.Ltmp141-.Lfunc_begin0
	.short	4                               @ Loc expr size
	.byte	243                             @ DW_OP_GNU_entry_value
	.byte	1                               @ 1
	.byte	82                              @ DW_OP_reg2
	.byte	159                             @ DW_OP_stack_value
	.long	0
	.long	0
.Ldebug_loc28:
	.long	.Lfunc_begin6-.Lfunc_begin0
	.long	.Ltmp139-.Lfunc_begin0
	.short	1                               @ Loc expr size
	.byte	83                              @ DW_OP_reg3
	.long	.Ltmp139-.Lfunc_begin0
	.long	.Ltmp141-.Lfunc_begin0
	.short	4                               @ Loc expr size
	.byte	243                             @ DW_OP_GNU_entry_value
	.byte	1                               @ 1
	.byte	83                              @ DW_OP_reg3
	.byte	159                             @ DW_OP_stack_value
	.long	0
	.long	0
.Ldebug_loc29:
	.long	.Ltmp133-.Lfunc_begin0
	.long	.Ltmp135-.Lfunc_begin0
	.short	9                               @ Loc expr size
	.byte	48                              @ DW_OP_lit0
	.byte	112                             @ DW_OP_breg0
	.byte	0                               @ 0
	.byte	16                              @ DW_OP_constu
	.byte	255                             @ 255
	.byte	1                               @ 
	.byte	26                              @ DW_OP_and
	.byte	33                              @ DW_OP_or
	.byte	159                             @ DW_OP_stack_value
	.long	0
	.long	0
.Ldebug_loc30:
	.long	.Lfunc_begin7-.Lfunc_begin0
	.long	.Ltmp144-.Lfunc_begin0
	.short	1                               @ Loc expr size
	.byte	80                              @ DW_OP_reg0
	.long	.Ltmp144-.Lfunc_begin0
	.long	.Ltmp152-.Lfunc_begin0
	.short	4                               @ Loc expr size
	.byte	243                             @ DW_OP_GNU_entry_value
	.byte	1                               @ 1
	.byte	80                              @ DW_OP_reg0
	.byte	159                             @ DW_OP_stack_value
	.long	0
	.long	0
.Ldebug_loc31:
	.long	.Lfunc_begin7-.Lfunc_begin0
	.long	.Ltmp145-.Lfunc_begin0
	.short	1                               @ Loc expr size
	.byte	81                              @ DW_OP_reg1
	.long	.Ltmp145-.Lfunc_begin0
	.long	.Ltmp152-.Lfunc_begin0
	.short	4                               @ Loc expr size
	.byte	243                             @ DW_OP_GNU_entry_value
	.byte	1                               @ 1
	.byte	81                              @ DW_OP_reg1
	.byte	159                             @ DW_OP_stack_value
	.long	0
	.long	0
.Ldebug_loc32:
	.long	.Lfunc_begin7-.Lfunc_begin0
	.long	.Ltmp150-.Lfunc_begin0
	.short	1                               @ Loc expr size
	.byte	82                              @ DW_OP_reg2
	.long	.Ltmp150-.Lfunc_begin0
	.long	.Ltmp152-.Lfunc_begin0
	.short	4                               @ Loc expr size
	.byte	243                             @ DW_OP_GNU_entry_value
	.byte	1                               @ 1
	.byte	82                              @ DW_OP_reg2
	.byte	159                             @ DW_OP_stack_value
	.long	0
	.long	0
.Ldebug_loc33:
	.long	.Lfunc_begin7-.Lfunc_begin0
	.long	.Ltmp150-.Lfunc_begin0
	.short	1                               @ Loc expr size
	.byte	83                              @ DW_OP_reg3
	.long	.Ltmp150-.Lfunc_begin0
	.long	.Ltmp152-.Lfunc_begin0
	.short	4                               @ Loc expr size
	.byte	243                             @ DW_OP_GNU_entry_value
	.byte	1                               @ 1
	.byte	83                              @ DW_OP_reg3
	.byte	159                             @ DW_OP_stack_value
	.long	0
	.long	0
.Ldebug_loc34:
	.long	.Ltmp144-.Lfunc_begin0
	.long	.Ltmp146-.Lfunc_begin0
	.short	9                               @ Loc expr size
	.byte	48                              @ DW_OP_lit0
	.byte	112                             @ DW_OP_breg0
	.byte	0                               @ 0
	.byte	16                              @ DW_OP_constu
	.byte	255                             @ 255
	.byte	1                               @ 
	.byte	26                              @ DW_OP_and
	.byte	33                              @ DW_OP_or
	.byte	159                             @ DW_OP_stack_value
	.long	0
	.long	0
.Ldebug_loc35:
	.long	.Lfunc_begin8-.Lfunc_begin0
	.long	.Ltmp155-.Lfunc_begin0
	.short	1                               @ Loc expr size
	.byte	80                              @ DW_OP_reg0
	.long	.Ltmp155-.Lfunc_begin0
	.long	.Ltmp163-.Lfunc_begin0
	.short	4                               @ Loc expr size
	.byte	243                             @ DW_OP_GNU_entry_value
	.byte	1                               @ 1
	.byte	80                              @ DW_OP_reg0
	.byte	159                             @ DW_OP_stack_value
	.long	0
	.long	0
.Ldebug_loc36:
	.long	.Lfunc_begin8-.Lfunc_begin0
	.long	.Ltmp156-.Lfunc_begin0
	.short	1                               @ Loc expr size
	.byte	81                              @ DW_OP_reg1
	.long	.Ltmp156-.Lfunc_begin0
	.long	.Ltmp163-.Lfunc_begin0
	.short	4                               @ Loc expr size
	.byte	243                             @ DW_OP_GNU_entry_value
	.byte	1                               @ 1
	.byte	81                              @ DW_OP_reg1
	.byte	159                             @ DW_OP_stack_value
	.long	0
	.long	0
.Ldebug_loc37:
	.long	.Lfunc_begin8-.Lfunc_begin0
	.long	.Ltmp161-.Lfunc_begin0
	.short	1                               @ Loc expr size
	.byte	82                              @ DW_OP_reg2
	.long	.Ltmp161-.Lfunc_begin0
	.long	.Ltmp163-.Lfunc_begin0
	.short	4                               @ Loc expr size
	.byte	243                             @ DW_OP_GNU_entry_value
	.byte	1                               @ 1
	.byte	82                              @ DW_OP_reg2
	.byte	159                             @ DW_OP_stack_value
	.long	0
	.long	0
.Ldebug_loc38:
	.long	.Lfunc_begin8-.Lfunc_begin0
	.long	.Ltmp161-.Lfunc_begin0
	.short	1                               @ Loc expr size
	.byte	83                              @ DW_OP_reg3
	.long	.Ltmp161-.Lfunc_begin0
	.long	.Ltmp163-.Lfunc_begin0
	.short	4                               @ Loc expr size
	.byte	243                             @ DW_OP_GNU_entry_value
	.byte	1                               @ 1
	.byte	83                              @ DW_OP_reg3
	.byte	159                             @ DW_OP_stack_value
	.long	0
	.long	0
.Ldebug_loc39:
	.long	.Ltmp155-.Lfunc_begin0
	.long	.Ltmp157-.Lfunc_begin0
	.short	9                               @ Loc expr size
	.byte	48                              @ DW_OP_lit0
	.byte	112                             @ DW_OP_breg0
	.byte	0                               @ 0
	.byte	16                              @ DW_OP_constu
	.byte	255                             @ 255
	.byte	1                               @ 
	.byte	26                              @ DW_OP_and
	.byte	33                              @ DW_OP_or
	.byte	159                             @ DW_OP_stack_value
	.long	0
	.long	0
.Ldebug_loc40:
	.long	.Lfunc_begin9-.Lfunc_begin0
	.long	.Ltmp166-.Lfunc_begin0
	.short	1                               @ Loc expr size
	.byte	80                              @ DW_OP_reg0
	.long	.Ltmp166-.Lfunc_begin0
	.long	.Ltmp174-.Lfunc_begin0
	.short	4                               @ Loc expr size
	.byte	243                             @ DW_OP_GNU_entry_value
	.byte	1                               @ 1
	.byte	80                              @ DW_OP_reg0
	.byte	159                             @ DW_OP_stack_value
	.long	0
	.long	0
.Ldebug_loc41:
	.long	.Lfunc_begin9-.Lfunc_begin0
	.long	.Ltmp167-.Lfunc_begin0
	.short	1                               @ Loc expr size
	.byte	81                              @ DW_OP_reg1
	.long	.Ltmp167-.Lfunc_begin0
	.long	.Ltmp174-.Lfunc_begin0
	.short	4                               @ Loc expr size
	.byte	243                             @ DW_OP_GNU_entry_value
	.byte	1                               @ 1
	.byte	81                              @ DW_OP_reg1
	.byte	159                             @ DW_OP_stack_value
	.long	0
	.long	0
.Ldebug_loc42:
	.long	.Lfunc_begin9-.Lfunc_begin0
	.long	.Ltmp172-.Lfunc_begin0
	.short	1                               @ Loc expr size
	.byte	82                              @ DW_OP_reg2
	.long	.Ltmp172-.Lfunc_begin0
	.long	.Ltmp174-.Lfunc_begin0
	.short	4                               @ Loc expr size
	.byte	243                             @ DW_OP_GNU_entry_value
	.byte	1                               @ 1
	.byte	82                              @ DW_OP_reg2
	.byte	159                             @ DW_OP_stack_value
	.long	0
	.long	0
.Ldebug_loc43:
	.long	.Lfunc_begin9-.Lfunc_begin0
	.long	.Ltmp172-.Lfunc_begin0
	.short	1                               @ Loc expr size
	.byte	83                              @ DW_OP_reg3
	.long	.Ltmp172-.Lfunc_begin0
	.long	.Ltmp174-.Lfunc_begin0
	.short	4                               @ Loc expr size
	.byte	243                             @ DW_OP_GNU_entry_value
	.byte	1                               @ 1
	.byte	83                              @ DW_OP_reg3
	.byte	159                             @ DW_OP_stack_value
	.long	0
	.long	0
.Ldebug_loc44:
	.long	.Ltmp166-.Lfunc_begin0
	.long	.Ltmp168-.Lfunc_begin0
	.short	9                               @ Loc expr size
	.byte	48                              @ DW_OP_lit0
	.byte	112                             @ DW_OP_breg0
	.byte	0                               @ 0
	.byte	16                              @ DW_OP_constu
	.byte	255                             @ 255
	.byte	1                               @ 
	.byte	26                              @ DW_OP_and
	.byte	33                              @ DW_OP_or
	.byte	159                             @ DW_OP_stack_value
	.long	0
	.long	0
.Ldebug_loc45:
	.long	.Lfunc_begin10-.Lfunc_begin0
	.long	.Ltmp177-.Lfunc_begin0
	.short	1                               @ Loc expr size
	.byte	80                              @ DW_OP_reg0
	.long	.Ltmp177-.Lfunc_begin0
	.long	.Ltmp183-.Lfunc_begin0
	.short	4                               @ Loc expr size
	.byte	243                             @ DW_OP_GNU_entry_value
	.byte	1                               @ 1
	.byte	80                              @ DW_OP_reg0
	.byte	159                             @ DW_OP_stack_value
	.long	.Ltmp184-.Lfunc_begin0
	.long	.Ltmp192-.Lfunc_begin0
	.short	4                               @ Loc expr size
	.byte	243                             @ DW_OP_GNU_entry_value
	.byte	1                               @ 1
	.byte	80                              @ DW_OP_reg0
	.byte	159                             @ DW_OP_stack_value
	.long	0
	.long	0
.Ldebug_loc46:
	.long	.Lfunc_begin10-.Lfunc_begin0
	.long	.Ltmp176-.Lfunc_begin0
	.short	1                               @ Loc expr size
	.byte	81                              @ DW_OP_reg1
	.long	.Ltmp176-.Lfunc_begin0
	.long	.Ltmp183-.Lfunc_begin0
	.short	1                               @ Loc expr size
	.byte	85                              @ DW_OP_reg5
	.long	.Ltmp184-.Lfunc_begin0
	.long	.Ltmp192-.Lfunc_begin0
	.short	1                               @ Loc expr size
	.byte	85                              @ DW_OP_reg5
	.long	0
	.long	0
.Ldebug_loc47:
	.long	.Lfunc_begin10-.Lfunc_begin0
	.long	.Ltmp178-.Lfunc_begin0
	.short	1                               @ Loc expr size
	.byte	82                              @ DW_OP_reg2
	.long	.Ltmp178-.Lfunc_begin0
	.long	.Ltmp183-.Lfunc_begin0
	.short	4                               @ Loc expr size
	.byte	243                             @ DW_OP_GNU_entry_value
	.byte	1                               @ 1
	.byte	82                              @ DW_OP_reg2
	.byte	159                             @ DW_OP_stack_value
	.long	.Ltmp184-.Lfunc_begin0
	.long	.Ltmp192-.Lfunc_begin0
	.short	4                               @ Loc expr size
	.byte	243                             @ DW_OP_GNU_entry_value
	.byte	1                               @ 1
	.byte	82                              @ DW_OP_reg2
	.byte	159                             @ DW_OP_stack_value
	.long	0
	.long	0
.Ldebug_loc48:
	.long	.Lfunc_begin10-.Lfunc_begin0
	.long	.Ltmp180-.Lfunc_begin0
	.short	1                               @ Loc expr size
	.byte	83                              @ DW_OP_reg3
	.long	.Ltmp180-.Lfunc_begin0
	.long	.Ltmp183-.Lfunc_begin0
	.short	4                               @ Loc expr size
	.byte	243                             @ DW_OP_GNU_entry_value
	.byte	1                               @ 1
	.byte	83                              @ DW_OP_reg3
	.byte	159                             @ DW_OP_stack_value
	.long	.Ltmp184-.Lfunc_begin0
	.long	.Ltmp192-.Lfunc_begin0
	.short	4                               @ Loc expr size
	.byte	243                             @ DW_OP_GNU_entry_value
	.byte	1                               @ 1
	.byte	83                              @ DW_OP_reg3
	.byte	159                             @ DW_OP_stack_value
	.long	0
	.long	0
.Ldebug_loc49:
	.long	.Ltmp181-.Lfunc_begin0
	.long	.Ltmp183-.Lfunc_begin0
	.short	1                               @ Loc expr size
	.byte	80                              @ DW_OP_reg0
	.long	.Ltmp184-.Lfunc_begin0
	.long	.Ltmp191-.Lfunc_begin0
	.short	1                               @ Loc expr size
	.byte	80                              @ DW_OP_reg0
	.long	0
	.long	0
.Ldebug_loc50:
	.long	.Lfunc_begin11-.Lfunc_begin0
	.long	.Ltmp195-.Lfunc_begin0
	.short	1                               @ Loc expr size
	.byte	80                              @ DW_OP_reg0
	.long	.Ltmp195-.Lfunc_begin0
	.long	.Ltmp209-.Lfunc_begin0
	.short	4                               @ Loc expr size
	.byte	243                             @ DW_OP_GNU_entry_value
	.byte	1                               @ 1
	.byte	80                              @ DW_OP_reg0
	.byte	159                             @ DW_OP_stack_value
	.long	0
	.long	0
.Ldebug_loc51:
	.long	.Lfunc_begin11-.Lfunc_begin0
	.long	.Ltmp194-.Lfunc_begin0
	.short	1                               @ Loc expr size
	.byte	81                              @ DW_OP_reg1
	.long	.Ltmp194-.Lfunc_begin0
	.long	.Ltmp199-.Lfunc_begin0
	.short	1                               @ Loc expr size
	.byte	85                              @ DW_OP_reg5
	.long	.Ltmp199-.Lfunc_begin0
	.long	.Ltmp209-.Lfunc_begin0
	.short	4                               @ Loc expr size
	.byte	243                             @ DW_OP_GNU_entry_value
	.byte	1                               @ 1
	.byte	81                              @ DW_OP_reg1
	.byte	159                             @ DW_OP_stack_value
	.long	0
	.long	0
.Ldebug_loc52:
	.long	.Lfunc_begin11-.Lfunc_begin0
	.long	.Ltmp196-.Lfunc_begin0
	.short	1                               @ Loc expr size
	.byte	82                              @ DW_OP_reg2
	.long	.Ltmp196-.Lfunc_begin0
	.long	.Ltmp209-.Lfunc_begin0
	.short	4                               @ Loc expr size
	.byte	243                             @ DW_OP_GNU_entry_value
	.byte	1                               @ 1
	.byte	82                              @ DW_OP_reg2
	.byte	159                             @ DW_OP_stack_value
	.long	0
	.long	0
.Ldebug_loc53:
	.long	.Lfunc_begin11-.Lfunc_begin0
	.long	.Ltmp196-.Lfunc_begin0
	.short	1                               @ Loc expr size
	.byte	83                              @ DW_OP_reg3
	.long	.Ltmp196-.Lfunc_begin0
	.long	.Ltmp209-.Lfunc_begin0
	.short	4                               @ Loc expr size
	.byte	243                             @ DW_OP_GNU_entry_value
	.byte	1                               @ 1
	.byte	83                              @ DW_OP_reg3
	.byte	159                             @ DW_OP_stack_value
	.long	0
	.long	0
.Ldebug_loc54:
	.long	.Ltmp198-.Lfunc_begin0
	.long	.Ltmp209-.Lfunc_begin0
	.short	1                               @ Loc expr size
	.byte	84                              @ DW_OP_reg4
	.long	0
	.long	0
	.section	.debug_abbrev,"",%progbits
	.byte	1                               @ Abbreviation Code
	.byte	17                              @ DW_TAG_compile_unit
	.byte	1                               @ DW_CHILDREN_yes
	.byte	37                              @ DW_AT_producer
	.byte	14                              @ DW_FORM_strp
	.byte	19                              @ DW_AT_language
	.byte	5                               @ DW_FORM_data2
	.byte	3                               @ DW_AT_name
	.byte	14                              @ DW_FORM_strp
	.byte	16                              @ DW_AT_stmt_list
	.byte	23                              @ DW_FORM_sec_offset
	.byte	27                              @ DW_AT_comp_dir
	.byte	14                              @ DW_FORM_strp
	.byte	17                              @ DW_AT_low_pc
	.byte	1                               @ DW_FORM_addr
	.byte	18                              @ DW_AT_high_pc
	.byte	6                               @ DW_FORM_data4
	.byte	0                               @ EOM(1)
	.byte	0                               @ EOM(2)
	.byte	2                               @ Abbreviation Code
	.byte	52                              @ DW_TAG_variable
	.byte	0                               @ DW_CHILDREN_no
	.byte	3                               @ DW_AT_name
	.byte	14                              @ DW_FORM_strp
	.byte	73                              @ DW_AT_type
	.byte	19                              @ DW_FORM_ref4
	.byte	63                              @ DW_AT_external
	.byte	25                              @ DW_FORM_flag_present
	.byte	58                              @ DW_AT_decl_file
	.byte	11                              @ DW_FORM_data1
	.byte	59                              @ DW_AT_decl_line
	.byte	11                              @ DW_FORM_data1
	.byte	2                               @ DW_AT_location
	.byte	24                              @ DW_FORM_exprloc
	.byte	0                               @ EOM(1)
	.byte	0                               @ EOM(2)
	.byte	3                               @ Abbreviation Code
	.byte	53                              @ DW_TAG_volatile_type
	.byte	0                               @ DW_CHILDREN_no
	.byte	73                              @ DW_AT_type
	.byte	19                              @ DW_FORM_ref4
	.byte	0                               @ EOM(1)
	.byte	0                               @ EOM(2)
	.byte	4                               @ Abbreviation Code
	.byte	36                              @ DW_TAG_base_type
	.byte	0                               @ DW_CHILDREN_no
	.byte	3                               @ DW_AT_name
	.byte	14                              @ DW_FORM_strp
	.byte	62                              @ DW_AT_encoding
	.byte	11                              @ DW_FORM_data1
	.byte	11                              @ DW_AT_byte_size
	.byte	11                              @ DW_FORM_data1
	.byte	0                               @ EOM(1)
	.byte	0                               @ EOM(2)
	.byte	5                               @ Abbreviation Code
	.byte	22                              @ DW_TAG_typedef
	.byte	0                               @ DW_CHILDREN_no
	.byte	73                              @ DW_AT_type
	.byte	19                              @ DW_FORM_ref4
	.byte	3                               @ DW_AT_name
	.byte	14                              @ DW_FORM_strp
	.byte	58                              @ DW_AT_decl_file
	.byte	11                              @ DW_FORM_data1
	.byte	59                              @ DW_AT_decl_line
	.byte	11                              @ DW_FORM_data1
	.byte	0                               @ EOM(1)
	.byte	0                               @ EOM(2)
	.byte	6                               @ Abbreviation Code
	.byte	52                              @ DW_TAG_variable
	.byte	0                               @ DW_CHILDREN_no
	.byte	73                              @ DW_AT_type
	.byte	19                              @ DW_FORM_ref4
	.byte	58                              @ DW_AT_decl_file
	.byte	11                              @ DW_FORM_data1
	.byte	59                              @ DW_AT_decl_line
	.byte	11                              @ DW_FORM_data1
	.byte	2                               @ DW_AT_location
	.byte	24                              @ DW_FORM_exprloc
	.byte	0                               @ EOM(1)
	.byte	0                               @ EOM(2)
	.byte	7                               @ Abbreviation Code
	.byte	1                               @ DW_TAG_array_type
	.byte	1                               @ DW_CHILDREN_yes
	.byte	73                              @ DW_AT_type
	.byte	19                              @ DW_FORM_ref4
	.byte	0                               @ EOM(1)
	.byte	0                               @ EOM(2)
	.byte	8                               @ Abbreviation Code
	.byte	33                              @ DW_TAG_subrange_type
	.byte	0                               @ DW_CHILDREN_no
	.byte	73                              @ DW_AT_type
	.byte	19                              @ DW_FORM_ref4
	.byte	55                              @ DW_AT_count
	.byte	11                              @ DW_FORM_data1
	.byte	0                               @ EOM(1)
	.byte	0                               @ EOM(2)
	.byte	9                               @ Abbreviation Code
	.byte	36                              @ DW_TAG_base_type
	.byte	0                               @ DW_CHILDREN_no
	.byte	3                               @ DW_AT_name
	.byte	14                              @ DW_FORM_strp
	.byte	11                              @ DW_AT_byte_size
	.byte	11                              @ DW_FORM_data1
	.byte	62                              @ DW_AT_encoding
	.byte	11                              @ DW_FORM_data1
	.byte	0                               @ EOM(1)
	.byte	0                               @ EOM(2)
	.byte	10                              @ Abbreviation Code
	.byte	52                              @ DW_TAG_variable
	.byte	0                               @ DW_CHILDREN_no
	.byte	73                              @ DW_AT_type
	.byte	19                              @ DW_FORM_ref4
	.byte	58                              @ DW_AT_decl_file
	.byte	11                              @ DW_FORM_data1
	.byte	59                              @ DW_AT_decl_line
	.byte	5                               @ DW_FORM_data2
	.byte	2                               @ DW_AT_location
	.byte	24                              @ DW_FORM_exprloc
	.byte	0                               @ EOM(1)
	.byte	0                               @ EOM(2)
	.byte	11                              @ Abbreviation Code
	.byte	4                               @ DW_TAG_enumeration_type
	.byte	1                               @ DW_CHILDREN_yes
	.byte	73                              @ DW_AT_type
	.byte	19                              @ DW_FORM_ref4
	.byte	11                              @ DW_AT_byte_size
	.byte	11                              @ DW_FORM_data1
	.byte	58                              @ DW_AT_decl_file
	.byte	11                              @ DW_FORM_data1
	.byte	59                              @ DW_AT_decl_line
	.byte	11                              @ DW_FORM_data1
	.byte	0                               @ EOM(1)
	.byte	0                               @ EOM(2)
	.byte	12                              @ Abbreviation Code
	.byte	40                              @ DW_TAG_enumerator
	.byte	0                               @ DW_CHILDREN_no
	.byte	3                               @ DW_AT_name
	.byte	14                              @ DW_FORM_strp
	.byte	28                              @ DW_AT_const_value
	.byte	15                              @ DW_FORM_udata
	.byte	0                               @ EOM(1)
	.byte	0                               @ EOM(2)
	.byte	13                              @ Abbreviation Code
	.byte	4                               @ DW_TAG_enumeration_type
	.byte	1                               @ DW_CHILDREN_yes
	.byte	73                              @ DW_AT_type
	.byte	19                              @ DW_FORM_ref4
	.byte	3                               @ DW_AT_name
	.byte	14                              @ DW_FORM_strp
	.byte	11                              @ DW_AT_byte_size
	.byte	11                              @ DW_FORM_data1
	.byte	58                              @ DW_AT_decl_file
	.byte	11                              @ DW_FORM_data1
	.byte	59                              @ DW_AT_decl_line
	.byte	5                               @ DW_FORM_data2
	.byte	0                               @ EOM(1)
	.byte	0                               @ EOM(2)
	.byte	14                              @ Abbreviation Code
	.byte	4                               @ DW_TAG_enumeration_type
	.byte	1                               @ DW_CHILDREN_yes
	.byte	73                              @ DW_AT_type
	.byte	19                              @ DW_FORM_ref4
	.byte	3                               @ DW_AT_name
	.byte	14                              @ DW_FORM_strp
	.byte	11                              @ DW_AT_byte_size
	.byte	11                              @ DW_FORM_data1
	.byte	58                              @ DW_AT_decl_file
	.byte	11                              @ DW_FORM_data1
	.byte	59                              @ DW_AT_decl_line
	.byte	11                              @ DW_FORM_data1
	.byte	0                               @ EOM(1)
	.byte	0                               @ EOM(2)
	.byte	15                              @ Abbreviation Code
	.byte	15                              @ DW_TAG_pointer_type
	.byte	0                               @ DW_CHILDREN_no
	.byte	73                              @ DW_AT_type
	.byte	19                              @ DW_FORM_ref4
	.byte	0                               @ EOM(1)
	.byte	0                               @ EOM(2)
	.byte	16                              @ Abbreviation Code
	.byte	19                              @ DW_TAG_structure_type
	.byte	1                               @ DW_CHILDREN_yes
	.byte	3                               @ DW_AT_name
	.byte	14                              @ DW_FORM_strp
	.byte	11                              @ DW_AT_byte_size
	.byte	11                              @ DW_FORM_data1
	.byte	58                              @ DW_AT_decl_file
	.byte	11                              @ DW_FORM_data1
	.byte	59                              @ DW_AT_decl_line
	.byte	11                              @ DW_FORM_data1
	.byte	0                               @ EOM(1)
	.byte	0                               @ EOM(2)
	.byte	17                              @ Abbreviation Code
	.byte	13                              @ DW_TAG_member
	.byte	0                               @ DW_CHILDREN_no
	.byte	3                               @ DW_AT_name
	.byte	14                              @ DW_FORM_strp
	.byte	73                              @ DW_AT_type
	.byte	19                              @ DW_FORM_ref4
	.byte	58                              @ DW_AT_decl_file
	.byte	11                              @ DW_FORM_data1
	.byte	59                              @ DW_AT_decl_line
	.byte	11                              @ DW_FORM_data1
	.byte	56                              @ DW_AT_data_member_location
	.byte	11                              @ DW_FORM_data1
	.byte	0                               @ EOM(1)
	.byte	0                               @ EOM(2)
	.byte	18                              @ Abbreviation Code
	.byte	33                              @ DW_TAG_subrange_type
	.byte	0                               @ DW_CHILDREN_no
	.byte	73                              @ DW_AT_type
	.byte	19                              @ DW_FORM_ref4
	.byte	0                               @ EOM(1)
	.byte	0                               @ EOM(2)
	.byte	19                              @ Abbreviation Code
	.byte	13                              @ DW_TAG_member
	.byte	0                               @ DW_CHILDREN_no
	.byte	3                               @ DW_AT_name
	.byte	14                              @ DW_FORM_strp
	.byte	73                              @ DW_AT_type
	.byte	19                              @ DW_FORM_ref4
	.byte	58                              @ DW_AT_decl_file
	.byte	11                              @ DW_FORM_data1
	.byte	59                              @ DW_AT_decl_line
	.byte	5                               @ DW_FORM_data2
	.byte	56                              @ DW_AT_data_member_location
	.byte	11                              @ DW_FORM_data1
	.byte	0                               @ EOM(1)
	.byte	0                               @ EOM(2)
	.byte	20                              @ Abbreviation Code
	.byte	46                              @ DW_TAG_subprogram
	.byte	1                               @ DW_CHILDREN_yes
	.byte	17                              @ DW_AT_low_pc
	.byte	1                               @ DW_FORM_addr
	.byte	18                              @ DW_AT_high_pc
	.byte	6                               @ DW_FORM_data4
	.byte	64                              @ DW_AT_frame_base
	.byte	24                              @ DW_FORM_exprloc
	.ascii	"\227B"                         @ DW_AT_GNU_all_call_sites
	.byte	25                              @ DW_FORM_flag_present
	.byte	3                               @ DW_AT_name
	.byte	14                              @ DW_FORM_strp
	.byte	58                              @ DW_AT_decl_file
	.byte	11                              @ DW_FORM_data1
	.byte	59                              @ DW_AT_decl_line
	.byte	11                              @ DW_FORM_data1
	.byte	39                              @ DW_AT_prototyped
	.byte	25                              @ DW_FORM_flag_present
	.byte	63                              @ DW_AT_external
	.byte	25                              @ DW_FORM_flag_present
	.byte	0                               @ EOM(1)
	.byte	0                               @ EOM(2)
	.byte	21                              @ Abbreviation Code
	.byte	52                              @ DW_TAG_variable
	.byte	0                               @ DW_CHILDREN_no
	.byte	2                               @ DW_AT_location
	.byte	23                              @ DW_FORM_sec_offset
	.byte	3                               @ DW_AT_name
	.byte	14                              @ DW_FORM_strp
	.byte	58                              @ DW_AT_decl_file
	.byte	11                              @ DW_FORM_data1
	.byte	59                              @ DW_AT_decl_line
	.byte	11                              @ DW_FORM_data1
	.byte	73                              @ DW_AT_type
	.byte	19                              @ DW_FORM_ref4
	.byte	0                               @ EOM(1)
	.byte	0                               @ EOM(2)
	.byte	22                              @ Abbreviation Code
	.byte	11                              @ DW_TAG_lexical_block
	.byte	1                               @ DW_CHILDREN_yes
	.byte	17                              @ DW_AT_low_pc
	.byte	1                               @ DW_FORM_addr
	.byte	18                              @ DW_AT_high_pc
	.byte	6                               @ DW_FORM_data4
	.byte	0                               @ EOM(1)
	.byte	0                               @ EOM(2)
	.byte	23                              @ Abbreviation Code
	.byte	52                              @ DW_TAG_variable
	.byte	0                               @ DW_CHILDREN_no
	.byte	2                               @ DW_AT_location
	.byte	24                              @ DW_FORM_exprloc
	.byte	3                               @ DW_AT_name
	.byte	14                              @ DW_FORM_strp
	.byte	58                              @ DW_AT_decl_file
	.byte	11                              @ DW_FORM_data1
	.byte	59                              @ DW_AT_decl_line
	.byte	11                              @ DW_FORM_data1
	.byte	73                              @ DW_AT_type
	.byte	19                              @ DW_FORM_ref4
	.byte	0                               @ EOM(1)
	.byte	0                               @ EOM(2)
	.byte	24                              @ Abbreviation Code
	.byte	52                              @ DW_TAG_variable
	.byte	0                               @ DW_CHILDREN_no
	.byte	2                               @ DW_AT_location
	.byte	23                              @ DW_FORM_sec_offset
	.byte	3                               @ DW_AT_name
	.byte	14                              @ DW_FORM_strp
	.byte	58                              @ DW_AT_decl_file
	.byte	11                              @ DW_FORM_data1
	.byte	59                              @ DW_AT_decl_line
	.byte	5                               @ DW_FORM_data2
	.byte	73                              @ DW_AT_type
	.byte	19                              @ DW_FORM_ref4
	.byte	0                               @ EOM(1)
	.byte	0                               @ EOM(2)
	.byte	25                              @ Abbreviation Code
	.byte	46                              @ DW_TAG_subprogram
	.byte	0                               @ DW_CHILDREN_no
	.byte	17                              @ DW_AT_low_pc
	.byte	1                               @ DW_FORM_addr
	.byte	18                              @ DW_AT_high_pc
	.byte	6                               @ DW_FORM_data4
	.byte	64                              @ DW_AT_frame_base
	.byte	24                              @ DW_FORM_exprloc
	.ascii	"\227B"                         @ DW_AT_GNU_all_call_sites
	.byte	25                              @ DW_FORM_flag_present
	.byte	3                               @ DW_AT_name
	.byte	14                              @ DW_FORM_strp
	.byte	58                              @ DW_AT_decl_file
	.byte	11                              @ DW_FORM_data1
	.byte	59                              @ DW_AT_decl_line
	.byte	5                               @ DW_FORM_data2
	.byte	39                              @ DW_AT_prototyped
	.byte	25                              @ DW_FORM_flag_present
	.byte	63                              @ DW_AT_external
	.byte	25                              @ DW_FORM_flag_present
	.byte	0                               @ EOM(1)
	.byte	0                               @ EOM(2)
	.byte	26                              @ Abbreviation Code
	.byte	46                              @ DW_TAG_subprogram
	.byte	1                               @ DW_CHILDREN_yes
	.byte	17                              @ DW_AT_low_pc
	.byte	1                               @ DW_FORM_addr
	.byte	18                              @ DW_AT_high_pc
	.byte	6                               @ DW_FORM_data4
	.byte	64                              @ DW_AT_frame_base
	.byte	24                              @ DW_FORM_exprloc
	.ascii	"\227B"                         @ DW_AT_GNU_all_call_sites
	.byte	25                              @ DW_FORM_flag_present
	.byte	3                               @ DW_AT_name
	.byte	14                              @ DW_FORM_strp
	.byte	58                              @ DW_AT_decl_file
	.byte	11                              @ DW_FORM_data1
	.byte	59                              @ DW_AT_decl_line
	.byte	5                               @ DW_FORM_data2
	.byte	39                              @ DW_AT_prototyped
	.byte	25                              @ DW_FORM_flag_present
	.byte	63                              @ DW_AT_external
	.byte	25                              @ DW_FORM_flag_present
	.byte	0                               @ EOM(1)
	.byte	0                               @ EOM(2)
	.byte	27                              @ Abbreviation Code
	.byte	5                               @ DW_TAG_formal_parameter
	.byte	0                               @ DW_CHILDREN_no
	.byte	2                               @ DW_AT_location
	.byte	23                              @ DW_FORM_sec_offset
	.byte	3                               @ DW_AT_name
	.byte	14                              @ DW_FORM_strp
	.byte	58                              @ DW_AT_decl_file
	.byte	11                              @ DW_FORM_data1
	.byte	59                              @ DW_AT_decl_line
	.byte	5                               @ DW_FORM_data2
	.byte	73                              @ DW_AT_type
	.byte	19                              @ DW_FORM_ref4
	.byte	0                               @ EOM(1)
	.byte	0                               @ EOM(2)
	.byte	28                              @ Abbreviation Code
	.byte	52                              @ DW_TAG_variable
	.byte	0                               @ DW_CHILDREN_no
	.byte	2                               @ DW_AT_location
	.byte	24                              @ DW_FORM_exprloc
	.byte	3                               @ DW_AT_name
	.byte	14                              @ DW_FORM_strp
	.byte	58                              @ DW_AT_decl_file
	.byte	11                              @ DW_FORM_data1
	.byte	59                              @ DW_AT_decl_line
	.byte	5                               @ DW_FORM_data2
	.byte	73                              @ DW_AT_type
	.byte	19                              @ DW_FORM_ref4
	.byte	0                               @ EOM(1)
	.byte	0                               @ EOM(2)
	.byte	29                              @ Abbreviation Code
	.byte	38                              @ DW_TAG_const_type
	.byte	0                               @ DW_CHILDREN_no
	.byte	73                              @ DW_AT_type
	.byte	19                              @ DW_FORM_ref4
	.byte	0                               @ EOM(1)
	.byte	0                               @ EOM(2)
	.byte	0                               @ EOM(3)
	.section	.debug_info,"",%progbits
.Lcu_begin0:
	.long	.Ldebug_info_end0-.Ldebug_info_start0 @ Length of Unit
.Ldebug_info_start0:
	.short	4                               @ DWARF version number
	.long	.debug_abbrev                   @ Offset Into Abbrev. Section
	.byte	4                               @ Address Size (in bytes)
	.byte	1                               @ Abbrev [1] 0xb:0x112e DW_TAG_compile_unit
	.long	.Linfo_string0                  @ DW_AT_producer
	.short	12                              @ DW_AT_language
	.long	.Linfo_string1                  @ DW_AT_name
	.long	.Lline_table_start0             @ DW_AT_stmt_list
	.long	.Linfo_string2                  @ DW_AT_comp_dir
	.long	.Lfunc_begin0                   @ DW_AT_low_pc
	.long	.Lfunc_end11-.Lfunc_begin0      @ DW_AT_high_pc
	.byte	2                               @ Abbrev [2] 0x26:0x11 DW_TAG_variable
	.long	.Linfo_string3                  @ DW_AT_name
	.long	55                              @ DW_AT_type
                                        @ DW_AT_external
	.byte	1                               @ DW_AT_decl_file
	.byte	54                              @ DW_AT_decl_line
	.byte	5                               @ DW_AT_location
	.byte	3
	.long	.L_MergedGlobals
	.byte	3                               @ Abbrev [3] 0x37:0x5 DW_TAG_volatile_type
	.long	60                              @ DW_AT_type
	.byte	4                               @ Abbrev [4] 0x3c:0x7 DW_TAG_base_type
	.long	.Linfo_string4                  @ DW_AT_name
	.byte	2                               @ DW_AT_encoding
	.byte	1                               @ DW_AT_byte_size
	.byte	2                               @ Abbrev [2] 0x43:0x13 DW_TAG_variable
	.long	.Linfo_string5                  @ DW_AT_name
	.long	55                              @ DW_AT_type
                                        @ DW_AT_external
	.byte	1                               @ DW_AT_decl_file
	.byte	58                              @ DW_AT_decl_line
	.byte	7                               @ DW_AT_location
	.byte	3
	.long	.L_MergedGlobals
	.byte	35
	.byte	1
	.byte	2                               @ Abbrev [2] 0x56:0x13 DW_TAG_variable
	.long	.Linfo_string6                  @ DW_AT_name
	.long	105                             @ DW_AT_type
                                        @ DW_AT_external
	.byte	1                               @ DW_AT_decl_file
	.byte	62                              @ DW_AT_decl_line
	.byte	7                               @ DW_AT_location
	.byte	3
	.long	.L_MergedGlobals
	.byte	35
	.byte	16
	.byte	3                               @ Abbrev [3] 0x69:0x5 DW_TAG_volatile_type
	.long	110                             @ DW_AT_type
	.byte	5                               @ Abbrev [5] 0x6e:0xb DW_TAG_typedef
	.long	121                             @ DW_AT_type
	.long	.Linfo_string8                  @ DW_AT_name
	.byte	2                               @ DW_AT_decl_file
	.byte	64                              @ DW_AT_decl_line
	.byte	4                               @ Abbrev [4] 0x79:0x7 DW_TAG_base_type
	.long	.Linfo_string7                  @ DW_AT_name
	.byte	7                               @ DW_AT_encoding
	.byte	4                               @ DW_AT_byte_size
	.byte	2                               @ Abbrev [2] 0x80:0x13 DW_TAG_variable
	.long	.Linfo_string9                  @ DW_AT_name
	.long	105                             @ DW_AT_type
                                        @ DW_AT_external
	.byte	1                               @ DW_AT_decl_file
	.byte	66                              @ DW_AT_decl_line
	.byte	7                               @ DW_AT_location
	.byte	3
	.long	.L_MergedGlobals
	.byte	35
	.byte	20
	.byte	2                               @ Abbrev [2] 0x93:0x13 DW_TAG_variable
	.long	.Linfo_string10                 @ DW_AT_name
	.long	166                             @ DW_AT_type
                                        @ DW_AT_external
	.byte	1                               @ DW_AT_decl_file
	.byte	73                              @ DW_AT_decl_line
	.byte	7                               @ DW_AT_location
	.byte	3
	.long	.L_MergedGlobals
	.byte	35
	.byte	2
	.byte	3                               @ Abbrev [3] 0xa6:0x5 DW_TAG_volatile_type
	.long	171                             @ DW_AT_type
	.byte	5                               @ Abbrev [5] 0xab:0xb DW_TAG_typedef
	.long	182                             @ DW_AT_type
	.long	.Linfo_string12                 @ DW_AT_name
	.byte	2                               @ DW_AT_decl_file
	.byte	62                              @ DW_AT_decl_line
	.byte	4                               @ Abbrev [4] 0xb6:0x7 DW_TAG_base_type
	.long	.Linfo_string11                 @ DW_AT_name
	.byte	8                               @ DW_AT_encoding
	.byte	1                               @ DW_AT_byte_size
	.byte	2                               @ Abbrev [2] 0xbd:0x11 DW_TAG_variable
	.long	.Linfo_string13                 @ DW_AT_name
	.long	166                             @ DW_AT_type
                                        @ DW_AT_external
	.byte	1                               @ DW_AT_decl_file
	.byte	80                              @ DW_AT_decl_line
	.byte	5                               @ DW_AT_location
	.byte	3
	.long	s_outputs_mask
	.byte	2                               @ Abbrev [2] 0xce:0x13 DW_TAG_variable
	.long	.Linfo_string14                 @ DW_AT_name
	.long	166                             @ DW_AT_type
                                        @ DW_AT_external
	.byte	1                               @ DW_AT_decl_file
	.byte	84                              @ DW_AT_decl_line
	.byte	7                               @ DW_AT_location
	.byte	3
	.long	.L_MergedGlobals
	.byte	35
	.byte	3
	.byte	2                               @ Abbrev [2] 0xe1:0x13 DW_TAG_variable
	.long	.Linfo_string15                 @ DW_AT_name
	.long	166                             @ DW_AT_type
                                        @ DW_AT_external
	.byte	1                               @ DW_AT_decl_file
	.byte	85                              @ DW_AT_decl_line
	.byte	7                               @ DW_AT_location
	.byte	3
	.long	.L_MergedGlobals
	.byte	35
	.byte	4
	.byte	2                               @ Abbrev [2] 0xf4:0x13 DW_TAG_variable
	.long	.Linfo_string16                 @ DW_AT_name
	.long	166                             @ DW_AT_type
                                        @ DW_AT_external
	.byte	1                               @ DW_AT_decl_file
	.byte	86                              @ DW_AT_decl_line
	.byte	7                               @ DW_AT_location
	.byte	3
	.long	.L_MergedGlobals
	.byte	35
	.byte	5
	.byte	2                               @ Abbrev [2] 0x107:0x13 DW_TAG_variable
	.long	.Linfo_string17                 @ DW_AT_name
	.long	282                             @ DW_AT_type
                                        @ DW_AT_external
	.byte	1                               @ DW_AT_decl_file
	.byte	90                              @ DW_AT_decl_line
	.byte	7                               @ DW_AT_location
	.byte	3
	.long	.L_MergedGlobals
	.byte	35
	.byte	6
	.byte	3                               @ Abbrev [3] 0x11a:0x5 DW_TAG_volatile_type
	.long	287                             @ DW_AT_type
	.byte	5                               @ Abbrev [5] 0x11f:0xb DW_TAG_typedef
	.long	171                             @ DW_AT_type
	.long	.Linfo_string18                 @ DW_AT_name
	.byte	3                               @ DW_AT_decl_file
	.byte	55                              @ DW_AT_decl_line
	.byte	2                               @ Abbrev [2] 0x12a:0x13 DW_TAG_variable
	.long	.Linfo_string19                 @ DW_AT_name
	.long	55                              @ DW_AT_type
                                        @ DW_AT_external
	.byte	1                               @ DW_AT_decl_file
	.byte	94                              @ DW_AT_decl_line
	.byte	7                               @ DW_AT_location
	.byte	3
	.long	.L_MergedGlobals
	.byte	35
	.byte	7
	.byte	2                               @ Abbrev [2] 0x13d:0x13 DW_TAG_variable
	.long	.Linfo_string20                 @ DW_AT_name
	.long	336                             @ DW_AT_type
                                        @ DW_AT_external
	.byte	1                               @ DW_AT_decl_file
	.byte	100                             @ DW_AT_decl_line
	.byte	7                               @ DW_AT_location
	.byte	3
	.long	.L_MergedGlobals
	.byte	35
	.byte	12
	.byte	3                               @ Abbrev [3] 0x150:0x5 DW_TAG_volatile_type
	.long	341                             @ DW_AT_type
	.byte	5                               @ Abbrev [5] 0x155:0xb DW_TAG_typedef
	.long	352                             @ DW_AT_type
	.long	.Linfo_string22                 @ DW_AT_name
	.byte	2                               @ DW_AT_decl_file
	.byte	57                              @ DW_AT_decl_line
	.byte	4                               @ Abbrev [4] 0x160:0x7 DW_TAG_base_type
	.long	.Linfo_string21                 @ DW_AT_name
	.byte	5                               @ DW_AT_encoding
	.byte	2                               @ DW_AT_byte_size
	.byte	2                               @ Abbrev [2] 0x167:0x13 DW_TAG_variable
	.long	.Linfo_string23                 @ DW_AT_name
	.long	378                             @ DW_AT_type
                                        @ DW_AT_external
	.byte	1                               @ DW_AT_decl_file
	.byte	101                             @ DW_AT_decl_line
	.byte	7                               @ DW_AT_location
	.byte	3
	.long	.L_MergedGlobals
	.byte	35
	.byte	14
	.byte	3                               @ Abbrev [3] 0x17a:0x5 DW_TAG_volatile_type
	.long	383                             @ DW_AT_type
	.byte	5                               @ Abbrev [5] 0x17f:0xb DW_TAG_typedef
	.long	394                             @ DW_AT_type
	.long	.Linfo_string25                 @ DW_AT_name
	.byte	2                               @ DW_AT_decl_file
	.byte	63                              @ DW_AT_decl_line
	.byte	4                               @ Abbrev [4] 0x18a:0x7 DW_TAG_base_type
	.long	.Linfo_string24                 @ DW_AT_name
	.byte	7                               @ DW_AT_encoding
	.byte	2                               @ DW_AT_byte_size
	.byte	2                               @ Abbrev [2] 0x191:0x13 DW_TAG_variable
	.long	.Linfo_string26                 @ DW_AT_name
	.long	55                              @ DW_AT_type
                                        @ DW_AT_external
	.byte	1                               @ DW_AT_decl_file
	.byte	102                             @ DW_AT_decl_line
	.byte	7                               @ DW_AT_location
	.byte	3
	.long	.L_MergedGlobals
	.byte	35
	.byte	8
	.byte	2                               @ Abbrev [2] 0x1a4:0x13 DW_TAG_variable
	.long	.Linfo_string27                 @ DW_AT_name
	.long	55                              @ DW_AT_type
                                        @ DW_AT_external
	.byte	1                               @ DW_AT_decl_file
	.byte	103                             @ DW_AT_decl_line
	.byte	7                               @ DW_AT_location
	.byte	3
	.long	.L_MergedGlobals
	.byte	35
	.byte	9
	.byte	2                               @ Abbrev [2] 0x1b7:0x13 DW_TAG_variable
	.long	.Linfo_string28                 @ DW_AT_name
	.long	55                              @ DW_AT_type
                                        @ DW_AT_external
	.byte	1                               @ DW_AT_decl_file
	.byte	104                             @ DW_AT_decl_line
	.byte	7                               @ DW_AT_location
	.byte	3
	.long	.L_MergedGlobals
	.byte	35
	.byte	10
	.byte	2                               @ Abbrev [2] 0x1ca:0x13 DW_TAG_variable
	.long	.Linfo_string29                 @ DW_AT_name
	.long	55                              @ DW_AT_type
                                        @ DW_AT_external
	.byte	1                               @ DW_AT_decl_file
	.byte	105                             @ DW_AT_decl_line
	.byte	7                               @ DW_AT_location
	.byte	3
	.long	.L_MergedGlobals
	.byte	35
	.byte	11
	.byte	6                               @ Abbrev [6] 0x1dd:0xd DW_TAG_variable
	.long	490                             @ DW_AT_type
	.byte	1                               @ DW_AT_decl_file
	.byte	184                             @ DW_AT_decl_line
	.byte	5                               @ DW_AT_location
	.byte	3
	.long	.L.str
	.byte	7                               @ Abbrev [7] 0x1ea:0xc DW_TAG_array_type
	.long	502                             @ DW_AT_type
	.byte	8                               @ Abbrev [8] 0x1ef:0x6 DW_TAG_subrange_type
	.long	509                             @ DW_AT_type
	.byte	29                              @ DW_AT_count
	.byte	0                               @ End Of Children Mark
	.byte	4                               @ Abbrev [4] 0x1f6:0x7 DW_TAG_base_type
	.long	.Linfo_string30                 @ DW_AT_name
	.byte	8                               @ DW_AT_encoding
	.byte	1                               @ DW_AT_byte_size
	.byte	9                               @ Abbrev [9] 0x1fd:0x7 DW_TAG_base_type
	.long	.Linfo_string31                 @ DW_AT_name
	.byte	8                               @ DW_AT_byte_size
	.byte	7                               @ DW_AT_encoding
	.byte	10                              @ Abbrev [10] 0x204:0xe DW_TAG_variable
	.long	530                             @ DW_AT_type
	.byte	1                               @ DW_AT_decl_file
	.short	364                             @ DW_AT_decl_line
	.byte	5                               @ DW_AT_location
	.byte	3
	.long	.L.str.1
	.byte	7                               @ Abbrev [7] 0x212:0xc DW_TAG_array_type
	.long	502                             @ DW_AT_type
	.byte	8                               @ Abbrev [8] 0x217:0x6 DW_TAG_subrange_type
	.long	509                             @ DW_AT_type
	.byte	48                              @ DW_AT_count
	.byte	0                               @ End Of Children Mark
	.byte	10                              @ Abbrev [10] 0x21e:0xe DW_TAG_variable
	.long	556                             @ DW_AT_type
	.byte	1                               @ DW_AT_decl_file
	.short	445                             @ DW_AT_decl_line
	.byte	5                               @ DW_AT_location
	.byte	3
	.long	.L.str.2
	.byte	7                               @ Abbrev [7] 0x22c:0xc DW_TAG_array_type
	.long	502                             @ DW_AT_type
	.byte	8                               @ Abbrev [8] 0x231:0x6 DW_TAG_subrange_type
	.long	509                             @ DW_AT_type
	.byte	50                              @ DW_AT_count
	.byte	0                               @ End Of Children Mark
	.byte	10                              @ Abbrev [10] 0x238:0xe DW_TAG_variable
	.long	582                             @ DW_AT_type
	.byte	1                               @ DW_AT_decl_file
	.short	484                             @ DW_AT_decl_line
	.byte	5                               @ DW_AT_location
	.byte	3
	.long	.L.str.3
	.byte	7                               @ Abbrev [7] 0x246:0xc DW_TAG_array_type
	.long	502                             @ DW_AT_type
	.byte	8                               @ Abbrev [8] 0x24b:0x6 DW_TAG_subrange_type
	.long	509                             @ DW_AT_type
	.byte	23                              @ DW_AT_count
	.byte	0                               @ End Of Children Mark
	.byte	10                              @ Abbrev [10] 0x252:0xe DW_TAG_variable
	.long	608                             @ DW_AT_type
	.byte	1                               @ DW_AT_decl_file
	.short	485                             @ DW_AT_decl_line
	.byte	5                               @ DW_AT_location
	.byte	3
	.long	.L.str.4
	.byte	7                               @ Abbrev [7] 0x260:0xc DW_TAG_array_type
	.long	502                             @ DW_AT_type
	.byte	8                               @ Abbrev [8] 0x265:0x6 DW_TAG_subrange_type
	.long	509                             @ DW_AT_type
	.byte	3                               @ DW_AT_count
	.byte	0                               @ End Of Children Mark
	.byte	10                              @ Abbrev [10] 0x26c:0xe DW_TAG_variable
	.long	634                             @ DW_AT_type
	.byte	1                               @ DW_AT_decl_file
	.short	485                             @ DW_AT_decl_line
	.byte	5                               @ DW_AT_location
	.byte	3
	.long	.L.str.5
	.byte	7                               @ Abbrev [7] 0x27a:0xc DW_TAG_array_type
	.long	502                             @ DW_AT_type
	.byte	8                               @ Abbrev [8] 0x27f:0x6 DW_TAG_subrange_type
	.long	509                             @ DW_AT_type
	.byte	4                               @ DW_AT_count
	.byte	0                               @ End Of Children Mark
	.byte	10                              @ Abbrev [10] 0x286:0xe DW_TAG_variable
	.long	660                             @ DW_AT_type
	.byte	1                               @ DW_AT_decl_file
	.short	513                             @ DW_AT_decl_line
	.byte	5                               @ DW_AT_location
	.byte	3
	.long	.L.str.6
	.byte	7                               @ Abbrev [7] 0x294:0xc DW_TAG_array_type
	.long	502                             @ DW_AT_type
	.byte	8                               @ Abbrev [8] 0x299:0x6 DW_TAG_subrange_type
	.long	509                             @ DW_AT_type
	.byte	20                              @ DW_AT_count
	.byte	0                               @ End Of Children Mark
	.byte	10                              @ Abbrev [10] 0x2a0:0xe DW_TAG_variable
	.long	660                             @ DW_AT_type
	.byte	1                               @ DW_AT_decl_file
	.short	535                             @ DW_AT_decl_line
	.byte	5                               @ DW_AT_location
	.byte	3
	.long	.L.str.7
	.byte	10                              @ Abbrev [10] 0x2ae:0xe DW_TAG_variable
	.long	700                             @ DW_AT_type
	.byte	1                               @ DW_AT_decl_file
	.short	557                             @ DW_AT_decl_line
	.byte	5                               @ DW_AT_location
	.byte	3
	.long	.L.str.8
	.byte	7                               @ Abbrev [7] 0x2bc:0xc DW_TAG_array_type
	.long	502                             @ DW_AT_type
	.byte	8                               @ Abbrev [8] 0x2c1:0x6 DW_TAG_subrange_type
	.long	509                             @ DW_AT_type
	.byte	19                              @ DW_AT_count
	.byte	0                               @ End Of Children Mark
	.byte	10                              @ Abbrev [10] 0x2c8:0xe DW_TAG_variable
	.long	726                             @ DW_AT_type
	.byte	1                               @ DW_AT_decl_file
	.short	690                             @ DW_AT_decl_line
	.byte	5                               @ DW_AT_location
	.byte	3
	.long	.L.str.9
	.byte	7                               @ Abbrev [7] 0x2d6:0xc DW_TAG_array_type
	.long	502                             @ DW_AT_type
	.byte	8                               @ Abbrev [8] 0x2db:0x6 DW_TAG_subrange_type
	.long	509                             @ DW_AT_type
	.byte	34                              @ DW_AT_count
	.byte	0                               @ End Of Children Mark
	.byte	11                              @ Abbrev [11] 0x2e2:0xf DW_TAG_enumeration_type
	.long	182                             @ DW_AT_type
	.byte	1                               @ DW_AT_byte_size
	.byte	4                               @ DW_AT_decl_file
	.byte	82                              @ DW_AT_decl_line
	.byte	12                              @ Abbrev [12] 0x2ea:0x6 DW_TAG_enumerator
	.long	.Linfo_string32                 @ DW_AT_name
	.byte	0                               @ DW_AT_const_value
	.byte	0                               @ End Of Children Mark
	.byte	11                              @ Abbrev [11] 0x2f1:0x57 DW_TAG_enumeration_type
	.long	182                             @ DW_AT_type
	.byte	1                               @ DW_AT_byte_size
	.byte	4                               @ DW_AT_decl_file
	.byte	102                             @ DW_AT_decl_line
	.byte	12                              @ Abbrev [12] 0x2f9:0x6 DW_TAG_enumerator
	.long	.Linfo_string33                 @ DW_AT_name
	.byte	0                               @ DW_AT_const_value
	.byte	12                              @ Abbrev [12] 0x2ff:0x6 DW_TAG_enumerator
	.long	.Linfo_string34                 @ DW_AT_name
	.byte	1                               @ DW_AT_const_value
	.byte	12                              @ Abbrev [12] 0x305:0x6 DW_TAG_enumerator
	.long	.Linfo_string35                 @ DW_AT_name
	.byte	2                               @ DW_AT_const_value
	.byte	12                              @ Abbrev [12] 0x30b:0x6 DW_TAG_enumerator
	.long	.Linfo_string36                 @ DW_AT_name
	.byte	3                               @ DW_AT_const_value
	.byte	12                              @ Abbrev [12] 0x311:0x6 DW_TAG_enumerator
	.long	.Linfo_string37                 @ DW_AT_name
	.byte	4                               @ DW_AT_const_value
	.byte	12                              @ Abbrev [12] 0x317:0x6 DW_TAG_enumerator
	.long	.Linfo_string38                 @ DW_AT_name
	.byte	5                               @ DW_AT_const_value
	.byte	12                              @ Abbrev [12] 0x31d:0x6 DW_TAG_enumerator
	.long	.Linfo_string39                 @ DW_AT_name
	.byte	6                               @ DW_AT_const_value
	.byte	12                              @ Abbrev [12] 0x323:0x6 DW_TAG_enumerator
	.long	.Linfo_string40                 @ DW_AT_name
	.byte	7                               @ DW_AT_const_value
	.byte	12                              @ Abbrev [12] 0x329:0x6 DW_TAG_enumerator
	.long	.Linfo_string41                 @ DW_AT_name
	.byte	8                               @ DW_AT_const_value
	.byte	12                              @ Abbrev [12] 0x32f:0x6 DW_TAG_enumerator
	.long	.Linfo_string42                 @ DW_AT_name
	.byte	9                               @ DW_AT_const_value
	.byte	12                              @ Abbrev [12] 0x335:0x6 DW_TAG_enumerator
	.long	.Linfo_string43                 @ DW_AT_name
	.byte	10                              @ DW_AT_const_value
	.byte	12                              @ Abbrev [12] 0x33b:0x6 DW_TAG_enumerator
	.long	.Linfo_string44                 @ DW_AT_name
	.byte	11                              @ DW_AT_const_value
	.byte	12                              @ Abbrev [12] 0x341:0x6 DW_TAG_enumerator
	.long	.Linfo_string45                 @ DW_AT_name
	.byte	12                              @ DW_AT_const_value
	.byte	0                               @ End Of Children Mark
	.byte	11                              @ Abbrev [11] 0x348:0x81 DW_TAG_enumeration_type
	.long	394                             @ DW_AT_type
	.byte	2                               @ DW_AT_byte_size
	.byte	5                               @ DW_AT_decl_file
	.byte	68                              @ DW_AT_decl_line
	.byte	12                              @ Abbrev [12] 0x350:0x8 DW_TAG_enumerator
	.long	.Linfo_string46                 @ DW_AT_name
	.ascii	"\200\372\003"                  @ DW_AT_const_value
	.byte	12                              @ Abbrev [12] 0x358:0x8 DW_TAG_enumerator
	.long	.Linfo_string47                 @ DW_AT_name
	.ascii	"\201\372\003"                  @ DW_AT_const_value
	.byte	12                              @ Abbrev [12] 0x360:0x8 DW_TAG_enumerator
	.long	.Linfo_string48                 @ DW_AT_name
	.ascii	"\202\372\003"                  @ DW_AT_const_value
	.byte	12                              @ Abbrev [12] 0x368:0x8 DW_TAG_enumerator
	.long	.Linfo_string49                 @ DW_AT_name
	.ascii	"\203\372\003"                  @ DW_AT_const_value
	.byte	12                              @ Abbrev [12] 0x370:0x8 DW_TAG_enumerator
	.long	.Linfo_string50                 @ DW_AT_name
	.ascii	"\204\372\003"                  @ DW_AT_const_value
	.byte	12                              @ Abbrev [12] 0x378:0x8 DW_TAG_enumerator
	.long	.Linfo_string51                 @ DW_AT_name
	.ascii	"\205\372\003"                  @ DW_AT_const_value
	.byte	12                              @ Abbrev [12] 0x380:0x8 DW_TAG_enumerator
	.long	.Linfo_string52                 @ DW_AT_name
	.ascii	"\206\372\003"                  @ DW_AT_const_value
	.byte	12                              @ Abbrev [12] 0x388:0x8 DW_TAG_enumerator
	.long	.Linfo_string53                 @ DW_AT_name
	.ascii	"\207\372\003"                  @ DW_AT_const_value
	.byte	12                              @ Abbrev [12] 0x390:0x8 DW_TAG_enumerator
	.long	.Linfo_string54                 @ DW_AT_name
	.ascii	"\210\372\003"                  @ DW_AT_const_value
	.byte	12                              @ Abbrev [12] 0x398:0x8 DW_TAG_enumerator
	.long	.Linfo_string55                 @ DW_AT_name
	.ascii	"\211\372\003"                  @ DW_AT_const_value
	.byte	12                              @ Abbrev [12] 0x3a0:0x8 DW_TAG_enumerator
	.long	.Linfo_string56                 @ DW_AT_name
	.ascii	"\212\372\003"                  @ DW_AT_const_value
	.byte	12                              @ Abbrev [12] 0x3a8:0x8 DW_TAG_enumerator
	.long	.Linfo_string57                 @ DW_AT_name
	.ascii	"\213\372\003"                  @ DW_AT_const_value
	.byte	12                              @ Abbrev [12] 0x3b0:0x8 DW_TAG_enumerator
	.long	.Linfo_string58                 @ DW_AT_name
	.ascii	"\214\372\003"                  @ DW_AT_const_value
	.byte	12                              @ Abbrev [12] 0x3b8:0x8 DW_TAG_enumerator
	.long	.Linfo_string59                 @ DW_AT_name
	.ascii	"\215\372\003"                  @ DW_AT_const_value
	.byte	12                              @ Abbrev [12] 0x3c0:0x8 DW_TAG_enumerator
	.long	.Linfo_string60                 @ DW_AT_name
	.ascii	"\216\372\003"                  @ DW_AT_const_value
	.byte	0                               @ End Of Children Mark
	.byte	13                              @ Abbrev [13] 0x3c9:0x1c9 DW_TAG_enumeration_type
	.long	182                             @ DW_AT_type
	.long	.Linfo_string134                @ DW_AT_name
	.byte	1                               @ DW_AT_byte_size
	.byte	6                               @ DW_AT_decl_file
	.short	514                             @ DW_AT_decl_line
	.byte	12                              @ Abbrev [12] 0x3d6:0x6 DW_TAG_enumerator
	.long	.Linfo_string61                 @ DW_AT_name
	.byte	0                               @ DW_AT_const_value
	.byte	12                              @ Abbrev [12] 0x3dc:0x6 DW_TAG_enumerator
	.long	.Linfo_string62                 @ DW_AT_name
	.byte	1                               @ DW_AT_const_value
	.byte	12                              @ Abbrev [12] 0x3e2:0x6 DW_TAG_enumerator
	.long	.Linfo_string63                 @ DW_AT_name
	.byte	2                               @ DW_AT_const_value
	.byte	12                              @ Abbrev [12] 0x3e8:0x6 DW_TAG_enumerator
	.long	.Linfo_string64                 @ DW_AT_name
	.byte	3                               @ DW_AT_const_value
	.byte	12                              @ Abbrev [12] 0x3ee:0x6 DW_TAG_enumerator
	.long	.Linfo_string65                 @ DW_AT_name
	.byte	4                               @ DW_AT_const_value
	.byte	12                              @ Abbrev [12] 0x3f4:0x6 DW_TAG_enumerator
	.long	.Linfo_string66                 @ DW_AT_name
	.byte	5                               @ DW_AT_const_value
	.byte	12                              @ Abbrev [12] 0x3fa:0x6 DW_TAG_enumerator
	.long	.Linfo_string67                 @ DW_AT_name
	.byte	6                               @ DW_AT_const_value
	.byte	12                              @ Abbrev [12] 0x400:0x6 DW_TAG_enumerator
	.long	.Linfo_string68                 @ DW_AT_name
	.byte	7                               @ DW_AT_const_value
	.byte	12                              @ Abbrev [12] 0x406:0x6 DW_TAG_enumerator
	.long	.Linfo_string69                 @ DW_AT_name
	.byte	8                               @ DW_AT_const_value
	.byte	12                              @ Abbrev [12] 0x40c:0x6 DW_TAG_enumerator
	.long	.Linfo_string70                 @ DW_AT_name
	.byte	9                               @ DW_AT_const_value
	.byte	12                              @ Abbrev [12] 0x412:0x6 DW_TAG_enumerator
	.long	.Linfo_string71                 @ DW_AT_name
	.byte	10                              @ DW_AT_const_value
	.byte	12                              @ Abbrev [12] 0x418:0x6 DW_TAG_enumerator
	.long	.Linfo_string72                 @ DW_AT_name
	.byte	11                              @ DW_AT_const_value
	.byte	12                              @ Abbrev [12] 0x41e:0x6 DW_TAG_enumerator
	.long	.Linfo_string73                 @ DW_AT_name
	.byte	12                              @ DW_AT_const_value
	.byte	12                              @ Abbrev [12] 0x424:0x6 DW_TAG_enumerator
	.long	.Linfo_string74                 @ DW_AT_name
	.byte	13                              @ DW_AT_const_value
	.byte	12                              @ Abbrev [12] 0x42a:0x6 DW_TAG_enumerator
	.long	.Linfo_string75                 @ DW_AT_name
	.byte	14                              @ DW_AT_const_value
	.byte	12                              @ Abbrev [12] 0x430:0x6 DW_TAG_enumerator
	.long	.Linfo_string76                 @ DW_AT_name
	.byte	15                              @ DW_AT_const_value
	.byte	12                              @ Abbrev [12] 0x436:0x6 DW_TAG_enumerator
	.long	.Linfo_string77                 @ DW_AT_name
	.byte	16                              @ DW_AT_const_value
	.byte	12                              @ Abbrev [12] 0x43c:0x6 DW_TAG_enumerator
	.long	.Linfo_string78                 @ DW_AT_name
	.byte	20                              @ DW_AT_const_value
	.byte	12                              @ Abbrev [12] 0x442:0x6 DW_TAG_enumerator
	.long	.Linfo_string79                 @ DW_AT_name
	.byte	21                              @ DW_AT_const_value
	.byte	12                              @ Abbrev [12] 0x448:0x6 DW_TAG_enumerator
	.long	.Linfo_string80                 @ DW_AT_name
	.byte	22                              @ DW_AT_const_value
	.byte	12                              @ Abbrev [12] 0x44e:0x6 DW_TAG_enumerator
	.long	.Linfo_string81                 @ DW_AT_name
	.byte	23                              @ DW_AT_const_value
	.byte	12                              @ Abbrev [12] 0x454:0x6 DW_TAG_enumerator
	.long	.Linfo_string82                 @ DW_AT_name
	.byte	24                              @ DW_AT_const_value
	.byte	12                              @ Abbrev [12] 0x45a:0x6 DW_TAG_enumerator
	.long	.Linfo_string83                 @ DW_AT_name
	.byte	25                              @ DW_AT_const_value
	.byte	12                              @ Abbrev [12] 0x460:0x6 DW_TAG_enumerator
	.long	.Linfo_string84                 @ DW_AT_name
	.byte	26                              @ DW_AT_const_value
	.byte	12                              @ Abbrev [12] 0x466:0x6 DW_TAG_enumerator
	.long	.Linfo_string85                 @ DW_AT_name
	.byte	27                              @ DW_AT_const_value
	.byte	12                              @ Abbrev [12] 0x46c:0x6 DW_TAG_enumerator
	.long	.Linfo_string86                 @ DW_AT_name
	.byte	28                              @ DW_AT_const_value
	.byte	12                              @ Abbrev [12] 0x472:0x6 DW_TAG_enumerator
	.long	.Linfo_string87                 @ DW_AT_name
	.byte	29                              @ DW_AT_const_value
	.byte	12                              @ Abbrev [12] 0x478:0x6 DW_TAG_enumerator
	.long	.Linfo_string88                 @ DW_AT_name
	.byte	30                              @ DW_AT_const_value
	.byte	12                              @ Abbrev [12] 0x47e:0x6 DW_TAG_enumerator
	.long	.Linfo_string89                 @ DW_AT_name
	.byte	31                              @ DW_AT_const_value
	.byte	12                              @ Abbrev [12] 0x484:0x6 DW_TAG_enumerator
	.long	.Linfo_string90                 @ DW_AT_name
	.byte	32                              @ DW_AT_const_value
	.byte	12                              @ Abbrev [12] 0x48a:0x6 DW_TAG_enumerator
	.long	.Linfo_string91                 @ DW_AT_name
	.byte	33                              @ DW_AT_const_value
	.byte	12                              @ Abbrev [12] 0x490:0x6 DW_TAG_enumerator
	.long	.Linfo_string92                 @ DW_AT_name
	.byte	34                              @ DW_AT_const_value
	.byte	12                              @ Abbrev [12] 0x496:0x6 DW_TAG_enumerator
	.long	.Linfo_string93                 @ DW_AT_name
	.byte	35                              @ DW_AT_const_value
	.byte	12                              @ Abbrev [12] 0x49c:0x6 DW_TAG_enumerator
	.long	.Linfo_string94                 @ DW_AT_name
	.byte	36                              @ DW_AT_const_value
	.byte	12                              @ Abbrev [12] 0x4a2:0x6 DW_TAG_enumerator
	.long	.Linfo_string95                 @ DW_AT_name
	.byte	37                              @ DW_AT_const_value
	.byte	12                              @ Abbrev [12] 0x4a8:0x6 DW_TAG_enumerator
	.long	.Linfo_string96                 @ DW_AT_name
	.byte	38                              @ DW_AT_const_value
	.byte	12                              @ Abbrev [12] 0x4ae:0x6 DW_TAG_enumerator
	.long	.Linfo_string97                 @ DW_AT_name
	.byte	39                              @ DW_AT_const_value
	.byte	12                              @ Abbrev [12] 0x4b4:0x6 DW_TAG_enumerator
	.long	.Linfo_string98                 @ DW_AT_name
	.byte	40                              @ DW_AT_const_value
	.byte	12                              @ Abbrev [12] 0x4ba:0x6 DW_TAG_enumerator
	.long	.Linfo_string99                 @ DW_AT_name
	.byte	41                              @ DW_AT_const_value
	.byte	12                              @ Abbrev [12] 0x4c0:0x6 DW_TAG_enumerator
	.long	.Linfo_string100                @ DW_AT_name
	.byte	42                              @ DW_AT_const_value
	.byte	12                              @ Abbrev [12] 0x4c6:0x6 DW_TAG_enumerator
	.long	.Linfo_string101                @ DW_AT_name
	.byte	43                              @ DW_AT_const_value
	.byte	12                              @ Abbrev [12] 0x4cc:0x6 DW_TAG_enumerator
	.long	.Linfo_string102                @ DW_AT_name
	.byte	44                              @ DW_AT_const_value
	.byte	12                              @ Abbrev [12] 0x4d2:0x6 DW_TAG_enumerator
	.long	.Linfo_string103                @ DW_AT_name
	.byte	45                              @ DW_AT_const_value
	.byte	12                              @ Abbrev [12] 0x4d8:0x6 DW_TAG_enumerator
	.long	.Linfo_string104                @ DW_AT_name
	.byte	46                              @ DW_AT_const_value
	.byte	12                              @ Abbrev [12] 0x4de:0x6 DW_TAG_enumerator
	.long	.Linfo_string105                @ DW_AT_name
	.byte	47                              @ DW_AT_const_value
	.byte	12                              @ Abbrev [12] 0x4e4:0x6 DW_TAG_enumerator
	.long	.Linfo_string106                @ DW_AT_name
	.byte	48                              @ DW_AT_const_value
	.byte	12                              @ Abbrev [12] 0x4ea:0x6 DW_TAG_enumerator
	.long	.Linfo_string107                @ DW_AT_name
	.byte	49                              @ DW_AT_const_value
	.byte	12                              @ Abbrev [12] 0x4f0:0x6 DW_TAG_enumerator
	.long	.Linfo_string108                @ DW_AT_name
	.byte	50                              @ DW_AT_const_value
	.byte	12                              @ Abbrev [12] 0x4f6:0x6 DW_TAG_enumerator
	.long	.Linfo_string109                @ DW_AT_name
	.byte	51                              @ DW_AT_const_value
	.byte	12                              @ Abbrev [12] 0x4fc:0x6 DW_TAG_enumerator
	.long	.Linfo_string110                @ DW_AT_name
	.byte	52                              @ DW_AT_const_value
	.byte	12                              @ Abbrev [12] 0x502:0x6 DW_TAG_enumerator
	.long	.Linfo_string111                @ DW_AT_name
	.byte	53                              @ DW_AT_const_value
	.byte	12                              @ Abbrev [12] 0x508:0x6 DW_TAG_enumerator
	.long	.Linfo_string112                @ DW_AT_name
	.byte	54                              @ DW_AT_const_value
	.byte	12                              @ Abbrev [12] 0x50e:0x6 DW_TAG_enumerator
	.long	.Linfo_string113                @ DW_AT_name
	.byte	55                              @ DW_AT_const_value
	.byte	12                              @ Abbrev [12] 0x514:0x6 DW_TAG_enumerator
	.long	.Linfo_string114                @ DW_AT_name
	.byte	56                              @ DW_AT_const_value
	.byte	12                              @ Abbrev [12] 0x51a:0x6 DW_TAG_enumerator
	.long	.Linfo_string115                @ DW_AT_name
	.byte	57                              @ DW_AT_const_value
	.byte	12                              @ Abbrev [12] 0x520:0x6 DW_TAG_enumerator
	.long	.Linfo_string116                @ DW_AT_name
	.byte	58                              @ DW_AT_const_value
	.byte	12                              @ Abbrev [12] 0x526:0x6 DW_TAG_enumerator
	.long	.Linfo_string117                @ DW_AT_name
	.byte	59                              @ DW_AT_const_value
	.byte	12                              @ Abbrev [12] 0x52c:0x6 DW_TAG_enumerator
	.long	.Linfo_string118                @ DW_AT_name
	.byte	60                              @ DW_AT_const_value
	.byte	12                              @ Abbrev [12] 0x532:0x6 DW_TAG_enumerator
	.long	.Linfo_string119                @ DW_AT_name
	.byte	61                              @ DW_AT_const_value
	.byte	12                              @ Abbrev [12] 0x538:0x6 DW_TAG_enumerator
	.long	.Linfo_string120                @ DW_AT_name
	.byte	62                              @ DW_AT_const_value
	.byte	12                              @ Abbrev [12] 0x53e:0x6 DW_TAG_enumerator
	.long	.Linfo_string121                @ DW_AT_name
	.byte	63                              @ DW_AT_const_value
	.byte	12                              @ Abbrev [12] 0x544:0x6 DW_TAG_enumerator
	.long	.Linfo_string122                @ DW_AT_name
	.byte	64                              @ DW_AT_const_value
	.byte	12                              @ Abbrev [12] 0x54a:0x6 DW_TAG_enumerator
	.long	.Linfo_string123                @ DW_AT_name
	.byte	65                              @ DW_AT_const_value
	.byte	12                              @ Abbrev [12] 0x550:0x6 DW_TAG_enumerator
	.long	.Linfo_string124                @ DW_AT_name
	.byte	66                              @ DW_AT_const_value
	.byte	12                              @ Abbrev [12] 0x556:0x6 DW_TAG_enumerator
	.long	.Linfo_string125                @ DW_AT_name
	.byte	69                              @ DW_AT_const_value
	.byte	12                              @ Abbrev [12] 0x55c:0x6 DW_TAG_enumerator
	.long	.Linfo_string126                @ DW_AT_name
	.byte	70                              @ DW_AT_const_value
	.byte	12                              @ Abbrev [12] 0x562:0x6 DW_TAG_enumerator
	.long	.Linfo_string127                @ DW_AT_name
	.byte	67                              @ DW_AT_const_value
	.byte	12                              @ Abbrev [12] 0x568:0x6 DW_TAG_enumerator
	.long	.Linfo_string128                @ DW_AT_name
	.byte	68                              @ DW_AT_const_value
	.byte	12                              @ Abbrev [12] 0x56e:0x7 DW_TAG_enumerator
	.long	.Linfo_string129                @ DW_AT_name
	.ascii	"\240\001"                      @ DW_AT_const_value
	.byte	12                              @ Abbrev [12] 0x575:0x7 DW_TAG_enumerator
	.long	.Linfo_string130                @ DW_AT_name
	.ascii	"\374\001"                      @ DW_AT_const_value
	.byte	12                              @ Abbrev [12] 0x57c:0x7 DW_TAG_enumerator
	.long	.Linfo_string131                @ DW_AT_name
	.ascii	"\375\001"                      @ DW_AT_const_value
	.byte	12                              @ Abbrev [12] 0x583:0x7 DW_TAG_enumerator
	.long	.Linfo_string132                @ DW_AT_name
	.ascii	"\376\001"                      @ DW_AT_const_value
	.byte	12                              @ Abbrev [12] 0x58a:0x7 DW_TAG_enumerator
	.long	.Linfo_string133                @ DW_AT_name
	.ascii	"\377\001"                      @ DW_AT_const_value
	.byte	0                               @ End Of Children Mark
	.byte	13                              @ Abbrev [13] 0x592:0x81 DW_TAG_enumeration_type
	.long	182                             @ DW_AT_type
	.long	.Linfo_string154                @ DW_AT_name
	.byte	1                               @ DW_AT_byte_size
	.byte	6                               @ DW_AT_decl_file
	.short	466                             @ DW_AT_decl_line
	.byte	12                              @ Abbrev [12] 0x59f:0x6 DW_TAG_enumerator
	.long	.Linfo_string135                @ DW_AT_name
	.byte	0                               @ DW_AT_const_value
	.byte	12                              @ Abbrev [12] 0x5a5:0x6 DW_TAG_enumerator
	.long	.Linfo_string136                @ DW_AT_name
	.byte	1                               @ DW_AT_const_value
	.byte	12                              @ Abbrev [12] 0x5ab:0x6 DW_TAG_enumerator
	.long	.Linfo_string137                @ DW_AT_name
	.byte	2                               @ DW_AT_const_value
	.byte	12                              @ Abbrev [12] 0x5b1:0x6 DW_TAG_enumerator
	.long	.Linfo_string138                @ DW_AT_name
	.byte	3                               @ DW_AT_const_value
	.byte	12                              @ Abbrev [12] 0x5b7:0x6 DW_TAG_enumerator
	.long	.Linfo_string139                @ DW_AT_name
	.byte	4                               @ DW_AT_const_value
	.byte	12                              @ Abbrev [12] 0x5bd:0x6 DW_TAG_enumerator
	.long	.Linfo_string140                @ DW_AT_name
	.byte	5                               @ DW_AT_const_value
	.byte	12                              @ Abbrev [12] 0x5c3:0x6 DW_TAG_enumerator
	.long	.Linfo_string141                @ DW_AT_name
	.byte	6                               @ DW_AT_const_value
	.byte	12                              @ Abbrev [12] 0x5c9:0x6 DW_TAG_enumerator
	.long	.Linfo_string142                @ DW_AT_name
	.byte	7                               @ DW_AT_const_value
	.byte	12                              @ Abbrev [12] 0x5cf:0x6 DW_TAG_enumerator
	.long	.Linfo_string143                @ DW_AT_name
	.byte	8                               @ DW_AT_const_value
	.byte	12                              @ Abbrev [12] 0x5d5:0x6 DW_TAG_enumerator
	.long	.Linfo_string144                @ DW_AT_name
	.byte	9                               @ DW_AT_const_value
	.byte	12                              @ Abbrev [12] 0x5db:0x6 DW_TAG_enumerator
	.long	.Linfo_string145                @ DW_AT_name
	.byte	10                              @ DW_AT_const_value
	.byte	12                              @ Abbrev [12] 0x5e1:0x6 DW_TAG_enumerator
	.long	.Linfo_string146                @ DW_AT_name
	.byte	11                              @ DW_AT_const_value
	.byte	12                              @ Abbrev [12] 0x5e7:0x6 DW_TAG_enumerator
	.long	.Linfo_string147                @ DW_AT_name
	.byte	12                              @ DW_AT_const_value
	.byte	12                              @ Abbrev [12] 0x5ed:0x6 DW_TAG_enumerator
	.long	.Linfo_string148                @ DW_AT_name
	.byte	13                              @ DW_AT_const_value
	.byte	12                              @ Abbrev [12] 0x5f3:0x6 DW_TAG_enumerator
	.long	.Linfo_string149                @ DW_AT_name
	.byte	14                              @ DW_AT_const_value
	.byte	12                              @ Abbrev [12] 0x5f9:0x6 DW_TAG_enumerator
	.long	.Linfo_string150                @ DW_AT_name
	.byte	15                              @ DW_AT_const_value
	.byte	12                              @ Abbrev [12] 0x5ff:0x6 DW_TAG_enumerator
	.long	.Linfo_string151                @ DW_AT_name
	.byte	25                              @ DW_AT_const_value
	.byte	12                              @ Abbrev [12] 0x605:0x6 DW_TAG_enumerator
	.long	.Linfo_string152                @ DW_AT_name
	.byte	26                              @ DW_AT_const_value
	.byte	12                              @ Abbrev [12] 0x60b:0x7 DW_TAG_enumerator
	.long	.Linfo_string153                @ DW_AT_name
	.ascii	"\377\001"                      @ DW_AT_const_value
	.byte	0                               @ End Of Children Mark
	.byte	11                              @ Abbrev [11] 0x613:0x99 DW_TAG_enumeration_type
	.long	182                             @ DW_AT_type
	.byte	1                               @ DW_AT_byte_size
	.byte	7                               @ DW_AT_decl_file
	.byte	126                             @ DW_AT_decl_line
	.byte	12                              @ Abbrev [12] 0x61b:0x6 DW_TAG_enumerator
	.long	.Linfo_string155                @ DW_AT_name
	.byte	0                               @ DW_AT_const_value
	.byte	12                              @ Abbrev [12] 0x621:0x6 DW_TAG_enumerator
	.long	.Linfo_string156                @ DW_AT_name
	.byte	1                               @ DW_AT_const_value
	.byte	12                              @ Abbrev [12] 0x627:0x6 DW_TAG_enumerator
	.long	.Linfo_string157                @ DW_AT_name
	.byte	2                               @ DW_AT_const_value
	.byte	12                              @ Abbrev [12] 0x62d:0x6 DW_TAG_enumerator
	.long	.Linfo_string158                @ DW_AT_name
	.byte	3                               @ DW_AT_const_value
	.byte	12                              @ Abbrev [12] 0x633:0x6 DW_TAG_enumerator
	.long	.Linfo_string159                @ DW_AT_name
	.byte	4                               @ DW_AT_const_value
	.byte	12                              @ Abbrev [12] 0x639:0x6 DW_TAG_enumerator
	.long	.Linfo_string160                @ DW_AT_name
	.byte	5                               @ DW_AT_const_value
	.byte	12                              @ Abbrev [12] 0x63f:0x6 DW_TAG_enumerator
	.long	.Linfo_string161                @ DW_AT_name
	.byte	6                               @ DW_AT_const_value
	.byte	12                              @ Abbrev [12] 0x645:0x6 DW_TAG_enumerator
	.long	.Linfo_string162                @ DW_AT_name
	.byte	7                               @ DW_AT_const_value
	.byte	12                              @ Abbrev [12] 0x64b:0x6 DW_TAG_enumerator
	.long	.Linfo_string163                @ DW_AT_name
	.byte	8                               @ DW_AT_const_value
	.byte	12                              @ Abbrev [12] 0x651:0x6 DW_TAG_enumerator
	.long	.Linfo_string164                @ DW_AT_name
	.byte	9                               @ DW_AT_const_value
	.byte	12                              @ Abbrev [12] 0x657:0x6 DW_TAG_enumerator
	.long	.Linfo_string165                @ DW_AT_name
	.byte	10                              @ DW_AT_const_value
	.byte	12                              @ Abbrev [12] 0x65d:0x6 DW_TAG_enumerator
	.long	.Linfo_string166                @ DW_AT_name
	.byte	11                              @ DW_AT_const_value
	.byte	12                              @ Abbrev [12] 0x663:0x6 DW_TAG_enumerator
	.long	.Linfo_string167                @ DW_AT_name
	.byte	12                              @ DW_AT_const_value
	.byte	12                              @ Abbrev [12] 0x669:0x6 DW_TAG_enumerator
	.long	.Linfo_string168                @ DW_AT_name
	.byte	13                              @ DW_AT_const_value
	.byte	12                              @ Abbrev [12] 0x66f:0x6 DW_TAG_enumerator
	.long	.Linfo_string169                @ DW_AT_name
	.byte	14                              @ DW_AT_const_value
	.byte	12                              @ Abbrev [12] 0x675:0x6 DW_TAG_enumerator
	.long	.Linfo_string170                @ DW_AT_name
	.byte	15                              @ DW_AT_const_value
	.byte	12                              @ Abbrev [12] 0x67b:0x6 DW_TAG_enumerator
	.long	.Linfo_string171                @ DW_AT_name
	.byte	16                              @ DW_AT_const_value
	.byte	12                              @ Abbrev [12] 0x681:0x6 DW_TAG_enumerator
	.long	.Linfo_string172                @ DW_AT_name
	.byte	17                              @ DW_AT_const_value
	.byte	12                              @ Abbrev [12] 0x687:0x6 DW_TAG_enumerator
	.long	.Linfo_string173                @ DW_AT_name
	.byte	18                              @ DW_AT_const_value
	.byte	12                              @ Abbrev [12] 0x68d:0x6 DW_TAG_enumerator
	.long	.Linfo_string174                @ DW_AT_name
	.byte	19                              @ DW_AT_const_value
	.byte	12                              @ Abbrev [12] 0x693:0x6 DW_TAG_enumerator
	.long	.Linfo_string175                @ DW_AT_name
	.byte	20                              @ DW_AT_const_value
	.byte	12                              @ Abbrev [12] 0x699:0x6 DW_TAG_enumerator
	.long	.Linfo_string176                @ DW_AT_name
	.byte	21                              @ DW_AT_const_value
	.byte	12                              @ Abbrev [12] 0x69f:0x6 DW_TAG_enumerator
	.long	.Linfo_string177                @ DW_AT_name
	.byte	22                              @ DW_AT_const_value
	.byte	12                              @ Abbrev [12] 0x6a5:0x6 DW_TAG_enumerator
	.long	.Linfo_string178                @ DW_AT_name
	.byte	23                              @ DW_AT_const_value
	.byte	0                               @ End Of Children Mark
	.byte	14                              @ Abbrev [14] 0x6ac:0x427 DW_TAG_enumeration_type
	.long	182                             @ DW_AT_type
	.long	.Linfo_string341                @ DW_AT_name
	.byte	1                               @ DW_AT_byte_size
	.byte	8                               @ DW_AT_decl_file
	.byte	43                              @ DW_AT_decl_line
	.byte	12                              @ Abbrev [12] 0x6b8:0x6 DW_TAG_enumerator
	.long	.Linfo_string179                @ DW_AT_name
	.byte	0                               @ DW_AT_const_value
	.byte	12                              @ Abbrev [12] 0x6be:0x6 DW_TAG_enumerator
	.long	.Linfo_string180                @ DW_AT_name
	.byte	0                               @ DW_AT_const_value
	.byte	12                              @ Abbrev [12] 0x6c4:0x6 DW_TAG_enumerator
	.long	.Linfo_string181                @ DW_AT_name
	.byte	1                               @ DW_AT_const_value
	.byte	12                              @ Abbrev [12] 0x6ca:0x6 DW_TAG_enumerator
	.long	.Linfo_string182                @ DW_AT_name
	.byte	2                               @ DW_AT_const_value
	.byte	12                              @ Abbrev [12] 0x6d0:0x6 DW_TAG_enumerator
	.long	.Linfo_string183                @ DW_AT_name
	.byte	3                               @ DW_AT_const_value
	.byte	12                              @ Abbrev [12] 0x6d6:0x6 DW_TAG_enumerator
	.long	.Linfo_string184                @ DW_AT_name
	.byte	4                               @ DW_AT_const_value
	.byte	12                              @ Abbrev [12] 0x6dc:0x6 DW_TAG_enumerator
	.long	.Linfo_string185                @ DW_AT_name
	.byte	5                               @ DW_AT_const_value
	.byte	12                              @ Abbrev [12] 0x6e2:0x6 DW_TAG_enumerator
	.long	.Linfo_string186                @ DW_AT_name
	.byte	6                               @ DW_AT_const_value
	.byte	12                              @ Abbrev [12] 0x6e8:0x6 DW_TAG_enumerator
	.long	.Linfo_string187                @ DW_AT_name
	.byte	7                               @ DW_AT_const_value
	.byte	12                              @ Abbrev [12] 0x6ee:0x6 DW_TAG_enumerator
	.long	.Linfo_string188                @ DW_AT_name
	.byte	8                               @ DW_AT_const_value
	.byte	12                              @ Abbrev [12] 0x6f4:0x6 DW_TAG_enumerator
	.long	.Linfo_string189                @ DW_AT_name
	.byte	9                               @ DW_AT_const_value
	.byte	12                              @ Abbrev [12] 0x6fa:0x6 DW_TAG_enumerator
	.long	.Linfo_string190                @ DW_AT_name
	.byte	10                              @ DW_AT_const_value
	.byte	12                              @ Abbrev [12] 0x700:0x6 DW_TAG_enumerator
	.long	.Linfo_string191                @ DW_AT_name
	.byte	11                              @ DW_AT_const_value
	.byte	12                              @ Abbrev [12] 0x706:0x6 DW_TAG_enumerator
	.long	.Linfo_string192                @ DW_AT_name
	.byte	12                              @ DW_AT_const_value
	.byte	12                              @ Abbrev [12] 0x70c:0x6 DW_TAG_enumerator
	.long	.Linfo_string193                @ DW_AT_name
	.byte	13                              @ DW_AT_const_value
	.byte	12                              @ Abbrev [12] 0x712:0x6 DW_TAG_enumerator
	.long	.Linfo_string194                @ DW_AT_name
	.byte	14                              @ DW_AT_const_value
	.byte	12                              @ Abbrev [12] 0x718:0x6 DW_TAG_enumerator
	.long	.Linfo_string195                @ DW_AT_name
	.byte	15                              @ DW_AT_const_value
	.byte	12                              @ Abbrev [12] 0x71e:0x6 DW_TAG_enumerator
	.long	.Linfo_string196                @ DW_AT_name
	.byte	16                              @ DW_AT_const_value
	.byte	12                              @ Abbrev [12] 0x724:0x6 DW_TAG_enumerator
	.long	.Linfo_string197                @ DW_AT_name
	.byte	17                              @ DW_AT_const_value
	.byte	12                              @ Abbrev [12] 0x72a:0x7 DW_TAG_enumerator
	.long	.Linfo_string198                @ DW_AT_name
	.ascii	"\200\001"                      @ DW_AT_const_value
	.byte	12                              @ Abbrev [12] 0x731:0x6 DW_TAG_enumerator
	.long	.Linfo_string199                @ DW_AT_name
	.byte	48                              @ DW_AT_const_value
	.byte	12                              @ Abbrev [12] 0x737:0x6 DW_TAG_enumerator
	.long	.Linfo_string200                @ DW_AT_name
	.byte	49                              @ DW_AT_const_value
	.byte	12                              @ Abbrev [12] 0x73d:0x6 DW_TAG_enumerator
	.long	.Linfo_string201                @ DW_AT_name
	.byte	50                              @ DW_AT_const_value
	.byte	12                              @ Abbrev [12] 0x743:0x6 DW_TAG_enumerator
	.long	.Linfo_string202                @ DW_AT_name
	.byte	51                              @ DW_AT_const_value
	.byte	12                              @ Abbrev [12] 0x749:0x6 DW_TAG_enumerator
	.long	.Linfo_string203                @ DW_AT_name
	.byte	52                              @ DW_AT_const_value
	.byte	12                              @ Abbrev [12] 0x74f:0x6 DW_TAG_enumerator
	.long	.Linfo_string204                @ DW_AT_name
	.byte	53                              @ DW_AT_const_value
	.byte	12                              @ Abbrev [12] 0x755:0x6 DW_TAG_enumerator
	.long	.Linfo_string205                @ DW_AT_name
	.byte	54                              @ DW_AT_const_value
	.byte	12                              @ Abbrev [12] 0x75b:0x6 DW_TAG_enumerator
	.long	.Linfo_string206                @ DW_AT_name
	.byte	55                              @ DW_AT_const_value
	.byte	12                              @ Abbrev [12] 0x761:0x6 DW_TAG_enumerator
	.long	.Linfo_string207                @ DW_AT_name
	.byte	56                              @ DW_AT_const_value
	.byte	12                              @ Abbrev [12] 0x767:0x6 DW_TAG_enumerator
	.long	.Linfo_string208                @ DW_AT_name
	.byte	57                              @ DW_AT_const_value
	.byte	12                              @ Abbrev [12] 0x76d:0x6 DW_TAG_enumerator
	.long	.Linfo_string209                @ DW_AT_name
	.byte	58                              @ DW_AT_const_value
	.byte	12                              @ Abbrev [12] 0x773:0x6 DW_TAG_enumerator
	.long	.Linfo_string210                @ DW_AT_name
	.byte	59                              @ DW_AT_const_value
	.byte	12                              @ Abbrev [12] 0x779:0x6 DW_TAG_enumerator
	.long	.Linfo_string211                @ DW_AT_name
	.byte	59                              @ DW_AT_const_value
	.byte	12                              @ Abbrev [12] 0x77f:0x6 DW_TAG_enumerator
	.long	.Linfo_string212                @ DW_AT_name
	.byte	60                              @ DW_AT_const_value
	.byte	12                              @ Abbrev [12] 0x785:0x6 DW_TAG_enumerator
	.long	.Linfo_string213                @ DW_AT_name
	.byte	61                              @ DW_AT_const_value
	.byte	12                              @ Abbrev [12] 0x78b:0x6 DW_TAG_enumerator
	.long	.Linfo_string214                @ DW_AT_name
	.byte	62                              @ DW_AT_const_value
	.byte	12                              @ Abbrev [12] 0x791:0x6 DW_TAG_enumerator
	.long	.Linfo_string215                @ DW_AT_name
	.byte	63                              @ DW_AT_const_value
	.byte	12                              @ Abbrev [12] 0x797:0x6 DW_TAG_enumerator
	.long	.Linfo_string216                @ DW_AT_name
	.byte	64                              @ DW_AT_const_value
	.byte	12                              @ Abbrev [12] 0x79d:0x6 DW_TAG_enumerator
	.long	.Linfo_string217                @ DW_AT_name
	.byte	65                              @ DW_AT_const_value
	.byte	12                              @ Abbrev [12] 0x7a3:0x6 DW_TAG_enumerator
	.long	.Linfo_string218                @ DW_AT_name
	.byte	66                              @ DW_AT_const_value
	.byte	12                              @ Abbrev [12] 0x7a9:0x6 DW_TAG_enumerator
	.long	.Linfo_string219                @ DW_AT_name
	.byte	67                              @ DW_AT_const_value
	.byte	12                              @ Abbrev [12] 0x7af:0x6 DW_TAG_enumerator
	.long	.Linfo_string220                @ DW_AT_name
	.byte	68                              @ DW_AT_const_value
	.byte	12                              @ Abbrev [12] 0x7b5:0x6 DW_TAG_enumerator
	.long	.Linfo_string221                @ DW_AT_name
	.byte	69                              @ DW_AT_const_value
	.byte	12                              @ Abbrev [12] 0x7bb:0x6 DW_TAG_enumerator
	.long	.Linfo_string222                @ DW_AT_name
	.byte	70                              @ DW_AT_const_value
	.byte	12                              @ Abbrev [12] 0x7c1:0x6 DW_TAG_enumerator
	.long	.Linfo_string223                @ DW_AT_name
	.byte	71                              @ DW_AT_const_value
	.byte	12                              @ Abbrev [12] 0x7c7:0x6 DW_TAG_enumerator
	.long	.Linfo_string224                @ DW_AT_name
	.byte	72                              @ DW_AT_const_value
	.byte	12                              @ Abbrev [12] 0x7cd:0x6 DW_TAG_enumerator
	.long	.Linfo_string225                @ DW_AT_name
	.byte	73                              @ DW_AT_const_value
	.byte	12                              @ Abbrev [12] 0x7d3:0x6 DW_TAG_enumerator
	.long	.Linfo_string226                @ DW_AT_name
	.byte	74                              @ DW_AT_const_value
	.byte	12                              @ Abbrev [12] 0x7d9:0x6 DW_TAG_enumerator
	.long	.Linfo_string227                @ DW_AT_name
	.byte	75                              @ DW_AT_const_value
	.byte	12                              @ Abbrev [12] 0x7df:0x6 DW_TAG_enumerator
	.long	.Linfo_string228                @ DW_AT_name
	.byte	76                              @ DW_AT_const_value
	.byte	12                              @ Abbrev [12] 0x7e5:0x6 DW_TAG_enumerator
	.long	.Linfo_string229                @ DW_AT_name
	.byte	80                              @ DW_AT_const_value
	.byte	12                              @ Abbrev [12] 0x7eb:0x6 DW_TAG_enumerator
	.long	.Linfo_string230                @ DW_AT_name
	.byte	81                              @ DW_AT_const_value
	.byte	12                              @ Abbrev [12] 0x7f1:0x6 DW_TAG_enumerator
	.long	.Linfo_string231                @ DW_AT_name
	.byte	82                              @ DW_AT_const_value
	.byte	12                              @ Abbrev [12] 0x7f7:0x6 DW_TAG_enumerator
	.long	.Linfo_string232                @ DW_AT_name
	.byte	83                              @ DW_AT_const_value
	.byte	12                              @ Abbrev [12] 0x7fd:0x6 DW_TAG_enumerator
	.long	.Linfo_string233                @ DW_AT_name
	.byte	84                              @ DW_AT_const_value
	.byte	12                              @ Abbrev [12] 0x803:0x6 DW_TAG_enumerator
	.long	.Linfo_string234                @ DW_AT_name
	.byte	85                              @ DW_AT_const_value
	.byte	12                              @ Abbrev [12] 0x809:0x6 DW_TAG_enumerator
	.long	.Linfo_string235                @ DW_AT_name
	.byte	86                              @ DW_AT_const_value
	.byte	12                              @ Abbrev [12] 0x80f:0x6 DW_TAG_enumerator
	.long	.Linfo_string236                @ DW_AT_name
	.byte	97                              @ DW_AT_const_value
	.byte	12                              @ Abbrev [12] 0x815:0x6 DW_TAG_enumerator
	.long	.Linfo_string237                @ DW_AT_name
	.byte	98                              @ DW_AT_const_value
	.byte	12                              @ Abbrev [12] 0x81b:0x6 DW_TAG_enumerator
	.long	.Linfo_string238                @ DW_AT_name
	.byte	99                              @ DW_AT_const_value
	.byte	12                              @ Abbrev [12] 0x821:0x6 DW_TAG_enumerator
	.long	.Linfo_string239                @ DW_AT_name
	.byte	100                             @ DW_AT_const_value
	.byte	12                              @ Abbrev [12] 0x827:0x6 DW_TAG_enumerator
	.long	.Linfo_string240                @ DW_AT_name
	.byte	101                             @ DW_AT_const_value
	.byte	12                              @ Abbrev [12] 0x82d:0x6 DW_TAG_enumerator
	.long	.Linfo_string241                @ DW_AT_name
	.byte	102                             @ DW_AT_const_value
	.byte	12                              @ Abbrev [12] 0x833:0x6 DW_TAG_enumerator
	.long	.Linfo_string242                @ DW_AT_name
	.byte	103                             @ DW_AT_const_value
	.byte	12                              @ Abbrev [12] 0x839:0x6 DW_TAG_enumerator
	.long	.Linfo_string243                @ DW_AT_name
	.byte	104                             @ DW_AT_const_value
	.byte	12                              @ Abbrev [12] 0x83f:0x6 DW_TAG_enumerator
	.long	.Linfo_string244                @ DW_AT_name
	.byte	105                             @ DW_AT_const_value
	.byte	12                              @ Abbrev [12] 0x845:0x6 DW_TAG_enumerator
	.long	.Linfo_string245                @ DW_AT_name
	.byte	106                             @ DW_AT_const_value
	.byte	12                              @ Abbrev [12] 0x84b:0x6 DW_TAG_enumerator
	.long	.Linfo_string246                @ DW_AT_name
	.byte	107                             @ DW_AT_const_value
	.byte	12                              @ Abbrev [12] 0x851:0x6 DW_TAG_enumerator
	.long	.Linfo_string247                @ DW_AT_name
	.byte	108                             @ DW_AT_const_value
	.byte	12                              @ Abbrev [12] 0x857:0x6 DW_TAG_enumerator
	.long	.Linfo_string248                @ DW_AT_name
	.byte	109                             @ DW_AT_const_value
	.byte	12                              @ Abbrev [12] 0x85d:0x6 DW_TAG_enumerator
	.long	.Linfo_string249                @ DW_AT_name
	.byte	110                             @ DW_AT_const_value
	.byte	12                              @ Abbrev [12] 0x863:0x6 DW_TAG_enumerator
	.long	.Linfo_string250                @ DW_AT_name
	.byte	111                             @ DW_AT_const_value
	.byte	12                              @ Abbrev [12] 0x869:0x6 DW_TAG_enumerator
	.long	.Linfo_string251                @ DW_AT_name
	.byte	113                             @ DW_AT_const_value
	.byte	12                              @ Abbrev [12] 0x86f:0x6 DW_TAG_enumerator
	.long	.Linfo_string252                @ DW_AT_name
	.byte	114                             @ DW_AT_const_value
	.byte	12                              @ Abbrev [12] 0x875:0x6 DW_TAG_enumerator
	.long	.Linfo_string253                @ DW_AT_name
	.byte	115                             @ DW_AT_const_value
	.byte	12                              @ Abbrev [12] 0x87b:0x6 DW_TAG_enumerator
	.long	.Linfo_string254                @ DW_AT_name
	.byte	116                             @ DW_AT_const_value
	.byte	12                              @ Abbrev [12] 0x881:0x6 DW_TAG_enumerator
	.long	.Linfo_string255                @ DW_AT_name
	.byte	117                             @ DW_AT_const_value
	.byte	12                              @ Abbrev [12] 0x887:0x6 DW_TAG_enumerator
	.long	.Linfo_string256                @ DW_AT_name
	.byte	118                             @ DW_AT_const_value
	.byte	12                              @ Abbrev [12] 0x88d:0x6 DW_TAG_enumerator
	.long	.Linfo_string257                @ DW_AT_name
	.byte	119                             @ DW_AT_const_value
	.byte	12                              @ Abbrev [12] 0x893:0x6 DW_TAG_enumerator
	.long	.Linfo_string258                @ DW_AT_name
	.byte	120                             @ DW_AT_const_value
	.byte	12                              @ Abbrev [12] 0x899:0x6 DW_TAG_enumerator
	.long	.Linfo_string259                @ DW_AT_name
	.byte	121                             @ DW_AT_const_value
	.byte	12                              @ Abbrev [12] 0x89f:0x6 DW_TAG_enumerator
	.long	.Linfo_string260                @ DW_AT_name
	.byte	122                             @ DW_AT_const_value
	.byte	12                              @ Abbrev [12] 0x8a5:0x6 DW_TAG_enumerator
	.long	.Linfo_string261                @ DW_AT_name
	.byte	123                             @ DW_AT_const_value
	.byte	12                              @ Abbrev [12] 0x8ab:0x6 DW_TAG_enumerator
	.long	.Linfo_string262                @ DW_AT_name
	.byte	124                             @ DW_AT_const_value
	.byte	12                              @ Abbrev [12] 0x8b1:0x6 DW_TAG_enumerator
	.long	.Linfo_string263                @ DW_AT_name
	.byte	125                             @ DW_AT_const_value
	.byte	12                              @ Abbrev [12] 0x8b7:0x7 DW_TAG_enumerator
	.long	.Linfo_string264                @ DW_AT_name
	.ascii	"\200\001"                      @ DW_AT_const_value
	.byte	12                              @ Abbrev [12] 0x8be:0x7 DW_TAG_enumerator
	.long	.Linfo_string265                @ DW_AT_name
	.ascii	"\201\001"                      @ DW_AT_const_value
	.byte	12                              @ Abbrev [12] 0x8c5:0x7 DW_TAG_enumerator
	.long	.Linfo_string266                @ DW_AT_name
	.ascii	"\202\001"                      @ DW_AT_const_value
	.byte	12                              @ Abbrev [12] 0x8cc:0x7 DW_TAG_enumerator
	.long	.Linfo_string267                @ DW_AT_name
	.ascii	"\203\001"                      @ DW_AT_const_value
	.byte	12                              @ Abbrev [12] 0x8d3:0x7 DW_TAG_enumerator
	.long	.Linfo_string268                @ DW_AT_name
	.ascii	"\204\001"                      @ DW_AT_const_value
	.byte	12                              @ Abbrev [12] 0x8da:0x7 DW_TAG_enumerator
	.long	.Linfo_string269                @ DW_AT_name
	.ascii	"\205\001"                      @ DW_AT_const_value
	.byte	12                              @ Abbrev [12] 0x8e1:0x7 DW_TAG_enumerator
	.long	.Linfo_string270                @ DW_AT_name
	.ascii	"\206\001"                      @ DW_AT_const_value
	.byte	12                              @ Abbrev [12] 0x8e8:0x7 DW_TAG_enumerator
	.long	.Linfo_string271                @ DW_AT_name
	.ascii	"\207\001"                      @ DW_AT_const_value
	.byte	12                              @ Abbrev [12] 0x8ef:0x7 DW_TAG_enumerator
	.long	.Linfo_string272                @ DW_AT_name
	.ascii	"\210\001"                      @ DW_AT_const_value
	.byte	12                              @ Abbrev [12] 0x8f6:0x7 DW_TAG_enumerator
	.long	.Linfo_string273                @ DW_AT_name
	.ascii	"\211\001"                      @ DW_AT_const_value
	.byte	12                              @ Abbrev [12] 0x8fd:0x7 DW_TAG_enumerator
	.long	.Linfo_string274                @ DW_AT_name
	.ascii	"\212\001"                      @ DW_AT_const_value
	.byte	12                              @ Abbrev [12] 0x904:0x7 DW_TAG_enumerator
	.long	.Linfo_string275                @ DW_AT_name
	.ascii	"\213\001"                      @ DW_AT_const_value
	.byte	12                              @ Abbrev [12] 0x90b:0x7 DW_TAG_enumerator
	.long	.Linfo_string276                @ DW_AT_name
	.ascii	"\214\001"                      @ DW_AT_const_value
	.byte	12                              @ Abbrev [12] 0x912:0x7 DW_TAG_enumerator
	.long	.Linfo_string277                @ DW_AT_name
	.ascii	"\215\001"                      @ DW_AT_const_value
	.byte	12                              @ Abbrev [12] 0x919:0x7 DW_TAG_enumerator
	.long	.Linfo_string278                @ DW_AT_name
	.ascii	"\216\001"                      @ DW_AT_const_value
	.byte	12                              @ Abbrev [12] 0x920:0x7 DW_TAG_enumerator
	.long	.Linfo_string279                @ DW_AT_name
	.ascii	"\217\001"                      @ DW_AT_const_value
	.byte	12                              @ Abbrev [12] 0x927:0x7 DW_TAG_enumerator
	.long	.Linfo_string280                @ DW_AT_name
	.ascii	"\375\001"                      @ DW_AT_const_value
	.byte	12                              @ Abbrev [12] 0x92e:0x7 DW_TAG_enumerator
	.long	.Linfo_string281                @ DW_AT_name
	.ascii	"\376\001"                      @ DW_AT_const_value
	.byte	12                              @ Abbrev [12] 0x935:0x7 DW_TAG_enumerator
	.long	.Linfo_string282                @ DW_AT_name
	.ascii	"\377\001"                      @ DW_AT_const_value
	.byte	12                              @ Abbrev [12] 0x93c:0x7 DW_TAG_enumerator
	.long	.Linfo_string283                @ DW_AT_name
	.ascii	"\221\001"                      @ DW_AT_const_value
	.byte	12                              @ Abbrev [12] 0x943:0x7 DW_TAG_enumerator
	.long	.Linfo_string284                @ DW_AT_name
	.ascii	"\222\001"                      @ DW_AT_const_value
	.byte	12                              @ Abbrev [12] 0x94a:0x7 DW_TAG_enumerator
	.long	.Linfo_string285                @ DW_AT_name
	.ascii	"\223\001"                      @ DW_AT_const_value
	.byte	12                              @ Abbrev [12] 0x951:0x7 DW_TAG_enumerator
	.long	.Linfo_string286                @ DW_AT_name
	.ascii	"\224\001"                      @ DW_AT_const_value
	.byte	12                              @ Abbrev [12] 0x958:0x7 DW_TAG_enumerator
	.long	.Linfo_string287                @ DW_AT_name
	.ascii	"\225\001"                      @ DW_AT_const_value
	.byte	12                              @ Abbrev [12] 0x95f:0x7 DW_TAG_enumerator
	.long	.Linfo_string288                @ DW_AT_name
	.ascii	"\226\001"                      @ DW_AT_const_value
	.byte	12                              @ Abbrev [12] 0x966:0x7 DW_TAG_enumerator
	.long	.Linfo_string289                @ DW_AT_name
	.ascii	"\227\001"                      @ DW_AT_const_value
	.byte	12                              @ Abbrev [12] 0x96d:0x7 DW_TAG_enumerator
	.long	.Linfo_string290                @ DW_AT_name
	.ascii	"\230\001"                      @ DW_AT_const_value
	.byte	12                              @ Abbrev [12] 0x974:0x7 DW_TAG_enumerator
	.long	.Linfo_string291                @ DW_AT_name
	.ascii	"\231\001"                      @ DW_AT_const_value
	.byte	12                              @ Abbrev [12] 0x97b:0x7 DW_TAG_enumerator
	.long	.Linfo_string292                @ DW_AT_name
	.ascii	"\232\001"                      @ DW_AT_const_value
	.byte	12                              @ Abbrev [12] 0x982:0x7 DW_TAG_enumerator
	.long	.Linfo_string293                @ DW_AT_name
	.ascii	"\233\001"                      @ DW_AT_const_value
	.byte	12                              @ Abbrev [12] 0x989:0x7 DW_TAG_enumerator
	.long	.Linfo_string294                @ DW_AT_name
	.ascii	"\234\001"                      @ DW_AT_const_value
	.byte	12                              @ Abbrev [12] 0x990:0x7 DW_TAG_enumerator
	.long	.Linfo_string295                @ DW_AT_name
	.ascii	"\235\001"                      @ DW_AT_const_value
	.byte	12                              @ Abbrev [12] 0x997:0x7 DW_TAG_enumerator
	.long	.Linfo_string296                @ DW_AT_name
	.ascii	"\236\001"                      @ DW_AT_const_value
	.byte	12                              @ Abbrev [12] 0x99e:0x7 DW_TAG_enumerator
	.long	.Linfo_string297                @ DW_AT_name
	.ascii	"\237\001"                      @ DW_AT_const_value
	.byte	12                              @ Abbrev [12] 0x9a5:0x7 DW_TAG_enumerator
	.long	.Linfo_string298                @ DW_AT_name
	.ascii	"\240\001"                      @ DW_AT_const_value
	.byte	12                              @ Abbrev [12] 0x9ac:0x7 DW_TAG_enumerator
	.long	.Linfo_string299                @ DW_AT_name
	.ascii	"\241\001"                      @ DW_AT_const_value
	.byte	12                              @ Abbrev [12] 0x9b3:0x7 DW_TAG_enumerator
	.long	.Linfo_string300                @ DW_AT_name
	.ascii	"\242\001"                      @ DW_AT_const_value
	.byte	12                              @ Abbrev [12] 0x9ba:0x7 DW_TAG_enumerator
	.long	.Linfo_string301                @ DW_AT_name
	.ascii	"\243\001"                      @ DW_AT_const_value
	.byte	12                              @ Abbrev [12] 0x9c1:0x7 DW_TAG_enumerator
	.long	.Linfo_string302                @ DW_AT_name
	.ascii	"\244\001"                      @ DW_AT_const_value
	.byte	12                              @ Abbrev [12] 0x9c8:0x7 DW_TAG_enumerator
	.long	.Linfo_string303                @ DW_AT_name
	.ascii	"\245\001"                      @ DW_AT_const_value
	.byte	12                              @ Abbrev [12] 0x9cf:0x7 DW_TAG_enumerator
	.long	.Linfo_string304                @ DW_AT_name
	.ascii	"\246\001"                      @ DW_AT_const_value
	.byte	12                              @ Abbrev [12] 0x9d6:0x7 DW_TAG_enumerator
	.long	.Linfo_string305                @ DW_AT_name
	.ascii	"\247\001"                      @ DW_AT_const_value
	.byte	12                              @ Abbrev [12] 0x9dd:0x7 DW_TAG_enumerator
	.long	.Linfo_string306                @ DW_AT_name
	.ascii	"\250\001"                      @ DW_AT_const_value
	.byte	12                              @ Abbrev [12] 0x9e4:0x7 DW_TAG_enumerator
	.long	.Linfo_string307                @ DW_AT_name
	.ascii	"\251\001"                      @ DW_AT_const_value
	.byte	12                              @ Abbrev [12] 0x9eb:0x7 DW_TAG_enumerator
	.long	.Linfo_string308                @ DW_AT_name
	.ascii	"\252\001"                      @ DW_AT_const_value
	.byte	12                              @ Abbrev [12] 0x9f2:0x7 DW_TAG_enumerator
	.long	.Linfo_string309                @ DW_AT_name
	.ascii	"\253\001"                      @ DW_AT_const_value
	.byte	12                              @ Abbrev [12] 0x9f9:0x7 DW_TAG_enumerator
	.long	.Linfo_string310                @ DW_AT_name
	.ascii	"\254\001"                      @ DW_AT_const_value
	.byte	12                              @ Abbrev [12] 0xa00:0x7 DW_TAG_enumerator
	.long	.Linfo_string311                @ DW_AT_name
	.ascii	"\255\001"                      @ DW_AT_const_value
	.byte	12                              @ Abbrev [12] 0xa07:0x7 DW_TAG_enumerator
	.long	.Linfo_string312                @ DW_AT_name
	.ascii	"\256\001"                      @ DW_AT_const_value
	.byte	12                              @ Abbrev [12] 0xa0e:0x7 DW_TAG_enumerator
	.long	.Linfo_string313                @ DW_AT_name
	.ascii	"\257\001"                      @ DW_AT_const_value
	.byte	12                              @ Abbrev [12] 0xa15:0x7 DW_TAG_enumerator
	.long	.Linfo_string314                @ DW_AT_name
	.ascii	"\260\001"                      @ DW_AT_const_value
	.byte	12                              @ Abbrev [12] 0xa1c:0x7 DW_TAG_enumerator
	.long	.Linfo_string315                @ DW_AT_name
	.ascii	"\261\001"                      @ DW_AT_const_value
	.byte	12                              @ Abbrev [12] 0xa23:0x7 DW_TAG_enumerator
	.long	.Linfo_string316                @ DW_AT_name
	.ascii	"\262\001"                      @ DW_AT_const_value
	.byte	12                              @ Abbrev [12] 0xa2a:0x7 DW_TAG_enumerator
	.long	.Linfo_string317                @ DW_AT_name
	.ascii	"\263\001"                      @ DW_AT_const_value
	.byte	12                              @ Abbrev [12] 0xa31:0x7 DW_TAG_enumerator
	.long	.Linfo_string318                @ DW_AT_name
	.ascii	"\264\001"                      @ DW_AT_const_value
	.byte	12                              @ Abbrev [12] 0xa38:0x7 DW_TAG_enumerator
	.long	.Linfo_string319                @ DW_AT_name
	.ascii	"\265\001"                      @ DW_AT_const_value
	.byte	12                              @ Abbrev [12] 0xa3f:0x7 DW_TAG_enumerator
	.long	.Linfo_string320                @ DW_AT_name
	.ascii	"\266\001"                      @ DW_AT_const_value
	.byte	12                              @ Abbrev [12] 0xa46:0x7 DW_TAG_enumerator
	.long	.Linfo_string321                @ DW_AT_name
	.ascii	"\267\001"                      @ DW_AT_const_value
	.byte	12                              @ Abbrev [12] 0xa4d:0x7 DW_TAG_enumerator
	.long	.Linfo_string322                @ DW_AT_name
	.ascii	"\270\001"                      @ DW_AT_const_value
	.byte	12                              @ Abbrev [12] 0xa54:0x7 DW_TAG_enumerator
	.long	.Linfo_string323                @ DW_AT_name
	.ascii	"\271\001"                      @ DW_AT_const_value
	.byte	12                              @ Abbrev [12] 0xa5b:0x7 DW_TAG_enumerator
	.long	.Linfo_string324                @ DW_AT_name
	.ascii	"\272\001"                      @ DW_AT_const_value
	.byte	12                              @ Abbrev [12] 0xa62:0x7 DW_TAG_enumerator
	.long	.Linfo_string325                @ DW_AT_name
	.ascii	"\274\001"                      @ DW_AT_const_value
	.byte	12                              @ Abbrev [12] 0xa69:0x7 DW_TAG_enumerator
	.long	.Linfo_string326                @ DW_AT_name
	.ascii	"\275\001"                      @ DW_AT_const_value
	.byte	12                              @ Abbrev [12] 0xa70:0x7 DW_TAG_enumerator
	.long	.Linfo_string327                @ DW_AT_name
	.ascii	"\276\001"                      @ DW_AT_const_value
	.byte	12                              @ Abbrev [12] 0xa77:0x7 DW_TAG_enumerator
	.long	.Linfo_string328                @ DW_AT_name
	.ascii	"\277\001"                      @ DW_AT_const_value
	.byte	12                              @ Abbrev [12] 0xa7e:0x7 DW_TAG_enumerator
	.long	.Linfo_string329                @ DW_AT_name
	.ascii	"\300\001"                      @ DW_AT_const_value
	.byte	12                              @ Abbrev [12] 0xa85:0x7 DW_TAG_enumerator
	.long	.Linfo_string330                @ DW_AT_name
	.ascii	"\302\001"                      @ DW_AT_const_value
	.byte	12                              @ Abbrev [12] 0xa8c:0x7 DW_TAG_enumerator
	.long	.Linfo_string331                @ DW_AT_name
	.ascii	"\304\001"                      @ DW_AT_const_value
	.byte	12                              @ Abbrev [12] 0xa93:0x7 DW_TAG_enumerator
	.long	.Linfo_string332                @ DW_AT_name
	.ascii	"\305\001"                      @ DW_AT_const_value
	.byte	12                              @ Abbrev [12] 0xa9a:0x7 DW_TAG_enumerator
	.long	.Linfo_string333                @ DW_AT_name
	.ascii	"\306\001"                      @ DW_AT_const_value
	.byte	12                              @ Abbrev [12] 0xaa1:0x7 DW_TAG_enumerator
	.long	.Linfo_string334                @ DW_AT_name
	.ascii	"\307\001"                      @ DW_AT_const_value
	.byte	12                              @ Abbrev [12] 0xaa8:0x7 DW_TAG_enumerator
	.long	.Linfo_string335                @ DW_AT_name
	.ascii	"\310\001"                      @ DW_AT_const_value
	.byte	12                              @ Abbrev [12] 0xaaf:0x7 DW_TAG_enumerator
	.long	.Linfo_string336                @ DW_AT_name
	.ascii	"\312\001"                      @ DW_AT_const_value
	.byte	12                              @ Abbrev [12] 0xab6:0x7 DW_TAG_enumerator
	.long	.Linfo_string337                @ DW_AT_name
	.ascii	"\313\001"                      @ DW_AT_const_value
	.byte	12                              @ Abbrev [12] 0xabd:0x7 DW_TAG_enumerator
	.long	.Linfo_string338                @ DW_AT_name
	.ascii	"\314\001"                      @ DW_AT_const_value
	.byte	12                              @ Abbrev [12] 0xac4:0x7 DW_TAG_enumerator
	.long	.Linfo_string339                @ DW_AT_name
	.ascii	"\315\001"                      @ DW_AT_const_value
	.byte	12                              @ Abbrev [12] 0xacb:0x7 DW_TAG_enumerator
	.long	.Linfo_string340                @ DW_AT_name
	.ascii	"\316\001"                      @ DW_AT_const_value
	.byte	0                               @ End Of Children Mark
	.byte	15                              @ Abbrev [15] 0xad3:0x5 DW_TAG_pointer_type
	.long	2776                            @ DW_AT_type
	.byte	16                              @ Abbrev [16] 0xad8:0x45 DW_TAG_structure_type
	.long	.Linfo_string347                @ DW_AT_name
	.byte	6                               @ DW_AT_byte_size
	.byte	5                               @ DW_AT_decl_file
	.byte	217                             @ DW_AT_decl_line
	.byte	17                              @ Abbrev [17] 0xae0:0xc DW_TAG_member
	.long	.Linfo_string342                @ DW_AT_name
	.long	171                             @ DW_AT_type
	.byte	5                               @ DW_AT_decl_file
	.byte	220                             @ DW_AT_decl_line
	.byte	0                               @ DW_AT_data_member_location
	.byte	17                              @ Abbrev [17] 0xaec:0xc DW_TAG_member
	.long	.Linfo_string343                @ DW_AT_name
	.long	60                              @ DW_AT_type
	.byte	5                               @ DW_AT_decl_file
	.byte	222                             @ DW_AT_decl_line
	.byte	1                               @ DW_AT_data_member_location
	.byte	17                              @ Abbrev [17] 0xaf8:0xc DW_TAG_member
	.long	.Linfo_string344                @ DW_AT_name
	.long	383                             @ DW_AT_type
	.byte	5                               @ DW_AT_decl_file
	.byte	224                             @ DW_AT_decl_line
	.byte	2                               @ DW_AT_data_member_location
	.byte	17                              @ Abbrev [17] 0xb04:0xc DW_TAG_member
	.long	.Linfo_string345                @ DW_AT_name
	.long	383                             @ DW_AT_type
	.byte	5                               @ DW_AT_decl_file
	.byte	226                             @ DW_AT_decl_line
	.byte	4                               @ DW_AT_data_member_location
	.byte	17                              @ Abbrev [17] 0xb10:0xc DW_TAG_member
	.long	.Linfo_string346                @ DW_AT_name
	.long	2845                            @ DW_AT_type
	.byte	5                               @ DW_AT_decl_file
	.byte	228                             @ DW_AT_decl_line
	.byte	6                               @ DW_AT_data_member_location
	.byte	0                               @ End Of Children Mark
	.byte	7                               @ Abbrev [7] 0xb1d:0xb DW_TAG_array_type
	.long	171                             @ DW_AT_type
	.byte	18                              @ Abbrev [18] 0xb22:0x5 DW_TAG_subrange_type
	.long	509                             @ DW_AT_type
	.byte	0                               @ End Of Children Mark
	.byte	4                               @ Abbrev [4] 0xb28:0x7 DW_TAG_base_type
	.long	.Linfo_string348                @ DW_AT_name
	.byte	7                               @ DW_AT_encoding
	.byte	4                               @ DW_AT_byte_size
	.byte	15                              @ Abbrev [15] 0xb2f:0x5 DW_TAG_pointer_type
	.long	2868                            @ DW_AT_type
	.byte	16                              @ Abbrev [16] 0xb34:0x3d DW_TAG_structure_type
	.long	.Linfo_string351                @ DW_AT_name
	.byte	8                               @ DW_AT_byte_size
	.byte	5                               @ DW_AT_decl_file
	.byte	254                             @ DW_AT_decl_line
	.byte	19                              @ Abbrev [19] 0xb3c:0xd DW_TAG_member
	.long	.Linfo_string342                @ DW_AT_name
	.long	171                             @ DW_AT_type
	.byte	5                               @ DW_AT_decl_file
	.short	257                             @ DW_AT_decl_line
	.byte	0                               @ DW_AT_data_member_location
	.byte	19                              @ Abbrev [19] 0xb49:0xd DW_TAG_member
	.long	.Linfo_string349                @ DW_AT_name
	.long	383                             @ DW_AT_type
	.byte	5                               @ DW_AT_decl_file
	.short	259                             @ DW_AT_decl_line
	.byte	2                               @ DW_AT_data_member_location
	.byte	19                              @ Abbrev [19] 0xb56:0xd DW_TAG_member
	.long	.Linfo_string345                @ DW_AT_name
	.long	383                             @ DW_AT_type
	.byte	5                               @ DW_AT_decl_file
	.short	261                             @ DW_AT_decl_line
	.byte	4                               @ DW_AT_data_member_location
	.byte	19                              @ Abbrev [19] 0xb63:0xd DW_TAG_member
	.long	.Linfo_string350                @ DW_AT_name
	.long	171                             @ DW_AT_type
	.byte	5                               @ DW_AT_decl_file
	.short	263                             @ DW_AT_decl_line
	.byte	6                               @ DW_AT_data_member_location
	.byte	0                               @ End Of Children Mark
	.byte	15                              @ Abbrev [15] 0xb71:0x5 DW_TAG_pointer_type
	.long	2934                            @ DW_AT_type
	.byte	16                              @ Abbrev [16] 0xb76:0x45 DW_TAG_structure_type
	.long	.Linfo_string352                @ DW_AT_name
	.byte	8                               @ DW_AT_byte_size
	.byte	5                               @ DW_AT_decl_file
	.byte	202                             @ DW_AT_decl_line
	.byte	17                              @ Abbrev [17] 0xb7e:0xc DW_TAG_member
	.long	.Linfo_string342                @ DW_AT_name
	.long	171                             @ DW_AT_type
	.byte	5                               @ DW_AT_decl_file
	.byte	205                             @ DW_AT_decl_line
	.byte	0                               @ DW_AT_data_member_location
	.byte	17                              @ Abbrev [17] 0xb8a:0xc DW_TAG_member
	.long	.Linfo_string349                @ DW_AT_name
	.long	383                             @ DW_AT_type
	.byte	5                               @ DW_AT_decl_file
	.byte	207                             @ DW_AT_decl_line
	.byte	2                               @ DW_AT_data_member_location
	.byte	17                              @ Abbrev [17] 0xb96:0xc DW_TAG_member
	.long	.Linfo_string345                @ DW_AT_name
	.long	383                             @ DW_AT_type
	.byte	5                               @ DW_AT_decl_file
	.byte	209                             @ DW_AT_decl_line
	.byte	4                               @ DW_AT_data_member_location
	.byte	17                              @ Abbrev [17] 0xba2:0xc DW_TAG_member
	.long	.Linfo_string350                @ DW_AT_name
	.long	171                             @ DW_AT_type
	.byte	5                               @ DW_AT_decl_file
	.byte	211                             @ DW_AT_decl_line
	.byte	6                               @ DW_AT_data_member_location
	.byte	17                              @ Abbrev [17] 0xbae:0xc DW_TAG_member
	.long	.Linfo_string346                @ DW_AT_name
	.long	2845                            @ DW_AT_type
	.byte	5                               @ DW_AT_decl_file
	.byte	213                             @ DW_AT_decl_line
	.byte	7                               @ DW_AT_data_member_location
	.byte	0                               @ End Of Children Mark
	.byte	20                              @ Abbrev [20] 0xbbb:0x21 DW_TAG_subprogram
	.long	.Lfunc_begin0                   @ DW_AT_low_pc
	.long	.Lfunc_end0-.Lfunc_begin0       @ DW_AT_high_pc
	.byte	1                               @ DW_AT_frame_base
	.byte	93
                                        @ DW_AT_GNU_all_call_sites
	.long	.Linfo_string353                @ DW_AT_name
	.byte	1                               @ DW_AT_decl_file
	.byte	118                             @ DW_AT_decl_line
                                        @ DW_AT_prototyped
                                        @ DW_AT_external
	.byte	21                              @ Abbrev [21] 0xbcc:0xf DW_TAG_variable
	.long	.Ldebug_loc0                    @ DW_AT_location
	.long	.Linfo_string365                @ DW_AT_name
	.byte	1                               @ DW_AT_decl_file
	.byte	120                             @ DW_AT_decl_line
	.long	171                             @ DW_AT_type
	.byte	0                               @ End Of Children Mark
	.byte	20                              @ Abbrev [20] 0xbdc:0xf2 DW_TAG_subprogram
	.long	.Lfunc_begin1                   @ DW_AT_low_pc
	.long	.Lfunc_end1-.Lfunc_begin1       @ DW_AT_high_pc
	.byte	1                               @ DW_AT_frame_base
	.byte	93
                                        @ DW_AT_GNU_all_call_sites
	.long	.Linfo_string354                @ DW_AT_name
	.byte	1                               @ DW_AT_decl_file
	.byte	148                             @ DW_AT_decl_line
                                        @ DW_AT_prototyped
                                        @ DW_AT_external
	.byte	21                              @ Abbrev [21] 0xbed:0xf DW_TAG_variable
	.long	.Ldebug_loc1                    @ DW_AT_location
	.long	.Linfo_string368                @ DW_AT_name
	.byte	1                               @ DW_AT_decl_file
	.byte	160                             @ DW_AT_decl_line
	.long	110                             @ DW_AT_type
	.byte	22                              @ Abbrev [22] 0xbfc:0x4e DW_TAG_lexical_block
	.long	.Ltmp26                         @ DW_AT_low_pc
	.long	.Ltmp37-.Ltmp26                 @ DW_AT_high_pc
	.byte	23                              @ Abbrev [23] 0xc05:0xe DW_TAG_variable
	.byte	2                               @ DW_AT_location
	.byte	145
	.byte	16
	.long	.Linfo_string366                @ DW_AT_name
	.byte	1                               @ DW_AT_decl_file
	.byte	174                             @ DW_AT_decl_line
	.long	341                             @ DW_AT_type
	.byte	23                              @ Abbrev [23] 0xc13:0xe DW_TAG_variable
	.byte	2                               @ DW_AT_location
	.byte	145
	.byte	12
	.long	.Linfo_string367                @ DW_AT_name
	.byte	1                               @ DW_AT_decl_file
	.byte	175                             @ DW_AT_decl_line
	.long	383                             @ DW_AT_type
	.byte	22                              @ Abbrev [22] 0xc21:0x28 DW_TAG_lexical_block
	.long	.Ltmp29                         @ DW_AT_low_pc
	.long	.Ltmp37-.Ltmp29                 @ DW_AT_high_pc
	.byte	21                              @ Abbrev [21] 0xc2a:0xf DW_TAG_variable
	.long	.Ldebug_loc2                    @ DW_AT_location
	.long	.Linfo_string369                @ DW_AT_name
	.byte	1                               @ DW_AT_decl_file
	.byte	182                             @ DW_AT_decl_line
	.long	341                             @ DW_AT_type
	.byte	21                              @ Abbrev [21] 0xc39:0xf DW_TAG_variable
	.long	.Ldebug_loc3                    @ DW_AT_location
	.long	.Linfo_string370                @ DW_AT_name
	.byte	1                               @ DW_AT_decl_file
	.byte	181                             @ DW_AT_decl_line
	.long	341                             @ DW_AT_type
	.byte	0                               @ End Of Children Mark
	.byte	0                               @ End Of Children Mark
	.byte	22                              @ Abbrev [22] 0xc4a:0x28 DW_TAG_lexical_block
	.long	.Ltmp41                         @ DW_AT_low_pc
	.long	.Ltmp45-.Ltmp41                 @ DW_AT_high_pc
	.byte	21                              @ Abbrev [21] 0xc53:0xf DW_TAG_variable
	.long	.Ldebug_loc4                    @ DW_AT_location
	.long	.Linfo_string371                @ DW_AT_name
	.byte	1                               @ DW_AT_decl_file
	.byte	196                             @ DW_AT_decl_line
	.long	2771                            @ DW_AT_type
	.byte	21                              @ Abbrev [21] 0xc62:0xf DW_TAG_variable
	.long	.Ldebug_loc5                    @ DW_AT_location
	.long	.Linfo_string368                @ DW_AT_name
	.byte	1                               @ DW_AT_decl_file
	.byte	206                             @ DW_AT_decl_line
	.long	341                             @ DW_AT_type
	.byte	0                               @ End Of Children Mark
	.byte	22                              @ Abbrev [22] 0xc72:0x28 DW_TAG_lexical_block
	.long	.Ltmp47                         @ DW_AT_low_pc
	.long	.Ltmp51-.Ltmp47                 @ DW_AT_high_pc
	.byte	21                              @ Abbrev [21] 0xc7b:0xf DW_TAG_variable
	.long	.Ldebug_loc6                    @ DW_AT_location
	.long	.Linfo_string371                @ DW_AT_name
	.byte	1                               @ DW_AT_decl_file
	.byte	216                             @ DW_AT_decl_line
	.long	2771                            @ DW_AT_type
	.byte	21                              @ Abbrev [21] 0xc8a:0xf DW_TAG_variable
	.long	.Ldebug_loc7                    @ DW_AT_location
	.long	.Linfo_string372                @ DW_AT_name
	.byte	1                               @ DW_AT_decl_file
	.byte	226                             @ DW_AT_decl_line
	.long	383                             @ DW_AT_type
	.byte	0                               @ End Of Children Mark
	.byte	22                              @ Abbrev [22] 0xc9a:0x19 DW_TAG_lexical_block
	.long	.Ltmp53                         @ DW_AT_low_pc
	.long	.Ltmp63-.Ltmp53                 @ DW_AT_high_pc
	.byte	21                              @ Abbrev [21] 0xca3:0xf DW_TAG_variable
	.long	.Ldebug_loc8                    @ DW_AT_location
	.long	.Linfo_string371                @ DW_AT_name
	.byte	1                               @ DW_AT_decl_file
	.byte	243                             @ DW_AT_decl_line
	.long	2771                            @ DW_AT_type
	.byte	0                               @ End Of Children Mark
	.byte	22                              @ Abbrev [22] 0xcb3:0x1a DW_TAG_lexical_block
	.long	.Ltmp65                         @ DW_AT_low_pc
	.long	.Ltmp68-.Ltmp65                 @ DW_AT_high_pc
	.byte	24                              @ Abbrev [24] 0xcbc:0x10 DW_TAG_variable
	.long	.Ldebug_loc9                    @ DW_AT_location
	.long	.Linfo_string371                @ DW_AT_name
	.byte	1                               @ DW_AT_decl_file
	.short	271                             @ DW_AT_decl_line
	.long	2771                            @ DW_AT_type
	.byte	0                               @ End Of Children Mark
	.byte	0                               @ End Of Children Mark
	.byte	25                              @ Abbrev [25] 0xcce:0x12 DW_TAG_subprogram
	.long	.Lfunc_begin2                   @ DW_AT_low_pc
	.long	.Lfunc_end2-.Lfunc_begin2       @ DW_AT_high_pc
	.byte	1                               @ DW_AT_frame_base
	.byte	93
                                        @ DW_AT_GNU_all_call_sites
	.long	.Linfo_string355                @ DW_AT_name
	.byte	1                               @ DW_AT_decl_file
	.short	299                             @ DW_AT_decl_line
                                        @ DW_AT_prototyped
                                        @ DW_AT_external
	.byte	25                              @ Abbrev [25] 0xce0:0x12 DW_TAG_subprogram
	.long	.Lfunc_begin3                   @ DW_AT_low_pc
	.long	.Lfunc_end3-.Lfunc_begin3       @ DW_AT_high_pc
	.byte	1                               @ DW_AT_frame_base
	.byte	93
                                        @ DW_AT_GNU_all_call_sites
	.long	.Linfo_string356                @ DW_AT_name
	.byte	1                               @ DW_AT_decl_file
	.short	316                             @ DW_AT_decl_line
                                        @ DW_AT_prototyped
                                        @ DW_AT_external
	.byte	26                              @ Abbrev [26] 0xcf2:0x63 DW_TAG_subprogram
	.long	.Lfunc_begin4                   @ DW_AT_low_pc
	.long	.Lfunc_end4-.Lfunc_begin4       @ DW_AT_high_pc
	.byte	1                               @ DW_AT_frame_base
	.byte	93
                                        @ DW_AT_GNU_all_call_sites
	.long	.Linfo_string357                @ DW_AT_name
	.byte	1                               @ DW_AT_decl_file
	.short	338                             @ DW_AT_decl_line
                                        @ DW_AT_prototyped
                                        @ DW_AT_external
	.byte	27                              @ Abbrev [27] 0xd04:0x10 DW_TAG_formal_parameter
	.long	.Ldebug_loc10                   @ DW_AT_location
	.long	.Linfo_string373                @ DW_AT_name
	.byte	1                               @ DW_AT_decl_file
	.short	338                             @ DW_AT_decl_line
	.long	4211                            @ DW_AT_type
	.byte	27                              @ Abbrev [27] 0xd14:0x10 DW_TAG_formal_parameter
	.long	.Ldebug_loc11                   @ DW_AT_location
	.long	.Linfo_string375                @ DW_AT_name
	.byte	1                               @ DW_AT_decl_file
	.short	339                             @ DW_AT_decl_line
	.long	4227                            @ DW_AT_type
	.byte	27                              @ Abbrev [27] 0xd24:0x10 DW_TAG_formal_parameter
	.long	.Ldebug_loc12                   @ DW_AT_location
	.long	.Linfo_string377                @ DW_AT_name
	.byte	1                               @ DW_AT_decl_file
	.short	340                             @ DW_AT_decl_line
	.long	4294                            @ DW_AT_type
	.byte	27                              @ Abbrev [27] 0xd34:0x10 DW_TAG_formal_parameter
	.long	.Ldebug_loc13                   @ DW_AT_location
	.long	.Linfo_string379                @ DW_AT_name
	.byte	1                               @ DW_AT_decl_file
	.short	341                             @ DW_AT_decl_line
	.long	4294                            @ DW_AT_type
	.byte	24                              @ Abbrev [24] 0xd44:0x10 DW_TAG_variable
	.long	.Ldebug_loc14                   @ DW_AT_location
	.long	.Linfo_string365                @ DW_AT_name
	.byte	1                               @ DW_AT_decl_file
	.short	344                             @ DW_AT_decl_line
	.long	171                             @ DW_AT_type
	.byte	0                               @ End Of Children Mark
	.byte	26                              @ Abbrev [26] 0xd55:0xcc DW_TAG_subprogram
	.long	.Lfunc_begin5                   @ DW_AT_low_pc
	.long	.Lfunc_end5-.Lfunc_begin5       @ DW_AT_high_pc
	.byte	1                               @ DW_AT_frame_base
	.byte	93
                                        @ DW_AT_GNU_all_call_sites
	.long	.Linfo_string358                @ DW_AT_name
	.byte	1                               @ DW_AT_decl_file
	.short	388                             @ DW_AT_decl_line
                                        @ DW_AT_prototyped
                                        @ DW_AT_external
	.byte	27                              @ Abbrev [27] 0xd67:0x10 DW_TAG_formal_parameter
	.long	.Ldebug_loc15                   @ DW_AT_location
	.long	.Linfo_string373                @ DW_AT_name
	.byte	1                               @ DW_AT_decl_file
	.short	388                             @ DW_AT_decl_line
	.long	4211                            @ DW_AT_type
	.byte	27                              @ Abbrev [27] 0xd77:0x10 DW_TAG_formal_parameter
	.long	.Ldebug_loc16                   @ DW_AT_location
	.long	.Linfo_string375                @ DW_AT_name
	.byte	1                               @ DW_AT_decl_file
	.short	389                             @ DW_AT_decl_line
	.long	4227                            @ DW_AT_type
	.byte	27                              @ Abbrev [27] 0xd87:0x10 DW_TAG_formal_parameter
	.long	.Ldebug_loc17                   @ DW_AT_location
	.long	.Linfo_string377                @ DW_AT_name
	.byte	1                               @ DW_AT_decl_file
	.short	390                             @ DW_AT_decl_line
	.long	4294                            @ DW_AT_type
	.byte	27                              @ Abbrev [27] 0xd97:0x10 DW_TAG_formal_parameter
	.long	.Ldebug_loc18                   @ DW_AT_location
	.long	.Linfo_string379                @ DW_AT_name
	.byte	1                               @ DW_AT_decl_file
	.short	391                             @ DW_AT_decl_line
	.long	4294                            @ DW_AT_type
	.byte	28                              @ Abbrev [28] 0xda7:0xf DW_TAG_variable
	.byte	2                               @ DW_AT_location
	.byte	145
	.byte	8
	.long	.Linfo_string380                @ DW_AT_name
	.byte	1                               @ DW_AT_decl_file
	.short	394                             @ DW_AT_decl_line
	.long	4310                            @ DW_AT_type
	.byte	24                              @ Abbrev [24] 0xdb6:0x10 DW_TAG_variable
	.long	.Ldebug_loc19                   @ DW_AT_location
	.long	.Linfo_string381                @ DW_AT_name
	.byte	1                               @ DW_AT_decl_file
	.short	397                             @ DW_AT_decl_line
	.long	383                             @ DW_AT_type
	.byte	24                              @ Abbrev [24] 0xdc6:0x10 DW_TAG_variable
	.long	.Ldebug_loc20                   @ DW_AT_location
	.long	.Linfo_string382                @ DW_AT_name
	.byte	1                               @ DW_AT_decl_file
	.short	396                             @ DW_AT_decl_line
	.long	171                             @ DW_AT_type
	.byte	24                              @ Abbrev [24] 0xdd6:0x10 DW_TAG_variable
	.long	.Ldebug_loc22                   @ DW_AT_location
	.long	.Linfo_string372                @ DW_AT_name
	.byte	1                               @ DW_AT_decl_file
	.short	422                             @ DW_AT_decl_line
	.long	171                             @ DW_AT_type
	.byte	24                              @ Abbrev [24] 0xde6:0x10 DW_TAG_variable
	.long	.Ldebug_loc23                   @ DW_AT_location
	.long	.Linfo_string384                @ DW_AT_name
	.byte	1                               @ DW_AT_decl_file
	.short	423                             @ DW_AT_decl_line
	.long	171                             @ DW_AT_type
	.byte	24                              @ Abbrev [24] 0xdf6:0x10 DW_TAG_variable
	.long	.Ldebug_loc24                   @ DW_AT_location
	.long	.Linfo_string385                @ DW_AT_name
	.byte	1                               @ DW_AT_decl_file
	.short	424                             @ DW_AT_decl_line
	.long	171                             @ DW_AT_type
	.byte	22                              @ Abbrev [22] 0xe06:0x1a DW_TAG_lexical_block
	.long	.Ltmp106                        @ DW_AT_low_pc
	.long	.Ltmp114-.Ltmp106               @ DW_AT_high_pc
	.byte	24                              @ Abbrev [24] 0xe0f:0x10 DW_TAG_variable
	.long	.Ldebug_loc21                   @ DW_AT_location
	.long	.Linfo_string383                @ DW_AT_name
	.byte	1                               @ DW_AT_decl_file
	.short	404                             @ DW_AT_decl_line
	.long	171                             @ DW_AT_type
	.byte	0                               @ End Of Children Mark
	.byte	0                               @ End Of Children Mark
	.byte	26                              @ Abbrev [26] 0xe21:0x63 DW_TAG_subprogram
	.long	.Lfunc_begin6                   @ DW_AT_low_pc
	.long	.Lfunc_end6-.Lfunc_begin6       @ DW_AT_high_pc
	.byte	1                               @ DW_AT_frame_base
	.byte	93
                                        @ DW_AT_GNU_all_call_sites
	.long	.Linfo_string359                @ DW_AT_name
	.byte	1                               @ DW_AT_decl_file
	.short	469                             @ DW_AT_decl_line
                                        @ DW_AT_prototyped
                                        @ DW_AT_external
	.byte	27                              @ Abbrev [27] 0xe33:0x10 DW_TAG_formal_parameter
	.long	.Ldebug_loc25                   @ DW_AT_location
	.long	.Linfo_string373                @ DW_AT_name
	.byte	1                               @ DW_AT_decl_file
	.short	469                             @ DW_AT_decl_line
	.long	4211                            @ DW_AT_type
	.byte	27                              @ Abbrev [27] 0xe43:0x10 DW_TAG_formal_parameter
	.long	.Ldebug_loc26                   @ DW_AT_location
	.long	.Linfo_string375                @ DW_AT_name
	.byte	1                               @ DW_AT_decl_file
	.short	470                             @ DW_AT_decl_line
	.long	4227                            @ DW_AT_type
	.byte	27                              @ Abbrev [27] 0xe53:0x10 DW_TAG_formal_parameter
	.long	.Ldebug_loc27                   @ DW_AT_location
	.long	.Linfo_string377                @ DW_AT_name
	.byte	1                               @ DW_AT_decl_file
	.short	471                             @ DW_AT_decl_line
	.long	4294                            @ DW_AT_type
	.byte	27                              @ Abbrev [27] 0xe63:0x10 DW_TAG_formal_parameter
	.long	.Ldebug_loc28                   @ DW_AT_location
	.long	.Linfo_string379                @ DW_AT_name
	.byte	1                               @ DW_AT_decl_file
	.short	472                             @ DW_AT_decl_line
	.long	4294                            @ DW_AT_type
	.byte	24                              @ Abbrev [24] 0xe73:0x10 DW_TAG_variable
	.long	.Ldebug_loc29                   @ DW_AT_location
	.long	.Linfo_string386                @ DW_AT_name
	.byte	1                               @ DW_AT_decl_file
	.short	476                             @ DW_AT_decl_line
	.long	383                             @ DW_AT_type
	.byte	0                               @ End Of Children Mark
	.byte	26                              @ Abbrev [26] 0xe84:0x63 DW_TAG_subprogram
	.long	.Lfunc_begin7                   @ DW_AT_low_pc
	.long	.Lfunc_end7-.Lfunc_begin7       @ DW_AT_high_pc
	.byte	1                               @ DW_AT_frame_base
	.byte	93
                                        @ DW_AT_GNU_all_call_sites
	.long	.Linfo_string360                @ DW_AT_name
	.byte	1                               @ DW_AT_decl_file
	.short	499                             @ DW_AT_decl_line
                                        @ DW_AT_prototyped
                                        @ DW_AT_external
	.byte	27                              @ Abbrev [27] 0xe96:0x10 DW_TAG_formal_parameter
	.long	.Ldebug_loc30                   @ DW_AT_location
	.long	.Linfo_string373                @ DW_AT_name
	.byte	1                               @ DW_AT_decl_file
	.short	499                             @ DW_AT_decl_line
	.long	4211                            @ DW_AT_type
	.byte	27                              @ Abbrev [27] 0xea6:0x10 DW_TAG_formal_parameter
	.long	.Ldebug_loc31                   @ DW_AT_location
	.long	.Linfo_string375                @ DW_AT_name
	.byte	1                               @ DW_AT_decl_file
	.short	500                             @ DW_AT_decl_line
	.long	4227                            @ DW_AT_type
	.byte	27                              @ Abbrev [27] 0xeb6:0x10 DW_TAG_formal_parameter
	.long	.Ldebug_loc32                   @ DW_AT_location
	.long	.Linfo_string377                @ DW_AT_name
	.byte	1                               @ DW_AT_decl_file
	.short	501                             @ DW_AT_decl_line
	.long	4294                            @ DW_AT_type
	.byte	27                              @ Abbrev [27] 0xec6:0x10 DW_TAG_formal_parameter
	.long	.Ldebug_loc33                   @ DW_AT_location
	.long	.Linfo_string379                @ DW_AT_name
	.byte	1                               @ DW_AT_decl_file
	.short	502                             @ DW_AT_decl_line
	.long	4294                            @ DW_AT_type
	.byte	24                              @ Abbrev [24] 0xed6:0x10 DW_TAG_variable
	.long	.Ldebug_loc34                   @ DW_AT_location
	.long	.Linfo_string386                @ DW_AT_name
	.byte	1                               @ DW_AT_decl_file
	.short	505                             @ DW_AT_decl_line
	.long	383                             @ DW_AT_type
	.byte	0                               @ End Of Children Mark
	.byte	26                              @ Abbrev [26] 0xee7:0x63 DW_TAG_subprogram
	.long	.Lfunc_begin8                   @ DW_AT_low_pc
	.long	.Lfunc_end8-.Lfunc_begin8       @ DW_AT_high_pc
	.byte	1                               @ DW_AT_frame_base
	.byte	93
                                        @ DW_AT_GNU_all_call_sites
	.long	.Linfo_string361                @ DW_AT_name
	.byte	1                               @ DW_AT_decl_file
	.short	526                             @ DW_AT_decl_line
                                        @ DW_AT_prototyped
                                        @ DW_AT_external
	.byte	27                              @ Abbrev [27] 0xef9:0x10 DW_TAG_formal_parameter
	.long	.Ldebug_loc35                   @ DW_AT_location
	.long	.Linfo_string373                @ DW_AT_name
	.byte	1                               @ DW_AT_decl_file
	.short	526                             @ DW_AT_decl_line
	.long	4211                            @ DW_AT_type
	.byte	27                              @ Abbrev [27] 0xf09:0x10 DW_TAG_formal_parameter
	.long	.Ldebug_loc36                   @ DW_AT_location
	.long	.Linfo_string375                @ DW_AT_name
	.byte	1                               @ DW_AT_decl_file
	.short	527                             @ DW_AT_decl_line
	.long	4227                            @ DW_AT_type
	.byte	27                              @ Abbrev [27] 0xf19:0x10 DW_TAG_formal_parameter
	.long	.Ldebug_loc37                   @ DW_AT_location
	.long	.Linfo_string377                @ DW_AT_name
	.byte	1                               @ DW_AT_decl_file
	.short	528                             @ DW_AT_decl_line
	.long	4294                            @ DW_AT_type
	.byte	27                              @ Abbrev [27] 0xf29:0x10 DW_TAG_formal_parameter
	.long	.Ldebug_loc38                   @ DW_AT_location
	.long	.Linfo_string379                @ DW_AT_name
	.byte	1                               @ DW_AT_decl_file
	.short	529                             @ DW_AT_decl_line
	.long	4294                            @ DW_AT_type
	.byte	24                              @ Abbrev [24] 0xf39:0x10 DW_TAG_variable
	.long	.Ldebug_loc39                   @ DW_AT_location
	.long	.Linfo_string386                @ DW_AT_name
	.byte	1                               @ DW_AT_decl_file
	.short	531                             @ DW_AT_decl_line
	.long	383                             @ DW_AT_type
	.byte	0                               @ End Of Children Mark
	.byte	26                              @ Abbrev [26] 0xf4a:0x63 DW_TAG_subprogram
	.long	.Lfunc_begin9                   @ DW_AT_low_pc
	.long	.Lfunc_end9-.Lfunc_begin9       @ DW_AT_high_pc
	.byte	1                               @ DW_AT_frame_base
	.byte	93
                                        @ DW_AT_GNU_all_call_sites
	.long	.Linfo_string362                @ DW_AT_name
	.byte	1                               @ DW_AT_decl_file
	.short	548                             @ DW_AT_decl_line
                                        @ DW_AT_prototyped
                                        @ DW_AT_external
	.byte	27                              @ Abbrev [27] 0xf5c:0x10 DW_TAG_formal_parameter
	.long	.Ldebug_loc40                   @ DW_AT_location
	.long	.Linfo_string373                @ DW_AT_name
	.byte	1                               @ DW_AT_decl_file
	.short	548                             @ DW_AT_decl_line
	.long	4211                            @ DW_AT_type
	.byte	27                              @ Abbrev [27] 0xf6c:0x10 DW_TAG_formal_parameter
	.long	.Ldebug_loc41                   @ DW_AT_location
	.long	.Linfo_string375                @ DW_AT_name
	.byte	1                               @ DW_AT_decl_file
	.short	549                             @ DW_AT_decl_line
	.long	4227                            @ DW_AT_type
	.byte	27                              @ Abbrev [27] 0xf7c:0x10 DW_TAG_formal_parameter
	.long	.Ldebug_loc42                   @ DW_AT_location
	.long	.Linfo_string377                @ DW_AT_name
	.byte	1                               @ DW_AT_decl_file
	.short	550                             @ DW_AT_decl_line
	.long	4294                            @ DW_AT_type
	.byte	27                              @ Abbrev [27] 0xf8c:0x10 DW_TAG_formal_parameter
	.long	.Ldebug_loc43                   @ DW_AT_location
	.long	.Linfo_string379                @ DW_AT_name
	.byte	1                               @ DW_AT_decl_file
	.short	551                             @ DW_AT_decl_line
	.long	4294                            @ DW_AT_type
	.byte	24                              @ Abbrev [24] 0xf9c:0x10 DW_TAG_variable
	.long	.Ldebug_loc44                   @ DW_AT_location
	.long	.Linfo_string386                @ DW_AT_name
	.byte	1                               @ DW_AT_decl_file
	.short	553                             @ DW_AT_decl_line
	.long	383                             @ DW_AT_type
	.byte	0                               @ End Of Children Mark
	.byte	26                              @ Abbrev [26] 0xfad:0x63 DW_TAG_subprogram
	.long	.Lfunc_begin10                  @ DW_AT_low_pc
	.long	.Lfunc_end10-.Lfunc_begin10     @ DW_AT_high_pc
	.byte	1                               @ DW_AT_frame_base
	.byte	93
                                        @ DW_AT_GNU_all_call_sites
	.long	.Linfo_string363                @ DW_AT_name
	.byte	1                               @ DW_AT_decl_file
	.short	578                             @ DW_AT_decl_line
                                        @ DW_AT_prototyped
                                        @ DW_AT_external
	.byte	27                              @ Abbrev [27] 0xfbf:0x10 DW_TAG_formal_parameter
	.long	.Ldebug_loc45                   @ DW_AT_location
	.long	.Linfo_string373                @ DW_AT_name
	.byte	1                               @ DW_AT_decl_file
	.short	578                             @ DW_AT_decl_line
	.long	4211                            @ DW_AT_type
	.byte	27                              @ Abbrev [27] 0xfcf:0x10 DW_TAG_formal_parameter
	.long	.Ldebug_loc46                   @ DW_AT_location
	.long	.Linfo_string375                @ DW_AT_name
	.byte	1                               @ DW_AT_decl_file
	.short	579                             @ DW_AT_decl_line
	.long	4322                            @ DW_AT_type
	.byte	27                              @ Abbrev [27] 0xfdf:0x10 DW_TAG_formal_parameter
	.long	.Ldebug_loc47                   @ DW_AT_location
	.long	.Linfo_string377                @ DW_AT_name
	.byte	1                               @ DW_AT_decl_file
	.short	580                             @ DW_AT_decl_line
	.long	4294                            @ DW_AT_type
	.byte	27                              @ Abbrev [27] 0xfef:0x10 DW_TAG_formal_parameter
	.long	.Ldebug_loc48                   @ DW_AT_location
	.long	.Linfo_string379                @ DW_AT_name
	.byte	1                               @ DW_AT_decl_file
	.short	581                             @ DW_AT_decl_line
	.long	4294                            @ DW_AT_type
	.byte	24                              @ Abbrev [24] 0xfff:0x10 DW_TAG_variable
	.long	.Ldebug_loc49                   @ DW_AT_location
	.long	.Linfo_string388                @ DW_AT_name
	.byte	1                               @ DW_AT_decl_file
	.short	584                             @ DW_AT_decl_line
	.long	2863                            @ DW_AT_type
	.byte	0                               @ End Of Children Mark
	.byte	26                              @ Abbrev [26] 0x1010:0x63 DW_TAG_subprogram
	.long	.Lfunc_begin11                  @ DW_AT_low_pc
	.long	.Lfunc_end11-.Lfunc_begin11     @ DW_AT_high_pc
	.byte	1                               @ DW_AT_frame_base
	.byte	93
                                        @ DW_AT_GNU_all_call_sites
	.long	.Linfo_string364                @ DW_AT_name
	.byte	1                               @ DW_AT_decl_file
	.short	656                             @ DW_AT_decl_line
                                        @ DW_AT_prototyped
                                        @ DW_AT_external
	.byte	27                              @ Abbrev [27] 0x1022:0x10 DW_TAG_formal_parameter
	.long	.Ldebug_loc50                   @ DW_AT_location
	.long	.Linfo_string373                @ DW_AT_name
	.byte	1                               @ DW_AT_decl_file
	.short	656                             @ DW_AT_decl_line
	.long	4211                            @ DW_AT_type
	.byte	27                              @ Abbrev [27] 0x1032:0x10 DW_TAG_formal_parameter
	.long	.Ldebug_loc51                   @ DW_AT_location
	.long	.Linfo_string375                @ DW_AT_name
	.byte	1                               @ DW_AT_decl_file
	.short	657                             @ DW_AT_decl_line
	.long	4365                            @ DW_AT_type
	.byte	27                              @ Abbrev [27] 0x1042:0x10 DW_TAG_formal_parameter
	.long	.Ldebug_loc52                   @ DW_AT_location
	.long	.Linfo_string377                @ DW_AT_name
	.byte	1                               @ DW_AT_decl_file
	.short	658                             @ DW_AT_decl_line
	.long	4294                            @ DW_AT_type
	.byte	27                              @ Abbrev [27] 0x1052:0x10 DW_TAG_formal_parameter
	.long	.Ldebug_loc53                   @ DW_AT_location
	.long	.Linfo_string379                @ DW_AT_name
	.byte	1                               @ DW_AT_decl_file
	.short	659                             @ DW_AT_decl_line
	.long	4294                            @ DW_AT_type
	.byte	24                              @ Abbrev [24] 0x1062:0x10 DW_TAG_variable
	.long	.Ldebug_loc54                   @ DW_AT_location
	.long	.Linfo_string388                @ DW_AT_name
	.byte	1                               @ DW_AT_decl_file
	.short	662                             @ DW_AT_decl_line
	.long	2929                            @ DW_AT_type
	.byte	0                               @ End Of Children Mark
	.byte	29                              @ Abbrev [29] 0x1073:0x5 DW_TAG_const_type
	.long	4216                            @ DW_AT_type
	.byte	5                               @ Abbrev [5] 0x1078:0xb DW_TAG_typedef
	.long	383                             @ DW_AT_type
	.long	.Linfo_string374                @ DW_AT_name
	.byte	9                               @ DW_AT_decl_file
	.byte	78                              @ DW_AT_decl_line
	.byte	15                              @ Abbrev [15] 0x1083:0x5 DW_TAG_pointer_type
	.long	4232                            @ DW_AT_type
	.byte	29                              @ Abbrev [29] 0x1088:0x5 DW_TAG_const_type
	.long	4237                            @ DW_AT_type
	.byte	16                              @ Abbrev [16] 0x108d:0x39 DW_TAG_structure_type
	.long	.Linfo_string376                @ DW_AT_name
	.byte	6                               @ DW_AT_byte_size
	.byte	5                               @ DW_AT_decl_file
	.byte	145                             @ DW_AT_decl_line
	.byte	17                              @ Abbrev [17] 0x1095:0xc DW_TAG_member
	.long	.Linfo_string342                @ DW_AT_name
	.long	171                             @ DW_AT_type
	.byte	5                               @ DW_AT_decl_file
	.byte	148                             @ DW_AT_decl_line
	.byte	0                               @ DW_AT_data_member_location
	.byte	17                              @ Abbrev [17] 0x10a1:0xc DW_TAG_member
	.long	.Linfo_string344                @ DW_AT_name
	.long	383                             @ DW_AT_type
	.byte	5                               @ DW_AT_decl_file
	.byte	150                             @ DW_AT_decl_line
	.byte	2                               @ DW_AT_data_member_location
	.byte	17                              @ Abbrev [17] 0x10ad:0xc DW_TAG_member
	.long	.Linfo_string345                @ DW_AT_name
	.long	383                             @ DW_AT_type
	.byte	5                               @ DW_AT_decl_file
	.byte	152                             @ DW_AT_decl_line
	.byte	4                               @ DW_AT_data_member_location
	.byte	17                              @ Abbrev [17] 0x10b9:0xc DW_TAG_member
	.long	.Linfo_string346                @ DW_AT_name
	.long	2845                            @ DW_AT_type
	.byte	5                               @ DW_AT_decl_file
	.byte	154                             @ DW_AT_decl_line
	.byte	6                               @ DW_AT_data_member_location
	.byte	0                               @ End Of Children Mark
	.byte	29                              @ Abbrev [29] 0x10c6:0x5 DW_TAG_const_type
	.long	4299                            @ DW_AT_type
	.byte	5                               @ Abbrev [5] 0x10cb:0xb DW_TAG_typedef
	.long	383                             @ DW_AT_type
	.long	.Linfo_string378                @ DW_AT_name
	.byte	9                               @ DW_AT_decl_file
	.byte	60                              @ DW_AT_decl_line
	.byte	7                               @ Abbrev [7] 0x10d6:0xc DW_TAG_array_type
	.long	171                             @ DW_AT_type
	.byte	8                               @ Abbrev [8] 0x10db:0x6 DW_TAG_subrange_type
	.long	509                             @ DW_AT_type
	.byte	3                               @ DW_AT_count
	.byte	0                               @ End Of Children Mark
	.byte	15                              @ Abbrev [15] 0x10e2:0x5 DW_TAG_pointer_type
	.long	4327                            @ DW_AT_type
	.byte	29                              @ Abbrev [29] 0x10e7:0x5 DW_TAG_const_type
	.long	4332                            @ DW_AT_type
	.byte	16                              @ Abbrev [16] 0x10ec:0x21 DW_TAG_structure_type
	.long	.Linfo_string387                @ DW_AT_name
	.byte	4                               @ DW_AT_byte_size
	.byte	5                               @ DW_AT_decl_file
	.byte	245                             @ DW_AT_decl_line
	.byte	17                              @ Abbrev [17] 0x10f4:0xc DW_TAG_member
	.long	.Linfo_string342                @ DW_AT_name
	.long	171                             @ DW_AT_type
	.byte	5                               @ DW_AT_decl_file
	.byte	248                             @ DW_AT_decl_line
	.byte	0                               @ DW_AT_data_member_location
	.byte	17                              @ Abbrev [17] 0x1100:0xc DW_TAG_member
	.long	.Linfo_string349                @ DW_AT_name
	.long	383                             @ DW_AT_type
	.byte	5                               @ DW_AT_decl_file
	.byte	250                             @ DW_AT_decl_line
	.byte	2                               @ DW_AT_data_member_location
	.byte	0                               @ End Of Children Mark
	.byte	15                              @ Abbrev [15] 0x110d:0x5 DW_TAG_pointer_type
	.long	4370                            @ DW_AT_type
	.byte	29                              @ Abbrev [29] 0x1112:0x5 DW_TAG_const_type
	.long	4375                            @ DW_AT_type
	.byte	16                              @ Abbrev [16] 0x1117:0x21 DW_TAG_structure_type
	.long	.Linfo_string389                @ DW_AT_name
	.byte	4                               @ DW_AT_byte_size
	.byte	5                               @ DW_AT_decl_file
	.byte	193                             @ DW_AT_decl_line
	.byte	17                              @ Abbrev [17] 0x111f:0xc DW_TAG_member
	.long	.Linfo_string342                @ DW_AT_name
	.long	171                             @ DW_AT_type
	.byte	5                               @ DW_AT_decl_file
	.byte	196                             @ DW_AT_decl_line
	.byte	0                               @ DW_AT_data_member_location
	.byte	17                              @ Abbrev [17] 0x112b:0xc DW_TAG_member
	.long	.Linfo_string349                @ DW_AT_name
	.long	383                             @ DW_AT_type
	.byte	5                               @ DW_AT_decl_file
	.byte	198                             @ DW_AT_decl_line
	.byte	2                               @ DW_AT_data_member_location
	.byte	0                               @ End Of Children Mark
	.byte	0                               @ End Of Children Mark
.Ldebug_info_end0:
	.section	.debug_str,"MS",%progbits,1
.Linfo_string0:
	.asciz	"Component: Arm Compiler for Embedded 6.23 Tool: armclang [5f103000]" @ string offset=0
.Linfo_string1:
	.asciz	"../src\\user_custs1_impl.c"    @ string offset=68
.Linfo_string2:
	.asciz	"C:\\Users\\teodor\\Desktop\\stem\\codeless\\6.0.24.1464\\projects\\target_apps\\ble_examples\\empty_peripheral_template\\Keil_5" @ string offset=94
.Linfo_string3:
	.asciz	"s_buttons_ntf_enabled"         @ string offset=211
.Linfo_string4:
	.asciz	"_Bool"                         @ string offset=233
.Linfo_string5:
	.asciz	"s_time_ntf_enabled"            @ string offset=239
.Linfo_string6:
	.asciz	"s_epoch"                       @ string offset=258
.Linfo_string7:
	.asciz	"unsigned int"                  @ string offset=266
.Linfo_string8:
	.asciz	"uint32_t"                      @ string offset=279
.Linfo_string9:
	.asciz	"s_epoch_written"               @ string offset=288
.Linfo_string10:
	.asciz	"s_buttons_mask"                @ string offset=304
.Linfo_string11:
	.asciz	"unsigned char"                 @ string offset=319
.Linfo_string12:
	.asciz	"uint8_t"                       @ string offset=333
.Linfo_string13:
	.asciz	"s_outputs_mask"                @ string offset=341
.Linfo_string14:
	.asciz	"s_hours"                       @ string offset=356
.Linfo_string15:
	.asciz	"s_minutes"                     @ string offset=364
.Linfo_string16:
	.asciz	"s_seconds"                     @ string offset=374
.Linfo_string17:
	.asciz	"s_tick_timer"                  @ string offset=384
.Linfo_string18:
	.asciz	"timer_hnd"                     @ string offset=397
.Linfo_string19:
	.asciz	"s_connected"                   @ string offset=407
.Linfo_string20:
	.asciz	"s_temperature_x10"             @ string offset=419
.Linfo_string21:
	.asciz	"short"                         @ string offset=437
.Linfo_string22:
	.asciz	"int16_t"                       @ string offset=443
.Linfo_string23:
	.asciz	"s_humidity_x10"                @ string offset=451
.Linfo_string24:
	.asciz	"unsigned short"                @ string offset=466
.Linfo_string25:
	.asciz	"uint16_t"                      @ string offset=481
.Linfo_string26:
	.asciz	"s_aht20_ready"                 @ string offset=490
.Linfo_string27:
	.asciz	"s_temp_ntf_enabled"            @ string offset=504
.Linfo_string28:
	.asciz	"s_hum_ntf_enabled"             @ string offset=523
.Linfo_string29:
	.asciz	"s_aht20_present"               @ string offset=541
.Linfo_string30:
	.asciz	"char"                          @ string offset=557
.Linfo_string31:
	.asciz	"__ARRAY_SIZE_TYPE__"           @ string offset=562
.Linfo_string32:
	.asciz	"GPIO_PORT_0"                   @ string offset=582
.Linfo_string33:
	.asciz	"GPIO_PIN_0"                    @ string offset=594
.Linfo_string34:
	.asciz	"GPIO_PIN_1"                    @ string offset=605
.Linfo_string35:
	.asciz	"GPIO_PIN_2"                    @ string offset=616
.Linfo_string36:
	.asciz	"GPIO_PIN_3"                    @ string offset=627
.Linfo_string37:
	.asciz	"GPIO_PIN_4"                    @ string offset=638
.Linfo_string38:
	.asciz	"GPIO_PIN_5"                    @ string offset=649
.Linfo_string39:
	.asciz	"GPIO_PIN_6"                    @ string offset=660
.Linfo_string40:
	.asciz	"GPIO_PIN_7"                    @ string offset=671
.Linfo_string41:
	.asciz	"GPIO_PIN_8"                    @ string offset=682
.Linfo_string42:
	.asciz	"GPIO_PIN_9"                    @ string offset=693
.Linfo_string43:
	.asciz	"GPIO_PIN_10"                   @ string offset=704
.Linfo_string44:
	.asciz	"GPIO_PIN_11"                   @ string offset=716
.Linfo_string45:
	.asciz	"GPIO_PIN_END"                  @ string offset=728
.Linfo_string46:
	.asciz	"CUSTS1_CREATE_DB_REQ"          @ string offset=741
.Linfo_string47:
	.asciz	"CUSTS1_CREATE_DB_CFM"          @ string offset=762
.Linfo_string48:
	.asciz	"CUSTS1_ENABLE_REQ"             @ string offset=783
.Linfo_string49:
	.asciz	"CUSTS1_VAL_SET_REQ"            @ string offset=801
.Linfo_string50:
	.asciz	"CUSTS1_VALUE_REQ_IND"          @ string offset=820
.Linfo_string51:
	.asciz	"CUSTS1_VALUE_REQ_RSP"          @ string offset=841
.Linfo_string52:
	.asciz	"CUSTS1_VAL_NTF_REQ"            @ string offset=862
.Linfo_string53:
	.asciz	"CUSTS1_VAL_NTF_CFM"            @ string offset=881
.Linfo_string54:
	.asciz	"CUSTS1_VAL_IND_REQ"            @ string offset=900
.Linfo_string55:
	.asciz	"CUSTS1_VAL_IND_CFM"            @ string offset=919
.Linfo_string56:
	.asciz	"CUSTS1_VAL_WRITE_IND"          @ string offset=938
.Linfo_string57:
	.asciz	"CUSTS1_DISABLE_IND"            @ string offset=959
.Linfo_string58:
	.asciz	"CUSTS1_ERROR_IND"              @ string offset=978
.Linfo_string59:
	.asciz	"CUSTS1_ATT_INFO_REQ"           @ string offset=995
.Linfo_string60:
	.asciz	"CUSTS1_ATT_INFO_RSP"           @ string offset=1015
.Linfo_string61:
	.asciz	"TASK_ID_LLM"                   @ string offset=1035
.Linfo_string62:
	.asciz	"TASK_ID_LLC"                   @ string offset=1047
.Linfo_string63:
	.asciz	"TASK_ID_LLD"                   @ string offset=1059
.Linfo_string64:
	.asciz	"TASK_ID_DBG"                   @ string offset=1071
.Linfo_string65:
	.asciz	"TASK_ID_LM"                    @ string offset=1083
.Linfo_string66:
	.asciz	"TASK_ID_LC"                    @ string offset=1094
.Linfo_string67:
	.asciz	"TASK_ID_LB"                    @ string offset=1105
.Linfo_string68:
	.asciz	"TASK_ID_LD"                    @ string offset=1116
.Linfo_string69:
	.asciz	"TASK_ID_HCI"                   @ string offset=1127
.Linfo_string70:
	.asciz	"TASK_ID_DISPLAY"               @ string offset=1139
.Linfo_string71:
	.asciz	"TASK_ID_L2CC"                  @ string offset=1155
.Linfo_string72:
	.asciz	"TASK_ID_GATTM"                 @ string offset=1168
.Linfo_string73:
	.asciz	"TASK_ID_GATTC"                 @ string offset=1182
.Linfo_string74:
	.asciz	"TASK_ID_GAPM"                  @ string offset=1196
.Linfo_string75:
	.asciz	"TASK_ID_GAPC"                  @ string offset=1209
.Linfo_string76:
	.asciz	"TASK_ID_APP"                   @ string offset=1222
.Linfo_string77:
	.asciz	"TASK_ID_GTL"                   @ string offset=1234
.Linfo_string78:
	.asciz	"TASK_ID_DISS"                  @ string offset=1246
.Linfo_string79:
	.asciz	"TASK_ID_DISC"                  @ string offset=1259
.Linfo_string80:
	.asciz	"TASK_ID_PROXM"                 @ string offset=1272
.Linfo_string81:
	.asciz	"TASK_ID_PROXR"                 @ string offset=1286
.Linfo_string82:
	.asciz	"TASK_ID_FINDL"                 @ string offset=1300
.Linfo_string83:
	.asciz	"TASK_ID_FINDT"                 @ string offset=1314
.Linfo_string84:
	.asciz	"TASK_ID_HTPC"                  @ string offset=1328
.Linfo_string85:
	.asciz	"TASK_ID_HTPT"                  @ string offset=1341
.Linfo_string86:
	.asciz	"TASK_ID_BLPS"                  @ string offset=1354
.Linfo_string87:
	.asciz	"TASK_ID_BLPC"                  @ string offset=1367
.Linfo_string88:
	.asciz	"TASK_ID_HRPS"                  @ string offset=1380
.Linfo_string89:
	.asciz	"TASK_ID_HRPC"                  @ string offset=1393
.Linfo_string90:
	.asciz	"TASK_ID_TIPS"                  @ string offset=1406
.Linfo_string91:
	.asciz	"TASK_ID_TIPC"                  @ string offset=1419
.Linfo_string92:
	.asciz	"TASK_ID_SCPPS"                 @ string offset=1432
.Linfo_string93:
	.asciz	"TASK_ID_SCPPC"                 @ string offset=1446
.Linfo_string94:
	.asciz	"TASK_ID_BASS"                  @ string offset=1460
.Linfo_string95:
	.asciz	"TASK_ID_BASC"                  @ string offset=1473
.Linfo_string96:
	.asciz	"TASK_ID_HOGPD"                 @ string offset=1486
.Linfo_string97:
	.asciz	"TASK_ID_HOGPBH"                @ string offset=1500
.Linfo_string98:
	.asciz	"TASK_ID_HOGPRH"                @ string offset=1515
.Linfo_string99:
	.asciz	"TASK_ID_GLPS"                  @ string offset=1530
.Linfo_string100:
	.asciz	"TASK_ID_GLPC"                  @ string offset=1543
.Linfo_string101:
	.asciz	"TASK_ID_RSCPS"                 @ string offset=1556
.Linfo_string102:
	.asciz	"TASK_ID_RSCPC"                 @ string offset=1570
.Linfo_string103:
	.asciz	"TASK_ID_CSCPS"                 @ string offset=1584
.Linfo_string104:
	.asciz	"TASK_ID_CSCPC"                 @ string offset=1598
.Linfo_string105:
	.asciz	"TASK_ID_ANPS"                  @ string offset=1612
.Linfo_string106:
	.asciz	"TASK_ID_ANPC"                  @ string offset=1625
.Linfo_string107:
	.asciz	"TASK_ID_PASPS"                 @ string offset=1638
.Linfo_string108:
	.asciz	"TASK_ID_PASPC"                 @ string offset=1652
.Linfo_string109:
	.asciz	"TASK_ID_CPPS"                  @ string offset=1666
.Linfo_string110:
	.asciz	"TASK_ID_CPPC"                  @ string offset=1679
.Linfo_string111:
	.asciz	"TASK_ID_LANS"                  @ string offset=1692
.Linfo_string112:
	.asciz	"TASK_ID_LANC"                  @ string offset=1705
.Linfo_string113:
	.asciz	"TASK_ID_BMSS"                  @ string offset=1718
.Linfo_string114:
	.asciz	"TASK_ID_BMSC"                  @ string offset=1731
.Linfo_string115:
	.asciz	"TASK_ID_BCSS"                  @ string offset=1744
.Linfo_string116:
	.asciz	"TASK_ID_BCSC"                  @ string offset=1757
.Linfo_string117:
	.asciz	"TASK_ID_UDSS"                  @ string offset=1770
.Linfo_string118:
	.asciz	"TASK_ID_UDSC"                  @ string offset=1783
.Linfo_string119:
	.asciz	"TASK_ID_WSSS"                  @ string offset=1796
.Linfo_string120:
	.asciz	"TASK_ID_WSSC"                  @ string offset=1809
.Linfo_string121:
	.asciz	"TASK_ID_CTSS"                  @ string offset=1822
.Linfo_string122:
	.asciz	"TASK_ID_CTSC"                  @ string offset=1835
.Linfo_string123:
	.asciz	"TASK_ID_ANCC"                  @ string offset=1848
.Linfo_string124:
	.asciz	"TASK_ID_GATT_CLIENT"           @ string offset=1861
.Linfo_string125:
	.asciz	"TASK_ID_CGMS"                  @ string offset=1881
.Linfo_string126:
	.asciz	"TASK_ID_CGMC"                  @ string offset=1894
.Linfo_string127:
	.asciz	"TASK_ID_PLXS"                  @ string offset=1907
.Linfo_string128:
	.asciz	"TASK_ID_PLXC"                  @ string offset=1920
.Linfo_string129:
	.asciz	"TASK_ID_FSP_EXT"               @ string offset=1933
.Linfo_string130:
	.asciz	"TASK_ID_SUOTAR"                @ string offset=1949
.Linfo_string131:
	.asciz	"TASK_ID_CUSTS1"                @ string offset=1964
.Linfo_string132:
	.asciz	"TASK_ID_CUSTS2"                @ string offset=1979
.Linfo_string133:
	.asciz	"TASK_ID_INVALID"               @ string offset=1994
.Linfo_string134:
	.asciz	"KE_API_ID"                     @ string offset=2010
.Linfo_string135:
	.asciz	"TASK_LLM"                      @ string offset=2020
.Linfo_string136:
	.asciz	"TASK_LLC"                      @ string offset=2029
.Linfo_string137:
	.asciz	"TASK_LLD"                      @ string offset=2038
.Linfo_string138:
	.asciz	"TASK_DBG"                      @ string offset=2047
.Linfo_string139:
	.asciz	"TASK_APP"                      @ string offset=2056
.Linfo_string140:
	.asciz	"TASK_GTL"                      @ string offset=2065
.Linfo_string141:
	.asciz	"TASK_L2CC"                     @ string offset=2074
.Linfo_string142:
	.asciz	"TASK_GATTM"                    @ string offset=2084
.Linfo_string143:
	.asciz	"TASK_GATTC"                    @ string offset=2095
.Linfo_string144:
	.asciz	"TASK_GAPM"                     @ string offset=2106
.Linfo_string145:
	.asciz	"TASK_GAPC"                     @ string offset=2116
.Linfo_string146:
	.asciz	"TASK_RFU_1"                    @ string offset=2126
.Linfo_string147:
	.asciz	"TASK_RFU_2"                    @ string offset=2137
.Linfo_string148:
	.asciz	"TASK_RFU_3"                    @ string offset=2148
.Linfo_string149:
	.asciz	"TASK_RFU_4"                    @ string offset=2159
.Linfo_string150:
	.asciz	"TASK_RFU_5"                    @ string offset=2170
.Linfo_string151:
	.asciz	"TASK_PRF_MAX"                  @ string offset=2181
.Linfo_string152:
	.asciz	"TASK_MAX"                      @ string offset=2194
.Linfo_string153:
	.asciz	"TASK_NONE"                     @ string offset=2203
.Linfo_string154:
	.asciz	"KE_TASK_TYPE"                  @ string offset=2213
.Linfo_string155:
	.asciz	"SVC1_IDX_SVC"                  @ string offset=2226
.Linfo_string156:
	.asciz	"SVC1_IDX_SET_TIME_CHAR"        @ string offset=2239
.Linfo_string157:
	.asciz	"SVC1_IDX_SET_TIME_VAL"         @ string offset=2262
.Linfo_string158:
	.asciz	"SVC1_IDX_SET_TIME_USER_DESC"   @ string offset=2284
.Linfo_string159:
	.asciz	"SVC1_IDX_OUTPUTS_CHAR"         @ string offset=2312
.Linfo_string160:
	.asciz	"SVC1_IDX_OUTPUTS_VAL"          @ string offset=2334
.Linfo_string161:
	.asciz	"SVC1_IDX_OUTPUTS_USER_DESC"    @ string offset=2355
.Linfo_string162:
	.asciz	"SVC1_IDX_BUTTONS_CHAR"         @ string offset=2382
.Linfo_string163:
	.asciz	"SVC1_IDX_BUTTONS_VAL"          @ string offset=2404
.Linfo_string164:
	.asciz	"SVC1_IDX_BUTTONS_NTF_CFG"      @ string offset=2425
.Linfo_string165:
	.asciz	"SVC1_IDX_BUTTONS_USER_DESC"    @ string offset=2450
.Linfo_string166:
	.asciz	"SVC1_IDX_TIME_CHAR"            @ string offset=2477
.Linfo_string167:
	.asciz	"SVC1_IDX_TIME_VAL"             @ string offset=2496
.Linfo_string168:
	.asciz	"SVC1_IDX_TIME_NTF_CFG"         @ string offset=2514
.Linfo_string169:
	.asciz	"SVC1_IDX_TIME_USER_DESC"       @ string offset=2536
.Linfo_string170:
	.asciz	"SVC1_IDX_TEMPERATURE_CHAR"     @ string offset=2560
.Linfo_string171:
	.asciz	"SVC1_IDX_TEMPERATURE_VAL"      @ string offset=2586
.Linfo_string172:
	.asciz	"SVC1_IDX_TEMPERATURE_NTF_CFG"  @ string offset=2611
.Linfo_string173:
	.asciz	"SVC1_IDX_TEMPERATURE_USER_DESC" @ string offset=2640
.Linfo_string174:
	.asciz	"SVC1_IDX_HUMIDITY_CHAR"        @ string offset=2671
.Linfo_string175:
	.asciz	"SVC1_IDX_HUMIDITY_VAL"         @ string offset=2694
.Linfo_string176:
	.asciz	"SVC1_IDX_HUMIDITY_NTF_CFG"     @ string offset=2716
.Linfo_string177:
	.asciz	"SVC1_IDX_HUMIDITY_USER_DESC"   @ string offset=2742
.Linfo_string178:
	.asciz	"CUSTS1_IDX_NB"                 @ string offset=2770
.Linfo_string179:
	.asciz	"GAP_ERR_NO_ERROR"              @ string offset=2784
.Linfo_string180:
	.asciz	"ATT_ERR_NO_ERROR"              @ string offset=2801
.Linfo_string181:
	.asciz	"ATT_ERR_INVALID_HANDLE"        @ string offset=2818
.Linfo_string182:
	.asciz	"ATT_ERR_READ_NOT_PERMITTED"    @ string offset=2841
.Linfo_string183:
	.asciz	"ATT_ERR_WRITE_NOT_PERMITTED"   @ string offset=2868
.Linfo_string184:
	.asciz	"ATT_ERR_INVALID_PDU"           @ string offset=2896
.Linfo_string185:
	.asciz	"ATT_ERR_INSUFF_AUTHEN"         @ string offset=2916
.Linfo_string186:
	.asciz	"ATT_ERR_REQUEST_NOT_SUPPORTED" @ string offset=2938
.Linfo_string187:
	.asciz	"ATT_ERR_INVALID_OFFSET"        @ string offset=2968
.Linfo_string188:
	.asciz	"ATT_ERR_INSUFF_AUTHOR"         @ string offset=2991
.Linfo_string189:
	.asciz	"ATT_ERR_PREPARE_QUEUE_FULL"    @ string offset=3013
.Linfo_string190:
	.asciz	"ATT_ERR_ATTRIBUTE_NOT_FOUND"   @ string offset=3040
.Linfo_string191:
	.asciz	"ATT_ERR_ATTRIBUTE_NOT_LONG"    @ string offset=3068
.Linfo_string192:
	.asciz	"ATT_ERR_SHORT_ENC_KEY_SIZE"    @ string offset=3095
.Linfo_string193:
	.asciz	"ATT_ERR_INVALID_ATTRIBUTE_VAL_LEN" @ string offset=3122
.Linfo_string194:
	.asciz	"ATT_ERR_UNLIKELY_ERR"          @ string offset=3156
.Linfo_string195:
	.asciz	"ATT_ERR_INSUFF_ENC"            @ string offset=3177
.Linfo_string196:
	.asciz	"ATT_ERR_UNSUPP_GRP_TYPE"       @ string offset=3196
.Linfo_string197:
	.asciz	"ATT_ERR_INSUFF_RESOURCE"       @ string offset=3220
.Linfo_string198:
	.asciz	"ATT_ERR_APP_ERROR"             @ string offset=3244
.Linfo_string199:
	.asciz	"L2C_ERR_CONNECTION_LOST"       @ string offset=3262
.Linfo_string200:
	.asciz	"L2C_ERR_INVALID_MTU_EXCEED"    @ string offset=3286
.Linfo_string201:
	.asciz	"L2C_ERR_INVALID_MPS_EXCEED"    @ string offset=3313
.Linfo_string202:
	.asciz	"L2C_ERR_INVALID_CID"           @ string offset=3340
.Linfo_string203:
	.asciz	"L2C_ERR_INVALID_PDU"           @ string offset=3360
.Linfo_string204:
	.asciz	"L2C_ERR_NO_RES_AVAIL"          @ string offset=3380
.Linfo_string205:
	.asciz	"L2C_ERR_INSUFF_AUTHEN"         @ string offset=3401
.Linfo_string206:
	.asciz	"L2C_ERR_INSUFF_AUTHOR"         @ string offset=3423
.Linfo_string207:
	.asciz	"L2C_ERR_SHORT_ENC_KEY_SIZE"    @ string offset=3445
.Linfo_string208:
	.asciz	"L2C_ERR_INSUFF_ENC"            @ string offset=3472
.Linfo_string209:
	.asciz	"L2C_ERR_LEPSM_NOT_SUPP"        @ string offset=3491
.Linfo_string210:
	.asciz	"L2C_ERR_INSUFF_CREDIT"         @ string offset=3514
.Linfo_string211:
	.asciz	"L2C_ERR_NO_MORE_CREDIT"        @ string offset=3536
.Linfo_string212:
	.asciz	"L2C_ERR_NOT_UNDERSTOOD"        @ string offset=3559
.Linfo_string213:
	.asciz	"L2C_ERR_INVALID_SCID"          @ string offset=3582
.Linfo_string214:
	.asciz	"L2C_ERR_SCID_ALLOCATED"        @ string offset=3603
.Linfo_string215:
	.asciz	"L2C_ERR_UNACCEPTABLE_PARAM"    @ string offset=3626
.Linfo_string216:
	.asciz	"GAP_ERR_INVALID_PARAM"         @ string offset=3653
.Linfo_string217:
	.asciz	"GAP_ERR_PROTOCOL_PROBLEM"      @ string offset=3675
.Linfo_string218:
	.asciz	"GAP_ERR_NOT_SUPPORTED"         @ string offset=3700
.Linfo_string219:
	.asciz	"GAP_ERR_COMMAND_DISALLOWED"    @ string offset=3722
.Linfo_string220:
	.asciz	"GAP_ERR_CANCELED"              @ string offset=3749
.Linfo_string221:
	.asciz	"GAP_ERR_TIMEOUT"               @ string offset=3766
.Linfo_string222:
	.asciz	"GAP_ERR_DISCONNECTED"          @ string offset=3782
.Linfo_string223:
	.asciz	"GAP_ERR_NOT_FOUND"             @ string offset=3803
.Linfo_string224:
	.asciz	"GAP_ERR_REJECTED"              @ string offset=3821
.Linfo_string225:
	.asciz	"GAP_ERR_PRIVACY_CFG_PB"        @ string offset=3838
.Linfo_string226:
	.asciz	"GAP_ERR_ADV_DATA_INVALID"      @ string offset=3861
.Linfo_string227:
	.asciz	"GAP_ERR_INSUFF_RESOURCES"      @ string offset=3886
.Linfo_string228:
	.asciz	"GAP_ERR_UNEXPECTED"            @ string offset=3911
.Linfo_string229:
	.asciz	"GATT_ERR_INVALID_ATT_LEN"      @ string offset=3930
.Linfo_string230:
	.asciz	"GATT_ERR_INVALID_TYPE_IN_SVC_SEARCH" @ string offset=3955
.Linfo_string231:
	.asciz	"GATT_ERR_WRITE"                @ string offset=3991
.Linfo_string232:
	.asciz	"GATT_ERR_SIGNED_WRITE"         @ string offset=4006
.Linfo_string233:
	.asciz	"GATT_ERR_ATTRIBUTE_CLIENT_MISSING" @ string offset=4028
.Linfo_string234:
	.asciz	"GATT_ERR_ATTRIBUTE_SERVER_MISSING" @ string offset=4062
.Linfo_string235:
	.asciz	"GATT_ERR_INVALID_PERM"         @ string offset=4096
.Linfo_string236:
	.asciz	"SMP_ERROR_LOC_PASSKEY_ENTRY_FAILED" @ string offset=4118
.Linfo_string237:
	.asciz	"SMP_ERROR_LOC_OOB_NOT_AVAILABLE" @ string offset=4153
.Linfo_string238:
	.asciz	"SMP_ERROR_LOC_AUTH_REQ"        @ string offset=4185
.Linfo_string239:
	.asciz	"SMP_ERROR_LOC_CONF_VAL_FAILED" @ string offset=4208
.Linfo_string240:
	.asciz	"SMP_ERROR_LOC_PAIRING_NOT_SUPP" @ string offset=4238
.Linfo_string241:
	.asciz	"SMP_ERROR_LOC_ENC_KEY_SIZE"    @ string offset=4269
.Linfo_string242:
	.asciz	"SMP_ERROR_LOC_CMD_NOT_SUPPORTED" @ string offset=4296
.Linfo_string243:
	.asciz	"SMP_ERROR_LOC_UNSPECIFIED_REASON" @ string offset=4328
.Linfo_string244:
	.asciz	"SMP_ERROR_LOC_REPEATED_ATTEMPTS" @ string offset=4361
.Linfo_string245:
	.asciz	"SMP_ERROR_LOC_INVALID_PARAM"   @ string offset=4393
.Linfo_string246:
	.asciz	"SMP_ERROR_LOC_REQ_DISALLOWED"  @ string offset=4421
.Linfo_string247:
	.asciz	"SMP_ERROR_LOC_LL_ERROR"        @ string offset=4450
.Linfo_string248:
	.asciz	"SMP_ERROR_LOC_ADDR_RESOLV_FAIL" @ string offset=4473
.Linfo_string249:
	.asciz	"SMP_ERROR_LOC_SIGN_VERIF_FAIL" @ string offset=4504
.Linfo_string250:
	.asciz	"SMP_ERROR_LOC_TIMEOUT"         @ string offset=4534
.Linfo_string251:
	.asciz	"SMP_ERROR_REM_PASSKEY_ENTRY_FAILED" @ string offset=4556
.Linfo_string252:
	.asciz	"SMP_ERROR_REM_OOB_NOT_AVAILABLE" @ string offset=4591
.Linfo_string253:
	.asciz	"SMP_ERROR_REM_AUTH_REQ"        @ string offset=4623
.Linfo_string254:
	.asciz	"SMP_ERROR_REM_CONF_VAL_FAILED" @ string offset=4646
.Linfo_string255:
	.asciz	"SMP_ERROR_REM_PAIRING_NOT_SUPP" @ string offset=4676
.Linfo_string256:
	.asciz	"SMP_ERROR_REM_ENC_KEY_SIZE"    @ string offset=4707
.Linfo_string257:
	.asciz	"SMP_ERROR_REM_CMD_NOT_SUPPORTED" @ string offset=4734
.Linfo_string258:
	.asciz	"SMP_ERROR_REM_UNSPECIFIED_REASON" @ string offset=4766
.Linfo_string259:
	.asciz	"SMP_ERROR_REM_REPEATED_ATTEMPTS" @ string offset=4799
.Linfo_string260:
	.asciz	"SMP_ERROR_REM_INVALID_PARAM"   @ string offset=4831
.Linfo_string261:
	.asciz	"SMP_ERROR_REM_ENC_KEY_MISSING" @ string offset=4859
.Linfo_string262:
	.asciz	"SMP_ERROR_REM_ENC_NOT_SUPPORTED" @ string offset=4889
.Linfo_string263:
	.asciz	"SMP_ERROR_REM_ENC_TIMEOUT"     @ string offset=4921
.Linfo_string264:
	.asciz	"PRF_APP_ERROR"                 @ string offset=4947
.Linfo_string265:
	.asciz	"PRF_ERR_INVALID_PARAM"         @ string offset=4961
.Linfo_string266:
	.asciz	"PRF_ERR_INEXISTENT_HDL"        @ string offset=4983
.Linfo_string267:
	.asciz	"PRF_ERR_STOP_DISC_CHAR_MISSING" @ string offset=5006
.Linfo_string268:
	.asciz	"PRF_ERR_MULTIPLE_SVC"          @ string offset=5037
.Linfo_string269:
	.asciz	"PRF_ERR_STOP_DISC_WRONG_CHAR_PROP" @ string offset=5058
.Linfo_string270:
	.asciz	"PRF_ERR_MULTIPLE_CHAR"         @ string offset=5092
.Linfo_string271:
	.asciz	"PRF_ERR_NOT_WRITABLE"          @ string offset=5114
.Linfo_string272:
	.asciz	"PRF_ERR_NOT_READABLE"          @ string offset=5135
.Linfo_string273:
	.asciz	"PRF_ERR_REQ_DISALLOWED"        @ string offset=5156
.Linfo_string274:
	.asciz	"PRF_ERR_NTF_DISABLED"          @ string offset=5179
.Linfo_string275:
	.asciz	"PRF_ERR_IND_DISABLED"          @ string offset=5200
.Linfo_string276:
	.asciz	"PRF_ERR_FEATURE_NOT_SUPPORTED" @ string offset=5221
.Linfo_string277:
	.asciz	"PRF_ERR_UNEXPECTED_LEN"        @ string offset=5251
.Linfo_string278:
	.asciz	"PRF_ERR_DISCONNECTED"          @ string offset=5274
.Linfo_string279:
	.asciz	"PRF_ERR_PROC_TIMEOUT"          @ string offset=5295
.Linfo_string280:
	.asciz	"PRF_CCCD_IMPR_CONFIGURED"      @ string offset=5316
.Linfo_string281:
	.asciz	"PRF_PROC_IN_PROGRESS"          @ string offset=5341
.Linfo_string282:
	.asciz	"PRF_OUT_OF_RANGE"              @ string offset=5362
.Linfo_string283:
	.asciz	"LL_ERR_UNKNOWN_HCI_COMMAND"    @ string offset=5379
.Linfo_string284:
	.asciz	"LL_ERR_UNKNOWN_CONNECTION_ID"  @ string offset=5406
.Linfo_string285:
	.asciz	"LL_ERR_HARDWARE_FAILURE"       @ string offset=5435
.Linfo_string286:
	.asciz	"LL_ERR_PAGE_TIMEOUT"           @ string offset=5459
.Linfo_string287:
	.asciz	"LL_ERR_AUTH_FAILURE"           @ string offset=5479
.Linfo_string288:
	.asciz	"LL_ERR_PIN_MISSING"            @ string offset=5499
.Linfo_string289:
	.asciz	"LL_ERR_MEMORY_CAPA_EXCEED"     @ string offset=5518
.Linfo_string290:
	.asciz	"LL_ERR_CON_TIMEOUT"            @ string offset=5544
.Linfo_string291:
	.asciz	"LL_ERR_CON_LIMIT_EXCEED"       @ string offset=5563
.Linfo_string292:
	.asciz	"LL_ERR_SYNC_CON_LIMIT_DEV_EXCEED" @ string offset=5587
.Linfo_string293:
	.asciz	"LL_ERR_ACL_CON_EXISTS"         @ string offset=5620
.Linfo_string294:
	.asciz	"LL_ERR_COMMAND_DISALLOWED"     @ string offset=5642
.Linfo_string295:
	.asciz	"LL_ERR_CONN_REJ_LIMITED_RESOURCES" @ string offset=5668
.Linfo_string296:
	.asciz	"LL_ERR_CONN_REJ_SECURITY_REASONS" @ string offset=5702
.Linfo_string297:
	.asciz	"LL_ERR_CONN_REJ_UNACCEPTABLE_BDADDR" @ string offset=5735
.Linfo_string298:
	.asciz	"LL_ERR_CONN_ACCEPT_TIMEOUT_EXCEED" @ string offset=5771
.Linfo_string299:
	.asciz	"LL_ERR_UNSUPPORTED"            @ string offset=5805
.Linfo_string300:
	.asciz	"LL_ERR_INVALID_HCI_PARAM"      @ string offset=5824
.Linfo_string301:
	.asciz	"LL_ERR_REMOTE_USER_TERM_CON"   @ string offset=5849
.Linfo_string302:
	.asciz	"LL_ERR_REMOTE_DEV_TERM_LOW_RESOURCES" @ string offset=5877
.Linfo_string303:
	.asciz	"LL_ERR_REMOTE_DEV_POWER_OFF"   @ string offset=5914
.Linfo_string304:
	.asciz	"LL_ERR_CON_TERM_BY_LOCAL_HOST" @ string offset=5942
.Linfo_string305:
	.asciz	"LL_ERR_REPEATED_ATTEMPTS"      @ string offset=5972
.Linfo_string306:
	.asciz	"LL_ERR_PAIRING_NOT_ALLOWED"    @ string offset=5997
.Linfo_string307:
	.asciz	"LL_ERR_UNKNOWN_LMP_PDU"        @ string offset=6024
.Linfo_string308:
	.asciz	"LL_ERR_UNSUPPORTED_REMOTE_FEATURE" @ string offset=6047
.Linfo_string309:
	.asciz	"LL_ERR_SCO_OFFSET_REJECTED"    @ string offset=6081
.Linfo_string310:
	.asciz	"LL_ERR_SCO_INTERVAL_REJECTED"  @ string offset=6108
.Linfo_string311:
	.asciz	"LL_ERR_SCO_AIR_MODE_REJECTED"  @ string offset=6137
.Linfo_string312:
	.asciz	"LL_ERR_INVALID_LMP_PARAM"      @ string offset=6166
.Linfo_string313:
	.asciz	"LL_ERR_UNSPECIFIED_ERROR"      @ string offset=6191
.Linfo_string314:
	.asciz	"LL_ERR_UNSUPPORTED_LMP_PARAM_VALUE" @ string offset=6216
.Linfo_string315:
	.asciz	"LL_ERR_ROLE_CHANGE_NOT_ALLOWED" @ string offset=6251
.Linfo_string316:
	.asciz	"LL_ERR_LMP_RSP_TIMEOUT"        @ string offset=6282
.Linfo_string317:
	.asciz	"LL_ERR_LMP_COLLISION"          @ string offset=6305
.Linfo_string318:
	.asciz	"LL_ERR_LMP_PDU_NOT_ALLOWED"    @ string offset=6326
.Linfo_string319:
	.asciz	"LL_ERR_ENC_MODE_NOT_ACCEPT"    @ string offset=6353
.Linfo_string320:
	.asciz	"LL_ERR_LINK_KEY_CANT_CHANGE"   @ string offset=6380
.Linfo_string321:
	.asciz	"LL_ERR_QOS_NOT_SUPPORTED"      @ string offset=6408
.Linfo_string322:
	.asciz	"LL_ERR_INSTANT_PASSED"         @ string offset=6433
.Linfo_string323:
	.asciz	"LL_ERR_PAIRING_WITH_UNIT_KEY_NOT_SUP" @ string offset=6455
.Linfo_string324:
	.asciz	"LL_ERR_DIFF_TRANSACTION_COLLISION" @ string offset=6492
.Linfo_string325:
	.asciz	"LL_ERR_QOS_UNACCEPTABLE_PARAM" @ string offset=6526
.Linfo_string326:
	.asciz	"LL_ERR_QOS_REJECTED"           @ string offset=6556
.Linfo_string327:
	.asciz	"LL_ERR_CHANNEL_CLASS_NOT_SUP"  @ string offset=6576
.Linfo_string328:
	.asciz	"LL_ERR_INSUFFICIENT_SECURITY"  @ string offset=6605
.Linfo_string329:
	.asciz	"LL_ERR_PARAM_OUT_OF_MAND_RANGE" @ string offset=6634
.Linfo_string330:
	.asciz	"LL_ERR_ROLE_SWITCH_PEND"       @ string offset=6665
.Linfo_string331:
	.asciz	"LL_ERR_RESERVED_SLOT_VIOLATION" @ string offset=6689
.Linfo_string332:
	.asciz	"LL_ERR_ROLE_SWITCH_FAIL"       @ string offset=6720
.Linfo_string333:
	.asciz	"LL_ERR_EIR_TOO_LARGE"          @ string offset=6744
.Linfo_string334:
	.asciz	"LL_ERR_SP_NOT_SUPPORTED_HOST"  @ string offset=6765
.Linfo_string335:
	.asciz	"LL_ERR_HOST_BUSY_PAIRING"      @ string offset=6794
.Linfo_string336:
	.asciz	"LL_ERR_CONTROLLER_BUSY"        @ string offset=6819
.Linfo_string337:
	.asciz	"LL_ERR_UNACCEPTABLE_CONN_INT"  @ string offset=6842
.Linfo_string338:
	.asciz	"LL_ERR_DIRECT_ADV_TO"          @ string offset=6871
.Linfo_string339:
	.asciz	"LL_ERR_TERMINATED_MIC_FAILURE" @ string offset=6892
.Linfo_string340:
	.asciz	"LL_ERR_CONN_FAILED_TO_BE_EST"  @ string offset=6922
.Linfo_string341:
	.asciz	"hl_err"                        @ string offset=6951
.Linfo_string342:
	.asciz	"conidx"                        @ string offset=6958
.Linfo_string343:
	.asciz	"notification"                  @ string offset=6965
.Linfo_string344:
	.asciz	"handle"                        @ string offset=6978
.Linfo_string345:
	.asciz	"length"                        @ string offset=6985
.Linfo_string346:
	.asciz	"value"                         @ string offset=6992
.Linfo_string347:
	.asciz	"custs1_val_ntf_ind_req"        @ string offset=6998
.Linfo_string348:
	.asciz	"unsigned long"                 @ string offset=7021
.Linfo_string349:
	.asciz	"att_idx"                       @ string offset=7035
.Linfo_string350:
	.asciz	"status"                        @ string offset=7043
.Linfo_string351:
	.asciz	"custs1_att_info_rsp"           @ string offset=7050
.Linfo_string352:
	.asciz	"custs1_value_req_rsp"          @ string offset=7070
.Linfo_string353:
	.asciz	"read_buttons"                  @ string offset=7091
.Linfo_string354:
	.asciz	"tick_timer_cb"                 @ string offset=7104
.Linfo_string355:
	.asciz	"start_tick_timer"              @ string offset=7118
.Linfo_string356:
	.asciz	"user_custs1_init_defaults"     @ string offset=7135
.Linfo_string357:
	.asciz	"user_svc1_outputs_wr_ind_handler" @ string offset=7161
.Linfo_string358:
	.asciz	"user_svc1_set_time_wr_ind_handler" @ string offset=7194
.Linfo_string359:
	.asciz	"user_svc1_buttons_cfg_ind_handler" @ string offset=7228
.Linfo_string360:
	.asciz	"user_svc1_time_cfg_ind_handler" @ string offset=7262
.Linfo_string361:
	.asciz	"user_svc1_temperature_cfg_ind_handler" @ string offset=7293
.Linfo_string362:
	.asciz	"user_svc1_humidity_cfg_ind_handler" @ string offset=7331
.Linfo_string363:
	.asciz	"user_svc1_rest_att_info_req_handler" @ string offset=7366
.Linfo_string364:
	.asciz	"user_svc1_time_read_req_handler" @ string offset=7402
.Linfo_string365:
	.asciz	"mask"                          @ string offset=7434
.Linfo_string366:
	.asciz	"temp"                          @ string offset=7439
.Linfo_string367:
	.asciz	"hum"                           @ string offset=7444
.Linfo_string368:
	.asciz	"t"                             @ string offset=7448
.Linfo_string369:
	.asciz	"t_dec"                         @ string offset=7450
.Linfo_string370:
	.asciz	"t_int"                         @ string offset=7456
.Linfo_string371:
	.asciz	"req"                           @ string offset=7462
.Linfo_string372:
	.asciz	"h"                             @ string offset=7466
.Linfo_string373:
	.asciz	"msgid"                         @ string offset=7468
.Linfo_string374:
	.asciz	"ke_msg_id_t"                   @ string offset=7474
.Linfo_string375:
	.asciz	"param"                         @ string offset=7486
.Linfo_string376:
	.asciz	"custs1_val_write_ind"          @ string offset=7492
.Linfo_string377:
	.asciz	"dest_id"                       @ string offset=7513
.Linfo_string378:
	.asciz	"ke_task_id_t"                  @ string offset=7521
.Linfo_string379:
	.asciz	"src_id"                        @ string offset=7534
.Linfo_string380:
	.asciz	"parts"                         @ string offset=7541
.Linfo_string381:
	.asciz	"i"                             @ string offset=7547
.Linfo_string382:
	.asciz	"pidx"                          @ string offset=7549
.Linfo_string383:
	.asciz	"c"                             @ string offset=7554
.Linfo_string384:
	.asciz	"m"                             @ string offset=7556
.Linfo_string385:
	.asciz	"s"                             @ string offset=7558
.Linfo_string386:
	.asciz	"cccd"                          @ string offset=7560
.Linfo_string387:
	.asciz	"custs1_att_info_req"           @ string offset=7565
.Linfo_string388:
	.asciz	"rsp"                           @ string offset=7585
.Linfo_string389:
	.asciz	"custs1_value_req_ind"          @ string offset=7589
	.ident	"Component: Arm Compiler for Embedded 6.23 Tool: armclang [5f103000]"
	.section	".note.GNU-stack","",%progbits
	.eabi_attribute	30, 4	@ Tag_ABI_optimization_goals
	.ARM_attribute	16, 1	@ Tag_AV_eba
	.section	.debug_line,"",%progbits
.Lline_table_start0:
