	.text
	.syntax unified
	.eabi_attribute	67, "2.09"	@ Tag_conformance
	.cpu	cortex-m0plus
	.eabi_attribute	6, 12	@ Tag_CPU_arch
	.eabi_attribute	7, 77	@ Tag_CPU_arch_profile
	.eabi_attribute	8, 0	@ Tag_ARM_ISA_use
	.eabi_attribute	9, 1	@ Tag_THUMB_ISA_use
	.eabi_attribute	34, 0	@ Tag_CPU_unaligned_access
	.eabi_attribute	17, 1	@ Tag_ABI_PCS_GOT_use
	.eabi_attribute	20, 2	@ Tag_ABI_FP_denormal
	.eabi_attribute	21, 0	@ Tag_ABI_FP_exceptions
	.eabi_attribute	23, 1	@ Tag_ABI_FP_number_model
	.eabi_attribute	24, 1	@ Tag_ABI_align_needed
	.eabi_attribute	25, 1	@ Tag_ABI_align_preserved
	.eabi_attribute	38, 1	@ Tag_ABI_FP_16bit_format
	.eabi_attribute	18, 2	@ Tag_ABI_PCS_wchar_t
	.eabi_attribute	26, 1	@ Tag_ABI_enum_size
	.eabi_attribute	14, 0	@ Tag_ABI_PCS_R9_use
	.file	"user_periph_setup.c"
	.file	1 "C:\\Users\\teodor" "AppData\\Local\\Keil_v5\\ARM\\ARMCLANG\\bin\\..\\include\\stdint.h"
	.file	2 "C:\\Users\\teodor\\Desktop\\stem\\codeless\\6.0.24.1464\\projects\\target_apps\\ble_examples\\empty_peripheral_template\\Keil_5" "./../../../../../sdk/platform/driver/i2c\\i2c.h"
	.file	3 "C:\\Users\\teodor\\Desktop\\stem\\codeless\\6.0.24.1464\\projects\\target_apps\\ble_examples\\empty_peripheral_template\\Keil_5" "../src/platform/user_periph_setup.c"
	.file	4 "C:\\Users\\teodor\\Desktop\\stem\\codeless\\6.0.24.1464\\projects\\target_apps\\ble_examples\\empty_peripheral_template\\Keil_5" "./../../../../../sdk/platform/driver/uart\\uart.h"
	.file	5 "C:\\Users\\teodor\\Desktop\\stem\\codeless\\6.0.24.1464\\projects\\target_apps\\ble_examples\\empty_peripheral_template\\Keil_5" "./../../../../../sdk/platform/driver/gpio\\gpio.h"
	.file	6 "C:\\Users\\teodor\\Desktop\\stem\\codeless\\6.0.24.1464\\projects\\target_apps\\ble_examples\\empty_peripheral_template\\Keil_5" "./../../../../../sdk/platform/driver/syscntl\\syscntl.h"
	.hidden	GPIO_reservations               @ -- Begin function GPIO_reservations
	.globl	GPIO_reservations
	.p2align	2
	.type	GPIO_reservations,%function
	.code	16                              @ @GPIO_reservations
	.thumb_func
GPIO_reservations:
.Lfunc_begin0:
	.loc	3 81 0                          @ ../src/platform/user_periph_setup.c:81:0
	.fnstart
	.cfi_sections .debug_frame
	.cfi_startproc
@ %bb.0:
	.save	{r4, r5, r6, r7, lr}
	.pad	#12
	push	{r1, r2, r3, r4, r5, r6, r7, lr}
	.cfi_def_cfa_offset 32
	.cfi_offset lr, -4
	.cfi_offset r7, -8
	.cfi_offset r6, -12
	.cfi_offset r5, -16
	.cfi_offset r4, -20
	movs	r0, #0
	mvns	r6, r0
.Ltmp0:
	.loc	3 89 5 prologue_end             @ ../src/platform/user_periph_setup.c:89:5
	ldr	r0, __arm_cp.0_0
	ldr	r3, [r0]
	cmp	r3, #0
	mov	r2, r6
	bne	.LBB0_2
@ %bb.1:
	.loc	3 0 5 is_stmt 0                 @ ../src/platform/user_periph_setup.c:0:5
	mov	r2, r3
.LBB0_2:
	.loc	3 89 5                          @ ../src/platform/user_periph_setup.c:89:5
	ldr	r1, __arm_cp.0_1
	ldr	r0, [r1, #4]
	orrs	r0, r2
	ldr	r5, [r1]
	str	r0, [r1, #4]
	movs	r4, #1
	cmp	r3, #0
	mov	r0, r4
	beq	.LBB0_4
@ %bb.3:
	.loc	3 0 5                           @ ../src/platform/user_periph_setup.c:0:5
	mov	r0, r6
.LBB0_4:
	str	r0, [sp, #4]                    @ 4-byte Spill
	.loc	3 89 5                          @ ../src/platform/user_periph_setup.c:89:5
	orrs	r5, r0
	str	r5, [r1]
.Ltmp1:
	.loc	3 99 5 is_stmt 1                @ ../src/platform/user_periph_setup.c:99:5
	ldr	r0, __arm_cp.0_0
	ldr	r3, [r0, #4]
	cmp	r3, #0
	mov	r7, r4
	beq	.LBB0_6
@ %bb.5:
	.loc	3 0 5 is_stmt 0                 @ ../src/platform/user_periph_setup.c:0:5
	mov	r7, r6
.LBB0_6:
	.loc	3 99 5                          @ ../src/platform/user_periph_setup.c:99:5
	lsrs	r5, r7, #31
	cmp	r3, #0
	mov	r2, r6
	bne	.LBB0_8
@ %bb.7:
	.loc	3 0 5                           @ ../src/platform/user_periph_setup.c:0:5
	mov	r2, r3
.LBB0_8:
	.loc	3 99 5                          @ ../src/platform/user_periph_setup.c:99:5
	lsls	r0, r2, #1
	adds	r0, r0, r5
	ldr	r2, [r1, #4]
	orrs	r2, r0
	ldr	r0, [r1]
	str	r2, [r1, #4]
	lsls	r2, r7, #1
	orrs	r2, r0
	str	r2, [r1]
.Ltmp2:
	.loc	3 103 5 is_stmt 1               @ ../src/platform/user_periph_setup.c:103:5
	ldr	r0, __arm_cp.0_0
	ldr	r3, [r0, #28]
	cmp	r3, #0
	mov	r0, r4
	beq	.LBB0_10
@ %bb.9:
	.loc	3 0 5 is_stmt 0                 @ ../src/platform/user_periph_setup.c:0:5
	mov	r0, r6
.LBB0_10:
	str	r7, [sp]                        @ 4-byte Spill
	str	r0, [sp, #8]                    @ 4-byte Spill
	.loc	3 103 5                         @ ../src/platform/user_periph_setup.c:103:5
	lsrs	r5, r0, #25
	cmp	r3, #0
	mov	r2, r6
	bne	.LBB0_12
@ %bb.11:
	.loc	3 0 5                           @ ../src/platform/user_periph_setup.c:0:5
	mov	r2, r3
.LBB0_12:
	.loc	3 103 5                         @ ../src/platform/user_periph_setup.c:103:5
	lsls	r0, r2, #7
	adds	r0, r0, r5
	ldr	r2, [r1, #4]
	orrs	r2, r0
	ldr	r0, [r1]
	str	r2, [r1, #4]
	ldr	r2, [sp, #8]                    @ 4-byte Reload
	lsls	r2, r2, #7
	orrs	r2, r0
	str	r2, [r1]
.Ltmp3:
	.loc	3 104 5 is_stmt 1               @ ../src/platform/user_periph_setup.c:104:5
	ldr	r0, __arm_cp.0_0
	ldr	r3, [r0, #24]
	cmp	r3, #0
	mov	r7, r4
	beq	.LBB0_14
@ %bb.13:
	.loc	3 0 5 is_stmt 0                 @ ../src/platform/user_periph_setup.c:0:5
	mov	r7, r6
.LBB0_14:
	.loc	3 104 5                         @ ../src/platform/user_periph_setup.c:104:5
	lsrs	r5, r7, #26
	cmp	r3, #0
	mov	r2, r6
	bne	.LBB0_16
@ %bb.15:
	.loc	3 0 5                           @ ../src/platform/user_periph_setup.c:0:5
	mov	r2, r3
.LBB0_16:
	.loc	3 104 5                         @ ../src/platform/user_periph_setup.c:104:5
	lsls	r0, r2, #6
	adds	r0, r0, r5
	ldr	r2, [r1, #4]
	orrs	r2, r0
	ldr	r0, [r1]
	str	r2, [r1, #4]
	lsls	r2, r7, #6
	orrs	r2, r0
	str	r2, [r1]
.Ltmp4:
	.loc	3 105 5 is_stmt 1               @ ../src/platform/user_periph_setup.c:105:5
	ldr	r0, __arm_cp.0_0
	ldr	r5, [r0, #12]
	cmp	r5, #0
	mov	r3, r4
	beq	.LBB0_18
@ %bb.17:
	.loc	3 0 5 is_stmt 0                 @ ../src/platform/user_periph_setup.c:0:5
	mov	r3, r6
.LBB0_18:
	.loc	3 105 5                         @ ../src/platform/user_periph_setup.c:105:5
	lsrs	r2, r3, #29
	cmp	r5, #0
	mov	r0, r6
	bne	.LBB0_20
@ %bb.19:
	.loc	3 0 5                           @ ../src/platform/user_periph_setup.c:0:5
	mov	r0, r5
.LBB0_20:
	.loc	3 105 5                         @ ../src/platform/user_periph_setup.c:105:5
	lsls	r0, r0, #3
	adds	r0, r0, r2
	ldr	r2, [r1, #4]
	orrs	r2, r0
	ldr	r0, [r1]
	str	r2, [r1, #4]
	lsls	r2, r3, #3
	orrs	r2, r0
	str	r2, [r1]
	ldr	r0, __arm_cp.0_0
.Ltmp5:
	.loc	3 89 5 is_stmt 1                @ ../src/platform/user_periph_setup.c:89:5
	ldr	r2, [sp, #4]                    @ 4-byte Reload
	str	r2, [r0]
.Ltmp6:
	.loc	3 99 5                          @ ../src/platform/user_periph_setup.c:99:5
	ldr	r2, [sp]                        @ 4-byte Reload
	str	r2, [r0, #4]
.Ltmp7:
	.loc	3 104 5                         @ ../src/platform/user_periph_setup.c:104:5
	str	r7, [r0, #24]
.Ltmp8:
	.loc	3 103 5                         @ ../src/platform/user_periph_setup.c:103:5
	ldr	r2, [sp, #8]                    @ 4-byte Reload
	str	r2, [r0, #28]
.Ltmp9:
	.loc	3 105 5                         @ ../src/platform/user_periph_setup.c:105:5
	str	r3, [r0, #12]
.Ltmp10:
	.loc	3 106 5                         @ ../src/platform/user_periph_setup.c:106:5
	ldr	r5, [r0, #44]
	cmp	r5, #0
	mov	r3, r4
	beq	.LBB0_22
@ %bb.21:
	.loc	3 0 5 is_stmt 0                 @ ../src/platform/user_periph_setup.c:0:5
	mov	r3, r6
.LBB0_22:
	.loc	3 106 5                         @ ../src/platform/user_periph_setup.c:106:5
	lsls	r0, r3, #11
	ldr	r2, [r1]
	orrs	r2, r0
	ldr	r0, [r1, #4]
	str	r2, [r1]
	lsrs	r2, r3, #21
	cmp	r5, #0
	mov	r7, r6
	bne	.LBB0_24
@ %bb.23:
	.loc	3 0 5                           @ ../src/platform/user_periph_setup.c:0:5
	mov	r7, r5
.LBB0_24:
	.loc	3 106 5                         @ ../src/platform/user_periph_setup.c:106:5
	lsls	r5, r7, #11
	adds	r2, r5, r2
	orrs	r2, r0
	str	r2, [r1, #4]
	ldr	r0, __arm_cp.0_0
	str	r3, [r0, #44]
.Ltmp11:
	.loc	3 107 5 is_stmt 1               @ ../src/platform/user_periph_setup.c:107:5
	ldr	r5, [r0, #32]
	cmp	r5, #0
	mov	r3, r4
	beq	.LBB0_26
@ %bb.25:
	.loc	3 0 5 is_stmt 0                 @ ../src/platform/user_periph_setup.c:0:5
	mov	r3, r6
.LBB0_26:
	.loc	3 107 5                         @ ../src/platform/user_periph_setup.c:107:5
	lsls	r0, r3, #8
	ldr	r2, [r1]
	orrs	r2, r0
	ldr	r0, [r1, #4]
	str	r2, [r1]
	lsrs	r2, r3, #24
	cmp	r5, #0
	mov	r7, r6
	bne	.LBB0_28
@ %bb.27:
	.loc	3 0 5                           @ ../src/platform/user_periph_setup.c:0:5
	mov	r7, r5
.LBB0_28:
	.loc	3 107 5                         @ ../src/platform/user_periph_setup.c:107:5
	lsls	r5, r7, #8
	adds	r2, r5, r2
	orrs	r2, r0
	str	r2, [r1, #4]
	ldr	r0, __arm_cp.0_0
	str	r3, [r0, #32]
.Ltmp12:
	.loc	3 108 5 is_stmt 1               @ ../src/platform/user_periph_setup.c:108:5
	ldr	r3, [r0, #20]
	cmp	r3, #0
	beq	.LBB0_30
@ %bb.29:
	.loc	3 0 5 is_stmt 0                 @ ../src/platform/user_periph_setup.c:0:5
	mov	r4, r6
.LBB0_30:
	.loc	3 108 5                         @ ../src/platform/user_periph_setup.c:108:5
	str	r4, [r0, #20]
	lsls	r0, r4, #5
	ldr	r5, [r1]
	orrs	r5, r0
	ldr	r2, [r1, #4]
	str	r5, [r1]
	lsrs	r4, r4, #27
	cmp	r3, #0
	bne	.LBB0_32
@ %bb.31:
	.loc	3 0 5                           @ ../src/platform/user_periph_setup.c:0:5
	mov	r6, r3
.LBB0_32:
	.loc	3 108 5                         @ ../src/platform/user_periph_setup.c:108:5
	lsls	r0, r6, #5
	adds	r0, r0, r4
	orrs	r0, r2
	str	r0, [r1, #4]
.Ltmp13:
	.loc	3 109 1 epilogue_begin is_stmt 1 @ ../src/platform/user_periph_setup.c:109:1
	pop	{r1, r2, r3, r4, r5, r6, r7, pc}
.Ltmp14:
	.loc	3 0 1 is_stmt 0                 @ :0:1
.Ltmp15:
	.p2align	2
@ %bb.33:
__arm_cp.0_0:
	.long	GPIO
.Lcpi_end0:
	.size	__arm_cp.0_0, .Lcpi_end0-__arm_cp.0_0
__arm_cp.0_1:
	.long	GPIO_status
.Lcpi_end1:
	.size	__arm_cp.0_1, .Lcpi_end1-__arm_cp.0_1
.Lfunc_end0:
	.size	GPIO_reservations, .Lfunc_end0-GPIO_reservations
	.cfi_endproc
	.cantunwind
	.fnend
                                        @ -- End function
	.hidden	set_pad_functions               @ -- Begin function set_pad_functions
	.globl	set_pad_functions
	.p2align	2
	.type	set_pad_functions,%function
	.code	16                              @ @set_pad_functions
	.thumb_func
set_pad_functions:
.Lfunc_begin1:
	.loc	3 127 0 is_stmt 1               @ ../src/platform/user_periph_setup.c:127:0
	.fnstart
	.cfi_startproc
@ %bb.0:
	.save	{r4, r5, r6, r7, lr}
	push	{r4, r5, r6, r7, lr}
	.cfi_def_cfa_offset 20
	.cfi_offset lr, -4
	.cfi_offset r7, -8
	.cfi_offset r6, -12
	.cfi_offset r5, -16
	.cfi_offset r4, -20
	.pad	#20
	sub	sp, #20
	.cfi_def_cfa_offset 40
	movs	r4, #0
.Ltmp16:
	.loc	3 139 5 prologue_end            @ ../src/platform/user_periph_setup.c:139:5
	str	r4, [sp]
	movs	r7, #3
	lsls	r2, r7, #8
	str	r7, [sp, #12]                   @ 4-byte Spill
	str	r2, [sp, #16]                   @ 4-byte Spill
	movs	r3, #4
	ldr	r6, __arm_cp.1_0
	mov	r0, r4
	mov	r1, r4
	blx	r6
.Ltmp17:
	.loc	3 140 5                         @ ../src/platform/user_periph_setup.c:140:5
	str	r4, [sp]
	movs	r5, #1
	str	r5, [sp, #8]                    @ 4-byte Spill
	mov	r0, r4
	mov	r1, r5
	mov	r2, r4
	mov	r3, r7
	blx	r6
.Ltmp18:
	.loc	3 147 5                         @ ../src/platform/user_periph_setup.c:147:5
	str	r4, [sp]
	lsls	r7, r5, #8
	movs	r1, #7
	mov	r0, r4
	mov	r2, r7
	mov	r3, r4
	ldr	r6, __arm_cp.1_0
	blx	r6
.Ltmp19:
	.loc	3 148 5                         @ ../src/platform/user_periph_setup.c:148:5
	str	r4, [sp]
	movs	r1, #6
	mov	r0, r4
	mov	r2, r7
	mov	r3, r4
	ldr	r6, __arm_cp.1_0
	blx	r6
.Ltmp20:
	.loc	3 152 5                         @ ../src/platform/user_periph_setup.c:152:5
	str	r4, [sp]
	mov	r0, r4
	ldr	r1, [sp, #12]                   @ 4-byte Reload
	ldr	r6, [sp, #16]                   @ 4-byte Reload
	mov	r2, r6
	mov	r3, r4
	ldr	r5, __arm_cp.1_0
	blx	r5
.Ltmp21:
	.loc	3 153 5                         @ ../src/platform/user_periph_setup.c:153:5
	str	r4, [sp]
	movs	r1, #11
	mov	r0, r4
	mov	r2, r6
	mov	r3, r4
	ldr	r6, __arm_cp.1_0
	blx	r6
.Ltmp22:
	.loc	3 0 5 is_stmt 0                 @ ../src/platform/user_periph_setup.c:0:5
	ldr	r5, [sp, #8]                    @ 4-byte Reload
	.loc	3 158 5 is_stmt 1               @ ../src/platform/user_periph_setup.c:158:5
	str	r5, [sp]
	movs	r1, #8
	movs	r3, #9
	mov	r0, r4
	mov	r2, r7
	blx	r6
.Ltmp23:
	.loc	3 159 5                         @ ../src/platform/user_periph_setup.c:159:5
	str	r5, [sp]
	movs	r1, #5
	movs	r3, #10
	mov	r0, r4
	mov	r2, r7
	blx	r6
.Ltmp24:
	.loc	3 160 1 epilogue_begin          @ ../src/platform/user_periph_setup.c:160:1
	add	sp, #20
	pop	{r4, r5, r6, r7, pc}
.Ltmp25:
	.loc	3 0 1 is_stmt 0                 @ :0:1
.Ltmp26:
	.p2align	2
@ %bb.1:
__arm_cp.1_0:
	.long	GPIO_ConfigurePin
.Lcpi_end2:
	.size	__arm_cp.1_0, .Lcpi_end2-__arm_cp.1_0
.Lfunc_end1:
	.size	set_pad_functions, .Lfunc_end1-set_pad_functions
	.cfi_endproc
	.cantunwind
	.fnend
                                        @ -- End function
	.hidden	periph_init                     @ -- Begin function periph_init
	.globl	periph_init
	.p2align	2
	.type	periph_init,%function
	.code	16                              @ @periph_init
	.thumb_func
periph_init:
.Lfunc_begin2:
	.loc	3 201 0 is_stmt 1               @ ../src/platform/user_periph_setup.c:201:0
	.fnstart
	.cfi_startproc
@ %bb.0:
	.save	{r4, r5, r6, lr}
	.pad	#8
	push	{r2, r3, r4, r5, r6, lr}
	.cfi_def_cfa_offset 24
	.cfi_offset lr, -4
	.cfi_offset r6, -8
	.cfi_offset r5, -12
	.cfi_offset r4, -16
	@DEBUG_VALUE: i <- [DW_OP_deref] $sp
	@DEBUG_VALUE: i <- [DW_OP_deref] $sp
	@DEBUG_VALUE: i <- [DW_OP_deref] $sp
	movs	r0, #27
.Ltmp27:
	.loc	3 209 5 prologue_end            @ ../src/platform/user_periph_setup.c:209:5
	bl	syscntl_dcdc_turn_on_in_boost
.Ltmp28:
	.loc	3 219 5                         @ ../src/platform/user_periph_setup.c:219:5
	bl	patch_func
.Ltmp29:
	.loc	3 223 5                         @ ../src/platform/user_periph_setup.c:223:5
	bl	set_pad_functions
.Ltmp30:
	.loc	3 0 5 is_stmt 0                 @ ../src/platform/user_periph_setup.c:0:5
	ldr	r5, __arm_cp.2_0
	movs	r6, #1
.Ltmp31:
	.loc	5 668 5 is_stmt 1               @ ./../../../../../sdk/platform/driver/gpio\gpio.h:668:5
	strh	r6, [r5]
	ldr	r4, __arm_cp.2_1
.Ltmp32:
	.loc	3 240 5                         @ ../src/platform/user_periph_setup.c:240:5
	ldr	r1, __arm_cp.2_2
	mov	r0, r4
	bl	uart_initialize
.Ltmp33:
	@DEBUG_VALUE: GPIO_set_pad_latch_en:pad_en <- 1
	.loc	5 615 5                         @ ./../../../../../sdk/platform/driver/gpio\gpio.h:615:5
	ldrh	r0, [r5, #12]
	orrs	r0, r6
	strh	r0, [r5, #12]
.Ltmp34:
	.loc	3 267 9                         @ ../src/platform/user_periph_setup.c:267:9
	ldr	r0, __arm_cp.2_3
	bl	i2c_init
.Ltmp35:
	.loc	3 0 9 is_stmt 0                 @ ../src/platform/user_periph_setup.c:0:9
	ldr	r0, __arm_cp.2_4
.Ltmp36:
	.loc	3 277 23 is_stmt 1              @ ../src/platform/user_periph_setup.c:277:23
	str	r0, [sp, #4]
	ldr	r0, __arm_cp.2_5
	str	r0, [sp]
	mov	r1, sp
	movs	r2, #7
	.loc	3 278 9                         @ ../src/platform/user_periph_setup.c:278:9
	mov	r0, r4
	bl	uart_write_buffer
.Ltmp37:
	.loc	3 279 9                         @ ../src/platform/user_periph_setup.c:279:9
	mov	r0, r4
	bl	uart_wait_tx_finish
.Ltmp38:
	.loc	3 0 9 is_stmt 0                 @ ../src/platform/user_periph_setup.c:0:9
	movs	r4, #0
	movs	r1, #3
.Ltmp39:
	.loc	3 288 5 is_stmt 1               @ ../src/platform/user_periph_setup.c:288:5
	mov	r0, r4
	bl	GPIO_SetActive
.Ltmp40:
	.loc	3 0 5 is_stmt 0                 @ ../src/platform/user_periph_setup.c:0:5
	ldr	r5, __arm_cp.2_6
	@DEBUG_VALUE: i <- $r4
.Ltmp41:
.LBB2_1:                                @ =>This Inner Loop Header: Depth=1
	.loc	3 289 0 is_stmt 1               @ ../src/platform/user_periph_setup.c:289:0
	str	r4, [sp]
.Ltmp42:
	@DEBUG_VALUE: i <- [DW_OP_deref] $sp
	.loc	3 289 30 is_stmt 0              @ ../src/platform/user_periph_setup.c:289:30
	ldr	r0, [sp]
.Ltmp43:
	.loc	3 289 5                         @ ../src/platform/user_periph_setup.c:289:5
	cmp	r0, r5
	bge	.LBB2_3
.Ltmp44:
@ %bb.2:                                @   in Loop: Header=BB2_1 Depth=1
	@DEBUG_VALUE: i <- [DW_OP_deref] $sp
	.loc	3 289 42                        @ ../src/platform/user_periph_setup.c:289:42
	ldr	r0, [sp]
	adds	r4, r0, #1
	@DEBUG_VALUE: i <- [DW_OP_deref] $sp
	.loc	3 289 5                         @ ../src/platform/user_periph_setup.c:289:5
	b	.LBB2_1
.Ltmp45:
.LBB2_3:
	.loc	3 0 5                           @ ../src/platform/user_periph_setup.c:0:5
	movs	r4, #0
	movs	r1, #3
	.loc	3 290 5 is_stmt 1               @ ../src/platform/user_periph_setup.c:290:5
	mov	r0, r4
	bl	GPIO_SetInactive
.Ltmp46:
	@DEBUG_VALUE: i <- $r4
.LBB2_4:                                @ =>This Inner Loop Header: Depth=1
	.loc	3 291 0                         @ ../src/platform/user_periph_setup.c:291:0
	str	r4, [sp]
.Ltmp47:
	@DEBUG_VALUE: i <- [DW_OP_deref] $sp
	.loc	3 291 30 is_stmt 0              @ ../src/platform/user_periph_setup.c:291:30
	ldr	r0, [sp]
.Ltmp48:
	.loc	3 291 5                         @ ../src/platform/user_periph_setup.c:291:5
	cmp	r0, r5
	bge	.LBB2_6
.Ltmp49:
@ %bb.5:                                @   in Loop: Header=BB2_4 Depth=1
	@DEBUG_VALUE: i <- [DW_OP_deref] $sp
	.loc	3 291 42                        @ ../src/platform/user_periph_setup.c:291:42
	ldr	r0, [sp]
	adds	r4, r0, #1
	@DEBUG_VALUE: i <- [DW_OP_deref] $sp
	.loc	3 291 5                         @ ../src/platform/user_periph_setup.c:291:5
	b	.LBB2_4
.Ltmp50:
.LBB2_6:
	.loc	3 0 5                           @ ../src/platform/user_periph_setup.c:0:5
	movs	r4, #0
	movs	r1, #3
	.loc	3 292 5 is_stmt 1               @ ../src/platform/user_periph_setup.c:292:5
	mov	r0, r4
	bl	GPIO_SetActive
.Ltmp51:
	@DEBUG_VALUE: i <- $r4
.LBB2_7:                                @ =>This Inner Loop Header: Depth=1
	.loc	3 293 0                         @ ../src/platform/user_periph_setup.c:293:0
	str	r4, [sp]
.Ltmp52:
	@DEBUG_VALUE: i <- [DW_OP_deref] $sp
	.loc	3 293 30 is_stmt 0              @ ../src/platform/user_periph_setup.c:293:30
	ldr	r0, [sp]
.Ltmp53:
	.loc	3 293 5                         @ ../src/platform/user_periph_setup.c:293:5
	cmp	r0, r5
	bge	.LBB2_9
.Ltmp54:
@ %bb.8:                                @   in Loop: Header=BB2_7 Depth=1
	@DEBUG_VALUE: i <- [DW_OP_deref] $sp
	.loc	3 293 42                        @ ../src/platform/user_periph_setup.c:293:42
	ldr	r0, [sp]
	adds	r4, r0, #1
	@DEBUG_VALUE: i <- [DW_OP_deref] $sp
	.loc	3 293 5                         @ ../src/platform/user_periph_setup.c:293:5
	b	.LBB2_7
.Ltmp55:
.LBB2_9:
	.loc	3 0 5                           @ ../src/platform/user_periph_setup.c:0:5
	movs	r0, #0
	movs	r1, #3
	.loc	3 294 5 is_stmt 1               @ ../src/platform/user_periph_setup.c:294:5
	bl	GPIO_SetInactive
.Ltmp56:
	.loc	3 302 1 epilogue_begin          @ ../src/platform/user_periph_setup.c:302:1
	pop	{r2, r3, r4, r5, r6, pc}
.Ltmp57:
	.loc	3 0 1 is_stmt 0                 @ :0:1
.Ltmp58:
	.p2align	2
@ %bb.10:
__arm_cp.2_0:
	.long	1342178048                      @ 0x50000300
.Lcpi_end3:
	.size	__arm_cp.2_0, .Lcpi_end3-__arm_cp.2_0
__arm_cp.2_1:
	.long	1342181632                      @ 0x50001100
.Lcpi_end4:
	.size	__arm_cp.2_1, .Lcpi_end4-__arm_cp.2_1
__arm_cp.2_2:
	.long	uart_cfg
.Lcpi_end5:
	.size	__arm_cp.2_2, .Lcpi_end5-__arm_cp.2_2
__arm_cp.2_3:
	.long	periph_init.i2c_cfg
.Lcpi_end6:
	.size	__arm_cp.2_3, .Lcpi_end6-__arm_cp.2_3
__arm_cp.2_4:
	.long	658763                          @ 0xa0d4b
.Lcpi_end7:
	.size	__arm_cp.2_4, .Lcpi_end7-__arm_cp.2_4
__arm_cp.2_5:
	.long	1331648328                      @ 0x4f5f5748
.Lcpi_end8:
	.size	__arm_cp.2_5, .Lcpi_end8-__arm_cp.2_5
__arm_cp.2_6:
	.long	50000                           @ 0xc350
.Lcpi_end9:
	.size	__arm_cp.2_6, .Lcpi_end9-__arm_cp.2_6
.Lfunc_end2:
	.size	periph_init, .Lfunc_end2-periph_init
	.cfi_endproc
	.cantunwind
	.fnend
                                        @ -- End function
	.type	periph_init.i2c_cfg,%object     @ @periph_init.i2c_cfg
	.section	.rodata.periph_init.i2c_cfg,"a",%progbits
	.p2align	1, 0x0
periph_init.i2c_cfg:
	.short	72                              @ 0x48
	.short	79                              @ 0x4f
	.short	8                               @ 0x8
	.short	23                              @ 0x17
	.byte	1                               @ 0x1
	.byte	1                               @ 0x1
	.byte	1                               @ 0x1
	.byte	0                               @ 0x0
	.short	56                              @ 0x38
	.byte	1                               @ 0x1
	.byte	1                               @ 0x1
	.size	periph_init.i2c_cfg, 16

	.type	uart_cfg,%object                @ @uart_cfg
	.section	.rodata.uart_cfg,"a",%progbits
	.p2align	2, 0x0
uart_cfg:
	.byte	11                              @ 0xb
	.byte	8                               @ 0x8
	.byte	0                               @ 0x0
	.byte	131                             @ 0x83
	.byte	0                               @ 0x0
	.zero	3
	.long	2                               @ 0x2
	.long	0
	.long	0
	.long	0
	.size	uart_cfg, 24

	.section	.debug_loc,"",%progbits
.Ldebug_loc0:
	.long	.Ltmp42-.Lfunc_begin0
	.long	.Ltmp45-.Lfunc_begin0
	.short	2                               @ Loc expr size
	.byte	125                             @ DW_OP_breg13
	.byte	0                               @ 0
	.long	0
	.long	0
.Ldebug_loc1:
	.long	.Ltmp47-.Lfunc_begin0
	.long	.Ltmp50-.Lfunc_begin0
	.short	2                               @ Loc expr size
	.byte	125                             @ DW_OP_breg13
	.byte	0                               @ 0
	.long	0
	.long	0
.Ldebug_loc2:
	.long	.Ltmp52-.Lfunc_begin0
	.long	.Ltmp55-.Lfunc_begin0
	.short	2                               @ Loc expr size
	.byte	125                             @ DW_OP_breg13
	.byte	0                               @ 0
	.long	0
	.long	0
	.section	.debug_abbrev,"",%progbits
	.byte	1                               @ Abbreviation Code
	.byte	17                              @ DW_TAG_compile_unit
	.byte	1                               @ DW_CHILDREN_yes
	.byte	37                              @ DW_AT_producer
	.byte	14                              @ DW_FORM_strp
	.byte	19                              @ DW_AT_language
	.byte	5                               @ DW_FORM_data2
	.byte	3                               @ DW_AT_name
	.byte	14                              @ DW_FORM_strp
	.byte	16                              @ DW_AT_stmt_list
	.byte	23                              @ DW_FORM_sec_offset
	.byte	27                              @ DW_AT_comp_dir
	.byte	14                              @ DW_FORM_strp
	.byte	17                              @ DW_AT_low_pc
	.byte	1                               @ DW_FORM_addr
	.byte	18                              @ DW_AT_high_pc
	.byte	6                               @ DW_FORM_data4
	.byte	0                               @ EOM(1)
	.byte	0                               @ EOM(2)
	.byte	2                               @ Abbreviation Code
	.byte	46                              @ DW_TAG_subprogram
	.byte	1                               @ DW_CHILDREN_yes
	.byte	17                              @ DW_AT_low_pc
	.byte	1                               @ DW_FORM_addr
	.byte	18                              @ DW_AT_high_pc
	.byte	6                               @ DW_FORM_data4
	.byte	64                              @ DW_AT_frame_base
	.byte	24                              @ DW_FORM_exprloc
	.ascii	"\227B"                         @ DW_AT_GNU_all_call_sites
	.byte	25                              @ DW_FORM_flag_present
	.byte	3                               @ DW_AT_name
	.byte	14                              @ DW_FORM_strp
	.byte	58                              @ DW_AT_decl_file
	.byte	11                              @ DW_FORM_data1
	.byte	59                              @ DW_AT_decl_line
	.byte	11                              @ DW_FORM_data1
	.byte	39                              @ DW_AT_prototyped
	.byte	25                              @ DW_FORM_flag_present
	.byte	63                              @ DW_AT_external
	.byte	25                              @ DW_FORM_flag_present
	.byte	0                               @ EOM(1)
	.byte	0                               @ EOM(2)
	.byte	3                               @ Abbreviation Code
	.byte	52                              @ DW_TAG_variable
	.byte	0                               @ DW_CHILDREN_no
	.byte	3                               @ DW_AT_name
	.byte	14                              @ DW_FORM_strp
	.byte	73                              @ DW_AT_type
	.byte	19                              @ DW_FORM_ref4
	.byte	58                              @ DW_AT_decl_file
	.byte	11                              @ DW_FORM_data1
	.byte	59                              @ DW_AT_decl_line
	.byte	11                              @ DW_FORM_data1
	.byte	2                               @ DW_AT_location
	.byte	24                              @ DW_FORM_exprloc
	.byte	0                               @ EOM(1)
	.byte	0                               @ EOM(2)
	.byte	4                               @ Abbreviation Code
	.byte	29                              @ DW_TAG_inlined_subroutine
	.byte	0                               @ DW_CHILDREN_no
	.byte	49                              @ DW_AT_abstract_origin
	.byte	19                              @ DW_FORM_ref4
	.byte	17                              @ DW_AT_low_pc
	.byte	1                               @ DW_FORM_addr
	.byte	18                              @ DW_AT_high_pc
	.byte	6                               @ DW_FORM_data4
	.byte	88                              @ DW_AT_call_file
	.byte	11                              @ DW_FORM_data1
	.byte	89                              @ DW_AT_call_line
	.byte	11                              @ DW_FORM_data1
	.byte	87                              @ DW_AT_call_column
	.byte	11                              @ DW_FORM_data1
	.byte	0                               @ EOM(1)
	.byte	0                               @ EOM(2)
	.byte	5                               @ Abbreviation Code
	.byte	29                              @ DW_TAG_inlined_subroutine
	.byte	1                               @ DW_CHILDREN_yes
	.byte	49                              @ DW_AT_abstract_origin
	.byte	19                              @ DW_FORM_ref4
	.byte	17                              @ DW_AT_low_pc
	.byte	1                               @ DW_FORM_addr
	.byte	18                              @ DW_AT_high_pc
	.byte	6                               @ DW_FORM_data4
	.byte	88                              @ DW_AT_call_file
	.byte	11                              @ DW_FORM_data1
	.byte	89                              @ DW_AT_call_line
	.byte	11                              @ DW_FORM_data1
	.byte	87                              @ DW_AT_call_column
	.byte	11                              @ DW_FORM_data1
	.byte	0                               @ EOM(1)
	.byte	0                               @ EOM(2)
	.byte	6                               @ Abbreviation Code
	.byte	5                               @ DW_TAG_formal_parameter
	.byte	0                               @ DW_CHILDREN_no
	.byte	28                              @ DW_AT_const_value
	.byte	15                              @ DW_FORM_udata
	.byte	49                              @ DW_AT_abstract_origin
	.byte	19                              @ DW_FORM_ref4
	.byte	0                               @ EOM(1)
	.byte	0                               @ EOM(2)
	.byte	7                               @ Abbreviation Code
	.byte	11                              @ DW_TAG_lexical_block
	.byte	1                               @ DW_CHILDREN_yes
	.byte	17                              @ DW_AT_low_pc
	.byte	1                               @ DW_FORM_addr
	.byte	18                              @ DW_AT_high_pc
	.byte	6                               @ DW_FORM_data4
	.byte	0                               @ EOM(1)
	.byte	0                               @ EOM(2)
	.byte	8                               @ Abbreviation Code
	.byte	52                              @ DW_TAG_variable
	.byte	0                               @ DW_CHILDREN_no
	.byte	2                               @ DW_AT_location
	.byte	24                              @ DW_FORM_exprloc
	.byte	3                               @ DW_AT_name
	.byte	14                              @ DW_FORM_strp
	.byte	58                              @ DW_AT_decl_file
	.byte	11                              @ DW_FORM_data1
	.byte	59                              @ DW_AT_decl_line
	.byte	5                               @ DW_FORM_data2
	.byte	73                              @ DW_AT_type
	.byte	19                              @ DW_FORM_ref4
	.byte	0                               @ EOM(1)
	.byte	0                               @ EOM(2)
	.byte	9                               @ Abbreviation Code
	.byte	52                              @ DW_TAG_variable
	.byte	0                               @ DW_CHILDREN_no
	.byte	2                               @ DW_AT_location
	.byte	23                              @ DW_FORM_sec_offset
	.byte	3                               @ DW_AT_name
	.byte	14                              @ DW_FORM_strp
	.byte	58                              @ DW_AT_decl_file
	.byte	11                              @ DW_FORM_data1
	.byte	59                              @ DW_AT_decl_line
	.byte	5                               @ DW_FORM_data2
	.byte	73                              @ DW_AT_type
	.byte	19                              @ DW_FORM_ref4
	.byte	0                               @ EOM(1)
	.byte	0                               @ EOM(2)
	.byte	10                              @ Abbreviation Code
	.byte	38                              @ DW_TAG_const_type
	.byte	0                               @ DW_CHILDREN_no
	.byte	73                              @ DW_AT_type
	.byte	19                              @ DW_FORM_ref4
	.byte	0                               @ EOM(1)
	.byte	0                               @ EOM(2)
	.byte	11                              @ Abbreviation Code
	.byte	22                              @ DW_TAG_typedef
	.byte	0                               @ DW_CHILDREN_no
	.byte	73                              @ DW_AT_type
	.byte	19                              @ DW_FORM_ref4
	.byte	3                               @ DW_AT_name
	.byte	14                              @ DW_FORM_strp
	.byte	58                              @ DW_AT_decl_file
	.byte	11                              @ DW_FORM_data1
	.byte	59                              @ DW_AT_decl_line
	.byte	5                               @ DW_FORM_data2
	.byte	0                               @ EOM(1)
	.byte	0                               @ EOM(2)
	.byte	12                              @ Abbreviation Code
	.byte	19                              @ DW_TAG_structure_type
	.byte	1                               @ DW_CHILDREN_yes
	.byte	11                              @ DW_AT_byte_size
	.byte	11                              @ DW_FORM_data1
	.byte	58                              @ DW_AT_decl_file
	.byte	11                              @ DW_FORM_data1
	.byte	59                              @ DW_AT_decl_line
	.byte	5                               @ DW_FORM_data2
	.byte	0                               @ EOM(1)
	.byte	0                               @ EOM(2)
	.byte	13                              @ Abbreviation Code
	.byte	13                              @ DW_TAG_member
	.byte	0                               @ DW_CHILDREN_no
	.byte	3                               @ DW_AT_name
	.byte	14                              @ DW_FORM_strp
	.byte	73                              @ DW_AT_type
	.byte	19                              @ DW_FORM_ref4
	.byte	58                              @ DW_AT_decl_file
	.byte	11                              @ DW_FORM_data1
	.byte	59                              @ DW_AT_decl_line
	.byte	5                               @ DW_FORM_data2
	.byte	56                              @ DW_AT_data_member_location
	.byte	11                              @ DW_FORM_data1
	.byte	0                               @ EOM(1)
	.byte	0                               @ EOM(2)
	.byte	14                              @ Abbreviation Code
	.byte	22                              @ DW_TAG_typedef
	.byte	0                               @ DW_CHILDREN_no
	.byte	73                              @ DW_AT_type
	.byte	19                              @ DW_FORM_ref4
	.byte	3                               @ DW_AT_name
	.byte	14                              @ DW_FORM_strp
	.byte	58                              @ DW_AT_decl_file
	.byte	11                              @ DW_FORM_data1
	.byte	59                              @ DW_AT_decl_line
	.byte	11                              @ DW_FORM_data1
	.byte	0                               @ EOM(1)
	.byte	0                               @ EOM(2)
	.byte	15                              @ Abbreviation Code
	.byte	36                              @ DW_TAG_base_type
	.byte	0                               @ DW_CHILDREN_no
	.byte	3                               @ DW_AT_name
	.byte	14                              @ DW_FORM_strp
	.byte	62                              @ DW_AT_encoding
	.byte	11                              @ DW_FORM_data1
	.byte	11                              @ DW_AT_byte_size
	.byte	11                              @ DW_FORM_data1
	.byte	0                               @ EOM(1)
	.byte	0                               @ EOM(2)
	.byte	16                              @ Abbreviation Code
	.byte	4                               @ DW_TAG_enumeration_type
	.byte	1                               @ DW_CHILDREN_yes
	.byte	73                              @ DW_AT_type
	.byte	19                              @ DW_FORM_ref4
	.byte	11                              @ DW_AT_byte_size
	.byte	11                              @ DW_FORM_data1
	.byte	58                              @ DW_AT_decl_file
	.byte	11                              @ DW_FORM_data1
	.byte	59                              @ DW_AT_decl_line
	.byte	5                               @ DW_FORM_data2
	.byte	0                               @ EOM(1)
	.byte	0                               @ EOM(2)
	.byte	17                              @ Abbreviation Code
	.byte	40                              @ DW_TAG_enumerator
	.byte	0                               @ DW_CHILDREN_no
	.byte	3                               @ DW_AT_name
	.byte	14                              @ DW_FORM_strp
	.byte	28                              @ DW_AT_const_value
	.byte	15                              @ DW_FORM_udata
	.byte	0                               @ EOM(1)
	.byte	0                               @ EOM(2)
	.byte	18                              @ Abbreviation Code
	.byte	13                              @ DW_TAG_member
	.byte	0                               @ DW_CHILDREN_no
	.byte	3                               @ DW_AT_name
	.byte	14                              @ DW_FORM_strp
	.byte	73                              @ DW_AT_type
	.byte	19                              @ DW_FORM_ref4
	.byte	58                              @ DW_AT_decl_file
	.byte	11                              @ DW_FORM_data1
	.byte	59                              @ DW_AT_decl_line
	.byte	5                               @ DW_FORM_data2
	.byte	13                              @ DW_AT_bit_size
	.byte	11                              @ DW_FORM_data1
	.byte	107                             @ DW_AT_data_bit_offset
	.byte	11                              @ DW_FORM_data1
	.byte	0                               @ EOM(1)
	.byte	0                               @ EOM(2)
	.byte	19                              @ Abbreviation Code
	.byte	4                               @ DW_TAG_enumeration_type
	.byte	1                               @ DW_CHILDREN_yes
	.byte	73                              @ DW_AT_type
	.byte	19                              @ DW_FORM_ref4
	.byte	11                              @ DW_AT_byte_size
	.byte	11                              @ DW_FORM_data1
	.byte	58                              @ DW_AT_decl_file
	.byte	11                              @ DW_FORM_data1
	.byte	59                              @ DW_AT_decl_line
	.byte	11                              @ DW_FORM_data1
	.byte	0                               @ EOM(1)
	.byte	0                               @ EOM(2)
	.byte	20                              @ Abbreviation Code
	.byte	15                              @ DW_TAG_pointer_type
	.byte	0                               @ DW_CHILDREN_no
	.byte	73                              @ DW_AT_type
	.byte	19                              @ DW_FORM_ref4
	.byte	0                               @ EOM(1)
	.byte	0                               @ EOM(2)
	.byte	21                              @ Abbreviation Code
	.byte	21                              @ DW_TAG_subroutine_type
	.byte	1                               @ DW_CHILDREN_yes
	.byte	39                              @ DW_AT_prototyped
	.byte	25                              @ DW_FORM_flag_present
	.byte	0                               @ EOM(1)
	.byte	0                               @ EOM(2)
	.byte	22                              @ Abbreviation Code
	.byte	5                               @ DW_TAG_formal_parameter
	.byte	0                               @ DW_CHILDREN_no
	.byte	73                              @ DW_AT_type
	.byte	19                              @ DW_FORM_ref4
	.byte	0                               @ EOM(1)
	.byte	0                               @ EOM(2)
	.byte	23                              @ Abbreviation Code
	.byte	19                              @ DW_TAG_structure_type
	.byte	1                               @ DW_CHILDREN_yes
	.byte	11                              @ DW_AT_byte_size
	.byte	5                               @ DW_FORM_data2
	.byte	58                              @ DW_AT_decl_file
	.byte	11                              @ DW_FORM_data1
	.byte	59                              @ DW_AT_decl_line
	.byte	11                              @ DW_FORM_data1
	.byte	0                               @ EOM(1)
	.byte	0                               @ EOM(2)
	.byte	24                              @ Abbreviation Code
	.byte	13                              @ DW_TAG_member
	.byte	0                               @ DW_CHILDREN_no
	.byte	3                               @ DW_AT_name
	.byte	14                              @ DW_FORM_strp
	.byte	73                              @ DW_AT_type
	.byte	19                              @ DW_FORM_ref4
	.byte	58                              @ DW_AT_decl_file
	.byte	11                              @ DW_FORM_data1
	.byte	59                              @ DW_AT_decl_line
	.byte	11                              @ DW_FORM_data1
	.byte	56                              @ DW_AT_data_member_location
	.byte	11                              @ DW_FORM_data1
	.byte	0                               @ EOM(1)
	.byte	0                               @ EOM(2)
	.byte	25                              @ Abbreviation Code
	.byte	53                              @ DW_TAG_volatile_type
	.byte	0                               @ DW_CHILDREN_no
	.byte	73                              @ DW_AT_type
	.byte	19                              @ DW_FORM_ref4
	.byte	0                               @ EOM(1)
	.byte	0                               @ EOM(2)
	.byte	26                              @ Abbreviation Code
	.byte	1                               @ DW_TAG_array_type
	.byte	1                               @ DW_CHILDREN_yes
	.byte	73                              @ DW_AT_type
	.byte	19                              @ DW_FORM_ref4
	.byte	0                               @ EOM(1)
	.byte	0                               @ EOM(2)
	.byte	27                              @ Abbreviation Code
	.byte	33                              @ DW_TAG_subrange_type
	.byte	0                               @ DW_CHILDREN_no
	.byte	73                              @ DW_AT_type
	.byte	19                              @ DW_FORM_ref4
	.byte	55                              @ DW_AT_count
	.byte	11                              @ DW_FORM_data1
	.byte	0                               @ EOM(1)
	.byte	0                               @ EOM(2)
	.byte	28                              @ Abbreviation Code
	.byte	36                              @ DW_TAG_base_type
	.byte	0                               @ DW_CHILDREN_no
	.byte	3                               @ DW_AT_name
	.byte	14                              @ DW_FORM_strp
	.byte	11                              @ DW_AT_byte_size
	.byte	11                              @ DW_FORM_data1
	.byte	62                              @ DW_AT_encoding
	.byte	11                              @ DW_FORM_data1
	.byte	0                               @ EOM(1)
	.byte	0                               @ EOM(2)
	.byte	29                              @ Abbreviation Code
	.byte	46                              @ DW_TAG_subprogram
	.byte	0                               @ DW_CHILDREN_no
	.byte	17                              @ DW_AT_low_pc
	.byte	1                               @ DW_FORM_addr
	.byte	18                              @ DW_AT_high_pc
	.byte	6                               @ DW_FORM_data4
	.byte	64                              @ DW_AT_frame_base
	.byte	24                              @ DW_FORM_exprloc
	.ascii	"\227B"                         @ DW_AT_GNU_all_call_sites
	.byte	25                              @ DW_FORM_flag_present
	.byte	3                               @ DW_AT_name
	.byte	14                              @ DW_FORM_strp
	.byte	58                              @ DW_AT_decl_file
	.byte	11                              @ DW_FORM_data1
	.byte	59                              @ DW_AT_decl_line
	.byte	11                              @ DW_FORM_data1
	.byte	39                              @ DW_AT_prototyped
	.byte	25                              @ DW_FORM_flag_present
	.byte	63                              @ DW_AT_external
	.byte	25                              @ DW_FORM_flag_present
	.byte	0                               @ EOM(1)
	.byte	0                               @ EOM(2)
	.byte	30                              @ Abbreviation Code
	.byte	46                              @ DW_TAG_subprogram
	.byte	0                               @ DW_CHILDREN_no
	.byte	3                               @ DW_AT_name
	.byte	14                              @ DW_FORM_strp
	.byte	58                              @ DW_AT_decl_file
	.byte	11                              @ DW_FORM_data1
	.byte	59                              @ DW_AT_decl_line
	.byte	5                               @ DW_FORM_data2
	.byte	39                              @ DW_AT_prototyped
	.byte	25                              @ DW_FORM_flag_present
	.byte	32                              @ DW_AT_inline
	.byte	11                              @ DW_FORM_data1
	.byte	0                               @ EOM(1)
	.byte	0                               @ EOM(2)
	.byte	31                              @ Abbreviation Code
	.byte	46                              @ DW_TAG_subprogram
	.byte	1                               @ DW_CHILDREN_yes
	.byte	3                               @ DW_AT_name
	.byte	14                              @ DW_FORM_strp
	.byte	58                              @ DW_AT_decl_file
	.byte	11                              @ DW_FORM_data1
	.byte	59                              @ DW_AT_decl_line
	.byte	5                               @ DW_FORM_data2
	.byte	39                              @ DW_AT_prototyped
	.byte	25                              @ DW_FORM_flag_present
	.byte	32                              @ DW_AT_inline
	.byte	11                              @ DW_FORM_data1
	.byte	0                               @ EOM(1)
	.byte	0                               @ EOM(2)
	.byte	32                              @ Abbreviation Code
	.byte	5                               @ DW_TAG_formal_parameter
	.byte	0                               @ DW_CHILDREN_no
	.byte	3                               @ DW_AT_name
	.byte	14                              @ DW_FORM_strp
	.byte	58                              @ DW_AT_decl_file
	.byte	11                              @ DW_FORM_data1
	.byte	59                              @ DW_AT_decl_line
	.byte	5                               @ DW_FORM_data2
	.byte	73                              @ DW_AT_type
	.byte	19                              @ DW_FORM_ref4
	.byte	0                               @ EOM(1)
	.byte	0                               @ EOM(2)
	.byte	0                               @ EOM(3)
	.section	.debug_info,"",%progbits
.Lcu_begin0:
	.long	.Ldebug_info_end0-.Ldebug_info_start0 @ Length of Unit
.Ldebug_info_start0:
	.short	4                               @ DWARF version number
	.long	.debug_abbrev                   @ Offset Into Abbrev. Section
	.byte	4                               @ Address Size (in bytes)
	.byte	1                               @ Abbrev [1] 0xb:0xb64 DW_TAG_compile_unit
	.long	.Linfo_string0                  @ DW_AT_producer
	.short	12                              @ DW_AT_language
	.long	.Linfo_string1                  @ DW_AT_name
	.long	.Lline_table_start0             @ DW_AT_stmt_list
	.long	.Linfo_string2                  @ DW_AT_comp_dir
	.long	.Lfunc_begin0                   @ DW_AT_low_pc
	.long	.Lfunc_end2-.Lfunc_begin0       @ DW_AT_high_pc
	.byte	2                               @ Abbrev [2] 0x26:0xb1 DW_TAG_subprogram
	.long	.Lfunc_begin2                   @ DW_AT_low_pc
	.long	.Lfunc_end2-.Lfunc_begin2       @ DW_AT_high_pc
	.byte	1                               @ DW_AT_frame_base
	.byte	93
                                        @ DW_AT_GNU_all_call_sites
	.long	.Linfo_string261                @ DW_AT_name
	.byte	3                               @ DW_AT_decl_file
	.byte	200                             @ DW_AT_decl_line
                                        @ DW_AT_prototyped
                                        @ DW_AT_external
	.byte	3                               @ Abbrev [3] 0x37:0x11 DW_TAG_variable
	.long	.Linfo_string3                  @ DW_AT_name
	.long	215                             @ DW_AT_type
	.byte	3                               @ DW_AT_decl_file
	.byte	254                             @ DW_AT_decl_line
	.byte	5                               @ DW_AT_location
	.byte	3
	.long	periph_init.i2c_cfg
	.byte	4                               @ Abbrev [4] 0x48:0x10 DW_TAG_inlined_subroutine
	.long	2859                            @ DW_AT_abstract_origin
	.long	.Ltmp31                         @ DW_AT_low_pc
	.long	.Ltmp32-.Ltmp31                 @ DW_AT_high_pc
	.byte	3                               @ DW_AT_call_file
	.byte	233                             @ DW_AT_call_line
	.byte	5                               @ DW_AT_call_column
	.byte	5                               @ Abbrev [5] 0x58:0x17 DW_TAG_inlined_subroutine
	.long	2868                            @ DW_AT_abstract_origin
	.long	.Ltmp33                         @ DW_AT_low_pc
	.long	.Ltmp34-.Ltmp33                 @ DW_AT_high_pc
	.byte	3                               @ DW_AT_call_file
	.byte	247                             @ DW_AT_call_line
	.byte	5                               @ DW_AT_call_column
	.byte	6                               @ Abbrev [6] 0x68:0x6 DW_TAG_formal_parameter
	.byte	1                               @ DW_AT_const_value
	.long	2877                            @ DW_AT_abstract_origin
	.byte	0                               @ End Of Children Mark
	.byte	7                               @ Abbrev [7] 0x6f:0x19 DW_TAG_lexical_block
	.long	.Ltmp36                         @ DW_AT_low_pc
	.long	.Ltmp39-.Ltmp36                 @ DW_AT_high_pc
	.byte	8                               @ Abbrev [8] 0x78:0xf DW_TAG_variable
	.byte	2                               @ DW_AT_location
	.byte	145
	.byte	0
	.long	.Linfo_string262                @ DW_AT_name
	.byte	3                               @ DW_AT_decl_file
	.short	277                             @ DW_AT_decl_line
	.long	2897                            @ DW_AT_type
	.byte	0                               @ End Of Children Mark
	.byte	7                               @ Abbrev [7] 0x88:0x1a DW_TAG_lexical_block
	.long	.Ltmp41                         @ DW_AT_low_pc
	.long	.Ltmp45-.Ltmp41                 @ DW_AT_high_pc
	.byte	9                               @ Abbrev [9] 0x91:0x10 DW_TAG_variable
	.long	.Ldebug_loc0                    @ DW_AT_location
	.long	.Linfo_string263                @ DW_AT_name
	.byte	3                               @ DW_AT_decl_file
	.short	289                             @ DW_AT_decl_line
	.long	2914                            @ DW_AT_type
	.byte	0                               @ End Of Children Mark
	.byte	7                               @ Abbrev [7] 0xa2:0x1a DW_TAG_lexical_block
	.long	.Ltmp46                         @ DW_AT_low_pc
	.long	.Ltmp50-.Ltmp46                 @ DW_AT_high_pc
	.byte	9                               @ Abbrev [9] 0xab:0x10 DW_TAG_variable
	.long	.Ldebug_loc1                    @ DW_AT_location
	.long	.Linfo_string263                @ DW_AT_name
	.byte	3                               @ DW_AT_decl_file
	.short	291                             @ DW_AT_decl_line
	.long	2914                            @ DW_AT_type
	.byte	0                               @ End Of Children Mark
	.byte	7                               @ Abbrev [7] 0xbc:0x1a DW_TAG_lexical_block
	.long	.Ltmp51                         @ DW_AT_low_pc
	.long	.Ltmp55-.Ltmp51                 @ DW_AT_high_pc
	.byte	9                               @ Abbrev [9] 0xc5:0x10 DW_TAG_variable
	.long	.Ldebug_loc2                    @ DW_AT_location
	.long	.Linfo_string263                @ DW_AT_name
	.byte	3                               @ DW_AT_decl_file
	.short	293                             @ DW_AT_decl_line
	.long	2914                            @ DW_AT_type
	.byte	0                               @ End Of Children Mark
	.byte	0                               @ End Of Children Mark
	.byte	10                              @ Abbrev [10] 0xd7:0x5 DW_TAG_const_type
	.long	220                             @ DW_AT_type
	.byte	11                              @ Abbrev [11] 0xdc:0xc DW_TAG_typedef
	.long	232                             @ DW_AT_type
	.long	.Linfo_string32                 @ DW_AT_name
	.byte	2                               @ DW_AT_decl_file
	.short	485                             @ DW_AT_decl_line
	.byte	12                              @ Abbrev [12] 0xe8:0xa8 DW_TAG_structure_type
	.byte	16                              @ DW_AT_byte_size
	.byte	2                               @ DW_AT_decl_file
	.short	444                             @ DW_AT_decl_line
	.byte	13                              @ Abbrev [13] 0xed:0xd DW_TAG_member
	.long	.Linfo_string4                  @ DW_AT_name
	.long	250                             @ DW_AT_type
	.byte	2                               @ DW_AT_decl_file
	.short	461                             @ DW_AT_decl_line
	.byte	0                               @ DW_AT_data_member_location
	.byte	12                              @ Abbrev [12] 0xfa:0x3a DW_TAG_structure_type
	.byte	8                               @ DW_AT_byte_size
	.byte	2                               @ DW_AT_decl_file
	.short	447                             @ DW_AT_decl_line
	.byte	13                              @ Abbrev [13] 0xff:0xd DW_TAG_member
	.long	.Linfo_string5                  @ DW_AT_name
	.long	400                             @ DW_AT_type
	.byte	2                               @ DW_AT_decl_file
	.short	450                             @ DW_AT_decl_line
	.byte	0                               @ DW_AT_data_member_location
	.byte	13                              @ Abbrev [13] 0x10c:0xd DW_TAG_member
	.long	.Linfo_string8                  @ DW_AT_name
	.long	400                             @ DW_AT_type
	.byte	2                               @ DW_AT_decl_file
	.short	453                             @ DW_AT_decl_line
	.byte	2                               @ DW_AT_data_member_location
	.byte	13                              @ Abbrev [13] 0x119:0xd DW_TAG_member
	.long	.Linfo_string9                  @ DW_AT_name
	.long	400                             @ DW_AT_type
	.byte	2                               @ DW_AT_decl_file
	.short	456                             @ DW_AT_decl_line
	.byte	4                               @ DW_AT_data_member_location
	.byte	13                              @ Abbrev [13] 0x126:0xd DW_TAG_member
	.long	.Linfo_string10                 @ DW_AT_name
	.long	400                             @ DW_AT_type
	.byte	2                               @ DW_AT_decl_file
	.short	459                             @ DW_AT_decl_line
	.byte	6                               @ DW_AT_data_member_location
	.byte	0                               @ End Of Children Mark
	.byte	13                              @ Abbrev [13] 0x134:0xd DW_TAG_member
	.long	.Linfo_string11                 @ DW_AT_name
	.long	418                             @ DW_AT_type
	.byte	2                               @ DW_AT_decl_file
	.short	465                             @ DW_AT_decl_line
	.byte	8                               @ DW_AT_data_member_location
	.byte	13                              @ Abbrev [13] 0x141:0xd DW_TAG_member
	.long	.Linfo_string16                 @ DW_AT_name
	.long	459                             @ DW_AT_type
	.byte	2                               @ DW_AT_decl_file
	.short	468                             @ DW_AT_decl_line
	.byte	9                               @ DW_AT_data_member_location
	.byte	13                              @ Abbrev [13] 0x14e:0xd DW_TAG_member
	.long	.Linfo_string20                 @ DW_AT_name
	.long	493                             @ DW_AT_type
	.byte	2                               @ DW_AT_decl_file
	.short	471                             @ DW_AT_decl_line
	.byte	10                              @ DW_AT_data_member_location
	.byte	13                              @ Abbrev [13] 0x15b:0xd DW_TAG_member
	.long	.Linfo_string24                 @ DW_AT_name
	.long	527                             @ DW_AT_type
	.byte	2                               @ DW_AT_decl_file
	.short	474                             @ DW_AT_decl_line
	.byte	11                              @ DW_AT_data_member_location
	.byte	13                              @ Abbrev [13] 0x168:0xd DW_TAG_member
	.long	.Linfo_string28                 @ DW_AT_name
	.long	400                             @ DW_AT_type
	.byte	2                               @ DW_AT_decl_file
	.short	477                             @ DW_AT_decl_line
	.byte	12                              @ DW_AT_data_member_location
	.byte	13                              @ Abbrev [13] 0x175:0xd DW_TAG_member
	.long	.Linfo_string29                 @ DW_AT_name
	.long	561                             @ DW_AT_type
	.byte	2                               @ DW_AT_decl_file
	.short	480                             @ DW_AT_decl_line
	.byte	14                              @ DW_AT_data_member_location
	.byte	13                              @ Abbrev [13] 0x182:0xd DW_TAG_member
	.long	.Linfo_string31                 @ DW_AT_name
	.long	561                             @ DW_AT_type
	.byte	2                               @ DW_AT_decl_file
	.short	483                             @ DW_AT_decl_line
	.byte	15                              @ DW_AT_data_member_location
	.byte	0                               @ End Of Children Mark
	.byte	14                              @ Abbrev [14] 0x190:0xb DW_TAG_typedef
	.long	411                             @ DW_AT_type
	.long	.Linfo_string7                  @ DW_AT_name
	.byte	1                               @ DW_AT_decl_file
	.byte	63                              @ DW_AT_decl_line
	.byte	15                              @ Abbrev [15] 0x19b:0x7 DW_TAG_base_type
	.long	.Linfo_string6                  @ DW_AT_name
	.byte	7                               @ DW_AT_encoding
	.byte	2                               @ DW_AT_byte_size
	.byte	11                              @ Abbrev [11] 0x1a2:0xc DW_TAG_typedef
	.long	430                             @ DW_AT_type
	.long	.Linfo_string15                 @ DW_AT_name
	.byte	2                               @ DW_AT_decl_file
	.short	294                             @ DW_AT_decl_line
	.byte	16                              @ Abbrev [16] 0x1ae:0x16 DW_TAG_enumeration_type
	.long	452                             @ DW_AT_type
	.byte	1                               @ DW_AT_byte_size
	.byte	2                               @ DW_AT_decl_file
	.short	286                             @ DW_AT_decl_line
	.byte	17                              @ Abbrev [17] 0x1b7:0x6 DW_TAG_enumerator
	.long	.Linfo_string13                 @ DW_AT_name
	.byte	0                               @ DW_AT_const_value
	.byte	17                              @ Abbrev [17] 0x1bd:0x6 DW_TAG_enumerator
	.long	.Linfo_string14                 @ DW_AT_name
	.byte	1                               @ DW_AT_const_value
	.byte	0                               @ End Of Children Mark
	.byte	15                              @ Abbrev [15] 0x1c4:0x7 DW_TAG_base_type
	.long	.Linfo_string12                 @ DW_AT_name
	.byte	8                               @ DW_AT_encoding
	.byte	1                               @ DW_AT_byte_size
	.byte	11                              @ Abbrev [11] 0x1cb:0xc DW_TAG_typedef
	.long	471                             @ DW_AT_type
	.long	.Linfo_string19                 @ DW_AT_name
	.byte	2                               @ DW_AT_decl_file
	.short	315                             @ DW_AT_decl_line
	.byte	16                              @ Abbrev [16] 0x1d7:0x16 DW_TAG_enumeration_type
	.long	452                             @ DW_AT_type
	.byte	1                               @ DW_AT_byte_size
	.byte	2                               @ DW_AT_decl_file
	.short	307                             @ DW_AT_decl_line
	.byte	17                              @ Abbrev [17] 0x1e0:0x6 DW_TAG_enumerator
	.long	.Linfo_string17                 @ DW_AT_name
	.byte	1                               @ DW_AT_const_value
	.byte	17                              @ Abbrev [17] 0x1e6:0x6 DW_TAG_enumerator
	.long	.Linfo_string18                 @ DW_AT_name
	.byte	0                               @ DW_AT_const_value
	.byte	0                               @ End Of Children Mark
	.byte	11                              @ Abbrev [11] 0x1ed:0xc DW_TAG_typedef
	.long	505                             @ DW_AT_type
	.long	.Linfo_string23                 @ DW_AT_name
	.byte	2                               @ DW_AT_decl_file
	.short	283                             @ DW_AT_decl_line
	.byte	16                              @ Abbrev [16] 0x1f9:0x16 DW_TAG_enumeration_type
	.long	452                             @ DW_AT_type
	.byte	1                               @ DW_AT_byte_size
	.byte	2                               @ DW_AT_decl_file
	.short	275                             @ DW_AT_decl_line
	.byte	17                              @ Abbrev [17] 0x202:0x6 DW_TAG_enumerator
	.long	.Linfo_string21                 @ DW_AT_name
	.byte	0                               @ DW_AT_const_value
	.byte	17                              @ Abbrev [17] 0x208:0x6 DW_TAG_enumerator
	.long	.Linfo_string22                 @ DW_AT_name
	.byte	1                               @ DW_AT_const_value
	.byte	0                               @ End Of Children Mark
	.byte	11                              @ Abbrev [11] 0x20f:0xc DW_TAG_typedef
	.long	539                             @ DW_AT_type
	.long	.Linfo_string27                 @ DW_AT_name
	.byte	2                               @ DW_AT_decl_file
	.short	304                             @ DW_AT_decl_line
	.byte	16                              @ Abbrev [16] 0x21b:0x16 DW_TAG_enumeration_type
	.long	452                             @ DW_AT_type
	.byte	1                               @ DW_AT_byte_size
	.byte	2                               @ DW_AT_decl_file
	.short	297                             @ DW_AT_decl_line
	.byte	17                              @ Abbrev [17] 0x224:0x6 DW_TAG_enumerator
	.long	.Linfo_string25                 @ DW_AT_name
	.byte	0                               @ DW_AT_const_value
	.byte	17                              @ Abbrev [17] 0x22a:0x6 DW_TAG_enumerator
	.long	.Linfo_string26                 @ DW_AT_name
	.byte	1                               @ DW_AT_const_value
	.byte	0                               @ End Of Children Mark
	.byte	14                              @ Abbrev [14] 0x231:0xb DW_TAG_typedef
	.long	452                             @ DW_AT_type
	.long	.Linfo_string30                 @ DW_AT_name
	.byte	1                               @ DW_AT_decl_file
	.byte	62                              @ DW_AT_decl_line
	.byte	3                               @ Abbrev [3] 0x23c:0x11 DW_TAG_variable
	.long	.Linfo_string33                 @ DW_AT_name
	.long	589                             @ DW_AT_type
	.byte	3                               @ DW_AT_decl_file
	.byte	171                             @ DW_AT_decl_line
	.byte	5                               @ DW_AT_location
	.byte	3
	.long	uart_cfg
	.byte	10                              @ Abbrev [10] 0x24d:0x5 DW_TAG_const_type
	.long	594                             @ DW_AT_type
	.byte	11                              @ Abbrev [11] 0x252:0xc DW_TAG_typedef
	.long	606                             @ DW_AT_type
	.long	.Linfo_string175                @ DW_AT_name
	.byte	4                               @ DW_AT_decl_file
	.short	463                             @ DW_AT_decl_line
	.byte	12                              @ Abbrev [12] 0x25e:0xaa DW_TAG_structure_type
	.byte	24                              @ DW_AT_byte_size
	.byte	4                               @ DW_AT_decl_file
	.short	418                             @ DW_AT_decl_line
	.byte	18                              @ Abbrev [18] 0x263:0xe DW_TAG_member
	.long	.Linfo_string34                 @ DW_AT_name
	.long	776                             @ DW_AT_type
	.byte	4                               @ DW_AT_decl_file
	.short	421                             @ DW_AT_decl_line
	.byte	24                              @ DW_AT_bit_size
	.byte	0                               @ DW_AT_data_bit_offset
	.byte	18                              @ Abbrev [18] 0x271:0xe DW_TAG_member
	.long	.Linfo_string51                 @ DW_AT_name
	.long	906                             @ DW_AT_type
	.byte	4                               @ DW_AT_decl_file
	.short	424                             @ DW_AT_decl_line
	.byte	3                               @ DW_AT_bit_size
	.byte	24                              @ DW_AT_data_bit_offset
	.byte	18                              @ Abbrev [18] 0x27f:0xe DW_TAG_member
	.long	.Linfo_string57                 @ DW_AT_name
	.long	952                             @ DW_AT_type
	.byte	4                               @ DW_AT_decl_file
	.short	427                             @ DW_AT_decl_line
	.byte	2                               @ DW_AT_bit_size
	.byte	27                              @ DW_AT_data_bit_offset
	.byte	18                              @ Abbrev [18] 0x28d:0xe DW_TAG_member
	.long	.Linfo_string62                 @ DW_AT_name
	.long	992                             @ DW_AT_type
	.byte	4                               @ DW_AT_decl_file
	.short	430                             @ DW_AT_decl_line
	.byte	1                               @ DW_AT_bit_size
	.byte	29                              @ DW_AT_data_bit_offset
	.byte	18                              @ Abbrev [18] 0x29b:0xe DW_TAG_member
	.long	.Linfo_string66                 @ DW_AT_name
	.long	1026                            @ DW_AT_type
	.byte	4                               @ DW_AT_decl_file
	.short	433                             @ DW_AT_decl_line
	.byte	1                               @ DW_AT_bit_size
	.byte	30                              @ DW_AT_data_bit_offset
	.byte	18                              @ Abbrev [18] 0x2a9:0xe DW_TAG_member
	.long	.Linfo_string70                 @ DW_AT_name
	.long	1060                            @ DW_AT_type
	.byte	4                               @ DW_AT_decl_file
	.short	436                             @ DW_AT_decl_line
	.byte	1                               @ DW_AT_bit_size
	.byte	31                              @ DW_AT_data_bit_offset
	.byte	18                              @ Abbrev [18] 0x2b7:0xe DW_TAG_member
	.long	.Linfo_string74                 @ DW_AT_name
	.long	1094                            @ DW_AT_type
	.byte	4                               @ DW_AT_decl_file
	.short	439                             @ DW_AT_decl_line
	.byte	2                               @ DW_AT_bit_size
	.byte	32                              @ DW_AT_data_bit_offset
	.byte	18                              @ Abbrev [18] 0x2c5:0xe DW_TAG_member
	.long	.Linfo_string80                 @ DW_AT_name
	.long	1140                            @ DW_AT_type
	.byte	4                               @ DW_AT_decl_file
	.short	442                             @ DW_AT_decl_line
	.byte	2                               @ DW_AT_bit_size
	.byte	34                              @ DW_AT_data_bit_offset
	.byte	13                              @ Abbrev [13] 0x2d3:0xd DW_TAG_member
	.long	.Linfo_string86                 @ DW_AT_name
	.long	1186                            @ DW_AT_type
	.byte	4                               @ DW_AT_decl_file
	.short	445                             @ DW_AT_decl_line
	.byte	8                               @ DW_AT_data_member_location
	.byte	13                              @ Abbrev [13] 0x2e0:0xd DW_TAG_member
	.long	.Linfo_string88                 @ DW_AT_name
	.long	1197                            @ DW_AT_type
	.byte	4                               @ DW_AT_decl_file
	.short	448                             @ DW_AT_decl_line
	.byte	12                              @ DW_AT_data_member_location
	.byte	13                              @ Abbrev [13] 0x2ed:0xd DW_TAG_member
	.long	.Linfo_string172                @ DW_AT_name
	.long	2268                            @ DW_AT_type
	.byte	4                               @ DW_AT_decl_file
	.short	451                             @ DW_AT_decl_line
	.byte	16                              @ DW_AT_data_member_location
	.byte	13                              @ Abbrev [13] 0x2fa:0xd DW_TAG_member
	.long	.Linfo_string174                @ DW_AT_name
	.long	2268                            @ DW_AT_type
	.byte	4                               @ DW_AT_decl_file
	.short	454                             @ DW_AT_decl_line
	.byte	20                              @ DW_AT_data_member_location
	.byte	0                               @ End Of Children Mark
	.byte	11                              @ Abbrev [11] 0x308:0xc DW_TAG_typedef
	.long	788                             @ DW_AT_type
	.long	.Linfo_string50                 @ DW_AT_name
	.byte	4                               @ DW_AT_decl_file
	.short	276                             @ DW_AT_decl_line
	.byte	19                              @ Abbrev [19] 0x314:0x6f DW_TAG_enumeration_type
	.long	899                             @ DW_AT_type
	.byte	4                               @ DW_AT_byte_size
	.byte	4                               @ DW_AT_decl_file
	.byte	234                             @ DW_AT_decl_line
	.byte	17                              @ Abbrev [17] 0x31c:0x7 DW_TAG_enumerator
	.long	.Linfo_string36                 @ DW_AT_name
	.ascii	"\200\002"                      @ DW_AT_const_value
	.byte	17                              @ Abbrev [17] 0x323:0x7 DW_TAG_enumerator
	.long	.Linfo_string37                 @ DW_AT_name
	.ascii	"\201\002"                      @ DW_AT_const_value
	.byte	17                              @ Abbrev [17] 0x32a:0x7 DW_TAG_enumerator
	.long	.Linfo_string38                 @ DW_AT_name
	.ascii	"\200\004"                      @ DW_AT_const_value
	.byte	17                              @ Abbrev [17] 0x331:0x7 DW_TAG_enumerator
	.long	.Linfo_string39                 @ DW_AT_name
	.ascii	"\203\004"                      @ DW_AT_const_value
	.byte	17                              @ Abbrev [17] 0x338:0x7 DW_TAG_enumerator
	.long	.Linfo_string40                 @ DW_AT_name
	.ascii	"\205\b"                        @ DW_AT_const_value
	.byte	17                              @ Abbrev [17] 0x33f:0x7 DW_TAG_enumerator
	.long	.Linfo_string41                 @ DW_AT_name
	.ascii	"\213\020"                      @ DW_AT_const_value
	.byte	17                              @ Abbrev [17] 0x346:0x7 DW_TAG_enumerator
	.long	.Linfo_string42                 @ DW_AT_name
	.ascii	"\206\""                        @ DW_AT_const_value
	.byte	17                              @ Abbrev [17] 0x34d:0x7 DW_TAG_enumerator
	.long	.Linfo_string43                 @ DW_AT_name
	.ascii	"\2014"                         @ DW_AT_const_value
	.byte	17                              @ Abbrev [17] 0x354:0x7 DW_TAG_enumerator
	.long	.Linfo_string44                 @ DW_AT_name
	.ascii	"\214D"                         @ DW_AT_const_value
	.byte	17                              @ Abbrev [17] 0x35b:0x7 DW_TAG_enumerator
	.long	.Linfo_string45                 @ DW_AT_name
	.ascii	"\201h"                         @ DW_AT_const_value
	.byte	17                              @ Abbrev [17] 0x362:0x8 DW_TAG_enumerator
	.long	.Linfo_string46                 @ DW_AT_name
	.ascii	"\207\212\001"                  @ DW_AT_const_value
	.byte	17                              @ Abbrev [17] 0x36a:0x8 DW_TAG_enumerator
	.long	.Linfo_string47                 @ DW_AT_name
	.ascii	"\203\320\001"                  @ DW_AT_const_value
	.byte	17                              @ Abbrev [17] 0x372:0x8 DW_TAG_enumerator
	.long	.Linfo_string48                 @ DW_AT_name
	.ascii	"\205\240\003"                  @ DW_AT_const_value
	.byte	17                              @ Abbrev [17] 0x37a:0x8 DW_TAG_enumerator
	.long	.Linfo_string49                 @ DW_AT_name
	.ascii	"\213\300\006"                  @ DW_AT_const_value
	.byte	0                               @ End Of Children Mark
	.byte	15                              @ Abbrev [15] 0x383:0x7 DW_TAG_base_type
	.long	.Linfo_string35                 @ DW_AT_name
	.byte	7                               @ DW_AT_encoding
	.byte	4                               @ DW_AT_byte_size
	.byte	11                              @ Abbrev [11] 0x38a:0xc DW_TAG_typedef
	.long	918                             @ DW_AT_type
	.long	.Linfo_string56                 @ DW_AT_name
	.byte	4                               @ DW_AT_decl_file
	.short	298                             @ DW_AT_decl_line
	.byte	16                              @ Abbrev [16] 0x396:0x22 DW_TAG_enumeration_type
	.long	452                             @ DW_AT_type
	.byte	1                               @ DW_AT_byte_size
	.byte	4                               @ DW_AT_decl_file
	.short	286                             @ DW_AT_decl_line
	.byte	17                              @ Abbrev [17] 0x39f:0x6 DW_TAG_enumerator
	.long	.Linfo_string52                 @ DW_AT_name
	.byte	0                               @ DW_AT_const_value
	.byte	17                              @ Abbrev [17] 0x3a5:0x6 DW_TAG_enumerator
	.long	.Linfo_string53                 @ DW_AT_name
	.byte	1                               @ DW_AT_const_value
	.byte	17                              @ Abbrev [17] 0x3ab:0x6 DW_TAG_enumerator
	.long	.Linfo_string54                 @ DW_AT_name
	.byte	2                               @ DW_AT_const_value
	.byte	17                              @ Abbrev [17] 0x3b1:0x6 DW_TAG_enumerator
	.long	.Linfo_string55                 @ DW_AT_name
	.byte	3                               @ DW_AT_const_value
	.byte	0                               @ End Of Children Mark
	.byte	11                              @ Abbrev [11] 0x3b8:0xc DW_TAG_typedef
	.long	964                             @ DW_AT_type
	.long	.Linfo_string61                 @ DW_AT_name
	.byte	4                               @ DW_AT_decl_file
	.short	310                             @ DW_AT_decl_line
	.byte	16                              @ Abbrev [16] 0x3c4:0x1c DW_TAG_enumeration_type
	.long	452                             @ DW_AT_type
	.byte	1                               @ DW_AT_byte_size
	.byte	4                               @ DW_AT_decl_file
	.short	301                             @ DW_AT_decl_line
	.byte	17                              @ Abbrev [17] 0x3cd:0x6 DW_TAG_enumerator
	.long	.Linfo_string58                 @ DW_AT_name
	.byte	0                               @ DW_AT_const_value
	.byte	17                              @ Abbrev [17] 0x3d3:0x6 DW_TAG_enumerator
	.long	.Linfo_string59                 @ DW_AT_name
	.byte	1                               @ DW_AT_const_value
	.byte	17                              @ Abbrev [17] 0x3d9:0x6 DW_TAG_enumerator
	.long	.Linfo_string60                 @ DW_AT_name
	.byte	3                               @ DW_AT_const_value
	.byte	0                               @ End Of Children Mark
	.byte	11                              @ Abbrev [11] 0x3e0:0xc DW_TAG_typedef
	.long	1004                            @ DW_AT_type
	.long	.Linfo_string65                 @ DW_AT_name
	.byte	4                               @ DW_AT_decl_file
	.short	320                             @ DW_AT_decl_line
	.byte	16                              @ Abbrev [16] 0x3ec:0x16 DW_TAG_enumeration_type
	.long	452                             @ DW_AT_type
	.byte	1                               @ DW_AT_byte_size
	.byte	4                               @ DW_AT_decl_file
	.short	314                             @ DW_AT_decl_line
	.byte	17                              @ Abbrev [17] 0x3f5:0x6 DW_TAG_enumerator
	.long	.Linfo_string63                 @ DW_AT_name
	.byte	0                               @ DW_AT_const_value
	.byte	17                              @ Abbrev [17] 0x3fb:0x6 DW_TAG_enumerator
	.long	.Linfo_string64                 @ DW_AT_name
	.byte	1                               @ DW_AT_const_value
	.byte	0                               @ End Of Children Mark
	.byte	11                              @ Abbrev [11] 0x402:0xc DW_TAG_typedef
	.long	1038                            @ DW_AT_type
	.long	.Linfo_string69                 @ DW_AT_name
	.byte	4                               @ DW_AT_decl_file
	.short	329                             @ DW_AT_decl_line
	.byte	16                              @ Abbrev [16] 0x40e:0x16 DW_TAG_enumeration_type
	.long	452                             @ DW_AT_type
	.byte	1                               @ DW_AT_byte_size
	.byte	4                               @ DW_AT_decl_file
	.short	323                             @ DW_AT_decl_line
	.byte	17                              @ Abbrev [17] 0x417:0x6 DW_TAG_enumerator
	.long	.Linfo_string67                 @ DW_AT_name
	.byte	0                               @ DW_AT_const_value
	.byte	17                              @ Abbrev [17] 0x41d:0x6 DW_TAG_enumerator
	.long	.Linfo_string68                 @ DW_AT_name
	.byte	1                               @ DW_AT_const_value
	.byte	0                               @ End Of Children Mark
	.byte	11                              @ Abbrev [11] 0x424:0xc DW_TAG_typedef
	.long	1072                            @ DW_AT_type
	.long	.Linfo_string73                 @ DW_AT_name
	.byte	4                               @ DW_AT_decl_file
	.short	338                             @ DW_AT_decl_line
	.byte	16                              @ Abbrev [16] 0x430:0x16 DW_TAG_enumeration_type
	.long	452                             @ DW_AT_type
	.byte	1                               @ DW_AT_byte_size
	.byte	4                               @ DW_AT_decl_file
	.short	332                             @ DW_AT_decl_line
	.byte	17                              @ Abbrev [17] 0x439:0x6 DW_TAG_enumerator
	.long	.Linfo_string71                 @ DW_AT_name
	.byte	0                               @ DW_AT_const_value
	.byte	17                              @ Abbrev [17] 0x43f:0x6 DW_TAG_enumerator
	.long	.Linfo_string72                 @ DW_AT_name
	.byte	1                               @ DW_AT_const_value
	.byte	0                               @ End Of Children Mark
	.byte	11                              @ Abbrev [11] 0x446:0xc DW_TAG_typedef
	.long	1106                            @ DW_AT_type
	.long	.Linfo_string79                 @ DW_AT_name
	.byte	4                               @ DW_AT_decl_file
	.short	370                             @ DW_AT_decl_line
	.byte	16                              @ Abbrev [16] 0x452:0x22 DW_TAG_enumeration_type
	.long	452                             @ DW_AT_type
	.byte	1                               @ DW_AT_byte_size
	.byte	4                               @ DW_AT_decl_file
	.short	358                             @ DW_AT_decl_line
	.byte	17                              @ Abbrev [17] 0x45b:0x6 DW_TAG_enumerator
	.long	.Linfo_string75                 @ DW_AT_name
	.byte	0                               @ DW_AT_const_value
	.byte	17                              @ Abbrev [17] 0x461:0x6 DW_TAG_enumerator
	.long	.Linfo_string76                 @ DW_AT_name
	.byte	1                               @ DW_AT_const_value
	.byte	17                              @ Abbrev [17] 0x467:0x6 DW_TAG_enumerator
	.long	.Linfo_string77                 @ DW_AT_name
	.byte	2                               @ DW_AT_const_value
	.byte	17                              @ Abbrev [17] 0x46d:0x6 DW_TAG_enumerator
	.long	.Linfo_string78                 @ DW_AT_name
	.byte	3                               @ DW_AT_const_value
	.byte	0                               @ End Of Children Mark
	.byte	11                              @ Abbrev [11] 0x474:0xc DW_TAG_typedef
	.long	1152                            @ DW_AT_type
	.long	.Linfo_string85                 @ DW_AT_name
	.byte	4                               @ DW_AT_decl_file
	.short	354                             @ DW_AT_decl_line
	.byte	16                              @ Abbrev [16] 0x480:0x22 DW_TAG_enumeration_type
	.long	452                             @ DW_AT_type
	.byte	1                               @ DW_AT_byte_size
	.byte	4                               @ DW_AT_decl_file
	.short	342                             @ DW_AT_decl_line
	.byte	17                              @ Abbrev [17] 0x489:0x6 DW_TAG_enumerator
	.long	.Linfo_string81                 @ DW_AT_name
	.byte	0                               @ DW_AT_const_value
	.byte	17                              @ Abbrev [17] 0x48f:0x6 DW_TAG_enumerator
	.long	.Linfo_string82                 @ DW_AT_name
	.byte	1                               @ DW_AT_const_value
	.byte	17                              @ Abbrev [17] 0x495:0x6 DW_TAG_enumerator
	.long	.Linfo_string83                 @ DW_AT_name
	.byte	2                               @ DW_AT_const_value
	.byte	17                              @ Abbrev [17] 0x49b:0x6 DW_TAG_enumerator
	.long	.Linfo_string84                 @ DW_AT_name
	.byte	3                               @ DW_AT_const_value
	.byte	0                               @ End Of Children Mark
	.byte	14                              @ Abbrev [14] 0x4a2:0xb DW_TAG_typedef
	.long	899                             @ DW_AT_type
	.long	.Linfo_string87                 @ DW_AT_name
	.byte	1                               @ DW_AT_decl_file
	.byte	64                              @ DW_AT_decl_line
	.byte	11                              @ Abbrev [11] 0x4ad:0xc DW_TAG_typedef
	.long	1209                            @ DW_AT_type
	.long	.Linfo_string171                @ DW_AT_name
	.byte	4                               @ DW_AT_decl_file
	.short	415                             @ DW_AT_decl_line
	.byte	20                              @ Abbrev [20] 0x4b9:0x5 DW_TAG_pointer_type
	.long	1214                            @ DW_AT_type
	.byte	21                              @ Abbrev [21] 0x4be:0xc DW_TAG_subroutine_type
                                        @ DW_AT_prototyped
	.byte	22                              @ Abbrev [22] 0x4bf:0x5 DW_TAG_formal_parameter
	.long	1226                            @ DW_AT_type
	.byte	22                              @ Abbrev [22] 0x4c4:0x5 DW_TAG_formal_parameter
	.long	561                             @ DW_AT_type
	.byte	0                               @ End Of Children Mark
	.byte	20                              @ Abbrev [20] 0x4ca:0x5 DW_TAG_pointer_type
	.long	1231                            @ DW_AT_type
	.byte	14                              @ Abbrev [14] 0x4cf:0xb DW_TAG_typedef
	.long	1242                            @ DW_AT_type
	.long	.Linfo_string170                @ DW_AT_name
	.byte	4                               @ DW_AT_decl_file
	.byte	153                             @ DW_AT_decl_line
	.byte	23                              @ Abbrev [23] 0x4da:0x3c6 DW_TAG_structure_type
	.short	256                             @ DW_AT_byte_size
	.byte	4                               @ DW_AT_decl_file
	.byte	62                              @ DW_AT_decl_line
	.byte	24                              @ Abbrev [24] 0x4df:0xc DW_TAG_member
	.long	.Linfo_string89                 @ DW_AT_name
	.long	2208                            @ DW_AT_type
	.byte	4                               @ DW_AT_decl_file
	.byte	64                              @ DW_AT_decl_line
	.byte	0                               @ DW_AT_data_member_location
	.byte	24                              @ Abbrev [24] 0x4eb:0xc DW_TAG_member
	.long	.Linfo_string90                 @ DW_AT_name
	.long	400                             @ DW_AT_type
	.byte	4                               @ DW_AT_decl_file
	.byte	65                              @ DW_AT_decl_line
	.byte	2                               @ DW_AT_data_member_location
	.byte	24                              @ Abbrev [24] 0x4f7:0xc DW_TAG_member
	.long	.Linfo_string91                 @ DW_AT_name
	.long	2208                            @ DW_AT_type
	.byte	4                               @ DW_AT_decl_file
	.byte	66                              @ DW_AT_decl_line
	.byte	4                               @ DW_AT_data_member_location
	.byte	24                              @ Abbrev [24] 0x503:0xc DW_TAG_member
	.long	.Linfo_string92                 @ DW_AT_name
	.long	400                             @ DW_AT_type
	.byte	4                               @ DW_AT_decl_file
	.byte	67                              @ DW_AT_decl_line
	.byte	6                               @ DW_AT_data_member_location
	.byte	24                              @ Abbrev [24] 0x50f:0xc DW_TAG_member
	.long	.Linfo_string93                 @ DW_AT_name
	.long	2208                            @ DW_AT_type
	.byte	4                               @ DW_AT_decl_file
	.byte	68                              @ DW_AT_decl_line
	.byte	8                               @ DW_AT_data_member_location
	.byte	24                              @ Abbrev [24] 0x51b:0xc DW_TAG_member
	.long	.Linfo_string94                 @ DW_AT_name
	.long	400                             @ DW_AT_type
	.byte	4                               @ DW_AT_decl_file
	.byte	69                              @ DW_AT_decl_line
	.byte	10                              @ DW_AT_data_member_location
	.byte	24                              @ Abbrev [24] 0x527:0xc DW_TAG_member
	.long	.Linfo_string95                 @ DW_AT_name
	.long	2208                            @ DW_AT_type
	.byte	4                               @ DW_AT_decl_file
	.byte	70                              @ DW_AT_decl_line
	.byte	12                              @ DW_AT_data_member_location
	.byte	24                              @ Abbrev [24] 0x533:0xc DW_TAG_member
	.long	.Linfo_string96                 @ DW_AT_name
	.long	400                             @ DW_AT_type
	.byte	4                               @ DW_AT_decl_file
	.byte	71                              @ DW_AT_decl_line
	.byte	14                              @ DW_AT_data_member_location
	.byte	24                              @ Abbrev [24] 0x53f:0xc DW_TAG_member
	.long	.Linfo_string97                 @ DW_AT_name
	.long	2208                            @ DW_AT_type
	.byte	4                               @ DW_AT_decl_file
	.byte	72                              @ DW_AT_decl_line
	.byte	16                              @ DW_AT_data_member_location
	.byte	24                              @ Abbrev [24] 0x54b:0xc DW_TAG_member
	.long	.Linfo_string98                 @ DW_AT_name
	.long	400                             @ DW_AT_type
	.byte	4                               @ DW_AT_decl_file
	.byte	73                              @ DW_AT_decl_line
	.byte	18                              @ DW_AT_data_member_location
	.byte	24                              @ Abbrev [24] 0x557:0xc DW_TAG_member
	.long	.Linfo_string99                 @ DW_AT_name
	.long	2208                            @ DW_AT_type
	.byte	4                               @ DW_AT_decl_file
	.byte	74                              @ DW_AT_decl_line
	.byte	20                              @ DW_AT_data_member_location
	.byte	24                              @ Abbrev [24] 0x563:0xc DW_TAG_member
	.long	.Linfo_string100                @ DW_AT_name
	.long	400                             @ DW_AT_type
	.byte	4                               @ DW_AT_decl_file
	.byte	75                              @ DW_AT_decl_line
	.byte	22                              @ DW_AT_data_member_location
	.byte	24                              @ Abbrev [24] 0x56f:0xc DW_TAG_member
	.long	.Linfo_string101                @ DW_AT_name
	.long	2208                            @ DW_AT_type
	.byte	4                               @ DW_AT_decl_file
	.byte	76                              @ DW_AT_decl_line
	.byte	24                              @ DW_AT_data_member_location
	.byte	24                              @ Abbrev [24] 0x57b:0xc DW_TAG_member
	.long	.Linfo_string102                @ DW_AT_name
	.long	400                             @ DW_AT_type
	.byte	4                               @ DW_AT_decl_file
	.byte	77                              @ DW_AT_decl_line
	.byte	26                              @ DW_AT_data_member_location
	.byte	24                              @ Abbrev [24] 0x587:0xc DW_TAG_member
	.long	.Linfo_string103                @ DW_AT_name
	.long	2208                            @ DW_AT_type
	.byte	4                               @ DW_AT_decl_file
	.byte	78                              @ DW_AT_decl_line
	.byte	28                              @ DW_AT_data_member_location
	.byte	24                              @ Abbrev [24] 0x593:0xc DW_TAG_member
	.long	.Linfo_string104                @ DW_AT_name
	.long	2213                            @ DW_AT_type
	.byte	4                               @ DW_AT_decl_file
	.byte	79                              @ DW_AT_decl_line
	.byte	30                              @ DW_AT_data_member_location
	.byte	24                              @ Abbrev [24] 0x59f:0xc DW_TAG_member
	.long	.Linfo_string106                @ DW_AT_name
	.long	2208                            @ DW_AT_type
	.byte	4                               @ DW_AT_decl_file
	.byte	80                              @ DW_AT_decl_line
	.byte	48                              @ DW_AT_data_member_location
	.byte	24                              @ Abbrev [24] 0x5ab:0xc DW_TAG_member
	.long	.Linfo_string107                @ DW_AT_name
	.long	400                             @ DW_AT_type
	.byte	4                               @ DW_AT_decl_file
	.byte	81                              @ DW_AT_decl_line
	.byte	50                              @ DW_AT_data_member_location
	.byte	24                              @ Abbrev [24] 0x5b7:0xc DW_TAG_member
	.long	.Linfo_string108                @ DW_AT_name
	.long	2208                            @ DW_AT_type
	.byte	4                               @ DW_AT_decl_file
	.byte	82                              @ DW_AT_decl_line
	.byte	52                              @ DW_AT_data_member_location
	.byte	24                              @ Abbrev [24] 0x5c3:0xc DW_TAG_member
	.long	.Linfo_string109                @ DW_AT_name
	.long	400                             @ DW_AT_type
	.byte	4                               @ DW_AT_decl_file
	.byte	83                              @ DW_AT_decl_line
	.byte	54                              @ DW_AT_data_member_location
	.byte	24                              @ Abbrev [24] 0x5cf:0xc DW_TAG_member
	.long	.Linfo_string110                @ DW_AT_name
	.long	2208                            @ DW_AT_type
	.byte	4                               @ DW_AT_decl_file
	.byte	84                              @ DW_AT_decl_line
	.byte	56                              @ DW_AT_data_member_location
	.byte	24                              @ Abbrev [24] 0x5db:0xc DW_TAG_member
	.long	.Linfo_string111                @ DW_AT_name
	.long	400                             @ DW_AT_type
	.byte	4                               @ DW_AT_decl_file
	.byte	85                              @ DW_AT_decl_line
	.byte	58                              @ DW_AT_data_member_location
	.byte	24                              @ Abbrev [24] 0x5e7:0xc DW_TAG_member
	.long	.Linfo_string112                @ DW_AT_name
	.long	2208                            @ DW_AT_type
	.byte	4                               @ DW_AT_decl_file
	.byte	86                              @ DW_AT_decl_line
	.byte	60                              @ DW_AT_data_member_location
	.byte	24                              @ Abbrev [24] 0x5f3:0xc DW_TAG_member
	.long	.Linfo_string113                @ DW_AT_name
	.long	400                             @ DW_AT_type
	.byte	4                               @ DW_AT_decl_file
	.byte	87                              @ DW_AT_decl_line
	.byte	62                              @ DW_AT_data_member_location
	.byte	24                              @ Abbrev [24] 0x5ff:0xc DW_TAG_member
	.long	.Linfo_string114                @ DW_AT_name
	.long	2208                            @ DW_AT_type
	.byte	4                               @ DW_AT_decl_file
	.byte	88                              @ DW_AT_decl_line
	.byte	64                              @ DW_AT_data_member_location
	.byte	24                              @ Abbrev [24] 0x60b:0xc DW_TAG_member
	.long	.Linfo_string115                @ DW_AT_name
	.long	400                             @ DW_AT_type
	.byte	4                               @ DW_AT_decl_file
	.byte	89                              @ DW_AT_decl_line
	.byte	66                              @ DW_AT_data_member_location
	.byte	24                              @ Abbrev [24] 0x617:0xc DW_TAG_member
	.long	.Linfo_string116                @ DW_AT_name
	.long	2208                            @ DW_AT_type
	.byte	4                               @ DW_AT_decl_file
	.byte	90                              @ DW_AT_decl_line
	.byte	68                              @ DW_AT_data_member_location
	.byte	24                              @ Abbrev [24] 0x623:0xc DW_TAG_member
	.long	.Linfo_string117                @ DW_AT_name
	.long	400                             @ DW_AT_type
	.byte	4                               @ DW_AT_decl_file
	.byte	91                              @ DW_AT_decl_line
	.byte	70                              @ DW_AT_data_member_location
	.byte	24                              @ Abbrev [24] 0x62f:0xc DW_TAG_member
	.long	.Linfo_string118                @ DW_AT_name
	.long	2208                            @ DW_AT_type
	.byte	4                               @ DW_AT_decl_file
	.byte	92                              @ DW_AT_decl_line
	.byte	72                              @ DW_AT_data_member_location
	.byte	24                              @ Abbrev [24] 0x63b:0xc DW_TAG_member
	.long	.Linfo_string119                @ DW_AT_name
	.long	400                             @ DW_AT_type
	.byte	4                               @ DW_AT_decl_file
	.byte	93                              @ DW_AT_decl_line
	.byte	74                              @ DW_AT_data_member_location
	.byte	24                              @ Abbrev [24] 0x647:0xc DW_TAG_member
	.long	.Linfo_string120                @ DW_AT_name
	.long	2208                            @ DW_AT_type
	.byte	4                               @ DW_AT_decl_file
	.byte	94                              @ DW_AT_decl_line
	.byte	76                              @ DW_AT_data_member_location
	.byte	24                              @ Abbrev [24] 0x653:0xc DW_TAG_member
	.long	.Linfo_string121                @ DW_AT_name
	.long	400                             @ DW_AT_type
	.byte	4                               @ DW_AT_decl_file
	.byte	95                              @ DW_AT_decl_line
	.byte	78                              @ DW_AT_data_member_location
	.byte	24                              @ Abbrev [24] 0x65f:0xc DW_TAG_member
	.long	.Linfo_string122                @ DW_AT_name
	.long	2208                            @ DW_AT_type
	.byte	4                               @ DW_AT_decl_file
	.byte	96                              @ DW_AT_decl_line
	.byte	80                              @ DW_AT_data_member_location
	.byte	24                              @ Abbrev [24] 0x66b:0xc DW_TAG_member
	.long	.Linfo_string123                @ DW_AT_name
	.long	400                             @ DW_AT_type
	.byte	4                               @ DW_AT_decl_file
	.byte	97                              @ DW_AT_decl_line
	.byte	82                              @ DW_AT_data_member_location
	.byte	24                              @ Abbrev [24] 0x677:0xc DW_TAG_member
	.long	.Linfo_string124                @ DW_AT_name
	.long	2208                            @ DW_AT_type
	.byte	4                               @ DW_AT_decl_file
	.byte	98                              @ DW_AT_decl_line
	.byte	84                              @ DW_AT_data_member_location
	.byte	24                              @ Abbrev [24] 0x683:0xc DW_TAG_member
	.long	.Linfo_string125                @ DW_AT_name
	.long	400                             @ DW_AT_type
	.byte	4                               @ DW_AT_decl_file
	.byte	99                              @ DW_AT_decl_line
	.byte	86                              @ DW_AT_data_member_location
	.byte	24                              @ Abbrev [24] 0x68f:0xc DW_TAG_member
	.long	.Linfo_string126                @ DW_AT_name
	.long	2208                            @ DW_AT_type
	.byte	4                               @ DW_AT_decl_file
	.byte	100                             @ DW_AT_decl_line
	.byte	88                              @ DW_AT_data_member_location
	.byte	24                              @ Abbrev [24] 0x69b:0xc DW_TAG_member
	.long	.Linfo_string127                @ DW_AT_name
	.long	400                             @ DW_AT_type
	.byte	4                               @ DW_AT_decl_file
	.byte	101                             @ DW_AT_decl_line
	.byte	90                              @ DW_AT_data_member_location
	.byte	24                              @ Abbrev [24] 0x6a7:0xc DW_TAG_member
	.long	.Linfo_string128                @ DW_AT_name
	.long	2208                            @ DW_AT_type
	.byte	4                               @ DW_AT_decl_file
	.byte	102                             @ DW_AT_decl_line
	.byte	92                              @ DW_AT_data_member_location
	.byte	24                              @ Abbrev [24] 0x6b3:0xc DW_TAG_member
	.long	.Linfo_string129                @ DW_AT_name
	.long	400                             @ DW_AT_type
	.byte	4                               @ DW_AT_decl_file
	.byte	103                             @ DW_AT_decl_line
	.byte	94                              @ DW_AT_data_member_location
	.byte	24                              @ Abbrev [24] 0x6bf:0xc DW_TAG_member
	.long	.Linfo_string130                @ DW_AT_name
	.long	2208                            @ DW_AT_type
	.byte	4                               @ DW_AT_decl_file
	.byte	104                             @ DW_AT_decl_line
	.byte	96                              @ DW_AT_data_member_location
	.byte	24                              @ Abbrev [24] 0x6cb:0xc DW_TAG_member
	.long	.Linfo_string131                @ DW_AT_name
	.long	400                             @ DW_AT_type
	.byte	4                               @ DW_AT_decl_file
	.byte	105                             @ DW_AT_decl_line
	.byte	98                              @ DW_AT_data_member_location
	.byte	24                              @ Abbrev [24] 0x6d7:0xc DW_TAG_member
	.long	.Linfo_string132                @ DW_AT_name
	.long	2208                            @ DW_AT_type
	.byte	4                               @ DW_AT_decl_file
	.byte	106                             @ DW_AT_decl_line
	.byte	100                             @ DW_AT_data_member_location
	.byte	24                              @ Abbrev [24] 0x6e3:0xc DW_TAG_member
	.long	.Linfo_string133                @ DW_AT_name
	.long	400                             @ DW_AT_type
	.byte	4                               @ DW_AT_decl_file
	.byte	107                             @ DW_AT_decl_line
	.byte	102                             @ DW_AT_data_member_location
	.byte	24                              @ Abbrev [24] 0x6ef:0xc DW_TAG_member
	.long	.Linfo_string134                @ DW_AT_name
	.long	2208                            @ DW_AT_type
	.byte	4                               @ DW_AT_decl_file
	.byte	108                             @ DW_AT_decl_line
	.byte	104                             @ DW_AT_data_member_location
	.byte	24                              @ Abbrev [24] 0x6fb:0xc DW_TAG_member
	.long	.Linfo_string135                @ DW_AT_name
	.long	400                             @ DW_AT_type
	.byte	4                               @ DW_AT_decl_file
	.byte	109                             @ DW_AT_decl_line
	.byte	106                             @ DW_AT_data_member_location
	.byte	24                              @ Abbrev [24] 0x707:0xc DW_TAG_member
	.long	.Linfo_string136                @ DW_AT_name
	.long	2208                            @ DW_AT_type
	.byte	4                               @ DW_AT_decl_file
	.byte	110                             @ DW_AT_decl_line
	.byte	108                             @ DW_AT_data_member_location
	.byte	24                              @ Abbrev [24] 0x713:0xc DW_TAG_member
	.long	.Linfo_string137                @ DW_AT_name
	.long	400                             @ DW_AT_type
	.byte	4                               @ DW_AT_decl_file
	.byte	111                             @ DW_AT_decl_line
	.byte	110                             @ DW_AT_data_member_location
	.byte	24                              @ Abbrev [24] 0x71f:0xc DW_TAG_member
	.long	.Linfo_string138                @ DW_AT_name
	.long	2208                            @ DW_AT_type
	.byte	4                               @ DW_AT_decl_file
	.byte	112                             @ DW_AT_decl_line
	.byte	112                             @ DW_AT_data_member_location
	.byte	24                              @ Abbrev [24] 0x72b:0xc DW_TAG_member
	.long	.Linfo_string139                @ DW_AT_name
	.long	2232                            @ DW_AT_type
	.byte	4                               @ DW_AT_decl_file
	.byte	113                             @ DW_AT_decl_line
	.byte	114                             @ DW_AT_data_member_location
	.byte	24                              @ Abbrev [24] 0x737:0xc DW_TAG_member
	.long	.Linfo_string140                @ DW_AT_name
	.long	2208                            @ DW_AT_type
	.byte	4                               @ DW_AT_decl_file
	.byte	114                             @ DW_AT_decl_line
	.byte	124                             @ DW_AT_data_member_location
	.byte	24                              @ Abbrev [24] 0x743:0xc DW_TAG_member
	.long	.Linfo_string141                @ DW_AT_name
	.long	400                             @ DW_AT_type
	.byte	4                               @ DW_AT_decl_file
	.byte	115                             @ DW_AT_decl_line
	.byte	126                             @ DW_AT_data_member_location
	.byte	24                              @ Abbrev [24] 0x74f:0xc DW_TAG_member
	.long	.Linfo_string142                @ DW_AT_name
	.long	2208                            @ DW_AT_type
	.byte	4                               @ DW_AT_decl_file
	.byte	116                             @ DW_AT_decl_line
	.byte	128                             @ DW_AT_data_member_location
	.byte	24                              @ Abbrev [24] 0x75b:0xc DW_TAG_member
	.long	.Linfo_string143                @ DW_AT_name
	.long	400                             @ DW_AT_type
	.byte	4                               @ DW_AT_decl_file
	.byte	117                             @ DW_AT_decl_line
	.byte	130                             @ DW_AT_data_member_location
	.byte	24                              @ Abbrev [24] 0x767:0xc DW_TAG_member
	.long	.Linfo_string144                @ DW_AT_name
	.long	2208                            @ DW_AT_type
	.byte	4                               @ DW_AT_decl_file
	.byte	118                             @ DW_AT_decl_line
	.byte	132                             @ DW_AT_data_member_location
	.byte	24                              @ Abbrev [24] 0x773:0xc DW_TAG_member
	.long	.Linfo_string145                @ DW_AT_name
	.long	400                             @ DW_AT_type
	.byte	4                               @ DW_AT_decl_file
	.byte	119                             @ DW_AT_decl_line
	.byte	134                             @ DW_AT_data_member_location
	.byte	24                              @ Abbrev [24] 0x77f:0xc DW_TAG_member
	.long	.Linfo_string146                @ DW_AT_name
	.long	2208                            @ DW_AT_type
	.byte	4                               @ DW_AT_decl_file
	.byte	120                             @ DW_AT_decl_line
	.byte	136                             @ DW_AT_data_member_location
	.byte	24                              @ Abbrev [24] 0x78b:0xc DW_TAG_member
	.long	.Linfo_string147                @ DW_AT_name
	.long	400                             @ DW_AT_type
	.byte	4                               @ DW_AT_decl_file
	.byte	121                             @ DW_AT_decl_line
	.byte	138                             @ DW_AT_data_member_location
	.byte	24                              @ Abbrev [24] 0x797:0xc DW_TAG_member
	.long	.Linfo_string148                @ DW_AT_name
	.long	2208                            @ DW_AT_type
	.byte	4                               @ DW_AT_decl_file
	.byte	122                             @ DW_AT_decl_line
	.byte	140                             @ DW_AT_data_member_location
	.byte	24                              @ Abbrev [24] 0x7a3:0xc DW_TAG_member
	.long	.Linfo_string149                @ DW_AT_name
	.long	400                             @ DW_AT_type
	.byte	4                               @ DW_AT_decl_file
	.byte	123                             @ DW_AT_decl_line
	.byte	142                             @ DW_AT_data_member_location
	.byte	24                              @ Abbrev [24] 0x7af:0xc DW_TAG_member
	.long	.Linfo_string150                @ DW_AT_name
	.long	2208                            @ DW_AT_type
	.byte	4                               @ DW_AT_decl_file
	.byte	124                             @ DW_AT_decl_line
	.byte	144                             @ DW_AT_data_member_location
	.byte	24                              @ Abbrev [24] 0x7bb:0xc DW_TAG_member
	.long	.Linfo_string151                @ DW_AT_name
	.long	400                             @ DW_AT_type
	.byte	4                               @ DW_AT_decl_file
	.byte	125                             @ DW_AT_decl_line
	.byte	146                             @ DW_AT_data_member_location
	.byte	24                              @ Abbrev [24] 0x7c7:0xc DW_TAG_member
	.long	.Linfo_string152                @ DW_AT_name
	.long	2208                            @ DW_AT_type
	.byte	4                               @ DW_AT_decl_file
	.byte	126                             @ DW_AT_decl_line
	.byte	148                             @ DW_AT_data_member_location
	.byte	24                              @ Abbrev [24] 0x7d3:0xc DW_TAG_member
	.long	.Linfo_string153                @ DW_AT_name
	.long	400                             @ DW_AT_type
	.byte	4                               @ DW_AT_decl_file
	.byte	127                             @ DW_AT_decl_line
	.byte	150                             @ DW_AT_data_member_location
	.byte	24                              @ Abbrev [24] 0x7df:0xc DW_TAG_member
	.long	.Linfo_string154                @ DW_AT_name
	.long	2208                            @ DW_AT_type
	.byte	4                               @ DW_AT_decl_file
	.byte	128                             @ DW_AT_decl_line
	.byte	152                             @ DW_AT_data_member_location
	.byte	24                              @ Abbrev [24] 0x7eb:0xc DW_TAG_member
	.long	.Linfo_string155                @ DW_AT_name
	.long	400                             @ DW_AT_type
	.byte	4                               @ DW_AT_decl_file
	.byte	129                             @ DW_AT_decl_line
	.byte	154                             @ DW_AT_data_member_location
	.byte	24                              @ Abbrev [24] 0x7f7:0xc DW_TAG_member
	.long	.Linfo_string156                @ DW_AT_name
	.long	2208                            @ DW_AT_type
	.byte	4                               @ DW_AT_decl_file
	.byte	130                             @ DW_AT_decl_line
	.byte	156                             @ DW_AT_data_member_location
	.byte	24                              @ Abbrev [24] 0x803:0xc DW_TAG_member
	.long	.Linfo_string157                @ DW_AT_name
	.long	400                             @ DW_AT_type
	.byte	4                               @ DW_AT_decl_file
	.byte	131                             @ DW_AT_decl_line
	.byte	158                             @ DW_AT_data_member_location
	.byte	24                              @ Abbrev [24] 0x80f:0xc DW_TAG_member
	.long	.Linfo_string158                @ DW_AT_name
	.long	2208                            @ DW_AT_type
	.byte	4                               @ DW_AT_decl_file
	.byte	132                             @ DW_AT_decl_line
	.byte	160                             @ DW_AT_data_member_location
	.byte	24                              @ Abbrev [24] 0x81b:0xc DW_TAG_member
	.long	.Linfo_string159                @ DW_AT_name
	.long	400                             @ DW_AT_type
	.byte	4                               @ DW_AT_decl_file
	.byte	133                             @ DW_AT_decl_line
	.byte	162                             @ DW_AT_data_member_location
	.byte	24                              @ Abbrev [24] 0x827:0xc DW_TAG_member
	.long	.Linfo_string160                @ DW_AT_name
	.long	2208                            @ DW_AT_type
	.byte	4                               @ DW_AT_decl_file
	.byte	134                             @ DW_AT_decl_line
	.byte	164                             @ DW_AT_data_member_location
	.byte	24                              @ Abbrev [24] 0x833:0xc DW_TAG_member
	.long	.Linfo_string161                @ DW_AT_name
	.long	400                             @ DW_AT_type
	.byte	4                               @ DW_AT_decl_file
	.byte	135                             @ DW_AT_decl_line
	.byte	166                             @ DW_AT_data_member_location
	.byte	24                              @ Abbrev [24] 0x83f:0xc DW_TAG_member
	.long	.Linfo_string162                @ DW_AT_name
	.long	2208                            @ DW_AT_type
	.byte	4                               @ DW_AT_decl_file
	.byte	136                             @ DW_AT_decl_line
	.byte	168                             @ DW_AT_data_member_location
	.byte	24                              @ Abbrev [24] 0x84b:0xc DW_TAG_member
	.long	.Linfo_string163                @ DW_AT_name
	.long	2244                            @ DW_AT_type
	.byte	4                               @ DW_AT_decl_file
	.byte	137                             @ DW_AT_decl_line
	.byte	170                             @ DW_AT_data_member_location
	.byte	24                              @ Abbrev [24] 0x857:0xc DW_TAG_member
	.long	.Linfo_string164                @ DW_AT_name
	.long	2208                            @ DW_AT_type
	.byte	4                               @ DW_AT_decl_file
	.byte	138                             @ DW_AT_decl_line
	.byte	192                             @ DW_AT_data_member_location
	.byte	24                              @ Abbrev [24] 0x863:0xc DW_TAG_member
	.long	.Linfo_string165                @ DW_AT_name
	.long	2256                            @ DW_AT_type
	.byte	4                               @ DW_AT_decl_file
	.byte	140                             @ DW_AT_decl_line
	.byte	194                             @ DW_AT_data_member_location
	.byte	24                              @ Abbrev [24] 0x86f:0xc DW_TAG_member
	.long	.Linfo_string166                @ DW_AT_name
	.long	2208                            @ DW_AT_type
	.byte	4                               @ DW_AT_decl_file
	.byte	141                             @ DW_AT_decl_line
	.byte	248                             @ DW_AT_data_member_location
	.byte	24                              @ Abbrev [24] 0x87b:0xc DW_TAG_member
	.long	.Linfo_string167                @ DW_AT_name
	.long	2208                            @ DW_AT_type
	.byte	4                               @ DW_AT_decl_file
	.byte	142                             @ DW_AT_decl_line
	.byte	250                             @ DW_AT_data_member_location
	.byte	24                              @ Abbrev [24] 0x887:0xc DW_TAG_member
	.long	.Linfo_string168                @ DW_AT_name
	.long	2208                            @ DW_AT_type
	.byte	4                               @ DW_AT_decl_file
	.byte	143                             @ DW_AT_decl_line
	.byte	252                             @ DW_AT_data_member_location
	.byte	24                              @ Abbrev [24] 0x893:0xc DW_TAG_member
	.long	.Linfo_string169                @ DW_AT_name
	.long	2208                            @ DW_AT_type
	.byte	4                               @ DW_AT_decl_file
	.byte	144                             @ DW_AT_decl_line
	.byte	254                             @ DW_AT_data_member_location
	.byte	0                               @ End Of Children Mark
	.byte	25                              @ Abbrev [25] 0x8a0:0x5 DW_TAG_volatile_type
	.long	400                             @ DW_AT_type
	.byte	26                              @ Abbrev [26] 0x8a5:0xc DW_TAG_array_type
	.long	400                             @ DW_AT_type
	.byte	27                              @ Abbrev [27] 0x8aa:0x6 DW_TAG_subrange_type
	.long	2225                            @ DW_AT_type
	.byte	9                               @ DW_AT_count
	.byte	0                               @ End Of Children Mark
	.byte	28                              @ Abbrev [28] 0x8b1:0x7 DW_TAG_base_type
	.long	.Linfo_string105                @ DW_AT_name
	.byte	8                               @ DW_AT_byte_size
	.byte	7                               @ DW_AT_encoding
	.byte	26                              @ Abbrev [26] 0x8b8:0xc DW_TAG_array_type
	.long	400                             @ DW_AT_type
	.byte	27                              @ Abbrev [27] 0x8bd:0x6 DW_TAG_subrange_type
	.long	2225                            @ DW_AT_type
	.byte	5                               @ DW_AT_count
	.byte	0                               @ End Of Children Mark
	.byte	26                              @ Abbrev [26] 0x8c4:0xc DW_TAG_array_type
	.long	400                             @ DW_AT_type
	.byte	27                              @ Abbrev [27] 0x8c9:0x6 DW_TAG_subrange_type
	.long	2225                            @ DW_AT_type
	.byte	11                              @ DW_AT_count
	.byte	0                               @ End Of Children Mark
	.byte	26                              @ Abbrev [26] 0x8d0:0xc DW_TAG_array_type
	.long	400                             @ DW_AT_type
	.byte	27                              @ Abbrev [27] 0x8d5:0x6 DW_TAG_subrange_type
	.long	2225                            @ DW_AT_type
	.byte	27                              @ DW_AT_count
	.byte	0                               @ End Of Children Mark
	.byte	11                              @ Abbrev [11] 0x8dc:0xc DW_TAG_typedef
	.long	2280                            @ DW_AT_type
	.long	.Linfo_string173                @ DW_AT_name
	.byte	4                               @ DW_AT_decl_file
	.short	412                             @ DW_AT_decl_line
	.byte	20                              @ Abbrev [20] 0x8e8:0x5 DW_TAG_pointer_type
	.long	2285                            @ DW_AT_type
	.byte	21                              @ Abbrev [21] 0x8ed:0x7 DW_TAG_subroutine_type
                                        @ DW_AT_prototyped
	.byte	22                              @ Abbrev [22] 0x8ee:0x5 DW_TAG_formal_parameter
	.long	400                             @ DW_AT_type
	.byte	0                               @ End Of Children Mark
	.byte	19                              @ Abbrev [19] 0x8f4:0xf DW_TAG_enumeration_type
	.long	452                             @ DW_AT_type
	.byte	1                               @ DW_AT_byte_size
	.byte	5                               @ DW_AT_decl_file
	.byte	82                              @ DW_AT_decl_line
	.byte	17                              @ Abbrev [17] 0x8fc:0x6 DW_TAG_enumerator
	.long	.Linfo_string176                @ DW_AT_name
	.byte	0                               @ DW_AT_const_value
	.byte	0                               @ End Of Children Mark
	.byte	19                              @ Abbrev [19] 0x903:0x57 DW_TAG_enumeration_type
	.long	452                             @ DW_AT_type
	.byte	1                               @ DW_AT_byte_size
	.byte	5                               @ DW_AT_decl_file
	.byte	102                             @ DW_AT_decl_line
	.byte	17                              @ Abbrev [17] 0x90b:0x6 DW_TAG_enumerator
	.long	.Linfo_string177                @ DW_AT_name
	.byte	0                               @ DW_AT_const_value
	.byte	17                              @ Abbrev [17] 0x911:0x6 DW_TAG_enumerator
	.long	.Linfo_string178                @ DW_AT_name
	.byte	1                               @ DW_AT_const_value
	.byte	17                              @ Abbrev [17] 0x917:0x6 DW_TAG_enumerator
	.long	.Linfo_string179                @ DW_AT_name
	.byte	2                               @ DW_AT_const_value
	.byte	17                              @ Abbrev [17] 0x91d:0x6 DW_TAG_enumerator
	.long	.Linfo_string180                @ DW_AT_name
	.byte	3                               @ DW_AT_const_value
	.byte	17                              @ Abbrev [17] 0x923:0x6 DW_TAG_enumerator
	.long	.Linfo_string181                @ DW_AT_name
	.byte	4                               @ DW_AT_const_value
	.byte	17                              @ Abbrev [17] 0x929:0x6 DW_TAG_enumerator
	.long	.Linfo_string182                @ DW_AT_name
	.byte	5                               @ DW_AT_const_value
	.byte	17                              @ Abbrev [17] 0x92f:0x6 DW_TAG_enumerator
	.long	.Linfo_string183                @ DW_AT_name
	.byte	6                               @ DW_AT_const_value
	.byte	17                              @ Abbrev [17] 0x935:0x6 DW_TAG_enumerator
	.long	.Linfo_string184                @ DW_AT_name
	.byte	7                               @ DW_AT_const_value
	.byte	17                              @ Abbrev [17] 0x93b:0x6 DW_TAG_enumerator
	.long	.Linfo_string185                @ DW_AT_name
	.byte	8                               @ DW_AT_const_value
	.byte	17                              @ Abbrev [17] 0x941:0x6 DW_TAG_enumerator
	.long	.Linfo_string186                @ DW_AT_name
	.byte	9                               @ DW_AT_const_value
	.byte	17                              @ Abbrev [17] 0x947:0x6 DW_TAG_enumerator
	.long	.Linfo_string187                @ DW_AT_name
	.byte	10                              @ DW_AT_const_value
	.byte	17                              @ Abbrev [17] 0x94d:0x6 DW_TAG_enumerator
	.long	.Linfo_string188                @ DW_AT_name
	.byte	11                              @ DW_AT_const_value
	.byte	17                              @ Abbrev [17] 0x953:0x6 DW_TAG_enumerator
	.long	.Linfo_string189                @ DW_AT_name
	.byte	12                              @ DW_AT_const_value
	.byte	0                               @ End Of Children Mark
	.byte	19                              @ Abbrev [19] 0x95a:0x24 DW_TAG_enumeration_type
	.long	411                             @ DW_AT_type
	.byte	2                               @ DW_AT_byte_size
	.byte	5                               @ DW_AT_decl_file
	.byte	58                              @ DW_AT_decl_line
	.byte	17                              @ Abbrev [17] 0x962:0x6 DW_TAG_enumerator
	.long	.Linfo_string190                @ DW_AT_name
	.byte	0                               @ DW_AT_const_value
	.byte	17                              @ Abbrev [17] 0x968:0x7 DW_TAG_enumerator
	.long	.Linfo_string191                @ DW_AT_name
	.ascii	"\200\002"                      @ DW_AT_const_value
	.byte	17                              @ Abbrev [17] 0x96f:0x7 DW_TAG_enumerator
	.long	.Linfo_string192                @ DW_AT_name
	.ascii	"\200\004"                      @ DW_AT_const_value
	.byte	17                              @ Abbrev [17] 0x976:0x7 DW_TAG_enumerator
	.long	.Linfo_string193                @ DW_AT_name
	.ascii	"\200\006"                      @ DW_AT_const_value
	.byte	0                               @ End Of Children Mark
	.byte	19                              @ Abbrev [19] 0x97e:0xab DW_TAG_enumeration_type
	.long	452                             @ DW_AT_type
	.byte	1                               @ DW_AT_byte_size
	.byte	5                               @ DW_AT_decl_file
	.byte	178                             @ DW_AT_decl_line
	.byte	17                              @ Abbrev [17] 0x986:0x6 DW_TAG_enumerator
	.long	.Linfo_string194                @ DW_AT_name
	.byte	0                               @ DW_AT_const_value
	.byte	17                              @ Abbrev [17] 0x98c:0x6 DW_TAG_enumerator
	.long	.Linfo_string195                @ DW_AT_name
	.byte	1                               @ DW_AT_const_value
	.byte	17                              @ Abbrev [17] 0x992:0x6 DW_TAG_enumerator
	.long	.Linfo_string196                @ DW_AT_name
	.byte	2                               @ DW_AT_const_value
	.byte	17                              @ Abbrev [17] 0x998:0x6 DW_TAG_enumerator
	.long	.Linfo_string197                @ DW_AT_name
	.byte	3                               @ DW_AT_const_value
	.byte	17                              @ Abbrev [17] 0x99e:0x6 DW_TAG_enumerator
	.long	.Linfo_string198                @ DW_AT_name
	.byte	4                               @ DW_AT_const_value
	.byte	17                              @ Abbrev [17] 0x9a4:0x6 DW_TAG_enumerator
	.long	.Linfo_string199                @ DW_AT_name
	.byte	5                               @ DW_AT_const_value
	.byte	17                              @ Abbrev [17] 0x9aa:0x6 DW_TAG_enumerator
	.long	.Linfo_string200                @ DW_AT_name
	.byte	6                               @ DW_AT_const_value
	.byte	17                              @ Abbrev [17] 0x9b0:0x6 DW_TAG_enumerator
	.long	.Linfo_string201                @ DW_AT_name
	.byte	7                               @ DW_AT_const_value
	.byte	17                              @ Abbrev [17] 0x9b6:0x6 DW_TAG_enumerator
	.long	.Linfo_string202                @ DW_AT_name
	.byte	9                               @ DW_AT_const_value
	.byte	17                              @ Abbrev [17] 0x9bc:0x6 DW_TAG_enumerator
	.long	.Linfo_string203                @ DW_AT_name
	.byte	10                              @ DW_AT_const_value
	.byte	17                              @ Abbrev [17] 0x9c2:0x6 DW_TAG_enumerator
	.long	.Linfo_string204                @ DW_AT_name
	.byte	11                              @ DW_AT_const_value
	.byte	17                              @ Abbrev [17] 0x9c8:0x6 DW_TAG_enumerator
	.long	.Linfo_string205                @ DW_AT_name
	.byte	12                              @ DW_AT_const_value
	.byte	17                              @ Abbrev [17] 0x9ce:0x6 DW_TAG_enumerator
	.long	.Linfo_string206                @ DW_AT_name
	.byte	13                              @ DW_AT_const_value
	.byte	17                              @ Abbrev [17] 0x9d4:0x6 DW_TAG_enumerator
	.long	.Linfo_string207                @ DW_AT_name
	.byte	15                              @ DW_AT_const_value
	.byte	17                              @ Abbrev [17] 0x9da:0x6 DW_TAG_enumerator
	.long	.Linfo_string208                @ DW_AT_name
	.byte	16                              @ DW_AT_const_value
	.byte	17                              @ Abbrev [17] 0x9e0:0x6 DW_TAG_enumerator
	.long	.Linfo_string209                @ DW_AT_name
	.byte	17                              @ DW_AT_const_value
	.byte	17                              @ Abbrev [17] 0x9e6:0x6 DW_TAG_enumerator
	.long	.Linfo_string210                @ DW_AT_name
	.byte	18                              @ DW_AT_const_value
	.byte	17                              @ Abbrev [17] 0x9ec:0x6 DW_TAG_enumerator
	.long	.Linfo_string211                @ DW_AT_name
	.byte	19                              @ DW_AT_const_value
	.byte	17                              @ Abbrev [17] 0x9f2:0x6 DW_TAG_enumerator
	.long	.Linfo_string212                @ DW_AT_name
	.byte	20                              @ DW_AT_const_value
	.byte	17                              @ Abbrev [17] 0x9f8:0x6 DW_TAG_enumerator
	.long	.Linfo_string213                @ DW_AT_name
	.byte	23                              @ DW_AT_const_value
	.byte	17                              @ Abbrev [17] 0x9fe:0x6 DW_TAG_enumerator
	.long	.Linfo_string214                @ DW_AT_name
	.byte	24                              @ DW_AT_const_value
	.byte	17                              @ Abbrev [17] 0xa04:0x6 DW_TAG_enumerator
	.long	.Linfo_string215                @ DW_AT_name
	.byte	25                              @ DW_AT_const_value
	.byte	17                              @ Abbrev [17] 0xa0a:0x6 DW_TAG_enumerator
	.long	.Linfo_string216                @ DW_AT_name
	.byte	26                              @ DW_AT_const_value
	.byte	17                              @ Abbrev [17] 0xa10:0x6 DW_TAG_enumerator
	.long	.Linfo_string217                @ DW_AT_name
	.byte	27                              @ DW_AT_const_value
	.byte	17                              @ Abbrev [17] 0xa16:0x6 DW_TAG_enumerator
	.long	.Linfo_string218                @ DW_AT_name
	.byte	28                              @ DW_AT_const_value
	.byte	17                              @ Abbrev [17] 0xa1c:0x6 DW_TAG_enumerator
	.long	.Linfo_string219                @ DW_AT_name
	.byte	29                              @ DW_AT_const_value
	.byte	17                              @ Abbrev [17] 0xa22:0x6 DW_TAG_enumerator
	.long	.Linfo_string220                @ DW_AT_name
	.byte	30                              @ DW_AT_const_value
	.byte	0                               @ End Of Children Mark
	.byte	19                              @ Abbrev [19] 0xa29:0xc9 DW_TAG_enumeration_type
	.long	452                             @ DW_AT_type
	.byte	1                               @ DW_AT_byte_size
	.byte	6                               @ DW_AT_decl_file
	.byte	116                             @ DW_AT_decl_line
	.byte	17                              @ Abbrev [17] 0xa31:0x6 DW_TAG_enumerator
	.long	.Linfo_string221                @ DW_AT_name
	.byte	0                               @ DW_AT_const_value
	.byte	17                              @ Abbrev [17] 0xa37:0x6 DW_TAG_enumerator
	.long	.Linfo_string222                @ DW_AT_name
	.byte	1                               @ DW_AT_const_value
	.byte	17                              @ Abbrev [17] 0xa3d:0x6 DW_TAG_enumerator
	.long	.Linfo_string223                @ DW_AT_name
	.byte	2                               @ DW_AT_const_value
	.byte	17                              @ Abbrev [17] 0xa43:0x6 DW_TAG_enumerator
	.long	.Linfo_string224                @ DW_AT_name
	.byte	3                               @ DW_AT_const_value
	.byte	17                              @ Abbrev [17] 0xa49:0x6 DW_TAG_enumerator
	.long	.Linfo_string225                @ DW_AT_name
	.byte	4                               @ DW_AT_const_value
	.byte	17                              @ Abbrev [17] 0xa4f:0x6 DW_TAG_enumerator
	.long	.Linfo_string226                @ DW_AT_name
	.byte	5                               @ DW_AT_const_value
	.byte	17                              @ Abbrev [17] 0xa55:0x6 DW_TAG_enumerator
	.long	.Linfo_string227                @ DW_AT_name
	.byte	6                               @ DW_AT_const_value
	.byte	17                              @ Abbrev [17] 0xa5b:0x6 DW_TAG_enumerator
	.long	.Linfo_string228                @ DW_AT_name
	.byte	7                               @ DW_AT_const_value
	.byte	17                              @ Abbrev [17] 0xa61:0x6 DW_TAG_enumerator
	.long	.Linfo_string229                @ DW_AT_name
	.byte	8                               @ DW_AT_const_value
	.byte	17                              @ Abbrev [17] 0xa67:0x6 DW_TAG_enumerator
	.long	.Linfo_string230                @ DW_AT_name
	.byte	9                               @ DW_AT_const_value
	.byte	17                              @ Abbrev [17] 0xa6d:0x6 DW_TAG_enumerator
	.long	.Linfo_string231                @ DW_AT_name
	.byte	10                              @ DW_AT_const_value
	.byte	17                              @ Abbrev [17] 0xa73:0x6 DW_TAG_enumerator
	.long	.Linfo_string232                @ DW_AT_name
	.byte	11                              @ DW_AT_const_value
	.byte	17                              @ Abbrev [17] 0xa79:0x6 DW_TAG_enumerator
	.long	.Linfo_string233                @ DW_AT_name
	.byte	12                              @ DW_AT_const_value
	.byte	17                              @ Abbrev [17] 0xa7f:0x6 DW_TAG_enumerator
	.long	.Linfo_string234                @ DW_AT_name
	.byte	13                              @ DW_AT_const_value
	.byte	17                              @ Abbrev [17] 0xa85:0x6 DW_TAG_enumerator
	.long	.Linfo_string235                @ DW_AT_name
	.byte	14                              @ DW_AT_const_value
	.byte	17                              @ Abbrev [17] 0xa8b:0x6 DW_TAG_enumerator
	.long	.Linfo_string236                @ DW_AT_name
	.byte	15                              @ DW_AT_const_value
	.byte	17                              @ Abbrev [17] 0xa91:0x6 DW_TAG_enumerator
	.long	.Linfo_string237                @ DW_AT_name
	.byte	16                              @ DW_AT_const_value
	.byte	17                              @ Abbrev [17] 0xa97:0x6 DW_TAG_enumerator
	.long	.Linfo_string238                @ DW_AT_name
	.byte	17                              @ DW_AT_const_value
	.byte	17                              @ Abbrev [17] 0xa9d:0x6 DW_TAG_enumerator
	.long	.Linfo_string239                @ DW_AT_name
	.byte	18                              @ DW_AT_const_value
	.byte	17                              @ Abbrev [17] 0xaa3:0x6 DW_TAG_enumerator
	.long	.Linfo_string240                @ DW_AT_name
	.byte	19                              @ DW_AT_const_value
	.byte	17                              @ Abbrev [17] 0xaa9:0x6 DW_TAG_enumerator
	.long	.Linfo_string241                @ DW_AT_name
	.byte	20                              @ DW_AT_const_value
	.byte	17                              @ Abbrev [17] 0xaaf:0x6 DW_TAG_enumerator
	.long	.Linfo_string242                @ DW_AT_name
	.byte	21                              @ DW_AT_const_value
	.byte	17                              @ Abbrev [17] 0xab5:0x6 DW_TAG_enumerator
	.long	.Linfo_string243                @ DW_AT_name
	.byte	22                              @ DW_AT_const_value
	.byte	17                              @ Abbrev [17] 0xabb:0x6 DW_TAG_enumerator
	.long	.Linfo_string244                @ DW_AT_name
	.byte	23                              @ DW_AT_const_value
	.byte	17                              @ Abbrev [17] 0xac1:0x6 DW_TAG_enumerator
	.long	.Linfo_string245                @ DW_AT_name
	.byte	24                              @ DW_AT_const_value
	.byte	17                              @ Abbrev [17] 0xac7:0x6 DW_TAG_enumerator
	.long	.Linfo_string246                @ DW_AT_name
	.byte	25                              @ DW_AT_const_value
	.byte	17                              @ Abbrev [17] 0xacd:0x6 DW_TAG_enumerator
	.long	.Linfo_string247                @ DW_AT_name
	.byte	26                              @ DW_AT_const_value
	.byte	17                              @ Abbrev [17] 0xad3:0x6 DW_TAG_enumerator
	.long	.Linfo_string248                @ DW_AT_name
	.byte	27                              @ DW_AT_const_value
	.byte	17                              @ Abbrev [17] 0xad9:0x6 DW_TAG_enumerator
	.long	.Linfo_string249                @ DW_AT_name
	.byte	28                              @ DW_AT_const_value
	.byte	17                              @ Abbrev [17] 0xadf:0x6 DW_TAG_enumerator
	.long	.Linfo_string250                @ DW_AT_name
	.byte	29                              @ DW_AT_const_value
	.byte	17                              @ Abbrev [17] 0xae5:0x6 DW_TAG_enumerator
	.long	.Linfo_string251                @ DW_AT_name
	.byte	30                              @ DW_AT_const_value
	.byte	17                              @ Abbrev [17] 0xaeb:0x6 DW_TAG_enumerator
	.long	.Linfo_string252                @ DW_AT_name
	.byte	31                              @ DW_AT_const_value
	.byte	0                               @ End Of Children Mark
	.byte	14                              @ Abbrev [14] 0xaf2:0xb DW_TAG_typedef
	.long	2813                            @ DW_AT_type
	.long	.Linfo_string254                @ DW_AT_name
	.byte	1                               @ DW_AT_decl_file
	.byte	65                              @ DW_AT_decl_line
	.byte	15                              @ Abbrev [15] 0xafd:0x7 DW_TAG_base_type
	.long	.Linfo_string253                @ DW_AT_name
	.byte	7                               @ DW_AT_encoding
	.byte	8                               @ DW_AT_byte_size
	.byte	20                              @ Abbrev [20] 0xb04:0x5 DW_TAG_pointer_type
	.long	2208                            @ DW_AT_type
	.byte	29                              @ Abbrev [29] 0xb09:0x11 DW_TAG_subprogram
	.long	.Lfunc_begin0                   @ DW_AT_low_pc
	.long	.Lfunc_end0-.Lfunc_begin0       @ DW_AT_high_pc
	.byte	1                               @ DW_AT_frame_base
	.byte	93
                                        @ DW_AT_GNU_all_call_sites
	.long	.Linfo_string259                @ DW_AT_name
	.byte	3                               @ DW_AT_decl_file
	.byte	80                              @ DW_AT_decl_line
                                        @ DW_AT_prototyped
                                        @ DW_AT_external
	.byte	29                              @ Abbrev [29] 0xb1a:0x11 DW_TAG_subprogram
	.long	.Lfunc_begin1                   @ DW_AT_low_pc
	.long	.Lfunc_end1-.Lfunc_begin1       @ DW_AT_high_pc
	.byte	1                               @ DW_AT_frame_base
	.byte	93
                                        @ DW_AT_GNU_all_call_sites
	.long	.Linfo_string260                @ DW_AT_name
	.byte	3                               @ DW_AT_decl_file
	.byte	126                             @ DW_AT_decl_line
                                        @ DW_AT_prototyped
                                        @ DW_AT_external
	.byte	30                              @ Abbrev [30] 0xb2b:0x9 DW_TAG_subprogram
	.long	.Linfo_string255                @ DW_AT_name
	.byte	5                               @ DW_AT_decl_file
	.short	666                             @ DW_AT_decl_line
                                        @ DW_AT_prototyped
	.byte	1                               @ DW_AT_inline
	.byte	31                              @ Abbrev [31] 0xb34:0x16 DW_TAG_subprogram
	.long	.Linfo_string256                @ DW_AT_name
	.byte	5                               @ DW_AT_decl_file
	.short	612                             @ DW_AT_decl_line
                                        @ DW_AT_prototyped
	.byte	1                               @ DW_AT_inline
	.byte	32                              @ Abbrev [32] 0xb3d:0xc DW_TAG_formal_parameter
	.long	.Linfo_string257                @ DW_AT_name
	.byte	5                               @ DW_AT_decl_file
	.short	612                             @ DW_AT_decl_line
	.long	2890                            @ DW_AT_type
	.byte	0                               @ End Of Children Mark
	.byte	15                              @ Abbrev [15] 0xb4a:0x7 DW_TAG_base_type
	.long	.Linfo_string258                @ DW_AT_name
	.byte	2                               @ DW_AT_encoding
	.byte	1                               @ DW_AT_byte_size
	.byte	26                              @ Abbrev [26] 0xb51:0xc DW_TAG_array_type
	.long	2909                            @ DW_AT_type
	.byte	27                              @ Abbrev [27] 0xb56:0x6 DW_TAG_subrange_type
	.long	2225                            @ DW_AT_type
	.byte	8                               @ DW_AT_count
	.byte	0                               @ End Of Children Mark
	.byte	10                              @ Abbrev [10] 0xb5d:0x5 DW_TAG_const_type
	.long	561                             @ DW_AT_type
	.byte	25                              @ Abbrev [25] 0xb62:0x5 DW_TAG_volatile_type
	.long	2919                            @ DW_AT_type
	.byte	15                              @ Abbrev [15] 0xb67:0x7 DW_TAG_base_type
	.long	.Linfo_string264                @ DW_AT_name
	.byte	5                               @ DW_AT_encoding
	.byte	4                               @ DW_AT_byte_size
	.byte	0                               @ End Of Children Mark
.Ldebug_info_end0:
	.section	.debug_str,"MS",%progbits,1
.Linfo_string0:
	.asciz	"Component: Arm Compiler for Embedded 6.23 Tool: armclang [5f103000]" @ string offset=0
.Linfo_string1:
	.asciz	"../src/platform\\user_periph_setup.c" @ string offset=68
.Linfo_string2:
	.asciz	"C:\\Users\\teodor\\Desktop\\stem\\codeless\\6.0.24.1464\\projects\\target_apps\\ble_examples\\empty_peripheral_template\\Keil_5" @ string offset=104
.Linfo_string3:
	.asciz	"i2c_cfg"                       @ string offset=221
.Linfo_string4:
	.asciz	"clock_cfg"                     @ string offset=229
.Linfo_string5:
	.asciz	"ss_hcnt"                       @ string offset=239
.Linfo_string6:
	.asciz	"unsigned short"                @ string offset=247
.Linfo_string7:
	.asciz	"uint16_t"                      @ string offset=262
.Linfo_string8:
	.asciz	"ss_lcnt"                       @ string offset=271
.Linfo_string9:
	.asciz	"fs_hcnt"                       @ string offset=279
.Linfo_string10:
	.asciz	"fs_lcnt"                       @ string offset=287
.Linfo_string11:
	.asciz	"restart_en"                    @ string offset=295
.Linfo_string12:
	.asciz	"unsigned char"                 @ string offset=306
.Linfo_string13:
	.asciz	"I2C_RESTART_DISABLE"           @ string offset=320
.Linfo_string14:
	.asciz	"I2C_RESTART_ENABLE"            @ string offset=340
.Linfo_string15:
	.asciz	"i2c_restart_t"                 @ string offset=359
.Linfo_string16:
	.asciz	"speed"                         @ string offset=373
.Linfo_string17:
	.asciz	"I2C_SPEED_STANDARD"            @ string offset=379
.Linfo_string18:
	.asciz	"I2C_SPEED_FAST"                @ string offset=398
.Linfo_string19:
	.asciz	"i2c_speed_t"                   @ string offset=413
.Linfo_string20:
	.asciz	"mode"                          @ string offset=425
.Linfo_string21:
	.asciz	"I2C_MODE_SLAVE"                @ string offset=430
.Linfo_string22:
	.asciz	"I2C_MODE_MASTER"               @ string offset=445
.Linfo_string23:
	.asciz	"i2c_mode_t"                    @ string offset=461
.Linfo_string24:
	.asciz	"addr_mode"                     @ string offset=472
.Linfo_string25:
	.asciz	"I2C_ADDRESSING_7B"             @ string offset=482
.Linfo_string26:
	.asciz	"I2C_ADDRESSING_10B"            @ string offset=500
.Linfo_string27:
	.asciz	"i2c_addressing_t"              @ string offset=519
.Linfo_string28:
	.asciz	"address"                       @ string offset=536
.Linfo_string29:
	.asciz	"tx_fifo_level"                 @ string offset=544
.Linfo_string30:
	.asciz	"uint8_t"                       @ string offset=558
.Linfo_string31:
	.asciz	"rx_fifo_level"                 @ string offset=566
.Linfo_string32:
	.asciz	"i2c_cfg_t"                     @ string offset=580
.Linfo_string33:
	.asciz	"uart_cfg"                      @ string offset=590
.Linfo_string34:
	.asciz	"baud_rate"                     @ string offset=599
.Linfo_string35:
	.asciz	"unsigned int"                  @ string offset=609
.Linfo_string36:
	.asciz	"UART_BAUDRATE_1000000"         @ string offset=622
.Linfo_string37:
	.asciz	"UART_BAUDRATE_921600"          @ string offset=644
.Linfo_string38:
	.asciz	"UART_BAUDRATE_500000"          @ string offset=665
.Linfo_string39:
	.asciz	"UART_BAUDRATE_460800"          @ string offset=686
.Linfo_string40:
	.asciz	"UART_BAUDRATE_230400"          @ string offset=707
.Linfo_string41:
	.asciz	"UART_BAUDRATE_115200"          @ string offset=728
.Linfo_string42:
	.asciz	"UART_BAUDRATE_57600"           @ string offset=749
.Linfo_string43:
	.asciz	"UART_BAUDRATE_38400"           @ string offset=769
.Linfo_string44:
	.asciz	"UART_BAUDRATE_28800"           @ string offset=789
.Linfo_string45:
	.asciz	"UART_BAUDRATE_19200"           @ string offset=809
.Linfo_string46:
	.asciz	"UART_BAUDRATE_14400"           @ string offset=829
.Linfo_string47:
	.asciz	"UART_BAUDRATE_9600"            @ string offset=849
.Linfo_string48:
	.asciz	"UART_BAUDRATE_4800"            @ string offset=868
.Linfo_string49:
	.asciz	"UART_BAUDRATE_2400"            @ string offset=887
.Linfo_string50:
	.asciz	"UART_BAUDRATE"                 @ string offset=906
.Linfo_string51:
	.asciz	"data_bits"                     @ string offset=920
.Linfo_string52:
	.asciz	"UART_DATABITS_5"               @ string offset=930
.Linfo_string53:
	.asciz	"UART_DATABITS_6"               @ string offset=946
.Linfo_string54:
	.asciz	"UART_DATABITS_7"               @ string offset=962
.Linfo_string55:
	.asciz	"UART_DATABITS_8"               @ string offset=978
.Linfo_string56:
	.asciz	"UART_DATABITS"                 @ string offset=994
.Linfo_string57:
	.asciz	"parity"                        @ string offset=1008
.Linfo_string58:
	.asciz	"UART_PARITY_NONE"              @ string offset=1015
.Linfo_string59:
	.asciz	"UART_PARITY_ODD"               @ string offset=1032
.Linfo_string60:
	.asciz	"UART_PARITY_EVEN"              @ string offset=1048
.Linfo_string61:
	.asciz	"UART_PARITY"                   @ string offset=1065
.Linfo_string62:
	.asciz	"stop_bits"                     @ string offset=1077
.Linfo_string63:
	.asciz	"UART_STOPBITS_1"               @ string offset=1087
.Linfo_string64:
	.asciz	"UART_STOPBITS_2"               @ string offset=1103
.Linfo_string65:
	.asciz	"UART_STOPBITS"                 @ string offset=1119
.Linfo_string66:
	.asciz	"auto_flow_control"             @ string offset=1133
.Linfo_string67:
	.asciz	"UART_AFCE_DIS"                 @ string offset=1151
.Linfo_string68:
	.asciz	"UART_AFCE_EN"                  @ string offset=1165
.Linfo_string69:
	.asciz	"UART_AFCE_CFG"                 @ string offset=1178
.Linfo_string70:
	.asciz	"use_fifo"                      @ string offset=1192
.Linfo_string71:
	.asciz	"UART_FIFO_DIS"                 @ string offset=1201
.Linfo_string72:
	.asciz	"UART_FIFO_EN"                  @ string offset=1215
.Linfo_string73:
	.asciz	"UART_FIFO_CFG"                 @ string offset=1228
.Linfo_string74:
	.asciz	"tx_fifo_tr_lvl"                @ string offset=1242
.Linfo_string75:
	.asciz	"UART_TX_FIFO_LEVEL_0"          @ string offset=1257
.Linfo_string76:
	.asciz	"UART_TX_FIFO_LEVEL_1"          @ string offset=1278
.Linfo_string77:
	.asciz	"UART_TX_FIFO_LEVEL_2"          @ string offset=1299
.Linfo_string78:
	.asciz	"UART_TX_FIFO_LEVEL_3"          @ string offset=1320
.Linfo_string79:
	.asciz	"UART_TX_FIFO_LEVEL"            @ string offset=1341
.Linfo_string80:
	.asciz	"rx_fifo_tr_lvl"                @ string offset=1360
.Linfo_string81:
	.asciz	"UART_RX_FIFO_LEVEL_0"          @ string offset=1375
.Linfo_string82:
	.asciz	"UART_RX_FIFO_LEVEL_1"          @ string offset=1396
.Linfo_string83:
	.asciz	"UART_RX_FIFO_LEVEL_2"          @ string offset=1417
.Linfo_string84:
	.asciz	"UART_RX_FIFO_LEVEL_3"          @ string offset=1438
.Linfo_string85:
	.asciz	"UART_RX_FIFO_LEVEL"            @ string offset=1459
.Linfo_string86:
	.asciz	"intr_priority"                 @ string offset=1478
.Linfo_string87:
	.asciz	"uint32_t"                      @ string offset=1492
.Linfo_string88:
	.asciz	"uart_err_cb"                   @ string offset=1501
.Linfo_string89:
	.asciz	"UART_RBR_THR_DLL_REGF"         @ string offset=1513
.Linfo_string90:
	.asciz	"RESERVED"                      @ string offset=1535
.Linfo_string91:
	.asciz	"UART_IER_DLH_REGF"             @ string offset=1544
.Linfo_string92:
	.asciz	"RESERVED1"                     @ string offset=1562
.Linfo_string93:
	.asciz	"UART_IIR_FCR_REGF"             @ string offset=1572
.Linfo_string94:
	.asciz	"RESERVED2"                     @ string offset=1590
.Linfo_string95:
	.asciz	"UART_LCR_REGF"                 @ string offset=1600
.Linfo_string96:
	.asciz	"RESERVED3"                     @ string offset=1614
.Linfo_string97:
	.asciz	"UART_MCR_REGF"                 @ string offset=1624
.Linfo_string98:
	.asciz	"RESERVED4"                     @ string offset=1638
.Linfo_string99:
	.asciz	"UART_LSR_REGF"                 @ string offset=1648
.Linfo_string100:
	.asciz	"RESERVED5"                     @ string offset=1662
.Linfo_string101:
	.asciz	"UART_MSR_REGF"                 @ string offset=1672
.Linfo_string102:
	.asciz	"RESERVED6"                     @ string offset=1686
.Linfo_string103:
	.asciz	"UART_SCR_REGF"                 @ string offset=1696
.Linfo_string104:
	.asciz	"RESERVED7"                     @ string offset=1710
.Linfo_string105:
	.asciz	"__ARRAY_SIZE_TYPE__"           @ string offset=1720
.Linfo_string106:
	.asciz	"UART_SRBR_STHR0_REGF"          @ string offset=1740
.Linfo_string107:
	.asciz	"RESERVED8"                     @ string offset=1761
.Linfo_string108:
	.asciz	"UART_SRBR_STHR1_REGF"          @ string offset=1771
.Linfo_string109:
	.asciz	"RESERVED9"                     @ string offset=1792
.Linfo_string110:
	.asciz	"UART_SRBR_STHR2_REGF"          @ string offset=1802
.Linfo_string111:
	.asciz	"RESERVED10"                    @ string offset=1823
.Linfo_string112:
	.asciz	"UART_SRBR_STHR3_REGF"          @ string offset=1834
.Linfo_string113:
	.asciz	"RESERVED11"                    @ string offset=1855
.Linfo_string114:
	.asciz	"UART_SRBR_STHR4_REGF"          @ string offset=1866
.Linfo_string115:
	.asciz	"RESERVED12"                    @ string offset=1887
.Linfo_string116:
	.asciz	"UART_SRBR_STHR5_REGF"          @ string offset=1898
.Linfo_string117:
	.asciz	"RESERVED13"                    @ string offset=1919
.Linfo_string118:
	.asciz	"UART_SRBR_STHR6_REGF"          @ string offset=1930
.Linfo_string119:
	.asciz	"RESERVED14"                    @ string offset=1951
.Linfo_string120:
	.asciz	"UART_SRBR_STHR7_REGF"          @ string offset=1962
.Linfo_string121:
	.asciz	"RESERVED15"                    @ string offset=1983
.Linfo_string122:
	.asciz	"UART_SRBR_STHR8_REGF"          @ string offset=1994
.Linfo_string123:
	.asciz	"RESERVED16"                    @ string offset=2015
.Linfo_string124:
	.asciz	"UART_SRBR_STHR9_REGF"          @ string offset=2026
.Linfo_string125:
	.asciz	"RESERVED17"                    @ string offset=2047
.Linfo_string126:
	.asciz	"UART_SRBR_STHR10_REGF"         @ string offset=2058
.Linfo_string127:
	.asciz	"RESERVED18"                    @ string offset=2080
.Linfo_string128:
	.asciz	"UART_SRBR_STHR11_REGF"         @ string offset=2091
.Linfo_string129:
	.asciz	"RESERVED19"                    @ string offset=2113
.Linfo_string130:
	.asciz	"UART_SRBR_STHR12_REGF"         @ string offset=2124
.Linfo_string131:
	.asciz	"RESERVED20"                    @ string offset=2146
.Linfo_string132:
	.asciz	"UART_SRBR_STHR13_REGF"         @ string offset=2157
.Linfo_string133:
	.asciz	"RESERVED21"                    @ string offset=2179
.Linfo_string134:
	.asciz	"UART_SRBR_STHR14_REGF"         @ string offset=2190
.Linfo_string135:
	.asciz	"RESERVED22"                    @ string offset=2212
.Linfo_string136:
	.asciz	"UART_SRBR_STHR15_REGF"         @ string offset=2223
.Linfo_string137:
	.asciz	"RESERVED23"                    @ string offset=2245
.Linfo_string138:
	.asciz	"UART_FAR_REGF"                 @ string offset=2256
.Linfo_string139:
	.asciz	"RESERVED24"                    @ string offset=2270
.Linfo_string140:
	.asciz	"UART_USR_REGF"                 @ string offset=2281
.Linfo_string141:
	.asciz	"RESERVED25"                    @ string offset=2295
.Linfo_string142:
	.asciz	"UART_TFL_REGF"                 @ string offset=2306
.Linfo_string143:
	.asciz	"RESERVED26"                    @ string offset=2320
.Linfo_string144:
	.asciz	"UART_RFL_REGF"                 @ string offset=2331
.Linfo_string145:
	.asciz	"RESERVED27"                    @ string offset=2345
.Linfo_string146:
	.asciz	"UART_SRR_REGF"                 @ string offset=2356
.Linfo_string147:
	.asciz	"RESERVED28"                    @ string offset=2370
.Linfo_string148:
	.asciz	"UART_SRTS_REGF"                @ string offset=2381
.Linfo_string149:
	.asciz	"RESERVED29"                    @ string offset=2396
.Linfo_string150:
	.asciz	"UART_SBCR_REGF"                @ string offset=2407
.Linfo_string151:
	.asciz	"RESERVED30"                    @ string offset=2422
.Linfo_string152:
	.asciz	"UART_SDMAM_REGF"               @ string offset=2433
.Linfo_string153:
	.asciz	"RESERVED31"                    @ string offset=2449
.Linfo_string154:
	.asciz	"UART_SFE_REGF"                 @ string offset=2460
.Linfo_string155:
	.asciz	"RESERVED32"                    @ string offset=2474
.Linfo_string156:
	.asciz	"UART_SRT_REGF"                 @ string offset=2485
.Linfo_string157:
	.asciz	"RESERVED33"                    @ string offset=2499
.Linfo_string158:
	.asciz	"UART_STET_REGF"                @ string offset=2510
.Linfo_string159:
	.asciz	"RESERVED34"                    @ string offset=2525
.Linfo_string160:
	.asciz	"UART_HTX_REGF"                 @ string offset=2536
.Linfo_string161:
	.asciz	"RESERVED35"                    @ string offset=2550
.Linfo_string162:
	.asciz	"UART_DMASA_REGF"               @ string offset=2561
.Linfo_string163:
	.asciz	"RESERVED36"                    @ string offset=2577
.Linfo_string164:
	.asciz	"UART_DLF_REGF"                 @ string offset=2588
.Linfo_string165:
	.asciz	"RESERVED37"                    @ string offset=2602
.Linfo_string166:
	.asciz	"UART_UCV_REGF"                 @ string offset=2613
.Linfo_string167:
	.asciz	"UART_UCV_HIGH_REGF"            @ string offset=2627
.Linfo_string168:
	.asciz	"UART_CTR_REGF"                 @ string offset=2646
.Linfo_string169:
	.asciz	"UART_CTR_HIGH_REGF"            @ string offset=2660
.Linfo_string170:
	.asciz	"uart_t"                        @ string offset=2679
.Linfo_string171:
	.asciz	"uart_err_cb_t"                 @ string offset=2686
.Linfo_string172:
	.asciz	"uart_tx_cb"                    @ string offset=2700
.Linfo_string173:
	.asciz	"uart_cb_t"                     @ string offset=2711
.Linfo_string174:
	.asciz	"uart_rx_cb"                    @ string offset=2721
.Linfo_string175:
	.asciz	"uart_cfg_t"                    @ string offset=2732
.Linfo_string176:
	.asciz	"GPIO_PORT_0"                   @ string offset=2743
.Linfo_string177:
	.asciz	"GPIO_PIN_0"                    @ string offset=2755
.Linfo_string178:
	.asciz	"GPIO_PIN_1"                    @ string offset=2766
.Linfo_string179:
	.asciz	"GPIO_PIN_2"                    @ string offset=2777
.Linfo_string180:
	.asciz	"GPIO_PIN_3"                    @ string offset=2788
.Linfo_string181:
	.asciz	"GPIO_PIN_4"                    @ string offset=2799
.Linfo_string182:
	.asciz	"GPIO_PIN_5"                    @ string offset=2810
.Linfo_string183:
	.asciz	"GPIO_PIN_6"                    @ string offset=2821
.Linfo_string184:
	.asciz	"GPIO_PIN_7"                    @ string offset=2832
.Linfo_string185:
	.asciz	"GPIO_PIN_8"                    @ string offset=2843
.Linfo_string186:
	.asciz	"GPIO_PIN_9"                    @ string offset=2854
.Linfo_string187:
	.asciz	"GPIO_PIN_10"                   @ string offset=2865
.Linfo_string188:
	.asciz	"GPIO_PIN_11"                   @ string offset=2877
.Linfo_string189:
	.asciz	"GPIO_PIN_END"                  @ string offset=2889
.Linfo_string190:
	.asciz	"INPUT"                         @ string offset=2902
.Linfo_string191:
	.asciz	"INPUT_PULLUP"                  @ string offset=2908
.Linfo_string192:
	.asciz	"INPUT_PULLDOWN"                @ string offset=2921
.Linfo_string193:
	.asciz	"OUTPUT"                        @ string offset=2936
.Linfo_string194:
	.asciz	"PID_GPIO"                      @ string offset=2943
.Linfo_string195:
	.asciz	"PID_UART1_RX"                  @ string offset=2952
.Linfo_string196:
	.asciz	"PID_UART1_TX"                  @ string offset=2965
.Linfo_string197:
	.asciz	"PID_UART2_RX"                  @ string offset=2978
.Linfo_string198:
	.asciz	"PID_UART2_TX"                  @ string offset=2991
.Linfo_string199:
	.asciz	"PID_SYS_CLK"                   @ string offset=3004
.Linfo_string200:
	.asciz	"PID_LP_CLK"                    @ string offset=3016
.Linfo_string201:
	.asciz	"PID_SPI_DATA_READY"            @ string offset=3027
.Linfo_string202:
	.asciz	"PID_I2C_SCL"                   @ string offset=3046
.Linfo_string203:
	.asciz	"PID_I2C_SDA"                   @ string offset=3058
.Linfo_string204:
	.asciz	"PID_PWM5"                      @ string offset=3070
.Linfo_string205:
	.asciz	"PID_PWM6"                      @ string offset=3079
.Linfo_string206:
	.asciz	"PID_PWM7"                      @ string offset=3088
.Linfo_string207:
	.asciz	"PID_ADC"                       @ string offset=3097
.Linfo_string208:
	.asciz	"PID_PWM0"                      @ string offset=3105
.Linfo_string209:
	.asciz	"PID_PWM1"                      @ string offset=3114
.Linfo_string210:
	.asciz	"PID_BLE_DIAG"                  @ string offset=3123
.Linfo_string211:
	.asciz	"PID_UART1_CTSN"                @ string offset=3136
.Linfo_string212:
	.asciz	"PID_UART1_RTSN"                @ string offset=3151
.Linfo_string213:
	.asciz	"PID_PWM2"                      @ string offset=3166
.Linfo_string214:
	.asciz	"PID_PWM3"                      @ string offset=3175
.Linfo_string215:
	.asciz	"PID_PWM4"                      @ string offset=3184
.Linfo_string216:
	.asciz	"PID_SPI_DI"                    @ string offset=3193
.Linfo_string217:
	.asciz	"PID_SPI_DO"                    @ string offset=3204
.Linfo_string218:
	.asciz	"PID_SPI_CLK"                   @ string offset=3215
.Linfo_string219:
	.asciz	"PID_SPI_EN"                    @ string offset=3227
.Linfo_string220:
	.asciz	"PID_SPI_EN1"                   @ string offset=3238
.Linfo_string221:
	.asciz	"SYSCNTL_DCDC_LEVEL_1V025"      @ string offset=3250
.Linfo_string222:
	.asciz	"SYSCNTL_DCDC_LEVEL_1V05"       @ string offset=3275
.Linfo_string223:
	.asciz	"SYSCNTL_DCDC_LEVEL_1V075"      @ string offset=3299
.Linfo_string224:
	.asciz	"SYSCNTL_DCDC_LEVEL_1V1"        @ string offset=3324
.Linfo_string225:
	.asciz	"SYSCNTL_DCDC_LEVEL_1V125"      @ string offset=3347
.Linfo_string226:
	.asciz	"SYSCNTL_DCDC_LEVEL_1V150"      @ string offset=3372
.Linfo_string227:
	.asciz	"SYSCNTL_DCDC_LEVEL_1V175"      @ string offset=3397
.Linfo_string228:
	.asciz	"SYSCNTL_DCDC_LEVEL_1V2"        @ string offset=3422
.Linfo_string229:
	.asciz	"SYSCNTL_DCDC_LEVEL_1V725"      @ string offset=3445
.Linfo_string230:
	.asciz	"SYSCNTL_DCDC_LEVEL_1V75"       @ string offset=3470
.Linfo_string231:
	.asciz	"SYSCNTL_DCDC_LEVEL_1V775"      @ string offset=3494
.Linfo_string232:
	.asciz	"SYSCNTL_DCDC_LEVEL_1V8"        @ string offset=3519
.Linfo_string233:
	.asciz	"SYSCNTL_DCDC_LEVEL_1V825"      @ string offset=3542
.Linfo_string234:
	.asciz	"SYSCNTL_DCDC_LEVEL_1V850"      @ string offset=3567
.Linfo_string235:
	.asciz	"SYSCNTL_DCDC_LEVEL_1V875"      @ string offset=3592
.Linfo_string236:
	.asciz	"SYSCNTL_DCDC_LEVEL_1V9"        @ string offset=3617
.Linfo_string237:
	.asciz	"SYSCNTL_DCDC_LEVEL_2V425"      @ string offset=3640
.Linfo_string238:
	.asciz	"SYSCNTL_DCDC_LEVEL_2V45"       @ string offset=3665
.Linfo_string239:
	.asciz	"SYSCNTL_DCDC_LEVEL_2V475"      @ string offset=3689
.Linfo_string240:
	.asciz	"SYSCNTL_DCDC_LEVEL_2V5"        @ string offset=3714
.Linfo_string241:
	.asciz	"SYSCNTL_DCDC_LEVEL_2V525"      @ string offset=3737
.Linfo_string242:
	.asciz	"SYSCNTL_DCDC_LEVEL_2V550"      @ string offset=3762
.Linfo_string243:
	.asciz	"SYSCNTL_DCDC_LEVEL_2V575"      @ string offset=3787
.Linfo_string244:
	.asciz	"SYSCNTL_DCDC_LEVEL_2V6"        @ string offset=3812
.Linfo_string245:
	.asciz	"SYSCNTL_DCDC_LEVEL_2V925"      @ string offset=3835
.Linfo_string246:
	.asciz	"SYSCNTL_DCDC_LEVEL_2V95"       @ string offset=3860
.Linfo_string247:
	.asciz	"SYSCNTL_DCDC_LEVEL_2V975"      @ string offset=3884
.Linfo_string248:
	.asciz	"SYSCNTL_DCDC_LEVEL_3V0"        @ string offset=3909
.Linfo_string249:
	.asciz	"SYSCNTL_DCDC_LEVEL_3V025"      @ string offset=3932
.Linfo_string250:
	.asciz	"SYSCNTL_DCDC_LEVEL_3V050"      @ string offset=3957
.Linfo_string251:
	.asciz	"SYSCNTL_DCDC_LEVEL_3V075"      @ string offset=3982
.Linfo_string252:
	.asciz	"SYSCNTL_DCDC_LEVEL_3V1"        @ string offset=4007
.Linfo_string253:
	.asciz	"unsigned long long"            @ string offset=4030
.Linfo_string254:
	.asciz	"uint64_t"                      @ string offset=4049
.Linfo_string255:
	.asciz	"GPIO_Disable_HW_Reset"         @ string offset=4058
.Linfo_string256:
	.asciz	"GPIO_set_pad_latch_en"         @ string offset=4080
.Linfo_string257:
	.asciz	"pad_en"                        @ string offset=4102
.Linfo_string258:
	.asciz	"_Bool"                         @ string offset=4109
.Linfo_string259:
	.asciz	"GPIO_reservations"             @ string offset=4115
.Linfo_string260:
	.asciz	"set_pad_functions"             @ string offset=4133
.Linfo_string261:
	.asciz	"periph_init"                   @ string offset=4151
.Linfo_string262:
	.asciz	"hw_test"                       @ string offset=4163
.Linfo_string263:
	.asciz	"i"                             @ string offset=4171
.Linfo_string264:
	.asciz	"int"                           @ string offset=4173
	.ident	"Component: Arm Compiler for Embedded 6.23 Tool: armclang [5f103000]"
	.section	".note.GNU-stack","",%progbits
	.eabi_attribute	30, 4	@ Tag_ABI_optimization_goals
	.ARM_attribute	16, 1	@ Tag_AV_eba
	.section	.debug_line,"",%progbits
.Lline_table_start0:
