	.text
	.syntax unified
	.eabi_attribute	67, "2.09"	@ Tag_conformance
	.cpu	cortex-m0plus
	.eabi_attribute	6, 12	@ Tag_CPU_arch
	.eabi_attribute	7, 77	@ Tag_CPU_arch_profile
	.eabi_attribute	8, 0	@ Tag_ARM_ISA_use
	.eabi_attribute	9, 1	@ Tag_THUMB_ISA_use
	.eabi_attribute	34, 0	@ Tag_CPU_unaligned_access
	.eabi_attribute	17, 1	@ Tag_ABI_PCS_GOT_use
	.eabi_attribute	20, 2	@ Tag_ABI_FP_denormal
	.eabi_attribute	21, 0	@ Tag_ABI_FP_exceptions
	.eabi_attribute	23, 1	@ Tag_ABI_FP_number_model
	.eabi_attribute	24, 1	@ Tag_ABI_align_needed
	.eabi_attribute	25, 1	@ Tag_ABI_align_preserved
	.eabi_attribute	38, 1	@ Tag_ABI_FP_16bit_format
	.eabi_attribute	18, 2	@ Tag_ABI_PCS_wchar_t
	.eabi_attribute	26, 1	@ Tag_ABI_enum_size
	.eabi_attribute	14, 0	@ Tag_ABI_PCS_R9_use
	.file	"user_aht20.c"
	.file	1 "C:\\Users\\teodor\\Desktop\\stem\\codeless\\6.0.24.1464\\projects\\target_apps\\ble_examples\\empty_peripheral_template\\Keil_5" "../src/user_aht20.c"
	.file	2 "C:\\Users\\teodor\\Desktop\\stem\\codeless\\6.0.24.1464\\projects\\target_apps\\ble_examples\\empty_peripheral_template\\Keil_5" "./../../../../../sdk/platform/driver/i2c\\i2c.h"
	.file	3 "C:\\Users\\teodor" "AppData\\Local\\Keil_v5\\ARM\\ARMCLANG\\bin\\..\\include\\stdint.h"
	.hidden	aht20_init                      @ -- Begin function aht20_init
	.globl	aht20_init
	.p2align	2
	.type	aht20_init,%function
	.code	16                              @ @aht20_init
	.thumb_func
aht20_init:
.Lfunc_begin0:
	.loc	1 109 0                         @ ../src/user_aht20.c:109:0
	.fnstart
	.cfi_sections .debug_frame
	.cfi_startproc
@ %bb.0:
	.save	{r4, r5, r7, lr}
	.pad	#16
	push	{r0, r1, r2, r3, r4, r5, r7, lr}
	.cfi_def_cfa_offset 32
	.cfi_offset lr, -4
	.cfi_offset r7, -8
	.cfi_offset r5, -12
	.cfi_offset r4, -16
	@DEBUG_VALUE: i <- [DW_OP_plus_uconst 12, DW_OP_deref] $sp
	@DEBUG_VALUE: i <- [DW_OP_plus_uconst 4, DW_OP_deref] $sp
	movs	r1, #0
	@DEBUG_VALUE: i <- $r1
	ldr	r0, __arm_cp.0_0
.LBB0_1:                                @ =>This Inner Loop Header: Depth=1
.Ltmp0:
	.loc	1 112 0 prologue_end            @ ../src/user_aht20.c:112:0
	str	r1, [sp, #12]
.Ltmp1:
	@DEBUG_VALUE: i <- [DW_OP_plus_uconst 12, DW_OP_deref] $sp
	.loc	1 112 35 is_stmt 0              @ ../src/user_aht20.c:112:35
	ldr	r1, [sp, #12]
.Ltmp2:
	.loc	1 112 5                         @ ../src/user_aht20.c:112:5
	cmp	r1, r0
	bhs	.LBB0_3
.Ltmp3:
@ %bb.2:                                @   in Loop: Header=BB0_1 Depth=1
	@DEBUG_VALUE: i <- [DW_OP_plus_uconst 12, DW_OP_deref] $sp
	.loc	1 112 48                        @ ../src/user_aht20.c:112:48
	ldr	r1, [sp, #12]
	adds	r1, r1, #1
	@DEBUG_VALUE: i <- [DW_OP_plus_uconst 12, DW_OP_deref] $sp
	.loc	1 112 5                         @ ../src/user_aht20.c:112:5
	b	.LBB0_1
.Ltmp4:
.LBB0_3:
	.loc	1 0 5                           @ ../src/user_aht20.c:0:5
	add	r0, sp, #8
	movs	r5, #0
	.loc	1 118 13 is_stmt 1              @ ../src/user_aht20.c:118:13
	strb	r5, [r0, #2]
	ldr	r1, __arm_cp.0_1
	strh	r1, [r0]
.Ltmp5:
	.loc	1 119 10                        @ ../src/user_aht20.c:119:10
	bl	aht20_i2c_write
.Ltmp6:
	mov	r4, r0
.Ltmp7:
	.loc	1 119 9 is_stmt 0               @ ../src/user_aht20.c:119:9
	cmp	r0, #0
	beq	.LBB0_7
@ %bb.4:
	@DEBUG_VALUE: i <- $r5
	.loc	1 0 9                           @ ../src/user_aht20.c:0:9
	ldr	r0, __arm_cp.0_4
.LBB0_5:                                @ =>This Inner Loop Header: Depth=1
.Ltmp8:
	.loc	1 129 0 is_stmt 1               @ ../src/user_aht20.c:129:0
	str	r5, [sp, #4]
.Ltmp9:
	@DEBUG_VALUE: i <- [DW_OP_plus_uconst 4, DW_OP_deref] $sp
	.loc	1 129 35 is_stmt 0              @ ../src/user_aht20.c:129:35
	ldr	r1, [sp, #4]
.Ltmp10:
	.loc	1 129 5                         @ ../src/user_aht20.c:129:5
	cmp	r1, r0
	bhs	.LBB0_8
.Ltmp11:
@ %bb.6:                                @   in Loop: Header=BB0_5 Depth=1
	@DEBUG_VALUE: i <- [DW_OP_plus_uconst 4, DW_OP_deref] $sp
	.loc	1 129 48                        @ ../src/user_aht20.c:129:48
	ldr	r1, [sp, #4]
	adds	r5, r1, #1
	@DEBUG_VALUE: i <- [DW_OP_plus_uconst 4, DW_OP_deref] $sp
	.loc	1 129 5                         @ ../src/user_aht20.c:129:5
	b	.LBB0_5
.Ltmp12:
.LBB0_7:
	.loc	1 122 55 is_stmt 1              @ ../src/user_aht20.c:122:55
	ldr	r0, __arm_cp.0_2
	ldrh	r1, [r0]
	.loc	1 122 9 is_stmt 0               @ ../src/user_aht20.c:122:9
	adr	r0, .LCPI0_3
	bl	arch_printf
.Ltmp13:
	.loc	1 123 9 is_stmt 1               @ ../src/user_aht20.c:123:9
	bl	arch_printf_flush
.Ltmp14:
.LBB0_8:
	.loc	1 132 1                         @ ../src/user_aht20.c:132:1
	mov	r0, r4
	.loc	1 132 1 epilogue_begin is_stmt 0 @ ../src/user_aht20.c:132:1
	add	sp, #16
	pop	{r4, r5, r7, pc}
.Ltmp15:
	.loc	1 0 1                           @ :0:1
.Ltmp16:
	.p2align	2
@ %bb.9:
__arm_cp.0_0:
	.long	320000                          @ 0x4e200
.Lcpi_end0:
	.size	__arm_cp.0_0, .Lcpi_end0-__arm_cp.0_0
__arm_cp.0_1:
	.long	2238                            @ 0x8be
.Lcpi_end1:
	.size	__arm_cp.0_1, .Lcpi_end1-__arm_cp.0_1
__arm_cp.0_2:
	.long	s_last_abort
.Lcpi_end2:
	.size	__arm_cp.0_2, .Lcpi_end2-__arm_cp.0_2
.LCPI0_3:
.L.str:
	.asciz	"[AHT20] INIT ABORT=%d\r\n"
__arm_cp.0_4:
	.long	800000                          @ 0xc3500
.Lcpi_end3:
	.size	__arm_cp.0_4, .Lcpi_end3-__arm_cp.0_4
.Lfunc_end0:
	.size	aht20_init, .Lfunc_end0-aht20_init
	.cfi_endproc
	.cantunwind
	.fnend
                                        @ -- End function
	.p2align	2                               @ -- Begin function aht20_i2c_write
	.type	aht20_i2c_write,%function
	.code	16                              @ @aht20_i2c_write
	.thumb_func
aht20_i2c_write:
.Lfunc_begin1:
	.loc	1 52 0 is_stmt 1                @ ../src/user_aht20.c:52:0
	.fnstart
	.cfi_startproc
@ %bb.0:
	@DEBUG_VALUE: aht20_i2c_write:data <- $r0
	@DEBUG_VALUE: aht20_i2c_write:len <- 3
	.save	{r4, lr}
	.pad	#8
	push	{r2, r3, r4, lr}
	.cfi_def_cfa_offset 16
	.cfi_offset lr, -4
	.cfi_offset r4, -8
	add	r4, sp, #4
	movs	r1, #0
.Ltmp17:
	.loc	1 53 17 prologue_end            @ ../src/user_aht20.c:53:17
	strh	r1, [r4]
	movs	r1, #3
	.loc	1 58 5                          @ ../src/user_aht20.c:58:5
	mov	r2, r4
	mov	r3, r1
	bl	i2c_master_transmit_buffer_sync
.Ltmp18:
	@DEBUG_VALUE: aht20_i2c_write:data <- [DW_OP_LLVM_entry_value 1] $r0
	.loc	1 61 20                         @ ../src/user_aht20.c:61:20
	ldrh	r1, [r4]
	.loc	1 61 18 is_stmt 0               @ ../src/user_aht20.c:61:18
	ldr	r0, __arm_cp.1_0
	strh	r1, [r0]
	.loc	1 66 9 is_stmt 1                @ ../src/user_aht20.c:66:9
	cmp	r1, #0
	beq	.LBB1_2
.Ltmp19:
@ %bb.1:
	@DEBUG_VALUE: aht20_i2c_write:data <- [DW_OP_LLVM_entry_value 1] $r0
	@DEBUG_VALUE: aht20_i2c_write:len <- 3
	.loc	1 0 9 is_stmt 0                 @ ../src/user_aht20.c:0:9
	ldr	r0, __arm_cp.1_1
.Ltmp20:
	.loc	2 894 5 is_stmt 1               @ ./../../../../../sdk/platform/driver/i2c\i2c.h:894:5
	ldrh	r0, [r0]
.Ltmp21:
.LBB1_2:
	@DEBUG_VALUE: aht20_i2c_write:data <- [DW_OP_LLVM_entry_value 1] $r0
	@DEBUG_VALUE: aht20_i2c_write:len <- 3
	.loc	1 66 19                         @ ../src/user_aht20.c:66:19
	rsbs	r0, r1, #0
	adcs	r0, r1
.Ltmp22:
	.loc	1 70 5 epilogue_begin           @ ../src/user_aht20.c:70:5
	pop	{r2, r3, r4, pc}
.Ltmp23:
	.loc	1 0 5 is_stmt 0                 @ :0:5
.Ltmp24:
	.p2align	2
@ %bb.3:
__arm_cp.1_0:
	.long	s_last_abort
.Lcpi_end4:
	.size	__arm_cp.1_0, .Lcpi_end4-__arm_cp.1_0
__arm_cp.1_1:
	.long	1342182228                      @ 0x50001354
.Lcpi_end5:
	.size	__arm_cp.1_1, .Lcpi_end5-__arm_cp.1_1
.Lfunc_end1:
	.size	aht20_i2c_write, .Lfunc_end1-aht20_i2c_write
	.cfi_endproc
	.cantunwind
	.fnend
                                        @ -- End function
	.hidden	aht20_trigger_measurement       @ -- Begin function aht20_trigger_measurement
	.globl	aht20_trigger_measurement
	.p2align	2
	.type	aht20_trigger_measurement,%function
	.code	16                              @ @aht20_trigger_measurement
	.thumb_func
aht20_trigger_measurement:
.Lfunc_begin2:
	.loc	1 135 0 is_stmt 1               @ ../src/user_aht20.c:135:0
	.fnstart
	.cfi_startproc
@ %bb.0:
	.save	{r7, lr}
	.pad	#8
	push	{r5, r6, r7, lr}
	.cfi_def_cfa_offset 16
	.cfi_offset lr, -4
	.cfi_offset r7, -8
	add	r0, sp, #4
	movs	r1, #0
.Ltmp25:
	.loc	1 139 13 prologue_end           @ ../src/user_aht20.c:139:13
	strb	r1, [r0, #2]
	ldr	r1, __arm_cp.2_0
	strh	r1, [r0]
.Ltmp26:
	.loc	1 140 10                        @ ../src/user_aht20.c:140:10
	bl	aht20_i2c_write
.Ltmp27:
	.loc	1 140 9 is_stmt 0               @ ../src/user_aht20.c:140:9
	cmp	r0, #0
	bne	.LBB2_2
@ %bb.1:
.Ltmp28:
	.loc	1 143 55 is_stmt 1              @ ../src/user_aht20.c:143:55
	ldr	r0, __arm_cp.2_1
	ldrh	r1, [r0]
	.loc	1 143 9 is_stmt 0               @ ../src/user_aht20.c:143:9
	adr	r0, .LCPI2_2
	bl	arch_printf
.Ltmp29:
.LBB2_2:
	.loc	1 146 1 epilogue_begin is_stmt 1 @ ../src/user_aht20.c:146:1
	pop	{r2, r3, r7, pc}
.Ltmp30:
	.loc	1 0 1 is_stmt 0                 @ :0:1
.Ltmp31:
	.p2align	2
@ %bb.3:
__arm_cp.2_0:
	.long	13228                           @ 0x33ac
.Lcpi_end6:
	.size	__arm_cp.2_0, .Lcpi_end6-__arm_cp.2_0
__arm_cp.2_1:
	.long	s_last_abort
.Lcpi_end7:
	.size	__arm_cp.2_1, .Lcpi_end7-__arm_cp.2_1
.LCPI2_2:
.L.str.1:
	.asciz	"[AHT20] TRIG ABORT=%d\r\n"
.Lfunc_end2:
	.size	aht20_trigger_measurement, .Lfunc_end2-aht20_trigger_measurement
	.cfi_endproc
	.cantunwind
	.fnend
                                        @ -- End function
	.hidden	aht20_is_busy                   @ -- Begin function aht20_is_busy
	.globl	aht20_is_busy
	.p2align	1
	.type	aht20_is_busy,%function
	.code	16                              @ @aht20_is_busy
	.thumb_func
aht20_is_busy:
.Lfunc_begin3:
	.loc	1 149 0 is_stmt 1               @ ../src/user_aht20.c:149:0
	.fnstart
	.cfi_startproc
@ %bb.0:
	.save	{r4, lr}
	.pad	#8
	push	{r2, r3, r4, lr}
	.cfi_def_cfa_offset 16
	.cfi_offset lr, -4
	.cfi_offset r4, -8
	add	r4, sp, #4
	movs	r0, #255
.Ltmp32:
	.loc	1 152 13 prologue_end           @ ../src/user_aht20.c:152:13
	strb	r0, [r4]
	movs	r1, #1
	.loc	1 153 5                         @ ../src/user_aht20.c:153:5
	mov	r0, r4
	bl	aht20_i2c_read
.Ltmp33:
	.loc	1 156 13                        @ ../src/user_aht20.c:156:13
	ldrb	r0, [r4]
	.loc	1 156 5 is_stmt 0               @ ../src/user_aht20.c:156:5
	lsrs	r0, r0, #7
	.loc	1 156 5 epilogue_begin          @ ../src/user_aht20.c:156:5
	pop	{r2, r3, r4, pc}
.Ltmp34:
.Lfunc_end3:
	.size	aht20_is_busy, .Lfunc_end3-aht20_is_busy
	.cfi_endproc
	.cantunwind
	.fnend
                                        @ -- End function
	.p2align	2                               @ -- Begin function aht20_i2c_read
	.type	aht20_i2c_read,%function
	.code	16                              @ @aht20_i2c_read
	.thumb_func
aht20_i2c_read:
.Lfunc_begin4:
	.loc	1 85 0 is_stmt 1                @ ../src/user_aht20.c:85:0
	.fnstart
	.cfi_startproc
@ %bb.0:
	@DEBUG_VALUE: aht20_i2c_read:data <- $r0
	@DEBUG_VALUE: aht20_i2c_read:len <- $r1
	.save	{r4, lr}
	.pad	#8
	push	{r2, r3, r4, lr}
	.cfi_def_cfa_offset 16
	.cfi_offset lr, -4
	.cfi_offset r4, -8
	add	r4, sp, #4
	movs	r2, #0
.Ltmp35:
	.loc	1 86 17 prologue_end            @ ../src/user_aht20.c:86:17
	strh	r2, [r4]
	movs	r3, #2
	.loc	1 90 5                          @ ../src/user_aht20.c:90:5
	mov	r2, r4
	bl	i2c_master_receive_buffer_sync
.Ltmp36:
	@DEBUG_VALUE: aht20_i2c_read:len <- [DW_OP_LLVM_entry_value 1] $r1
	@DEBUG_VALUE: aht20_i2c_read:data <- [DW_OP_LLVM_entry_value 1] $r0
	.loc	1 93 20                         @ ../src/user_aht20.c:93:20
	ldrh	r1, [r4]
	.loc	1 93 18 is_stmt 0               @ ../src/user_aht20.c:93:18
	ldr	r0, __arm_cp.4_0
	strh	r1, [r0]
	.loc	1 96 9 is_stmt 1                @ ../src/user_aht20.c:96:9
	cmp	r1, #0
	beq	.LBB4_2
.Ltmp37:
@ %bb.1:
	@DEBUG_VALUE: aht20_i2c_read:len <- [DW_OP_LLVM_entry_value 1] $r1
	@DEBUG_VALUE: aht20_i2c_read:data <- [DW_OP_LLVM_entry_value 1] $r0
	.loc	1 0 9 is_stmt 0                 @ ../src/user_aht20.c:0:9
	ldr	r0, __arm_cp.4_1
.Ltmp38:
	.loc	2 894 5 is_stmt 1               @ ./../../../../../sdk/platform/driver/i2c\i2c.h:894:5
	ldrh	r0, [r0]
.Ltmp39:
.LBB4_2:
	@DEBUG_VALUE: aht20_i2c_read:len <- [DW_OP_LLVM_entry_value 1] $r1
	@DEBUG_VALUE: aht20_i2c_read:data <- [DW_OP_LLVM_entry_value 1] $r0
	.loc	1 96 19                         @ ../src/user_aht20.c:96:19
	rsbs	r0, r1, #0
	adcs	r0, r1
.Ltmp40:
	.loc	1 100 5 epilogue_begin          @ ../src/user_aht20.c:100:5
	pop	{r2, r3, r4, pc}
.Ltmp41:
	.loc	1 0 5 is_stmt 0                 @ :0:5
.Ltmp42:
	.p2align	2
@ %bb.3:
__arm_cp.4_0:
	.long	s_last_abort
.Lcpi_end8:
	.size	__arm_cp.4_0, .Lcpi_end8-__arm_cp.4_0
__arm_cp.4_1:
	.long	1342182228                      @ 0x50001354
.Lcpi_end9:
	.size	__arm_cp.4_1, .Lcpi_end9-__arm_cp.4_1
.Lfunc_end4:
	.size	aht20_i2c_read, .Lfunc_end4-aht20_i2c_read
	.cfi_endproc
	.cantunwind
	.fnend
                                        @ -- End function
	.hidden	i2c_scan_bus                    @ -- Begin function i2c_scan_bus
	.globl	i2c_scan_bus
	.p2align	2
	.type	i2c_scan_bus,%function
	.code	16                              @ @i2c_scan_bus
	.thumb_func
i2c_scan_bus:
.Lfunc_begin5:
	.loc	1 160 0 is_stmt 1               @ ../src/user_aht20.c:160:0
	.fnstart
	.cfi_startproc
@ %bb.0:
	.save	{r4, r5, r6, r7, lr}
	.pad	#12
	push	{r1, r2, r3, r4, r5, r6, r7, lr}
	.cfi_def_cfa_offset 32
	.cfi_offset lr, -4
	.cfi_offset r7, -8
	.cfi_offset r6, -12
	.cfi_offset r5, -16
	.cfi_offset r4, -20
.Ltmp43:
	.loc	1 162 5 prologue_end            @ ../src/user_aht20.c:162:5
	adr	r0, .LCPI5_0
	bl	arch_printf
.Ltmp44:
	.loc	1 163 5                         @ ../src/user_aht20.c:163:5
	bl	arch_printf_flush
.Ltmp45:
	.loc	1 0 5 is_stmt 0                 @ ../src/user_aht20.c:0:5
	movs	r0, #63
	lsls	r5, r0, #10
	movs	r0, #0
	str	r0, [sp]                        @ 4-byte Spill
	movs	r4, #8
	ldr	r7, __arm_cp.5_2
	@DEBUG_VALUE: addr <- 8
.Ltmp46:
	@DEBUG_VALUE: i2c_scan_bus:found <- 0
.LBB5_1:                                @ =>This Loop Header: Depth=1
                                        @     Child Loop BB5_3 Depth 2
                                        @     Child Loop BB5_5 Depth 2
	@DEBUG_VALUE: i2c_scan_bus:found <- [$sp+0]
	@DEBUG_VALUE: addr <- $r4
	.loc	1 168 5 is_stmt 1               @ ../src/user_aht20.c:168:5
	cmp	r4, #120
	beq	.LBB5_10
.Ltmp47:
@ %bb.2:                                @   in Loop: Header=BB5_1 Depth=1
	@DEBUG_VALUE: addr <- $r4
	@DEBUG_VALUE: i2c_scan_bus:found <- [$sp+0]
	@DEBUG_VALUE: i2c_set_controller_status:status <- 0
	.loc	2 501 5                         @ ./../../../../../sdk/platform/driver/i2c\i2c.h:501:5
	ldrh	r1, [r7]
	movs	r0, #1
	bics	r1, r0
	strh	r1, [r7]
.Ltmp48:
.LBB5_3:                                @   Parent Loop BB5_1 Depth=1
                                        @ =>  This Inner Loop Header: Depth=2
	@DEBUG_VALUE: addr <- $r4
	@DEBUG_VALUE: i2c_scan_bus:found <- [$sp+0]
	.loc	2 512 15                        @ ./../../../../../sdk/platform/driver/i2c\i2c.h:512:15
	ldrh	r1, [r7]
.Ltmp49:
	.loc	1 172 9                         @ ../src/user_aht20.c:172:9
	lsls	r1, r1, #31
	bne	.LBB5_3
.Ltmp50:
@ %bb.4:                                @   in Loop: Header=BB5_1 Depth=1
	@DEBUG_VALUE: addr <- $r4
	@DEBUG_VALUE: i2c_scan_bus:found <- [$sp+0]
	.loc	1 0 9 is_stmt 0                 @ ../src/user_aht20.c:0:9
	ldr	r2, __arm_cp.5_1
.Ltmp51:
	.loc	2 628 5 is_stmt 1               @ ./../../../../../sdk/platform/driver/i2c\i2c.h:628:5
	ldrh	r1, [r2]
	ands	r1, r5
.Ltmp52:
	@DEBUG_VALUE: i2c_set_target_address:address <- $r4
	orrs	r1, r4
	strh	r1, [r2]
.Ltmp53:
	@DEBUG_VALUE: i2c_set_controller_status:status <- 1
	.loc	2 501 5                         @ ./../../../../../sdk/platform/driver/i2c\i2c.h:501:5
	ldrh	r1, [r7]
	orrs	r1, r0
	strh	r1, [r7]
.Ltmp54:
.LBB5_5:                                @   Parent Loop BB5_1 Depth=1
                                        @ =>  This Inner Loop Header: Depth=2
	@DEBUG_VALUE: addr <- $r4
	@DEBUG_VALUE: i2c_scan_bus:found <- [$sp+0]
	.loc	2 512 15                        @ ./../../../../../sdk/platform/driver/i2c\i2c.h:512:15
	ldrh	r0, [r7]
.Ltmp55:
	.loc	1 179 9                         @ ../src/user_aht20.c:179:9
	lsls	r0, r0, #31
	beq	.LBB5_5
.Ltmp56:
@ %bb.6:                                @   in Loop: Header=BB5_1 Depth=1
	@DEBUG_VALUE: addr <- $r4
	@DEBUG_VALUE: i2c_scan_bus:found <- [$sp+0]
	.loc	1 0 9 is_stmt 0                 @ ../src/user_aht20.c:0:9
	add	r0, sp, #8
	movs	r1, #0
	.loc	1 183 17 is_stmt 1              @ ../src/user_aht20.c:183:17
	strb	r1, [r0]
	add	r6, sp, #4
	.loc	1 184 21                        @ ../src/user_aht20.c:184:21
	strh	r1, [r6]
	movs	r1, #1
	movs	r3, #3
	.loc	1 185 9                         @ ../src/user_aht20.c:185:9
	mov	r2, r6
	bl	i2c_master_receive_buffer_sync
.Ltmp57:
	.loc	1 189 13                        @ ../src/user_aht20.c:189:13
	ldrh	r0, [r6]
.Ltmp58:
	.loc	1 189 13 is_stmt 0              @ ../src/user_aht20.c:189:13
	cmp	r0, #0
	beq	.LBB5_8
.Ltmp59:
@ %bb.7:                                @   in Loop: Header=BB5_1 Depth=1
	@DEBUG_VALUE: addr <- $r4
	@DEBUG_VALUE: i2c_scan_bus:found <- [$sp+0]
	.loc	2 894 5 is_stmt 1               @ ./../../../../../sdk/platform/driver/i2c\i2c.h:894:5
	mov	r0, r7
	subs	r0, #24
	ldrh	r0, [r0]
.Ltmp60:
	.loc	1 194 13                        @ ../src/user_aht20.c:194:13
	b	.LBB5_9
.Ltmp61:
.LBB5_8:                                @   in Loop: Header=BB5_1 Depth=1
	@DEBUG_VALUE: addr <- $r4
	@DEBUG_VALUE: i2c_scan_bus:found <- [$sp+0]
	.loc	1 197 13                        @ ../src/user_aht20.c:197:13
	adr	r0, .LCPI5_3
	mov	r1, r4
	bl	arch_printf
.Ltmp62:
	.loc	1 199 18                        @ ../src/user_aht20.c:199:18
	ldr	r0, [sp]                        @ 4-byte Reload
	adds	r0, r0, #1
.Ltmp63:
	@DEBUG_VALUE: i2c_scan_bus:found <- $r0
	.loc	1 0 18 is_stmt 0                @ ../src/user_aht20.c:0:18
	str	r0, [sp]                        @ 4-byte Spill
.Ltmp64:
	@DEBUG_VALUE: i2c_scan_bus:found <- [$sp+0]
	@DEBUG_VALUE: i2c_scan_bus:found <- [$sp+0]
.LBB5_9:                                @   in Loop: Header=BB5_1 Depth=1
	@DEBUG_VALUE: addr <- $r4
	@DEBUG_VALUE: i2c_scan_bus:found <- [$sp+0]
	@DEBUG_VALUE: i2c_scan_bus:found <- [$sp+0]
	.loc	1 168 48 is_stmt 1              @ ../src/user_aht20.c:168:48
	adds	r4, r4, #1
.Ltmp65:
	@DEBUG_VALUE: addr <- $r4
	.loc	1 168 5 is_stmt 0               @ ../src/user_aht20.c:168:5
	b	.LBB5_1
.Ltmp66:
.LBB5_10:
	@DEBUG_VALUE: i2c_scan_bus:found <- [$sp+0]
	.loc	1 204 49 is_stmt 1              @ ../src/user_aht20.c:204:49
	ldr	r0, [sp]                        @ 4-byte Reload
	uxtb	r1, r0
	.loc	1 204 5 is_stmt 0               @ ../src/user_aht20.c:204:5
	adr	r0, .LCPI5_4
	bl	arch_printf
.Ltmp67:
	.loc	1 205 5 is_stmt 1               @ ../src/user_aht20.c:205:5
	bl	arch_printf_flush
.Ltmp68:
	@DEBUG_VALUE: i2c_set_controller_status:status <- 0
	.loc	2 501 5                         @ ./../../../../../sdk/platform/driver/i2c\i2c.h:501:5
	ldrh	r1, [r7]
	movs	r0, #1
	bics	r1, r0
	strh	r1, [r7]
.Ltmp69:
.LBB5_11:                               @ =>This Inner Loop Header: Depth=1
	@DEBUG_VALUE: i2c_scan_bus:found <- [$sp+0]
	.loc	2 512 15                        @ ./../../../../../sdk/platform/driver/i2c\i2c.h:512:15
	ldrh	r1, [r7]
.Ltmp70:
	.loc	1 210 5                         @ ../src/user_aht20.c:210:5
	lsls	r1, r1, #31
	bne	.LBB5_11
.Ltmp71:
@ %bb.12:
	@DEBUG_VALUE: i2c_scan_bus:found <- [$sp+0]
	@DEBUG_VALUE: i2c_set_target_address:address <- 56
	.loc	1 0 5 is_stmt 0                 @ ../src/user_aht20.c:0:5
	ldr	r3, __arm_cp.5_1
.Ltmp72:
	.loc	2 628 5 is_stmt 1               @ ./../../../../../sdk/platform/driver/i2c\i2c.h:628:5
	ldrh	r1, [r3]
	ands	r1, r5
	movs	r2, #56
	orrs	r2, r1
	strh	r2, [r3]
.Ltmp73:
	@DEBUG_VALUE: i2c_set_controller_status:status <- 1
	.loc	2 501 5                         @ ./../../../../../sdk/platform/driver/i2c\i2c.h:501:5
	ldrh	r1, [r7]
	orrs	r1, r0
	strh	r1, [r7]
.Ltmp74:
.LBB5_13:                               @ =>This Inner Loop Header: Depth=1
	@DEBUG_VALUE: i2c_scan_bus:found <- [$sp+0]
	.loc	2 512 15                        @ ./../../../../../sdk/platform/driver/i2c\i2c.h:512:15
	ldrh	r0, [r7]
.Ltmp75:
	.loc	1 213 5                         @ ../src/user_aht20.c:213:5
	lsls	r0, r0, #31
	beq	.LBB5_13
.Ltmp76:
@ %bb.14:
	@DEBUG_VALUE: i2c_scan_bus:found <- [$sp+0]
	.loc	2 894 5                         @ ./../../../../../sdk/platform/driver/i2c\i2c.h:894:5
	subs	r7, #24
	ldrh	r0, [r7]
.Ltmp77:
	.loc	1 217 1 epilogue_begin          @ ../src/user_aht20.c:217:1
	pop	{r1, r2, r3, r4, r5, r6, r7, pc}
.Ltmp78:
	.loc	1 0 1 is_stmt 0                 @ :0:1
.Ltmp79:
	.p2align	2
@ %bb.15:
.LCPI5_0:
.L.str.2:
	.asciz	"[I2C] Scanning 0x08..0x77\r\n"
__arm_cp.5_1:
	.long	1342182148                      @ 0x50001304
.Lcpi_end10:
	.size	__arm_cp.5_1, .Lcpi_end10-__arm_cp.5_1
__arm_cp.5_2:
	.long	1342182252                      @ 0x5000136c
.Lcpi_end11:
	.size	__arm_cp.5_2, .Lcpi_end11-__arm_cp.5_2
.LCPI5_3:
.L.str.3:
	.asciz	"[I2C] Found: 0x%02X\r\n\000\000"
.LCPI5_4:
.L.str.4:
	.asciz	"[I2C] Done: %d device(s)\r\n\000"
.Lfunc_end5:
	.size	i2c_scan_bus, .Lfunc_end5-i2c_scan_bus
	.cfi_endproc
	.cantunwind
	.fnend
                                        @ -- End function
	.hidden	aht20_read                      @ -- Begin function aht20_read
	.globl	aht20_read
	.p2align	2
	.type	aht20_read,%function
	.code	16                              @ @aht20_read
	.thumb_func
aht20_read:
.Lfunc_begin6:
	.loc	1 220 0 is_stmt 1               @ ../src/user_aht20.c:220:0
	.fnstart
	.cfi_startproc
@ %bb.0:
	@DEBUG_VALUE: aht20_read:temp_x10 <- $r0
	@DEBUG_VALUE: aht20_read:hum_x10 <- $r1
	.save	{r4, r5, r6, lr}
	.pad	#8
	push	{r2, r3, r4, r5, r6, lr}
	.cfi_def_cfa_offset 24
	.cfi_offset lr, -4
	.cfi_offset r6, -8
	.cfi_offset r5, -12
	.cfi_offset r4, -16
	mov	r6, r1
.Ltmp80:
	@DEBUG_VALUE: aht20_read:hum_x10 <- $r6
	mov	r4, r0
.Ltmp81:
	@DEBUG_VALUE: aht20_read:temp_x10 <- $r4
	mov	r0, sp
	movs	r5, #0
.Ltmp82:
	.loc	1 243 13 prologue_end           @ ../src/user_aht20.c:243:13
	strh	r5, [r0, #4]
	str	r5, [sp]
	movs	r1, #6
.Ltmp83:
	.loc	1 244 10                        @ ../src/user_aht20.c:244:10
	bl	aht20_i2c_read
.Ltmp84:
	.loc	1 244 9 is_stmt 0               @ ../src/user_aht20.c:244:9
	cmp	r0, #0
	beq	.LBB6_3
.Ltmp85:
@ %bb.1:
	@DEBUG_VALUE: aht20_read:temp_x10 <- $r4
	@DEBUG_VALUE: aht20_read:hum_x10 <- $r6
	.loc	1 253 9 is_stmt 1               @ ../src/user_aht20.c:253:9
	movs	r5, #0
	mov	r0, sp
	ldrsb	r0, [r0, r5]
.Ltmp86:
	.loc	1 253 9 is_stmt 0               @ ../src/user_aht20.c:253:9
	cmp	r0, #0
	bmi	.LBB6_4
.Ltmp87:
@ %bb.2:
	@DEBUG_VALUE: aht20_read:temp_x10 <- $r4
	@DEBUG_VALUE: aht20_read:hum_x10 <- $r6
	.loc	1 0 9                           @ ../src/user_aht20.c:0:9
	mov	r0, sp
	.loc	1 264 35 is_stmt 1              @ ../src/user_aht20.c:264:35
	ldrb	r1, [r0, #2]
	.loc	1 264 43 is_stmt 0              @ ../src/user_aht20.c:264:43
	lsls	r1, r1, #4
	.loc	1 263 35 is_stmt 1              @ ../src/user_aht20.c:263:35
	ldrb	r2, [r0, #1]
	.loc	1 263 43 is_stmt 0              @ ../src/user_aht20.c:263:43
	lsls	r2, r2, #12
	.loc	1 264 22 is_stmt 1              @ ../src/user_aht20.c:264:22
	adds	r1, r2, r1
	.loc	1 265 35                        @ ../src/user_aht20.c:265:35
	ldrb	r2, [r0, #3]
	.loc	1 265 43 is_stmt 0              @ ../src/user_aht20.c:265:43
	lsrs	r3, r2, #4
	.loc	1 265 22                        @ ../src/user_aht20.c:265:22
	adds	r1, r1, r3
.Ltmp88:
	@DEBUG_VALUE: aht20_read:raw_hum <- $r1
	.loc	1 0 22                          @ ../src/user_aht20.c:0:22
	movs	r3, #125
	lsls	r5, r3, #3
	.loc	1 276 35 is_stmt 1              @ ../src/user_aht20.c:276:35
	muls	r5, r1, r5
	.loc	1 276 44 is_stmt 0              @ ../src/user_aht20.c:276:44
	lsrs	r1, r5, #20
.Ltmp89:
	.loc	1 276 14                        @ ../src/user_aht20.c:276:14
	strh	r1, [r6]
	.loc	1 270 36 is_stmt 1              @ ../src/user_aht20.c:270:36
	ldrb	r1, [r0, #4]
	.loc	1 270 44 is_stmt 0              @ ../src/user_aht20.c:270:44
	lsls	r1, r1, #8
	.loc	1 269 53 is_stmt 1              @ ../src/user_aht20.c:269:53
	lsls	r2, r2, #28
	lsrs	r2, r2, #12
	.loc	1 270 23                        @ ../src/user_aht20.c:270:23
	adds	r1, r2, r1
	.loc	1 271 36                        @ ../src/user_aht20.c:271:36
	ldrb	r0, [r0, #5]
	.loc	1 271 23 is_stmt 0              @ ../src/user_aht20.c:271:23
	adds	r0, r1, r0
.Ltmp90:
	@DEBUG_VALUE: aht20_read:raw_temp <- $r0
	.loc	1 0 23                          @ ../src/user_aht20.c:0:23
	lsls	r1, r3, #4
	.loc	1 280 36 is_stmt 1              @ ../src/user_aht20.c:280:36
	muls	r1, r0, r1
	.loc	1 280 45 is_stmt 0              @ ../src/user_aht20.c:280:45
	lsrs	r0, r1, #20
.Ltmp91:
	@DEBUG_VALUE: aht20_read:t <- [DW_OP_plus_uconst 65038, DW_OP_stack_value] $r0
	.loc	1 0 45                          @ ../src/user_aht20.c:0:45
	ldr	r1, __arm_cp.6_3
	.loc	1 282 17 is_stmt 1              @ ../src/user_aht20.c:282:17
	adds	r0, r0, r1
.Ltmp92:
	.loc	1 282 15 is_stmt 0              @ ../src/user_aht20.c:282:15
	strh	r0, [r4]
	movs	r5, #1
	b	.LBB6_6
.Ltmp93:
.LBB6_3:
	@DEBUG_VALUE: aht20_read:temp_x10 <- $r4
	@DEBUG_VALUE: aht20_read:hum_x10 <- $r6
	.loc	1 247 56 is_stmt 1              @ ../src/user_aht20.c:247:56
	ldr	r0, __arm_cp.6_0
	ldrh	r1, [r0]
	.loc	1 247 9 is_stmt 0               @ ../src/user_aht20.c:247:9
	adr	r0, .LCPI6_1
	b	.LBB6_5
.Ltmp94:
.LBB6_4:
	@DEBUG_VALUE: aht20_read:temp_x10 <- $r4
	@DEBUG_VALUE: aht20_read:hum_x10 <- $r6
	.loc	1 0 0                           @ ../src/user_aht20.c:0:0
	uxtb	r1, r0
.Ltmp95:
	.loc	1 256 9 is_stmt 1               @ ../src/user_aht20.c:256:9
	adr	r0, .LCPI6_2
.Ltmp96:
.LBB6_5:
	@DEBUG_VALUE: aht20_read:temp_x10 <- $r4
	@DEBUG_VALUE: aht20_read:hum_x10 <- $r6
	.loc	1 0 0 is_stmt 0                 @ ../src/user_aht20.c:0:0
	bl	arch_printf
.Ltmp97:
.LBB6_6:
	@DEBUG_VALUE: aht20_read:temp_x10 <- $r4
	@DEBUG_VALUE: aht20_read:hum_x10 <- $r6
	.loc	1 285 1 is_stmt 1               @ ../src/user_aht20.c:285:1
	mov	r0, r5
	.loc	1 285 1 epilogue_begin is_stmt 0 @ ../src/user_aht20.c:285:1
	pop	{r2, r3, r4, r5, r6, pc}
.Ltmp98:
	.loc	1 0 1                           @ :0:1
.Ltmp99:
	.p2align	2
@ %bb.7:
__arm_cp.6_0:
	.long	s_last_abort
.Lcpi_end12:
	.size	__arm_cp.6_0, .Lcpi_end12-__arm_cp.6_0
.LCPI6_1:
.L.str.5:
	.asciz	"[AHT20] READ6 ABORT=%d\r\n\000\000\000"
.LCPI6_2:
.L.str.6:
	.asciz	"[AHT20] BUSY st=0x%02X\r\n\000\000\000"
__arm_cp.6_3:
	.long	4294966798                      @ 0xfffffe0e
.Lcpi_end13:
	.size	__arm_cp.6_3, .Lcpi_end13-__arm_cp.6_3
.Lfunc_end6:
	.size	aht20_read, .Lfunc_end6-aht20_read
	.cfi_endproc
	.cantunwind
	.fnend
                                        @ -- End function
	.type	.L__const.aht20_init.init_cmd,%object @ @__const.aht20_init.init_cmd
	.section	.rodata.str1.1,"aMS",%progbits,1
.L__const.aht20_init.init_cmd:
	.asciz	"\276\b"
	.size	.L__const.aht20_init.init_cmd, 3

	.type	s_last_abort,%object            @ @s_last_abort
	.section	.bss.s_last_abort,"aw",%nobits
	.p2align	1, 0x0
s_last_abort:
	.short	0                               @ 0x0
	.size	s_last_abort, 2

	.type	.L__const.aht20_trigger_measurement.cmd,%object @ @__const.aht20_trigger_measurement.cmd
	.section	.rodata.str1.1,"aMS",%progbits,1
.L__const.aht20_trigger_measurement.cmd:
	.asciz	"\2543"
	.size	.L__const.aht20_trigger_measurement.cmd, 3

	.section	.debug_loc,"",%progbits
.Ldebug_loc0:
	.long	.Ltmp1-.Lfunc_begin0
	.long	.Ltmp4-.Lfunc_begin0
	.short	2                               @ Loc expr size
	.byte	125                             @ DW_OP_breg13
	.byte	12                              @ 12
	.long	0
	.long	0
.Ldebug_loc1:
	.long	.Ltmp9-.Lfunc_begin0
	.long	.Ltmp12-.Lfunc_begin0
	.short	2                               @ Loc expr size
	.byte	125                             @ DW_OP_breg13
	.byte	4                               @ 4
	.long	0
	.long	0
.Ldebug_loc2:
	.long	.Lfunc_begin1-.Lfunc_begin0
	.long	.Ltmp18-.Lfunc_begin0
	.short	1                               @ Loc expr size
	.byte	80                              @ DW_OP_reg0
	.long	.Ltmp18-.Lfunc_begin0
	.long	.Ltmp23-.Lfunc_begin0
	.short	4                               @ Loc expr size
	.byte	243                             @ DW_OP_GNU_entry_value
	.byte	1                               @ 1
	.byte	80                              @ DW_OP_reg0
	.byte	159                             @ DW_OP_stack_value
	.long	0
	.long	0
.Ldebug_loc3:
	.long	.Lfunc_begin4-.Lfunc_begin0
	.long	.Ltmp36-.Lfunc_begin0
	.short	1                               @ Loc expr size
	.byte	80                              @ DW_OP_reg0
	.long	.Ltmp36-.Lfunc_begin0
	.long	.Ltmp41-.Lfunc_begin0
	.short	4                               @ Loc expr size
	.byte	243                             @ DW_OP_GNU_entry_value
	.byte	1                               @ 1
	.byte	80                              @ DW_OP_reg0
	.byte	159                             @ DW_OP_stack_value
	.long	0
	.long	0
.Ldebug_loc4:
	.long	.Lfunc_begin4-.Lfunc_begin0
	.long	.Ltmp36-.Lfunc_begin0
	.short	1                               @ Loc expr size
	.byte	81                              @ DW_OP_reg1
	.long	.Ltmp36-.Lfunc_begin0
	.long	.Ltmp41-.Lfunc_begin0
	.short	4                               @ Loc expr size
	.byte	243                             @ DW_OP_GNU_entry_value
	.byte	1                               @ 1
	.byte	81                              @ DW_OP_reg1
	.byte	159                             @ DW_OP_stack_value
	.long	0
	.long	0
.Ldebug_loc5:
	.long	.Ltmp46-.Lfunc_begin0
	.long	.Ltmp63-.Lfunc_begin0
	.short	2                               @ Loc expr size
	.byte	125                             @ DW_OP_breg13
	.byte	0                               @ 0
	.long	.Ltmp63-.Lfunc_begin0
	.long	.Ltmp64-.Lfunc_begin0
	.short	1                               @ Loc expr size
	.byte	80                              @ DW_OP_reg0
	.long	.Ltmp64-.Lfunc_begin0
	.long	.Ltmp78-.Lfunc_begin0
	.short	2                               @ Loc expr size
	.byte	125                             @ DW_OP_breg13
	.byte	0                               @ 0
	.long	0
	.long	0
.Ldebug_loc6:
	.long	.Ltmp52-.Lfunc_begin0
	.long	.Ltmp54-.Lfunc_begin0
	.short	1                               @ Loc expr size
	.byte	84                              @ DW_OP_reg4
	.long	0
	.long	0
.Ldebug_loc7:
	.long	.Lfunc_begin6-.Lfunc_begin0
	.long	.Ltmp81-.Lfunc_begin0
	.short	1                               @ Loc expr size
	.byte	80                              @ DW_OP_reg0
	.long	.Ltmp81-.Lfunc_begin0
	.long	.Ltmp98-.Lfunc_begin0
	.short	1                               @ Loc expr size
	.byte	84                              @ DW_OP_reg4
	.long	0
	.long	0
.Ldebug_loc8:
	.long	.Lfunc_begin6-.Lfunc_begin0
	.long	.Ltmp80-.Lfunc_begin0
	.short	1                               @ Loc expr size
	.byte	81                              @ DW_OP_reg1
	.long	.Ltmp80-.Lfunc_begin0
	.long	.Ltmp98-.Lfunc_begin0
	.short	1                               @ Loc expr size
	.byte	86                              @ DW_OP_reg6
	.long	0
	.long	0
.Ldebug_loc9:
	.long	.Ltmp88-.Lfunc_begin0
	.long	.Ltmp89-.Lfunc_begin0
	.short	1                               @ Loc expr size
	.byte	81                              @ DW_OP_reg1
	.long	0
	.long	0
.Ldebug_loc10:
	.long	.Ltmp90-.Lfunc_begin0
	.long	.Ltmp91-.Lfunc_begin0
	.short	1                               @ Loc expr size
	.byte	80                              @ DW_OP_reg0
	.long	0
	.long	0
.Ldebug_loc11:
	.long	.Ltmp91-.Lfunc_begin0
	.long	.Ltmp92-.Lfunc_begin0
	.short	5                               @ Loc expr size
	.byte	112                             @ DW_OP_breg0
	.byte	142                             @ 65038
	.byte	252                             @ 
	.byte	3                               @ 
	.byte	159                             @ DW_OP_stack_value
	.long	0
	.long	0
	.section	.debug_abbrev,"",%progbits
	.byte	1                               @ Abbreviation Code
	.byte	17                              @ DW_TAG_compile_unit
	.byte	1                               @ DW_CHILDREN_yes
	.byte	37                              @ DW_AT_producer
	.byte	14                              @ DW_FORM_strp
	.byte	19                              @ DW_AT_language
	.byte	5                               @ DW_FORM_data2
	.byte	3                               @ DW_AT_name
	.byte	14                              @ DW_FORM_strp
	.byte	16                              @ DW_AT_stmt_list
	.byte	23                              @ DW_FORM_sec_offset
	.byte	27                              @ DW_AT_comp_dir
	.byte	14                              @ DW_FORM_strp
	.byte	17                              @ DW_AT_low_pc
	.byte	1                               @ DW_FORM_addr
	.byte	18                              @ DW_AT_high_pc
	.byte	6                               @ DW_FORM_data4
	.byte	0                               @ EOM(1)
	.byte	0                               @ EOM(2)
	.byte	2                               @ Abbreviation Code
	.byte	52                              @ DW_TAG_variable
	.byte	0                               @ DW_CHILDREN_no
	.byte	73                              @ DW_AT_type
	.byte	19                              @ DW_FORM_ref4
	.byte	58                              @ DW_AT_decl_file
	.byte	11                              @ DW_FORM_data1
	.byte	59                              @ DW_AT_decl_line
	.byte	11                              @ DW_FORM_data1
	.byte	2                               @ DW_AT_location
	.byte	24                              @ DW_FORM_exprloc
	.byte	0                               @ EOM(1)
	.byte	0                               @ EOM(2)
	.byte	3                               @ Abbreviation Code
	.byte	1                               @ DW_TAG_array_type
	.byte	1                               @ DW_CHILDREN_yes
	.byte	73                              @ DW_AT_type
	.byte	19                              @ DW_FORM_ref4
	.byte	0                               @ EOM(1)
	.byte	0                               @ EOM(2)
	.byte	4                               @ Abbreviation Code
	.byte	33                              @ DW_TAG_subrange_type
	.byte	0                               @ DW_CHILDREN_no
	.byte	73                              @ DW_AT_type
	.byte	19                              @ DW_FORM_ref4
	.byte	55                              @ DW_AT_count
	.byte	11                              @ DW_FORM_data1
	.byte	0                               @ EOM(1)
	.byte	0                               @ EOM(2)
	.byte	5                               @ Abbreviation Code
	.byte	36                              @ DW_TAG_base_type
	.byte	0                               @ DW_CHILDREN_no
	.byte	3                               @ DW_AT_name
	.byte	14                              @ DW_FORM_strp
	.byte	62                              @ DW_AT_encoding
	.byte	11                              @ DW_FORM_data1
	.byte	11                              @ DW_AT_byte_size
	.byte	11                              @ DW_FORM_data1
	.byte	0                               @ EOM(1)
	.byte	0                               @ EOM(2)
	.byte	6                               @ Abbreviation Code
	.byte	36                              @ DW_TAG_base_type
	.byte	0                               @ DW_CHILDREN_no
	.byte	3                               @ DW_AT_name
	.byte	14                              @ DW_FORM_strp
	.byte	11                              @ DW_AT_byte_size
	.byte	11                              @ DW_FORM_data1
	.byte	62                              @ DW_AT_encoding
	.byte	11                              @ DW_FORM_data1
	.byte	0                               @ EOM(1)
	.byte	0                               @ EOM(2)
	.byte	7                               @ Abbreviation Code
	.byte	52                              @ DW_TAG_variable
	.byte	0                               @ DW_CHILDREN_no
	.byte	73                              @ DW_AT_type
	.byte	19                              @ DW_FORM_ref4
	.byte	58                              @ DW_AT_decl_file
	.byte	11                              @ DW_FORM_data1
	.byte	59                              @ DW_AT_decl_line
	.byte	5                               @ DW_FORM_data2
	.byte	2                               @ DW_AT_location
	.byte	24                              @ DW_FORM_exprloc
	.byte	0                               @ EOM(1)
	.byte	0                               @ EOM(2)
	.byte	8                               @ Abbreviation Code
	.byte	52                              @ DW_TAG_variable
	.byte	0                               @ DW_CHILDREN_no
	.byte	3                               @ DW_AT_name
	.byte	14                              @ DW_FORM_strp
	.byte	73                              @ DW_AT_type
	.byte	19                              @ DW_FORM_ref4
	.byte	58                              @ DW_AT_decl_file
	.byte	11                              @ DW_FORM_data1
	.byte	59                              @ DW_AT_decl_line
	.byte	11                              @ DW_FORM_data1
	.byte	2                               @ DW_AT_location
	.byte	24                              @ DW_FORM_exprloc
	.byte	0                               @ EOM(1)
	.byte	0                               @ EOM(2)
	.byte	9                               @ Abbreviation Code
	.byte	22                              @ DW_TAG_typedef
	.byte	0                               @ DW_CHILDREN_no
	.byte	73                              @ DW_AT_type
	.byte	19                              @ DW_FORM_ref4
	.byte	3                               @ DW_AT_name
	.byte	14                              @ DW_FORM_strp
	.byte	58                              @ DW_AT_decl_file
	.byte	11                              @ DW_FORM_data1
	.byte	59                              @ DW_AT_decl_line
	.byte	5                               @ DW_FORM_data2
	.byte	0                               @ EOM(1)
	.byte	0                               @ EOM(2)
	.byte	10                              @ Abbreviation Code
	.byte	4                               @ DW_TAG_enumeration_type
	.byte	1                               @ DW_CHILDREN_yes
	.byte	73                              @ DW_AT_type
	.byte	19                              @ DW_FORM_ref4
	.byte	11                              @ DW_AT_byte_size
	.byte	11                              @ DW_FORM_data1
	.byte	58                              @ DW_AT_decl_file
	.byte	11                              @ DW_FORM_data1
	.byte	59                              @ DW_AT_decl_line
	.byte	5                               @ DW_FORM_data2
	.byte	0                               @ EOM(1)
	.byte	0                               @ EOM(2)
	.byte	11                              @ Abbreviation Code
	.byte	40                              @ DW_TAG_enumerator
	.byte	0                               @ DW_CHILDREN_no
	.byte	3                               @ DW_AT_name
	.byte	14                              @ DW_FORM_strp
	.byte	28                              @ DW_AT_const_value
	.byte	15                              @ DW_FORM_udata
	.byte	0                               @ EOM(1)
	.byte	0                               @ EOM(2)
	.byte	12                              @ Abbreviation Code
	.byte	52                              @ DW_TAG_variable
	.byte	0                               @ DW_CHILDREN_no
	.byte	3                               @ DW_AT_name
	.byte	14                              @ DW_FORM_strp
	.byte	73                              @ DW_AT_type
	.byte	19                              @ DW_FORM_ref4
	.byte	58                              @ DW_AT_decl_file
	.byte	11                              @ DW_FORM_data1
	.byte	59                              @ DW_AT_decl_line
	.byte	11                              @ DW_FORM_data1
	.byte	0                               @ EOM(1)
	.byte	0                               @ EOM(2)
	.byte	13                              @ Abbreviation Code
	.byte	38                              @ DW_TAG_const_type
	.byte	0                               @ DW_CHILDREN_no
	.byte	73                              @ DW_AT_type
	.byte	19                              @ DW_FORM_ref4
	.byte	0                               @ EOM(1)
	.byte	0                               @ EOM(2)
	.byte	14                              @ Abbreviation Code
	.byte	15                              @ DW_TAG_pointer_type
	.byte	0                               @ DW_CHILDREN_no
	.byte	73                              @ DW_AT_type
	.byte	19                              @ DW_FORM_ref4
	.byte	0                               @ EOM(1)
	.byte	0                               @ EOM(2)
	.byte	15                              @ Abbreviation Code
	.byte	22                              @ DW_TAG_typedef
	.byte	0                               @ DW_CHILDREN_no
	.byte	73                              @ DW_AT_type
	.byte	19                              @ DW_FORM_ref4
	.byte	3                               @ DW_AT_name
	.byte	14                              @ DW_FORM_strp
	.byte	58                              @ DW_AT_decl_file
	.byte	11                              @ DW_FORM_data1
	.byte	59                              @ DW_AT_decl_line
	.byte	11                              @ DW_FORM_data1
	.byte	0                               @ EOM(1)
	.byte	0                               @ EOM(2)
	.byte	16                              @ Abbreviation Code
	.byte	19                              @ DW_TAG_structure_type
	.byte	1                               @ DW_CHILDREN_yes
	.byte	11                              @ DW_AT_byte_size
	.byte	5                               @ DW_FORM_data2
	.byte	58                              @ DW_AT_decl_file
	.byte	11                              @ DW_FORM_data1
	.byte	59                              @ DW_AT_decl_line
	.byte	11                              @ DW_FORM_data1
	.byte	0                               @ EOM(1)
	.byte	0                               @ EOM(2)
	.byte	17                              @ Abbreviation Code
	.byte	13                              @ DW_TAG_member
	.byte	0                               @ DW_CHILDREN_no
	.byte	3                               @ DW_AT_name
	.byte	14                              @ DW_FORM_strp
	.byte	73                              @ DW_AT_type
	.byte	19                              @ DW_FORM_ref4
	.byte	58                              @ DW_AT_decl_file
	.byte	11                              @ DW_FORM_data1
	.byte	59                              @ DW_AT_decl_line
	.byte	11                              @ DW_FORM_data1
	.byte	56                              @ DW_AT_data_member_location
	.byte	11                              @ DW_FORM_data1
	.byte	0                               @ EOM(1)
	.byte	0                               @ EOM(2)
	.byte	18                              @ Abbreviation Code
	.byte	53                              @ DW_TAG_volatile_type
	.byte	0                               @ DW_CHILDREN_no
	.byte	73                              @ DW_AT_type
	.byte	19                              @ DW_FORM_ref4
	.byte	0                               @ EOM(1)
	.byte	0                               @ EOM(2)
	.byte	19                              @ Abbreviation Code
	.byte	4                               @ DW_TAG_enumeration_type
	.byte	1                               @ DW_CHILDREN_yes
	.byte	73                              @ DW_AT_type
	.byte	19                              @ DW_FORM_ref4
	.byte	11                              @ DW_AT_byte_size
	.byte	11                              @ DW_FORM_data1
	.byte	58                              @ DW_AT_decl_file
	.byte	11                              @ DW_FORM_data1
	.byte	59                              @ DW_AT_decl_line
	.byte	11                              @ DW_FORM_data1
	.byte	0                               @ EOM(1)
	.byte	0                               @ EOM(2)
	.byte	20                              @ Abbreviation Code
	.byte	46                              @ DW_TAG_subprogram
	.byte	1                               @ DW_CHILDREN_yes
	.byte	17                              @ DW_AT_low_pc
	.byte	1                               @ DW_FORM_addr
	.byte	18                              @ DW_AT_high_pc
	.byte	6                               @ DW_FORM_data4
	.byte	64                              @ DW_AT_frame_base
	.byte	24                              @ DW_FORM_exprloc
	.ascii	"\227B"                         @ DW_AT_GNU_all_call_sites
	.byte	25                              @ DW_FORM_flag_present
	.byte	3                               @ DW_AT_name
	.byte	14                              @ DW_FORM_strp
	.byte	58                              @ DW_AT_decl_file
	.byte	11                              @ DW_FORM_data1
	.byte	59                              @ DW_AT_decl_line
	.byte	11                              @ DW_FORM_data1
	.byte	39                              @ DW_AT_prototyped
	.byte	25                              @ DW_FORM_flag_present
	.byte	73                              @ DW_AT_type
	.byte	19                              @ DW_FORM_ref4
	.byte	63                              @ DW_AT_external
	.byte	25                              @ DW_FORM_flag_present
	.byte	0                               @ EOM(1)
	.byte	0                               @ EOM(2)
	.byte	21                              @ Abbreviation Code
	.byte	52                              @ DW_TAG_variable
	.byte	0                               @ DW_CHILDREN_no
	.byte	2                               @ DW_AT_location
	.byte	24                              @ DW_FORM_exprloc
	.byte	3                               @ DW_AT_name
	.byte	14                              @ DW_FORM_strp
	.byte	58                              @ DW_AT_decl_file
	.byte	11                              @ DW_FORM_data1
	.byte	59                              @ DW_AT_decl_line
	.byte	11                              @ DW_FORM_data1
	.byte	73                              @ DW_AT_type
	.byte	19                              @ DW_FORM_ref4
	.byte	0                               @ EOM(1)
	.byte	0                               @ EOM(2)
	.byte	22                              @ Abbreviation Code
	.byte	11                              @ DW_TAG_lexical_block
	.byte	1                               @ DW_CHILDREN_yes
	.byte	17                              @ DW_AT_low_pc
	.byte	1                               @ DW_FORM_addr
	.byte	18                              @ DW_AT_high_pc
	.byte	6                               @ DW_FORM_data4
	.byte	0                               @ EOM(1)
	.byte	0                               @ EOM(2)
	.byte	23                              @ Abbreviation Code
	.byte	52                              @ DW_TAG_variable
	.byte	0                               @ DW_CHILDREN_no
	.byte	2                               @ DW_AT_location
	.byte	23                              @ DW_FORM_sec_offset
	.byte	3                               @ DW_AT_name
	.byte	14                              @ DW_FORM_strp
	.byte	58                              @ DW_AT_decl_file
	.byte	11                              @ DW_FORM_data1
	.byte	59                              @ DW_AT_decl_line
	.byte	11                              @ DW_FORM_data1
	.byte	73                              @ DW_AT_type
	.byte	19                              @ DW_FORM_ref4
	.byte	0                               @ EOM(1)
	.byte	0                               @ EOM(2)
	.byte	24                              @ Abbreviation Code
	.byte	46                              @ DW_TAG_subprogram
	.byte	0                               @ DW_CHILDREN_no
	.byte	3                               @ DW_AT_name
	.byte	14                              @ DW_FORM_strp
	.byte	58                              @ DW_AT_decl_file
	.byte	11                              @ DW_FORM_data1
	.byte	59                              @ DW_AT_decl_line
	.byte	5                               @ DW_FORM_data2
	.byte	39                              @ DW_AT_prototyped
	.byte	25                              @ DW_FORM_flag_present
	.byte	32                              @ DW_AT_inline
	.byte	11                              @ DW_FORM_data1
	.byte	0                               @ EOM(1)
	.byte	0                               @ EOM(2)
	.byte	25                              @ Abbreviation Code
	.byte	46                              @ DW_TAG_subprogram
	.byte	1                               @ DW_CHILDREN_yes
	.byte	17                              @ DW_AT_low_pc
	.byte	1                               @ DW_FORM_addr
	.byte	18                              @ DW_AT_high_pc
	.byte	6                               @ DW_FORM_data4
	.byte	64                              @ DW_AT_frame_base
	.byte	24                              @ DW_FORM_exprloc
	.ascii	"\227B"                         @ DW_AT_GNU_all_call_sites
	.byte	25                              @ DW_FORM_flag_present
	.byte	3                               @ DW_AT_name
	.byte	14                              @ DW_FORM_strp
	.byte	58                              @ DW_AT_decl_file
	.byte	11                              @ DW_FORM_data1
	.byte	59                              @ DW_AT_decl_line
	.byte	11                              @ DW_FORM_data1
	.byte	39                              @ DW_AT_prototyped
	.byte	25                              @ DW_FORM_flag_present
	.byte	54                              @ DW_AT_calling_convention
	.byte	11                              @ DW_FORM_data1
	.byte	73                              @ DW_AT_type
	.byte	19                              @ DW_FORM_ref4
	.byte	0                               @ EOM(1)
	.byte	0                               @ EOM(2)
	.byte	26                              @ Abbreviation Code
	.byte	5                               @ DW_TAG_formal_parameter
	.byte	0                               @ DW_CHILDREN_no
	.byte	2                               @ DW_AT_location
	.byte	23                              @ DW_FORM_sec_offset
	.byte	3                               @ DW_AT_name
	.byte	14                              @ DW_FORM_strp
	.byte	58                              @ DW_AT_decl_file
	.byte	11                              @ DW_FORM_data1
	.byte	59                              @ DW_AT_decl_line
	.byte	11                              @ DW_FORM_data1
	.byte	73                              @ DW_AT_type
	.byte	19                              @ DW_FORM_ref4
	.byte	0                               @ EOM(1)
	.byte	0                               @ EOM(2)
	.byte	27                              @ Abbreviation Code
	.byte	5                               @ DW_TAG_formal_parameter
	.byte	0                               @ DW_CHILDREN_no
	.byte	28                              @ DW_AT_const_value
	.byte	15                              @ DW_FORM_udata
	.byte	3                               @ DW_AT_name
	.byte	14                              @ DW_FORM_strp
	.byte	58                              @ DW_AT_decl_file
	.byte	11                              @ DW_FORM_data1
	.byte	59                              @ DW_AT_decl_line
	.byte	11                              @ DW_FORM_data1
	.byte	73                              @ DW_AT_type
	.byte	19                              @ DW_FORM_ref4
	.byte	0                               @ EOM(1)
	.byte	0                               @ EOM(2)
	.byte	28                              @ Abbreviation Code
	.byte	29                              @ DW_TAG_inlined_subroutine
	.byte	0                               @ DW_CHILDREN_no
	.byte	49                              @ DW_AT_abstract_origin
	.byte	19                              @ DW_FORM_ref4
	.byte	17                              @ DW_AT_low_pc
	.byte	1                               @ DW_FORM_addr
	.byte	18                              @ DW_AT_high_pc
	.byte	6                               @ DW_FORM_data4
	.byte	88                              @ DW_AT_call_file
	.byte	11                              @ DW_FORM_data1
	.byte	89                              @ DW_AT_call_line
	.byte	11                              @ DW_FORM_data1
	.byte	87                              @ DW_AT_call_column
	.byte	11                              @ DW_FORM_data1
	.byte	0                               @ EOM(1)
	.byte	0                               @ EOM(2)
	.byte	29                              @ Abbreviation Code
	.byte	46                              @ DW_TAG_subprogram
	.byte	1                               @ DW_CHILDREN_yes
	.byte	17                              @ DW_AT_low_pc
	.byte	1                               @ DW_FORM_addr
	.byte	18                              @ DW_AT_high_pc
	.byte	6                               @ DW_FORM_data4
	.byte	64                              @ DW_AT_frame_base
	.byte	24                              @ DW_FORM_exprloc
	.ascii	"\227B"                         @ DW_AT_GNU_all_call_sites
	.byte	25                              @ DW_FORM_flag_present
	.byte	3                               @ DW_AT_name
	.byte	14                              @ DW_FORM_strp
	.byte	58                              @ DW_AT_decl_file
	.byte	11                              @ DW_FORM_data1
	.byte	59                              @ DW_AT_decl_line
	.byte	11                              @ DW_FORM_data1
	.byte	39                              @ DW_AT_prototyped
	.byte	25                              @ DW_FORM_flag_present
	.byte	63                              @ DW_AT_external
	.byte	25                              @ DW_FORM_flag_present
	.byte	0                               @ EOM(1)
	.byte	0                               @ EOM(2)
	.byte	30                              @ Abbreviation Code
	.byte	46                              @ DW_TAG_subprogram
	.byte	1                               @ DW_CHILDREN_yes
	.byte	17                              @ DW_AT_low_pc
	.byte	1                               @ DW_FORM_addr
	.byte	18                              @ DW_AT_high_pc
	.byte	6                               @ DW_FORM_data4
	.byte	64                              @ DW_AT_frame_base
	.byte	24                              @ DW_FORM_exprloc
	.ascii	"\227B"                         @ DW_AT_GNU_all_call_sites
	.byte	25                              @ DW_FORM_flag_present
	.byte	3                               @ DW_AT_name
	.byte	14                              @ DW_FORM_strp
	.byte	58                              @ DW_AT_decl_file
	.byte	11                              @ DW_FORM_data1
	.byte	59                              @ DW_AT_decl_line
	.byte	11                              @ DW_FORM_data1
	.byte	39                              @ DW_AT_prototyped
	.byte	25                              @ DW_FORM_flag_present
	.byte	73                              @ DW_AT_type
	.byte	19                              @ DW_FORM_ref4
	.byte	0                               @ EOM(1)
	.byte	0                               @ EOM(2)
	.byte	31                              @ Abbreviation Code
	.byte	46                              @ DW_TAG_subprogram
	.byte	1                               @ DW_CHILDREN_yes
	.byte	3                               @ DW_AT_name
	.byte	14                              @ DW_FORM_strp
	.byte	58                              @ DW_AT_decl_file
	.byte	11                              @ DW_FORM_data1
	.byte	59                              @ DW_AT_decl_line
	.byte	5                               @ DW_FORM_data2
	.byte	39                              @ DW_AT_prototyped
	.byte	25                              @ DW_FORM_flag_present
	.byte	32                              @ DW_AT_inline
	.byte	11                              @ DW_FORM_data1
	.byte	0                               @ EOM(1)
	.byte	0                               @ EOM(2)
	.byte	32                              @ Abbreviation Code
	.byte	5                               @ DW_TAG_formal_parameter
	.byte	0                               @ DW_CHILDREN_no
	.byte	3                               @ DW_AT_name
	.byte	14                              @ DW_FORM_strp
	.byte	58                              @ DW_AT_decl_file
	.byte	11                              @ DW_FORM_data1
	.byte	59                              @ DW_AT_decl_line
	.byte	5                               @ DW_FORM_data2
	.byte	73                              @ DW_AT_type
	.byte	19                              @ DW_FORM_ref4
	.byte	0                               @ EOM(1)
	.byte	0                               @ EOM(2)
	.byte	33                              @ Abbreviation Code
	.byte	46                              @ DW_TAG_subprogram
	.byte	0                               @ DW_CHILDREN_no
	.byte	3                               @ DW_AT_name
	.byte	14                              @ DW_FORM_strp
	.byte	58                              @ DW_AT_decl_file
	.byte	11                              @ DW_FORM_data1
	.byte	59                              @ DW_AT_decl_line
	.byte	5                               @ DW_FORM_data2
	.byte	39                              @ DW_AT_prototyped
	.byte	25                              @ DW_FORM_flag_present
	.byte	73                              @ DW_AT_type
	.byte	19                              @ DW_FORM_ref4
	.byte	32                              @ DW_AT_inline
	.byte	11                              @ DW_FORM_data1
	.byte	0                               @ EOM(1)
	.byte	0                               @ EOM(2)
	.byte	34                              @ Abbreviation Code
	.byte	29                              @ DW_TAG_inlined_subroutine
	.byte	1                               @ DW_CHILDREN_yes
	.byte	49                              @ DW_AT_abstract_origin
	.byte	19                              @ DW_FORM_ref4
	.byte	17                              @ DW_AT_low_pc
	.byte	1                               @ DW_FORM_addr
	.byte	18                              @ DW_AT_high_pc
	.byte	6                               @ DW_FORM_data4
	.byte	88                              @ DW_AT_call_file
	.byte	11                              @ DW_FORM_data1
	.byte	89                              @ DW_AT_call_line
	.byte	11                              @ DW_FORM_data1
	.byte	87                              @ DW_AT_call_column
	.byte	11                              @ DW_FORM_data1
	.byte	0                               @ EOM(1)
	.byte	0                               @ EOM(2)
	.byte	35                              @ Abbreviation Code
	.byte	5                               @ DW_TAG_formal_parameter
	.byte	0                               @ DW_CHILDREN_no
	.byte	28                              @ DW_AT_const_value
	.byte	15                              @ DW_FORM_udata
	.byte	49                              @ DW_AT_abstract_origin
	.byte	19                              @ DW_FORM_ref4
	.byte	0                               @ EOM(1)
	.byte	0                               @ EOM(2)
	.byte	36                              @ Abbreviation Code
	.byte	5                               @ DW_TAG_formal_parameter
	.byte	0                               @ DW_CHILDREN_no
	.byte	2                               @ DW_AT_location
	.byte	23                              @ DW_FORM_sec_offset
	.byte	49                              @ DW_AT_abstract_origin
	.byte	19                              @ DW_FORM_ref4
	.byte	0                               @ EOM(1)
	.byte	0                               @ EOM(2)
	.byte	37                              @ Abbreviation Code
	.byte	52                              @ DW_TAG_variable
	.byte	0                               @ DW_CHILDREN_no
	.byte	2                               @ DW_AT_location
	.byte	23                              @ DW_FORM_sec_offset
	.byte	3                               @ DW_AT_name
	.byte	14                              @ DW_FORM_strp
	.byte	58                              @ DW_AT_decl_file
	.byte	11                              @ DW_FORM_data1
	.byte	59                              @ DW_AT_decl_line
	.byte	5                               @ DW_FORM_data2
	.byte	73                              @ DW_AT_type
	.byte	19                              @ DW_FORM_ref4
	.byte	0                               @ EOM(1)
	.byte	0                               @ EOM(2)
	.byte	0                               @ EOM(3)
	.section	.debug_info,"",%progbits
.Lcu_begin0:
	.long	.Ldebug_info_end0-.Ldebug_info_start0 @ Length of Unit
.Ldebug_info_start0:
	.short	4                               @ DWARF version number
	.long	.debug_abbrev                   @ Offset Into Abbrev. Section
	.byte	4                               @ Address Size (in bytes)
	.byte	1                               @ Abbrev [1] 0xb:0x97e DW_TAG_compile_unit
	.long	.Linfo_string0                  @ DW_AT_producer
	.short	12                              @ DW_AT_language
	.long	.Linfo_string1                  @ DW_AT_name
	.long	.Lline_table_start0             @ DW_AT_stmt_list
	.long	.Linfo_string2                  @ DW_AT_comp_dir
	.long	.Lfunc_begin0                   @ DW_AT_low_pc
	.long	.Lfunc_end6-.Lfunc_begin0       @ DW_AT_high_pc
	.byte	2                               @ Abbrev [2] 0x26:0xd DW_TAG_variable
	.long	51                              @ DW_AT_type
	.byte	1                               @ DW_AT_decl_file
	.byte	122                             @ DW_AT_decl_line
	.byte	5                               @ DW_AT_location
	.byte	3
	.long	.L.str
	.byte	3                               @ Abbrev [3] 0x33:0xc DW_TAG_array_type
	.long	63                              @ DW_AT_type
	.byte	4                               @ Abbrev [4] 0x38:0x6 DW_TAG_subrange_type
	.long	70                              @ DW_AT_type
	.byte	24                              @ DW_AT_count
	.byte	0                               @ End Of Children Mark
	.byte	5                               @ Abbrev [5] 0x3f:0x7 DW_TAG_base_type
	.long	.Linfo_string3                  @ DW_AT_name
	.byte	8                               @ DW_AT_encoding
	.byte	1                               @ DW_AT_byte_size
	.byte	6                               @ Abbrev [6] 0x46:0x7 DW_TAG_base_type
	.long	.Linfo_string4                  @ DW_AT_name
	.byte	8                               @ DW_AT_byte_size
	.byte	7                               @ DW_AT_encoding
	.byte	2                               @ Abbrev [2] 0x4d:0xd DW_TAG_variable
	.long	51                              @ DW_AT_type
	.byte	1                               @ DW_AT_decl_file
	.byte	143                             @ DW_AT_decl_line
	.byte	5                               @ DW_AT_location
	.byte	3
	.long	.L.str.1
	.byte	2                               @ Abbrev [2] 0x5a:0xd DW_TAG_variable
	.long	103                             @ DW_AT_type
	.byte	1                               @ DW_AT_decl_file
	.byte	162                             @ DW_AT_decl_line
	.byte	5                               @ DW_AT_location
	.byte	3
	.long	.L.str.2
	.byte	3                               @ Abbrev [3] 0x67:0xc DW_TAG_array_type
	.long	63                              @ DW_AT_type
	.byte	4                               @ Abbrev [4] 0x6c:0x6 DW_TAG_subrange_type
	.long	70                              @ DW_AT_type
	.byte	28                              @ DW_AT_count
	.byte	0                               @ End Of Children Mark
	.byte	2                               @ Abbrev [2] 0x73:0xd DW_TAG_variable
	.long	128                             @ DW_AT_type
	.byte	1                               @ DW_AT_decl_file
	.byte	197                             @ DW_AT_decl_line
	.byte	5                               @ DW_AT_location
	.byte	3
	.long	.L.str.3
	.byte	3                               @ Abbrev [3] 0x80:0xc DW_TAG_array_type
	.long	63                              @ DW_AT_type
	.byte	4                               @ Abbrev [4] 0x85:0x6 DW_TAG_subrange_type
	.long	70                              @ DW_AT_type
	.byte	22                              @ DW_AT_count
	.byte	0                               @ End Of Children Mark
	.byte	2                               @ Abbrev [2] 0x8c:0xd DW_TAG_variable
	.long	153                             @ DW_AT_type
	.byte	1                               @ DW_AT_decl_file
	.byte	204                             @ DW_AT_decl_line
	.byte	5                               @ DW_AT_location
	.byte	3
	.long	.L.str.4
	.byte	3                               @ Abbrev [3] 0x99:0xc DW_TAG_array_type
	.long	63                              @ DW_AT_type
	.byte	4                               @ Abbrev [4] 0x9e:0x6 DW_TAG_subrange_type
	.long	70                              @ DW_AT_type
	.byte	27                              @ DW_AT_count
	.byte	0                               @ End Of Children Mark
	.byte	2                               @ Abbrev [2] 0xa5:0xd DW_TAG_variable
	.long	178                             @ DW_AT_type
	.byte	1                               @ DW_AT_decl_file
	.byte	247                             @ DW_AT_decl_line
	.byte	5                               @ DW_AT_location
	.byte	3
	.long	.L.str.5
	.byte	3                               @ Abbrev [3] 0xb2:0xc DW_TAG_array_type
	.long	63                              @ DW_AT_type
	.byte	4                               @ Abbrev [4] 0xb7:0x6 DW_TAG_subrange_type
	.long	70                              @ DW_AT_type
	.byte	25                              @ DW_AT_count
	.byte	0                               @ End Of Children Mark
	.byte	7                               @ Abbrev [7] 0xbe:0xe DW_TAG_variable
	.long	178                             @ DW_AT_type
	.byte	1                               @ DW_AT_decl_file
	.short	256                             @ DW_AT_decl_line
	.byte	5                               @ DW_AT_location
	.byte	3
	.long	.L.str.6
	.byte	8                               @ Abbrev [8] 0xcc:0x11 DW_TAG_variable
	.long	.Linfo_string5                  @ DW_AT_name
	.long	221                             @ DW_AT_type
	.byte	1                               @ DW_AT_decl_file
	.byte	49                              @ DW_AT_decl_line
	.byte	5                               @ DW_AT_location
	.byte	3
	.long	s_last_abort
	.byte	9                               @ Abbrev [9] 0xdd:0xc DW_TAG_typedef
	.long	233                             @ DW_AT_type
	.long	.Linfo_string24                 @ DW_AT_name
	.byte	2                               @ DW_AT_decl_file
	.short	412                             @ DW_AT_decl_line
	.byte	10                              @ Abbrev [10] 0xe9:0x7c DW_TAG_enumeration_type
	.long	357                             @ DW_AT_type
	.byte	2                               @ DW_AT_byte_size
	.byte	2                               @ DW_AT_decl_file
	.short	359                             @ DW_AT_decl_line
	.byte	11                              @ Abbrev [11] 0xf2:0x6 DW_TAG_enumerator
	.long	.Linfo_string7                  @ DW_AT_name
	.byte	0                               @ DW_AT_const_value
	.byte	11                              @ Abbrev [11] 0xf8:0x6 DW_TAG_enumerator
	.long	.Linfo_string8                  @ DW_AT_name
	.byte	1                               @ DW_AT_const_value
	.byte	11                              @ Abbrev [11] 0xfe:0x6 DW_TAG_enumerator
	.long	.Linfo_string9                  @ DW_AT_name
	.byte	2                               @ DW_AT_const_value
	.byte	11                              @ Abbrev [11] 0x104:0x6 DW_TAG_enumerator
	.long	.Linfo_string10                 @ DW_AT_name
	.byte	4                               @ DW_AT_const_value
	.byte	11                              @ Abbrev [11] 0x10a:0x6 DW_TAG_enumerator
	.long	.Linfo_string11                 @ DW_AT_name
	.byte	8                               @ DW_AT_const_value
	.byte	11                              @ Abbrev [11] 0x110:0x6 DW_TAG_enumerator
	.long	.Linfo_string12                 @ DW_AT_name
	.byte	16                              @ DW_AT_const_value
	.byte	11                              @ Abbrev [11] 0x116:0x6 DW_TAG_enumerator
	.long	.Linfo_string13                 @ DW_AT_name
	.byte	32                              @ DW_AT_const_value
	.byte	11                              @ Abbrev [11] 0x11c:0x6 DW_TAG_enumerator
	.long	.Linfo_string14                 @ DW_AT_name
	.byte	64                              @ DW_AT_const_value
	.byte	11                              @ Abbrev [11] 0x122:0x7 DW_TAG_enumerator
	.long	.Linfo_string15                 @ DW_AT_name
	.ascii	"\200\001"                      @ DW_AT_const_value
	.byte	11                              @ Abbrev [11] 0x129:0x7 DW_TAG_enumerator
	.long	.Linfo_string16                 @ DW_AT_name
	.ascii	"\200\002"                      @ DW_AT_const_value
	.byte	11                              @ Abbrev [11] 0x130:0x7 DW_TAG_enumerator
	.long	.Linfo_string17                 @ DW_AT_name
	.ascii	"\200\b"                        @ DW_AT_const_value
	.byte	11                              @ Abbrev [11] 0x137:0x7 DW_TAG_enumerator
	.long	.Linfo_string18                 @ DW_AT_name
	.ascii	"\200\020"                      @ DW_AT_const_value
	.byte	11                              @ Abbrev [11] 0x13e:0x7 DW_TAG_enumerator
	.long	.Linfo_string19                 @ DW_AT_name
	.ascii	"\200 "                         @ DW_AT_const_value
	.byte	11                              @ Abbrev [11] 0x145:0x7 DW_TAG_enumerator
	.long	.Linfo_string20                 @ DW_AT_name
	.ascii	"\200@"                         @ DW_AT_const_value
	.byte	11                              @ Abbrev [11] 0x14c:0x8 DW_TAG_enumerator
	.long	.Linfo_string21                 @ DW_AT_name
	.ascii	"\200\200\001"                  @ DW_AT_const_value
	.byte	11                              @ Abbrev [11] 0x154:0x8 DW_TAG_enumerator
	.long	.Linfo_string22                 @ DW_AT_name
	.ascii	"\200\200\002"                  @ DW_AT_const_value
	.byte	11                              @ Abbrev [11] 0x15c:0x8 DW_TAG_enumerator
	.long	.Linfo_string23                 @ DW_AT_name
	.ascii	"\201\200\002"                  @ DW_AT_const_value
	.byte	0                               @ End Of Children Mark
	.byte	5                               @ Abbrev [5] 0x165:0x7 DW_TAG_base_type
	.long	.Linfo_string6                  @ DW_AT_name
	.byte	7                               @ DW_AT_encoding
	.byte	2                               @ DW_AT_byte_size
	.byte	12                              @ Abbrev [12] 0x16c:0xb DW_TAG_variable
	.long	.Linfo_string25                 @ DW_AT_name
	.long	375                             @ DW_AT_type
	.byte	2                               @ DW_AT_decl_file
	.byte	250                             @ DW_AT_decl_line
	.byte	13                              @ Abbrev [13] 0x177:0x5 DW_TAG_const_type
	.long	380                             @ DW_AT_type
	.byte	14                              @ Abbrev [14] 0x17c:0x5 DW_TAG_pointer_type
	.long	385                             @ DW_AT_type
	.byte	15                              @ Abbrev [15] 0x181:0xb DW_TAG_typedef
	.long	396                             @ DW_AT_type
	.long	.Linfo_string107                @ DW_AT_name
	.byte	2                               @ DW_AT_decl_file
	.byte	247                             @ DW_AT_decl_line
	.byte	16                              @ Abbrev [16] 0x18c:0x3c6 DW_TAG_structure_type
	.short	256                             @ DW_AT_byte_size
	.byte	2                               @ DW_AT_decl_file
	.byte	79                              @ DW_AT_decl_line
	.byte	17                              @ Abbrev [17] 0x191:0xc DW_TAG_member
	.long	.Linfo_string26                 @ DW_AT_name
	.long	1362                            @ DW_AT_type
	.byte	2                               @ DW_AT_decl_file
	.byte	82                              @ DW_AT_decl_line
	.byte	0                               @ DW_AT_data_member_location
	.byte	17                              @ Abbrev [17] 0x19d:0xc DW_TAG_member
	.long	.Linfo_string28                 @ DW_AT_name
	.long	1367                            @ DW_AT_type
	.byte	2                               @ DW_AT_decl_file
	.byte	83                              @ DW_AT_decl_line
	.byte	2                               @ DW_AT_data_member_location
	.byte	17                              @ Abbrev [17] 0x1a9:0xc DW_TAG_member
	.long	.Linfo_string29                 @ DW_AT_name
	.long	1362                            @ DW_AT_type
	.byte	2                               @ DW_AT_decl_file
	.byte	86                              @ DW_AT_decl_line
	.byte	4                               @ DW_AT_data_member_location
	.byte	17                              @ Abbrev [17] 0x1b5:0xc DW_TAG_member
	.long	.Linfo_string30                 @ DW_AT_name
	.long	1367                            @ DW_AT_type
	.byte	2                               @ DW_AT_decl_file
	.byte	87                              @ DW_AT_decl_line
	.byte	6                               @ DW_AT_data_member_location
	.byte	17                              @ Abbrev [17] 0x1c1:0xc DW_TAG_member
	.long	.Linfo_string31                 @ DW_AT_name
	.long	1362                            @ DW_AT_type
	.byte	2                               @ DW_AT_decl_file
	.byte	90                              @ DW_AT_decl_line
	.byte	8                               @ DW_AT_data_member_location
	.byte	17                              @ Abbrev [17] 0x1cd:0xc DW_TAG_member
	.long	.Linfo_string32                 @ DW_AT_name
	.long	1378                            @ DW_AT_type
	.byte	2                               @ DW_AT_decl_file
	.byte	91                              @ DW_AT_decl_line
	.byte	10                              @ DW_AT_data_member_location
	.byte	17                              @ Abbrev [17] 0x1d9:0xc DW_TAG_member
	.long	.Linfo_string33                 @ DW_AT_name
	.long	1362                            @ DW_AT_type
	.byte	2                               @ DW_AT_decl_file
	.byte	94                              @ DW_AT_decl_line
	.byte	16                              @ DW_AT_data_member_location
	.byte	17                              @ Abbrev [17] 0x1e5:0xc DW_TAG_member
	.long	.Linfo_string34                 @ DW_AT_name
	.long	1367                            @ DW_AT_type
	.byte	2                               @ DW_AT_decl_file
	.byte	95                              @ DW_AT_decl_line
	.byte	18                              @ DW_AT_data_member_location
	.byte	17                              @ Abbrev [17] 0x1f1:0xc DW_TAG_member
	.long	.Linfo_string35                 @ DW_AT_name
	.long	1362                            @ DW_AT_type
	.byte	2                               @ DW_AT_decl_file
	.byte	98                              @ DW_AT_decl_line
	.byte	20                              @ DW_AT_data_member_location
	.byte	17                              @ Abbrev [17] 0x1fd:0xc DW_TAG_member
	.long	.Linfo_string36                 @ DW_AT_name
	.long	1367                            @ DW_AT_type
	.byte	2                               @ DW_AT_decl_file
	.byte	99                              @ DW_AT_decl_line
	.byte	22                              @ DW_AT_data_member_location
	.byte	17                              @ Abbrev [17] 0x209:0xc DW_TAG_member
	.long	.Linfo_string37                 @ DW_AT_name
	.long	1362                            @ DW_AT_type
	.byte	2                               @ DW_AT_decl_file
	.byte	102                             @ DW_AT_decl_line
	.byte	24                              @ DW_AT_data_member_location
	.byte	17                              @ Abbrev [17] 0x215:0xc DW_TAG_member
	.long	.Linfo_string38                 @ DW_AT_name
	.long	1367                            @ DW_AT_type
	.byte	2                               @ DW_AT_decl_file
	.byte	103                             @ DW_AT_decl_line
	.byte	26                              @ DW_AT_data_member_location
	.byte	17                              @ Abbrev [17] 0x221:0xc DW_TAG_member
	.long	.Linfo_string39                 @ DW_AT_name
	.long	1362                            @ DW_AT_type
	.byte	2                               @ DW_AT_decl_file
	.byte	106                             @ DW_AT_decl_line
	.byte	28                              @ DW_AT_data_member_location
	.byte	17                              @ Abbrev [17] 0x22d:0xc DW_TAG_member
	.long	.Linfo_string40                 @ DW_AT_name
	.long	1367                            @ DW_AT_type
	.byte	2                               @ DW_AT_decl_file
	.byte	107                             @ DW_AT_decl_line
	.byte	30                              @ DW_AT_data_member_location
	.byte	17                              @ Abbrev [17] 0x239:0xc DW_TAG_member
	.long	.Linfo_string41                 @ DW_AT_name
	.long	1362                            @ DW_AT_type
	.byte	2                               @ DW_AT_decl_file
	.byte	110                             @ DW_AT_decl_line
	.byte	32                              @ DW_AT_data_member_location
	.byte	17                              @ Abbrev [17] 0x245:0xc DW_TAG_member
	.long	.Linfo_string42                 @ DW_AT_name
	.long	1390                            @ DW_AT_type
	.byte	2                               @ DW_AT_decl_file
	.byte	111                             @ DW_AT_decl_line
	.byte	34                              @ DW_AT_data_member_location
	.byte	17                              @ Abbrev [17] 0x251:0xc DW_TAG_member
	.long	.Linfo_string43                 @ DW_AT_name
	.long	1362                            @ DW_AT_type
	.byte	2                               @ DW_AT_decl_file
	.byte	114                             @ DW_AT_decl_line
	.byte	44                              @ DW_AT_data_member_location
	.byte	17                              @ Abbrev [17] 0x25d:0xc DW_TAG_member
	.long	.Linfo_string44                 @ DW_AT_name
	.long	1367                            @ DW_AT_type
	.byte	2                               @ DW_AT_decl_file
	.byte	115                             @ DW_AT_decl_line
	.byte	46                              @ DW_AT_data_member_location
	.byte	17                              @ Abbrev [17] 0x269:0xc DW_TAG_member
	.long	.Linfo_string45                 @ DW_AT_name
	.long	1362                            @ DW_AT_type
	.byte	2                               @ DW_AT_decl_file
	.byte	118                             @ DW_AT_decl_line
	.byte	48                              @ DW_AT_data_member_location
	.byte	17                              @ Abbrev [17] 0x275:0xc DW_TAG_member
	.long	.Linfo_string46                 @ DW_AT_name
	.long	1367                            @ DW_AT_type
	.byte	2                               @ DW_AT_decl_file
	.byte	119                             @ DW_AT_decl_line
	.byte	50                              @ DW_AT_data_member_location
	.byte	17                              @ Abbrev [17] 0x281:0xc DW_TAG_member
	.long	.Linfo_string47                 @ DW_AT_name
	.long	1362                            @ DW_AT_type
	.byte	2                               @ DW_AT_decl_file
	.byte	122                             @ DW_AT_decl_line
	.byte	52                              @ DW_AT_data_member_location
	.byte	17                              @ Abbrev [17] 0x28d:0xc DW_TAG_member
	.long	.Linfo_string48                 @ DW_AT_name
	.long	1367                            @ DW_AT_type
	.byte	2                               @ DW_AT_decl_file
	.byte	123                             @ DW_AT_decl_line
	.byte	54                              @ DW_AT_data_member_location
	.byte	17                              @ Abbrev [17] 0x299:0xc DW_TAG_member
	.long	.Linfo_string49                 @ DW_AT_name
	.long	1362                            @ DW_AT_type
	.byte	2                               @ DW_AT_decl_file
	.byte	126                             @ DW_AT_decl_line
	.byte	56                              @ DW_AT_data_member_location
	.byte	17                              @ Abbrev [17] 0x2a5:0xc DW_TAG_member
	.long	.Linfo_string50                 @ DW_AT_name
	.long	1367                            @ DW_AT_type
	.byte	2                               @ DW_AT_decl_file
	.byte	127                             @ DW_AT_decl_line
	.byte	58                              @ DW_AT_data_member_location
	.byte	17                              @ Abbrev [17] 0x2b1:0xc DW_TAG_member
	.long	.Linfo_string51                 @ DW_AT_name
	.long	1362                            @ DW_AT_type
	.byte	2                               @ DW_AT_decl_file
	.byte	130                             @ DW_AT_decl_line
	.byte	60                              @ DW_AT_data_member_location
	.byte	17                              @ Abbrev [17] 0x2bd:0xc DW_TAG_member
	.long	.Linfo_string52                 @ DW_AT_name
	.long	1367                            @ DW_AT_type
	.byte	2                               @ DW_AT_decl_file
	.byte	131                             @ DW_AT_decl_line
	.byte	62                              @ DW_AT_data_member_location
	.byte	17                              @ Abbrev [17] 0x2c9:0xc DW_TAG_member
	.long	.Linfo_string53                 @ DW_AT_name
	.long	1362                            @ DW_AT_type
	.byte	2                               @ DW_AT_decl_file
	.byte	134                             @ DW_AT_decl_line
	.byte	64                              @ DW_AT_data_member_location
	.byte	17                              @ Abbrev [17] 0x2d5:0xc DW_TAG_member
	.long	.Linfo_string54                 @ DW_AT_name
	.long	1367                            @ DW_AT_type
	.byte	2                               @ DW_AT_decl_file
	.byte	135                             @ DW_AT_decl_line
	.byte	66                              @ DW_AT_data_member_location
	.byte	17                              @ Abbrev [17] 0x2e1:0xc DW_TAG_member
	.long	.Linfo_string55                 @ DW_AT_name
	.long	1362                            @ DW_AT_type
	.byte	2                               @ DW_AT_decl_file
	.byte	138                             @ DW_AT_decl_line
	.byte	68                              @ DW_AT_data_member_location
	.byte	17                              @ Abbrev [17] 0x2ed:0xc DW_TAG_member
	.long	.Linfo_string56                 @ DW_AT_name
	.long	1367                            @ DW_AT_type
	.byte	2                               @ DW_AT_decl_file
	.byte	139                             @ DW_AT_decl_line
	.byte	70                              @ DW_AT_data_member_location
	.byte	17                              @ Abbrev [17] 0x2f9:0xc DW_TAG_member
	.long	.Linfo_string57                 @ DW_AT_name
	.long	1362                            @ DW_AT_type
	.byte	2                               @ DW_AT_decl_file
	.byte	142                             @ DW_AT_decl_line
	.byte	72                              @ DW_AT_data_member_location
	.byte	17                              @ Abbrev [17] 0x305:0xc DW_TAG_member
	.long	.Linfo_string58                 @ DW_AT_name
	.long	1367                            @ DW_AT_type
	.byte	2                               @ DW_AT_decl_file
	.byte	143                             @ DW_AT_decl_line
	.byte	74                              @ DW_AT_data_member_location
	.byte	17                              @ Abbrev [17] 0x311:0xc DW_TAG_member
	.long	.Linfo_string59                 @ DW_AT_name
	.long	1362                            @ DW_AT_type
	.byte	2                               @ DW_AT_decl_file
	.byte	146                             @ DW_AT_decl_line
	.byte	76                              @ DW_AT_data_member_location
	.byte	17                              @ Abbrev [17] 0x31d:0xc DW_TAG_member
	.long	.Linfo_string60                 @ DW_AT_name
	.long	1367                            @ DW_AT_type
	.byte	2                               @ DW_AT_decl_file
	.byte	147                             @ DW_AT_decl_line
	.byte	78                              @ DW_AT_data_member_location
	.byte	17                              @ Abbrev [17] 0x329:0xc DW_TAG_member
	.long	.Linfo_string61                 @ DW_AT_name
	.long	1362                            @ DW_AT_type
	.byte	2                               @ DW_AT_decl_file
	.byte	150                             @ DW_AT_decl_line
	.byte	80                              @ DW_AT_data_member_location
	.byte	17                              @ Abbrev [17] 0x335:0xc DW_TAG_member
	.long	.Linfo_string62                 @ DW_AT_name
	.long	1367                            @ DW_AT_type
	.byte	2                               @ DW_AT_decl_file
	.byte	151                             @ DW_AT_decl_line
	.byte	82                              @ DW_AT_data_member_location
	.byte	17                              @ Abbrev [17] 0x341:0xc DW_TAG_member
	.long	.Linfo_string63                 @ DW_AT_name
	.long	1362                            @ DW_AT_type
	.byte	2                               @ DW_AT_decl_file
	.byte	154                             @ DW_AT_decl_line
	.byte	84                              @ DW_AT_data_member_location
	.byte	17                              @ Abbrev [17] 0x34d:0xc DW_TAG_member
	.long	.Linfo_string64                 @ DW_AT_name
	.long	1367                            @ DW_AT_type
	.byte	2                               @ DW_AT_decl_file
	.byte	155                             @ DW_AT_decl_line
	.byte	86                              @ DW_AT_data_member_location
	.byte	17                              @ Abbrev [17] 0x359:0xc DW_TAG_member
	.long	.Linfo_string65                 @ DW_AT_name
	.long	1362                            @ DW_AT_type
	.byte	2                               @ DW_AT_decl_file
	.byte	158                             @ DW_AT_decl_line
	.byte	88                              @ DW_AT_data_member_location
	.byte	17                              @ Abbrev [17] 0x365:0xc DW_TAG_member
	.long	.Linfo_string66                 @ DW_AT_name
	.long	1367                            @ DW_AT_type
	.byte	2                               @ DW_AT_decl_file
	.byte	159                             @ DW_AT_decl_line
	.byte	90                              @ DW_AT_data_member_location
	.byte	17                              @ Abbrev [17] 0x371:0xc DW_TAG_member
	.long	.Linfo_string67                 @ DW_AT_name
	.long	1362                            @ DW_AT_type
	.byte	2                               @ DW_AT_decl_file
	.byte	162                             @ DW_AT_decl_line
	.byte	92                              @ DW_AT_data_member_location
	.byte	17                              @ Abbrev [17] 0x37d:0xc DW_TAG_member
	.long	.Linfo_string68                 @ DW_AT_name
	.long	1367                            @ DW_AT_type
	.byte	2                               @ DW_AT_decl_file
	.byte	163                             @ DW_AT_decl_line
	.byte	94                              @ DW_AT_data_member_location
	.byte	17                              @ Abbrev [17] 0x389:0xc DW_TAG_member
	.long	.Linfo_string69                 @ DW_AT_name
	.long	1362                            @ DW_AT_type
	.byte	2                               @ DW_AT_decl_file
	.byte	166                             @ DW_AT_decl_line
	.byte	96                              @ DW_AT_data_member_location
	.byte	17                              @ Abbrev [17] 0x395:0xc DW_TAG_member
	.long	.Linfo_string70                 @ DW_AT_name
	.long	1367                            @ DW_AT_type
	.byte	2                               @ DW_AT_decl_file
	.byte	167                             @ DW_AT_decl_line
	.byte	98                              @ DW_AT_data_member_location
	.byte	17                              @ Abbrev [17] 0x3a1:0xc DW_TAG_member
	.long	.Linfo_string71                 @ DW_AT_name
	.long	1362                            @ DW_AT_type
	.byte	2                               @ DW_AT_decl_file
	.byte	170                             @ DW_AT_decl_line
	.byte	100                             @ DW_AT_data_member_location
	.byte	17                              @ Abbrev [17] 0x3ad:0xc DW_TAG_member
	.long	.Linfo_string72                 @ DW_AT_name
	.long	1367                            @ DW_AT_type
	.byte	2                               @ DW_AT_decl_file
	.byte	171                             @ DW_AT_decl_line
	.byte	102                             @ DW_AT_data_member_location
	.byte	17                              @ Abbrev [17] 0x3b9:0xc DW_TAG_member
	.long	.Linfo_string73                 @ DW_AT_name
	.long	1362                            @ DW_AT_type
	.byte	2                               @ DW_AT_decl_file
	.byte	174                             @ DW_AT_decl_line
	.byte	104                             @ DW_AT_data_member_location
	.byte	17                              @ Abbrev [17] 0x3c5:0xc DW_TAG_member
	.long	.Linfo_string74                 @ DW_AT_name
	.long	1367                            @ DW_AT_type
	.byte	2                               @ DW_AT_decl_file
	.byte	175                             @ DW_AT_decl_line
	.byte	106                             @ DW_AT_data_member_location
	.byte	17                              @ Abbrev [17] 0x3d1:0xc DW_TAG_member
	.long	.Linfo_string75                 @ DW_AT_name
	.long	1362                            @ DW_AT_type
	.byte	2                               @ DW_AT_decl_file
	.byte	178                             @ DW_AT_decl_line
	.byte	108                             @ DW_AT_data_member_location
	.byte	17                              @ Abbrev [17] 0x3dd:0xc DW_TAG_member
	.long	.Linfo_string76                 @ DW_AT_name
	.long	1367                            @ DW_AT_type
	.byte	2                               @ DW_AT_decl_file
	.byte	179                             @ DW_AT_decl_line
	.byte	110                             @ DW_AT_data_member_location
	.byte	17                              @ Abbrev [17] 0x3e9:0xc DW_TAG_member
	.long	.Linfo_string77                 @ DW_AT_name
	.long	1362                            @ DW_AT_type
	.byte	2                               @ DW_AT_decl_file
	.byte	182                             @ DW_AT_decl_line
	.byte	112                             @ DW_AT_data_member_location
	.byte	17                              @ Abbrev [17] 0x3f5:0xc DW_TAG_member
	.long	.Linfo_string78                 @ DW_AT_name
	.long	1367                            @ DW_AT_type
	.byte	2                               @ DW_AT_decl_file
	.byte	183                             @ DW_AT_decl_line
	.byte	114                             @ DW_AT_data_member_location
	.byte	17                              @ Abbrev [17] 0x401:0xc DW_TAG_member
	.long	.Linfo_string79                 @ DW_AT_name
	.long	1362                            @ DW_AT_type
	.byte	2                               @ DW_AT_decl_file
	.byte	186                             @ DW_AT_decl_line
	.byte	116                             @ DW_AT_data_member_location
	.byte	17                              @ Abbrev [17] 0x40d:0xc DW_TAG_member
	.long	.Linfo_string80                 @ DW_AT_name
	.long	1367                            @ DW_AT_type
	.byte	2                               @ DW_AT_decl_file
	.byte	187                             @ DW_AT_decl_line
	.byte	118                             @ DW_AT_data_member_location
	.byte	17                              @ Abbrev [17] 0x419:0xc DW_TAG_member
	.long	.Linfo_string81                 @ DW_AT_name
	.long	1362                            @ DW_AT_type
	.byte	2                               @ DW_AT_decl_file
	.byte	190                             @ DW_AT_decl_line
	.byte	120                             @ DW_AT_data_member_location
	.byte	17                              @ Abbrev [17] 0x425:0xc DW_TAG_member
	.long	.Linfo_string82                 @ DW_AT_name
	.long	1367                            @ DW_AT_type
	.byte	2                               @ DW_AT_decl_file
	.byte	191                             @ DW_AT_decl_line
	.byte	122                             @ DW_AT_data_member_location
	.byte	17                              @ Abbrev [17] 0x431:0xc DW_TAG_member
	.long	.Linfo_string83                 @ DW_AT_name
	.long	1362                            @ DW_AT_type
	.byte	2                               @ DW_AT_decl_file
	.byte	194                             @ DW_AT_decl_line
	.byte	124                             @ DW_AT_data_member_location
	.byte	17                              @ Abbrev [17] 0x43d:0xc DW_TAG_member
	.long	.Linfo_string84                 @ DW_AT_name
	.long	1367                            @ DW_AT_type
	.byte	2                               @ DW_AT_decl_file
	.byte	195                             @ DW_AT_decl_line
	.byte	126                             @ DW_AT_data_member_location
	.byte	17                              @ Abbrev [17] 0x449:0xc DW_TAG_member
	.long	.Linfo_string85                 @ DW_AT_name
	.long	1362                            @ DW_AT_type
	.byte	2                               @ DW_AT_decl_file
	.byte	198                             @ DW_AT_decl_line
	.byte	128                             @ DW_AT_data_member_location
	.byte	17                              @ Abbrev [17] 0x455:0xc DW_TAG_member
	.long	.Linfo_string86                 @ DW_AT_name
	.long	1378                            @ DW_AT_type
	.byte	2                               @ DW_AT_decl_file
	.byte	199                             @ DW_AT_decl_line
	.byte	130                             @ DW_AT_data_member_location
	.byte	17                              @ Abbrev [17] 0x461:0xc DW_TAG_member
	.long	.Linfo_string87                 @ DW_AT_name
	.long	1362                            @ DW_AT_type
	.byte	2                               @ DW_AT_decl_file
	.byte	202                             @ DW_AT_decl_line
	.byte	136                             @ DW_AT_data_member_location
	.byte	17                              @ Abbrev [17] 0x46d:0xc DW_TAG_member
	.long	.Linfo_string88                 @ DW_AT_name
	.long	1367                            @ DW_AT_type
	.byte	2                               @ DW_AT_decl_file
	.byte	203                             @ DW_AT_decl_line
	.byte	138                             @ DW_AT_data_member_location
	.byte	17                              @ Abbrev [17] 0x479:0xc DW_TAG_member
	.long	.Linfo_string89                 @ DW_AT_name
	.long	1362                            @ DW_AT_type
	.byte	2                               @ DW_AT_decl_file
	.byte	206                             @ DW_AT_decl_line
	.byte	140                             @ DW_AT_data_member_location
	.byte	17                              @ Abbrev [17] 0x485:0xc DW_TAG_member
	.long	.Linfo_string90                 @ DW_AT_name
	.long	1367                            @ DW_AT_type
	.byte	2                               @ DW_AT_decl_file
	.byte	207                             @ DW_AT_decl_line
	.byte	142                             @ DW_AT_data_member_location
	.byte	17                              @ Abbrev [17] 0x491:0xc DW_TAG_member
	.long	.Linfo_string91                 @ DW_AT_name
	.long	1362                            @ DW_AT_type
	.byte	2                               @ DW_AT_decl_file
	.byte	210                             @ DW_AT_decl_line
	.byte	144                             @ DW_AT_data_member_location
	.byte	17                              @ Abbrev [17] 0x49d:0xc DW_TAG_member
	.long	.Linfo_string92                 @ DW_AT_name
	.long	1367                            @ DW_AT_type
	.byte	2                               @ DW_AT_decl_file
	.byte	211                             @ DW_AT_decl_line
	.byte	146                             @ DW_AT_data_member_location
	.byte	17                              @ Abbrev [17] 0x4a9:0xc DW_TAG_member
	.long	.Linfo_string93                 @ DW_AT_name
	.long	1362                            @ DW_AT_type
	.byte	2                               @ DW_AT_decl_file
	.byte	214                             @ DW_AT_decl_line
	.byte	148                             @ DW_AT_data_member_location
	.byte	17                              @ Abbrev [17] 0x4b5:0xc DW_TAG_member
	.long	.Linfo_string94                 @ DW_AT_name
	.long	1367                            @ DW_AT_type
	.byte	2                               @ DW_AT_decl_file
	.byte	215                             @ DW_AT_decl_line
	.byte	150                             @ DW_AT_data_member_location
	.byte	17                              @ Abbrev [17] 0x4c1:0xc DW_TAG_member
	.long	.Linfo_string95                 @ DW_AT_name
	.long	1362                            @ DW_AT_type
	.byte	2                               @ DW_AT_decl_file
	.byte	218                             @ DW_AT_decl_line
	.byte	152                             @ DW_AT_data_member_location
	.byte	17                              @ Abbrev [17] 0x4cd:0xc DW_TAG_member
	.long	.Linfo_string96                 @ DW_AT_name
	.long	1367                            @ DW_AT_type
	.byte	2                               @ DW_AT_decl_file
	.byte	219                             @ DW_AT_decl_line
	.byte	154                             @ DW_AT_data_member_location
	.byte	17                              @ Abbrev [17] 0x4d9:0xc DW_TAG_member
	.long	.Linfo_string97                 @ DW_AT_name
	.long	1362                            @ DW_AT_type
	.byte	2                               @ DW_AT_decl_file
	.byte	222                             @ DW_AT_decl_line
	.byte	156                             @ DW_AT_data_member_location
	.byte	17                              @ Abbrev [17] 0x4e5:0xc DW_TAG_member
	.long	.Linfo_string98                 @ DW_AT_name
	.long	1367                            @ DW_AT_type
	.byte	2                               @ DW_AT_decl_file
	.byte	223                             @ DW_AT_decl_line
	.byte	158                             @ DW_AT_data_member_location
	.byte	17                              @ Abbrev [17] 0x4f1:0xc DW_TAG_member
	.long	.Linfo_string99                 @ DW_AT_name
	.long	1362                            @ DW_AT_type
	.byte	2                               @ DW_AT_decl_file
	.byte	226                             @ DW_AT_decl_line
	.byte	160                             @ DW_AT_data_member_location
	.byte	17                              @ Abbrev [17] 0x4fd:0xc DW_TAG_member
	.long	.Linfo_string100                @ DW_AT_name
	.long	1402                            @ DW_AT_type
	.byte	2                               @ DW_AT_decl_file
	.byte	227                             @ DW_AT_decl_line
	.byte	162                             @ DW_AT_data_member_location
	.byte	17                              @ Abbrev [17] 0x509:0xc DW_TAG_member
	.long	.Linfo_string101                @ DW_AT_name
	.long	1362                            @ DW_AT_type
	.byte	2                               @ DW_AT_decl_file
	.byte	230                             @ DW_AT_decl_line
	.byte	244                             @ DW_AT_data_member_location
	.byte	17                              @ Abbrev [17] 0x515:0xc DW_TAG_member
	.long	.Linfo_string102                @ DW_AT_name
	.long	1362                            @ DW_AT_type
	.byte	2                               @ DW_AT_decl_file
	.byte	233                             @ DW_AT_decl_line
	.byte	246                             @ DW_AT_data_member_location
	.byte	17                              @ Abbrev [17] 0x521:0xc DW_TAG_member
	.long	.Linfo_string103                @ DW_AT_name
	.long	1362                            @ DW_AT_type
	.byte	2                               @ DW_AT_decl_file
	.byte	236                             @ DW_AT_decl_line
	.byte	248                             @ DW_AT_data_member_location
	.byte	17                              @ Abbrev [17] 0x52d:0xc DW_TAG_member
	.long	.Linfo_string104                @ DW_AT_name
	.long	1362                            @ DW_AT_type
	.byte	2                               @ DW_AT_decl_file
	.byte	239                             @ DW_AT_decl_line
	.byte	250                             @ DW_AT_data_member_location
	.byte	17                              @ Abbrev [17] 0x539:0xc DW_TAG_member
	.long	.Linfo_string105                @ DW_AT_name
	.long	1362                            @ DW_AT_type
	.byte	2                               @ DW_AT_decl_file
	.byte	242                             @ DW_AT_decl_line
	.byte	252                             @ DW_AT_data_member_location
	.byte	17                              @ Abbrev [17] 0x545:0xc DW_TAG_member
	.long	.Linfo_string106                @ DW_AT_name
	.long	1362                            @ DW_AT_type
	.byte	2                               @ DW_AT_decl_file
	.byte	245                             @ DW_AT_decl_line
	.byte	254                             @ DW_AT_data_member_location
	.byte	0                               @ End Of Children Mark
	.byte	18                              @ Abbrev [18] 0x552:0x5 DW_TAG_volatile_type
	.long	1367                            @ DW_AT_type
	.byte	15                              @ Abbrev [15] 0x557:0xb DW_TAG_typedef
	.long	357                             @ DW_AT_type
	.long	.Linfo_string27                 @ DW_AT_name
	.byte	3                               @ DW_AT_decl_file
	.byte	63                              @ DW_AT_decl_line
	.byte	3                               @ Abbrev [3] 0x562:0xc DW_TAG_array_type
	.long	1367                            @ DW_AT_type
	.byte	4                               @ Abbrev [4] 0x567:0x6 DW_TAG_subrange_type
	.long	70                              @ DW_AT_type
	.byte	3                               @ DW_AT_count
	.byte	0                               @ End Of Children Mark
	.byte	3                               @ Abbrev [3] 0x56e:0xc DW_TAG_array_type
	.long	1367                            @ DW_AT_type
	.byte	4                               @ Abbrev [4] 0x573:0x6 DW_TAG_subrange_type
	.long	70                              @ DW_AT_type
	.byte	5                               @ DW_AT_count
	.byte	0                               @ End Of Children Mark
	.byte	3                               @ Abbrev [3] 0x57a:0xc DW_TAG_array_type
	.long	1367                            @ DW_AT_type
	.byte	4                               @ Abbrev [4] 0x57f:0x6 DW_TAG_subrange_type
	.long	70                              @ DW_AT_type
	.byte	41                              @ DW_AT_count
	.byte	0                               @ End Of Children Mark
	.byte	10                              @ Abbrev [10] 0x586:0x16 DW_TAG_enumeration_type
	.long	1436                            @ DW_AT_type
	.byte	1                               @ DW_AT_byte_size
	.byte	2                               @ DW_AT_decl_file
	.short	264                             @ DW_AT_decl_line
	.byte	11                              @ Abbrev [11] 0x58f:0x6 DW_TAG_enumerator
	.long	.Linfo_string109                @ DW_AT_name
	.byte	0                               @ DW_AT_const_value
	.byte	11                              @ Abbrev [11] 0x595:0x6 DW_TAG_enumerator
	.long	.Linfo_string110                @ DW_AT_name
	.byte	1                               @ DW_AT_const_value
	.byte	0                               @ End Of Children Mark
	.byte	5                               @ Abbrev [5] 0x59c:0x7 DW_TAG_base_type
	.long	.Linfo_string108                @ DW_AT_name
	.byte	8                               @ DW_AT_encoding
	.byte	1                               @ DW_AT_byte_size
	.byte	19                              @ Abbrev [19] 0x5a3:0x1b DW_TAG_enumeration_type
	.long	1436                            @ DW_AT_type
	.byte	1                               @ DW_AT_byte_size
	.byte	2                               @ DW_AT_decl_file
	.byte	58                              @ DW_AT_decl_line
	.byte	11                              @ Abbrev [11] 0x5ab:0x6 DW_TAG_enumerator
	.long	.Linfo_string111                @ DW_AT_name
	.byte	0                               @ DW_AT_const_value
	.byte	11                              @ Abbrev [11] 0x5b1:0x6 DW_TAG_enumerator
	.long	.Linfo_string112                @ DW_AT_name
	.byte	1                               @ DW_AT_const_value
	.byte	11                              @ Abbrev [11] 0x5b7:0x6 DW_TAG_enumerator
	.long	.Linfo_string113                @ DW_AT_name
	.byte	2                               @ DW_AT_const_value
	.byte	0                               @ End Of Children Mark
	.byte	5                               @ Abbrev [5] 0x5be:0x7 DW_TAG_base_type
	.long	.Linfo_string114                @ DW_AT_name
	.byte	5                               @ DW_AT_encoding
	.byte	4                               @ DW_AT_byte_size
	.byte	15                              @ Abbrev [15] 0x5c5:0xb DW_TAG_typedef
	.long	1488                            @ DW_AT_type
	.long	.Linfo_string116                @ DW_AT_name
	.byte	3                               @ DW_AT_decl_file
	.byte	64                              @ DW_AT_decl_line
	.byte	5                               @ Abbrev [5] 0x5d0:0x7 DW_TAG_base_type
	.long	.Linfo_string115                @ DW_AT_name
	.byte	7                               @ DW_AT_encoding
	.byte	4                               @ DW_AT_byte_size
	.byte	15                              @ Abbrev [15] 0x5d7:0xb DW_TAG_typedef
	.long	1470                            @ DW_AT_type
	.long	.Linfo_string117                @ DW_AT_name
	.byte	3                               @ DW_AT_decl_file
	.byte	58                              @ DW_AT_decl_line
	.byte	15                              @ Abbrev [15] 0x5e2:0xb DW_TAG_typedef
	.long	1517                            @ DW_AT_type
	.long	.Linfo_string119                @ DW_AT_name
	.byte	3                               @ DW_AT_decl_file
	.byte	57                              @ DW_AT_decl_line
	.byte	5                               @ Abbrev [5] 0x5ed:0x7 DW_TAG_base_type
	.long	.Linfo_string118                @ DW_AT_name
	.byte	5                               @ DW_AT_encoding
	.byte	2                               @ DW_AT_byte_size
	.byte	14                              @ Abbrev [14] 0x5f4:0x5 DW_TAG_pointer_type
	.long	1362                            @ DW_AT_type
	.byte	20                              @ Abbrev [20] 0x5f9:0x56 DW_TAG_subprogram
	.long	.Lfunc_begin0                   @ DW_AT_low_pc
	.long	.Lfunc_end0-.Lfunc_begin0       @ DW_AT_high_pc
	.byte	1                               @ DW_AT_frame_base
	.byte	93
                                        @ DW_AT_GNU_all_call_sites
	.long	.Linfo_string127                @ DW_AT_name
	.byte	1                               @ DW_AT_decl_file
	.byte	108                             @ DW_AT_decl_line
                                        @ DW_AT_prototyped
	.long	2368                            @ DW_AT_type
                                        @ DW_AT_external
	.byte	21                              @ Abbrev [21] 0x60e:0xe DW_TAG_variable
	.byte	2                               @ DW_AT_location
	.byte	145
	.byte	8
	.long	.Linfo_string135                @ DW_AT_name
	.byte	1                               @ DW_AT_decl_file
	.byte	118                             @ DW_AT_decl_line
	.long	2375                            @ DW_AT_type
	.byte	22                              @ Abbrev [22] 0x61c:0x19 DW_TAG_lexical_block
	.long	.Ltmp0                          @ DW_AT_low_pc
	.long	.Ltmp4-.Ltmp0                   @ DW_AT_high_pc
	.byte	23                              @ Abbrev [23] 0x625:0xf DW_TAG_variable
	.long	.Ldebug_loc0                    @ DW_AT_location
	.long	.Linfo_string137                @ DW_AT_name
	.byte	1                               @ DW_AT_decl_file
	.byte	112                             @ DW_AT_decl_line
	.long	2398                            @ DW_AT_type
	.byte	0                               @ End Of Children Mark
	.byte	22                              @ Abbrev [22] 0x635:0x19 DW_TAG_lexical_block
	.long	.Ltmp8                          @ DW_AT_low_pc
	.long	.Ltmp12-.Ltmp8                  @ DW_AT_high_pc
	.byte	23                              @ Abbrev [23] 0x63e:0xf DW_TAG_variable
	.long	.Ldebug_loc1                    @ DW_AT_location
	.long	.Linfo_string137                @ DW_AT_name
	.byte	1                               @ DW_AT_decl_file
	.byte	129                             @ DW_AT_decl_line
	.long	2398                            @ DW_AT_type
	.byte	0                               @ End Of Children Mark
	.byte	0                               @ End Of Children Mark
	.byte	24                              @ Abbrev [24] 0x64f:0x9 DW_TAG_subprogram
	.long	.Linfo_string120                @ DW_AT_name
	.byte	2                               @ DW_AT_decl_file
	.short	892                             @ DW_AT_decl_line
                                        @ DW_AT_prototyped
	.byte	1                               @ DW_AT_inline
	.byte	25                              @ Abbrev [25] 0x658:0x50 DW_TAG_subprogram
	.long	.Lfunc_begin1                   @ DW_AT_low_pc
	.long	.Lfunc_end1-.Lfunc_begin1       @ DW_AT_high_pc
	.byte	1                               @ DW_AT_frame_base
	.byte	93
                                        @ DW_AT_GNU_all_call_sites
	.long	.Linfo_string129                @ DW_AT_name
	.byte	1                               @ DW_AT_decl_file
	.byte	51                              @ DW_AT_decl_line
                                        @ DW_AT_prototyped
	.byte	3                               @ DW_AT_calling_convention
	.long	2368                            @ DW_AT_type
	.byte	26                              @ Abbrev [26] 0x66e:0xf DW_TAG_formal_parameter
	.long	.Ldebug_loc2                    @ DW_AT_location
	.long	.Linfo_string139                @ DW_AT_name
	.byte	1                               @ DW_AT_decl_file
	.byte	51                              @ DW_AT_decl_line
	.long	2403                            @ DW_AT_type
	.byte	27                              @ Abbrev [27] 0x67d:0xc DW_TAG_formal_parameter
	.byte	3                               @ DW_AT_const_value
	.long	.Linfo_string140                @ DW_AT_name
	.byte	1                               @ DW_AT_decl_file
	.byte	51                              @ DW_AT_decl_line
	.long	1367                            @ DW_AT_type
	.byte	21                              @ Abbrev [21] 0x689:0xe DW_TAG_variable
	.byte	2                               @ DW_AT_location
	.byte	145
	.byte	4
	.long	.Linfo_string138                @ DW_AT_name
	.byte	1                               @ DW_AT_decl_file
	.byte	53                              @ DW_AT_decl_line
	.long	221                             @ DW_AT_type
	.byte	28                              @ Abbrev [28] 0x697:0x10 DW_TAG_inlined_subroutine
	.long	1615                            @ DW_AT_abstract_origin
	.long	.Ltmp20                         @ DW_AT_low_pc
	.long	.Ltmp21-.Ltmp20                 @ DW_AT_high_pc
	.byte	1                               @ DW_AT_call_file
	.byte	68                              @ DW_AT_call_line
	.byte	9                               @ DW_AT_call_column
	.byte	0                               @ End Of Children Mark
	.byte	29                              @ Abbrev [29] 0x6a8:0x20 DW_TAG_subprogram
	.long	.Lfunc_begin2                   @ DW_AT_low_pc
	.long	.Lfunc_end2-.Lfunc_begin2       @ DW_AT_high_pc
	.byte	1                               @ DW_AT_frame_base
	.byte	93
                                        @ DW_AT_GNU_all_call_sites
	.long	.Linfo_string130                @ DW_AT_name
	.byte	1                               @ DW_AT_decl_file
	.byte	134                             @ DW_AT_decl_line
                                        @ DW_AT_prototyped
                                        @ DW_AT_external
	.byte	21                              @ Abbrev [21] 0x6b9:0xe DW_TAG_variable
	.byte	2                               @ DW_AT_location
	.byte	145
	.byte	4
	.long	.Linfo_string141                @ DW_AT_name
	.byte	1                               @ DW_AT_decl_file
	.byte	139                             @ DW_AT_decl_line
	.long	2375                            @ DW_AT_type
	.byte	0                               @ End Of Children Mark
	.byte	20                              @ Abbrev [20] 0x6c8:0x24 DW_TAG_subprogram
	.long	.Lfunc_begin3                   @ DW_AT_low_pc
	.long	.Lfunc_end3-.Lfunc_begin3       @ DW_AT_high_pc
	.byte	1                               @ DW_AT_frame_base
	.byte	93
                                        @ DW_AT_GNU_all_call_sites
	.long	.Linfo_string131                @ DW_AT_name
	.byte	1                               @ DW_AT_decl_file
	.byte	148                             @ DW_AT_decl_line
                                        @ DW_AT_prototyped
	.long	2368                            @ DW_AT_type
                                        @ DW_AT_external
	.byte	21                              @ Abbrev [21] 0x6dd:0xe DW_TAG_variable
	.byte	2                               @ DW_AT_location
	.byte	145
	.byte	4
	.long	.Linfo_string122                @ DW_AT_name
	.byte	1                               @ DW_AT_decl_file
	.byte	152                             @ DW_AT_decl_line
	.long	2387                            @ DW_AT_type
	.byte	0                               @ End Of Children Mark
	.byte	30                              @ Abbrev [30] 0x6ec:0x52 DW_TAG_subprogram
	.long	.Lfunc_begin4                   @ DW_AT_low_pc
	.long	.Lfunc_end4-.Lfunc_begin4       @ DW_AT_high_pc
	.byte	1                               @ DW_AT_frame_base
	.byte	93
                                        @ DW_AT_GNU_all_call_sites
	.long	.Linfo_string132                @ DW_AT_name
	.byte	1                               @ DW_AT_decl_file
	.byte	84                              @ DW_AT_decl_line
                                        @ DW_AT_prototyped
	.long	2368                            @ DW_AT_type
	.byte	26                              @ Abbrev [26] 0x701:0xf DW_TAG_formal_parameter
	.long	.Ldebug_loc3                    @ DW_AT_location
	.long	.Linfo_string139                @ DW_AT_name
	.byte	1                               @ DW_AT_decl_file
	.byte	84                              @ DW_AT_decl_line
	.long	2413                            @ DW_AT_type
	.byte	26                              @ Abbrev [26] 0x710:0xf DW_TAG_formal_parameter
	.long	.Ldebug_loc4                    @ DW_AT_location
	.long	.Linfo_string140                @ DW_AT_name
	.byte	1                               @ DW_AT_decl_file
	.byte	84                              @ DW_AT_decl_line
	.long	1367                            @ DW_AT_type
	.byte	21                              @ Abbrev [21] 0x71f:0xe DW_TAG_variable
	.byte	2                               @ DW_AT_location
	.byte	145
	.byte	4
	.long	.Linfo_string138                @ DW_AT_name
	.byte	1                               @ DW_AT_decl_file
	.byte	86                              @ DW_AT_decl_line
	.long	221                             @ DW_AT_type
	.byte	28                              @ Abbrev [28] 0x72d:0x10 DW_TAG_inlined_subroutine
	.long	1615                            @ DW_AT_abstract_origin
	.long	.Ltmp38                         @ DW_AT_low_pc
	.long	.Ltmp39-.Ltmp38                 @ DW_AT_high_pc
	.byte	1                               @ DW_AT_call_file
	.byte	98                              @ DW_AT_call_line
	.byte	9                               @ DW_AT_call_column
	.byte	0                               @ End Of Children Mark
	.byte	31                              @ Abbrev [31] 0x73e:0x16 DW_TAG_subprogram
	.long	.Linfo_string121                @ DW_AT_name
	.byte	2                               @ DW_AT_decl_file
	.short	499                             @ DW_AT_decl_line
                                        @ DW_AT_prototyped
	.byte	1                               @ DW_AT_inline
	.byte	32                              @ Abbrev [32] 0x747:0xc DW_TAG_formal_parameter
	.long	.Linfo_string122                @ DW_AT_name
	.byte	2                               @ DW_AT_decl_file
	.short	499                             @ DW_AT_decl_line
	.long	1876                            @ DW_AT_type
	.byte	0                               @ End Of Children Mark
	.byte	9                               @ Abbrev [9] 0x754:0xc DW_TAG_typedef
	.long	1414                            @ DW_AT_type
	.long	.Linfo_string123                @ DW_AT_name
	.byte	2                               @ DW_AT_decl_file
	.short	272                             @ DW_AT_decl_line
	.byte	33                              @ Abbrev [33] 0x760:0xd DW_TAG_subprogram
	.long	.Linfo_string124                @ DW_AT_name
	.byte	2                               @ DW_AT_decl_file
	.short	510                             @ DW_AT_decl_line
                                        @ DW_AT_prototyped
	.long	1876                            @ DW_AT_type
	.byte	1                               @ DW_AT_inline
	.byte	31                              @ Abbrev [31] 0x76d:0x16 DW_TAG_subprogram
	.long	.Linfo_string125                @ DW_AT_name
	.byte	2                               @ DW_AT_decl_file
	.short	626                             @ DW_AT_decl_line
                                        @ DW_AT_prototyped
	.byte	1                               @ DW_AT_inline
	.byte	32                              @ Abbrev [32] 0x776:0xc DW_TAG_formal_parameter
	.long	.Linfo_string126                @ DW_AT_name
	.byte	2                               @ DW_AT_decl_file
	.short	626                             @ DW_AT_decl_line
	.long	1367                            @ DW_AT_type
	.byte	0                               @ End Of Children Mark
	.byte	29                              @ Abbrev [29] 0x783:0x14b DW_TAG_subprogram
	.long	.Lfunc_begin5                   @ DW_AT_low_pc
	.long	.Lfunc_end5-.Lfunc_begin5       @ DW_AT_high_pc
	.byte	1                               @ DW_AT_frame_base
	.byte	93
                                        @ DW_AT_GNU_all_call_sites
	.long	.Linfo_string133                @ DW_AT_name
	.byte	1                               @ DW_AT_decl_file
	.byte	159                             @ DW_AT_decl_line
                                        @ DW_AT_prototyped
                                        @ DW_AT_external
	.byte	23                              @ Abbrev [23] 0x794:0xf DW_TAG_variable
	.long	.Ldebug_loc5                    @ DW_AT_location
	.long	.Linfo_string145                @ DW_AT_name
	.byte	1                               @ DW_AT_decl_file
	.byte	166                             @ DW_AT_decl_line
	.long	2387                            @ DW_AT_type
	.byte	22                              @ Abbrev [22] 0x7a3:0xb5 DW_TAG_lexical_block
	.long	.Ltmp46                         @ DW_AT_low_pc
	.long	.Ltmp66-.Ltmp46                 @ DW_AT_high_pc
	.byte	21                              @ Abbrev [21] 0x7ac:0xd DW_TAG_variable
	.byte	1                               @ DW_AT_location
	.byte	84
	.long	.Linfo_string144                @ DW_AT_name
	.byte	1                               @ DW_AT_decl_file
	.byte	168                             @ DW_AT_decl_line
	.long	2387                            @ DW_AT_type
	.byte	22                              @ Abbrev [22] 0x7b9:0x9e DW_TAG_lexical_block
	.long	.Ltmp47                         @ DW_AT_low_pc
	.long	.Ltmp64-.Ltmp47                 @ DW_AT_high_pc
	.byte	21                              @ Abbrev [21] 0x7c2:0xe DW_TAG_variable
	.byte	2                               @ DW_AT_location
	.byte	145
	.byte	8
	.long	.Linfo_string142                @ DW_AT_name
	.byte	1                               @ DW_AT_decl_file
	.byte	183                             @ DW_AT_decl_line
	.long	2387                            @ DW_AT_type
	.byte	21                              @ Abbrev [21] 0x7d0:0xe DW_TAG_variable
	.byte	2                               @ DW_AT_location
	.byte	145
	.byte	4
	.long	.Linfo_string143                @ DW_AT_name
	.byte	1                               @ DW_AT_decl_file
	.byte	184                             @ DW_AT_decl_line
	.long	221                             @ DW_AT_type
	.byte	34                              @ Abbrev [34] 0x7de:0x17 DW_TAG_inlined_subroutine
	.long	1854                            @ DW_AT_abstract_origin
	.long	.Ltmp47                         @ DW_AT_low_pc
	.long	.Ltmp48-.Ltmp47                 @ DW_AT_high_pc
	.byte	1                               @ DW_AT_call_file
	.byte	171                             @ DW_AT_call_line
	.byte	9                               @ DW_AT_call_column
	.byte	35                              @ Abbrev [35] 0x7ee:0x6 DW_TAG_formal_parameter
	.byte	0                               @ DW_AT_const_value
	.long	1863                            @ DW_AT_abstract_origin
	.byte	0                               @ End Of Children Mark
	.byte	28                              @ Abbrev [28] 0x7f5:0x10 DW_TAG_inlined_subroutine
	.long	1888                            @ DW_AT_abstract_origin
	.long	.Ltmp48                         @ DW_AT_low_pc
	.long	.Ltmp49-.Ltmp48                 @ DW_AT_high_pc
	.byte	1                               @ DW_AT_call_file
	.byte	172                             @ DW_AT_call_line
	.byte	16                              @ DW_AT_call_column
	.byte	34                              @ Abbrev [34] 0x805:0x1a DW_TAG_inlined_subroutine
	.long	1901                            @ DW_AT_abstract_origin
	.long	.Ltmp51                         @ DW_AT_low_pc
	.long	.Ltmp53-.Ltmp51                 @ DW_AT_high_pc
	.byte	1                               @ DW_AT_call_file
	.byte	175                             @ DW_AT_call_line
	.byte	9                               @ DW_AT_call_column
	.byte	36                              @ Abbrev [36] 0x815:0x9 DW_TAG_formal_parameter
	.long	.Ldebug_loc6                    @ DW_AT_location
	.long	1910                            @ DW_AT_abstract_origin
	.byte	0                               @ End Of Children Mark
	.byte	34                              @ Abbrev [34] 0x81f:0x17 DW_TAG_inlined_subroutine
	.long	1854                            @ DW_AT_abstract_origin
	.long	.Ltmp53                         @ DW_AT_low_pc
	.long	.Ltmp54-.Ltmp53                 @ DW_AT_high_pc
	.byte	1                               @ DW_AT_call_file
	.byte	178                             @ DW_AT_call_line
	.byte	9                               @ DW_AT_call_column
	.byte	35                              @ Abbrev [35] 0x82f:0x6 DW_TAG_formal_parameter
	.byte	1                               @ DW_AT_const_value
	.long	1863                            @ DW_AT_abstract_origin
	.byte	0                               @ End Of Children Mark
	.byte	28                              @ Abbrev [28] 0x836:0x10 DW_TAG_inlined_subroutine
	.long	1888                            @ DW_AT_abstract_origin
	.long	.Ltmp54                         @ DW_AT_low_pc
	.long	.Ltmp55-.Ltmp54                 @ DW_AT_high_pc
	.byte	1                               @ DW_AT_call_file
	.byte	179                             @ DW_AT_call_line
	.byte	16                              @ DW_AT_call_column
	.byte	28                              @ Abbrev [28] 0x846:0x10 DW_TAG_inlined_subroutine
	.long	1615                            @ DW_AT_abstract_origin
	.long	.Ltmp59                         @ DW_AT_low_pc
	.long	.Ltmp60-.Ltmp59                 @ DW_AT_high_pc
	.byte	1                               @ DW_AT_call_file
	.byte	191                             @ DW_AT_call_line
	.byte	13                              @ DW_AT_call_column
	.byte	0                               @ End Of Children Mark
	.byte	0                               @ End Of Children Mark
	.byte	34                              @ Abbrev [34] 0x858:0x17 DW_TAG_inlined_subroutine
	.long	1854                            @ DW_AT_abstract_origin
	.long	.Ltmp68                         @ DW_AT_low_pc
	.long	.Ltmp69-.Ltmp68                 @ DW_AT_high_pc
	.byte	1                               @ DW_AT_call_file
	.byte	209                             @ DW_AT_call_line
	.byte	5                               @ DW_AT_call_column
	.byte	35                              @ Abbrev [35] 0x868:0x6 DW_TAG_formal_parameter
	.byte	0                               @ DW_AT_const_value
	.long	1863                            @ DW_AT_abstract_origin
	.byte	0                               @ End Of Children Mark
	.byte	28                              @ Abbrev [28] 0x86f:0x10 DW_TAG_inlined_subroutine
	.long	1888                            @ DW_AT_abstract_origin
	.long	.Ltmp69                         @ DW_AT_low_pc
	.long	.Ltmp70-.Ltmp69                 @ DW_AT_high_pc
	.byte	1                               @ DW_AT_call_file
	.byte	210                             @ DW_AT_call_line
	.byte	12                              @ DW_AT_call_column
	.byte	34                              @ Abbrev [34] 0x87f:0x17 DW_TAG_inlined_subroutine
	.long	1901                            @ DW_AT_abstract_origin
	.long	.Ltmp72                         @ DW_AT_low_pc
	.long	.Ltmp73-.Ltmp72                 @ DW_AT_high_pc
	.byte	1                               @ DW_AT_call_file
	.byte	211                             @ DW_AT_call_line
	.byte	5                               @ DW_AT_call_column
	.byte	35                              @ Abbrev [35] 0x88f:0x6 DW_TAG_formal_parameter
	.byte	56                              @ DW_AT_const_value
	.long	1910                            @ DW_AT_abstract_origin
	.byte	0                               @ End Of Children Mark
	.byte	34                              @ Abbrev [34] 0x896:0x17 DW_TAG_inlined_subroutine
	.long	1854                            @ DW_AT_abstract_origin
	.long	.Ltmp73                         @ DW_AT_low_pc
	.long	.Ltmp74-.Ltmp73                 @ DW_AT_high_pc
	.byte	1                               @ DW_AT_call_file
	.byte	212                             @ DW_AT_call_line
	.byte	5                               @ DW_AT_call_column
	.byte	35                              @ Abbrev [35] 0x8a6:0x6 DW_TAG_formal_parameter
	.byte	1                               @ DW_AT_const_value
	.long	1863                            @ DW_AT_abstract_origin
	.byte	0                               @ End Of Children Mark
	.byte	28                              @ Abbrev [28] 0x8ad:0x10 DW_TAG_inlined_subroutine
	.long	1888                            @ DW_AT_abstract_origin
	.long	.Ltmp74                         @ DW_AT_low_pc
	.long	.Ltmp75-.Ltmp74                 @ DW_AT_high_pc
	.byte	1                               @ DW_AT_call_file
	.byte	213                             @ DW_AT_call_line
	.byte	12                              @ DW_AT_call_column
	.byte	28                              @ Abbrev [28] 0x8bd:0x10 DW_TAG_inlined_subroutine
	.long	1615                            @ DW_AT_abstract_origin
	.long	.Ltmp76                         @ DW_AT_low_pc
	.long	.Ltmp77-.Ltmp76                 @ DW_AT_high_pc
	.byte	1                               @ DW_AT_call_file
	.byte	216                             @ DW_AT_call_line
	.byte	5                               @ DW_AT_call_column
	.byte	0                               @ End Of Children Mark
	.byte	20                              @ Abbrev [20] 0x8ce:0x72 DW_TAG_subprogram
	.long	.Lfunc_begin6                   @ DW_AT_low_pc
	.long	.Lfunc_end6-.Lfunc_begin6       @ DW_AT_high_pc
	.byte	1                               @ DW_AT_frame_base
	.byte	93
                                        @ DW_AT_GNU_all_call_sites
	.long	.Linfo_string134                @ DW_AT_name
	.byte	1                               @ DW_AT_decl_file
	.byte	219                             @ DW_AT_decl_line
                                        @ DW_AT_prototyped
	.long	2368                            @ DW_AT_type
                                        @ DW_AT_external
	.byte	26                              @ Abbrev [26] 0x8e3:0xf DW_TAG_formal_parameter
	.long	.Ldebug_loc7                    @ DW_AT_location
	.long	.Linfo_string146                @ DW_AT_name
	.byte	1                               @ DW_AT_decl_file
	.byte	219                             @ DW_AT_decl_line
	.long	2430                            @ DW_AT_type
	.byte	26                              @ Abbrev [26] 0x8f2:0xf DW_TAG_formal_parameter
	.long	.Ldebug_loc8                    @ DW_AT_location
	.long	.Linfo_string147                @ DW_AT_name
	.byte	1                               @ DW_AT_decl_file
	.byte	219                             @ DW_AT_decl_line
	.long	2435                            @ DW_AT_type
	.byte	21                              @ Abbrev [21] 0x901:0xe DW_TAG_variable
	.byte	2                               @ DW_AT_location
	.byte	145
	.byte	0
	.long	.Linfo_string139                @ DW_AT_name
	.byte	1                               @ DW_AT_decl_file
	.byte	243                             @ DW_AT_decl_line
	.long	2418                            @ DW_AT_type
	.byte	37                              @ Abbrev [37] 0x90f:0x10 DW_TAG_variable
	.long	.Ldebug_loc9                    @ DW_AT_location
	.long	.Linfo_string148                @ DW_AT_name
	.byte	1                               @ DW_AT_decl_file
	.short	263                             @ DW_AT_decl_line
	.long	1477                            @ DW_AT_type
	.byte	37                              @ Abbrev [37] 0x91f:0x10 DW_TAG_variable
	.long	.Ldebug_loc10                   @ DW_AT_location
	.long	.Linfo_string149                @ DW_AT_name
	.byte	1                               @ DW_AT_decl_file
	.short	269                             @ DW_AT_decl_line
	.long	1477                            @ DW_AT_type
	.byte	37                              @ Abbrev [37] 0x92f:0x10 DW_TAG_variable
	.long	.Ldebug_loc11                   @ DW_AT_location
	.long	.Linfo_string150                @ DW_AT_name
	.byte	1                               @ DW_AT_decl_file
	.short	280                             @ DW_AT_decl_line
	.long	1495                            @ DW_AT_type
	.byte	0                               @ End Of Children Mark
	.byte	5                               @ Abbrev [5] 0x940:0x7 DW_TAG_base_type
	.long	.Linfo_string128                @ DW_AT_name
	.byte	2                               @ DW_AT_encoding
	.byte	1                               @ DW_AT_byte_size
	.byte	3                               @ Abbrev [3] 0x947:0xc DW_TAG_array_type
	.long	2387                            @ DW_AT_type
	.byte	4                               @ Abbrev [4] 0x94c:0x6 DW_TAG_subrange_type
	.long	70                              @ DW_AT_type
	.byte	3                               @ DW_AT_count
	.byte	0                               @ End Of Children Mark
	.byte	15                              @ Abbrev [15] 0x953:0xb DW_TAG_typedef
	.long	1436                            @ DW_AT_type
	.long	.Linfo_string136                @ DW_AT_name
	.byte	3                               @ DW_AT_decl_file
	.byte	62                              @ DW_AT_decl_line
	.byte	18                              @ Abbrev [18] 0x95e:0x5 DW_TAG_volatile_type
	.long	1477                            @ DW_AT_type
	.byte	14                              @ Abbrev [14] 0x963:0x5 DW_TAG_pointer_type
	.long	2408                            @ DW_AT_type
	.byte	13                              @ Abbrev [13] 0x968:0x5 DW_TAG_const_type
	.long	2387                            @ DW_AT_type
	.byte	14                              @ Abbrev [14] 0x96d:0x5 DW_TAG_pointer_type
	.long	2387                            @ DW_AT_type
	.byte	3                               @ Abbrev [3] 0x972:0xc DW_TAG_array_type
	.long	2387                            @ DW_AT_type
	.byte	4                               @ Abbrev [4] 0x977:0x6 DW_TAG_subrange_type
	.long	70                              @ DW_AT_type
	.byte	6                               @ DW_AT_count
	.byte	0                               @ End Of Children Mark
	.byte	14                              @ Abbrev [14] 0x97e:0x5 DW_TAG_pointer_type
	.long	1506                            @ DW_AT_type
	.byte	14                              @ Abbrev [14] 0x983:0x5 DW_TAG_pointer_type
	.long	1367                            @ DW_AT_type
	.byte	0                               @ End Of Children Mark
.Ldebug_info_end0:
	.section	.debug_str,"MS",%progbits,1
.Linfo_string0:
	.asciz	"Component: Arm Compiler for Embedded 6.23 Tool: armclang [5f103000]" @ string offset=0
.Linfo_string1:
	.asciz	"../src\\user_aht20.c"          @ string offset=68
.Linfo_string2:
	.asciz	"C:\\Users\\teodor\\Desktop\\stem\\codeless\\6.0.24.1464\\projects\\target_apps\\ble_examples\\empty_peripheral_template\\Keil_5" @ string offset=88
.Linfo_string3:
	.asciz	"char"                          @ string offset=205
.Linfo_string4:
	.asciz	"__ARRAY_SIZE_TYPE__"           @ string offset=210
.Linfo_string5:
	.asciz	"s_last_abort"                  @ string offset=230
.Linfo_string6:
	.asciz	"unsigned short"                @ string offset=243
.Linfo_string7:
	.asciz	"I2C_ABORT_NONE"                @ string offset=258
.Linfo_string8:
	.asciz	"I2C_ABORT_7B_ADDR_NO_ACK"      @ string offset=273
.Linfo_string9:
	.asciz	"I2C_ABORT_10B_ADDR1_NO_ACK"    @ string offset=298
.Linfo_string10:
	.asciz	"I2C_ABORT_10B_ADDR2_NO_ACK"    @ string offset=325
.Linfo_string11:
	.asciz	"I2C_ABORT_TX_DATA_NO_ACK"      @ string offset=352
.Linfo_string12:
	.asciz	"I2C_ABORT_GENERAL_CALL_NO_ACK" @ string offset=377
.Linfo_string13:
	.asciz	"I2C_ABORT_GENERAL_CALL_READ"   @ string offset=407
.Linfo_string14:
	.asciz	"I2C_ABORT_HS_ACKDET"           @ string offset=435
.Linfo_string15:
	.asciz	"I2C_ABORT_SBYTE_ACKDET"        @ string offset=455
.Linfo_string16:
	.asciz	"I2C_ABORT_HS_NORSTRT"          @ string offset=478
.Linfo_string17:
	.asciz	"I2C_ABORT_10B_READ_NO_RESTART" @ string offset=499
.Linfo_string18:
	.asciz	"I2C_ABORT_MASTER_DISABLED"     @ string offset=529
.Linfo_string19:
	.asciz	"I2C_ABORT_ARBITRATION_LOST"    @ string offset=555
.Linfo_string20:
	.asciz	"I2C_ABORT_SLAVE_FLUSH_TX_FIFO" @ string offset=582
.Linfo_string21:
	.asciz	"I2C_ABORT_SLAVE_ARBITRATION_LOST" @ string offset=612
.Linfo_string22:
	.asciz	"I2C_ABORT_SLAVE_IN_TX"         @ string offset=645
.Linfo_string23:
	.asciz	"I2C_ABORT_SW_ERROR"            @ string offset=667
.Linfo_string24:
	.asciz	"i2c_abort_t"                   @ string offset=686
.Linfo_string25:
	.asciz	"i2c"                           @ string offset=698
.Linfo_string26:
	.asciz	"I2C_CON_REGF"                  @ string offset=702
.Linfo_string27:
	.asciz	"uint16_t"                      @ string offset=715
.Linfo_string28:
	.asciz	"RESERVED"                      @ string offset=724
.Linfo_string29:
	.asciz	"I2C_TAR_REGF"                  @ string offset=733
.Linfo_string30:
	.asciz	"RESERVED1"                     @ string offset=746
.Linfo_string31:
	.asciz	"I2C_SAR_REGF"                  @ string offset=756
.Linfo_string32:
	.asciz	"RESERVED2"                     @ string offset=769
.Linfo_string33:
	.asciz	"I2C_DATA_CMD_REGF"             @ string offset=779
.Linfo_string34:
	.asciz	"RESERVED3"                     @ string offset=797
.Linfo_string35:
	.asciz	"I2C_SS_SCL_HCNT_REGF"          @ string offset=807
.Linfo_string36:
	.asciz	"RESERVED4"                     @ string offset=828
.Linfo_string37:
	.asciz	"I2C_SS_SCL_LCNT_REGF"          @ string offset=838
.Linfo_string38:
	.asciz	"RESERVED5"                     @ string offset=859
.Linfo_string39:
	.asciz	"I2C_FS_SCL_HCNT_REGF"          @ string offset=869
.Linfo_string40:
	.asciz	"RESERVED6"                     @ string offset=890
.Linfo_string41:
	.asciz	"I2C_FS_SCL_LCNT_REGF"          @ string offset=900
.Linfo_string42:
	.asciz	"RESERVED7"                     @ string offset=921
.Linfo_string43:
	.asciz	"I2C_INTR_STAT_REGF"            @ string offset=931
.Linfo_string44:
	.asciz	"RESERVED8"                     @ string offset=950
.Linfo_string45:
	.asciz	"I2C_INTR_MASK_REGF"            @ string offset=960
.Linfo_string46:
	.asciz	"RESERVED9"                     @ string offset=979
.Linfo_string47:
	.asciz	"I2C_RAW_INTR_STAT_REGF"        @ string offset=989
.Linfo_string48:
	.asciz	"RESERVED10"                    @ string offset=1012
.Linfo_string49:
	.asciz	"I2C_RX_TL_REGF"                @ string offset=1023
.Linfo_string50:
	.asciz	"RESERVED11"                    @ string offset=1038
.Linfo_string51:
	.asciz	"I2C_TX_TL_REGF"                @ string offset=1049
.Linfo_string52:
	.asciz	"RESERVED12"                    @ string offset=1064
.Linfo_string53:
	.asciz	"I2C_CLR_INTR_REGF"             @ string offset=1075
.Linfo_string54:
	.asciz	"RESERVED13"                    @ string offset=1093
.Linfo_string55:
	.asciz	"I2C_CLR_RX_UNDER_REGF"         @ string offset=1104
.Linfo_string56:
	.asciz	"RESERVED14"                    @ string offset=1126
.Linfo_string57:
	.asciz	"I2C_CLR_RX_OVER_REGF"          @ string offset=1137
.Linfo_string58:
	.asciz	"RESERVED15"                    @ string offset=1158
.Linfo_string59:
	.asciz	"I2C_CLR_TX_OVER_REGF"          @ string offset=1169
.Linfo_string60:
	.asciz	"RESERVED16"                    @ string offset=1190
.Linfo_string61:
	.asciz	"I2C_CLR_RD_REQ_REGF"           @ string offset=1201
.Linfo_string62:
	.asciz	"RESERVED17"                    @ string offset=1221
.Linfo_string63:
	.asciz	"I2C_CLR_TX_ABRT_REGF"          @ string offset=1232
.Linfo_string64:
	.asciz	"RESERVED18"                    @ string offset=1253
.Linfo_string65:
	.asciz	"I2C_CLR_RX_DONE_REGF"          @ string offset=1264
.Linfo_string66:
	.asciz	"RESERVED19"                    @ string offset=1285
.Linfo_string67:
	.asciz	"I2C_CLR_ACTIVITY_REGF"         @ string offset=1296
.Linfo_string68:
	.asciz	"RESERVED20"                    @ string offset=1318
.Linfo_string69:
	.asciz	"I2C_CLR_STOP_DET_REGF"         @ string offset=1329
.Linfo_string70:
	.asciz	"RESERVED21"                    @ string offset=1351
.Linfo_string71:
	.asciz	"I2C_CLR_START_DET_REGF"        @ string offset=1362
.Linfo_string72:
	.asciz	"RESERVED22"                    @ string offset=1385
.Linfo_string73:
	.asciz	"I2C_CLR_GEN_CALL_REGF"         @ string offset=1396
.Linfo_string74:
	.asciz	"RESERVED23"                    @ string offset=1418
.Linfo_string75:
	.asciz	"I2C_ENABLE_REGF"               @ string offset=1429
.Linfo_string76:
	.asciz	"RESERVED24"                    @ string offset=1445
.Linfo_string77:
	.asciz	"I2C_STATUS_REGF"               @ string offset=1456
.Linfo_string78:
	.asciz	"RESERVED25"                    @ string offset=1472
.Linfo_string79:
	.asciz	"I2C_TXFLR_REGF"                @ string offset=1483
.Linfo_string80:
	.asciz	"RESERVED26"                    @ string offset=1498
.Linfo_string81:
	.asciz	"I2C_RXFLR_REGF"                @ string offset=1509
.Linfo_string82:
	.asciz	"RESERVED27"                    @ string offset=1524
.Linfo_string83:
	.asciz	"I2C_SDA_HOLD_REGF"             @ string offset=1535
.Linfo_string84:
	.asciz	"RESERVED28"                    @ string offset=1553
.Linfo_string85:
	.asciz	"I2C_TX_ABRT_SOURCE_REGF"       @ string offset=1564
.Linfo_string86:
	.asciz	"RESERVED29"                    @ string offset=1588
.Linfo_string87:
	.asciz	"I2C_DMA_CR_REGF"               @ string offset=1599
.Linfo_string88:
	.asciz	"RESERVED30"                    @ string offset=1615
.Linfo_string89:
	.asciz	"I2C_DMA_TDLR_REGF"             @ string offset=1626
.Linfo_string90:
	.asciz	"RESERVED31"                    @ string offset=1644
.Linfo_string91:
	.asciz	"I2C_DMA_RDLR_REGF"             @ string offset=1655
.Linfo_string92:
	.asciz	"RESERVED32"                    @ string offset=1673
.Linfo_string93:
	.asciz	"I2C_SDA_SETUP_REGF"            @ string offset=1684
.Linfo_string94:
	.asciz	"RESERVED33"                    @ string offset=1703
.Linfo_string95:
	.asciz	"I2C_ACK_GENERAL_CALL_REGF"     @ string offset=1714
.Linfo_string96:
	.asciz	"RESERVED34"                    @ string offset=1740
.Linfo_string97:
	.asciz	"I2C_ENABLE_STATUS_REGF"        @ string offset=1751
.Linfo_string98:
	.asciz	"RESERVED35"                    @ string offset=1774
.Linfo_string99:
	.asciz	"I2C_IC_FS_SPKLEN_REGF"         @ string offset=1785
.Linfo_string100:
	.asciz	"RESERVED36"                    @ string offset=1807
.Linfo_string101:
	.asciz	"I2C_COMP_PARAM1_REGF"          @ string offset=1818
.Linfo_string102:
	.asciz	"I2C_COMP_PARAM2_REGF"          @ string offset=1839
.Linfo_string103:
	.asciz	"I2C_COMP_VERSION_REGF"         @ string offset=1860
.Linfo_string104:
	.asciz	"I2C_COMP2_VERSIONF"            @ string offset=1882
.Linfo_string105:
	.asciz	"I2C_COMP_TYPE_REGF"            @ string offset=1901
.Linfo_string106:
	.asciz	"I2C_COMP_TYPE2_REGF"           @ string offset=1920
.Linfo_string107:
	.asciz	"i2c_t"                         @ string offset=1940
.Linfo_string108:
	.asciz	"unsigned char"                 @ string offset=1946
.Linfo_string109:
	.asciz	"I2C_CONTROLLER_DISABLE"        @ string offset=1960
.Linfo_string110:
	.asciz	"I2C_CONTROLLER_ENABLE"         @ string offset=1983
.Linfo_string111:
	.asciz	"I2C_F_NONE"                    @ string offset=2005
.Linfo_string112:
	.asciz	"I2C_F_WAIT_FOR_STOP"           @ string offset=2016
.Linfo_string113:
	.asciz	"I2C_F_ADD_STOP"                @ string offset=2036
.Linfo_string114:
	.asciz	"int"                           @ string offset=2051
.Linfo_string115:
	.asciz	"unsigned int"                  @ string offset=2055
.Linfo_string116:
	.asciz	"uint32_t"                      @ string offset=2068
.Linfo_string117:
	.asciz	"int32_t"                       @ string offset=2077
.Linfo_string118:
	.asciz	"short"                         @ string offset=2085
.Linfo_string119:
	.asciz	"int16_t"                       @ string offset=2091
.Linfo_string120:
	.asciz	"i2c_reset_int_tx_abort"        @ string offset=2099
.Linfo_string121:
	.asciz	"i2c_set_controller_status"     @ string offset=2122
.Linfo_string122:
	.asciz	"status"                        @ string offset=2148
.Linfo_string123:
	.asciz	"i2c_controller_t"              @ string offset=2155
.Linfo_string124:
	.asciz	"i2c_get_controller_status"     @ string offset=2172
.Linfo_string125:
	.asciz	"i2c_set_target_address"        @ string offset=2198
.Linfo_string126:
	.asciz	"address"                       @ string offset=2221
.Linfo_string127:
	.asciz	"aht20_init"                    @ string offset=2229
.Linfo_string128:
	.asciz	"_Bool"                         @ string offset=2240
.Linfo_string129:
	.asciz	"aht20_i2c_write"               @ string offset=2246
.Linfo_string130:
	.asciz	"aht20_trigger_measurement"     @ string offset=2262
.Linfo_string131:
	.asciz	"aht20_is_busy"                 @ string offset=2288
.Linfo_string132:
	.asciz	"aht20_i2c_read"                @ string offset=2302
.Linfo_string133:
	.asciz	"i2c_scan_bus"                  @ string offset=2317
.Linfo_string134:
	.asciz	"aht20_read"                    @ string offset=2330
.Linfo_string135:
	.asciz	"init_cmd"                      @ string offset=2341
.Linfo_string136:
	.asciz	"uint8_t"                       @ string offset=2350
.Linfo_string137:
	.asciz	"i"                             @ string offset=2358
.Linfo_string138:
	.asciz	"abrt_code"                     @ string offset=2360
.Linfo_string139:
	.asciz	"data"                          @ string offset=2370
.Linfo_string140:
	.asciz	"len"                           @ string offset=2375
.Linfo_string141:
	.asciz	"cmd"                           @ string offset=2379
.Linfo_string142:
	.asciz	"dummy"                         @ string offset=2383
.Linfo_string143:
	.asciz	"abrt"                          @ string offset=2389
.Linfo_string144:
	.asciz	"addr"                          @ string offset=2394
.Linfo_string145:
	.asciz	"found"                         @ string offset=2399
.Linfo_string146:
	.asciz	"temp_x10"                      @ string offset=2405
.Linfo_string147:
	.asciz	"hum_x10"                       @ string offset=2414
.Linfo_string148:
	.asciz	"raw_hum"                       @ string offset=2422
.Linfo_string149:
	.asciz	"raw_temp"                      @ string offset=2430
.Linfo_string150:
	.asciz	"t"                             @ string offset=2439
	.ident	"Component: Arm Compiler for Embedded 6.23 Tool: armclang [5f103000]"
	.section	".note.GNU-stack","",%progbits
	.eabi_attribute	30, 4	@ Tag_ABI_optimization_goals
	.ARM_attribute	16, 1	@ Tag_AV_eba
	.section	.debug_line,"",%progbits
.Lline_table_start0:
